t,q_ref_rad,q_meas_rad,qd_ref_rad_s,qd_meas_rad_s,e_rad,e_dot_rad_s,e_int,psi,psi_dot,kappa_delta,nussbaum_n,zeta,zeta_dot,u_cmd,u_aux,u_robust,u_fric,tail_activation,max_control_eff,current_from_u_raw,goal_current_raw,slew_boost,max_current_slew_eff_raw_s,present_current_raw,psi_hat_norm
0.000002,2.4451653759,2.4436313951,0.0000018281,0.0000000000,0.0015339808,0.0000018281,0.0000127832,0.0030609188,0.3673102507,-0.0000000000,0.4965219569,0.8860000077,0.0000009276,-0.0001504488,-0.0000000018,-0.0000000000,0.0000000127,0.0000000000,0.0946843488,-0.0315942479,-0.343,1.000000,47.9410743608,0,0.0000010418
0.008423,2.4452431716,2.4436313951,0.0092337815,0.0000000000,0.0016117765,0.0092337815,0.0000262146,0.0124606185,1.1279639660,0.0000015983,0.4965219608,0.8860001358,0.0000153717,-0.0005482502,-0.0000093005,-0.0000000000,0.0000642698,0.0000000000,0.0946843488,-0.1151325392,-0.259,1.000000,47.9410743608,0,0.0000183322
0.016754,2.4454730554,2.4451653759,0.0183474746,0.0000000000,0.0003076795,0.0183474746,0.0000287786,0.0189869032,0.7831541728,0.0000281333,0.4965220265,0.8860004333,0.0000356999,-0.0008058900,-0.0000184801,-0.0000000000,0.0001276894,0.0000000000,0.0946843488,-0.1692369039,-0.205,1.000000,47.9410743608,0,0.0000582070
0.025104,2.4458557449,2.4436313951,0.0274436830,0.0000000000,0.0022243498,0.0274436830,0.0000473149,0.0319078964,1.5505191808,0.0000897447,0.4965221791,0.8860012740,0.0001008846,-0.0013789179,-0.0000276421,-0.0000000000,0.0001909588,0.0000000000,0.0946843488,-0.2895727529,-0.085,1.000000,47.9410743608,0,0.0001712366
0.033432,2.4463888498,2.4436313951,0.0364607398,0.0000000000,0.0027574547,0.0364607398,0.0000702937,0.0420063578,1.2118153695,0.0002646828,0.4965226102,0.8860027337,0.0001751559,-0.0018167382,-0.0000367243,-0.0000000000,0.0002536358,0.0000000000,0.0946843488,-0.3815150316,0.007,1.000000,47.9410743608,0,0.0003663740
0.041771,2.4470732959,2.4451653759,0.0454131988,0.0000000000,0.0019079200,0.0454131988,0.0000861930,0.0492873185,0.8737152838,0.0005665323,0.4965233587,0.8860047493,0.0002418710,-0.0021208135,-0.0000457415,-0.0000000000,0.0003158090,0.0000000000,0.0946843488,-0.4453708382,0.071,1.000000,47.9410743608,0,0.0006327920
0.050094,2.4479059498,2.4451653759,0.0542557764,0.0000000000,0.0027405739,0.0542557764,0.0001090311,0.0598060662,1.2622497185,0.0009809610,0.4965243923,0.8860077293,0.0003576085,-0.0025917992,-0.0000546480,-0.0000000000,0.0003771525,0.0000000000,0.0946843488,-0.5442778328,0.170,1.000000,47.9410743608,0,0.0010244045
0.058435,2.4488889956,2.4436313951,0.0630046598,0.0000000000,0.0052576005,0.0630046598,0.0001528445,0.0735969665,1.6549080407,0.0015953829,0.4965259204,0.8860122700,0.0005448762,-0.0032382689,-0.0000634601,-0.0000000000,0.0004377682,0.0000000000,0.0946843488,-0.6800364664,0.306,1.000000,47.9410743608,0,0.0016190899
0.066745,2.4500150125,2.4436313951,0.0715910026,0.0000000000,0.0063836174,0.0715910026,0.0002060413,0.0844720336,1.3050080454,0.0025277773,0.4965282488,0.8860183071,0.0007244539,-0.0037611836,-0.0000721086,-0.0000000000,0.0004971707,0.0000000000,0.0946843488,-0.7898485578,0.416,1.000000,47.9410743608,0,0.0023996891
0.075083,2.4512903846,2.4436313951,0.0800578030,0.0000000000,0.0076589895,0.0800578030,0.0002698662,0.0955346574,1.3275148567,0.0037556897,0.4965313444,0.8860261224,0.0009378379,-0.0043186638,-0.0000806366,-0.0000000000,0.0005556502,0.0000000000,0.0946843488,-0.9069193897,0.533,1.000000,47.9410743608,0,0.0033948057
0.083422,2.4527100382,2.4451653759,0.0883590912,0.0000000000,0.0075446623,0.0883590912,0.0003327384,0.1036708870,0.9763475512,0.0053149951,0.4965353518,0.8860354652,0.0011211413,-0.0047568624,-0.0000889979,-0.0000000000,0.0006128834,0.0000000000,0.0946843488,-0.9989411105,0.625,1.000000,47.9410743608,0,0.0045568968
0.091784,2.4542760755,2.4451653759,0.0964965182,0.0000000000,0.0091106996,0.0964965182,0.0004086609,0.1149933273,1.3586928404,0.0071516013,0.4965401422,0.8860471627,0.0014036920,-0.0053922516,-0.0000971941,-0.0000000000,0.0006688778,0.0000000000,0.0946843488,-1.1323728355,0.758,1.000000,47.9410743608,0,0.0059835256
0.100086,2.4559704083,2.4451653759,0.1043757696,0.0000000000,0.0108050324,0.1043757696,0.0004987028,0.1263263094,1.3599578533,0.0094127191,0.4965461397,0.8860615801,0.0017300866,-0.0060774039,-0.0001051303,-0.0000000000,0.0007229835,0.0000000000,0.0946843488,-1.2762548177,0.902,1.000000,47.9410743608,0,0.0077008555
0.108420,2.4578083553,2.4451653759,0.1120657572,0.0000000000,0.0126429794,0.1120657572,0.0006040610,0.1377703481,1.3732846446,0.0121424797,0.4965535314,0.8860791597,0.0021095586,-0.0068276214,-0.0001128759,-0.0000000000,0.0007756749,0.0000000000,0.0946843488,-1.4338004836,1.060,1.000000,47.9410743608,0,0.0097380477
0.116760,2.4597824682,2.4466993567,0.1195235883,0.0000000000,0.0130831115,0.1195235883,0.0007130869,0.1462097864,1.0127325876,0.0153584631,0.4965625438,0.8860995320,0.0024446754,-0.0074760282,-0.0001203877,-0.0000000000,0.0008266597,0.0000000000,0.0946843488,-1.5699659142,1.196,1.000000,47.9410743608,0,0.0120140380
0.125193,2.4619132328,2.4466993567,0.1268066912,0.0000000000,0.0152138761,0.1268066912,0.0008398692,0.1578496013,1.3967777896,0.0189911194,0.4965729871,0.8861240314,0.0029399253,-0.0083722651,-0.0001277234,-0.0000000000,0.0008763328,0.0000000000,0.0946843488,-1.7581756810,1.384,1.000000,47.9410743608,0,0.0146614724
0.133428,2.4641217915,2.4466993567,0.1336522449,0.0000000000,0.0174224348,0.1336522449,0.0009850562,0.1692245141,1.3649895402,0.0232263540,0.4965855450,0.8861531996,0.0035001883,-0.0093483139,-0.0001346185,-0.0000000000,0.0009229102,0.0000000000,0.0946843488,-1.9631459213,1.589,1.000000,47.9410743608,0,0.0176961049
0.141760,2.4664816182,2.4466993567,0.1402935667,0.0025044485,0.0197688131,0.1377891182,0.0011497963,0.1781837365,1.0751066928,0.0280797225,0.4966004945,0.8861868222,0.0040347105,-0.0102768036,-0.0001387853,-0.0000000000,0.0009679895,0.0000000000,0.0946843488,-2.1581287544,1.784,1.000000,47.9410743608,1,0.0210407902
0.150087,2.4689629318,2.4482333375,0.1466295798,0.0047473438,0.0207041020,0.1418822360,0.0013223304,0.1843044652,0.7344874448,0.0333750154,0.4966177248,0.8862242933,0.0044965325,-0.0111052427,-0.0001429080,-0.0000000000,0.0010108921,0.0000000000,0.0946843488,-2.3321009657,1.958,1.000000,47.9410743608,2,0.0245801007
0.158505,2.4715920068,2.4482333375,0.1527110603,0.0067560013,0.0233223909,0.1459550591,0.0015166837,0.1937688519,1.1357263985,0.0390542005,0.4966369248,0.8862674886,0.0051834338,-0.0122333662,-0.0001470102,-0.0000000000,0.0010519715,0.0000000000,0.0946843488,-2.5690068976,2.195,1.000000,47.9410743608,1,0.0284758292
0.166761,2.4742855873,2.4497673183,0.1583463136,0.0110593322,0.0244588826,0.1472869814,0.0017205077,0.1975588272,0.4547970333,0.0452051128,0.4966590543,0.8863143907,0.0056282520,-0.0130593701,-0.0001483518,-0.0000000000,0.0010899462,0.0000000000,0.0946843488,-2.7424677293,2.368,1.000000,47.9410743608,1,0.0324692631
0.175098,2.4771167983,2.4513012990,0.1636898286,0.0149132427,0.0257354180,0.1487765858,0.0019349695,0.2017951008,0.5083528350,0.0515037212,0.4966830787,0.8863654632,0.0061287016,-0.0139588472,-0.0001498522,-0.0000000000,0.0011258717,0.0000000000,0.0946843488,-2.9313579048,2.557,1.000000,47.9410743608,2,0.0365827278
0.183421,2.4800512129,2.4513012990,0.1686630467,0.0183646683,0.0286512991,0.1502983783,0.0021737304,0.2093432631,0.9057794770,0.0580995911,0.4967092344,0.8864228368,0.0068848270,-0.0151778139,-0.0001513850,-0.0000000000,0.0011592327,0.0092606665,0.0946843488,-3.1873409143,2.813,1.000000,47.9410743608,2,0.0409865575
0.191755,2.4830930638,2.4543692606,0.1732664481,0.0239600912,0.0285951421,0.1493063569,0.0024120232,0.2084746822,-0.1042297086,0.0648849625,0.4967386108,0.8864821928,0.0071227179,-0.0157827891,-0.0001503858,-0.0000000000,0.0011900468,0.0088524720,0.0946843488,-3.3143857026,2.940,1.000000,47.9410743608,1,0.0452536695
0.200110,2.4862427440,2.4559032414,0.1774904390,0.0314756020,0.0301704846,0.1460148369,0.0026634439,0.2085597057,0.0102028142,0.0715215463,0.4967689954,0.8865440028,0.0074172014,-0.0164522561,-0.0001470704,-0.0000000000,0.0012182638,0.0235629736,0.0946843488,-3.4549737883,3.081,1.000000,47.9410743608,2,0.0494402757
0.208418,2.4894690181,2.4589712030,0.1812884932,0.0407106755,0.0302792066,0.1405778177,0.0029157706,0.2035874148,-0.5966749032,0.0778205123,0.4968006289,0.8866050763,0.0073288275,-0.0166439699,-0.0001415941,-0.0000000000,0.0012435877,0.0248204199,0.0946843488,-3.4952336753,3.121,1.000000,47.9410743608,2,0.0532972969
0.216763,2.4928004357,2.4605051838,0.1846879454,0.0514857283,0.0320187835,0.1332022171,0.0031825938,0.1999297146,-0.4389240266,0.0836840515,0.4968318780,0.8866659282,0.0073022270,-0.0168866225,-0.0001341652,-0.0000000000,0.0012662147,0.0489280764,0.0946843488,-3.5461907282,3.172,1.000000,47.9410743608,4,0.0569052268
0.225087,2.4962091255,2.4635731453,0.1876515115,0.0636399320,0.0322942460,0.1240115795,0.0034517126,0.1915515097,-1.0053845829,0.0889133184,0.4968630063,0.8867233858,0.0068949119,-0.0166053847,-0.0001249081,-0.0000000000,0.0012859097,0.0534056583,0.0946843488,-3.4871307867,3.113,1.000000,47.9410743608,4,0.0600540097
0.233504,2.4997375793,2.4666411069,0.1902021074,0.0770292542,0.0326828401,0.1131728532,0.0037240696,0.1817530887,-1.1758105247,0.0933388590,0.4968923916,0.8867763338,0.0063537575,-0.0160744586,-0.0001139910,-0.0000000000,0.0013028370,0.0600141278,0.0946843488,-3.3756363012,3.001,1.000000,47.9410743608,3,0.0627114333
0.241761,2.5032742601,2.4697090685,0.1922576762,0.0915247049,0.0330737215,0.1007329713,0.0039996839,0.1703612666,-1.3670186460,0.0969116052,0.4969194647,0.8868237166,0.0056859349,-0.0152753940,-0.0001014612,-0.0000000000,0.0013164632,0.0669984774,0.0946843488,-3.2078327332,2.834,1.000000,47.9410743608,2,0.0648495681
0.250093,2.5069131605,2.4727770301,0.1938728192,0.1095152135,0.0335480549,0.0843576057,0.0042792510,0.1552035939,-1.8189207311,0.0995403752,0.4969436876,0.8868635705,0.0047824714,-0.0139922026,-0.0000849675,-0.0000000000,0.0013271599,0.0759154789,0.0946843488,-2.9383625423,2.564,1.000000,47.9410743608,2,0.0663770970
0.258426,2.5106179057,2.4773789724,0.1950169827,0.1281313234,0.0325508928,0.0668856593,0.0045505085,0.1360187566,-2.3021804692,0.1009436671,0.4969640581,0.8868943970,0.0036991782,-0.0121846361,-0.0000673692,-0.0000000000,0.0013347320,0.0577323388,0.0946843488,-2.5587735843,2.185,1.000000,47.9410743608,3,0.0672350817
0.266756,2.5143811450,2.4789129532,0.1956802235,0.1448032513,0.0346906262,0.0508769722,0.0048395970,0.1245446357,-1.3768945136,0.1017480259,0.4969798123,0.8869203460,0.0031138762,-0.0110915028,-0.0000512448,-0.0000000000,0.0013391193,0.0992929013,0.0946843488,-2.3292155835,1.955,1.000000,47.9410743608,1,0.0677389495
0.275093,2.5182022078,2.4835148956,0.1958540576,0.1622384871,0.0338161227,0.0336155706,0.0051213980,0.1058243397,-2.2464355117,0.1015305705,0.4969930723,0.8869390601,0.0022456999,-0.0092091766,-0.0000338586,-0.0000000000,0.0013402690,0.0811635657,0.0946843488,-1.9339270946,1.560,1.000000,47.9410743608,2,0.0677477916
0.283429,2.5220713026,2.4865828572,0.1955294124,0.1803573144,0.0345199614,0.0151720979,0.0054090644,0.0890623437,-2.0114395209,0.1007318417,0.4970026345,0.8869522626,0.0015842932,-0.0075043137,-0.0000152818,-0.0000000000,0.0013381219,0.0956363835,0.0946843488,-1.5759058802,1.202,1.000000,47.9410743608,1,0.0673937682
0.291760,2.5259812544,2.4896508187,0.1946992125,0.1990883421,0.0352613696,-0.0043891296,0.0057029091,0.0712632983,-2.1358854477,0.0993491397,0.4970093800,0.8869606568,0.0010073077,-0.0056921103,0.0000044209,0.0000000000,0.0013326294,0.1119237520,0.0946843488,-1.1953431551,0.821,1.000000,47.9410743608,1,0.0667330575
0.300089,2.5299276066,2.4927187803,0.1933565886,0.2158631862,0.0360496825,-0.0225065976,0.0060033232,0.0550076427,-1.9506786796,0.0975553094,0.4970136686,0.8869656130,0.0005947451,-0.0040470369,0.0000226693,0.0000000000,0.0013237420,0.1303493797,0.0946843488,-0.8498777395,0.476,1.000000,47.9410743608,1,0.0658615731
0.308429,2.5339108164,2.4942527611,0.1914919274,0.2308861416,0.0384182412,-0.0393942142,0.0063234752,0.0431396692,-1.4241568122,0.0957075653,0.4970162007,0.8869686327,0.0003623568,-0.0028557449,0.0000396790,0.0000000000,0.0013113888,0.1918784029,0.0946843488,-0.5997064244,0.225,1.000000,47.9410743608,1,0.0648807510
0.316764,2.5379167999,2.4973207227,0.1891025240,0.2443401677,0.0392840176,-0.0552376437,0.0066508420,0.0293384714,-1.6561437450,0.0935321118,0.4970177434,0.8869700137,0.0001657212,-0.0014998710,0.0000556370,0.0000000000,0.0012955421,0.2164075647,0.0946843488,-0.3149729003,-0.059,1.000000,47.9410743608,0,0.0638111115
0.325099,2.5419420386,2.4973207227,0.1861820633,0.2538846678,0.0432580042,-0.0677026045,0.0070113254,0.0251213021,-0.5060603076,0.0917566227,0.4970184490,0.8869710169,0.0001203827,-0.0010824296,0.0000681921,0.0000000000,0.0012761477,0.3396622592,0.0946843488,-0.2273102170,-0.147,1.000000,47.9410743608,0,0.0627363660
0.333421,2.5459744244,2.4973207227,0.1827314030,0.2599279350,0.0472579388,-0.0771965320,0.0074051415,0.0239595669,-0.1394082284,0.0900690159,0.4970189615,0.8869719213,0.0001085371,-0.0009614016,0.0000777546,0.0000000000,0.0012531964,0.4746179670,0.0946843488,-0.2018943437,-0.172,1.000000,47.9410743608,0,0.0616747801
0.341763,2.5500236205,2.4957867419,0.1787322053,0.2603311737,0.0528389503,-0.0815989684,0.0078454661,0.0310752009,0.8538760833,0.0887550175,0.4970194235,0.8869734322,0.0001813090,-0.0016187721,0.0000821889,0.0000000000,0.0012265485,0.6637355591,0.0946843488,-0.3399421334,-0.034,1.000000,47.9410743608,0,0.0606732652
0.350094,2.5540680632,2.4957867419,0.1741953681,0.2556834029,0.0569083507,-0.0814880348,0.0083197023,0.0397355838,1.0392459476,0.0874630600,0.4970201954,0.8869758857,0.0002944096,-0.0024214888,0.0000820771,0.0000000000,0.0011962569,0.7893248298,0.0946843488,-0.5085126537,0.134,1.000000,47.9410743608,0,0.0597540656
0.358427,2.5581078675,2.4957867419,0.1691119043,0.2465121272,0.0609974029,-0.0774002229,0.0088280140,0.0524454737,1.5251867881,0.0863998816,0.4970214488,0.8869801352,0.0005099475,-0.0036007921,0.0000779598,0.0000000000,0.0011622401,0.8940317072,0.0946843488,-0.7561663423,0.382,1.000000,47.9410743608,0,0.0589749038
0.366756,2.5621338343,2.4957867419,0.1634835833,0.2332897609,0.0650943714,-0.0698061776,0.0093704671,0.0687109837,1.9518611911,0.0856268146,0.4970236197,0.8869873991,0.0008716600,-0.0051126787,0.0000703108,0.0000000000,0.0011244866,0.9674424626,0.0946843488,-1.0736625254,0.699,1.000000,47.9410743608,0,0.0584187898
0.375095,2.5661464118,2.4957867419,0.1572988529,0.2164393815,0.0691974321,-0.0591405286,0.0099471124,0.0880939118,2.3259513784,0.0852456947,0.4970273305,0.8869993144,0.0014298456,-0.0069247857,0.0000595681,0.0000000000,0.0010828943,0.9994082023,0.0946843488,-1.4542049962,1.080,1.000000,47.9410743608,0,0.0581974062
0.383429,2.5701318524,2.4957867419,0.1505677884,0.1988443308,0.0732773548,-0.0482765424,0.0105577570,0.1076627499,2.3482605747,0.0853391976,0.4970334173,0.8870171205,0.0021367250,-0.0087782253,0.0000486256,0.0000000000,0.0010375054,1.0000000000,0.0946843488,-1.8434273110,1.469,1.000000,47.9410743608,0,0.0583922105
0.391761,2.5740853030,2.4957867419,0.1432884335,0.1780779304,0.0773423169,-0.0347894969,0.0112022763,0.1298583378,2.6634705485,0.0860959228,0.4970425126,0.8870431314,0.0031213073,-0.0109237152,0.0000350410,0.0000000000,0.0009882814,1.0000000000,0.0946843488,-2.2939801825,1.869,1.000000,47.9410743608,1,0.0591551767
0.400190,2.5780469090,2.4957867419,0.1353648895,0.1594802787,0.0814037887,-0.0241153892,0.0118806412,0.1492674297,2.3290910210,0.0876083787,0.4970557980,0.8870777795,0.0041577775,-0.0128864318,0.0000242897,0.0000000000,0.0009345456,1.0000000000,0.0946843488,-2.7061506773,2.268,1.000000,47.9410743608,2,0.0604955596
0.408427,2.5818743039,2.4957867419,0.1270811573,0.1428248814,0.0853206199,-0.0157437241,0.0125916464,0.1661190075,2.0221893346,0.0899130898,0.4970734928,0.8871212225,0.0052131558,-0.0147051277,0.0000158575,0.0000000000,0.0008782024,1.0000000000,0.0946843488,-3.0880768208,2.668,1.000000,47.9410743608,2,0.0623945379
0.416765,2.5856985668,2.4957867419,0.1181522409,0.1279088984,0.0892249788,-0.0097566574,0.0133351879,0.1805932991,1.7369149941,0.0929934060,0.4970956757,0.8871734030,0.0062616614,-0.0164085398,0.0000098272,0.0000000000,0.0008172935,1.0000000000,0.0946843488,-3.4457933551,3.067,1.000000,47.9410743608,3,0.0648113655
0.425087,2.5894585317,2.4957867419,0.1086985350,0.1145506729,0.0930566748,-0.0058521379,0.0141106602,0.1928722206,1.4734705809,0.0967994174,0.4971223153,0.8872341003,0.0072836783,-0.0180149488,0.0000058944,0.0000000000,0.0007526174,1.0000000000,0.0946843488,-3.7831392387,3.409,1.000000,47.9410743608,4,0.0676901495
0.433516,2.5932024214,2.4973207227,0.0985744787,0.1025875200,0.0953308235,-0.0040130413,0.0149050837,0.2000111171,0.8566675771,0.1010516150,0.4971532962,0.8873007916,0.0080029542,-0.0192051696,0.0000040421,0.0000000000,0.0006831579,1.0000000000,0.0946843488,-4.0330856255,3.659,1.000000,47.9410743608,4,0.0708198445
0.441761,2.5967951577,2.4973207227,0.0881421392,0.0918737445,0.0989810907,-0.0037316053,0.0157299261,0.2083553188,1.0013042052,0.1058318658,0.4971873280,0.8873748928,0.0088921484,-0.0206037181,0.0000037586,0.0000000000,0.0006113890,1.0000000000,0.0946843488,-4.3267807936,3.953,1.000000,47.9410743608,4,0.0742680614
0.450094,2.6003507415,2.4973207227,0.0770695215,0.0822788671,0.1025881972,-0.0052093457,0.0165848278,0.2148842668,0.7834737639,0.1110430360,0.4972251307,0.8874557161,0.0096987893,-0.0219019594,0.0000052470,0.0000000000,0.0005350219,1.0000000000,0.0946843488,-4.5994114700,4.225,1.000000,47.9410743608,4,0.0779573465
0.458429,2.6038244309,2.4973207227,0.0654691980,0.0736860353,0.1061080284,-0.0082168373,0.0174690614,0.2197390577,0.5825749055,0.1165684976,0.4972663502,0.8875424559,0.0104087795,-0.0230918154,0.0000082762,0.0000000000,0.0004548279,1.0000000000,0.0946843488,-4.8492812336,4.475,1.000000,47.9410743608,3,0.0818103561
0.466761,2.6072081175,2.4988547035,0.0533534252,0.0684950483,0.1079856088,-0.0151416232,0.0183689414,0.2174304723,-0.2770302480,0.1219712418,0.4973105726,0.8876295112,0.0104466387,-0.0235075777,0.0000152511,0.0000000000,0.0003708960,1.0000000000,0.0946843488,-4.9365913167,4.562,1.000000,47.9410743608,2,0.0854697600
0.475089,2.6104952977,2.4988547035,0.0407307882,0.0638461846,0.1112977525,-0.0231153963,0.0192964227,0.2169491584,-0.0577576659,0.1272577011,0.4973549409,0.8877182550,0.0106492570,-0.0241067918,0.0000232825,0.0000000000,0.0002832982,1.0000000000,0.0946843488,-5.0624262720,4.688,1.000000,47.9410743608,5,0.0890343157
0.483425,2.6136839269,2.5003886843,0.0275921494,0.0621872756,0.1129613090,-0.0345951262,0.0202377669,0.2097014633,-0.8697234112,0.1319960102,0.4974001542,0.8878029049,0.0101579811,-0.0238673272,0.0000348452,0.0000000000,0.0001919912,1.0000000000,0.0946843488,-5.0121387203,4.638,1.000000,47.9410743608,5,0.0921801576
0.491760,2.6167645733,2.5019226650,0.0139581088,0.0607016155,0.1145159523,-0.0467435067,0.0211920665,0.2015815906,-0.9743847285,0.1360328103,0.4974432671,0.8878824931,0.0095505906,-0.0234237811,0.0000470814,0.0000000000,0.0000971477,1.0000000000,0.0946843488,-4.9189940278,4.545,1.000000,47.9410743608,3,0.0948899052
0.500098,2.6197326499,2.5034566458,-0.0001695791,0.0618755596,0.1159437442,-0.0620451387,0.0221582644,0.1900682718,-1.3815982524,0.1392445632,0.4974837891,0.8879542166,0.0086068107,-0.0224661120,0.0000624937,0.0000000000,-0.0000011804,1.0000000000,0.0946843488,-4.7178835141,4.344,1.000000,47.9410743608,4,0.0970458929
0.508414,2.6225734426,2.5034566458,-0.0147364226,0.0629269022,0.1187788914,-0.0776633249,0.0231480885,0.1810567029,-1.0813882633,0.1418503749,0.4975202960,0.8880200119,0.0078954437,-0.0217199924,0.0000782248,0.0000000000,-0.0001025637,1.0000000000,0.0946843488,-4.5611984135,4.187,1.000000,47.9410743608,4,0.0987930224
0.516764,2.6252998699,2.5049906266,-0.0298312036,0.0663728960,0.1199528336,-0.0962040996,0.0241476954,0.1658330389,-1.8268396911,0.1433988799,0.4975537765,0.8880755629,0.0066661139,-0.0201111981,0.0000968996,0.0000000000,-0.0002075589,1.0000000000,0.0946843488,-4.2233516013,3.849,1.000000,47.9410743608,5,0.0999276746
0.525095,2.6278888677,2.5065246074,-0.0453510727,0.0694590057,0.1209912788,-0.1148100785,0.0251559561,0.1502836066,-1.8659318682,0.1439976751,0.4975820373,0.8881212974,0.0054881420,-0.0183707207,0.0001156401,0.0000000000,-0.0003153778,1.0000000000,0.0946843488,-3.8578513412,3.484,1.000000,47.9410743608,5,0.1005063708
0.533421,2.6303390456,2.5080585882,-0.0613053565,0.0747272647,0.1218791863,-0.1360326212,0.0261716160,0.1318259386,-2.2149201579,0.1436214612,0.4976052995,0.8881564332,0.0042162947,-0.0162042947,0.0001370161,0.0000000000,-0.0004260014,1.0000000000,0.0946843488,-3.4029018784,3.084,1.000000,47.9410743608,2,0.1005142629
0.541841,2.6326719177,2.5095925690,-0.0778807014,0.0819497792,0.1226392941,-0.1598304806,0.0271936101,0.1105453897,-2.5536658774,0.1422577187,0.4976231680,0.8881810018,0.0029482376,-0.0136512112,0.0001609860,0.0000000000,-0.0005406228,1.0000000000,0.0946843488,-2.8667543490,2.685,1.000000,47.9410743608,1,0.0999742813
0.550095,2.6348116532,2.5111265498,-0.0945459722,0.0884180069,0.1232103157,-0.1829639792,0.0282203627,0.0895583683,-2.5184425579,0.1401136148,0.4976356611,0.8881969840,0.0019178589,-0.0111278607,0.0001842867,0.0000000000,-0.0006554663,1.0000000000,0.0946843488,-2.3368507519,2.285,1.000000,47.9410743608,3,0.0990039959
0.558430,2.6368192733,2.5126605306,-0.1117810986,0.0942107223,0.1236528493,-0.2059918210,0.0292508032,0.0684254630,-2.5359486428,0.1373522317,0.4976437873,0.8882062057,0.0011066115,-0.0086143951,0.0002074810,0.0000000000,-0.0007737266,1.0000000000,0.0946843488,-1.8090229697,1.886,1.000000,47.9410743608,2,0.0977062178
0.566754,2.6386653453,2.5126605306,-0.1293866131,0.1019029213,0.1254576157,-0.2312895344,0.0302962833,0.0477429102,-2.4819063390,0.1342892349,0.4976484759,0.8882106370,0.0005317561,-0.0062037005,0.0002329616,0.0000000000,-0.0008938997,1.0000000000,0.0946843488,-1.3027771075,1.486,1.000000,47.9410743608,2,0.0961872753
0.575174,2.6403659971,2.5141945113,-0.1475813274,0.1087917819,0.1255872948,-0.2563731093,0.0313428441,0.0239488383,-2.8552886249,0.1306437698,0.4976507289,0.8882117346,0.0001317115,-0.0034960315,0.0002582265,0.0000000000,-0.0010173276,1.0000000000,0.0946843488,-0.7341666102,1.087,1.000000,47.9410743608,1,0.0945244393
0.583427,2.6418649324,2.5157284921,-0.1657739655,0.1149612011,0.1255191207,-0.2807351667,0.0323888367,0.0004827872,-2.8159261330,0.1268470238,0.4976512869,0.8882117351,0.0000000526,-0.0009113585,0.0002827647,0.0000000000,-0.0011398613,1.0000000000,0.0946843488,-0.1913852841,0.687,1.000000,47.9410743608,1,0.0928347432
0.591759,2.6432048505,2.5157284921,-0.1844876905,0.1179818657,0.1268428185,-0.3024695561,0.0334458602,-0.0175804616,-2.1675898584,0.1234457091,0.4976512871,0.8882123080,0.0000687519,0.0009859375,0.0003046562,0.0000000000,-0.0012648828,1.0000000000,0.0946843488,0.2070468674,0.288,1.000000,47.9410743608,1,0.0912050943
0.600087,2.6443654222,2.5172624729,-0.2035265046,0.1206870657,0.1264548830,-0.3242135703,0.0344996509,-0.0390558263,-2.5770437646,0.1198662640,0.4976515784,0.8882150901,0.0003338493,0.0031895778,0.0003265575,0.0000000000,-0.0013909067,1.0000000000,0.0946843488,0.6698113429,-0.112,1.000000,47.9410743608,0,0.0897203885
0.608509,2.6453524384,2.5157284921,-0.2230983729,0.1206052983,0.1289763190,-0.3437036713,0.0355744536,-0.0524785473,-1.6107265121,0.1171451832,0.4976529929,0.8882200506,0.0005952634,0.0044719390,0.0003461885,0.0000000000,-0.0015191199,1.0000000000,0.0946843488,0.9391072002,-0.511,1.000000,47.9410743608,0,0.0883778484
0.616766,2.6461336102,2.5157284921,-0.2425818475,0.1180276219,0.1297713325,-0.3606094694,0.0366558814,-0.0667391079,-1.7112672714,0.1144966775,0.4976555148,0.8882279751,0.0009509374,0.0058088010,0.0003632165,0.0000000000,-0.0016452988,1.0000000000,0.0946843488,1.2198482149,-0.911,1.000000,47.9410743608,0,0.0872173432
0.625098,2.6467305082,2.5157284921,-0.2625231408,0.1132146977,0.1303940749,-0.3757378386,0.0377424986,-0.0795592527,-1.5384173753,0.1121922993,0.4976595435,0.8882391149,0.0013367786,0.0069674476,0.0003784542,0.0000000000,-0.0017728323,1.0000000000,0.0946843488,1.4631640004,-1.310,1.000000,47.9410743608,0,0.0862499504
0.633427,2.6471308698,2.5141945113,-0.2827183708,0.1063999650,0.1323650111,-0.3891183358,0.0388455404,-0.0879378175,-1.0054277776,0.1104897279,0.4976652066,0.8882526149,0.0016199966,0.0076597296,0.0003919314,0.0000000000,-0.0019002249,1.0000000000,0.0946843488,1.6085432106,-1.710,1.000000,47.9410743608,0,0.0854280696
0.641756,2.6473310416,2.5141945113,-0.3031572884,0.0977924836,0.1326114035,-0.4009497720,0.0399506354,-0.0981902406,-1.2302907704,0.1088103630,0.4976720692,0.8882693113,0.0020035669,0.0085315779,0.0004038484,0.0000000000,-0.0020272440,1.0000000000,0.0946843488,1.7916313614,-2.110,1.000000,47.9410743608,-1,0.0847934200
0.650094,2.6473271499,2.5126605306,-0.3238404010,0.0875794800,0.1341963345,-0.4114198809,0.0410689382,-0.1044099753,-0.7463681621,0.1076920009,0.4976805562,0.8882880883,0.0022532411,0.0090009670,0.0004143942,0.0000000000,-0.0021537253,1.0000000000,0.0946843488,1.8902030785,-2.264,1.000000,47.9410743608,-2,0.0842838830
0.658427,2.6471154851,2.5111265498,-0.3447171425,0.0784330762,0.1355677648,-0.4231502186,0.0421986696,-0.1123026818,-0.9471247861,0.1066563138,0.4976901001,0.8883097026,0.0025937153,0.0096415380,0.0004262094,0.0000000000,-0.0022792003,1.0000000000,0.0946843488,2.0247229753,-2.399,1.000000,47.9410743608,-1,0.0839371391
0.666760,2.6466927226,2.5080585882,-0.3657777347,0.0652329842,0.1382838459,-0.4310107190,0.0433510350,-0.1136327563,-0.1596089416,0.1062791088,0.4977010853,0.8883317913,0.0026506466,0.0096402542,0.0004341267,0.0000000000,-0.0024034625,1.0000000000,0.0946843488,2.0244533825,-2.399,1.000000,47.9410743608,-1,0.0836249259
0.675092,2.6460557911,2.5049906266,-0.3869985354,0.0509070015,0.1407918037,-0.4379055369,0.0445243000,-0.1143898733,-0.0908540348,0.1059873928,0.4977123106,0.8883541435,0.0026822689,0.0095854355,0.0004410713,0.0000000000,-0.0025262339,1.0000000000,0.0946843488,2.0129414546,-2.387,1.000000,47.9410743608,-1,0.0833353620
0.683428,2.6452011494,2.5034566458,-0.4083731098,0.0330682624,0.1415669334,-0.4414413722,0.0457040245,-0.1152230350,-0.0999794025,0.1056612715,0.4977236689,0.8883767865,0.0027171542,0.0095344504,0.0004446327,0.0000000000,-0.0026473490,1.0000000000,0.0946843488,2.0022345930,-2.376,1.000000,47.9410743608,-2,0.0830690706
0.691760,2.6441268759,2.4988547035,-0.4298583345,0.0120836233,0.1452072857,-0.4419419578,0.0469140852,-0.1073007016,0.9506799990,0.1059984239,0.4977351739,0.8883964551,0.0023602372,0.0086271066,0.0004451369,0.0000000000,-0.0027664495,1.0000000000,0.0946843488,1.8116923864,-2.186,1.000000,47.9410743608,-1,0.0826518557
0.700097,2.6428291709,2.4927187803,-0.4514562131,-0.0142228208,0.1501867644,-0.4372333923,0.0481656415,-0.0914687955,1.8998287354,0.1066442562,0.4977451668,0.8884107929,0.0017205310,0.0069195497,0.0004403943,0.0000000000,-0.0028834473,1.0000000000,0.0946843488,1.4531054475,-1.827,1.000000,47.9410743608,-1,0.0819588959
0.708426,2.6413077671,2.4896508187,-0.4731115774,-0.0427908362,0.1518867270,-0.4303207411,0.0494313643,-0.0799319541,1.3844209673,0.1065492964,0.4977524507,0.8884217369,0.0013132786,0.0056135211,0.0004334317,0.0000000000,-0.0029979619,1.0000000000,0.0946843488,1.1788394377,-1.553,1.000000,47.9410743608,-2,0.0810974133
0.716762,2.6395578052,2.4835148956,-0.4948409177,-0.0733842347,0.1564369688,-0.4214566830,0.0507350057,-0.0607456613,2.3023551433,0.1067686047,0.4977580103,0.8884280643,0.0007592934,0.0035362403,0.0004245036,0.0000000000,-0.0031100144,1.0000000000,0.0946843488,0.7426104589,-1.154,1.000000,47.9410743608,-1,0.0800007509
0.725096,2.6375792303,2.4789129532,-0.5165960024,-0.1082959429,0.1592478054,-0.4083000595,0.0520620707,-0.0406981652,2.4056995246,0.1066207267,0.4977612246,0.8884309025,0.0003405780,0.0013574054,0.0004112518,0.0000000000,-0.0032193047,1.0000000000,0.0946843488,0.2850551263,-0.754,1.000000,47.9410743608,-1,0.0787310702
0.733428,2.6353705047,2.4712430493,-0.5383543202,-0.1445705277,0.1649037713,-0.3937837925,0.0534362688,-0.0135941233,3.2524850327,0.1066971344,0.4977626663,0.8884312193,0.0000380129,-0.0015371803,0.0003966306,0.0000000000,-0.0033256908,1.0000000000,0.0946843488,-0.3228078603,-0.355,1.000000,47.9410743608,-1,0.0773418725
0.741861,2.6328981886,2.4666411069,-0.5603658513,-0.1820656563,0.1672347392,-0.3783001949,0.0548298916,0.0078929569,2.5784496249,0.1061360950,0.4977628272,0.8884313257,0.0000127797,-0.0038552362,0.0003810351,0.0000000000,-0.0034303283,1.0000000000,0.0946843488,-0.8095995946,0.045,1.000000,47.9410743608,-1,0.0759655216
0.750094,2.6302541293,2.4620391646,-0.5818157778,-0.2206538608,0.1693998334,-0.3611619171,0.0562415569,0.0307230831,2.7396151392,0.1056039845,0.4977628813,0.8884329351,0.0001931273,-0.0062945968,0.0003637729,0.0000000000,-0.0035293998,1.0000000000,0.0946843488,-1.3218653239,0.444,1.000000,47.9410743608,-1,0.0747029142
0.758429,2.6273437272,2.4589712030,-0.6034739256,-0.2577165366,0.1697564124,-0.3457573889,0.0576561937,0.0482306782,2.1009114115,0.1048708248,0.4977636988,0.8884368872,0.0004742440,-0.0081727011,0.0003482570,0.0000000000,-0.0036265333,1.0000000000,0.0946843488,-1.7162672405,0.844,1.000000,47.9410743608,-2,0.0736048284
0.766755,2.6242017335,2.4559032414,-0.6250220380,-0.2909085546,0.1698606150,-0.3341134833,0.0590716988,0.0614772876,1.5895931245,0.1041535955,0.4977657063,0.8884432856,0.0007678103,-0.0096005221,0.0003365289,0.0000000000,-0.0037202899,1.0000000000,0.0946843488,-2.0161096422,1.243,1.000000,47.9410743608,1,0.0726777015
0.775170,2.6207868096,2.4574372222,-0.6466910770,-0.3156252517,0.1650444342,-0.3310658253,0.0604470691,0.0563161931,-0.6193313370,0.1026566036,0.4977689564,0.8884486152,0.0006395567,-0.0091311570,0.0003334592,0.0000000000,-0.0038116871,1.0000000000,0.0946843488,-1.9175429726,1.543,1.000000,47.9410743608,0,0.0717040470
0.783426,2.6172018242,2.4559032414,-0.6678222735,-0.3352562005,0.1630988441,-0.3325660731,0.0618062261,0.0522921987,-0.4828793243,0.1013030033,0.4977716636,0.8884531796,0.0005477234,-0.0087768805,0.0003349703,0.0000000000,-0.0038980489,1.0000000000,0.0946843488,-1.8431449113,1.469,1.000000,47.9410743608,2,0.0707029984
0.791760,2.6133483204,2.4574372222,-0.6889936970,-0.3453236364,0.1577654197,-0.3436700607,0.0631209380,0.0318924005,-2.4479757835,0.0990883498,0.4977739820,0.8884548586,0.0002014807,-0.0067803992,0.0003461546,0.0000000000,-0.0039818602,1.0000000000,0.0946843488,-1.4238838293,1.069,1.000000,47.9410743608,0,0.0695426966
0.800095,2.6092579025,2.4574372222,-0.7099879468,-0.3468263293,0.1536830709,-0.3631616175,0.0644016302,0.0055561244,-3.1603531368,0.0964911734,0.4977748348,0.8884549089,0.0000060349,-0.0042371985,0.0003657871,0.0000000000,-0.0040623159,1.0000000000,0.0946843488,-0.8898116860,0.670,1.000000,47.9410743608,0,0.0683026639
0.808422,2.6049361483,2.4574372222,-0.7307558532,-0.3381542937,0.1493147495,-0.3926015595,0.0656459198,-0.0313323734,-4.4266197339,0.0933472194,0.4977748603,0.8884564825,0.0001888307,-0.0007439591,0.0003954398,0.0000000000,-0.0041393362,1.0000000000,0.0946843488,-0.1562314167,0.270,1.000000,47.9410743608,0,0.0671791822
0.816764,2.6003709906,2.4589712030,-0.7513323565,-0.3228745806,0.1431335619,-0.4284577759,0.0668386995,-0.0782882892,-5.6347098974,0.0898756134,0.4977756596,0.8884661294,0.0011576293,0.0035788756,0.0004315553,0.0000000000,-0.0042131633,1.0000000000,0.0946843488,0.7515638747,-0.129,1.000000,47.9410743608,0,0.0665741879
0.825097,2.5955771861,2.4589712030,-0.7716292806,-0.2991728173,0.1382124835,-0.4724564633,0.0679904702,-0.1309245359,-6.3163496035,0.0869075951,0.4977805594,0.8884926851,0.0031866856,0.0083081813,0.0004758721,0.0000000000,-0.0042836027,1.0000000000,0.0946843488,1.7447180670,-0.529,1.000000,47.9410743608,0,0.0670106661
0.833427,2.5905516617,2.4589712030,-0.7916427504,-0.2729374617,0.1330460803,-0.5187052887,0.0690991875,-0.1863405885,-6.6499263049,0.0851508135,0.4977940464,0.8885459704,0.0063942346,0.0132533658,0.0005224552,0.0000000000,-0.0043507781,1.0000000000,0.0946843488,2.7832068143,-0.928,1.000000,47.9410743608,0,0.0690215790
0.841759,2.5852937256,2.4605051838,-0.8113567215,-0.2469375591,0.1261145490,-0.5644191623,0.0701501421,-0.2447841906,-7.0132322571,0.0851373630,0.4978211045,0.8886379152,0.0110333819,0.0185924722,0.0005684996,0.0000000000,-0.0044147737,1.0000000000,0.0946843488,3.9044191614,-1.328,1.000000,47.9410743608,0,0.0731667056
0.850094,2.5798036446,2.4589712030,-0.8307508945,-0.2211485200,0.1220199665,-0.6096023745,0.0711669751,-0.2970965963,-6.2774886863,0.0880374122,0.4978677805,0.8887754912,0.0165091167,0.0238039507,0.0006140095,0.0000000000,-0.0044756644,1.0000000000,0.0946843488,4.9988296568,-1.727,1.000000,47.9410743608,0,0.0795934972
0.858426,2.5740877828,2.4589712030,-0.8497851185,-0.1980527712,0.1161800851,-0.6517323473,0.0721351425,-0.3498699133,-6.3327980332,0.0933851135,0.4979375898,0.8889717384,0.0235496609,0.0296390345,0.0006564440,0.0000000000,-0.0045334706,1.0000000000,0.0946843488,6.2241972536,-2.127,1.000000,47.9410743608,-2,0.0886359642
0.866758,2.5681461972,2.4574372222,-0.8684427805,-0.1773690377,0.1116614126,-0.6910737428,0.0730656543,-0.3972678620,-5.6877538497,0.1018414836,0.4980371047,0.8892358813,0.0316971553,0.0358450961,0.0006960698,0.0000000000,-0.0045882919,1.0000000000,0.0946843488,7.5274701816,-2.526,1.000000,47.9410743608,-1,0.1002678958
0.875089,2.5619826493,2.4574372222,-0.8866958416,-0.1588454195,0.1053983964,-0.7278504221,0.0739439743,-0.4456168250,-5.8018755649,0.1126904024,0.4981709274,0.8895861837,0.0420362851,0.0430867766,0.0007331124,0.0000000000,-0.0046401967,1.0000000000,0.0946843488,9.0482230864,-2.926,1.000000,47.9410743608,-3,0.1147418841
0.883427,2.5555922866,2.4559032414,-0.9045413254,-0.1422563240,0.1004529343,-0.7622850014,0.0747810820,-0.4890476628,-5.2117005257,0.1265788872,0.4983481857,0.8900357768,0.0539511648,0.0510556579,0.0007677959,0.0000000000,-0.0046893255,1.0000000000,0.0946843488,10.7216881606,-3.325,1.000000,47.9410743608,-3,0.1319171822
0.891824,2.5489360594,2.4543692606,-0.9220596645,-0.1299041670,0.0952643591,-0.7921554975,0.0755749517,-0.5284398747,-4.7270654312,0.1431622284,0.4985753263,0.8905993058,0.0676234878,0.0598636263,0.0007978823,0.0000000000,-0.0047360320,1.0000000000,0.0946843488,12.5713615189,-3.725,1.000000,47.9410743608,-3,0.1516360622
0.900619,2.5417307025,2.4513012990,-0.9398933908,-0.1213464618,0.0910810106,-0.8185469289,0.0763339601,-0.5623910169,-4.0741370631,0.1625150890,0.4988594562,0.8912885804,0.0827129484,0.0694115241,0.0008244646,0.0000000000,-0.0047820648,1.0000000000,0.0946843488,14.5764200698,-4.124,1.000000,47.9410743608,-4,0.1736107507
0.908429,2.5351356178,2.4497673183,-0.9552651042,-0.1161869331,0.0859922010,-0.8390781711,0.0770505618,-0.5923220306,-3.5917216430,0.1839503366,0.4992061184,0.8921158456,0.0992718206,0.0796904074,0.0008451442,0.0000000000,-0.0048205431,1.0000000000,0.0946843488,16.7349855540,-4.524,1.000000,47.9410743608,-4,0.1975693463
0.916766,2.5278941976,2.4451653759,-0.9711708720,-0.1165751392,0.0833548077,-0.8545957328,0.0777451852,-0.6123925225,-2.4084590316,0.2085522993,0.4996209167,0.8930770096,0.1153396785,0.0901015263,0.0008607740,0.0000000000,-0.0048592143,1.0000000000,0.0946843488,18.9213205300,-4.923,1.000000,47.9410743608,-3,0.2228462725
0.925100,2.5204507261,2.4405634335,-0.9865304395,-0.1219316999,0.0805420424,-0.8645987396,0.0777451852,-0.6279816814,-1.8706990640,0.2350987613,0.5001011151,0.8930770096,0.0000000000,0.0946843488,0.0008708493,0.0000000000,-0.0048954766,1.0000000000,0.0946843488,19.8837132445,-5.323,1.000000,47.9410743608,-4,0.2228462725
0.933432,2.5128104965,2.4359614912,-1.0013196507,-0.1317377427,0.0775564116,-0.8695819080,0.0777451852,-0.6388943123,-1.3095157142,0.2351181972,0.5001011151,0.8930770096,0.0000000000,0.0946843488,0.0008758685,0.0000000000,-0.0049294100,1.0000000000,0.0946843488,19.8837132445,-5.722,1.000000,47.9410743608,-4,0.2228462725
0.941775,2.5049640587,2.4313595488,-1.0155414321,-0.1455285839,0.0743859704,-0.8700128481,0.0777451852,-0.6456217489,-0.8072923877,0.2358695817,0.5001011151,0.8930770096,0.0000000000,0.0946843488,0.0008763025,0.0000000000,-0.0049611517,1.0000000000,0.0946843488,19.8837132445,-6.122,1.000000,47.9410743608,-5,0.2228462725
0.950080,2.4969634317,2.4267576064,-1.0290923508,-0.1628880693,0.0710805029,-0.8662042815,0.0777451852,-0.6483778407,-0.3307310238,0.2373179213,0.5001011151,0.8930770096,0.0000000000,0.0946843488,0.0008724664,0.0000000000,-0.0049906009,1.0000000000,0.0946843488,19.8837132445,-6.521,1.000000,47.9410743608,-4,0.2228462725
0.958425,2.4887380803,2.4206216833,-1.0420780075,-0.1859479543,0.0691149018,-0.8561300532,0.0777451852,-0.6422072962,0.7404653461,0.2404351901,0.5001011151,0.8930770096,0.0000000000,0.0946843488,0.0008623194,0.0000000000,-0.0050181083,0.9992398962,0.0946843488,19.8837132445,-6.921,1.000000,47.9410743608,-6,0.2228462725
0.966762,2.4803397680,2.4144857601,-1.0543980625,-0.2116084665,0.0669903045,-0.8427895961,0.0777451852,-0.6330862891,1.0945208478,0.2441082622,0.5001011151,0.8930770096,0.0000000000,0.0946843488,0.0008488825,0.0000000000,-0.0050435728,0.9879851119,0.0946843488,19.8837132445,-7.320,1.000000,47.9410743608,-4,0.2228462725
0.975094,2.4717708936,2.4083498370,-1.0660380496,-0.2395980082,0.0647076518,-0.8264400414,0.0777451852,-0.6212700829,1.4179447434,0.2482965504,0.5001011151,0.8930770096,0.0000000000,0.0946843488,0.0008324147,0.0000000000,-0.0050670760,0.9621301133,0.0946843488,19.8837132445,-7.720,1.000000,47.9410743608,-5,0.2228462725
0.983418,2.4630402505,2.4022139138,-1.0769751720,-0.2721777946,0.0622878790,-0.8047973774,0.0777451852,-0.6044330875,2.0204394488,0.2533935834,0.5001011151,0.8930770096,0.0000000000,0.0946843488,0.0008106156,0.0000000000,-0.0050886769,0.9210254456,0.0946843488,19.8837132445,-8.119,1.000000,47.9410743608,-8,0.2228462725
0.991760,2.4541257894,2.3945440099,-1.0872224805,-0.3063639930,0.0612268952,-0.7808584876,0.0777451852,-0.5826013116,2.6198131122,0.2595342057,0.5001011151,0.8930770096,0.0000000000,0.0946843488,0.0007865037,0.0000000000,-0.0051084980,0.8990696960,0.0946843488,19.8837132445,-8.519,1.000000,47.9410743608,-7,0.2228462725
1.000093,2.4450629143,2.3853401252,-1.0967251160,-0.3419888368,0.0615592034,-0.7547362792,0.0777451852,-0.5558191392,3.2138606873,0.2667215634,0.5001011151,0.8930770096,0.0000000000,0.0946843488,0.0007601926,0.0000000000,-0.0051265235,0.9061859162,0.0946843488,19.8837132445,-8.918,1.000000,47.9410743608,-8,0.2228462725
1.008426,2.4358480724,2.3761362404,-1.1054757809,-0.3814065290,0.0617599116,-0.7240692519,0.0782598511,-0.5242460196,3.7887743539,0.2746922886,0.5001011151,0.8939328704,0.1027033050,0.0934942748,0.0007293039,0.0000000000,-0.0051428250,0.9103795277,0.0946843488,19.6337977134,-9.318,1.000000,47.9410743608,-8,0.2434928457
1.016758,2.4264889848,2.3669323557,-1.1134549380,-0.4217165132,0.0618211656,-0.6917384247,0.0782598511,-0.4917935420,3.8942973141,0.3094187157,0.5005271266,0.8939328704,0.0000000000,0.0946843488,0.0006967393,0.0000000000,-0.0051574441,0.9116434762,0.0946843488,19.8837132445,-9.717,1.000000,47.9410743608,-8,0.2434928457
1.025106,2.4169718398,2.3577284710,-1.1206595280,-0.4653300510,0.0617421016,-0.6553294770,0.0787743686,-0.4550342758,4.4111119401,0.3191034428,0.5005271266,0.8946542947,0.0865709068,0.0906562077,0.0006600671,0.0000000000,-0.0051704456,0.9100106259,0.0946843488,19.0378036211,-10.117,1.000000,47.9410743608,-10,0.2588613368
1.033426,2.4073545336,2.3469906055,-1.1270353374,-0.5093976857,0.0630992956,-0.6176376517,0.0793001961,-0.4141285716,4.9086845030,0.3505949927,0.5008850634,0.8952968501,0.0771066535,0.0886605083,0.0006221028,0.0000000000,-0.0051817964,0.9362575918,0.0946843488,18.6187067329,-10.516,1.000000,47.9410743608,-9,0.2711137451
1.041758,2.3975969101,2.3362527399,-1.1325992296,-0.5563764420,0.0643318045,-0.5762227875,0.0798362945,-0.3697373254,5.3269495396,0.3796120870,0.5012029751,0.8958420917,0.0654289955,0.0840568839,0.0005803886,0.0000000000,-0.0051915839,0.9566211083,0.0946843488,17.6519456200,-10.916,1.000000,47.9410743608,-11,0.2801769620
1.050215,2.3875722630,2.3239808936,-1.1373887173,-0.6059622956,0.0668452702,-0.5314264217,0.0803933384,-0.3193999442,6.0404857531,0.4064304833,0.5014720774,0.8962717764,0.0515621601,0.0762831318,0.0005352683,0.0000000000,-0.0051999221,0.9867495410,0.0946843488,16.0194576849,-11.315,1.000000,47.9410743608,-10,0.2859222790
1.058428,2.3777285423,2.3117090473,-1.1411972145,-0.6578829730,0.0695521998,-0.4833142415,0.0809729401,-0.2653402861,6.4871589678,0.4295657811,0.5016837177,0.8965818924,0.0372139209,0.0656412999,0.0004868083,0.0000000000,-0.0052064953,0.9998931109,0.0946843488,13.7846729696,-11.715,1.000000,47.9410743608,-11,0.2884976203
1.066778,2.3676162570,2.2994372010,-1.1442038601,-0.7093901873,0.0719883446,-0.4348136728,0.0815728429,-0.2114100002,6.4716343076,0.4480397464,0.5018362293,0.8967856382,0.0244494974,0.0532635038,0.0004379571,0.0000000000,-0.0052116491,1.0000000000,0.0946843488,11.1853357951,-11.560,1.000000,47.9410743608,-12,0.2883843717
1.075093,2.3574520017,2.2871653547,-1.1463158323,-0.7630315673,0.0743839795,-0.3832842650,0.0821927094,-0.1545116428,6.8278028853,0.4625166155,0.5019363217,0.8968973512,0.0134055622,0.0387192288,0.0003860552,0.0000000000,-0.0052152507,1.0000000000,0.0946843488,8.1310380436,-11.160,1.000000,47.9410743608,-11,0.2860116398
1.083429,2.3471734775,2.2733595276,-1.1475364004,-0.8160797818,0.0781961411,-0.3314566186,0.0828443439,-0.0944704999,7.2049371554,0.4735758535,0.5019911657,0.8969399350,0.0051100536,0.0222699964,0.0003338529,0.0000000000,-0.0052173252,1.0000000000,0.0946843488,4.6766992478,-10.761,1.000000,47.9410743608,-9,0.2819727388
1.091694,2.3369032338,2.2610876813,-1.1478471874,-0.8685967783,0.0804797499,-0.2792504091,0.0835150085,-0.0370677352,6.8883317642,0.4800307169,0.5020120649,0.8969465650,0.0007955980,0.0058382809,0.0002812692,0.0000000000,-0.0052178526,1.0000000000,0.0946843488,1.2260389995,-10.361,1.000000,47.9410743608,-11,0.2771021715
1.100086,2.3264034952,2.2472818543,-1.1472341323,-0.9231424834,0.0840787383,-0.2240916489,0.0842156647,0.0259294972,7.5596678899,0.4850313585,0.5020153184,0.8969498372,0.0003926670,-0.0125934392,0.0002257117,0.0000000000,-0.0052168119,1.0000000000,0.0946843488,-2.6446222376,-9.962,1.000000,47.9410743608,-9,0.2722342105
1.108411,2.3159239844,2.2350100079,-1.1456899300,-0.9770005794,0.0861602813,-0.1686893506,0.0849336670,0.0861737256,7.2293074007,0.4878434945,0.5020169241,0.8969861526,0.0043578476,-0.0304315180,0.0001699089,0.0000000000,-0.0052141849,1.0000000000,0.0946843488,-6.3906187859,-9.562,1.000000,47.9410743608,-10,0.2683347933
1.116760,2.3053589405,2.2212041809,-1.1431940303,-1.0277384286,0.0896735170,-0.1154556017,0.0856809463,0.1471216146,7.3137466803,0.4916958728,0.5020347432,0.8970926983,0.0127854760,-0.0487225242,0.0001162903,0.0000000000,-0.0052099216,1.0000000000,0.0946843488,-10.2317300784,-9.163,1.000000,47.9410743608,-8,0.2664207177
1.125086,2.2947761016,2.2089323346,-1.1397500897,-1.0756818954,0.0916199716,-0.0640681944,0.0864444461,0.2031275289,6.7207097128,0.4972740767,0.5020870070,0.8972977211,0.0246027412,-0.0659520897,0.0000645314,0.0000000000,-0.0052040036,1.0000000000,0.0946843488,-13.8499388347,-8.763,1.000000,47.9410743608,-8,0.2672571979
1.133513,2.2840273313,2.1981944690,-1.1352842972,-1.1211228123,0.0918530758,-0.0141614848,0.0872098884,0.2542519470,6.1349301711,0.5065551633,0.5021875109,0.8976239339,0.0391455398,-0.0825005911,0.0000142639,0.0000000000,-0.0051962683,1.0000000000,0.0946843488,-17.3251241246,-8.363,1.000000,47.9410743608,-9,0.2713911594
1.141760,2.2734804786,2.1859226227,-1.1299511207,-1.1643225345,0.0938100436,0.0343714138,0.0879916387,0.3074422277,6.3828336950,0.5225076061,0.5023472448,0.8976239339,0.0000000000,-0.0946843488,-0.0000346199,-0.0000000000,-0.0051869392,1.0000000000,0.0946843488,-19.8837132445,-7.964,1.000000,47.9410743608,-7,0.2713911594
1.150093,2.2628023864,2.1721167956,-1.1235860392,-1.2030106735,0.0971455264,0.0794246343,0.0888011848,0.3599179692,6.2970889742,0.5294354364,0.5023472448,0.8976239339,0.0000000000,-0.0946843488,-0.0000799988,-0.0000000000,-0.0051756736,1.0000000000,0.0946843488,-19.8837132445,-7.564,1.000000,47.9410743608,-7,0.2713911594
1.158421,2.2521213703,2.1598449493,-1.1162392083,-1.2376583987,0.0989224082,0.1214191904,0.0896255382,0.4062542654,5.5603555390,0.5348344654,0.5023472448,0.8976239339,0.0000000000,-0.0946843488,-0.0001222970,-0.0000000000,-0.0051624908,1.0000000000,0.0946843488,-19.8837132445,-7.165,1.000000,47.9410743608,-8,0.2713911594
1.166841,2.2413202366,2.1475731030,-1.1078021336,-1.2686876725,0.1005597420,0.1608855390,0.0904635360,0.4497986659,5.2253280643,0.5395393333,0.5023472448,0.8976239339,0.0000000000,-0.0946843488,-0.0001620487,-0.0000000000,-0.0051471113,1.0000000000,0.0946843488,-19.8837132445,-6.765,1.000000,47.9410743608,-5,0.2713911594
1.175096,2.2307379911,2.1353012567,-1.0985401651,-1.2939719412,0.1023851145,0.1954317760,0.0913167453,0.4888113988,4.6815279496,0.5437449362,0.5023472448,0.8976239339,0.0000000000,-0.0946843488,-0.0001968446,-0.0000000000,-0.0051299281,1.0000000000,0.0946843488,-19.8837132445,-6.366,1.000000,47.9410743608,-7,0.2713911594
1.183423,2.2200809876,2.1260973720,-1.0882006454,-1.3141111869,0.1010401395,0.2259105415,0.0921587465,0.5174492984,3.4365479521,0.5464602093,0.5023472448,0.8976239339,0.0000000000,-0.0946843488,-0.0002275437,-0.0000000000,-0.0051103691,1.0000000000,0.0946843488,-19.8837132445,-5.966,1.000000,47.9410743608,-5,0.2713911594
1.191760,2.2094381149,2.1138255257,-1.0768423162,-1.3321471811,0.1027659630,0.2553048649,0.0930151295,0.5511155428,4.0399493247,0.5500002011,0.5023472448,0.8976239339,0.0000000000,-0.0946843488,-0.0002571506,-0.0000000000,-0.0050884173,1.0000000000,0.0946843488,-19.8837132445,-5.567,1.000000,47.9410743608,-5,0.2713911594
1.200094,2.1988347082,2.1030876602,-1.0644781177,-1.3457951293,0.1029737086,0.2813170116,0.0938732438,0.5783864151,3.2725046804,0.5528299118,0.5023472448,0.8976239339,0.0000000000,-0.0946843488,-0.0002833508,-0.0000000000,-0.0050639572,1.0000000000,0.0946843488,-19.8837132445,-5.167,1.000000,47.9410743608,-6,0.2713911594
1.208423,2.1882834122,2.0938837755,-1.0511113610,-1.3530088506,0.1016650336,0.3018974896,0.0947204524,0.5972032538,2.2580206379,0.5553046174,0.5023472448,0.8976239339,0.0000000000,-0.0946843488,-0.0003040800,-0.0000000000,-0.0050368391,1.0000000000,0.0946843488,-19.8837132445,-4.768,1.000000,47.9410743608,-4,0.2713911594
1.216766,2.1777700534,2.0831459099,-1.0367093517,-1.3569647551,0.1019107828,0.3202554033,0.0955697089,0.6168866339,2.3620056157,0.5583288699,0.5023472448,0.8976239339,0.0000000000,-0.0946843488,-0.0003225707,-0.0000000000,-0.0050068197,1.0000000000,0.0946843488,-19.8837132445,-4.368,1.000000,47.9410743608,-6,0.2713911594
1.225098,2.1673348375,2.0739420252,-1.0213133014,-1.3529941772,0.1006581304,0.3316808758,0.0964085267,0.6266514540,1.1717784141,0.5614005458,0.5023472448,0.8976239339,0.0000000000,-0.0946843488,-0.0003340787,-0.0000000000,-0.0049737892,1.0000000000,0.0946843488,-19.8837132445,-3.969,1.000000,47.9410743608,-5,0.2713911594
1.233427,2.1569787155,2.0662721213,-1.0049140391,-1.3444293714,0.0979259210,0.3395153323,0.0972245760,0.6298644073,0.3855543962,0.5642916506,0.5023472448,0.8976239339,0.0000000000,-0.0946843488,-0.0003419698,-0.0000000000,-0.0049375140,1.0000000000,0.0946843488,-19.8837132445,-3.569,1.000000,47.9410743608,-3,0.2713911594
1.241861,2.1465775130,2.0586022173,-0.9872803047,-1.3317501380,0.0951265374,0.3444698334,0.0980172971,0.6300409944,0.0211904511,0.5674941624,0.5023472448,0.8976239339,0.0000000000,-0.0946843488,-0.0003469602,-0.0000000000,-0.0048972201,1.0000000000,0.0946843488,-19.8837132445,-3.170,1.000000,47.9410743608,-4,0.2713911594
1.250101,2.1365095829,2.0524662942,-0.9690584374,-1.3153861693,0.0911066591,0.3463277319,0.0987765193,0.6246640448,-0.6452339491,0.5704899929,0.5023472448,0.8976239339,0.0000000000,-0.0946843488,-0.0003488315,-0.0000000000,-0.0048541445,1.0000000000,0.0946843488,-19.8837132445,-2.770,1.000000,47.9410743608,-2,0.2713911594
1.258426,2.1264398389,2.0463303710,-0.9496511002,-1.2932178336,0.0870537985,0.3435667335,0.0995019676,0.6145693930,-1.2113582152,0.5740081828,0.5023472448,0.8976239339,0.0000000000,-0.0946843488,-0.0003460505,-0.0000000000,-0.0048066173,1.0000000000,0.0946843488,-19.8837132445,-2.371,1.000000,47.9410743608,-4,0.2713911594
1.266758,2.1164747091,2.0401944479,-0.9292291132,-1.2683557614,0.0830910873,0.3391266482,0.1001943933,0.6029421290,-1.3952716793,0.5776991053,0.5023472448,0.8976239339,0.0000000000,-0.0946843488,-0.0003415783,-0.0000000000,-0.0047547197,1.0000000000,0.0946843488,-19.8837132445,-1.971,1.000000,47.9410743608,-2,0.2713911594
1.275173,2.1065367959,2.0340585247,-0.9075992507,-1.2385768257,0.0791291901,0.3309775750,0.1008538033,0.5875749385,-1.8440628702,0.5817785752,0.5023472448,0.8976239339,0.0000000000,-0.0946843488,-0.0003333704,-0.0000000000,-0.0046975861,1.0000000000,0.0946843488,-19.8837132445,-1.572,1.000000,47.9410743608,-1,0.2713911594
1.283428,2.0969196352,2.0309905632,-0.8854034328,-1.2043945214,0.0723964387,0.3189910887,0.1014571069,0.5628120946,-2.9715412580,0.5850681340,0.5023472448,0.8976239339,0.0000000000,-0.0946843488,-0.0003212972,-0.0000000000,-0.0046365770,1.0000000000,0.0946843488,-19.8837132445,-1.172,1.000000,47.9410743608,-2,0.2713911594
1.291761,2.0873530908,2.0263886208,-0.8620221023,-1.1662687165,0.0672271083,0.3042466142,0.1020173328,0.5383537403,-2.9350025172,0.5890738686,0.5023472448,0.8976239339,0.0000000000,-0.0946843488,-0.0003064461,-0.0000000000,-0.0045696295,0.9898782368,0.0946843488,-19.8837132445,-0.773,1.000000,47.9410743608,-1,0.2713911594
1.300091,2.0779431881,2.0233206592,-0.8376811869,-1.1246112522,0.0606614747,0.2869300653,0.1025228451,0.5084963029,-3.5828924884,0.5925600558,0.5023472448,0.8976239339,0.0000000000,-0.0946843488,-0.0002890044,-0.0000000000,-0.0044969335,0.8864792855,0.0946843488,-19.8837132445,-0.373,1.000000,47.9410743608,-1,0.2713911594
1.308513,2.0685935728,2.0217866784,-0.8120934745,-1.0797909590,0.0526051638,0.2676974845,0.1029612215,0.4736961493,-4.1760184402,0.5953501465,0.5023472448,0.8976239339,0.0000000000,-0.0946843488,-0.0002696328,-0.0000000000,-0.0044171241,0.6560757105,0.0946843488,-19.8837132445,0.026,1.000000,47.9410743608,0,0.2713911594
1.316764,2.0596039937,2.0202526976,-0.7860831717,-1.0321381484,0.0448936791,0.2460549766,0.1033353355,0.4371075276,-4.3906346034,0.5979787807,0.5023472448,0.8976239339,0.0000000000,-0.0946843488,-0.0002478338,-0.0000000000,-0.0043323422,0.3940502390,0.0946843488,-19.8837132445,0.426,1.000000,47.9410743608,0,0.2713911594
1.325097,2.0507064331,2.0217866784,-0.7588817530,-0.9794441872,0.0341791813,0.2205624342,0.1036201620,0.3906168453,-5.5788818719,0.5990591944,0.5023472448,0.8976239339,0.0000000000,-0.0946843488,-0.0002221570,-0.0000000000,-0.0042396376,0.0885054864,0.0946843488,-19.8837132445,0.825,1.000000,47.9410743608,0,0.2713911594
1.333424,2.0420054191,2.0217866784,-0.7307716155,-0.9222355503,0.0251709679,0.1914639348,0.1038299200,0.3438348660,-5.6138375188,0.6004249148,0.5023472448,0.8976239339,0.0000000000,-0.0946843488,-0.0001928481,-0.0000000000,-0.0041393937,0.0000000000,0.0946843488,-19.8837132445,1.225,1.000000,47.9410743608,0,0.2713911594
1.341787,2.0334675537,2.0217866784,-0.7016187066,-0.8609837300,0.0163041921,0.1593650234,0.1039657883,0.2942605105,-5.9489226583,0.6012366983,0.5023472448,0.8976239339,0.0000000000,-0.0946843488,-0.0001605171,-0.0000000000,-0.0040305574,0.0000000000,0.0946843488,-19.8837132445,1.624,1.000000,47.9410743608,0,0.2713911594
1.350094,2.0251961171,2.0233206592,-0.6717634730,-0.7961109779,0.0061504205,0.1243475050,0.1040170418,0.2391281401,-6.6158844516,0.6005366163,0.5023472448,0.8979572763,0.0400010898,-0.0879459454,-0.0001252465,-0.0000000000,-0.0039138559,0.0000000000,0.0946843488,-18.4686485340,2.024,1.000000,47.9410743608,2,0.2757401970
1.358427,2.0171169695,2.0248546400,-0.6409287706,-0.7304998964,-0.0038150267,0.0895711258,0.1039852499,0.1845290344,-6.5518926807,0.6092266264,0.5025102429,0.8981582413,0.0241157997,-0.0694599111,-0.0000902187,-0.0000000000,-0.0037876638,0.0000000000,0.0946843488,-14.5865813255,2.423,1.000000,47.9410743608,1,0.2762794121
1.366754,2.0092716656,2.0263886208,-0.6092479563,-0.6642275932,-0.0135501809,0.0549796368,0.1038723318,0.1304921864,-6.4844217596,0.6081713365,0.5026084001,0.8982585902,0.0120418625,-0.0500328088,-0.0000553771,-0.0000000000,-0.0036519379,0.0000000000,0.0946843488,-10.5068898528,2.823,1.000000,47.9410743608,1,0.2740647297
1.375170,2.0015825819,2.0294565824,-0.5763605996,-0.5948586748,-0.0246797239,0.0184980751,0.1036666674,0.0717045571,-7.0545155115,0.5989710184,0.5026573822,0.8982884956,0.0035886484,-0.0286613222,-0.0000186318,-0.0000000000,-0.0035044749,0.0000000000,0.0946843488,-6.0188776571,3.222,1.000000,47.9410743608,2,0.2699821108
1.383428,1.9942809011,2.0340585247,-0.5432579581,-0.5277254346,-0.0369438397,-0.0155325235,0.1033588021,0.0130138542,-7.0428843501,0.5840313495,0.5026719756,0.8982894596,0.0001156785,-0.0078150615,0.0000156448,0.0000000000,-0.0033492620,0.1525432458,0.0946843488,-1.6411629145,2.823,1.000000,47.9410743608,1,0.2651825331
1.391762,1.9871661898,2.0401944479,-0.5090389017,-0.4600899401,-0.0505576637,-0.0489489615,0.1029374882,-0.0478550744,-7.3042714315,0.5659564552,0.5026724460,0.8983021498,0.0015228222,0.0128431137,0.0000493028,0.0000000000,-0.0031816703,0.5876400041,0.0946843488,2.6970538712,2.423,1.000000,47.9410743608,2,0.2607972954
1.400103,1.9803087588,2.0463303710,-0.4739891028,-0.3895001959,-0.0639300712,-0.0844889069,0.1024047376,-0.1104779392,-7.5147437782,0.5479947462,0.5026786380,0.8983679566,0.0078968135,0.0330091216,0.0000850997,0.0000000000,-0.0030025427,0.9503643110,0.0946843488,6.9319155281,2.024,1.000000,47.9410743608,2,0.2579989229
1.408510,1.9736723227,2.0540002750,-0.4378709823,-0.3187691790,-0.0786162232,-0.1191018034,0.1017496024,-0.1749035289,-7.7310707668,0.5318806878,0.5027107422,0.8985287851,0.0192994253,0.0527805276,0.0001199628,0.0000000000,-0.0028101767,1.0000000000,0.0946843488,11.0839108030,1.624,1.000000,47.9410743608,2,0.2579697284
1.416762,1.9674346133,2.0601361981,-0.4016633948,-0.2454071947,-0.0913837954,-0.1562562001,0.1009880708,-0.2381652317,-7.5914043296,0.5215304418,0.5027891658,0.8988221030,0.0351981482,0.0718543725,0.0001573858,0.0000000000,-0.0026096089,1.0000000000,0.0946843488,15.0894182266,1.225,1.000000,47.9410743608,1,0.2616913783
1.425092,1.9614258299,2.0693400829,-0.3643886279,-0.1696890093,-0.1070030557,-0.1946996187,0.1000963786,-0.3085077532,-8.4411025848,0.5155185388,0.5029320562,0.8993095034,0.0584880517,0.0931485044,0.0001961072,0.0000000000,-0.0023953398,1.0000000000,0.0946843488,19.5611859278,0.825,1.000000,47.9410743608,1,0.2706387334
1.433425,1.9557099181,2.0770099868,-0.3263800177,-0.0918606938,-0.1208067944,-0.2345193239,0.0990896554,-0.3767343621,-8.1871930685,0.5193216332,0.5031691001,0.8993095034,0.0000000000,0.0946843488,0.0002362148,0.0000000000,-0.0021691085,1.0000000000,0.0946843488,19.8837132445,0.426,1.000000,47.9410743608,1,0.2706387334
1.441755,1.9502998744,2.0862138715,-0.2876948995,-0.0121426206,-0.1358487936,-0.2755522789,0.0979575821,-0.4487570071,-8.6427173932,0.5033538985,0.5031691001,0.8993095034,0.0000000000,0.0946843488,0.0002775444,0.0000000000,-0.0019313327,1.0000000000,0.0946843488,19.8837132445,0.026,1.000000,47.9410743608,3,0.2706387334
1.450093,1.9451959106,2.0938837755,-0.2483015810,0.0692678526,-0.1490598199,-0.3175694336,0.0967154169,-0.5182360957,-8.3374906403,0.4876945438,0.5031691001,0.8993095034,0.0000000000,0.0946843488,0.0003198653,0.0000000000,-0.0016820502,1.0000000000,0.0946843488,19.8837132445,-0.373,1.000000,47.9410743608,4,0.2706387334
1.458427,1.9404140426,2.1000196986,-0.2082892497,0.1471850821,-0.1603960115,-0.3554743318,0.0953787835,-0.5799726567,-7.4083873130,0.4735443115,0.5031691001,0.8993095034,0.0000000000,0.0946843488,0.0003580442,0.0000000000,-0.0014222361,1.0000000000,0.0946843488,19.8837132445,-0.773,1.000000,47.9410743608,2,0.2706387334
1.466757,1.9359602476,2.1061556218,-0.1676784148,0.2194694379,-0.1713738828,-0.3871478528,0.0939506678,-0.6348564219,-6.5860518333,0.4604299093,0.5031691001,0.8993095034,0.0000000000,0.0946843488,0.0003899467,0.0000000000,-0.0011526335,1.0000000000,0.0946843488,19.8837132445,-1.172,1.000000,47.9410743608,2,0.2706387334
1.475174,1.9317977885,2.1138255257,-0.1260415899,0.2867091919,-0.1835673103,-0.4127507818,0.0924209402,-0.6861838845,-6.1592955067,0.4473342915,0.5031691001,0.8993095034,0.0000000000,0.0946843488,0.0004157347,0.0000000000,-0.0008711202,1.0000000000,0.0946843488,19.8837132445,-1.572,1.000000,47.9410743608,2,0.2706387334
1.483427,1.9280535389,2.1168934873,-0.0846620435,0.3469267308,-0.1907028781,-0.4315887742,0.0908317496,-0.7207601344,-4.1491499851,0.4392786147,0.5031691001,0.8993095034,0.0000000000,0.0946843488,0.0004347089,0.0000000000,-0.0005874074,1.0000000000,0.0946843488,19.8837132445,-1.971,1.000000,47.9410743608,-10,0.2706387334
1.491761,1.9246171644,2.1230294104,-0.0423406603,0.3958465259,-0.2005378657,-0.4381871862,0.0891606007,-0.7485386662,-3.3334238195,0.4317600002,0.5031691001,0.8993095034,0.0000000000,0.0946843488,0.0004413550,0.0000000000,-0.0002944778,1.0000000000,0.0946843488,19.8837132445,-2.371,1.000000,47.9410743608,-5,0.2706387334
1.500091,1.9215348766,2.1260973720,0.0004699958,0.4346484623,-0.2068964740,-0.4341784665,0.0874364634,-0.7588582265,-1.2383472323,0.4291410963,0.5031691001,0.8993095034,0.0000000000,0.0946843488,0.0004373173,0.0000000000,0.0000032714,1.0000000000,0.0946843488,19.8837132445,-2.770,1.000000,47.9410743608,-2,0.2706387334
1.508425,1.9188102568,2.1276313528,0.0437754686,0.4643892033,-0.2113147766,-0.4206137347,0.0856755069,-0.7558046330,0.3664312166,0.4300027538,0.5031691001,0.8993095034,0.0000000000,0.0946843488,0.0004236545,0.0000000000,0.0003044400,1.0000000000,0.0946843488,19.8837132445,-3.170,1.000000,47.9410743608,-2,0.2706387334
1.516750,1.9164525874,2.1306993144,0.0874857637,0.4835106106,-0.2168430858,-0.3960248469,0.0838684812,-0.7439767833,1.4193419615,0.4322767683,0.5031691001,0.8993095034,0.0000000000,0.0946843488,0.0003988879,0.0000000000,0.0006068674,1.0000000000,0.0946843488,19.8837132445,-3.569,1.000000,47.9410743608,5,0.2706387334
1.525095,1.9144603302,2.1322332952,0.1317176992,0.4931217192,-0.2204209336,-0.3614040200,0.0820316401,-0.7182727775,3.0844806957,0.4379470152,0.5031691001,0.8993095034,0.0000000000,0.0946843488,0.0003640168,0.0000000000,0.0009097588,1.0000000000,0.0946843488,19.8837132445,-3.969,1.000000,47.9410743608,-6,0.2706387334
1.533428,1.9128470077,2.1322332952,0.1762694957,0.4942157416,-0.2220401308,-0.3179462459,0.0801813057,-0.6798552494,4.6101033777,0.4465777927,0.5031691001,0.8993095034,0.0000000000,0.0946843488,0.0003202448,0.0000000000,0.0012101134,1.0000000000,0.0946843488,19.8837132445,-4.368,1.000000,47.9410743608,-4,0.2706387334
1.541759,1.9116145053,2.1322332952,0.2211713053,0.4876821637,-0.2232375491,-0.2665108584,0.0783209928,-0.6326322943,5.6667546041,0.4565629491,0.5031691001,0.8993095034,0.0000000000,0.0946843488,0.0002684376,0.0000000000,0.0015065592,1.0000000000,0.0946843488,19.8837132445,-4.768,1.000000,47.9410743608,-4,0.2706387334
1.550179,1.9107605252,2.1322332952,0.2668770204,0.4718131289,-0.2240063156,-0.2049361085,0.0764542735,-0.5744249914,6.9848763584,0.4679822349,0.5031691001,0.8993095034,0.0000000000,0.0946843488,0.0002064177,0.0000000000,0.0018004505,1.0000000000,0.0946843488,19.8837132445,-5.167,1.000000,47.9410743608,-6,0.2706387334
1.558430,1.9103100427,2.1337672759,0.3119547118,0.4525924871,-0.2258875677,-0.1406377753,0.0745718771,-0.5157189600,7.0447237585,0.4778801644,0.5031691001,0.8993095034,0.0000000000,0.0946843488,0.0001416545,0.0000000000,0.0020813001,1.0000000000,0.0946843488,19.8837132445,-5.567,1.000000,47.9410743608,-6,0.2706387334
1.566755,1.9102473808,2.1322332952,0.3576890976,0.4278658164,-0.2242834714,-0.0701767188,0.0727028481,-0.4439151223,8.6164605345,0.4900958235,0.5031691001,0.8993095034,0.0000000000,0.0946843488,0.0000706841,0.0000000000,0.0023560184,1.0000000000,0.0946843488,19.8837132445,-5.966,1.000000,47.9410743608,-6,0.2706387334
1.575088,1.9105827215,2.1322332952,0.4036887705,0.3982081416,-0.2237888747,0.0054806289,0.0708379408,-0.3691143955,8.9760872102,0.5004518038,0.5031691001,0.8993095034,0.0000000000,0.0946843488,-0.0000055203,-0.0000000000,0.0026210282,1.0000000000,0.0946843488,19.8837132445,-6.366,1.000000,47.9410743608,-5,0.2706387334
1.583509,1.9113299538,2.1322332952,0.4503678605,0.3666388827,-0.2228721215,0.0837289778,0.0689806732,-0.2908767317,9.3885196542,0.5093842159,0.5031691001,0.8997384613,0.0514749462,0.0918365089,-0.0000843343,-0.0000000000,0.0028776178,1.0000000000,0.0946843488,19.2856668720,-6.765,1.000000,47.9410743608,-6,0.2773729670
1.591761,1.9124636957,2.1306993144,0.4962611325,0.3333576771,-0.2200256852,0.1629034554,0.0671471258,-0.2078571992,9.9623439079,0.5304635898,0.5033773130,0.8999650924,0.0271957322,0.0688143087,-0.0001640812,-0.0000000000,0.0031172378,1.0000000000,0.0946843488,14.4510048239,-7.165,1.000000,47.9410743608,-7,0.2784190947
1.600095,1.9140153041,2.1291653336,0.5427327896,0.2985433126,-0.2167531495,0.2441894769,0.0653408495,-0.1218529987,10.3205040555,0.5388042523,0.5034871637,0.9000440109,0.0094702153,0.0422309869,-0.0002459548,-0.0000000000,0.0033467447,1.0000000000,0.0946843488,8.8685072399,-7.564,1.000000,47.9410743608,-6,0.2755301937
1.608428,1.9159775612,2.1291653336,0.5892744529,0.2673648026,-0.2146234699,0.3219096504,0.0635523206,-0.0416668586,9.6223368145,0.5359371934,0.5035253913,0.9000531970,0.0011023317,0.0165601289,-0.0003242369,-0.0000000000,0.0035631794,1.0000000000,0.0946843488,3.4776270617,-7.165,1.000000,47.9410743608,-6,0.2708502106
1.616760,1.9183531290,2.1276313528,0.6358605977,0.2369379862,-0.2105505352,0.3989226115,0.0617977328,0.0417048413,10.0046039851,0.5282946757,0.5035298401,0.9000622891,0.0010910497,-0.0098083979,-0.0004018066,-0.0000000000,0.0037663660,1.0000000000,0.0946843488,-2.0597635682,-6.765,1.000000,47.9410743608,-5,0.2662550174
1.625096,1.9211457825,2.1245633912,0.6824818968,0.2071843601,-0.2045301489,0.4752975367,0.0600933149,0.1283556142,10.3980927412,0.5194745731,0.5035342433,0.9001472013,0.0101894698,-0.0364952707,-0.0004787337,-0.0000000000,0.0039563696,1.0000000000,0.0946843488,-7.6640068414,-6.366,1.000000,47.9410743608,-5,0.2638316991
1.633426,1.9243535598,2.1230294104,0.7290417157,0.1780336192,-0.1996318569,0.5510080965,0.0584297161,0.2121537919,10.0557813254,0.5119751564,0.5035753565,0.9003763640,0.0274995222,-0.0616957049,-0.0005549916,-0.0000000000,0.0041330749,1.0000000000,0.0946843488,-12.9560980304,-5.966,1.000000,47.9410743608,-5,0.2654671993
1.641761,1.9279825293,2.1199614489,0.7755707613,0.1469183525,-0.1927678428,0.6286524088,0.0568233174,0.3018460482,10.7630707620,0.5114782316,0.5036862388,0.9008398749,0.0556213046,-0.0891506728,-0.0006331972,-0.0000000000,0.0042970101,1.0000000000,0.0946843488,-18.7216412866,-5.567,1.000000,47.9410743608,-5,0.2735031709
1.650089,1.9320280532,2.1168934873,0.8219595024,0.1165481747,-0.1854912753,0.7054113277,0.0568233174,0.3930562303,10.9452218476,0.5220498176,0.5039101779,0.9008398749,0.0000000000,-0.0946843488,-0.0007105111,-0.0000000000,0.0044483141,1.0000000000,0.0946843488,-19.8837132445,-5.167,1.000000,47.9410743608,-5,0.2735031709
1.658426,1.9364985857,2.1153595065,0.8682574089,0.0868452720,-0.1793272632,0.7814121369,0.0568233174,0.4812987675,10.5891044655,0.5120988416,0.5039101779,0.9008398749,0.0000000000,-0.0946843488,-0.0007870613,-0.0000000000,0.0045877560,1.0000000000,0.0946843488,-19.8837132445,-4.768,1.000000,47.9410743608,-5,0.2735031709
1.666759,1.9413889492,2.1122915449,0.9143641556,0.0577399573,-0.1712126482,0.8566241983,0.0568233174,0.5726264544,10.9593224285,0.5007988499,0.5039101779,0.9008398749,0.0000000000,-0.0946843488,-0.0008628171,-0.0000000000,0.0047156982,1.0000000000,0.0946843488,-19.8837132445,-4.368,1.000000,47.9410743608,-5,0.2735031709
1.675095,1.9467021588,2.1076896026,0.9602698920,0.0291698212,-0.1611440801,0.9311000708,0.0568233174,0.6670985030,11.3366458344,0.4881118569,0.5039101779,0.9008398749,0.0000000000,-0.0946843488,-0.0009378314,-0.0000000000,0.0048328353,1.0000000000,0.0946843488,-19.8837132445,-3.969,1.000000,47.9410743608,-3,0.2735031709
1.683423,1.9524312747,2.1046216410,1.0058826576,0.0010789720,-0.1521961601,1.0048036856,0.0568233174,0.7585726869,10.9769020657,0.4730270474,0.5039101779,0.9008398749,0.0000000000,-0.0946843488,-0.0010120678,-0.0000000000,0.0049396884,1.0000000000,0.0946843488,-19.8837132445,-3.569,1.000000,47.9410743608,-4,0.2735031709
1.691753,1.9585825483,2.1030876602,1.0512220582,-0.0265826447,-0.1443623682,1.0778047030,0.0568233174,0.8471316150,10.6270713746,0.4559465043,0.5039101779,0.9008398749,0.0000000000,-0.0946843488,-0.0010855966,-0.0000000000,0.0050370666,1.0000000000,0.0946843488,-19.8837132445,-3.170,1.000000,47.9410743608,-5,0.2735031709
1.700093,1.9651604106,2.1000196986,1.0962823930,-0.0538598562,-0.1345700710,1.1501422492,0.0568233174,0.9389166635,11.0142058212,0.4380183766,0.5039101779,0.9008398749,0.0000000000,-0.0946843488,-0.0011584571,-0.0000000000,0.0051256912,1.0000000000,0.0946843488,-19.8837132445,-2.770,1.000000,47.9410743608,-3,0.2735031709
1.708427,1.9721531154,2.0984857178,1.1409514679,-0.0782883593,-0.1259122091,1.2192398272,0.0568233174,1.0252087554,10.3550510225,0.4193443618,0.5039101779,0.9008398749,0.0000000000,-0.0946843488,-0.0012280542,-0.0000000000,0.0052060727,1.0000000000,0.0946843488,-19.8837132445,-2.371,1.000000,47.9410743608,-2,0.2735031709
1.716856,1.9796491225,2.0954177563,1.1857167707,-0.1001656604,-0.1152307634,1.2858824311,0.0568233174,1.1130647102,10.5427145818,0.4006750783,0.5039101779,0.9008398749,0.0000000000,-0.0946843488,-0.0012951786,-0.0000000000,0.0052796938,1.0000000000,0.0946843488,-19.8837132445,-1.971,1.000000,47.9410743608,-2,0.2735031709
1.725095,1.9873867808,2.0938837755,1.2290391881,-0.1197581953,-0.1058539162,1.3487973834,0.0568233174,1.1946020811,9.7844845002,0.3820674606,0.5039101779,0.9008398749,0.0000000000,-0.0946843488,-0.0013585484,-0.0000000000,0.0053448154,1.0000000000,0.0946843488,-19.8837132445,-1.572,1.000000,47.9410743608,-2,0.2735031709
1.733428,1.9956233687,2.0923497947,1.2723815805,-0.1373045747,-0.0959891268,1.4096861551,0.0568233174,1.2750823245,9.6576292146,0.3635180422,0.5039101779,0.9008398749,0.0000000000,-0.0946843488,-0.0014198774,-0.0000000000,0.0054043865,1.0000000000,0.0946843488,-19.8837132445,-1.172,1.000000,47.9410743608,-1,0.2735031709
1.741760,2.0042682602,2.0923497947,1.3151990758,-0.1505140412,-0.0872733031,1.4657131170,0.0568233174,1.3484189124,8.8003905510,0.3458892858,0.5039101779,0.9008398749,0.0000000000,-0.0946843488,-0.0014763094,-0.0000000000,0.0054581700,1.0000000000,0.0946843488,-19.8837132445,-0.773,1.000000,47.9410743608,-1,0.2735031709
1.750089,2.0133172299,2.0908158139,1.3574496708,-0.1598395224,-0.0766402765,1.5172891932,0.0568233174,1.4211121794,8.7231920297,0.3294795840,0.5039101779,0.9008398749,0.0000000000,-0.0946843488,-0.0015282583,-0.0000000000,0.0055066848,1.0000000000,0.0946843488,-19.8837132445,-0.373,1.000000,47.9410743608,-1,0.2735031709
1.758425,2.0227772971,2.0908158139,1.3991421991,-0.1656866441,-0.0671488114,1.5648288433,0.0568233174,1.4875018792,7.9667639778,0.3140297714,0.5039101779,0.9008398749,0.0000000000,-0.0946843488,-0.0015761417,-0.0000000000,0.0055504660,0.9892694366,0.0946843488,-19.8837132445,0.026,1.000000,47.9410743608,0,0.2735031709
1.766761,2.0326376882,2.0908158139,1.4402050241,-0.1684186704,-0.0572737499,1.6086236945,0.0568233174,1.5509086025,7.6088068025,0.2996276734,0.5039101779,0.9008398749,0.0000000000,-0.0946843488,-0.0016202531,-0.0000000000,0.0055899217,0.7997031853,0.0946843488,-19.8837132445,0.426,1.000000,47.9410743608,0,0.2735031709
1.775095,2.0428921312,2.0908158139,1.4805922214,-0.1658564792,-0.0470330653,1.6464487006,0.0568233174,1.6090716081,6.9795606723,0.2869246016,0.5039101779,0.9008398749,0.0000000000,-0.0946843488,-0.0016583516,-0.0000000000,0.0056254580,0.4668992186,0.0946843488,-19.8837132445,0.825,1.000000,47.9410743608,0,0.2735031709
1.783422,2.0535276481,2.0923497947,1.5202368669,-0.1610574231,-0.0379572992,1.6812942900,0.0568233174,1.6619416690,6.3444073100,0.2750771584,0.5039101779,0.9008398749,0.0000000000,-0.0946843488,-0.0016934491,-0.0000000000,0.0056574329,0.1792361125,0.0946843488,-19.8837132445,1.225,1.000000,47.9410743608,0,0.2735031709
1.791759,2.0645647068,2.0923497947,1.5591948212,-0.1517506616,-0.0269702161,1.7109454828,0.0568233174,1.7134132090,6.1765847937,0.2646956920,0.5039101779,0.9008398749,0.0000000000,-0.0946843488,-0.0017233146,-0.0000000000,0.0056862652,0.0009722315,0.0946843488,-19.8837132445,1.624,1.000000,47.9410743608,0,0.2735031709
1.800088,2.0759715808,2.0938837755,1.5973345699,-0.1409114075,-0.0171555275,1.7382459775,0.0568233174,1.7602056751,5.6150959380,0.2550019339,0.5039101779,0.9008398749,0.0000000000,-0.0946843488,-0.0017508125,-0.0000000000,0.0057121978,0.0000000000,0.0946843488,-19.8837132445,2.024,1.000000,47.9410743608,2,0.2735031709
1.808416,2.0877529258,2.0954177563,1.6346573086,-0.1261952590,-0.0069871862,1.7608525676,0.0568233174,1.8030065911,5.1361099207,0.2466027767,0.5039101779,0.9008398749,0.0000000000,-0.0946843488,-0.0017735825,-0.0000000000,0.0057355455,0.0000000000,0.0946843488,-19.8837132445,2.423,1.000000,47.9410743608,2,0.2735031709
1.816750,2.0999129914,2.0969517370,1.6711572160,-0.1130159983,0.0035681285,1.7841732142,0.0568530518,1.8473194123,5.3175385432,0.2380222545,0.5039101779,0.9008398749,0.0000000000,-0.0946843488,-0.0017970718,-0.0000000000,0.0057565836,0.0000000000,0.0946843488,-19.8837132445,2.823,1.000000,47.9410743608,1,0.2735031709
1.825098,2.1124598748,2.1000196986,1.7068342078,-0.0962042227,0.0129567743,1.8030384305,0.0569610250,1.8849369460,4.5141040374,0.2306770816,0.5039101779,0.9008398749,0.0000000000,-0.0946843488,-0.0018160734,-0.0000000000,0.0057755598,0.0000000000,0.0946843488,-19.8837132445,3.222,1.000000,47.9410743608,3,0.2735031709
1.833426,2.1253334212,2.1030876602,1.7415026827,-0.0761392958,0.0226546143,1.8176419785,0.0571498134,1.9189865589,4.0859535461,0.2244350044,0.5039101779,0.9008398749,0.0000000000,-0.0946843488,-0.0018307825,-0.0000000000,0.0057926064,0.0000000000,0.0946843488,-19.8837132445,3.622,1.000000,47.9410743608,2,0.2735031709
1.841763,2.1385722901,2.1076896026,1.7752544295,-0.0531609617,0.0311681516,1.8284153912,0.0574095480,1.9469239678,3.3524890664,0.2192214131,0.5039101779,0.9008398749,0.0000000000,-0.0946843488,-0.0018416338,-0.0000000000,0.0058079778,0.0362199380,0.0946843488,-19.8837132445,4.021,1.000000,47.9410743608,3,0.2735031709
1.850092,2.1521428446,2.1153595065,1.8079873122,-0.0275734837,0.0369314024,1.8355607959,0.0577173097,1.9658186565,2.2673626539,0.2150619547,0.5039101779,0.9008398749,0.0000000000,-0.0946843488,-0.0018488309,-0.0000000000,0.0058218127,0.1522255449,0.0946843488,-19.8837132445,4.421,1.000000,47.9410743608,2,0.2735031709
1.858513,2.1662044949,2.1214954296,1.8400423821,0.0028550998,0.0446937339,1.8371872823,0.0580897575,1.9832283851,2.0891674269,0.2121162318,0.5039101779,0.9008398749,0.0000000000,-0.0946843488,-0.0018504691,-0.0000000000,0.0058344080,0.3873248203,0.0946843488,-19.8837132445,4.820,1.000000,47.9410743608,2,0.2735031709
1.866761,2.1803032714,2.1276313528,1.8703957453,0.0376192055,0.0524699107,1.8327765398,0.0585270067,1.9946922790,1.3756672674,0.2106443263,0.5039101779,0.9008398749,0.0000000000,-0.0946843488,-0.0018460265,-0.0000000000,0.0058455238,0.6516275082,0.0946843488,-19.8837132445,5.220,1.000000,47.9410743608,4,0.2735031709
1.875093,2.1948642440,2.1353012567,1.8999758356,0.0787704998,0.0591400049,1.8212053359,0.0590198401,1.9968538399,0.2593873116,0.2108993200,0.5039101779,0.9008398749,0.0000000000,-0.0946843488,-0.0018343716,-0.0000000000,0.0058556468,0.8497688303,0.0946843488,-19.8837132445,5.619,1.000000,47.9410743608,3,0.2735031709
1.883429,2.2097433573,2.1445051415,1.9284481746,0.1256419335,0.0645635429,1.8028062411,0.0595578696,1.9897564150,-0.8516909878,0.2128146145,0.5039101779,0.9008398749,0.0000000000,-0.0946843488,-0.0018158395,-0.0000000000,0.0058647708,0.9600577184,0.0946843488,-19.8837132445,6.019,1.000000,47.9410743608,6,0.2735031709
1.891797,2.2249879166,2.1537090262,1.9558772946,0.1776361214,0.0703250186,1.7782411732,0.0601439115,1.9772115039,-1.5053893320,0.2161252741,0.5039101779,0.9008398749,0.0000000000,-0.0946843488,-0.0017910968,-0.0000000000,0.0058730205,1.0000000000,0.0946843488,-19.8837132445,6.418,1.000000,47.9410743608,5,0.2735031709
1.900177,2.2405493275,2.1644468917,1.9821478002,0.2317136175,0.0748581783,1.7504341826,0.0607677296,1.9590224837,-2.1826824250,0.2202106887,0.5039101779,0.9008398749,0.0000000000,-0.0946843488,-0.0017630888,-0.0000000000,0.0058804543,1.0000000000,0.0946843488,-19.8837132445,6.818,1.000000,47.9410743608,4,0.2735031709
1.908423,2.2561445306,2.1751847572,2.0068050696,0.2901612993,0.0794016631,1.7166437703,0.0614294101,1.9349078818,-2.8937522344,0.2257206197,0.5039101779,0.9008398749,0.0000000000,-0.0946843488,-0.0017290541,-0.0000000000,0.0058870389,1.0000000000,0.0946843488,-19.8837132445,7.217,1.000000,47.9410743608,6,0.2735031709
1.916764,2.2721935632,2.1874566035,2.0305109661,0.3525227643,0.0828439803,1.6779882018,0.0621197766,1.9037694903,-3.7366069700,0.2323705568,0.5039101779,0.9008398749,0.0000000000,-0.0946843488,-0.0016901191,-0.0000000000,0.0058930303,1.0000000000,0.0946843488,-19.8837132445,7.617,1.000000,47.9410743608,6,0.2735031709
1.925132,2.2885623082,2.1997284498,2.0530175730,0.4183892747,0.0865871885,1.6346282983,0.0628413365,1.8685550918,-4.2257278268,0.2400664712,0.5039101779,0.9008398749,0.0000000000,-0.0946843488,-0.0016464457,-0.0000000000,0.0058984268,1.0000000000,0.0946843488,-19.8837132445,8.016,1.000000,47.9410743608,8,0.2735031709
1.933438,2.3050634740,2.2089323346,2.0740643096,0.4873947795,0.0935139233,1.5866695301,0.0636206192,1.8351212298,-4.0120634327,0.2487086711,0.5039101779,0.9008398749,0.0000000000,-0.0946843488,-0.0015981403,-0.0000000000,0.0059032287,1.0000000000,0.0946843488,-19.8837132445,8.416,1.000000,47.9410743608,8,0.2735031709
1.941762,2.3218444411,2.2212041809,2.0938388698,0.5567070078,0.0976508509,1.5371318620,0.0644343763,1.7946019041,-4.8623190853,0.2577181125,0.5039101779,0.9008398749,0.0000000000,-0.0946843488,-0.0015482445,-0.0000000000,0.0059075348,1.0000000000,0.0946843488,-19.8837132445,8.815,1.000000,47.9410743608,7,0.2735031709
1.950082,2.3388527638,2.2350100079,2.1122620189,0.6262939268,0.1004796781,1.4859680921,0.0652717070,1.7498818343,-5.3664083845,0.2669933692,0.5039101779,0.9008398749,0.0000000000,-0.0946843488,-0.0014967108,-0.0000000000,0.0059113754,1.0000000000,0.0946843488,-19.8837132445,9.215,1.000000,47.9410743608,9,0.2735031709
1.958425,2.3561295283,2.2488158350,2.1293597340,0.6961268491,0.1035756261,1.4332328849,0.0661348372,1.7041462685,-5.4882678938,0.2764153447,0.5039101779,0.9008398749,0.0000000000,-0.0946843488,-0.0014435943,-0.0000000000,0.0059147979,1.0000000000,0.0946843488,-19.8837132445,9.614,1.000000,47.9410743608,8,0.2735031709
1.966758,2.3735991320,2.2656896237,2.1450405919,0.7686845317,0.1037818204,1.3763560602,0.0669996857,1.6485317286,-6.6737447903,0.2865797262,0.5039101779,0.9008398749,0.0000000000,-0.0946843488,-0.0013863063,-0.0000000000,0.0059178212,1.0000000000,0.0946843488,-19.8837132445,10.014,1.000000,47.9410743608,10,0.2735031709
1.975119,2.3913288971,2.2810294316,2.1593467390,0.8411779644,0.1057825019,1.3181687745,0.0678812065,1.5951870191,-6.4013651369,0.2966556027,0.5039101779,0.9008398749,0.0000000000,-0.0946843488,-0.0013276984,-0.0000000000,0.0059204864,1.0000000000,0.0946843488,-19.8837132445,10.413,1.000000,47.9410743608,10,0.2735031709
1.983426,2.4091319710,2.2979032203,2.1721221322,0.9136138573,0.1063228203,1.2585082749,0.0687672300,1.5374732545,-6.9256517473,0.3066063572,0.5039101779,0.9008398749,0.0000000000,-0.0946843488,-0.0012676066,-0.0000000000,0.0059227937,1.0000000000,0.0946843488,-19.8837132445,10.813,1.000000,47.9410743608,9,0.2735031709
1.991763,2.4271752162,2.3147770089,2.1834807960,0.9859982195,0.1071035867,1.1974825765,0.0696597599,1.4788782363,-7.0314021827,0.3162877955,0.5039101779,0.9008398749,0.0000000000,-0.0946843488,-0.0012061397,-0.0000000000,0.0059247893,1.0000000000,0.0946843488,-19.8837132445,11.212,1.000000,47.9410743608,10,0.2735031709
2.000087,2.4453566729,2.3331847784,2.1932453401,1.0608408812,0.1064753834,1.1324044589,0.0705470548,1.4134274231,-7.8540975888,0.3261234307,0.5039101779,0.9008398749,0.0000000000,-0.0946843488,-0.0011405911,-0.0000000000,0.0059264637,1.0000000000,0.0946843488,-19.8837132445,11.612,1.000000,47.9410743608,12,0.2735031709
2.008424,2.4636399277,2.3515925478,2.1924773426,1.1353806603,0.1059506044,1.0570966823,0.0714299765,1.3379480396,-9.0575260174,0.3373181467,0.5039101779,0.9008398749,0.0000000000,-0.0946843488,-0.0010647389,-0.0000000000,0.0059263334,1.0000000000,0.0946843488,-19.8837132445,12.011,1.000000,47.9410743608,13,0.2735031709
2.016761,2.4819103473,2.3700003173,2.1902053815,1.2121536368,0.1054009985,0.9780517447,0.0723083182,1.2586776724,-9.5124440641,0.3481202854,0.5039101779,0.9008398749,0.0000000000,-0.0946843488,-0.0009851225,-0.0000000000,0.0059259464,1.0000000000,0.0946843488,-19.8837132445,12.411,1.000000,47.9410743608,13,0.2735031709
2.025084,2.5001239802,2.3899420675,2.1864388522,1.2884221374,0.1032633340,0.8980167148,0.0731688459,1.1752457635,-10.0118290708,0.3575041144,0.5039101779,0.9008398749,0.0000000000,-0.0946843488,-0.0009045089,-0.0000000000,0.0059253005,1.0000000000,0.0946843488,-19.8837132445,12.810,1.000000,47.9410743608,11,0.2735031709
2.033431,2.5183529962,2.4098838178,2.1811601638,1.3642388471,0.1011434786,0.8169213167,0.0740117083,1.0907714361,-10.1369192866,0.3654308533,0.5039101779,0.9008398749,0.0000000000,-0.0946843488,-0.0008228272,-0.0000000000,0.0059243858,1.0000000000,0.0946843488,-19.8837132445,13.210,1.000000,47.9410743608,14,0.2735031709
2.041771,2.5365168732,2.4313595488,2.1743878877,1.4396509489,0.0974266761,0.7347369388,0.0748235972,1.0020060508,-10.6518462336,0.3714152427,0.5039101779,0.9008398749,0.0000000000,-0.0946843488,-0.0007400487,-0.0000000000,0.0059231959,1.0000000000,0.0946843488,-19.8837132445,13.609,1.000000,47.9410743608,14,0.2735031709
2.050156,2.5547153529,2.4513012990,2.1660744244,1.5147006984,0.0952804029,0.6513737260,0.0756176006,0.9151632655,-10.4211342348,0.3758908676,0.5039101779,0.9008398749,0.0000000000,-0.0946843488,-0.0006560828,-0.0000000000,0.0059217099,1.0000000000,0.0946843488,-19.8837132445,14.009,1.000000,47.9410743608,16,0.2735031709
2.058425,2.5725881648,2.4727770301,2.1564037165,1.5894259378,0.0912762236,0.5669777787,0.0763782358,0.8235650419,-10.9917868420,0.3780328454,0.5039101779,0.9008398749,0.0000000000,-0.0946843488,-0.0005710767,-0.0000000000,0.0059199452,1.0000000000,0.0946843488,-19.8837132445,14.409,1.000000,47.9410743608,14,0.2735031709
2.066757,2.5905094981,2.4942527611,2.1451878566,1.6638605576,0.0873221263,0.4813272990,0.0771059202,0.7307792574,-11.1342941340,0.3780259322,0.5039101779,0.9008398749,0.0000000000,-0.0946843488,-0.0004848070,-0.0000000000,0.0059178490,1.0000000000,0.0946843488,-19.8837132445,14.808,1.000000,47.9410743608,14,0.2735031709
2.075098,2.6083489464,2.5157284921,2.1324889202,1.7355304602,0.0833009900,0.3969584600,0.0778000951,0.6391089320,-11.0004390457,0.3756505960,0.5039101779,0.9008398749,0.0000000000,-0.0946843488,-0.0003998282,-0.0000000000,0.0059154099,1.0000000000,0.0946843488,-19.8837132445,15.208,1.000000,47.9410743608,15,0.2735031709
2.083430,2.6260597381,2.5372042232,2.1183400779,1.8072288287,0.0791510442,0.3111112492,0.0784596871,0.5456703190,-11.2126335577,0.3711199222,0.5039101779,0.9008398749,0.0000000000,-0.0946843488,-0.0003133604,-0.0000000000,0.0059126074,1.0000000000,0.0946843488,-19.8837132445,15.607,1.000000,47.9410743608,15,0.2735031709
2.091757,2.6436351346,2.5602139350,2.1027504242,1.8764482417,0.0733450340,0.2263021824,0.0790708957,0.4499331977,-11.4884545609,0.3638033638,0.5039101779,0.9008398749,0.0000000000,-0.0946843488,-0.0002279382,-0.0000000000,0.0059094128,1.0000000000,0.0946843488,-19.8837132445,16.007,1.000000,47.9410743608,16,0.2735031709
2.100097,2.6611017909,2.5832236468,2.0856941976,1.9434475901,0.0674422048,0.1422466074,0.0796329141,0.3547087816,-11.4269299341,0.3544037705,0.5039101779,0.9013152624,0.0570465006,-0.0752782760,-0.0001432750,-0.0000000000,0.0059057848,0.9914628635,0.0946843488,-15.8084379589,15.607,1.000000,47.9410743608,15,0.2804919588
2.108426,2.6783986701,2.6062333586,2.0672302769,2.0084587274,0.0613802750,0.0587715495,0.0801444164,0.2596990972,-11.4011621248,0.3534611173,0.5041393894,0.9015695592,0.0305156162,-0.0533899886,-0.0000591964,-0.0000000000,0.0059016947,0.9023807965,0.0946843488,-11.2118976122,15.208,1.000000,47.9410743608,15,0.2816595458
2.116764,2.6955529493,2.6292430704,2.0473302439,2.0716892933,0.0551853064,-0.0243590494,0.0806042940,0.1647187525,-11.3976413641,0.3418724859,0.5042618065,0.9016692414,0.0119618702,-0.0307042745,0.0000245352,0.0000000000,0.0058970892,0.7381869526,0.0946843488,-6.4478976438,14.808,1.000000,47.9410743608,14,0.2790183190
2.125179,2.7126924483,2.6537867630,2.0258209811,2.1308207941,0.0474635880,-0.1049998130,0.0809998239,0.0691326681,-11.4703301349,0.3232634587,0.5043097562,0.9016860592,0.0020181346,-0.0087790984,0.0001057589,0.0000000000,0.0058918705,0.4816816075,0.0946843488,-1.8436106650,14.409,1.000000,47.9410743608,16,0.2744329699
2.133429,2.7293126378,2.6752624941,2.0033614042,2.1887857660,0.0422967857,-0.1854243618,0.0813522971,-0.0212055942,-10.8405914706,0.3028438806,0.5043178439,0.9016875650,0.0001807000,0.0102412239,0.0001867649,0.0000000000,0.0058861413,0.3085144826,0.0946843488,2.1506570235,14.009,1.000000,47.9410743608,14,0.2695632656
2.141760,2.7459026130,2.6982722059,1.9793155331,2.2432015877,0.0355848467,-0.2638860546,0.0816488375,-0.1127047946,-10.9799040471,0.2812691310,0.5043185680,0.9017278177,0.0048303195,0.0275255596,0.0002657938,0.0000000000,0.0058796740,0.1193502577,0.0946843488,5.7803675082,13.609,1.000000,47.9410743608,12,0.2657077043
2.150088,2.7622830692,2.7197479369,1.9539197077,2.2919344676,0.0302278856,-0.3380147599,0.0819007365,-0.1972240397,-10.1423094174,0.2618086535,0.5043379231,0.9018447718,0.0140344903,0.0417694529,0.0003404584,0.0000000000,0.0058724486,0.0242230750,0.0946843488,8.7715851047,13.210,1.000000,47.9410743608,13,0.2637431101
2.158507,2.7786194666,2.7412236680,1.9268907796,2.3380823550,0.0248407467,-0.4111915754,0.0821077427,-0.2808955948,-10.0405866115,0.2443123652,0.5043941400,0.9020705064,0.0270881473,0.0545055009,0.0004141643,0.0000000000,0.0058642868,0.0000000000,0.0946843488,11.4461551909,12.810,1.000000,47.9410743608,13,0.2643398127
2.166759,2.7944062711,2.7642333798,1.8990886503,2.3794107663,0.0173959138,-0.4803221160,0.0822527087,-0.3646686301,-10.0527642263,0.2289026928,0.5045025641,0.9024338860,0.0436055526,0.0661816637,0.0004837946,0.0000000000,0.0058553530,0.0000000000,0.0946843488,13.8981493698,12.411,1.000000,47.9410743608,12,0.2679826127
2.175097,2.8101204292,2.7841751300,1.8696981707,2.4139185771,0.0129830213,-0.5442204064,0.0823609005,-0.4372242424,-8.7066734856,0.2178114129,0.5046768770,0.9029385798,0.0605632658,0.0757519217,0.0005481548,0.0000000000,0.0058452768,0.0000000000,0.0946843488,15.9079035581,12.011,1.000000,47.9410743608,12,0.2744829414
2.183422,2.8255575141,2.8041168803,1.8390790360,2.4423181001,0.0083258561,-0.6032390641,0.0824302827,-0.5054236162,-8.1839248487,0.2092519950,0.5049185184,0.9035947791,0.0787439067,0.0844992562,0.0006076001,0.0000000000,0.0058340426,0.0000000000,0.0946843488,17.7448437997,11.612,1.000000,47.9410743608,11,0.2837283306
2.191756,2.8407530115,2.8240586305,1.8071622120,2.4652472572,0.0034564781,-0.6580850452,0.0824590866,-0.5699117797,-7.7385796232,0.2027921027,0.5052318981,0.9044116283,0.0980219049,0.0927187731,0.0006628426,0.0000000000,0.0058214763,0.0000000000,0.0946843488,19.4709423563,11.212,1.000000,47.9410743608,11,0.2955275838
2.200188,2.8558512893,2.8440003807,1.7736090862,2.4832773485,-0.0014838125,-0.7096682622,0.0824467215,-0.6313186065,-7.3688192163,0.1979611640,0.5056207312,0.9044116283,0.0000000000,0.0946843488,0.0007147988,0.0000000000,0.0058072552,0.0000000000,0.0946843488,19.8837132445,10.813,1.000000,47.9410743608,10,0.2955275838
2.208428,2.8703259533,2.8624081502,1.7396208849,2.4944155617,-0.0054767280,-0.7547946768,0.0824010821,-0.6844199539,-6.3721616888,0.1864239895,0.5056207312,0.9044116283,0.0000000000,0.0946843488,0.0007602514,0.0000000000,0.0057917146,0.0000000000,0.0946843488,19.8837132445,10.413,1.000000,47.9410743608,9,0.2955275838
2.216764,2.8846793598,2.8808159196,1.7040507362,2.4993816534,-0.0095577579,-0.7953309172,0.0823214342,-0.7331396565,-5.8463643127,0.1758346826,0.5056207312,0.9044116283,0.0000000000,0.0946843488,0.0008010807,0.0000000000,0.0057741330,0.0000000000,0.0946843488,19.8837132445,10.014,1.000000,47.9410743608,8,0.2955275838
2.225096,2.8987256355,2.8961557275,1.6673274940,2.4963157634,-0.0108348269,-0.8289882694,0.0822311439,-0.7694222984,-4.3539170306,0.1675708127,0.5056207312,0.9044116283,0.0000000000,0.0946843488,0.0008349814,0.0000000000,0.0057544555,0.0000000000,0.0946843488,19.8837132445,9.614,1.000000,47.9410743608,9,0.2955275838
2.233447,2.9124912934,2.9130295162,1.6293765384,2.4860567155,-0.0138878685,-0.8566801770,0.0821154117,-0.8032916643,-4.0643238995,0.1597621049,0.5056207312,0.9044116283,0.0000000000,0.0946843488,0.0008628735,0.0000000000,0.0057323581,0.0000000000,0.0946843488,19.8837132445,9.215,1.000000,47.9410743608,9,0.2955275838
2.241761,2.9258779341,2.9283693241,1.5904754813,2.4693557304,-0.0157513546,-0.8788802491,0.0819841504,-0.8293220498,-3.1236462624,0.1533787764,0.5056207312,0.9044116283,0.0000000000,0.0946843488,0.0008852341,0.0000000000,0.0057076934,0.0000000000,0.0946843488,19.8837132445,8.815,1.000000,47.9410743608,7,0.2955275838
2.250106,2.9389839140,2.9437091320,1.5503405573,2.4443811264,-0.0178510737,-0.8940405691,0.0818353915,-0.8487990956,-2.3372455020,0.1480453067,0.5056207312,0.9044116283,0.0000000000,0.0946843488,0.0009005040,0.0000000000,0.0056799270,0.0000000000,0.0946843488,19.8837132445,8.416,1.000000,47.9410743608,9,0.2955275838
2.258418,2.9517005821,2.9559809783,1.5093054571,2.4145014112,-0.0172458037,-0.9051959542,0.0816916764,-0.8588941244,-1.2114034538,0.1443004326,0.5056207312,0.9044116283,0.0000000000,0.0946843488,0.0009117400,0.0000000000,0.0056488907,0.0000000000,0.0946843488,19.8837132445,8.016,1.000000,47.9410743608,7,0.2955275838
2.266825,2.9642101740,2.9713207861,1.4667583342,2.3777244039,-0.0198785342,-0.9109660697,0.0815260220,-0.8700561861,-1.3394474047,0.1403049283,0.5056207312,0.9044116283,0.0000000000,0.0946843488,0.0009175518,0.0000000000,0.0056136346,0.0000000000,0.0946843488,19.8837132445,7.617,1.000000,47.9410743608,9,0.2955275838
2.275094,2.9761621212,2.9820586516,1.4239087296,2.3347704264,-0.0184337979,-0.9108616968,0.0813724070,-0.8672340389,0.3386576668,0.1384919626,0.5056207312,0.9044116283,0.0000000000,0.0946843488,0.0009174467,0.0000000000,0.0055746796,0.0000000000,0.0946843488,19.8837132445,7.217,1.000000,47.9410743608,8,0.2955275838
2.283429,2.9878470122,2.9943304980,1.3797441217,2.2862845734,-0.0187603936,-0.9065404517,0.0812160704,-0.8637155684,0.4222164613,0.1367052980,0.5056207312,0.9044116283,0.0000000000,0.0946843488,0.0009130942,0.0000000000,0.0055305811,0.0000000000,0.0946843488,19.8837132445,6.818,1.000000,47.9410743608,6,0.2955275838
2.291754,2.9991475192,3.0020004019,1.3346839505,2.2328445690,-0.0148428280,-0.8981606185,0.0810923801,-0.8476774145,1.9245784722,0.1367998595,0.5056207312,0.9044116283,0.0000000000,0.0946843488,0.0009046538,0.0000000000,0.0054810842,0.0000000000,0.0946843488,19.8837132445,6.418,1.000000,47.9410743608,6,0.2955275838
2.300175,3.0101908962,3.0096703058,1.2881833690,2.1724633538,-0.0111451194,-0.8842799848,0.0809995041,-0.8265447117,2.5359243265,0.1375139743,0.5056207312,0.9044116283,0.0000000000,0.0946843488,0.0008906728,0.0000000000,0.0054248003,0.0000000000,0.0946843488,19.8837132445,6.019,1.000000,47.9410743608,6,0.2955275838
2.308431,3.0206357529,3.0188741906,1.2417111356,2.1083702847,-0.0095599800,-0.8666591492,0.0809198376,-0.8058543445,2.4828440728,0.1381042743,0.5056207312,0.9044116283,0.0000000000,0.0946843488,0.0008729246,0.0000000000,0.0053627902,0.0000000000,0.0946843488,19.8837132445,5.619,1.000000,47.9410743608,6,0.2955275838
2.316764,3.0307838811,3.0250101137,1.1939657415,2.0384485626,-0.0051723088,-0.8444828212,0.0808767351,-0.7750066027,3.7017290124,0.1401225176,0.5056207312,0.9044116283,0.0000000000,0.0946843488,0.0008505880,0.0000000000,0.0052925437,0.0000000000,0.0946843488,19.8837132445,5.220,1.000000,47.9410743608,6,0.2955275838
2.325097,3.0405318883,3.0296120561,1.1453963650,1.9658113540,0.0003638039,-0.8204149890,0.0808767351,-0.7399440506,4.2075062465,0.1427631534,0.5056207312,0.9044116283,0.0000000000,0.0946843488,0.0008263461,0.0000000000,0.0052136846,0.0000000000,0.0946843488,19.8837132445,4.820,1.000000,47.9410743608,4,0.2955275838
2.333445,3.0498874394,3.0357479792,1.0959570927,1.8857333550,0.0040134353,-0.7897762624,0.0809101804,-0.7020241775,4.5503847775,0.1456103878,0.5056207312,0.9054162389,0.1205532810,0.0919514879,0.0007954859,0.0000000000,0.0051250792,0.0000000000,0.0946843488,19.3098124497,4.421,1.000000,47.9410743608,5,0.3078932913
2.341762,3.0587947561,3.0388159408,1.0459515340,1.8014960966,0.0103051283,-0.7555445626,0.0809960564,-0.6552124974,5.6174016164,0.1560524619,0.5060970080,0.9063286964,0.1094948933,0.0896018534,0.0007610067,0.0000000000,0.0050261804,0.0000000000,0.0946843488,18.8163892113,4.021,1.000000,47.9410743608,3,0.3182020387
2.350095,3.0672994708,3.0403499216,0.9951315929,1.7135339528,0.0177482020,-0.7184023599,0.0811439581,-0.6031425120,6.2483982371,0.1665269642,0.5065277414,0.9071336433,0.0965936353,0.0860360494,0.0007235960,0.0000000000,0.0049153276,0.0000000000,0.0946843488,18.0675703784,3.622,1.000000,47.9410743608,5,0.3263486313
2.358426,3.0753759301,3.0418839024,0.9436422357,1.6197314854,0.0247943817,-0.6760892497,0.0813505780,-0.5466319516,6.7812672479,0.1766882092,0.5069062533,0.9078201219,0.0823774263,0.0811823145,0.0006809770,0.0000000000,0.0047915503,0.0000000000,0.0946843488,17.0482860367,3.222,1.000000,47.9410743608,4,0.3322708921
2.366845,3.0830991247,3.0418839024,0.8909525955,1.5232030797,0.0330359152,-0.6322504843,0.0816258773,-0.4861540420,7.2573491567,0.1865180945,0.5072279657,0.9083824635,0.0674809889,0.0751004574,0.0006368213,0.0000000000,0.0046520595,0.0663084211,0.0946843488,15.7710960453,2.823,1.000000,47.9410743608,4,0.3359723521
2.375099,3.0902379318,3.0403499216,0.8386891517,1.4217289720,0.0422535995,-0.5830398203,0.0819779906,-0.4182898560,8.1437023200,0.1963656385,0.5074907516,0.9088131223,0.0516790635,0.0673800664,0.0005872549,0.0000000000,0.0045000057,0.3071319548,0.0946843488,14.1498139453,2.423,1.000000,47.9410743608,3,0.3373980418
2.383415,3.0969913572,3.0403499216,0.7854657782,1.3183301173,0.0495622568,-0.5328643391,0.0823910094,-0.3531921246,7.8117277665,0.2043253645,0.5076915433,0.9091284409,0.0378382246,0.0590175581,0.0005367166,0.0000000000,0.0043302843,0.5537324772,0.0946843488,12.3936871968,2.024,1.000000,47.9410743608,3,0.3368567121
2.391752,3.1033157054,3.0403499216,0.7315663473,1.2157119762,0.0564376447,-0.4841456289,0.0828613231,-0.2903551418,7.5404379357,0.2106845541,0.5078383060,0.9093460100,0.0261082996,0.0501846191,0.0004876457,0.0000000000,0.0041422907,0.7757031423,0.0946843488,10.5387700058,1.624,1.000000,47.9410743608,2,0.3346670197
2.400189,3.1092562064,3.0388159408,0.6765100142,1.1112885658,0.0644728600,-0.4347785516,0.0833985969,-0.2245003485,7.9025752010,0.2163563180,0.5079394475,0.9094784608,0.0158940866,0.0403135116,0.0004379218,0.0000000000,0.0039327682,0.9587281258,0.0946843488,8.4658374384,1.225,1.000000,47.9410743608,3,0.3310524045
2.408432,3.1146090025,3.0372819600,0.6222661818,1.0077528689,0.0719156037,-0.3854866871,0.0839978936,-0.1598362592,7.7596907152,0.2206407262,0.5080009701,0.9095465113,0.0081660629,0.0300505925,0.0003882735,0.0000000000,0.0037084590,1.0000000000,0.0946843488,6.3106244231,0.825,1.000000,47.9410743608,0,0.3263718869
2.416766,3.1195649171,3.0357479792,0.5669955136,0.9075166251,0.0789437484,-0.3405211115,0.0846557582,-0.1002641016,7.1486589112,0.2232735251,0.5080325645,0.9095735095,0.0032397803,0.0202200219,0.0003429829,0.0000000000,0.0034612543,1.0000000000,0.0946843488,4.2462045994,0.426,1.000000,47.9410743608,-2,0.3210374270
2.425088,3.1240526526,3.0357479792,0.5114136258,0.8127397032,0.0839404177,-0.3013260774,0.0853552617,-0.0504559374,5.9769797043,0.2238446517,0.5080450964,0.9095803586,0.0008218984,0.0117728037,0.0003035045,0.0000000000,0.0031935344,1.0000000000,0.0946843488,2.4722887670,0.026,1.000000,47.9410743608,-2,0.3154275518
2.433502,3.1281180904,3.0342139984,0.4548637936,0.7253564048,0.0900090678,-0.2704926112,0.0861053372,-0.0068305209,5.2350499821,0.2236504486,0.5080482754,0.9095804841,0.0000150536,0.0042937742,0.0002724481,0.0000000000,0.0029016534,1.0000000000,0.0946843488,0.9016925845,-0.373,1.000000,47.9410743608,0,0.3097913728
2.441761,3.1316446692,3.0326800176,0.3990447411,0.6445945733,0.0955033029,-0.2455498323,0.0869011981,0.0298085667,4.3966905133,0.2226219084,0.5080483336,0.9095828655,0.0002857774,-0.0020285689,0.0002473250,0.0000000000,0.0025948102,1.0000000000,0.0946843488,-0.4259994790,0.026,1.000000,47.9410743608,0,0.3042999423
2.450094,3.1347339728,3.0326800176,0.3424627340,0.5697626929,0.0989944392,-0.2272999589,0.0877261518,0.0558052817,3.1196057944,0.2204015671,0.5080494389,0.9095911546,0.0009946898,-0.0065609202,0.0002289432,0.0000000000,0.0022657593,1.0000000000,0.0946843488,-1.3777932480,0.426,1.000000,47.9410743608,0,0.2990241873
2.458421,3.1373494118,3.0311460369,0.2856799993,0.5002414663,0.1035171746,-0.2145614669,0.0885887949,0.0783765345,2.7085503422,0.2183082811,0.5080532860,0.9096073978,0.0019491871,-0.0105001789,0.0002161126,0.0000000000,0.0019187515,1.0000000000,0.0946843488,-2.2050375784,0.825,1.000000,47.9410743608,-1,0.2940047358
2.466838,3.1395119052,3.0311460369,0.2280798202,0.4379807213,0.1060139962,-0.2099009012,0.0894722449,0.0888669128,1.2588453919,0.2151982093,0.5080608244,0.9096280756,0.0024813264,-0.0124230439,0.0002114184,0.0000000000,0.0015515231,1.0000000000,0.0946843488,-2.6088392134,1.225,1.000000,47.9410743608,-2,0.2891691814
2.475094,3.1411610860,3.0296120561,0.1714355090,0.3822222064,0.1094965703,-0.2107866973,0.0903847163,0.0957972504,0.8316405123,0.2122840476,0.5080704199,0.9096518813,0.0028566889,-0.0137606299,0.0002123106,0.0000000000,0.0011777986,1.0000000000,0.0946843488,-2.8897322802,1.624,1.000000,47.9410743608,-1,0.2844895895
2.483428,3.1423511976,3.0296120561,0.1141311569,0.3322868579,0.1109548251,-0.2181557010,0.0913093398,0.0922360648,-0.4273422787,0.2084914800,0.5080814659,0.9096736811,0.0026159812,-0.0134005676,0.0002197328,0.0000000000,0.0007898066,1.0000000000,0.0946843488,-2.8141191915,2.024,1.000000,47.9410743608,0,0.2798571471
2.491755,3.1430628699,3.0280780753,0.0568063442,0.2875665308,0.1134406178,-0.2307601867,0.0922546783,0.0855005135,-0.8082661528,0.2048300592,0.5080915801,0.9096921903,0.0022211004,-0.0125717522,0.0002324285,0.0000000000,0.0003948324,1.0000000000,0.0946843488,-2.6400679710,2.266,1.000000,47.9410743608,2,0.2752432459
2.500180,3.1432969656,3.0280780753,-0.0012371779,0.2475165920,0.1138897739,-0.2487537699,0.0932037597,0.0693347952,-1.9398861967,0.2002819147,0.5081001667,0.9097041798,0.0014387421,-0.0103014682,0.0002505521,0.0000000000,-0.0000086114,1.0000000000,0.0946843488,-2.1633083175,1.866,1.000000,47.9410743608,2,0.2705771991
2.508434,3.1430520032,3.0265440945,-0.0581090287,0.2116492871,0.1153713928,-0.2697583158,0.0941651880,0.0522207597,-2.0536842554,0.1959184730,0.5081057284,0.9097108819,0.0008042450,-0.0079574197,0.0002717085,0.0000000000,-0.0004038596,1.0000000000,0.0946843488,-1.6710581381,1.467,1.000000,47.9410743608,2,0.2658838486
2.516753,3.1423303740,3.0265440945,-0.1153797551,0.1795278010,0.1148222498,-0.2949075562,0.0951220401,0.0269244245,-3.0355602260,0.1907199190,0.5081088372,0.9097126321,0.0002100251,-0.0044648301,0.0002970396,0.0000000000,-0.0007983453,1.0000000000,0.0946843488,-0.9376143145,1.067,1.000000,47.9410743608,-1,0.2611686952
2.525085,3.1411303215,3.0250101137,-0.1726637777,0.1507609373,0.1153106506,-0.3234247150,0.0960829622,0.0003247458,-3.1919614419,0.1856748311,0.5081096490,0.9097126323,0.0000000300,-0.0009072266,0.0003257629,0.0000000000,-0.0011860163,1.0000000000,0.0946843488,-0.1905175920,0.668,1.000000,47.9410743608,1,0.2565000490
2.533520,3.1394297544,3.0250101137,-0.2305347769,0.1275028029,0.1137349752,-0.3580375798,0.0970307537,-0.0364828414,-4.4169104639,0.1796902503,0.5081096491,0.9097157235,0.0003709361,0.0039593296,0.0003606260,0.0000000000,-0.0015674566,1.0000000000,0.0946843488,0.8314592247,0.268,1.000000,47.9410743608,1,0.2519826109
2.541761,3.1372974068,3.0250101137,-0.2869208756,0.1066736427,0.1117144762,-0.3935945182,0.0979617076,-0.0751345247,-4.6382020032,0.1736908971,0.5081110829,0.9097285517,0.0015393938,0.0088803725,0.0003964400,0.0000000000,-0.0019265019,1.0000000000,0.0946843488,1.8648782309,-0.131,1.000000,47.9410743608,0,0.2477609380
2.550094,3.1346696933,3.0234761329,-0.3437377287,0.0880197855,0.1107209111,-0.4317575142,0.0988843819,-0.1143609388,-4.7071696901,0.1680768839,0.5081170330,0.9097576596,0.0034929448,0.0136810161,0.0004348789,0.0000000000,-0.0022733642,1.0000000000,0.0946843488,2.8730133832,-0.531,1.000000,47.9410743608,0,0.2439767034
2.558427,3.1315692413,3.0219421521,-0.4003232947,0.0713140525,0.1092441464,-0.4716373473,0.0997947498,-0.1562759593,-5.0298024578,0.1625533288,0.5081305328,0.9098108905,0.0063877013,0.0186425866,0.0004750470,0.0000000000,-0.0026020405,1.0000000000,0.0946843488,3.9149431887,-0.930,1.000000,47.9410743608,0,0.2407978573
2.566782,3.1279883847,3.0219421521,-0.4567816334,0.0563529906,0.1057436278,-0.5131346240,0.1006759467,-0.2038563626,-5.7096483939,0.1568013822,0.5081552156,0.9098994775,0.0106304446,0.0241036123,0.0005168443,0.0000000000,-0.0029118696,1.0000000000,0.0946843488,5.0617585821,-1.330,1.000000,47.9410743608,0,0.2384599491
2.575094,3.1239594756,3.0204081713,-0.5126328583,0.0429543942,0.1033206475,-0.5555872524,0.1015369521,-0.2502720365,-5.5698808743,0.1518565409,0.5081962793,0.9100304164,0.0157126734,0.0292657623,0.0005596038,0.0000000000,-0.0031996121,1.0000000000,0.0946843488,6.1458100844,-1.729,1.000000,47.9410743608,0,0.2370960028
2.583427,3.1194556806,3.0188741906,-0.5682763081,0.0284506379,0.1004287156,-0.5967269460,0.1023738580,-0.2963298764,-5.5269407824,0.1475408737,0.5082569439,0.9102108256,0.0216490982,0.0342657879,0.0006010409,0.0000000000,-0.0034671975,1.0000000000,0.0946843488,7.1958154509,-2.129,1.000000,47.9410743608,-2,0.2368287252
2.591754,3.1144934372,3.0173402098,-0.6234919258,0.0154615881,0.0970702017,-0.6389535140,0.1031827764,-0.3444288199,-5.7718732244,0.1436827403,0.5083404678,0.9104507402,0.0287897476,0.0394204649,0.0006435728,0.0000000000,-0.0037137269,1.0000000000,0.0946843488,8.2782976361,-2.528,1.000000,47.9410743608,-1,0.2378254935
2.600089,3.1090674458,3.0127382674,-0.6783360815,0.0013246073,0.0963220655,-0.6796606888,0.1039854603,-0.3858303075,-4.9681785125,0.1413907875,0.5084514322,0.9107489550,0.0357857809,0.0439034629,0.0006845743,0.0000000000,-0.0039400078,1.0000000000,0.0946843488,9.2197272184,-2.928,1.000000,47.9410743608,-2,0.2400055362
2.608428,3.1031842736,3.0081363250,-0.7327323035,-0.0138404198,0.0951222690,-0.7188918836,0.1047781458,-0.4266626716,-4.8998836860,0.1397615493,0.5085891882,0.9111111583,0.0434643996,0.0483878611,0.0007240891,0.0000000000,-0.0041465343,1.0000000000,0.0946843488,10.1614508362,-3.327,1.000000,47.9410743608,-1,0.2434185670
2.616761,3.0968535859,3.0035343827,-0.7865932495,-0.0324305774,0.0934933492,-0.7541626721,0.1055572571,-0.4644002529,-4.5285097541,0.1390469147,0.5087562444,0.9115389834,0.0513390056,0.0526680922,0.0007596148,0.0000000000,-0.0043340408,1.0000000000,0.0946843488,11.0602993569,-3.727,1.000000,47.9410743608,-3,0.2480195469
2.625097,3.0900732585,2.9973984595,-0.8399381214,-0.0565926087,0.0929786904,-0.7833455127,0.1063320795,-0.4938411929,-3.5329128068,0.1398573062,0.5089532012,0.9120244193,0.0582523106,0.0563200901,0.0007890087,0.0000000000,-0.0045038050,1.0000000000,0.0946843488,11.8272189213,-4.126,1.000000,47.9410743608,-4,0.2535795076
2.633420,3.0828631012,2.9897285556,-0.8926186525,-0.0857446126,0.0935949777,-0.8068740399,0.1071120376,-0.5153766967,-2.5842604489,0.1420725757,0.5091762001,0.9125580197,0.0640320437,0.0594177036,0.0008127073,0.0000000000,-0.0046566778,1.0000000000,0.0946843488,12.4777177648,-4.526,1.000000,47.9410743608,-4,0.2598607793
2.641761,3.0751997307,2.9805246709,-0.9448027620,-0.1193654590,0.0953160293,-0.8254373029,0.1079063379,-0.5297387321,-1.7234442558,0.1455569783,0.5094207348,0.9131299225,0.0686283433,0.0620330516,0.0008314047,0.0000000000,-0.0047944734,1.0000000000,0.0946843488,13.0269408435,-4.925,1.000000,47.9410743608,-4,0.2666382870
2.650093,3.0671122069,2.9713207861,-0.9962862159,-0.1619973393,0.0966613152,-0.8342888766,0.1087118488,-0.5351242947,-0.6462675125,0.1503714878,0.5096821353,0.9137250019,0.0714095232,0.0639367533,0.0008403203,0.0000000000,-0.0049179678,1.0000000000,0.0946843488,13.4267181925,-5.325,1.000000,47.9410743608,-5,0.2736075939
2.658427,3.0585975286,2.9575149590,-1.0470927170,-0.2126991819,0.1022247232,-0.8343935351,0.1095637215,-0.5233400368,1.4141109534,0.1577534641,0.5099533730,0.9143110091,0.0703208696,0.0643339908,0.0008404257,0.0000000000,-0.0050285470,1.0000000000,0.0946843488,13.5101380765,-5.724,1.000000,47.9410743608,-5,0.2801921164
2.666840,3.0495746901,2.9452431127,-1.0976585029,-0.2706281966,0.1057847987,-0.8270303063,0.1104452615,-0.5080372565,1.8363336397,0.1655238986,0.5102197204,0.9148799600,0.0682741086,0.0642721390,0.0008330093,0.0000000000,-0.0051282758,1.0000000000,0.0946843488,13.4971491965,-6.124,1.000000,47.9410743608,-6,0.2862635422
2.675098,3.0403087041,2.9329712664,-1.1465405431,-0.3375340588,0.1091499306,-0.8090064843,0.1113548443,-0.4824333894,3.0724640528,0.1745694476,0.5104775970,0.9154105525,0.0636710936,0.0629715632,0.0008148551,0.0000000000,-0.0052156330,1.0000000000,0.0946843488,13.2240282744,-6.523,1.000000,47.9410743608,-6,0.2914601272
2.683428,3.0305545809,2.9176314586,-1.1950750191,-0.4124792672,0.1151380566,-0.7825957519,0.1123143281,-0.4431841406,4.7099098486,0.1854843111,0.5107174487,0.9158761874,0.0558761844,0.0598847102,0.0007882535,0.0000000000,-0.0052942553,1.0000000000,0.0946843488,12.5757891414,-6.923,1.000000,47.9410743608,-6,0.2953330992
2.691752,3.0204073696,2.9022916507,-1.2427551291,-0.4921197805,0.1207583073,-0.7506353486,0.1133206473,-0.3990696393,5.2937401610,0.1966412057,0.5109274276,0.9162685441,0.0470828064,0.0556717601,0.0007560620,0.0000000000,-0.0053642501,1.0000000000,0.0946843488,11.6910696117,-7.322,1.000000,47.9410743608,-7,0.2977591535
2.700176,3.0097382843,2.8854178620,-1.2901404659,-0.5759652423,0.1274132447,-0.7141752236,0.1143824243,-0.3483458444,6.0868553868,0.2082782817,0.5111039916,0.9165792660,0.0372866300,0.0500001740,0.0007193383,0.0000000000,-0.0054272819,1.0000000000,0.0946843488,10.5000365486,-7.722,1.000000,47.9410743608,-7,0.2986043349
2.708431,2.9989001418,2.8685440733,-1.3356967311,-0.6660809554,0.1339327949,-0.6696157757,0.1154985310,-0.2897380341,7.0329372333,0.2201440127,0.5112435788,0.9168025288,0.0267915426,0.0424659596,0.0006744567,0.0000000000,-0.0054822496,1.0000000000,0.0946843488,8.9178515087,-8.121,1.000000,47.9410743608,-9,0.2977639150
2.716763,2.9875832342,2.8501363039,-1.3807674576,-0.7593076346,0.1415242661,-0.6214598230,0.1166778999,-0.2253425041,7.7274636059,0.2318892931,0.5113437450,0.9169425481,0.0168023082,0.0332218411,0.0006259526,0.0000000000,-0.0055316509,1.0000000000,0.0946843488,6.9765866363,-7.722,1.000000,47.9410743608,-9,0.2953147820
2.725086,2.9759061859,2.8301945536,-1.4248501671,-0.8553203847,0.1503045380,-0.5695297824,0.1179304377,-0.1547397799,8.4723269019,0.2433481004,0.5114065081,0.9170108591,0.0081973197,0.0220897654,0.0005736472,0.0000000000,-0.0055755748,1.0000000000,0.0946843488,4.6388507438,-7.322,1.000000,47.9410743608,-8,0.2914695458
2.733501,2.9637319883,2.8087188226,-1.4684267166,-0.9563326897,0.1601484880,-0.5120940269,0.1192650084,-0.0764379874,9.3962150967,0.2545726153,0.5114371126,0.9170280744,0.0020658420,0.0087230100,0.0005157962,0.0000000000,-0.0056150795,1.0000000000,0.0946843488,1.8318321046,-6.923,1.000000,47.9410743608,-7,0.2866300678
2.741760,2.9514313195,2.7887770724,-1.5101968406,-1.0593179702,0.1683425806,-0.4508788705,0.1206678632,0.0024339204,9.4646289419,0.2641759128,0.5114448237,0.9170280924,0.0000021514,-0.0056475437,0.0004541385,0.0000000000,-0.0056495950,1.0000000000,0.0946843488,-1.1859841761,-6.523,1.000000,47.9410743608,-6,0.2815066654
2.750093,2.9386749027,2.7688353221,-1.5513113861,-1.1615657289,0.1760769648,-0.3897456572,0.1221351713,0.0803744583,9.3528645445,0.2726749182,0.5114448317,0.9170481010,0.0024010399,-0.0205665432,0.0003925633,0.0000000000,-0.0056806280,1.0000000000,0.0946843488,-4.3189740702,-6.124,1.000000,47.9410743608,-6,0.2769291684
2.758426,2.9255794058,2.7442916295,-1.5913654759,-1.2656574380,0.1880841130,-0.3257080379,0.1237025389,0.1698037752,10.7315180281,0.2827509086,0.5114537933,0.9171398272,0.0110071469,-0.0385340581,0.0003280627,0.0000000000,-0.0057082818,1.0000000000,0.0946843488,-8.0921521996,-5.724,1.000000,47.9410743608,-4,0.2741184622
2.766760,2.9121544631,2.7212819177,-1.6303293913,-1.3714005235,0.1982367021,-0.2589288678,0.1253545114,0.2583749132,10.6285365548,0.2933690073,0.5114948644,0.9173581073,0.0261936116,-0.0573266192,0.0002608008,0.0000000000,-0.0057329360,1.0000000000,0.0946843488,-12.0385900333,-5.325,1.000000,47.9410743608,-5,0.2744132606
2.775089,2.8984172317,2.6998061867,-1.6681550130,-1.4761180747,0.2065375148,-0.1920369384,0.1270756574,0.3434493909,10.2089373264,0.3061278058,0.5115925263,0.9177563395,0.0477878567,-0.0767449352,0.0001934253,0.0000000000,-0.0057549168,1.0000000000,0.0946843488,-16.1164363843,-4.925,1.000000,47.9410743608,-4,0.2790834278
2.783426,2.8843556756,2.6767964749,-1.7048742040,-1.5799171937,0.2160430517,-0.1249570103,0.1288760161,0.4311825573,10.5279799683,0.3241686943,0.5117704303,0.9177563395,0.0000000000,-0.0946843488,0.0001258604,0.0000000000,-0.0057745560,1.0000000000,0.0946843488,-19.8837132445,-4.526,1.000000,47.9410743608,-3,0.2790834278
2.791759,2.8699995458,2.6507188015,-1.7404077375,-1.6828937974,0.2283175599,-0.0575139401,0.1307786625,0.5248789032,11.2435615054,0.3359849997,0.5117704303,0.9177563395,0.0000000000,-0.0946843488,0.0000579297,0.0000000000,-0.0057920880,1.0000000000,0.0946843488,-19.8837132445,-4.126,1.000000,47.9410743608,-5,0.2790834278
2.800095,2.8553486082,2.6277090896,-1.7747568111,-1.7826293371,0.2372118948,0.0078725260,0.1327554283,0.6098787063,10.1999763755,0.3454173659,0.5117704303,0.9177563395,0.0000000000,-0.0946843488,-0.0000079294,-0.0000000000,-0.0058077595,1.0000000000,0.0946843488,-19.8837132445,-3.727,1.000000,47.9410743608,-2,0.2790834278
2.808510,2.8402719405,2.6031653970,-1.8082006143,-1.8794622948,0.2471988940,0.0712616805,0.1348154190,0.6951332931,10.2305504112,0.3539542196,0.5117704303,0.9177563395,0.0000000000,-0.0946843488,-0.0000717769,-0.0000000000,-0.0058218995,1.0000000000,0.0946843488,-19.8837132445,-3.327,1.000000,47.9410743608,-4,0.2790834278
2.816764,2.8252161698,2.5770877236,-1.8397754163,-1.9711913545,0.2587133640,0.1314159381,0.1369713637,0.7802811553,10.2177434693,0.3615012184,0.5117704303,0.9177563395,0.0000000000,-0.0946843488,-0.0001323660,-0.0000000000,-0.0058343069,1.0000000000,0.0946843488,-19.8837132445,-2.928,1.000000,47.9410743608,-2,0.2790834278
2.825096,2.8097592036,2.5540780118,-1.8703935958,-2.0583495441,0.2667341324,0.1879559483,0.1391941482,0.8549421858,8.9593236548,0.3670219589,0.5117704303,0.9177563395,0.0000000000,-0.0946843488,-0.0001893148,-0.0000000000,-0.0058455230,1.0000000000,0.0946843488,-19.8837132445,-2.528,1.000000,47.9410743608,-3,0.2790834278
2.833421,2.7940655818,2.5295343192,-1.8997066034,-2.1389097760,0.2760167961,0.2392031726,0.1414942881,0.9268928309,8.6340774212,0.3719398266,0.5117704303,0.9177563395,0.0000000000,-0.0946843488,-0.0002409325,-0.0000000000,-0.0058555577,1.0000000000,0.0946843488,-19.8837132445,-2.129,1.000000,47.9410743608,-4,0.2790834278
2.841844,2.7779427884,2.5049906266,-1.9280450031,-2.2160655596,0.2848520070,0.2880205565,0.1438680549,0.9955975940,8.2445715681,0.3759200321,0.5117704303,0.9177563395,0.0000000000,-0.0946843488,-0.0002901028,-0.0000000000,-0.0058646457,1.0000000000,0.0946843488,-19.8837132445,-1.729,1.000000,47.9410743608,-1,0.2790834278
2.850095,2.7619253478,2.4835148956,-1.9544923056,-2.2851635430,0.2906813403,0.3306712374,0.1462903994,1.0522138813,6.7939544754,0.3787822897,0.5117704303,0.9177563395,0.0000000000,-0.0946843488,-0.0003330618,-0.0000000000,-0.0058726162,1.0000000000,0.0946843488,-19.8837132445,-1.330,1.000000,47.9410743608,-2,0.2790834278
2.858427,2.7455338665,2.4605051838,-1.9798680847,-2.3470452462,0.2976318637,0.3671771615,0.1487706649,1.1049692081,6.3306392153,0.3817556201,0.5117704303,0.9177563395,0.0000000000,-0.0946843488,-0.0003698316,-0.0000000000,-0.0058798266,1.0000000000,0.0946843488,-19.8837132445,-0.930,1.000000,47.9410743608,-1,0.2790834278
2.866753,2.7289489134,2.4390294527,-2.0038701762,-2.4024643050,0.3028202312,0.3985941288,0.1512941668,1.1491785698,5.3051234073,0.3844283105,0.5117704303,0.9177563395,0.0000000000,-0.0946843488,-0.0004014757,-0.0000000000,-0.0058862744,1.0000000000,0.0946843488,-19.8837132445,-0.531,1.000000,47.9410743608,-1,0.2790834278
2.875172,2.7119796154,2.4190877025,-2.0267486131,-2.4495911999,0.3060457458,0.4228425868,0.1538445480,1.1823477007,3.9802957019,0.3873537260,0.5117704303,0.9177563395,0.0000000000,-0.0946843488,-0.0004258995,-0.0000000000,-0.0058921009,1.0000000000,0.0946843488,-19.8837132445,-0.131,1.000000,47.9410743608,-1,0.2790834278
2.883427,2.6951609611,2.3960779907,-2.0478029676,-2.4867874786,0.3124365402,0.4389845110,0.1564481859,1.2137490570,3.7681627551,0.3913006953,0.5117704303,0.9177563395,0.0000000000,-0.0946843488,-0.0004421581,-0.0000000000,-0.0058972010,1.0000000000,0.0946843488,-19.8837132445,0.268,1.000000,47.9410743608,-1,0.2790834278
2.891765,2.6780039856,2.3761362404,-2.0676693509,-2.5150902494,0.3153732954,0.4474208986,0.1590762967,1.2306092865,2.0232275462,0.3958127807,0.5117704303,0.9177563395,0.0000000000,-0.0946843488,-0.0004506555,-0.0000000000,-0.0059017940,1.0000000000,0.0946843488,-19.8837132445,0.668,1.000000,47.9410743608,-7,0.2790834278
2.900086,2.6607200419,2.3607964326,-2.0860838957,-2.5329238617,0.3135249226,0.4468399660,0.1616890044,1.2289337433,-0.2010651866,0.4010992038,0.5117704303,0.9177563395,0.0000000000,-0.0946843488,-0.0004500704,-0.0000000000,-0.0059058692,1.0000000000,0.0946843488,-19.8837132445,1.067,1.000000,47.9410743608,-15,0.2790834278
2.908427,2.6432476171,2.3485245863,-2.1031110330,-2.5388772182,0.3083563125,0.4357661852,0.1642586403,1.2101288897,-2.2565824266,0.4076289658,0.5117704303,0.9177563395,0.0000000000,-0.0946843488,-0.0004389165,-0.0000000000,-0.0059094880,1.0000000000,0.0946843488,-19.8837132445,1.467,1.000000,47.9410743608,-5,0.2790834278
2.916762,2.6256535390,2.3393207015,-2.1186820141,-2.5291821419,0.2999140585,0.4105001278,0.1667579241,1.1705609322,-4.7481549009,0.4157933714,0.5117704303,0.9177563395,0.0000000000,-0.0946843488,-0.0004134678,-0.0000000000,-0.0059126762,1.0000000000,0.0946843488,-19.8837132445,1.866,1.000000,47.9410743608,-4,0.2790834278
2.925106,2.6079150774,2.3316507976,-2.1328161380,-2.5004639872,0.2896912898,0.3676478492,0.1691720182,1.1097866501,-7.2929138514,0.4258316150,0.5117704303,0.9177563395,0.0000000000,-0.0946843488,-0.0003703057,-0.0000000000,-0.0059154736,1.0000000000,0.0946843488,-19.8837132445,2.266,1.000000,47.9410743608,-2,0.2790834278
2.933421,2.5901260894,2.3270488552,-2.1454438889,-2.4547094382,0.2762585511,0.3092655493,0.1714741728,1.0269969683,-9.9347618155,0.4365000826,0.5117704303,0.9177563395,0.0000000000,-0.0946843488,-0.0003115014,-0.0000000000,-0.0059178975,1.0000000000,0.0946843488,-19.8837132445,2.665,1.000000,47.9410743608,-1,0.2790834278
2.941750,2.5722101431,2.3224469129,-2.1566238402,-2.3911932501,0.2626034774,0.2345694099,0.1736625351,0.9273396850,-11.9588739958,0.4472943867,0.5117704303,0.9177563395,0.0000000000,-0.0946843488,-0.0002362652,-0.0000000000,-0.0059199858,1.0000000000,0.0946843488,-19.8837132445,3.065,1.000000,47.9410743608,0,0.2790834278
2.950168,2.5540136550,2.3209129321,-2.1664235331,-2.3092659194,0.2455010361,0.1428423863,0.1757083771,0.8036645135,-14.8410205832,0.4561637889,0.5117704303,0.9177563395,0.0000000000,-0.0946843488,-0.0001438751,-0.0000000000,-0.0059217728,1.0000000000,0.0946843488,-19.8837132445,3.464,1.000000,47.9410743608,3,0.2790834278
2.958426,2.5360886275,2.3193789513,-2.1745650351,-2.2058413254,0.2285546192,0.0312762903,0.1776129989,0.6603208841,-17.2012355326,0.4617060536,0.5117704303,0.9177563395,0.0000000000,-0.0946843488,-0.0000315024,-0.0000000000,-0.0059232273,1.0000000000,0.0946843488,-19.8837132445,3.864,1.000000,47.9410743608,2,0.2790834278
2.966757,2.5179427312,2.3209129321,-2.1812956459,-2.0856689932,0.2082294399,-0.0956266526,0.1793482442,0.4947631719,-19.8669254650,0.4605187090,0.5117704303,0.9177563395,0.0000000000,-0.0946843488,0.0000963180,0.0000000000,-0.0059244094,1.0000000000,0.0946843488,-19.8837132445,4.263,1.000000,47.9410743608,2,0.2790834278
2.975090,2.4997430113,2.3224469129,-2.1865330348,-1.9530024293,0.1877833453,-0.2335306054,0.1809131054,0.3177963050,-21.2360240240,0.4516623449,0.5117704303,0.9177563395,0.0000000000,-0.0946843488,0.0002352189,0.0000000000,-0.0059253167,1.0000000000,0.0946843488,-19.8837132445,4.663,1.000000,47.9410743608,4,0.2790834278
2.983509,2.4813172002,2.3255148744,-2.1903028010,-1.8091464746,0.1655170938,-0.3811563265,0.1822924146,0.1273098750,-22.8583716030,0.4334517470,0.5117704303,0.9178282551,0.0086298737,-0.0402331086,0.0003839119,0.0000000000,-0.0059259631,1.0000000000,0.0946843488,-8.4489527974,5.062,1.000000,47.9410743608,5,0.2759237888
2.991761,2.4632345268,2.3270488552,-2.1925106874,-1.6627830439,0.1451144962,-0.5297276435,0.1835017020,-0.0605885842,-22.5478151036,0.4038157536,0.5118025201,0.9178436370,0.0018458248,0.0101992281,0.0005335573,0.0000000000,-0.0059263390,1.0000000000,0.0946843488,2.1418378955,4.663,1.000000,47.9410743608,4,0.2713817764
3.000093,2.4449608799,2.3316507976,-2.1932453284,-1.5141740066,0.1214409051,-0.6790713218,0.1845137096,-0.2559501255,-23.4433849564,0.3652804635,0.5118093822,0.9180970972,0.0304152299,0.0555771784,0.0006839806,0.0000000000,-0.0059264637,1.0000000000,0.0946843488,11.6712074741,4.263,1.000000,47.9410743608,3,0.2729388928
3.008423,2.4266934638,2.3377867207,-2.1924775621,-1.3610494352,0.0962153164,-0.8314281269,0.1845137096,-0.4584049498,-24.2945789116,0.3296771723,0.5119223800,0.9180970972,0.0000000000,0.0946843488,0.0008374389,0.0000000000,-0.0059263334,1.0000000000,0.0946843488,19.8837132445,3.864,1.000000,47.9410743608,1,0.2729388928
3.016763,2.4084173645,2.3423886631,-2.1902048781,-1.2138987057,0.0725471036,-0.9763061724,0.1845137096,-0.6502880658,-23.0259739263,0.2917676193,0.5119223800,0.9180970972,0.0000000000,0.0946843488,0.0009833643,0.0000000000,-0.0059259464,1.0000000000,0.0946843488,19.8837132445,3.464,1.000000,47.9410743608,3,0.2729388928
3.025089,2.3901964887,2.3485245863,-2.1864363010,-1.0695934886,0.0474154135,-1.1168428124,0.1845137096,-0.8407362423,-22.8537811802,0.2534305498,0.5119223800,0.9180970972,0.0000000000,0.0946843488,0.0011249170,0.0000000000,-0.0059253000,0.4800265719,0.0946843488,19.8837132445,3.065,1.000000,47.9410743608,5,0.2729388928
3.033425,2.3719912875,2.3546605094,-2.1811646447,-0.9278366115,0.0223130820,-1.2533280332,0.1845137096,-1.0270746936,-22.3606141475,0.2168115989,0.5119223800,0.9180970972,0.0000000000,0.0946843488,0.0012623889,0.0000000000,-0.0059243866,0.0000000000,0.0946843488,19.8837132445,2.665,1.000000,47.9410743608,3,0.2729388928
3.041761,2.3538349810,2.3623304133,-2.1743966368,-0.7883619373,-0.0042620806,-1.3860346995,0.1844781922,-1.2125946545,-22.2623953121,0.1822883285,0.5119223800,0.9180970972,0.0000000000,0.0946843488,0.0013960549,0.0000000000,-0.0059231975,0.0000000000,0.0946843488,19.8837132445,2.266,1.000000,47.9410743608,2,0.2729388928
3.050103,2.3357310861,2.3684663365,-2.1661321394,-0.6559400202,-0.0292129788,-1.5101921192,0.1842347507,-1.3865446034,-20.8739938680,0.1526422318,0.5119223800,0.9180970972,0.0000000000,0.0946843488,0.0015211100,0.0000000000,-0.0059217203,0.0138240629,0.0946843488,19.8837132445,1.866,1.000000,47.9410743608,1,0.2729388928
3.058524,2.3175306272,2.3730682789,-2.1562799954,-0.5298343021,-0.0526925435,-1.6264456933,0.1837956462,-1.5498615716,-19.5980361857,0.1275838721,0.5119223800,0.9180970972,0.0000000000,0.0946843488,0.0016382040,0.0000000000,-0.0059199224,0.6589430026,0.0946843488,19.8837132445,1.467,1.000000,47.9410743608,1,0.2729388928
3.066760,2.2998161288,2.3822721636,-2.1451844296,-0.4093851480,-0.0802577154,-1.7357992816,0.1831268319,-1.7146190749,-19.7709003965,0.1050338405,0.5119223800,0.9180970972,0.0000000000,0.0946843488,0.0017483481,0.0000000000,-0.0059178484,1.0000000000,0.0946843488,19.8837132445,1.067,1.000000,47.9410743608,1,0.2729388928
3.075100,2.2819755657,2.3899420675,-2.1324842076,-0.2965062603,-0.1063743203,-1.8359779473,0.1822403792,-1.8675394036,-18.3504394479,0.0868095395,0.5119223800,0.9180970972,0.0000000000,0.0946843488,0.0018492510,0.0000000000,-0.0059154089,1.0000000000,0.0946843488,19.8837132445,0.668,1.000000,47.9410743608,1,0.2729388928
3.083429,2.2642739560,2.3976119715,-2.1183425577,-0.1879025864,-0.1323290147,-1.9304399713,0.1811376375,-2.0146348083,-17.6514485609,0.0715684967,0.5119223800,0.9180970972,0.0000000000,0.0946843488,0.0019443960,0.0000000000,-0.0059126079,1.0000000000,0.0946843488,19.8837132445,0.268,1.000000,47.9410743608,1,0.2729388928
3.091806,2.2465927824,2.4052818754,-2.1026546014,-0.0881365392,-0.1582158168,-2.0145180622,0.1798191723,-2.1514241593,-16.4147221189,0.0593867199,0.5119223800,0.9180970972,0.0000000000,0.0946843488,0.0020290819,0.0000000000,-0.0059093928,1.0000000000,0.0946843488,19.8837132445,-0.131,1.000000,47.9410743608,1,0.2729388928
3.100322,2.2287599276,2.4129517793,-2.0852143536,0.0062192913,-0.1842252481,-2.0914336450,0.1782839619,-2.2815082654,-15.6100927247,0.0494237731,0.5119223800,0.9180970972,0.0000000000,0.0946843488,0.0021065535,0.0000000000,-0.0059056806,1.0000000000,0.0946843488,19.8837132445,-0.531,1.000000,47.9410743608,9,0.2729388928
3.108409,2.2119676839,2.4175537217,-2.0672699175,0.0907210267,-0.2060731923,-2.1579909443,0.1765666853,-2.3931489006,-13.3968762355,0.0420397194,0.5119223800,0.9180970972,0.0000000000,0.0946843488,0.0021735920,0.0000000000,-0.0059017036,1.0000000000,0.0946843488,19.8837132445,-0.930,1.000000,47.9410743608,-5,0.2729388928
3.116753,2.1948004748,2.4221556641,-2.0473576090,0.1663977840,-0.2282487133,-2.2137553930,0.1746646127,-2.4948294710,-12.2016684414,0.0362330610,0.5119223800,0.9180970972,0.0000000000,0.0946843488,0.0022297596,0.0000000000,-0.0058970957,1.0000000000,0.0946843488,19.8837132445,-1.330,1.000000,47.9410743608,-4,0.2729388928
3.125092,2.1778152366,2.4252236256,-2.0260515004,0.2316667553,-0.2486523949,-2.2577182556,0.1725925094,-2.5813572405,-10.3833323415,0.0319486111,0.5119223800,0.9180970972,0.0000000000,0.0946843488,0.0022740403,0.0000000000,-0.0058919278,1.0000000000,0.0946843488,19.8837132445,-1.729,1.000000,47.9410743608,1,0.2729388928
3.133454,2.1609672175,2.4267576064,-2.0032901487,0.2876148826,-0.2673348254,-2.2909050313,0.1703647192,-2.6538440336,-8.6984151764,0.0288165623,0.5119223800,0.9180970972,0.0000000000,0.0946843488,0.0023074670,0.0000000000,-0.0058861227,1.0000000000,0.0946843488,19.8837132445,-2.129,1.000000,47.9410743608,1,0.2729388928
3.141762,2.1444224957,2.4282915872,-1.9793070708,0.3302066955,-0.2856422378,-2.3095137663,0.1679843672,-2.7111584333,-6.8777279643,0.0266940629,0.5119223800,0.9180970972,0.0000000000,0.0946843488,0.0023262102,0.0000000000,-0.0058796717,1.0000000000,0.0946843488,19.8837132445,-2.528,1.000000,47.9410743608,-2,0.2729388928
3.150095,2.1280344039,2.4282915872,-1.9538984370,0.3608370671,-0.3021948089,-2.3147355041,0.1654660771,-2.7517367347,-4.8693961583,0.0254909304,0.5119223800,0.9180970972,0.0000000000,0.0946843488,0.0023314697,0.0000000000,-0.0058724424,1.0000000000,0.0946843488,19.8837132445,-2.928,1.000000,47.9410743608,-3,0.2729388928
3.158426,2.1118665185,2.4267576064,-1.9271558325,0.3757462988,-0.3169087732,-2.3029021314,0.1628251707,-2.7717293581,-2.3991148164,0.0252972241,0.5119223800,0.9180970972,0.0000000000,0.0946843488,0.0023195508,0.0000000000,-0.0058643693,1.0000000000,0.0946843488,19.8837132445,-3.327,1.000000,47.9410743608,-3,0.2729388928
3.166761,2.0959200160,2.4267576064,-1.8990805467,0.3790806839,-0.3328731807,-2.2781612306,0.1600512275,-2.7814290146,-1.1639587788,0.0256119320,0.5119223800,0.9180970972,0.0000000000,0.0946843488,0.0022946310,0.0000000000,-0.0058553503,1.0000000000,0.0946843488,19.8837132445,-3.727,1.000000,47.9410743608,-3,0.2729388928
3.175180,2.0800556716,2.4252236256,-1.8694001497,0.3720490468,-0.3471657857,-2.2414491964,0.1571581793,-2.7759547813,0.6569079937,0.0266710013,0.5119223800,0.9180970972,0.0000000000,0.0946843488,0.0022576536,0.0000000000,-0.0058451712,1.0000000000,0.0946843488,19.8837132445,-4.126,1.000000,47.9410743608,-4,0.2729388928
3.183427,2.0647624773,2.4221556641,-1.8390570691,0.3532295193,-0.3592899613,-2.1922865884,0.1541640963,-2.7538230986,2.6558019349,0.0286069800,0.5119223800,0.9180970972,0.0000000000,0.0946843488,0.0022081356,0.0000000000,-0.0058340343,1.0000000000,0.0946843488,19.8837132445,-4.526,1.000000,47.9410743608,-4,0.2729388928
3.191761,2.0495690731,2.4190877025,-1.8071434868,0.3263576239,-0.3712711069,-2.1335011107,0.1510701704,-2.7218829386,3.8328191952,0.0312080228,0.5119223800,0.9180970972,0.0000000000,0.0946843488,0.0021489251,0.0000000000,-0.0058214687,1.0000000000,0.0946843488,19.8837132445,-4.925,1.000000,47.9410743608,-5,0.2729388928
3.200095,2.0346454794,2.4160197409,-1.7739883748,0.2922743132,-0.3829437183,-2.0662626880,0.1478789728,-2.6809729994,4.9091927078,0.0345322628,0.5119223800,0.9180970972,0.0000000000,0.0946843488,0.0020812006,0.0000000000,-0.0058074220,1.0000000000,0.0946843488,19.8837132445,-5.325,1.000000,47.9410743608,-4,0.2729388928
3.208427,2.0200064093,2.4129517793,-1.7396247706,0.2542371634,-0.3943105746,-1.9938619340,0.1445930513,-2.6343869015,5.5903317404,0.0384911320,0.5119223800,0.9180970972,0.0000000000,0.0946843488,0.0020082764,0.0000000000,-0.0057917165,1.0000000000,0.0946843488,19.8837132445,-5.724,1.000000,47.9410743608,-4,0.2729388928
3.216840,2.0055221811,2.4083498370,-1.7037217373,0.2126590955,-0.4039695942,-1.9163808328,0.1412266380,-2.5794080618,6.5974607722,0.0433939111,0.5119223800,0.9180970972,0.0000000000,0.0946843488,0.0019302352,0.0000000000,-0.0057739638,1.0000000000,0.0946843488,19.8837132445,-6.124,1.000000,47.9410743608,-5,0.2729388928
3.225097,1.9916034807,2.4022139138,-1.6673231026,0.1679099070,-0.4115120770,-1.8352330095,0.1377973707,-2.5166210349,7.5344432247,0.0493592620,0.5119223800,0.9180970972,0.0000000000,0.0946843488,0.0018485007,0.0000000000,-0.0057544530,1.0000000000,0.0946843488,19.8837132445,-6.523,1.000000,47.9410743608,-6,0.2729388928
3.233425,1.9778739484,2.3976119715,-1.6294741639,0.1203207752,-0.4203841225,-1.7497949391,0.1342941697,-2.4522571745,7.7236632420,0.0560534540,0.5119223800,0.9180970972,0.0000000000,0.0946843488,0.0017624450,0.0000000000,-0.0057324174,1.0000000000,0.0946843488,19.8837132445,-6.923,1.000000,47.9410743608,-7,0.2729388928
3.241760,1.9644539676,2.3914760483,-1.5904789116,0.0701882910,-0.4273989783,-1.6606672026,0.1307325115,-2.3805729113,8.6021115875,0.0641033762,0.5119223800,0.9180970972,0.0000000000,0.0946843488,0.0016726729,0.0000000000,-0.0057076957,1.0000000000,0.0946843488,19.8837132445,-7.322,1.000000,47.9410743608,-5,0.2729388928
3.250115,1.9513327422,2.3853401252,-1.5502962442,0.0177780706,-0.4341028477,-1.5680743147,0.1271149878,-2.3048609637,9.0854337092,0.0733764766,0.5119223800,0.9180970972,0.0000000000,0.0946843488,0.0015794106,0.0000000000,-0.0056798950,1.0000000000,0.0946843488,19.8837132445,-7.722,1.000000,47.9410743608,-6,0.2729388928
3.258427,1.9386172306,2.3792042020,-1.5092625975,-0.0341675611,-0.4404034982,-1.4750950364,0.1234449587,-2.2280136058,9.2216829516,0.0836532059,0.5119223800,0.9180970972,0.0000000000,0.0946843488,0.0014857591,0.0000000000,-0.0056488569,1.0000000000,0.0946843488,19.8837132445,-8.121,1.000000,47.9410743608,-8,0.2729388928
3.266760,1.9262149787,2.3700003173,-1.4670879697,-0.0882015721,-0.4433117132,-1.3788863976,0.1197506944,-2.1412234075,10.4148237949,0.0962323784,0.5119223800,0.9180970972,0.0000000000,0.0946843488,0.0013888550,0.0000000000,-0.0056139205,1.0000000000,0.0946843488,19.8837132445,-8.521,1.000000,47.9410743608,-8,0.2729388928
3.275085,1.9141806286,2.3623304133,-1.4239528875,-0.1441058615,-0.4473759640,-1.2798470259,0.1160225613,-2.0539317599,10.4749977091,0.1100007194,0.5119223800,0.9180970972,0.0000000000,0.0946843488,0.0012890996,0.0000000000,-0.0055747217,1.0000000000,0.0946843488,19.8837132445,-8.920,1.000000,47.9410743608,-9,0.2729388928
3.283504,1.9023790228,2.3531265286,-1.3793375206,-0.1991806575,-0.4496779440,-1.1801568631,0.1122752451,-1.9625083668,10.9708071807,0.1256470475,0.5119223800,0.9180970972,0.0000000000,0.0946843488,0.0011886887,0.0000000000,-0.0055301554,1.0000000000,0.0946843488,19.8837132445,-9.320,1.000000,47.9410743608,-9,0.2729388928
3.291761,1.8911749536,2.3439226439,-1.3346500349,-0.2560170370,-0.4513729281,-1.0786329978,0.1085138041,-1.8680597050,11.3338394134,0.1430127953,0.5119223800,0.9180970972,0.0000000000,0.0946843488,0.0010864309,0.0000000000,-0.0054810451,1.0000000000,0.0946843488,19.8837132445,-9.719,1.000000,47.9410743608,-9,0.2729388928
3.300097,1.8802400415,2.3347187592,-1.2886169653,-0.3144310284,-0.4527902836,-0.9741859369,0.1047405517,-1.7701481238,11.7493897422,0.1622364299,0.5119223800,0.9180970972,0.0000000000,0.0946843488,0.0009812287,0.0000000000,-0.0054253510,1.0000000000,0.0946843488,19.8837132445,-10.119,1.000000,47.9410743608,-10,0.2729388928
3.308423,1.8697050718,2.3239808936,-1.2417572086,-0.3742578729,-0.4522661291,-0.8674993357,0.1009716673,-1.6661368566,12.4813520663,0.1839739358,0.5119223800,0.9180970972,0.0000000000,0.0946843488,0.0008737709,0.0000000000,-0.0053628547,1.0000000000,0.0946843488,19.8837132445,-10.518,1.000000,47.9410743608,-8,0.2729388928
3.316846,1.8594481459,2.3117090473,-1.1934876925,-0.4353500186,-0.4499231557,-0.7581376739,0.0972223077,-1.5558191018,13.2381305741,0.2083985149,0.5119223800,0.9180970972,0.0000000000,0.0946843488,0.0007636186,0.0000000000,-0.0052918050,1.0000000000,0.0946843488,19.8837132445,-10.918,1.000000,47.9410743608,-11,0.2729388928
3.325097,1.8497989917,2.3009711818,-1.1453970232,-0.4975753231,-0.4485003065,-0.6478217000,0.0934848051,-1.4463627101,13.1347670052,0.2335010472,0.5119223800,0.9180970972,0.0000000000,0.0946843488,0.0006525051,0.0000000000,-0.0052136857,1.0000000000,0.0946843488,19.8837132445,-11.317,1.000000,47.9410743608,-11,0.2729388928
3.333424,1.8404661063,2.2886993355,-1.0960812145,-0.5608154445,-0.4452217583,-0.5352657699,0.0897746238,-1.3309540039,13.8490447400,0.2609027989,0.5119223800,0.9180970972,0.0000000000,0.0946843488,0.0005391354,0.0000000000,-0.0051253128,1.0000000000,0.0946843488,19.8837132445,-11.717,1.000000,47.9410743608,-10,0.2729388928
3.341756,1.8315421752,2.2748935084,-1.0459873143,-0.6249644000,-0.4399953948,-0.4210229143,0.0861079955,-1.2099470654,14.5208326202,0.2903371065,0.5119223800,0.9180970972,0.0000000000,0.0946843488,0.0004240667,0.0000000000,-0.0050262547,1.0000000000,0.0946843488,19.8837132445,-12.116,1.000000,47.9410743608,-13,0.2729388928
3.350175,1.8229509908,2.2626216621,-0.9946360269,-0.6874228264,-0.4359793431,-0.3072132005,0.0824748343,-1.0917439481,14.1843740811,0.3188078103,0.5119223800,0.9180970972,0.0000000000,0.0946843488,0.0003094342,0.0000000000,-0.0049141926,1.0000000000,0.0946843488,19.8837132445,-12.516,1.000000,47.9410743608,-12,0.2729388928
3.358427,1.8149536336,2.2488158350,-0.9436344048,-0.7508717236,-0.4298301649,-0.1927626812,0.0788929163,-0.9686131076,14.7757008612,0.3481938876,0.5119223800,0.9180970972,0.0000000000,0.0946843488,0.0001941562,0.0000000000,-0.0047915305,1.0000000000,0.0946843488,19.8837132445,-12.916,1.000000,47.9410743608,-12,0.2729388928
3.366760,1.8073072328,2.2365439887,-0.8914866917,-0.8127032026,-0.4248726963,-0.0787834891,0.0753523105,-0.8482795936,14.4400216712,0.3752969785,0.5119223800,0.9180970972,0.0000000000,0.0946843488,0.0000793530,0.0000000000,-0.0046535415,1.0000000000,0.0946843488,19.8837132445,-13.315,1.000000,47.9410743608,-13,0.2729388928
3.375088,1.8001020769,2.2242721424,-0.8387594195,-0.8730861793,-0.4194817609,0.0343267598,0.0718566291,-0.7279098600,14.4443680408,0.4005685095,0.5119223800,0.9180970972,0.0000000000,0.0946843488,-0.0000345749,-0.0000000000,-0.0045002197,1.0000000000,0.0946843488,19.8837132445,-13.715,1.000000,47.9410743608,-12,0.2729388928
3.383509,1.7932655028,2.2104663153,-0.7848603094,-0.9321719288,-0.4121952288,0.1473116194,0.0684216689,-0.6038409867,14.8882647862,0.4247067148,0.5119223800,0.9180970972,0.0000000000,0.0946843488,-0.0001483766,-0.0000000000,-0.0043282640,1.0000000000,0.0946843488,19.8837132445,-14.114,1.000000,47.9410743608,-14,0.2729388928
3.391760,1.7870089095,2.1966604883,-0.7315118547,-0.9900959275,-0.4043349543,0.2585840728,0.0650522109,-0.4802804790,14.8272609320,0.4458029415,0.5119223800,0.9180970972,0.0000000000,0.0946843488,-0.0002604535,-0.0000000000,-0.0041420922,1.0000000000,0.0946843488,19.8837132445,-14.514,1.000000,47.9410743608,-12,0.2729388928
3.400093,1.7811396343,2.1843886419,-0.6771402985,-1.0444750550,-0.3976403778,0.3673347564,0.0617385411,-0.3615018071,14.2534406246,0.4620956339,0.5119223800,0.9180970972,0.0000000000,0.0946843488,-0.0003699904,-0.0000000000,-0.0039352693,1.0000000000,0.0946843488,19.8837132445,-14.913,1.000000,47.9410743608,-15,0.2729388928
3.408426,1.7757252646,2.1675148533,-0.6223035055,-1.0981839699,-0.3858925523,0.4758804645,0.0585227699,-0.2327958257,15.4447177688,0.4781370311,0.5119223800,0.9183577414,0.0312773045,0.0645914380,-0.0004793208,-0.0000000000,-0.0037086195,1.0000000000,0.0946843488,13.5642019731,-14.514,1.000000,47.9410743608,-14,0.2749588913
3.416843,1.7707221120,2.1537090262,-0.5664819955,-1.1487882178,-0.3768181428,0.5823062223,0.0553826187,-0.1114446334,14.5621430702,0.4912863076,0.5120384321,0.9184188356,0.0073313006,0.0296386751,-0.0005865160,-0.0000000000,-0.0034588686,1.0000000000,0.0946843488,6.2241217745,-14.114,1.000000,47.9410743608,-15,0.2716563462
3.425090,1.7662770482,2.1383692183,-0.5113998566,-1.1966120360,-0.3656665939,0.6852121795,0.0523353970,0.0106035899,14.6457867965,0.4918075271,0.5120656126,0.9184193892,0.0000664281,-0.0070915591,-0.0006901659,-0.0000000000,-0.0031934657,1.0000000000,0.0946843488,-1.4892274122,-13.715,1.000000,47.9410743608,-12,0.2668150090
3.433426,1.7622475123,2.1230294104,-0.4553799321,-1.2444502486,-0.3540994400,0.7890703164,0.0493845684,0.1345244329,14.8705011660,0.4849201344,0.5120658588,0.9185074483,0.0105670993,-0.0439227339,-0.0007947748,-0.0000000000,-0.0029044050,1.0000000000,0.0946843488,-9.2237741266,-13.315,1.000000,47.9410743608,-14,0.2644358481
3.441760,1.7586867549,2.1061556218,-0.3990561574,-1.2897969036,-0.3405429059,0.8907407462,0.0465467108,0.2603198728,15.0954527821,0.4793566068,0.5121050212,0.9188340580,0.0391931661,-0.0805934186,-0.0008971803,-0.0000000000,-0.0025948748,1.0000000000,0.0946843488,-16.9246179059,-12.916,1.000000,47.9410743608,-13,0.2686449457
3.450089,1.7555983965,2.0908158139,-0.3424948776,-1.3354166566,-0.3280464872,0.9929217789,0.0465467108,0.3873187931,15.2398704407,0.4809765763,0.5122501235,0.9188340580,0.0000000000,-0.0946843488,-0.0010001000,-0.0000000000,-0.0022659512,1.0000000000,0.0946843488,-19.8837132445,-12.516,1.000000,47.9410743608,-12,0.2686449457
3.458425,1.7529799596,2.0754760060,-0.2856469891,-1.3787765379,-0.3150922819,1.0931295488,0.0465467108,0.5132536146,15.1121785751,0.4699764371,0.5122501235,0.9188340580,0.0000000000,-0.0946843488,-0.0011010323,-0.0000000000,-0.0019185453,1.0000000000,0.0946843488,-19.8837132445,-12.116,1.000000,47.9410743608,-12,0.2686449457
3.466760,1.7508368484,2.0616701789,-0.2286200567,-1.4201125584,-0.3032075997,1.1914925017,0.0465467108,0.6352195465,14.6359118283,0.4548182678,0.5122501235,0.9188340580,0.0000000000,-0.0946843488,-0.0012001063,-0.0000000000,-0.0015550315,1.0000000000,0.0946843488,-19.8837132445,-11.717,1.000000,47.9410743608,-12,0.2686449457
3.475094,1.7491695612,2.0463303710,-0.1714313188,-1.4571316323,-0.2893362937,1.2857003135,0.0465467108,0.7569757720,14.6107470606,0.4378608741,0.5122501235,0.9188340580,0.0000000000,-0.0946843488,-0.0012949952,-0.0000000000,-0.0011777706,1.0000000000,0.0946843488,-19.8837132445,-11.317,1.000000,47.9410743608,-12,0.2686449457
3.483422,1.7479802350,2.0325245439,-0.1141721948,-1.4902846019,-0.2765417677,1.3761124071,0.0465467108,0.8727977942,13.8986426699,0.4185508755,0.5122501235,0.9188340580,0.0000000000,-0.0946843488,-0.0013860609,-0.0000000000,-0.0007900873,1.0000000000,0.0946843488,-19.8837132445,-10.918,1.000000,47.9410743608,-11,0.2686449457
3.491760,1.7472675790,2.0171847361,-0.0567696106,-1.5199752257,-0.2617551829,1.4632056151,0.0465467108,0.9892571596,13.9751238503,0.3982789802,0.5122501235,0.9188340580,0.0000000000,-0.0946843488,-0.0014737838,-0.0000000000,-0.0003945778,1.0000000000,0.0946843488,-19.8837132445,-10.518,1.000000,47.9410743608,-10,0.2686449457
3.500098,1.7470337084,2.0049128898,0.0006779143,-1.5465650954,-0.2495744247,1.5472430097,0.0465467108,1.0974855400,12.9874056476,0.3764343867,0.5122501235,0.9188340580,0.0000000000,-0.0946843488,-0.0015584287,-0.0000000000,0.0000047187,1.0000000000,0.0946843488,-19.8837132445,-10.119,1.000000,47.9410743608,-10,0.2686449457
3.508434,1.7472786991,1.9911070627,0.0581031602,-1.5703780396,-0.2353957360,1.6284811998,0.0465467108,1.2068826058,13.1276478958,0.3544193733,0.5122501235,0.9188340580,0.0000000000,-0.0946843488,-0.0016402542,-0.0000000000,0.0004038190,1.0000000000,0.0946843488,-19.8837132445,-9.719,1.000000,47.9410743608,-10,0.2686449457
3.516826,1.7480088552,1.9773012356,0.1158842068,-1.5891996194,-0.2207586845,1.7050838262,0.0465467108,1.3125544164,12.6806172668,0.3328239923,0.5122501235,0.9188340580,0.0000000000,-0.0946843488,-0.0017174106,-0.0000000000,0.0008017941,1.0000000000,0.0946843488,-19.8837132445,-9.320,1.000000,47.9410743608,-9,0.2686449457
3.525087,1.7492008395,1.9650293893,0.1726800570,-1.6035511101,-0.2072177892,1.7762311671,0.0465467108,1.4105939755,11.7647470996,0.3121267240,0.5122501235,0.9188340580,0.0000000000,-0.0946843488,-0.0017890723,-0.0000000000,0.0011861252,1.0000000000,0.0946843488,-19.8837132445,-8.920,1.000000,47.9410743608,-10,0.2686449457
3.533426,1.7508793231,1.9527575430,0.2298896471,-1.6138993477,-0.1932118912,1.8437889948,0.0465467108,1.5059675165,11.4448249088,0.2921867690,0.5122501235,0.9188340580,0.0000000000,-0.0946843488,-0.0018571185,-0.0000000000,0.0015632718,1.0000000000,0.0946843488,-19.8837132445,-8.521,1.000000,47.9410743608,-8,0.2686449457
3.541753,1.7530310550,1.9420196775,0.2868663499,-1.6181579653,-0.1802994259,1.9050243152,0.0465467108,1.5928469931,10.4255371952,0.2739515185,0.5122501235,0.9188340580,0.0000000000,-0.0946843488,-0.0019187966,-0.0000000000,0.0019261615,1.0000000000,0.0946843488,-19.8837132445,-8.121,1.000000,47.9410743608,-7,0.2686449457
3.550162,1.7556846074,1.9312818119,0.3442036139,-1.6169629350,-0.1669144251,1.9611665489,0.0465467108,1.6755718384,9.9269814417,0.2572073376,0.5122501235,0.9188340580,0.0000000000,-0.0946843488,-0.0019753447,-0.0000000000,0.0022761409,1.0000000000,0.0946843488,-19.8837132445,-7.722,1.000000,47.9410743608,-7,0.2686449457
3.558429,1.7587622291,1.9205439464,0.4003354550,-1.6108838113,-0.1531315815,2.0112192663,0.0465467108,1.7529972831,9.2910533551,0.2422675205,0.5122501235,0.9188340580,0.0000000000,-0.0946843488,-0.0020257592,-0.0000000000,0.0026021093,1.0000000000,0.0946843488,-19.8837132445,-7.322,1.000000,47.9410743608,-8,0.2686449457
3.566756,1.7623301798,1.9113400617,0.4566017897,-1.5979262181,-0.1404293259,2.0545280078,0.0465467108,1.8215327042,8.2242505434,0.2293239409,0.5122501235,0.9188340580,0.0000000000,-0.0946843488,-0.0020693811,-0.0000000000,0.0029109125,1.0000000000,0.0946843488,-19.8837132445,-6.923,1.000000,47.9410743608,-8,0.2686449457
3.575089,1.7663686844,1.9021361770,0.5125989859,-1.5813129601,-0.1272761466,2.0939119460,0.0465467108,1.8870388565,7.8607382698,0.2175326991,0.5122501235,0.9188340580,0.0000000000,-0.0946843488,-0.0021090497,-0.0000000000,0.0031994434,1.0000000000,0.0946843488,-19.8837132445,-6.523,1.000000,47.9410743608,-7,0.2686449457
3.583423,1.7708728191,1.8929322923,0.5682499344,-1.5589213699,-0.1136883656,2.1271713042,0.0465467108,1.9472835477,7.2293629489,0.2074390460,0.5122501235,0.9188340580,0.0000000000,-0.0946843488,-0.0021425495,-0.0000000000,0.0034670752,1.0000000000,0.0946843488,-19.8837132445,-6.124,1.000000,47.9410743608,-7,0.2686449457
3.591755,1.7758377067,1.8852623883,0.6234960810,-1.5338593587,-0.1011881523,2.1573554398,0.0465467108,2.0022931070,6.6011471162,0.1982749624,0.5122501235,0.9188340580,0.0000000000,-0.0946843488,-0.0021729519,-0.0000000000,0.0037137447,1.0000000000,0.0946843488,-19.8837132445,-5.724,1.000000,47.9410743608,-6,0.2686449457
3.600093,1.7812657555,1.8760585036,0.6783597424,-1.5039013649,-0.0867170875,2.1822611072,0.0465467108,2.0559383092,6.4374242549,0.1903828420,0.5122501235,0.9188340580,0.0000000000,-0.0946843488,-0.0021980376,-0.0000000000,0.0039401015,1.0000000000,0.0946843488,-19.8837132445,-5.325,1.000000,47.9410743608,-6,0.2686449457
3.608425,1.7871449307,1.8699225804,0.7327185873,-1.4695587024,-0.0748864026,2.2022772898,0.0465467108,2.0994502319,5.2214307258,0.1839225689,0.5122501235,0.9188340580,0.0000000000,-0.0946843488,-0.0022181985,-0.0000000000,0.0041464844,1.0000000000,0.0946843488,-19.8837132445,-4.925,1.000000,47.9410743608,-6,0.2686449457
3.616758,1.7934754613,1.8653206381,0.7865793116,-1.4337937349,-0.0641459805,2.2203730465,0.0465467108,2.1388764668,4.7311481907,0.1780380443,0.5122501235,0.9188340580,0.0000000000,-0.0946843488,-0.0022364251,-0.0000000000,0.0043339944,0.9537737613,0.0946843488,-19.8837132445,-4.526,1.000000,47.9410743608,-5,0.2686449457
3.625088,1.8002496074,1.8591847149,0.8398783602,-1.3942505529,-0.0514482506,2.2341289131,0.0465467108,2.1778500250,4.6768269864,0.1730532703,0.5122501235,0.9188340580,0.0000000000,-0.0946843488,-0.0022502804,-0.0000000000,0.0045036234,0.6176704821,0.0946843488,-19.8837132445,-4.126,1.000000,47.9410743608,-5,0.2686449457
3.633427,1.8074735840,1.8545827726,0.8926604874,-1.3488192874,-0.0398662888,2.2414797748,0.0465467108,2.2082026629,3.6423165437,0.1696630691,0.5122501235,0.9188340580,0.0000000000,-0.0946843488,-0.0022576844,-0.0000000000,0.0046567936,0.2334407988,0.0946843488,-19.8837132445,-3.727,1.000000,47.9410743608,-4,0.2686449457
3.641759,1.8151290437,1.8515148110,0.9447897473,-1.3006193117,-0.0294016921,2.2454090590,0.0465467108,2.2329146361,2.9654367850,0.1671368843,0.5122501235,0.9188340580,0.0000000000,-0.0946843488,-0.0022616421,-0.0000000000,0.0047944406,0.0155506641,0.0946843488,-19.8837132445,-3.327,1.000000,47.9410743608,-3,0.2686449457
3.650096,1.8232206660,1.8484468494,0.9962992845,-1.2499397774,-0.0185142475,2.2462390619,0.0465467108,2.2553671040,2.6942961454,0.1652492306,0.5122501235,0.9188340580,0.0000000000,-0.0946843488,-0.0022624781,-0.0000000000,0.0049179977,0.0000000000,0.0946843488,-19.8837132445,-2.928,1.000000,47.9410743608,-3,0.2686449457
3.658422,1.8317280266,1.8453788878,1.0470626692,-1.1945351897,-0.0072364374,2.2415978589,0.0465467108,2.2731236320,2.1307833575,0.1645427810,0.5122501235,0.9188340580,0.0000000000,-0.0946843488,-0.0022578033,-0.0000000000,0.0050284847,0.0000000000,0.0946843488,-19.8837132445,-2.528,1.000000,47.9410743608,-3,0.2686449457
3.666761,1.8406686126,1.8453788878,1.0971831191,-1.1348990119,0.0013839139,2.2320821310,0.0465582434,2.2807392934,0.9138793693,0.1651677460,0.5122501235,0.9188340580,0.0000000000,-0.0946843488,-0.0022482188,-0.0000000000,0.0051273838,0.0000000000,0.0946843488,-19.8837132445,-2.129,1.000000,47.9410743608,-4,0.2686449457
3.675097,1.8500209011,1.8438449070,1.1465346692,-1.0739776206,0.0119430471,2.2205122898,0.0466577688,2.2902380275,1.1398481017,0.1660159505,0.5122501235,0.9188340580,0.0000000000,-0.0946843488,-0.0022365653,-0.0000000000,0.0052156230,0.0000000000,0.0946843488,-19.8837132445,-1.729,1.000000,47.9410743608,1,0.2686449457
3.683427,1.8597742229,1.8453788878,1.1950656017,-1.0094007890,0.0198156229,2.2044663907,0.0468228990,2.2899898905,-0.0297764498,0.1681314184,0.5122501235,0.9188340580,0.0000000000,-0.0946843488,-0.0022204034,-0.0000000000,0.0052942407,0.0000000000,0.0946843488,-19.8837132445,-1.330,1.000000,47.9410743608,-2,0.2686449457
3.691869,1.8700679008,1.8453788878,1.2434150906,-0.9415502748,0.0297449566,2.1849653655,0.0470707737,2.2904529386,0.0555657733,0.1707974324,0.5122501235,0.9188340580,0.0000000000,-0.0946843488,-0.0022007614,-0.0000000000,0.0053651714,0.0189358791,0.0946843488,-19.8837132445,-0.930,1.000000,47.9410743608,3,0.2686449457
3.700098,1.8804913272,1.8469128686,1.2897035287,-0.8732724152,0.0382677633,2.1629759438,0.0473896717,2.2857042601,-0.5698414137,0.1741984490,0.5122501235,0.9188340580,0.0000000000,-0.0946843488,-0.0021786130,-0.0000000000,0.0054267288,0.1877182257,0.0946843488,-19.8837132445,-0.531,1.000000,47.9410743608,-1,0.2686449457
3.708432,1.8914317213,1.8469128686,1.3357012781,-0.8021073915,0.0488260149,2.1378086696,0.0477965552,2.2819068805,-0.4556855494,0.1781165651,0.5122501235,0.9188340580,0.0000000000,-0.0946843488,-0.0021532638,-0.0000000000,0.0054822548,0.5285010097,0.0946843488,-19.8837132445,-0.131,1.000000,47.9410743608,-1,0.2686449457
3.716763,1.9027485131,1.8484468494,1.3807713174,-0.7308611747,0.0582262474,2.1116324921,0.0482817739,2.2748780143,-0.8434639473,0.1823970680,0.5122501235,0.9188340580,0.0000000000,-0.0946843488,-0.0021268984,-0.0000000000,0.0055316549,0.8258978991,0.0946843488,-19.8837132445,0.268,1.000000,47.9410743608,1,0.2686449457
3.725120,1.9144725649,1.8484468494,1.4250266080,-0.6620466927,0.0695807788,2.0870733007,0.0488616137,2.2734406726,-0.1724810051,0.1860258212,0.5122501235,0.9188340580,0.0000000000,-0.0946843488,-0.0021021617,-0.0000000000,0.0055757424,0.9999152028,0.0946843488,-19.8837132445,0.668,1.000000,47.9410743608,1,0.2686449457
3.733424,1.9264860093,1.8499808302,1.4680336283,-0.5929055376,0.0796889676,2.0609391659,0.0495256884,2.2680362112,-0.6485353742,0.1901725763,0.5122501235,0.9188340580,0.0000000000,-0.0946843488,-0.0020758386,-0.0000000000,0.0056147395,1.0000000000,0.0946843488,-19.8837132445,1.067,1.000000,47.9410743608,0,0.2686449457
3.741758,1.9388970537,1.8499808302,1.5101889709,-0.5309851713,0.0917675116,2.0411741422,0.0502904177,2.2730132364,0.5972430269,0.1924016536,0.5122501235,0.9188340580,0.0000000000,-0.0946843488,-0.0020559307,-0.0000000000,0.0056495888,1.0000000000,0.0946843488,-19.8837132445,1.467,1.000000,47.9410743608,0,0.2686449457
3.750093,1.9516562788,1.8515148110,1.5513127353,-0.4730270388,0.1026815319,2.0243397741,0.0511460971,2.2786978545,0.6821541737,0.1939414319,0.5122501235,0.9188340580,0.0000000000,-0.0946843488,-0.0020389746,-0.0000000000,0.0056806289,1.0000000000,0.0946843488,-19.8837132445,1.866,1.000000,47.9410743608,0,0.2686449457
3.758448,1.9647857667,1.8530487918,1.5914680261,-0.4161128938,0.1139714210,2.0075809199,0.0520958590,2.2852972317,0.7919252611,0.1953308907,0.5122501235,0.9188340580,0.0000000000,-0.0946843488,-0.0020220946,-0.0000000000,0.0057083495,1.0000000000,0.0946843488,-19.8837132445,2.266,1.000000,47.9410743608,2,0.2686449457
3.766760,1.9781764696,1.8545827726,1.6303299029,-0.3651426041,0.1255544425,1.9954725070,0.0531421460,2.2972243898,1.4312589725,0.1953976043,0.5122501235,0.9188340580,0.0000000000,-0.0946843488,-0.0020098986,-0.0000000000,0.0057329363,1.0000000000,0.0946843488,-19.8837132445,2.665,1.000000,47.9410743608,2,0.2686449457
3.775096,1.9919255042,1.8576507341,1.6681871496,-0.3169909719,0.1359769505,1.9851781215,0.0542752873,2.3087464380,1.3826457855,0.1950582397,0.5122501235,0.9188340580,0.0000000000,-0.0946843488,-0.0019995298,-0.0000000000,0.0057549347,1.0000000000,0.0946843488,-19.8837132445,3.065,1.000000,47.9410743608,3,0.2686449457
3.783422,2.0059679413,1.8622526765,1.7048560634,-0.2688591808,0.1451589868,1.9737152442,0.0554849455,2.3167118670,0.9558514869,0.1951121417,0.5122501235,0.9188340580,0.0000000000,-0.0946843488,-0.0019879841,-0.0000000000,0.0057745467,1.0000000000,0.0946843488,-19.8837132445,3.464,1.000000,47.9410743608,2,0.2686449457
3.791753,2.0203198290,1.8668546189,1.7403803278,-0.2207451586,0.1546505692,1.9611254864,0.0567737002,2.3242431671,0.9037560108,0.1953408224,0.5122501235,0.9188340580,0.0000000000,-0.0946843488,-0.0019753033,-0.0000000000,0.0057920750,1.0000000000,0.0946843488,-19.8837132445,3.864,1.000000,47.9410743608,2,0.2686449457
3.800088,2.0349707710,1.8745245228,1.7747308690,-0.1726470497,0.1613733296,1.9473779187,0.0581184780,2.3251730183,0.1115821447,0.1961751053,0.5122501235,0.9188340580,0.0000000000,-0.0946843488,-0.0019614564,-0.0000000000,0.0058077482,1.0000000000,0.0946843488,-19.8837132445,4.263,1.000000,47.9410743608,3,0.2686449457
3.808424,2.0499036875,1.8806604459,1.8078659793,-0.1220587437,0.1698986734,1.9299247230,0.0595343002,2.3260472257,0.1049048841,0.1976506333,0.5122501235,0.9188340580,0.0000000000,-0.0946843488,-0.0019438770,-0.0000000000,0.0058217632,1.0000000000,0.0946843488,-19.8837132445,4.663,1.000000,47.9410743608,2,0.2686449457
3.816760,2.0651069157,1.8898643307,1.8397597859,-0.0667358569,0.1756009437,1.9064956428,0.0609976414,2.3153857804,-1.2793734320,0.2009999761,0.5122501235,0.9188340580,0.0000000000,-0.0946843488,-0.0019202785,-0.0000000000,0.0058343009,1.0000000000,0.0946843488,-19.8837132445,5.062,1.000000,47.9410743608,5,0.2686449457
3.825087,2.0805557865,1.9006021962,1.8703632714,-0.0096772960,0.1800055555,1.8800405674,0.0624976877,2.2991573832,-1.9474076729,0.2052722645,0.5122501235,0.9188340580,0.0000000000,-0.0946843488,-0.0018936322,-0.0000000000,0.0058455123,1.0000000000,0.0946843488,-19.8837132445,5.462,1.000000,47.9410743608,5,0.2686449457
3.833507,2.0964296823,1.9113400617,1.9000047133,0.0539445702,0.1847999486,1.8460601431,0.0640376873,2.2762171386,-2.7528293454,0.2114181474,0.5122501235,0.9188340580,0.0000000000,-0.0946843488,-0.0018594061,-0.0000000000,0.0058556564,1.0000000000,0.0946843488,-19.8837132445,5.861,1.000000,47.9410743608,4,0.2686449457
3.841761,2.1122280164,1.9220779272,1.9277724522,0.1234442997,0.1894872170,1.8043281525,0.0656167474,2.2453510938,-3.7039253845,0.2196885672,0.5122501235,0.9188340580,0.0000000000,-0.0946843488,-0.0018173724,-0.0000000000,0.0058645610,1.0000000000,0.0946843488,-19.8837132445,6.261,1.000000,47.9410743608,6,0.2686449457
3.850094,2.1284034495,1.9343497735,1.9544891792,0.1982080352,0.1929893370,1.7562811441,0.0672249919,2.2058451033,-4.7407188517,0.2298659936,0.5122501235,0.9188340580,0.0000000000,-0.0946843488,-0.0017689781,-0.0000000000,0.0058726152,1.0000000000,0.0946843488,-19.8837132445,6.660,1.000000,47.9410743608,5,0.2686449457
3.858426,2.1447963725,1.9481556006,1.9798673169,0.2801904763,0.1951362030,1.6996768406,0.0688511269,2.1551079246,-6.0884614497,0.2426826755,0.5122501235,0.9188340580,0.0000000000,-0.0946843488,-0.0017119645,-0.0000000000,0.0058798264,1.0000000000,0.0946843488,-19.8837132445,7.060,1.000000,47.9410743608,6,0.2686449457
3.866786,2.1614480779,1.9619614277,2.0039627469,0.3636288371,0.1975340334,1.6403339098,0.0704972439,2.1021502369,-6.3549225216,0.2563359726,0.5122501235,0.9188340580,0.0000000000,-0.0946843488,-0.0016521926,-0.0000000000,0.0058862986,1.0000000000,0.0946843488,-19.8837132445,7.459,1.000000,47.9410743608,6,0.2686449457
3.875097,2.1781976360,1.9773012356,2.0265491031,0.4508755163,0.1984752857,1.5756735868,0.0721512046,2.0409901274,-7.3392131381,0.2717940299,0.5122501235,0.9188340580,0.0000000000,-0.0946843488,-0.0015870648,-0.0000000000,0.0058920514,1.0000000000,0.0946843488,-19.8837132445,7.859,1.000000,47.9410743608,6,0.2686449457
3.883424,2.1951624698,1.9941750243,2.0477941467,0.5415327906,0.1980795188,1.5062613560,0.0738018673,1.9724195378,-8.2284707561,0.2888124820,0.5122501235,0.9188340580,0.0000000000,-0.0946843488,-0.0015171508,-0.0000000000,0.0058971989,1.0000000000,0.0946843488,-19.8837132445,8.258,1.000000,47.9410743608,7,0.2686449457
3.891763,2.2123237391,2.0110488129,2.0676659865,0.6352444729,0.1978637857,1.4324215137,0.0754507321,1.8997771110,-8.7170912094,0.3070242692,0.5122501235,0.9188340580,0.0000000000,-0.0946843488,-0.0014427771,-0.0000000000,0.0059017932,1.0000000000,0.0946843488,-19.8837132445,8.658,1.000000,47.9410743608,7,0.2686449457
3.900201,2.2298508156,2.0263886208,2.0863286105,0.7316915745,0.1995331519,1.3546370360,0.0771135084,1.8269475737,-8.7395444847,0.3259619779,0.5122501235,0.9188340580,0.0000000000,-0.0946843488,-0.0013644303,-0.0000000000,0.0059059222,1.0000000000,0.0946843488,-19.8837132445,9.057,1.000000,47.9410743608,8,0.2686449457
3.908428,2.2470839129,2.0463303710,2.1031117563,0.8305884207,0.1962934420,1.2725233356,0.0787492871,1.7400127671,-10.4321767825,0.3462800694,0.5122501235,0.9188340580,0.0000000000,-0.0946843488,-0.0012817230,-0.0000000000,0.0059094881,1.0000000000,0.0946843488,-19.8837132445,9.457,1.000000,47.9410743608,9,0.2686449457
3.916755,2.2646622612,2.0662721213,2.1186694426,0.9291747228,0.1934006507,1.1894947198,0.0803609592,1.6528282554,-10.4621414031,0.3660185563,0.5122501235,0.9188340580,0.0000000000,-0.0946843488,-0.0011980941,-0.0000000000,0.0059126737,1.0000000000,0.0946843488,-19.8837132445,9.857,1.000000,47.9410743608,10,0.2686449457
3.925107,2.2824187542,2.0862138715,2.1328184575,1.0299873612,0.1906740489,1.1028310963,0.0819499096,1.5623163838,-10.8614245942,0.3857120305,0.5122501235,0.9188340580,0.0000000000,-0.0946843488,-0.0011108039,-0.0000000000,0.0059154741,1.0000000000,0.0946843488,-19.8837132445,10.256,1.000000,47.9410743608,11,0.2686449457
3.933496,2.3003647787,2.1076896026,2.1455506020,1.1327938272,0.1865922915,1.0127567748,0.0835048454,1.4656689349,-11.5976938740,0.4048854567,0.5122501235,0.9188340580,0.0000000000,-0.0946843488,-0.0010200784,-0.0000000000,0.0059179177,1.0000000000,0.0946843488,-19.8837132445,10.656,1.000000,47.9410743608,10,0.2686449457
3.941750,2.3181215663,2.1306993144,2.1566243969,1.2348814462,0.1807911764,0.9217429507,0.0850114385,1.3646196709,-12.1259116743,0.4224094038,0.5122501235,0.9188340580,0.0000000000,-0.0946843488,-0.0009284066,-0.0000000000,0.0059199859,1.0000000000,0.0946843488,-19.8837132445,11.055,1.000000,47.9410743608,11,0.2686449457
3.950086,2.3361397721,2.1537090262,2.1663355277,1.3363252912,0.1752549365,0.8300102365,0.0864718963,1.2633320673,-12.1545124381,0.4376894981,0.5122501235,0.9188340580,0.0000000000,-0.0946843488,-0.0008360107,-0.0000000000,0.0059217570,1.0000000000,0.0946843488,-19.8837132445,11.455,1.000000,47.9410743608,11,0.2686449457
3.958420,2.3542293966,2.1767187380,2.1745597823,1.4371925950,0.1697932112,0.7373671873,0.0878868397,1.1612372351,-12.2513798616,0.4504686742,0.5122501235,0.9188340580,0.0000000000,-0.0946843488,-0.0007426979,-0.0000000000,0.0059232264,1.0000000000,0.0946843488,-19.8837132445,11.854,1.000000,47.9410743608,10,0.2686449457
3.966850,2.3725901556,2.1997284498,2.1813621139,1.5375435691,0.1646053930,0.6438185448,0.0892585513,1.0587381605,-12.2998889501,0.4603731410,0.5122501235,0.9188340580,0.0000000000,-0.0946843488,-0.0006484730,-0.0000000000,0.0059244210,1.0000000000,0.0946843488,-19.8837132445,12.254,1.000000,47.9410743608,12,0.2686449457
3.975091,2.3905905327,2.2242721424,2.1865337226,1.6349276879,0.1575391435,0.5516060347,0.0905713775,0.9537865899,-12.5941884753,0.4665838664,0.5122501235,0.9188340580,0.0000000000,-0.0946843488,-0.0005555938,-0.0000000000,0.0059253168,1.0000000000,0.0946843488,-19.8837132445,12.653,1.000000,47.9410743608,12,0.2686449457
3.983428,2.4088356082,2.2488158350,2.1902737422,1.7321592451,0.1507184117,0.4581144972,0.0918273643,0.8479875434,-12.6958855731,0.4694612513,0.5122501235,0.9188340580,0.0000000000,-0.0946843488,-0.0004614264,-0.0000000000,0.0059259581,1.0000000000,0.0946843488,-19.8837132445,13.053,1.000000,47.9410743608,13,0.2686449457
3.991755,2.4270835150,2.2764274892,2.1925096532,1.8292541733,0.1408332832,0.3632554800,0.0930009750,0.7346538988,-13.6000373596,0.4679225509,0.5122501235,0.9188340580,0.0000000000,-0.0946843488,-0.0003658816,-0.0000000000,0.0059263389,1.0000000000,0.0946843488,-19.8837132445,13.452,1.000000,47.9410743608,14,0.2686449457
4.000087,2.4453571160,2.3025051626,2.1932453397,1.9237222930,0.1325219352,0.2695230468,0.0941053244,0.6255040711,-13.0979793223,0.4629661812,0.5122501235,0.9188340580,0.0000000000,-0.0946843488,-0.0002714715,-0.0000000000,0.0059264637,1.0000000000,0.0946843488,-19.8837132445,13.852,1.000000,47.9410743608,12,0.2686449457
4.008420,2.4636297349,2.3301168168,2.1924781900,2.0183423847,0.1226748082,0.1741358053,0.0951276145,0.5115684637,-13.6722728890,0.4538428369,0.5122501235,0.9188340580,0.0000000000,-0.0946843488,-0.0001753947,-0.0000000000,0.0059263335,1.0000000000,0.0946843488,-19.8837132445,14.251,1.000000,47.9410743608,13,0.2686449457
4.016763,2.4819127784,2.3561944902,2.1902049789,2.1130985771,0.1143713559,0.0771064018,0.0960807091,0.3989882018,-13.5096314260,0.4417315947,0.5122501235,0.9188340580,0.0000000000,-0.0946843488,-0.0000776638,-0.0000000000,0.0059259464,1.0000000000,0.0946843488,-19.8837132445,14.651,1.000000,47.9410743608,14,0.2686449457
4.025096,2.5001504973,2.3868741060,2.1864322721,2.2054722079,0.1014334304,-0.0190399358,0.0969259877,0.2779806303,-14.5209085833,0.4242869046,0.5122501235,0.9191710253,0.0404360698,-0.0685692822,0.0000191776,0.0000000000,0.0059252994,1.0000000000,0.0946843488,-14.3995492596,14.251,1.000000,47.9410743608,14,0.2727165212
4.033422,2.5183336056,2.4160197409,2.1811665845,2.2982165497,0.0899728845,-0.1170499652,0.0976757618,0.1579492707,-14.4037631528,0.4108203998,0.5123995790,0.9192770168,0.0127189851,-0.0352190826,0.0001178962,0.0000000000,0.0059243869,1.0000000000,0.0946843488,-7.3960073495,13.852,1.000000,47.9410743608,13,0.2705726426
4.041757,2.5364852619,2.4436313951,2.1744009930,2.3887884385,0.0800265330,-0.2143874455,0.0983426495,0.0415159203,-13.9720020487,0.3855863774,0.5124465375,0.9192839770,0.0008352193,-0.0041702892,0.0002159373,0.0000000000,0.0059231983,1.0000000000,0.0946843488,-0.8757607219,13.452,1.000000,47.9410743608,14,0.2659143718
4.050125,2.5546486026,2.4743110109,2.1661077329,2.4799192039,0.0670209033,-0.3138114710,0.0989011571,-0.0831865699,-14.9642988232,0.3534660561,0.5124496202,0.9193100692,0.0031310676,0.0255222205,0.0003160802,0.0000000000,0.0059217159,0.9882384301,0.0946843488,5.3596663096,13.053,1.000000,47.9410743608,13,0.2618293053
4.058414,2.5725636831,2.5034566458,2.1564179928,2.5665415824,0.0553252033,-0.4101235896,0.0993622004,-0.2022717374,-14.2902200973,0.3226129870,0.5124611759,0.9194538177,0.0172498129,0.0499295408,0.0004130886,0.0000000000,0.0059199478,0.7424638547,0.0946843488,10.4852035670,12.653,1.000000,47.9410743608,12,0.2608121287
4.066760,2.5905156548,2.5310683000,2.1451837396,2.6491264095,0.0452220563,-0.5039426699,0.0997390509,-0.3157840748,-13.6214804883,0.2963181112,0.5125248116,0.9197823256,0.0394209568,0.0701046075,0.0005075859,0.0000000000,0.0059178483,0.4051339774,0.0946843488,14.7219675666,12.254,1.000000,47.9410743608,13,0.2643830316
4.075098,2.6083501683,2.5617479158,2.1324879974,2.7280953487,0.0319529060,-0.5956073513,0.1000053251,-0.4335387293,-14.1305585329,0.2736023532,0.5126700655,0.9203659322,0.0700327845,0.0887596021,0.0005999133,0.0000000000,0.0059154097,0.0478830883,0.0946843488,18.6395164421,11.854,1.000000,47.9410743608,12,0.2737949142
4.083433,2.6260654237,2.5924275315,2.1183352859,2.8038260270,0.0185818865,-0.6854907411,0.1000053251,-0.5499769637,-13.9725881287,0.2562923682,0.5129275215,0.9203659322,0.0000000000,0.0946843488,0.0006904465,0.0000000000,0.0059126065,0.0000000000,0.0946843488,19.8837132445,11.455,1.000000,47.9410743608,12,0.2737949142
4.091756,2.6436328342,2.6200391857,2.1027525671,2.8741521851,0.0081600049,-0.7713996180,0.1000053251,-0.6565836974,-12.7928080521,0.2317652438,0.5129275215,0.9203659322,0.0000000000,0.0946843488,0.0007769764,0.0000000000,0.0059094132,0.0000000000,0.0946843488,19.8837132445,11.055,1.000000,47.9410743608,10,0.2737949142
4.100096,2.6611006312,2.6491848207,2.0856953825,2.9396382466,-0.0038694806,-0.8539428641,0.0999730794,-0.7630492976,-12.7758720194,0.2079669367,0.5129275215,0.9203659322,0.0000000000,0.0946843488,0.0008601164,0.0000000000,0.0059057850,0.0000000000,0.0946843488,19.8837132445,10.656,1.000000,47.9410743608,10,0.2737949142
4.108446,2.6784400122,2.6767964749,2.0671842367,2.9982852407,-0.0144566769,-0.9311010041,0.0998526071,-0.8613524010,-11.7963724095,0.1867372612,0.5129275215,0.9203659322,0.0000000000,0.0946843488,0.0009378323,0.0000000000,0.0059016843,0.0000000000,0.0946843488,19.8837132445,10.256,1.000000,47.9410743608,10,0.2737949142
4.116814,2.6956553864,2.7028741483,2.0472065683,3.0483029602,-0.0235875616,-1.0010963919,0.0996560441,-0.9496755466,-10.5987774670,0.1683057577,0.5129275215,0.9203659322,0.0000000000,0.0946843488,0.0010083338,0.0000000000,0.0058970599,0.0000000000,0.0946843488,19.8837132445,9.857,1.000000,47.9410743608,8,0.2737949142
4.125158,2.7126480274,2.7289518216,2.0258788720,3.0905926072,-0.0328996812,-1.0647137352,0.0993818801,-1.0320570986,-9.8857862433,0.1518462104,0.5129275215,0.9203659322,0.0000000000,0.0946843488,0.0010724110,0.0000000000,0.0058918849,0.0638474998,0.0946843488,19.8837132445,9.457,1.000000,47.9410743608,9,0.2737949142
4.133433,2.7293209817,2.7550294950,2.0033497237,3.1259612667,-0.0424943232,-1.1226115431,0.0990277608,-1.1093590445,-9.2762335110,0.1371600602,0.5129275215,0.9203659322,0.0000000000,0.0946843488,0.0011307274,0.0000000000,0.0058861383,0.3148576855,0.0946843488,19.8837132445,9.057,1.000000,47.9410743608,10,0.2737949142
4.141768,2.7459195460,2.7795731876,1.9792901398,3.1526272868,-0.0505826430,-1.1733371470,0.0986062387,-1.1765636929,-8.0645578028,0.1248296301,0.5129275215,0.9203659322,0.0000000000,0.0946843488,0.0011818197,0.0000000000,0.0058796670,0.5884867786,0.0946843488,19.8837132445,8.658,1.000000,47.9410743608,9,0.2737949142
4.150100,2.7623054999,2.8025828995,1.9538837761,3.1689950829,-0.0572942927,-1.2151113069,0.0981287863,-1.2321379806,-6.6689145327,0.1148164634,0.5129275215,0.9203659322,0.0000000000,0.0946843488,0.0012238959,0.0000000000,0.0058724381,0.8002814125,0.0946843488,19.8837132445,8.258,1.000000,47.9410743608,9,0.2737949142
4.158536,2.7786761273,2.8255926113,1.9267939945,3.1761401551,-0.0639717449,-1.2493461606,0.0975956884,-1.2801599150,-5.7626321189,0.1063007272,0.5129275215,0.9203659322,0.0000000000,0.0946843488,0.0012583782,0.0000000000,0.0058642567,0.9510307863,0.0946843488,19.8837132445,7.859,1.000000,47.9410743608,7,0.2737949142
4.166747,2.7943839375,2.8470683423,1.8991291842,3.1750256828,-0.0697336811,-1.2758964985,0.0970145744,-1.3187264652,-4.6279860284,0.0994600439,0.5129275215,0.9203659322,0.0000000000,0.0946843488,0.0012851205,0.0000000000,0.0058553664,0.9999900557,0.0946843488,19.8837132445,7.459,1.000000,47.9410743608,8,0.2737949142
4.175098,2.8101216389,2.8685440733,1.8696958402,3.1665142552,-0.0754260061,-1.2968184150,0.0963860244,-1.3515731203,-3.9415986059,0.0935902623,0.5129275215,0.9203659322,0.0000000000,0.0946843488,0.0013061937,0.0000000000,0.0058452760,1.0000000000,0.0946843488,19.8837132445,7.060,1.000000,47.9410743608,6,0.2737949142
4.183435,2.8255825087,2.8884858236,1.8390280093,3.1488739285,-0.0798121614,-1.3098459192,0.0957209230,-1.3739673513,-2.6873077217,0.0891677279,0.5129275215,0.9203659322,0.0000000000,0.0946843488,0.0013193154,0.0000000000,0.0058340233,1.0000000000,0.0946843488,19.8837132445,6.660,1.000000,47.9410743608,6,0.2737949142
4.191763,2.8407656923,2.9068935930,1.8071348151,3.1205536349,-0.0828846727,-1.3134188198,0.0950302174,-1.3843233289,-1.2427173168,0.0862196375,0.5129275215,0.9203659322,0.0000000000,0.0946843488,0.0013229141,0.0000000000,0.0058214651,1.0000000000,0.0946843488,19.8837132445,6.261,1.000000,47.9410743608,8,0.2737949142
4.200116,2.8557224596,2.9253013625,1.7739034358,3.0851731902,-0.0861456887,-1.3112697544,0.0943123367,-1.3893585069,-0.6042213535,0.0839133854,0.5129275215,0.9203659322,0.0000000000,0.0946843488,0.0013207495,0.0000000000,0.0058073846,1.0000000000,0.0946843488,19.8837132445,5.861,1.000000,47.9410743608,7,0.2737949142
4.208432,2.8703333937,2.9421751512,1.7396029378,3.0409654762,-0.0881711564,-1.3013625384,0.0935775770,-1.3841983788,0.6192153720,0.0827347649,0.5129275215,0.9203659322,0.0000000000,0.0946843488,0.0013107707,0.0000000000,0.0057917061,1.0000000000,0.0946843488,19.8837132445,5.462,1.000000,47.9410743608,5,0.2737949142
4.216757,2.8846682817,2.9575149590,1.7040789361,2.9888523727,-0.0888962389,-1.2847734366,0.0928367750,-1.3697797578,1.7302345111,0.0825336687,0.5129275215,0.9203659322,0.0000000000,0.0946843488,0.0012940616,0.0000000000,0.0057741475,1.0000000000,0.0946843488,19.8837132445,5.062,1.000000,47.9410743608,6,0.2737949142
4.225083,2.8987039581,2.9713207861,1.6673856910,2.9296594828,-0.0883485351,-1.2622737918,0.0921005372,-1.3469183399,2.7433701546,0.0832089664,0.5129275215,0.9203659322,0.0000000000,0.0946843488,0.0012713993,0.0000000000,0.0057544879,1.0000000000,0.0946843488,19.8837132445,4.663,1.000000,47.9410743608,5,0.2737949142
4.233462,2.9125162452,2.9851266132,1.6293059035,2.8616217388,-0.0879767256,-1.2323158354,0.0913673979,-1.3169448812,3.5968150464,0.0845779781,0.5129275215,0.9203659322,0.0000000000,0.0946843488,0.0012412248,0.0000000000,0.0057323152,1.0000000000,0.0946843488,19.8837132445,4.263,1.000000,47.9410743608,5,0.2737949142
4.241772,2.9258955452,2.9943304980,1.5904229452,2.7881673057,-0.0834068742,-1.1977443606,0.0906723406,-1.2739830419,5.1554207074,0.0873792157,0.5129275215,0.9203659322,0.0000000000,0.0946843488,0.0012064034,0.0000000000,0.0057076587,1.0000000000,0.0946843488,19.8837132445,3.864,1.000000,47.9410743608,5,0.2737949142
4.250097,2.9389692119,3.0050683635,1.5503867748,2.7073574294,-0.0806371394,-1.1569706546,0.0900003644,-1.2283712442,5.4734157252,0.0904249591,0.5129275215,0.9203659322,0.0000000000,0.0946843488,0.0011653349,0.0000000000,0.0056799604,1.0000000000,0.0946843488,19.8837132445,3.464,1.000000,47.9410743608,4,0.2737949142
4.258440,2.9517327216,3.0158062290,1.5091989935,2.6199602791,-0.0781421894,-1.1107612855,0.0893491795,-1.1778490046,6.0626687546,0.0939868703,0.5129275215,0.9203659322,0.0000000000,0.0946843488,0.0011187915,0.0000000000,0.0056488065,1.0000000000,0.0946843488,19.8837132445,3.065,1.000000,47.9410743608,2,0.2737949142
4.266754,2.9641062633,3.0219421521,1.4671211691,2.5266637997,-0.0714035867,-1.0595426306,0.0887541496,-1.1138342133,7.6817749523,0.0991564333,0.5129275215,0.9203659322,0.0000000000,0.0946843488,0.0010672025,0.0000000000,0.0056139493,1.0000000000,0.0946843488,19.8837132445,2.665,1.000000,47.9410743608,3,0.2737949142
4.275129,2.9762120858,3.0296120561,1.4237248133,2.4305885390,-0.0664517625,-1.0068637257,0.0882003849,-1.0518670247,7.4360626320,0.1041114507,0.5129275215,0.9203659322,0.0000000000,0.0946843488,0.0010141428,0.0000000000,0.0055745046,0.9831099495,0.0946843488,19.8837132445,2.266,1.000000,47.9410743608,4,0.2737949142
4.283438,2.9878601692,3.0342139984,1.3796930458,2.3270158032,-0.0588494559,-0.9473227574,0.0877099728,-0.9777114459,8.8986694542,0.1105719130,0.5129275215,0.9203659322,0.0000000000,0.0946843488,0.0009541714,0.0000000000,0.0055305276,0.8423190385,0.0946843488,19.8837132445,1.866,1.000000,47.9410743608,1,0.2737949142
4.291774,2.9991744080,3.0372819600,1.3345737924,2.2192330433,-0.0500244060,-0.8846592508,0.0872931027,-0.8979324445,9.5734801696,0.1178063267,0.5129275215,0.9203659322,0.0000000000,0.0946843488,0.0008910548,0.0000000000,0.0054809573,0.5695116387,0.0946843488,19.8837132445,1.467,1.000000,47.9410743608,2,0.2737949142
4.300126,3.0101278626,3.0403499216,1.2884561990,2.1076799349,-0.0415398943,-0.8192237359,0.0869469370,-0.8159880256,9.8333302677,0.1253438245,0.5129275215,0.9203659322,0.0000000000,0.0946843488,0.0008251463,0.0000000000,0.0054251469,0.2845167709,0.0946843488,19.8837132445,1.067,1.000000,47.9410743608,1,0.2737949142
4.308422,3.0206239775,3.0418839024,1.2417649953,1.9902457878,-0.0319471614,-0.7484807925,0.0866807106,-0.7264564270,10.7437918302,0.1338533274,0.5129275215,0.9213899802,0.1228857683,0.0921645851,0.0007538919,0.0000000000,0.0053628656,0.0477924410,0.0946843488,19.3545628713,0.668,1.000000,47.9410743608,1,0.2876552703
4.316837,3.0308708688,3.0418839024,1.1935445403,1.8675447908,-0.0210413894,-0.6740002506,0.0865053657,-0.6304899205,11.5159807824,0.1504682656,0.5133774388,0.9222163803,0.0991680112,0.0860396066,0.0006788729,0.0000000000,0.0052918928,0.0000000000,0.0946843488,18.0683173851,0.268,1.000000,47.9410743608,1,0.2976242991
4.325093,3.0405265198,3.0403499216,1.1454239059,1.7426314385,-0.0091809970,-0.5972075326,0.0864288574,-0.5302179042,12.0326419598,0.1663559748,0.5137388074,0.9228380453,0.0745997974,0.0774949779,0.0006015250,0.0000000000,0.0052137316,0.0000000000,0.0946843488,16.2739453650,-0.131,1.000000,47.9410743608,0,0.3037226797
4.333439,3.0498808416,3.0403499216,1.0959930220,1.6132323307,0.0008681731,-0.5172393087,0.0864360922,-0.4302848946,11.9919611550,0.1801621943,0.5140096388,0.9232687579,0.0516855097,0.0668676122,0.0005209787,0.0000000000,0.0051251468,0.0000000000,0.0946843488,14.0421985566,-0.531,1.000000,47.9410743608,-1,0.3062741175
4.341765,3.0587979693,3.0388159408,1.0459329290,1.4848248365,0.0120088051,-0.4388919074,0.0865361655,-0.3297135210,12.0685648276,0.1920872749,0.5141967711,0.9235324612,0.0316443905,0.0543763879,0.0004420648,0.0000000000,0.0050261418,0.0000000000,0.0946843488,11.4190414532,-0.930,1.000000,47.9410743608,0,0.3057539374
4.350102,3.0673066197,3.0372819600,0.9950874813,1.3573053961,0.0227361912,-0.3622179148,0.0867256338,-0.2315481147,11.7798487620,0.2014389849,0.5143111363,0.9236666936,0.0161078948,0.0406938365,0.0003648365,0.0000000000,0.0049152266,0.0000000000,0.0946843488,8.5457056748,-1.330,1.000000,47.9410743608,0,0.3028552469
4.358464,3.0754120803,3.0357479792,0.9434039185,1.2305812653,0.0330561167,-0.2871773468,0.0870011014,-0.1357405500,11.4969077640,0.2083113564,0.5143692912,0.9237138302,0.0056563962,0.0262669514,0.0002892535,0.0000000000,0.0047909492,0.0666767626,0.0946843488,5.5160597959,-1.729,1.000000,47.9410743608,0,0.2983623907
4.366770,3.0830329114,3.0342139984,0.8914203628,1.1070738341,0.0428741397,-0.2156534712,0.0873583859,-0.0443657807,10.9649723067,0.2128287237,0.5143897031,0.9237188664,0.0006043370,0.0118407536,0.0002172125,0.0000000000,0.0046533576,0.3271403047,0.0946843488,2.4865582635,-2.129,1.000000,47.9410743608,-1,0.2931308930
4.375109,3.0902464107,3.0311460369,0.8386247849,0.9914560620,0.0537764457,-0.1528312771,0.0878065230,0.0405502783,10.1899270787,0.2157120411,0.5143918836,0.9237230970,0.0005076753,-0.0019578458,0.0001539362,0.0000000000,0.0044998097,0.6940492685,0.0946843488,-0.4111476145,-1.729,1.000000,47.9410743608,-1,0.2879788158
4.383433,3.0970055519,3.0280780753,0.7853495085,0.8803995402,0.0641999007,-0.0950500317,0.0883415222,0.1195600407,9.4811714875,0.2174364710,0.5143937153,0.9237607071,0.0045132084,-0.0150398504,0.0000957372,0.0000000000,0.0043298965,0.9546083066,0.0946843488,-3.1583685820,-1.330,1.000000,47.9410743608,-1,0.2836152912
4.391765,3.1033249980,3.0234761329,0.7314838320,0.7734279125,0.0756957061,-0.0419440805,0.0889723197,0.1961186588,9.1870341735,0.2192693233,0.5144099974,0.9238626116,0.0122285454,-0.0279244902,0.0000422473,0.0000000000,0.0041419901,1.0000000000,0.0946843488,-5.8641429407,-0.930,1.000000,47.9410743608,-1,0.2807070825
4.400097,3.1091938883,3.0188741906,0.6771134809,0.6726190196,0.0867078631,0.0044944613,0.0896948852,0.2651398294,8.2825404727,0.2213613689,0.5144540978,0.9240501176,0.0225007170,-0.0397673825,-0.0000045270,-0.0000000000,0.0039351629,1.0000000000,0.0946843488,-8.3511503263,-0.531,1.000000,47.9410743608,-1,0.2797211514
4.408422,3.1146027670,3.0127382674,0.6223323851,0.5748248048,0.0987778011,0.0475075803,0.0905180336,0.3329355098,8.1354816566,0.2250303491,0.5145351820,0.9243491447,0.0358832574,-0.0518477850,-0.0000478510,-0.0000000000,0.0037087437,1.0000000000,0.0946843488,-10.8880348571,-0.131,1.000000,47.9410743608,-1,0.2812113627
4.416762,3.1195629841,3.0066023443,0.5670182041,0.4797304289,0.1103845799,0.0872877752,0.0914379051,0.3966738057,7.6485955039,0.2305338285,0.5146643275,0.9247807774,0.0517959160,-0.0639021614,-0.0000879188,-0.0000000000,0.0034613597,1.0000000000,0.0946843488,-13.4194538878,0.268,1.000000,47.9410743608,-2,0.2855819828
4.425103,3.1240602847,3.0004664211,0.5113136226,0.3895583813,0.1215020101,0.1217552412,0.0924504218,0.4542188793,6.9054088312,0.2384490360,0.5148503867,0.9253602161,0.0695326465,-0.0758436652,-0.0001226355,-0.0000000000,0.0031930354,1.0000000000,0.0946843488,-15.9271697011,0.668,1.000000,47.9410743608,4,0.2930388117
4.433465,3.1281011962,2.9958644787,0.4551140710,0.3012901481,0.1306188474,0.1538239229,0.0935389122,0.5054669047,6.1497630523,0.2488132883,0.5150994956,0.9260996694,0.0887343919,-0.0878106150,-0.0001549360,-0.0000000000,0.0029029879,1.0000000000,0.0946843488,-18.4402291431,1.067,1.000000,47.9410743608,-1,0.3036329870
4.441768,3.1316472701,2.9927965172,0.3990005797,0.2172313519,0.1376842624,0.1817692279,0.0946862811,0.5485754857,5.1730297176,0.2617677697,0.5154162906,0.9260996694,0.0000000000,-0.0946843488,-0.0001830833,-0.0000000000,0.0025945603,1.0000000000,0.0946843488,-19.8837132445,1.467,1.000000,47.9410743608,-1,0.3036329870
4.450101,3.1347366486,2.9881945748,0.3424095536,0.1369423782,0.1458067196,0.2054671755,0.0959013371,0.5896027382,4.9232702929,0.2637262772,0.5154162906,0.9260996694,0.0000000000,-0.0946843488,-0.0002069526,-0.0000000000,0.0022654420,1.0000000000,0.0946843488,-19.8837132445,1.866,1.000000,47.9410743608,0,0.3036329870
4.458450,3.1373577673,2.9835926324,0.2854801197,0.0625339723,0.1534293395,0.2229461473,0.0971799149,0.6234809735,4.0653882443,0.2654083428,0.5154162906,0.9260996694,0.0000000000,-0.0946843488,-0.0002245579,-0.0000000000,0.0019175025,1.0000000000,0.0946843488,-19.8837132445,2.266,1.000000,47.9410743608,0,0.3036329870
4.466764,3.1394950295,2.9805246709,0.2285863000,-0.0041035569,0.1589923940,0.2326898569,0.0985048515,0.6455793617,2.6518065822,0.2664213202,0.5154162906,0.9260996694,0.0000000000,-0.0946843488,-0.0002343721,-0.0000000000,0.0015548123,1.0000000000,0.0946843488,-19.8837132445,2.665,1.000000,47.9410743608,-5,0.3036329870
4.475118,3.1411652427,2.9789906901,0.1712688754,-0.0637817647,0.1625170484,0.2350506401,0.0998591603,0.6562755234,1.2835393991,0.2668615075,0.5154162906,0.9260996694,0.0000000000,-0.0946843488,-0.0002367499,-0.0000000000,0.0011766834,1.0000000000,0.0946843488,-19.8837132445,3.065,1.000000,47.9410743608,-4,0.3036329870
4.483429,3.1423512587,2.9759227285,0.1141274687,-0.1122185540,0.1670311222,0.2263460227,0.1012510863,0.6579083639,0.1959408590,0.2676713188,0.5154162906,0.9260996694,0.0000000000,-0.0946843488,-0.0002279824,-0.0000000000,0.0007897813,1.0000000000,0.0946843488,-19.8837132445,3.464,1.000000,47.9410743608,3,0.3036329870
4.491787,3.1430646873,2.9759227285,0.0565855568,-0.1505879276,0.1679505869,0.2071734844,0.1026506745,0.6419419450,-1.9159702680,0.2674258947,0.5154162906,0.9260996694,0.0000000000,-0.0946843488,-0.0002086712,-0.0000000000,0.0003933022,1.0000000000,0.0946843488,-19.8837132445,3.864,1.000000,47.9410743608,3,0.3036329870
4.500101,3.1432970415,2.9743887477,-0.0006960289,-0.1799412807,0.1698745438,0.1792452518,0.1040662957,0.6192305627,-2.7253658766,0.2674598080,0.5154162906,0.9260996694,0.0000000000,-0.0946843488,-0.0001805411,-0.0000000000,-0.0000048447,1.0000000000,0.0946843488,-19.8837132445,4.263,1.000000,47.9410743608,3,0.3036329870
4.508423,3.1430526807,2.9743887477,-0.0580286679,-0.1987157570,0.1697309983,0.1406870891,0.1054807207,0.5817820109,-4.4938262110,0.2666508695,0.5154162906,0.9260996694,0.0000000000,-0.0946843488,-0.0001417042,-0.0000000000,-0.0004033028,1.0000000000,0.0946843488,-19.8837132445,4.663,1.000000,47.9410743608,3,0.3036329870
4.516760,3.1423295279,2.9728547669,-0.1154302047,-0.2105206152,0.1706052161,0.0950904105,0.1069024308,0.5393234047,-5.0950327475,0.2658529959,0.5154162906,0.9260996694,0.0000000000,-0.0946843488,-0.0000957779,-0.0000000000,-0.0007986902,1.0000000000,0.0946843488,-19.8837132445,5.062,1.000000,47.9410743608,5,0.3036329870
4.525099,3.1411278525,2.9713207861,-0.1727619684,-0.2160837304,0.1709673944,0.0433217619,0.1083271591,0.4896788942,-5.9573412603,0.2644496245,0.5154162906,0.9268243746,0.0869646327,-0.0929608060,-0.0000436350,-0.0000000000,-0.0011866731,1.0000000000,0.0946843488,-19.5217692625,5.462,1.000000,47.9410743608,3,0.3134272145
4.533427,3.1394510202,2.9728547669,-0.2299018236,-0.2160569620,0.1677564375,-0.0138448617,0.1097251294,0.4275137774,-7.4598140139,0.2711588241,0.5157255606,0.9273861621,0.0674144975,-0.0831619429,0.0000139450,0.0000000000,-0.0015633508,1.0000000000,0.0946843488,-17.4640079987,5.861,1.000000,47.9410743608,4,0.3193336196
4.541770,3.1372947766,2.9713207861,-0.2869834890,-0.2110240921,0.1671071492,-0.0759593969,0.1111176890,0.3654828875,-7.4437067919,0.2737154165,0.5159644812,0.9277987153,0.0495063759,-0.0721356368,0.0000765085,0.0000000000,-0.0019268927,1.0000000000,0.0946843488,-15.1484837315,6.261,1.000000,47.9410743608,5,0.3219525536
4.550098,3.1346682616,2.9728547669,-0.3437660721,-0.2015079353,0.1628955535,-0.1422581368,0.1124751519,0.2921584435,-8.7989332697,0.2706860744,0.5161394756,0.9280590871,0.0312446160,-0.0578768755,0.0001432866,0.0000000000,-0.0022735332,1.0000000000,0.0946843488,-12.1541438544,6.660,1.000000,47.9410743608,6,0.3214142641
4.558441,3.1315636589,2.9728547669,-0.4004177517,-0.1904811542,0.1597317391,-0.2099365975,0.1138062498,0.2195091751,-8.7179122101,0.2643313867,0.5162497183,0.9282022300,0.0171771559,-0.0435643958,0.0002114543,0.0000000000,-0.0026025743,1.0000000000,0.0946843488,-9.1485231269,7.060,1.000000,47.9410743608,7,0.3185486362
4.566752,3.1280023394,2.9728547669,-0.4565757018,-0.1755970631,0.1560904949,-0.2809786387,0.1151070039,0.1425182303,-9.2389133808,0.2548785077,0.5163102596,0.9282592928,0.0068475294,-0.0286674269,0.0002830100,0.0000000000,-0.0029107736,1.0000000000,0.0946843488,-6.0201596503,6.660,1.000000,47.9410743608,7,0.3140352621
4.575097,3.1239579100,2.9728547669,-0.5126533183,-0.1622673990,0.1519744878,-0.3503859193,0.1163734580,0.0661853453,-9.1599462015,0.2436354921,0.5163343808,0.9282689299,0.0011564542,-0.0145559413,0.0003529190,0.0000000000,-0.0031997140,1.0000000000,0.0946843488,-3.0567476657,6.261,1.000000,47.9410743608,7,0.3086685257
4.583428,3.1194552811,2.9713207861,-0.5682809865,-0.1478253761,0.1489282888,-0.4204556105,0.1176145270,-0.0087103422,-8.9874824945,0.2318030684,0.5163384538,0.9282662626,-0.0003200728,-0.0015559422,0.0004234953,0.0000000000,-0.0034672192,1.0000000000,0.0946843488,-0.3267478579,5.861,1.000000,47.9410743608,4,0.3031549075
4.591786,3.1144731827,2.9713207861,-0.6237064856,-0.1323871640,0.1438632902,-0.4913193216,0.1188133878,-0.0884510051,-9.5688795559,0.2188809970,0.5163373265,0.9282841126,0.0021419933,0.0112980250,0.0004948713,0.0000000000,-0.0037146480,1.0000000000,0.0946843488,2.3725852405,5.462,1.000000,47.9410743608,5,0.2981461836
4.600085,3.1090703606,2.9713207861,-0.6783079256,-0.1185612488,0.1383862255,-0.5597466768,0.1199666063,-0.1666186807,-9.3801210653,0.2064281670,0.5163448701,0.9283518871,0.0081329412,0.0229007072,0.0005637933,0.0000000000,-0.0039398963,1.0000000000,0.0946843488,4.8091485052,5.062,1.000000,47.9410743608,6,0.2942132883
4.608426,3.1031854145,2.9728547669,-0.7327221917,-0.1061792495,0.1309008097,-0.6265429423,0.1210574464,-0.2472053603,-9.6704015524,0.1942552038,0.5163735058,0.9284983011,0.0175696842,0.0339186893,0.0006310725,0.0000000000,-0.0041464975,1.0000000000,0.0946843488,7.1229247523,4.663,1.000000,47.9410743608,6,0.2918859578
4.616760,3.0968543591,2.9713207861,-0.7865869269,-0.0950903700,0.1260441900,-0.6914965569,0.1221078147,-0.3207685071,-8.8275776155,0.1843395827,0.5164353318,0.9287382296,0.0287914233,0.0432994318,0.0006964957,0.0000000000,-0.0043340198,1.0000000000,0.0946843488,9.0928806716,4.263,1.000000,47.9410743608,4,0.2913904499
4.625128,3.0900471249,2.9728547669,-0.8401361321,-0.0851595629,0.1176496485,-0.7549765692,0.1230882284,-0.3999533428,-9.5021802850,0.1745961640,0.5165365399,0.9290997747,0.0433854146,0.0527784007,0.0007604346,0.0000000000,-0.0045044066,1.0000000000,0.0946843488,11.0834641477,3.864,1.000000,47.9410743608,2,0.2931475303
4.633428,3.0828557958,2.9713207861,-0.8926701609,-0.0762658842,0.1119445428,-0.8164042767,0.1240210996,-0.4717915335,-8.6205828862,0.1673493016,0.5166887994,0.9295904377,0.0588795516,0.0610932957,0.0008223064,0.0000000000,-0.0046568204,1.0000000000,0.0946843488,12.8295921021,3.464,1.000000,47.9410743608,3,0.2971438897
4.641761,3.0751994170,2.9713207861,-0.9448048264,-0.0683010211,0.1042453942,-0.8765038054,0.1248898112,-0.5463249791,-8.9440134652,0.1608374289,0.5168949549,0.9302330324,0.0771113617,0.0694645356,0.0008828404,0.0000000000,-0.0047944786,1.0000000000,0.0946843488,14.5875524709,3.065,1.000000,47.9410743608,3,0.3035787338
4.650095,3.0671102342,2.9728547669,-0.9962983699,-0.0611679721,0.0945839275,-0.9351303978,0.1256780106,-0.6233620411,-9.2444474451,0.1550923930,0.5171641077,0.9310517436,0.0982453488,0.0779383213,0.0009418909,0.0000000000,-0.0049179956,1.0000000000,0.0946843488,16.3670474734,2.665,1.000000,47.9410743608,4,0.3125910943
4.658432,3.0585920616,2.9728547669,-1.0471243265,-0.0547798664,0.0860314520,-0.9923444601,0.1263949394,-0.6968543928,-8.8190822051,0.1510346507,0.5175056484,0.9320589775,0.1208680629,0.0861399231,0.0009995185,0.0000000000,-0.0050286125,1.0000000000,0.0946843488,18.0893838591,2.266,1.000000,47.9410743608,3,0.3240757736
4.666804,3.0496144467,2.9713207861,-1.0974424154,-0.0490589055,0.0785570974,-1.0483835099,0.1270495818,-0.7670920013,-8.4285130171,0.1484336004,0.5179237090,0.9332670848,0.1449728758,0.0942322578,0.0010559627,0.0000000000,-0.0051278704,1.0000000000,0.0946843488,19.7887741463,1.866,1.000000,47.9410743608,2,0.3379015088
4.675109,3.0402952651,2.9728547669,-1.1466093894,-0.0439354158,0.0676764229,-1.1026739736,0.1270495818,-0.8429914846,-9.1079379973,0.1457038294,0.5184220402,0.9332670848,0.0000000000,0.0946843488,0.0011106457,0.0000000000,-0.0052157501,0.9930405051,0.0946843488,19.8837132445,1.467,1.000000,47.9410743608,1,0.3379015088
4.683443,3.0305367665,2.9713207861,-1.1951611381,-0.0393470002,0.0594272662,-1.1558141379,0.1270495818,-0.9125144742,-8.3427587486,0.1373679501,0.5184220402,0.9332670848,0.0000000000,0.0946843488,0.0011641700,0.0000000000,-0.0052943880,0.8570007451,0.0946843488,19.8837132445,1.067,1.000000,47.9410743608,0,0.3379015088
4.691807,3.0203396782,2.9713207861,-1.2430643141,-0.0352377779,0.0492081122,-1.2078265362,0.1270495818,-0.9848221123,-8.6769165758,0.1288202698,0.5184220402,0.9332670848,0.0000000000,0.0946843488,0.0012165584,0.0000000000,-0.0053646819,0.5416074705,0.0946843488,19.8837132445,0.668,1.000000,47.9410743608,0,0.3379015088
4.700096,3.0098422206,2.9713207861,-1.2896914461,-0.0315577041,0.0386908933,-1.2581337420,0.1270495818,-1.0560165149,-8.5433283096,0.1206754295,0.5184220402,0.9332670848,0.0000000000,0.0946843488,0.0012672293,0.0000000000,-0.0054267135,0.1994957309,0.0946843488,19.8837132445,0.268,1.000000,47.9410743608,2,0.3379015088
4.708425,2.9989075148,2.9713207861,-1.3356665633,-0.0282619606,0.0277384899,-1.3074046028,0.1270495818,-1.1270388487,-8.5226800545,0.1128402122,0.5184220402,0.9332670848,0.0000000000,0.0946843488,0.0013168564,0.0000000000,-0.0054822149,0.0037364715,0.0946843488,19.8837132445,-0.131,1.000000,47.9410743608,0,0.3379015088
4.716768,2.9875752326,2.9713207861,-1.3807984806,-0.0253104095,0.0163903585,-1.3554880711,0.1270495818,-1.1976597060,-8.4745028779,0.1053522669,0.5184220402,0.9332670848,0.0000000000,0.0946843488,0.0013652875,0.0000000000,-0.0055316833,0.0000000000,0.0946843488,19.8837132445,-0.531,1.000000,47.9410743608,0,0.3379015088
4.725102,2.9758829402,2.9697868053,-1.4249356213,-0.0226671051,0.0062178528,-1.4022685162,0.1270495818,-1.2646427473,-8.0379649620,0.0986218081,0.5184220402,0.9332670848,0.0000000000,0.0946843488,0.0014124061,0.0000000000,-0.0055756560,0.0000000000,0.0946843488,19.8837132445,-0.930,1.000000,47.9410743608,0,0.3379015088
4.733451,2.9638057028,2.9697868053,-1.4681697519,-0.0202998554,-0.0058720963,-1.4478698965,0.1270006477,-1.3343030180,-8.3592324825,0.0918439266,0.5184220402,0.9332670848,0.0000000000,0.0946843488,0.0014583372,0.0000000000,-0.0056148573,0.0000000000,0.0946843488,19.8837132445,-1.330,1.000000,47.9410743608,0,0.3379015088
4.741806,2.9513624342,2.9682528246,-1.5104247221,-0.0206842791,-0.0167793197,-1.4897404430,0.1268608200,-1.3979731873,-7.6404203086,0.0860600042,0.5184220402,0.9332670848,0.0000000000,0.0946843488,0.0015005104,0.0000000000,-0.0056497748,0.0000000000,0.0946843488,19.8837132445,-1.729,1.000000,47.9410743608,0,0.3379015088
4.750119,2.9386343963,2.9667188438,-1.5514385560,-0.0210285553,-0.0279715282,-1.5304100007,0.1266277240,-1.4611003152,-7.5752553524,0.0805818327,0.5184220402,0.9332670848,0.0000000000,0.0946843488,0.0015414740,0.0000000000,-0.0056807197,0.0049193713,0.0946843488,19.8837132445,-2.129,1.000000,47.9410743608,-2,0.3379015088
4.758439,2.9255591028,2.9651848630,-1.5914259666,-0.0238413254,-0.0394977368,-1.5675846413,0.1262985762,-1.5214905619,-7.2468296055,0.0756375174,0.5184220402,0.9332670848,0.0000000000,0.0946843488,0.0015789174,0.0000000000,-0.0057083217,0.2226114566,0.0946843488,19.8837132445,-2.528,1.000000,47.9410743608,-1,0.3379015088
4.766784,2.9121158785,2.9621169014,-1.6304384633,-0.0288647910,-0.0498460246,-1.6015736723,0.1258831926,-1.5764408809,-6.5940382772,0.0714638560,0.5184220402,0.9332670848,0.0000000000,0.0946843488,0.0016131521,0.0000000000,-0.0057330021,0.5634277936,0.0946843488,19.8837132445,-2.928,1.000000,47.9410743608,-3,0.3379015088
4.775127,2.8983545210,2.9559809783,-1.6683231616,-0.0383725257,-0.0574204042,-1.6299506359,0.1254046893,-1.6203323902,-5.2669811188,0.0685330083,0.5184220402,0.9332670848,0.0000000000,0.0946843488,0.0016417343,0.0000000000,-0.0057550105,0.8038186544,0.0946843488,19.8837132445,-3.327,1.000000,47.9410743608,-2,0.3379015088
4.783446,2.8843214204,2.9513790359,-1.7049612921,-0.0518962128,-0.0667789428,-1.6530650793,0.1248481981,-1.6625816189,-5.0699074397,0.0658534351,0.5184220402,0.9332670848,0.0000000000,0.0946843488,0.0016650158,0.0000000000,-0.0057746007,0.9861653760,0.0946843488,19.8837132445,-3.727,1.000000,47.9410743608,-3,0.3379015088
4.791806,2.8699187428,2.9437091320,-1.7406023765,-0.0715208929,-0.0734063357,-1.6690814835,0.1242364786,-1.6923632107,-3.5737910220,0.0644261249,0.5184220402,0.9332670848,0.0000000000,0.0946843488,0.0016811480,0.0000000000,-0.0057921802,1.0000000000,0.0946843488,19.8837132445,-4.126,1.000000,47.9410743608,-4,0.3379015088
4.800110,2.8553214966,2.9375732088,-1.7748186516,-0.0966094060,-0.0817329383,-1.6782092456,0.1235553708,-1.7186992113,-3.1603200686,0.0633515311,0.5184220402,0.9332670848,0.0000000000,0.0946843488,0.0016903417,0.0000000000,-0.0058077867,1.0000000000,0.0946843488,19.8837132445,-4.526,1.000000,47.9410743608,-4,0.3379015088
4.810522,2.8366257724,2.9268353433,-1.8160107506,-0.1316000312,-0.0895029041,-1.6844107195,0.1228095133,-1.7410672892,-2.6841693529,0.0630146334,0.5184220402,0.9332670848,0.0000000000,0.0946843488,0.0016965881,0.0000000000,-0.0058250512,1.0000000000,0.0946843488,19.8837132445,-4.925,1.000000,47.9410743608,-4,0.3379015088
4.821343,2.8167520167,2.9130295162,-1.8567616304,-0.1779630852,-0.0953218720,-1.6787985451,0.1220151643,-1.7477948522,-0.8073075568,0.0642399874,0.5184220402,0.9332670848,0.0000000000,0.0946843488,0.0016909353,0.0000000000,-0.0058406250,1.0000000000,0.0946843488,19.8837132445,-5.325,1.000000,47.9410743608,-3,0.3379015088
4.830307,2.7999640248,2.9007576699,-1.8888936286,-0.2320064348,-0.0995478153,-1.6568871938,0.1211855992,-1.7350942160,1.5240763449,0.0670803354,0.5184220402,0.9332670848,0.0000000000,0.0946843488,0.0016688655,0.0000000000,-0.0058519334,1.0000000000,0.0946843488,19.8837132445,-5.724,1.000000,47.9410743608,-4,0.3379015088
4.837271,2.7867246363,2.8915537852,-1.9128278819,-0.2904235360,-0.1032696304,-1.6224043459,0.1203250189,-1.7088514673,3.1491298495,0.0710482036,0.5184220402,0.9332670848,0.0000000000,0.0946843488,0.0016341334,0.0000000000,-0.0058598382,1.0000000000,0.0946843488,19.8837132445,-6.124,1.000000,47.9410743608,-5,0.3379015088
4.844291,2.7732153641,2.8808159196,-1.9360243520,-0.3527576142,-0.1057063151,-1.5832667378,0.1194441330,-1.6754217117,4.0115706709,0.0759924180,0.5184220402,0.9332670848,0.0000000000,0.0946843488,0.0015947129,0.0000000000,-0.0058671010,1.0000000000,0.0946843488,19.8837132445,-6.523,1.000000,47.9410743608,-5,0.3379015088
4.851131,2.7598991114,2.8685440733,-1.9577203273,-0.4185995979,-0.1063971628,-1.5391207293,0.1185574900,-1.6335220002,5.0279653765,0.0821356982,0.5184220402,0.9332670848,0.0000000000,0.0946843488,0.0015502477,0.0000000000,-0.0058735566,1.0000000000,0.0946843488,19.8837132445,-6.923,1.000000,47.9410743608,-6,0.3379015088
4.858432,2.7455226862,2.8578062078,-1.9798848250,-0.4875831375,-0.1096652941,-1.4923016875,0.1176436125,-1.5940945952,4.7312886007,0.0884584532,0.5184220402,0.9332670848,0.0000000000,0.0946843488,0.0015030902,0.0000000000,-0.0058798312,1.0000000000,0.0946843488,19.8837132445,-7.322,1.000000,47.9410743608,-6,0.3379015088
4.866756,2.7289427174,2.8409324192,-2.0038788363,-0.5643890402,-0.1089590413,-1.4394897961,0.1167356205,-1.5407754103,6.3983021818,0.0972157133,0.5184220402,0.9332670848,0.0000000000,0.0946843488,0.0014498965,0.0000000000,-0.0058862766,1.0000000000,0.0946843488,19.8837132445,-7.722,1.000000,47.9410743608,-7,0.3379015088
4.875112,2.7121014060,2.8240586305,-2.0265903284,-0.6456959252,-0.1084899617,-1.3808944032,0.1158315375,-1.4821398955,7.0362617862,0.1073502166,0.5184220402,0.9332670848,0.0000000000,0.0946843488,0.0013908775,0.0000000000,-0.0058920616,1.0000000000,0.0946843488,19.8837132445,-8.121,1.000000,47.9410743608,-8,0.3379015088
4.883428,2.6951594457,2.8071848418,-2.0478047934,-0.7285292819,-0.1081133342,-1.3192755115,0.1149305930,-1.4206613970,7.3774198195,0.1186418509,0.5184220402,0.9332670848,0.0000000000,0.0946843488,0.0013288131,0.0000000000,-0.0058972014,1.0000000000,0.0946843488,19.8837132445,-8.521,1.000000,47.9410743608,-7,0.3379015088
4.891764,2.6780043330,2.7918450340,-2.0676689648,-0.8152341410,-0.1094630506,-1.2524348238,0.1140184009,-1.3574007121,7.5912821831,0.1309873050,0.5184220402,0.9332670848,0.0000000000,0.0946843488,0.0012614892,0.0000000000,-0.0059017939,1.0000000000,0.0946843488,19.8837132445,-8.920,1.000000,47.9410743608,-8,0.3379015088
4.900122,2.6606454860,2.7719032837,-2.0861599151,-0.9054061804,-0.1063959410,-1.1807537347,0.1131317681,-1.2805026066,9.2277726555,0.1465839251,0.5184220402,0.9332670848,0.0000000000,0.0946843488,0.0011892899,0.0000000000,-0.0059058857,1.0000000000,0.0946843488,19.8837132445,-9.320,1.000000,47.9410743608,-9,0.3379015088
4.908433,2.6432356630,2.7519615335,-2.1031221448,-0.9986833034,-0.1033631335,-1.1044388414,0.1122704087,-1.1990139004,9.7786447441,0.1641369787,0.5184220402,0.9332670848,0.0000000000,0.0946843488,0.0011124233,0.0000000000,-0.0059094903,1.0000000000,0.0946843488,19.8837132445,-9.719,1.000000,47.9410743608,-7,0.3379015088
4.916798,2.6255772293,2.7320197832,-2.1187461593,-1.0922367807,-0.1005774528,-1.0265093786,0.1114322632,-1.1163785281,9.9162446773,0.1831560553,0.5184220402,0.9332670848,0.0000000000,0.0946843488,0.0010339305,0.0000000000,-0.0059126891,1.0000000000,0.0946843488,19.8837132445,-10.119,1.000000,47.9410743608,-9,0.3379015088
4.925925,2.6061682401,2.7074760906,-2.1341242618,-1.1885421996,-0.0949256078,-0.9455820622,0.1106412165,-1.0250066585,10.9646243561,0.2057333021,0.5184220402,0.9332670848,0.0000000000,0.0946843488,0.0009524181,0.0000000000,-0.0059157280,1.0000000000,0.0946843488,19.8837132445,-10.518,1.000000,47.9410743608,-10,0.3379015088
4.935426,2.5858219086,2.6860003596,-2.1482696902,-1.2873121598,-0.0932658327,-0.8609575304,0.1098640012,-0.9378521855,10.4585367581,0.2287378116,0.5184220402,0.9332670848,0.0000000000,0.0946843488,0.0008671818,0.0000000000,-0.0059184304,1.0000000000,0.0946843488,19.8837132445,-10.918,1.000000,47.9410743608,-9,0.3379015088
4.944815,2.5655934653,2.6599226862,-2.1603674117,-1.3857848273,-0.0868878233,-0.7745825844,0.1091399360,-0.8395244766,11.7993250688,0.2557474539,0.5184220402,0.9332670848,0.0000000000,0.0946843488,0.0007801824,0.0000000000,-0.0059206732,1.0000000000,0.0946843488,19.8837132445,-11.317,1.000000,47.9410743608,-11,0.3379015088
4.954281,2.5450944010,2.6323110320,-2.1706610717,-1.4864956985,-0.0792344355,-0.6841653732,0.1084796491,-0.7345587126,12.5958916831,0.2857268014,0.5184220402,0.9332670848,0.0000000000,0.0946843488,0.0006891115,0.0000000000,-0.0059225332,1.0000000000,0.0946843488,19.8837132445,-11.717,1.000000,47.9410743608,-9,0.3379015088
4.961042,2.5303962775,2.6123692818,-2.1768393719,-1.5842021285,-0.0734661440,-0.5926372434,0.1078674312,-0.6321784327,12.2856335826,0.3137955296,0.5184220402,0.9332670848,0.0000000000,0.0946843488,0.0005969217,0.0000000000,-0.0059236288,1.0000000000,0.0946843488,19.8837132445,-12.116,1.000000,47.9410743608,-12,0.3379015088
4.967786,2.5156972387,2.5924275315,-2.1820235405,-1.6792178875,-0.0677132162,-0.5028056530,0.1073031544,-0.5314779324,12.0840600381,0.3418316622,0.5184220402,0.9332670848,0.0000000000,0.0946843488,0.0005064407,0.0000000000,-0.0059245361,0.9932742109,0.0946843488,19.8837132445,-12.516,1.000000,47.9410743608,-12,0.3379015088
4.975084,2.4997567405,2.5694178197,-2.1865296521,-1.7743284255,-0.0601332773,-0.4122012266,0.1068020437,-0.4263138669,12.6196878558,0.3717059095,0.5184220402,0.9332670848,0.0000000000,0.0946843488,0.0004151812,0.0000000000,-0.0059253161,0.8741888168,0.0946843488,19.8837132445,-12.916,1.000000,47.9410743608,-11,0.3379015088
4.983424,2.4815038652,2.5448741271,-2.1902723143,-1.8670193957,-0.0533447273,-0.3232529186,0.1063575043,-0.3243218362,12.2390436833,0.4014147345,0.5184220402,0.9336997714,0.0519223963,0.0784330254,0.0003255899,0.0000000000,-0.0059259579,0.6801737048,0.0946843488,16.4709353423,-13.315,1.000000,47.9410743608,-12,0.3409423055
4.991749,2.4632588088,2.5187964537,-2.1925087110,-1.9600479353,-0.0450125650,-0.2324607757,0.1059823996,-0.2173518906,12.8363934778,0.4357629687,0.5185996931,0.9339040859,0.0245177442,0.0544446089,0.0002341413,0.0000000000,-0.0059263387,0.3980576893,0.0946843488,11.4333678724,-12.916,1.000000,47.9410743608,-13,0.3392353513
5.000084,2.4449821653,2.4911847995,-2.1932453469,-2.0508743416,-0.0351898340,-0.1423710054,0.1056891510,-0.1080433340,13.1170267904,0.4637912751,0.5186834291,0.9339524956,0.0058091628,0.0256283389,0.0001434003,0.0000000000,-0.0059264637,0.1103072308,0.0946843488,5.3819511733,-12.516,1.000000,47.9410743608,-13,0.3343309022
5.008423,2.4266928981,2.4651071261,-2.1924775151,-2.1422330439,-0.0269108492,-0.0502444712,0.1054648939,0.0003041356,13.0016963551,0.4843356039,0.5187032550,0.9339461288,-0.0007640176,-0.0060183161,0.0000506077,0.0000000000,-0.0059263334,0.0008324104,0.0946843488,-1.2638463717,-12.116,1.000000,47.9410743608,-12,0.3283544127
5.016762,2.4084201241,2.4390294527,-2.1902053351,-2.2315640031,-0.0186262597,0.0413586681,0.1053096751,0.1082074161,12.9483936541,0.5000610603,0.5187006479,0.9339982181,0.0062507108,-0.0395496004,-0.0000416577,-0.0000000000,-0.0059259464,0.0000000000,0.0946843488,-8.3054160859,-11.717,1.000000,47.9410743608,-10,0.3237805503
5.025090,2.3901932528,2.4083498370,-2.1864354980,-2.3165745390,-0.0057170251,0.1301390410,0.1052620332,0.2225785518,13.7245362887,0.5170725970,0.5187219754,0.9342461642,0.0297535415,-0.0770548155,-0.0001310799,-0.0000000000,-0.0059252999,0.0000000000,0.0946843488,-16.1815112587,-11.317,1.000000,47.9410743608,-10,0.3237428232
5.033462,2.3719105871,2.3792042020,-2.1811379093,-2.4002203056,0.0055951058,0.2190823962,0.1053086591,0.3340337744,13.3746267102,0.5370103727,0.5188234081,0.9342461642,0.0000000000,-0.0946843488,-0.0002206662,-0.0000000000,-0.0059243819,0.0000000000,0.0946843488,-19.8837132445,-10.918,1.000000,47.9410743608,-11,0.3237428232
5.041759,2.3538393711,2.3531265286,-2.1743984566,-2.4801393845,0.0140307133,0.3057409279,0.1054255817,0.4375607139,12.4232327429,0.5514941557,0.5188234081,0.9342461642,0.0000000000,-0.0946843488,-0.0003079513,-0.0000000000,-0.0059231978,0.0000000000,0.0946843488,-19.8837132445,-10.518,1.000000,47.9410743608,-11,0.3237428232
5.050094,2.3357496196,2.3239808936,-2.1661413797,-2.5567209742,0.0254978251,0.3905795945,0.1056380636,0.5453825822,12.9386241907,0.5640144692,0.5188234081,0.9342461642,0.0000000000,-0.0946843488,-0.0003934033,-0.0000000000,-0.0059217219,0.0000000000,0.0946843488,-19.8837132445,-10.119,1.000000,47.9410743608,-9,0.3237428232
5.058441,2.3177091262,2.2948352587,-2.1563841996,-2.6303136270,0.0369981451,0.4739294274,0.1059463815,0.6518760670,12.7792181790,0.5726696245,0.5188234081,0.9342461642,0.0000000000,-0.0946843488,-0.0004773557,-0.0000000000,-0.0059199416,0.1539333163,0.0946843488,-19.8837132445,-9.719,1.000000,47.9410743608,-10,0.3237428232
5.066757,2.2998224485,2.2672236045,-2.1451886556,-2.7012294938,0.0471039261,0.5560408382,0.1063389142,0.7544446154,12.3082258107,0.5767708930,0.5188234081,0.9342461642,0.0000000000,-0.0946843488,-0.0005600607,-0.0000000000,-0.0059178492,0.4693308219,0.0946843488,-19.8837132445,-9.320,1.000000,47.9410743608,-8,0.3237428232
5.075107,2.2819608794,2.2396119503,-2.1324731148,-2.7647392290,0.0571950462,0.6322661142,0.1068155396,0.8511808319,11.6083459790,0.5779253676,0.5188234081,0.9342461642,0.0000000000,-0.0946843488,-0.0006368370,-0.0000000000,-0.0059154068,0.7974826591,0.0946843488,-19.8837132445,-8.920,1.000000,47.9410743608,-8,0.3237428232
5.083432,2.2642656818,2.2135342769,-2.1183355841,-2.8241207439,0.0658963893,0.7057851598,0.1073646762,0.9425222206,10.9609666408,0.5756146329,0.5188234081,0.9342461642,0.0000000000,-0.0946843488,-0.0007108876,-0.0000000000,-0.0059126065,0.9772728515,0.0946843488,-19.8837132445,-8.521,1.000000,47.9410743608,-9,0.3237428232
5.091803,2.2465995214,2.1889905843,-2.1026608826,-2.8773007226,0.0730594877,0.7746398400,0.1079735052,1.0262031496,10.0417114773,0.5708320966,0.5188234081,0.9342461642,0.0000000000,-0.0946843488,-0.0007802400,-0.0000000000,-0.0059093941,1.0000000000,0.0946843488,-19.8837132445,-8.121,1.000000,47.9410743608,-10,0.3237428232
5.100095,2.2292335599,2.1613789301,-2.0856988968,-2.9249268254,0.0835609234,0.8392279286,0.1086698463,1.1123337157,10.3356679405,0.5651122867,0.5188234081,0.9342461642,0.0000000000,-0.0946843488,-0.0008452951,-0.0000000000,-0.0059057858,1.0000000000,0.0946843488,-19.8837132445,-7.722,1.000000,47.9410743608,-8,0.3237428232
5.108417,2.2119519148,2.1368352375,-2.0672523606,-2.9650746255,0.0910385569,0.8978222649,0.1094285009,1.1865267028,8.9031584482,0.5579247328,0.5188234081,0.9342461642,0.0000000000,-0.0946843488,-0.0009043130,-0.0000000000,-0.0059016997,1.0000000000,0.0946843488,-19.8837132445,-7.322,1.000000,47.9410743608,-7,0.3237428232
5.116770,2.1947650661,2.1092235833,-2.0473148700,-2.9985251228,0.1016429851,0.9512102528,0.1102755258,1.2618102931,9.0340308400,0.5507351409,0.5188234081,0.9342461642,0.0000000000,-0.0946843488,-0.0009580870,-0.0000000000,-0.0058970855,1.0000000000,0.0946843488,-19.8837132445,-6.923,1.000000,47.9410743608,-6,0.3237428232
5.125094,2.1778105484,2.0862138715,-2.0260453945,-3.0234733047,0.1078321461,0.9974279102,0.1111741270,1.3212056892,7.1274475286,0.5434535600,0.5188234081,0.9342461642,0.0000000000,-0.0946843488,-0.0010046387,-0.0000000000,-0.0058919263,1.0000000000,0.0946843488,-19.8837132445,-6.523,1.000000,47.9410743608,-7,0.3237428232
5.133439,2.1609987156,2.0632041597,-2.0033342481,-3.0383026661,0.1141096560,1.0349684180,0.1121250408,1.3721509791,6.1134347904,0.5378080851,0.5188234081,0.9342461642,0.0000000000,-0.0946843488,-0.0010424507,-0.0000000000,-0.0058861342,1.0000000000,0.0946843488,-19.8837132445,-6.124,1.000000,47.9410743608,-7,0.3237428232
5.141760,2.1444261990,2.0417284287,-1.9793126243,-3.0440699706,0.1190438398,1.0647573463,0.1131170728,1.4127173886,4.8679691378,0.5337806356,0.5188234081,0.9342461642,0.0000000000,-0.0946843488,-0.0010724549,-0.0000000000,-0.0058796732,1.0000000000,0.0946843488,-19.8837132445,-5.724,1.000000,47.9410743608,-6,0.3237428232
5.150119,2.1279879489,2.0202526976,-1.9538240137,-3.0417216184,0.1240687104,1.0878976047,0.1141509787,1.4468565220,4.0966960052,0.5314392851,0.5188234081,0.9342461642,0.0000000000,-0.0946843488,-0.0010957625,-0.0000000000,-0.0058724206,1.0000000000,0.0946843488,-19.8837132445,-5.325,1.000000,47.9410743608,-7,0.3237428232
5.158457,2.1118081735,2.0018449282,-1.9270562301,-3.0321051718,0.1262450660,1.1050489417,0.1152030209,1.4693674664,2.7013133304,0.5306908680,0.5188234081,0.9342461642,0.0000000000,-0.0946843488,-0.0011130378,-0.0000000000,-0.0058643383,1.0000000000,0.0946843488,-19.8837132445,-4.925,1.000000,47.9410743608,-5,0.3237428232
5.166806,2.0958346691,1.9834371587,-1.8989256131,-3.0134752292,0.1285792919,1.1145496161,0.1162745150,1.4845604590,1.8231591166,0.5324383019,0.5188234081,0.9342461642,0.0000000000,-0.0946843488,-0.0011226072,-0.0000000000,-0.0058552989,1.0000000000,0.0946843488,-19.8837132445,-4.526,1.000000,47.9410743608,-5,0.3237428232
5.175107,2.0801915959,1.9650293893,-1.8696620925,-2.9867731193,0.1312006030,1.1171110267,0.1173678534,1.4934058787,1.0614503582,0.5365184343,0.5188234081,0.9342461642,0.0000000000,-0.0946843488,-0.0011251871,-0.0000000000,-0.0058452640,1.0000000000,0.0946843488,-19.8837132445,-4.126,1.000000,47.9410743608,-3,0.3237428232
5.183420,2.0647770556,1.9481556006,-1.8390868299,-2.9528418625,0.1324776470,1.1137550326,0.1184718338,1.4936746728,0.0322552918,0.5427285313,0.5188234081,0.9342461642,0.0000000000,-0.0946843488,-0.0011218069,-0.0000000000,-0.0058340456,1.0000000000,0.0946843488,-19.8837132445,-3.727,1.000000,47.9410743608,-3,0.3237428232
5.191758,2.0495733597,1.9328157927,-1.8071527479,-2.9074275412,0.1323698928,1.1002747932,0.1195749162,1.4810681269,-1.5127855016,0.5528078877,0.5188234081,0.9342461642,0.0000000000,-0.0946843488,-0.0011082292,-0.0000000000,-0.0058214724,1.0000000000,0.0946843488,-19.8837132445,-3.327,1.000000,47.9410743608,-2,0.3237428232
5.200086,2.0346604946,1.9190099656,-1.7740226675,-2.8567382915,0.1309906633,1.0827156240,0.1206665051,1.4618461680,-2.3066350703,0.5644867235,0.5188234081,0.9342461642,0.0000000000,-0.0946843488,-0.0010905430,-0.0000000000,-0.0058074371,1.0000000000,0.0946843488,-19.8837132445,-2.928,1.000000,47.9410743608,-4,0.3237428232
5.208414,2.0200295102,1.9067381193,-1.7396804897,-2.7988205547,0.1283205181,1.0591400650,0.1217358427,1.4340221200,-3.3388857671,0.5785279387,0.5188234081,0.9342461642,0.0000000000,-0.0946843488,-0.0010667970,-0.0000000000,-0.0057917429,1.0000000000,0.0946843488,-19.8837132445,-2.528,1.000000,47.9410743608,-4,0.3237428232
5.216748,2.0056775564,1.8944662730,-1.7041173373,-2.7319247925,0.1258811933,1.0278074553,0.1227848527,1.3988793865,-4.2171280218,0.5955694414,0.5188234081,0.9342461642,0.0000000000,-0.0946843488,-0.0010352379,-0.0000000000,-0.0057741673,1.0000000000,0.0946843488,-19.8837132445,-2.129,1.000000,47.9410743608,-3,0.3237428232
5.225086,1.9916221316,1.8821944267,-1.6673731754,-2.6569886293,0.1236952221,0.9896154539,0.1238156462,1.3573624591,-4.9820312850,0.6152081722,0.5188234081,0.9342461642,0.0000000000,-0.0946843488,-0.0009967698,-0.0000000000,-0.0057544809,1.0000000000,0.0946843488,-19.8837132445,-1.729,1.000000,47.9410743608,-1,0.3237428232
5.233419,1.9778848138,1.8729905420,-1.6295049162,-2.5773562166,0.1187341783,0.9478513004,0.1248050977,1.3067213202,-6.0769366614,0.6359914523,0.5188234081,0.9342461642,0.0000000000,-0.0946843488,-0.0009547037,-0.0000000000,-0.0057324360,1.0000000000,0.0946843488,-19.8837132445,-1.330,1.000000,47.9410743608,-2,0.3237428232
5.241753,1.9644658104,1.8653206381,-1.5905142382,-2.4885091124,0.1125079870,0.8979948742,0.1257426642,1.2454241646,-7.3556586764,0.6593587923,0.5188234081,0.9342461642,0.0000000000,-0.0946843488,-0.0009044869,-0.0000000000,-0.0057077191,1.0000000000,0.0946843488,-19.8837132445,-0.930,1.000000,47.9410743608,-1,0.3237428232
5.250085,1.9513800595,1.8576507341,-1.5504449895,-2.3964185542,0.1065976315,0.8459735648,0.1266309778,1.1825408099,-7.5460025593,0.6828820261,0.5188234081,0.9342461642,0.0000000000,-0.0946843488,-0.0008520895,-0.0000000000,-0.0056800025,1.0000000000,0.0946843488,-19.8837132445,-0.531,1.000000,47.9410743608,-1,0.3237428232
5.258419,1.9386291660,1.8530487918,-1.5093021325,-2.2989188253,0.0979251255,0.7896166928,0.1274470205,1.1097649992,-8.7330972880,0.7066889050,0.5188234081,0.9342461642,0.0000000000,-0.0946843488,-0.0007953252,-0.0000000000,-0.0056488881,1.0000000000,0.0946843488,-19.8837132445,-0.131,1.000000,47.9410743608,-1,0.3237428232
5.266756,1.9262219621,1.8484468494,-1.4671123495,-2.1965748348,0.0895702964,0.7294624854,0.1281934397,1.0337541071,-9.1213070516,0.7304145077,0.5188234081,0.9342461642,0.0000000000,-0.0946843488,-0.0007347361,-0.0000000000,-0.0056139416,1.0000000000,0.0946843488,-19.8837132445,0.268,1.000000,47.9410743608,-1,0.3237428232
5.275085,1.9141812110,1.8453788878,-1.4239550309,-2.0898924956,0.0800246433,0.6659374647,0.1288603117,0.9519289878,-9.8190143119,0.7531530960,0.5188234081,0.9342461642,0.0000000000,-0.0946843488,-0.0006707518,-0.0000000000,-0.0055747237,1.0000000000,0.0946843488,-19.8837132445,0.668,1.000000,47.9410743608,0,0.3237428232
5.283421,1.9024946011,1.8453788878,-1.3797862842,-1.9793248850,0.0677443067,0.5995386008,0.1294248476,0.8616980355,-10.8277142829,0.7736396882,0.5188234081,0.9342461642,0.0000000000,-0.0946843488,-0.0006038729,-0.0000000000,-0.0055306252,0.9934686874,0.0946843488,-19.8837132445,1.067,1.000000,47.9410743608,0,0.3237428232
5.291762,1.8911729784,1.8453788878,-1.3346419427,-1.8602688662,0.0557833760,0.5256269235,0.1298897091,0.7644903260,-11.6649251375,0.7929203436,0.5188234081,0.9342461642,0.0000000000,-0.0946843488,-0.0005294269,-0.0000000000,-0.0054810358,0.7563238763,0.0946843488,-19.8837132445,1.467,1.000000,47.9410743608,0,0.3237428232
5.300086,1.8802538120,1.8469128686,-1.2886765453,-1.7386198270,0.0426769970,0.4499432817,0.1302453507,0.6631280955,-12.1634676574,0.8082423557,0.5188234081,0.9342461642,0.0000000000,-0.0946843488,-0.0004531961,-0.0000000000,-0.0054254266,0.3207512210,0.0946843488,-19.8837132445,1.866,1.000000,47.9410743608,0,0.3237428232
5.308429,1.8696981057,1.8484468494,-1.2417253460,-1.6121441223,0.0299081597,0.3704187762,0.1304945854,0.5584904368,-12.5565190528,0.8198768458,0.5188234081,0.9342461642,0.0000000000,-0.0946843488,-0.0003730967,-0.0000000000,-0.0053628101,0.0206546813,0.0946843488,-19.8837132445,2.266,1.000000,47.9410743608,2,0.3237428232
5.316765,1.8595458558,1.8499808302,-1.1939608286,-1.4838502755,0.0175330158,0.2898894469,0.1306406938,0.4535281419,-12.5954753837,0.8269184501,0.5188234081,0.9342461642,0.0000000000,-0.0946843488,-0.0002919852,-0.0000000000,-0.0052925362,0.0000000000,0.0946843488,-19.8837132445,2.665,1.000000,47.9410743608,2,0.3237428232
5.325094,1.8498020900,1.8545827726,-1.1454129178,-1.3539281654,0.0024896509,0.2085152476,0.1306614409,0.3422982775,-13.3475837224,0.8271679399,0.5188234081,0.9342461642,0.0000000000,-0.0946843488,-0.0002100227,-0.0000000000,-0.0052137128,0.0000000000,0.0946843488,-19.8837132445,3.065,1.000000,47.9410743608,3,0.3237428232
5.333420,1.8404702890,1.8576507341,-1.0961039888,-1.2225478402,-0.0106155987,0.1264438513,0.1306614409,0.2341998554,-12.9718106504,0.8231599235,0.5188234081,0.9342461642,0.0000000000,-0.0946843488,-0.0001273580,-0.0000000000,-0.0051253556,0.0000000000,0.0946843488,-19.8837132445,3.464,1.000000,47.9410743608,4,0.3237428232
5.341746,1.8315519785,1.8637866573,-1.0460440727,-1.0923660379,-0.0263688836,0.0463219651,0.1304417002,0.1225752704,-13.3949502016,0.8119489784,0.5188234081,0.9343536727,0.0129010163,-0.0629581021,-0.0000466568,-0.0000000000,-0.0050263725,0.0000560920,0.0946843488,-13.2212014472,3.864,1.000000,47.9410743608,2,0.3206938756
5.350150,1.8229766704,1.8699225804,-0.9947945600,-0.9632575901,-0.0417734023,-0.0315369698,0.1300935885,0.0137797060,-13.0554677264,0.7886459543,0.5188673443,0.9343484636,-0.0006250933,-0.0112518108,0.0000317650,0.0000000000,-0.0049145558,0.2918662085,0.0946843488,-2.3628802698,3.464,1.000000,47.9410743608,3,0.3149950837
5.358427,1.8149531627,1.8775924844,-0.9436313011,-0.8351104007,-0.0581549396,-0.1085209003,0.1296089640,-0.0962158211,-13.1994632572,0.7538464571,0.5188652161,0.9344076466,0.0071019568,0.0378752332,0.0001093054,0.0000000000,-0.0047915227,0.8239817362,0.0946843488,7.9537989621,3.065,1.000000,47.9410743608,2,0.3109742507
5.366759,1.8073081421,1.8867963691,-0.8914931130,-0.7078240801,-0.0756873480,-0.1836690329,0.1289782361,-0.2068052454,-13.2707309122,0.7189968019,0.5188893920,0.9346925366,0.0341868043,0.0833098956,0.0001849969,0.0000000000,-0.0046535594,1.0000000000,0.0946843488,17.4950780749,2.665,1.000000,47.9410743608,3,0.3126037923
5.375104,1.8000883641,1.8975342346,-0.8386553258,-0.5813087231,-0.0943243547,-0.2573466027,0.1281921999,-0.3182709805,-13.3758882207,0.6936412935,0.5190056533,0.9346925366,0.0000000000,0.0946843488,0.0002592071,0.0000000000,-0.0044999027,1.0000000000,0.0946843488,19.8837132445,2.266,1.000000,47.9410743608,3,0.3126037923
5.383424,1.7933324002,1.9082721001,-0.7854084897,-0.4554838138,-0.1124938396,-0.3299246759,0.1272547512,-0.4278580211,-13.1504448643,0.6614463079,0.5190056533,0.9346925366,0.0000000000,0.0946843488,0.0003323098,0.0000000000,-0.0043300932,1.0000000000,0.0946843488,19.8837132445,1.866,1.000000,47.9410743608,2,0.3126037923
5.391752,1.7870151554,1.9190099656,-0.7315673151,-0.3277727964,-0.1302347335,-0.4037945188,0.1261694617,-0.5380314279,-13.2208088144,0.6266650732,0.5190056533,0.9346925366,0.0000000000,0.0946843488,0.0004067137,0.0000000000,-0.0041422942,1.0000000000,0.0946843488,19.8837132445,1.467,1.000000,47.9410743608,1,0.3126037923
5.400092,1.7811403494,1.9312818119,-0.6771472192,-0.2033815445,-0.1490493429,-0.4737656747,0.1249273839,-0.6465931477,-13.0274063765,0.5900361330,0.5190056533,0.9346925366,0.0000000000,0.0946843488,0.0004771907,0.0000000000,-0.0039352968,1.0000000000,0.0946843488,19.8837132445,1.067,1.000000,47.9410743608,1,0.3126037923
5.408423,1.7757269361,1.9435536583,-0.6223212521,-0.0794589084,-0.1674000431,-0.5428623438,0.1235323835,-0.7535098461,-12.8300038105,0.5527266394,0.5190056533,0.9346925366,0.0000000000,0.0946843488,0.0005467869,0.0000000000,-0.0037086959,1.0000000000,0.0946843488,19.8837132445,0.668,1.000000,47.9410743608,1,0.3126037923
5.416756,1.7707713377,1.9558255046,-0.5670601104,0.0440440521,-0.1852906749,-0.6111041625,0.1219882946,-0.8588050069,-12.6354193035,0.5152642031,0.5190056533,0.9346925366,0.0000000000,0.0946843488,0.0006155221,0.0000000000,-0.0034615543,1.0000000000,0.0946843488,19.8837132445,0.268,1.000000,47.9410743608,1,0.3126037923
5.425178,1.7662319295,1.9696313316,-0.5108083493,0.1621622689,-0.2042701823,-0.6729706182,0.1202860431,-0.9600432678,-12.1485913005,0.4786694191,0.5190056533,0.9346925366,0.0000000000,0.0946843488,0.0006778358,0.0000000000,-0.0031905137,1.0000000000,0.0946843488,19.8837132445,-0.131,1.000000,47.9410743608,4,0.3126037923
5.433426,1.7622473274,1.9803691972,-0.4553771956,0.2779625488,-0.2196144751,-0.7333397444,0.1184559224,-1.0526907480,-11.1176976311,0.4458221240,0.5190056533,0.9346925366,0.0000000000,0.0946843488,0.0007386414,0.0000000000,-0.0029043904,1.0000000000,0.0946843488,19.8837132445,-0.531,1.000000,47.9410743608,6,0.3126037923
5.441760,1.7586865115,1.9911070627,-0.3990520245,0.3866780695,-0.2344969379,-0.7857300939,0.1165017813,-1.1365645477,-10.0648559592,0.4163492729,0.5190056533,0.9346925366,0.0000000000,0.0946843488,0.0007914105,0.0000000000,-0.0025948514,1.0000000000,0.0946843488,19.8837132445,-0.930,1.000000,47.9410743608,-19,0.3126037923
5.450086,1.7555992911,1.9987769666,-0.3425126543,0.4865442826,-0.2457903246,-0.8290569368,0.1144535286,-1.2043397341,-8.1330223641,0.3932466820,0.5190056533,0.9346925366,0.0000000000,0.0946843488,0.0008350505,0.0000000000,-0.0022660573,1.0000000000,0.0946843488,19.8837132445,-1.330,1.000000,47.9410743608,-23,0.3126037923
5.458505,1.7529572038,2.0064468706,-0.2851022287,0.5734764726,-0.2565691249,-0.8585787013,0.1123154525,-1.2573764437,-6.3644051571,0.3754045147,0.5190056533,0.9346925366,0.0000000000,0.0946843488,0.0008647857,0.0000000000,-0.0019151404,1.0000000000,0.0946843488,19.8837132445,-1.729,1.000000,47.9410743608,6,0.3126037923
5.466759,1.7508368740,2.0125827937,-0.2286208242,0.6488254104,-0.2652299872,-0.8774462346,0.1101052026,-1.2956238642,-4.5896904635,0.3628521477,0.5190056533,0.9346925366,0.0000000000,0.0946843488,0.0008837897,0.0000000000,-0.0015550364,1.0000000000,0.0946843488,19.8837132445,-2.129,1.000000,47.9410743608,1,0.3126037923
5.475092,1.7491699296,2.0171847361,-0.1714460807,0.7087919011,-0.2718208824,-0.8802379818,0.1078400286,-1.3137387019,-2.1737805236,0.3571624934,0.5190056533,0.9346925366,0.0000000000,0.0946843488,0.0008866016,0.0000000000,-0.0011778694,1.0000000000,0.0946843488,19.8837132445,-2.528,1.000000,47.9410743608,-1,0.3126037923
5.483426,1.7479798503,2.0233206592,-0.1141490060,0.7549824177,-0.2793949191,-0.8691314238,0.1055117376,-1.3199699897,-0.7477545310,0.3550769662,0.5190056533,0.9346925366,0.0000000000,0.0946843488,0.0008754148,0.0000000000,-0.0007899286,1.0000000000,0.0946843488,19.8837132445,-2.928,1.000000,47.9410743608,-6,0.3126037923
5.491759,1.7472676369,2.0279226016,-0.0567766363,0.7863312122,-0.2848774118,-0.8431078485,0.1031377592,-1.3071755040,1.5353382784,0.3592418695,0.5190056533,0.9346925366,0.0000000000,0.0946843488,0.0008492030,0.0000000000,-0.0003946265,1.0000000000,0.0946843488,19.8837132445,-3.327,1.000000,47.9410743608,0,0.3126037923
5.500091,1.7470337036,2.0309905632,0.0006264853,0.8043882865,-0.2882762698,-0.8037618012,0.1007354569,-1.2769483764,3.6272553207,0.3691281885,0.5190056533,0.9346925366,0.0000000000,0.0946843488,0.0008095725,0.0000000000,0.0000043607,1.0000000000,0.0946843488,19.8837132445,-3.727,1.000000,47.9410743608,-4,0.3126037923
5.508435,1.7472787722,2.0355925055,0.0581118252,0.8105417677,-0.2926661865,-0.7524299426,0.0982965721,-1.2367397524,4.8250348767,0.3818261257,0.5190056533,0.9346925366,0.0000000000,0.0946843488,0.0007578696,0.0000000000,0.0004038790,1.0000000000,0.0946843488,19.8837132445,-4.126,1.000000,47.9410743608,1,0.3126037923
5.516764,1.7480016001,2.0371264863,0.1154526290,0.8060348132,-0.2934531379,-0.6905821842,0.0958511292,-1.1788662059,6.9448255838,0.4006058162,0.5190056533,0.9346925366,0.0000000000,0.0946843488,0.0006955747,0.0000000000,0.0007988435,1.0000000000,0.0946843488,19.8837132445,-4.526,1.000000,47.9410743608,0,0.3126037923
5.525093,1.7492018084,2.0401944479,0.1727185915,0.7919807504,-0.2952454236,-0.6192621589,0.0933907507,-1.1135317139,7.8401390418,0.4212139134,0.5190056533,0.9346925366,0.0000000000,0.0946843488,0.0006237391,0.0000000000,0.0011863829,1.0000000000,0.0946843488,19.8837132445,-4.925,1.000000,47.9410743608,2,0.3126037923
5.533430,1.7508802850,2.0417284287,0.2299183172,0.7718810847,-0.2949929964,-0.5419627675,0.0909324757,-1.0381549816,9.0452078721,0.4449601428,0.5190056533,0.9346925366,0.0000000000,0.0946843488,0.0005458809,0.0000000000,0.0015634578,1.0000000000,0.0946843488,19.8837132445,-5.325,1.000000,47.9410743608,-6,0.3126037923
5.541747,1.7530293973,2.0417284287,0.2868268730,0.7438627427,-0.2926934310,-0.4570358698,0.0884933638,-0.9510662309,10.4506500880,0.4721714322,0.5190056533,0.9346925366,0.0000000000,0.0946843488,0.0004603400,0.0000000000,0.0019259150,1.0000000000,0.0946843488,19.8837132445,-5.724,1.000000,47.9410743608,-4,0.3126037923
5.550093,1.7556608794,2.0417284287,0.3437341832,0.7112571639,-0.2898868633,-0.3675229806,0.0860776400,-0.8583615203,11.1245652657,0.5000955225,0.5190056533,0.9346925366,0.0000000000,0.0946843488,0.0003701800,0.0000000000,0.0022733431,1.0000000000,0.0946843488,19.8837132445,-6.124,1.000000,47.9410743608,-7,0.3126037923
5.558430,1.7587627776,2.0417284287,0.4003447361,0.6745434182,-0.2865878193,-0.2741986821,0.0836894081,-0.7608402341,11.7025543467,0.5279457994,0.5190056533,0.9346925366,0.0000000000,0.0946843488,0.0002761810,0.0000000000,0.0026021617,1.0000000000,0.0946843488,19.8837132445,-6.523,1.000000,47.9410743608,-6,0.3126037923
5.566783,1.7623427805,2.0417284287,0.4567877324,0.6341505441,-0.2827909145,-0.1773628117,0.0813328172,-0.6587874248,12.2463371093,0.5549934954,0.5190056533,0.9346925366,0.0000000000,0.0946843488,0.0001786450,0.0000000000,0.0029119020,1.0000000000,0.0946843488,19.8837132445,-6.923,1.000000,47.9410743608,-7,0.3126037923
5.575222,1.7664368710,2.0417284287,0.5134893389,0.5904627731,-0.2784622290,-0.0769734342,0.0790122986,-0.5520894230,12.8037602205,0.5805145435,0.5190056533,0.9346925366,0.0000000000,0.0946843488,0.0000775299,0.0000000000,0.0032038761,1.0000000000,0.0946843488,19.8837132445,-7.322,1.000000,47.9410743608,-5,0.3126037923
5.583438,1.7708813430,2.0417284287,0.5683497521,0.5438242092,-0.2737673169,0.0245255429,0.0767309043,-0.4435159170,13.0288207198,0.6031395415,0.5190056533,0.9346925366,0.0000000000,0.0946843488,-0.0000247028,-0.0000000000,0.0034675380,1.0000000000,0.0946843488,19.8837132445,-7.722,1.000000,47.9410743608,-5,0.3126037923
5.591759,1.7758405231,2.0401944479,0.6235259203,0.4945430199,-0.2670095255,0.1289829003,0.0745058249,-0.3278316232,13.8821152568,0.6240357391,0.5190056533,0.9346925366,0.0000000000,0.0946843488,-0.0001299154,-0.0000000000,0.0037138729,1.0000000000,0.0946843488,19.8837132445,-8.121,1.000000,47.9410743608,-9,0.3126037923
5.600084,1.7812597000,2.0386604671,0.6783012486,0.4479040861,-0.2598059258,0.2303971625,0.0723407755,-0.2142458567,13.6302919765,0.6401701437,0.5190056533,0.9349684553,0.0331102456,0.0858996914,-0.0002320628,-0.0000000000,0.0039398699,1.0000000000,0.0946843488,18.0389351965,-8.521,1.000000,47.9410743608,-7,0.3138470636
5.608416,1.7871380375,2.0371264863,0.7326574877,0.4011270140,-0.2521424236,0.3315304737,0.0702395887,-0.0999647034,13.7137383997,0.6543442273,0.5191180727,0.9350241984,0.0066891735,0.0429059917,-0.0003339273,-0.0000000000,0.0041462622,1.0000000000,0.0946843488,9.0102582571,-8.920,1.000000,47.9410743608,-8,0.3097507146
5.616747,1.7934668377,2.0355925055,0.7865087915,0.3567306787,-0.2440412429,0.4297781128,0.0682059116,0.0123665754,13.4797534528,0.6522514716,0.5191407628,0.9350181303,-0.0007281696,-0.0009221550,-0.0004328852,-0.0000000000,0.0043337597,1.0000000000,0.0946843488,-0.1936525432,-8.521,1.000000,47.9410743608,-8,0.3042370120
5.625085,1.8002471642,2.0325245439,0.8398598442,0.3144664469,-0.2339660040,0.5253933973,0.0662561949,0.1260687681,13.6442631311,0.6435036870,0.5191382932,0.9351094491,0.0109582464,-0.0446203563,-0.0005291917,-0.0000000000,0.0045035671,1.0000000000,0.0946843488,-9.3702748185,-8.121,1.000000,47.9410743608,-9,0.3012413569
5.633426,1.8074730046,2.0294565824,0.8926564027,0.2716072027,-0.2234420561,0.6210492000,0.0643941778,0.2407890912,13.7664387691,0.6353435150,0.5191754499,0.9354571778,0.0417274430,-0.0877703501,-0.0006255390,-0.0000000000,0.0046567823,1.0000000000,0.0946843488,-18.4317735306,-7.722,1.000000,47.9410743608,-8,0.3047446569
5.641761,1.8151306167,2.0263886208,0.9448001006,0.2282150867,-0.2124834751,0.7165850139,0.0643941778,0.3580886470,14.0759466887,0.6361655933,0.5193167586,0.9354571778,0.0000000000,-0.0946843488,-0.0007217655,-0.0000000000,0.0047944667,1.0000000000,0.0946843488,-19.8837132445,-7.322,1.000000,47.9410743608,-8,0.3047446569
5.650201,1.8233253651,2.0233206592,0.9969440883,0.1868501980,-0.2009986437,0.8100938903,0.0643941778,0.4744063986,13.9581301945,0.6248468077,0.5193167586,0.9354571778,0.0000000000,-0.0946843488,-0.0008159504,-0.0000000000,0.0049194696,1.0000000000,0.0946843488,-19.8837132445,-6.923,1.000000,47.9410743608,-6,0.3047446569
5.658421,1.8317270559,2.0187187169,1.0470570568,0.1447963737,-0.1877691896,0.9022606831,0.0643941778,0.5928468873,14.2128586429,0.6101744262,0.5193167586,0.9354571778,0.0000000000,-0.0946843488,-0.0009087835,-0.0000000000,0.0050284731,1.0000000000,0.0946843488,-19.8837132445,-6.523,1.000000,47.9410743608,-6,0.3047446569
5.666759,1.8406671687,2.0156507553,1.0971752677,0.1021255630,-0.1755319812,0.9950497046,0.0643941778,0.7099390046,14.0510540825,0.5904614325,0.5193167586,0.9354571778,0.0000000000,-0.0946843488,-0.0010022434,-0.0000000000,0.0051273690,1.0000000000,0.0946843488,-19.8837132445,-6.124,1.000000,47.9410743608,-6,0.3047446569
5.675090,1.8500139143,2.0125827937,1.1464988738,0.0614066499,-0.1628986213,1.0850922239,0.0643941778,0.8250713766,13.8158846390,0.5678176501,0.5193167586,0.9354571778,0.0000000000,-0.0946843488,-0.0010929368,-0.0000000000,0.0052155621,1.0000000000,0.0946843488,-19.8837132445,-5.724,1.000000,47.9410743608,-7,0.3047446569
5.683423,1.8597695299,2.0095148321,1.1950429130,0.0199313384,-0.1498523297,1.1751115746,0.0643941778,0.9410006626,13.9115143149,0.5420790336,0.5193167586,0.9354571778,0.0000000000,-0.0946843488,-0.0011836070,-0.0000000000,0.0052942058,1.0000000000,0.0946843488,-19.8837132445,-5.325,1.000000,47.9410743608,-6,0.3047446569
5.691756,1.8699274759,2.0064468706,1.2427738304,-0.0197169282,-0.1364135186,1.2624907586,0.0643941778,1.0550693254,13.6882395345,0.5145503900,0.5193167586,0.9354571778,0.0000000000,-0.0946843488,-0.0012716179,-0.0000000000,0.0053642763,1.0000000000,0.0946843488,-19.8837132445,-4.925,1.000000,47.9410743608,-4,0.3047446569
5.700097,1.8804895346,2.0018449282,1.2896957820,-0.0577289581,-0.1210454003,1.3474247401,0.0643941778,1.1705243898,13.8546077367,0.4860698336,0.5193167586,0.9354571778,0.0000000000,-0.0946843488,-0.0013571659,-0.0000000000,0.0054267190,1.0000000000,0.0946843488,-19.8837132445,-4.526,1.000000,47.9410743608,-5,0.3047446569
5.708426,1.8914241760,1.9987769666,1.3356704054,-0.0942756324,-0.1068465486,1.4299460378,0.0643941778,1.2812446068,13.2864260378,0.4565402245,0.5193167586,0.9354571778,0.0000000000,-0.0946843488,-0.0014402837,-0.0000000000,0.0054822193,1.0000000000,0.0946843488,-19.8837132445,-4.126,1.000000,47.9410743608,-3,0.3047446569
5.716763,1.9027481030,1.9957090050,1.3807697274,-0.1270055378,-0.0922789068,1.5077752652,0.0643941778,1.3880051710,12.8112677013,0.4276241265,0.5193167586,0.9354571778,0.0000000000,-0.0946843488,-0.0015186756,-0.0000000000,0.0055316533,1.0000000000,0.0946843488,-19.8837132445,-3.727,1.000000,47.9410743608,-3,0.3047446569
5.725086,1.9144246956,1.9926410435,1.4248506438,-0.1563172802,-0.0773769542,1.5811679240,0.0643941778,1.4909931075,12.3585523860,0.3996730798,0.5193167586,0.9354571778,0.0000000000,-0.0946843488,-0.0015925989,-0.0000000000,0.0055755753,1.0000000000,0.0946843488,-19.8837132445,-3.327,1.000000,47.9410743608,-4,0.3047446569
5.733447,1.9265193379,1.9911070627,1.4681498398,-0.1825678371,-0.0636073707,1.6507176769,0.0643941778,1.5878892534,11.6275375004,0.3727603377,0.5193167586,0.9354571778,0.0000000000,-0.0946843488,-0.0016626514,-0.0000000000,0.0056148400,0.9450689304,0.0946843488,-19.8837132445,-2.928,1.000000,47.9410743608,-3,0.3047446569
5.741756,1.9388928856,1.9880391011,1.5101751800,-0.2035724564,-0.0480530706,1.7137476364,0.0643941778,1.6818100529,11.2704959378,0.3481680532,0.5193167586,0.9354571778,0.0000000000,-0.0946843488,-0.0017261371,-0.0000000000,0.0056495779,0.5019428782,0.0946843488,-19.8837132445,-2.528,1.000000,47.9410743608,-2,0.3047446569
5.750083,1.9516407365,1.9865051203,1.5512639346,-0.2223834484,-0.0336702275,1.7736473831,0.0643941778,1.7702741258,10.6156887500,0.3248116604,0.5193167586,0.9354571778,0.0000000000,-0.0946843488,-0.0017864698,-0.0000000000,0.0056805937,0.0782888756,0.0946843488,-19.8837132445,-2.129,1.000000,47.9410743608,-3,0.3047446569
5.758490,1.9648528767,1.9849711395,1.5916679277,-0.2367254572,-0.0188470927,1.8283933849,0.0643941778,1.8544588735,10.1021697315,0.3034475227,0.5193167586,0.9354571778,0.0000000000,-0.0946843488,-0.0018416116,-0.0000000000,0.0057084814,0.0000000000,0.0946843488,-19.8837132445,-1.729,1.000000,47.9410743608,-2,0.3047446569
5.766761,1.9781781277,1.9834371587,1.6303345902,-0.2445607546,-0.0039457869,1.8748953448,0.0643941778,1.9305548266,9.1315143698,0.2851378253,0.5193167586,0.9354571778,0.0000000000,-0.0946843488,-0.0018884498,-0.0000000000,0.0057329391,0.0000000000,0.0946843488,-19.8837132445,-1.330,1.000000,47.9410743608,-1,0.3047446569
5.775092,1.9919192936,1.9819031779,1.6681704954,-0.2490733205,0.0113535914,1.9172438159,0.0644887911,2.0033811563,8.7391595671,0.2683864963,0.5193167586,0.9354571778,0.0000000000,-0.0946843488,-0.0019311044,-0.0000000000,0.0057549255,0.0000000000,0.0946843488,-19.8837132445,-0.930,1.000000,47.9410743608,-1,0.3047446569
5.783420,2.0059645606,1.9834371587,1.7048474677,-0.2506101659,0.0238731302,1.9554576336,0.0646877338,2.0666549454,7.5928546884,0.2534349722,0.5193167586,0.9354571778,0.0000000000,-0.0946843488,-0.0019695945,-0.0000000000,0.0057745423,0.0000000000,0.0946843488,-19.8837132445,-0.531,1.000000,47.9410743608,-1,0.3047446569
5.791863,2.0205116166,1.9834371587,1.7408422314,-0.2469776132,0.0384006800,1.9878198446,0.0650077395,2.1281844116,7.3835359463,0.2403156179,0.5193167586,0.9354571778,0.0000000000,-0.0946843488,-0.0020021907,-0.0000000000,0.0057922938,0.1913912745,0.0946843488,-19.8837132445,-0.131,1.000000,47.9410743608,-1,0.3047446569
5.800095,2.0349818436,1.9834371587,1.7747561270,-0.2387155307,0.0528265413,2.0134716576,0.0654479607,2.1829200648,6.5682783786,0.2294139233,0.5193167586,0.9354571778,0.0000000000,-0.0946843488,-0.0020280279,-0.0000000000,0.0058077592,0.6633299300,0.0946843488,-19.8837132445,0.268,1.000000,47.9410743608,0,0.3047446569
5.808426,2.0499071007,1.9834371587,1.8078733445,-0.2263074055,0.0676851692,2.0341807501,0.0660120037,2.2336945663,6.0929401779,0.2199825216,0.5193167586,0.9354571778,0.0000000000,-0.0946843488,-0.0020488867,-0.0000000000,0.0058217662,0.9930964089,0.0946843488,-19.8837132445,0.668,1.000000,47.9410743608,0,0.3047446569
5.816760,2.0651068458,1.9849711395,1.8397596434,-0.2126906802,0.0812778143,2.0524503236,0.0666893189,2.2796269989,5.5118919192,0.2114657979,0.5193167586,0.9354571778,0.0000000000,-0.0946843488,-0.0020672884,-0.0000000000,0.0058343009,1.0000000000,0.0946843488,-19.8837132445,1.067,1.000000,47.9410743608,0,0.3047446569
5.825183,2.0807344563,1.9849711395,1.8707069138,-0.1954871269,0.0968130450,2.0661940407,0.0674960942,2.3250192042,5.4470646297,0.2040165280,0.5193167586,0.9354571778,0.0000000000,-0.0946843488,-0.0020811315,-0.0000000000,0.0058456339,1.0000000000,0.0946843488,-19.8837132445,1.467,1.000000,47.9410743608,0,0.3047446569
5.833426,2.0962762491,1.9865051203,1.8997266856,-0.1775757862,0.1107246766,2.0773024718,0.0684187999,2.3646659687,4.7576117442,0.1975344720,0.5193167586,0.9354571778,0.0000000000,-0.0946843488,-0.0020923202,-0.0000000000,0.0058555644,1.0000000000,0.0946843488,-19.8837132445,1.866,1.000000,47.9410743608,0,0.3047446569
5.841764,2.1122333698,1.9865051203,1.9277815773,-0.1590305762,0.1265822130,2.0868121534,0.0694736517,2.4067088533,5.0451461453,0.1912434476,0.5193167586,0.9354571778,0.0000000000,-0.0946843488,-0.0021018986,-0.0000000000,0.0058645638,1.0000000000,0.0946843488,-19.8837132445,2.266,1.000000,47.9410743608,2,0.3047446569
5.850090,2.1283964974,1.9880391011,1.9544780588,-0.1399176952,0.1411087273,2.0943957541,0.0706495577,2.4443016123,4.5111310834,0.1856266258,0.5193167586,0.9354571778,0.0000000000,-0.0946843488,-0.0021095370,-0.0000000000,0.0058726120,1.0000000000,0.0946843488,-19.8837132445,2.665,1.000000,47.9410743608,1,0.3047446569
5.858428,2.1447986058,1.9911070627,1.9798706609,-0.1202964284,0.1543375117,2.1001670893,0.0719357036,2.4776135163,3.9974284778,0.1806405216,0.5193167586,0.9354571778,0.0000000000,-0.0946843488,-0.0021153501,-0.0000000000,0.0058798273,1.0000000000,0.0946843488,-19.8837132445,3.065,1.000000,47.9410743608,3,0.3047446569
5.866786,2.1614492642,1.9957090050,2.0039644046,-0.0977154207,0.1662649722,2.1016798253,0.0733212451,2.5041804004,3.1880260968,0.1768697434,0.5193167586,0.9354571778,0.0000000000,-0.0946843488,-0.0021168738,-0.0000000000,0.0058862990,1.0000000000,0.0946843488,-19.8837132445,3.464,1.000000,47.9410743608,4,0.3047446569
5.875093,2.1781903526,1.9987769666,2.0265396333,-0.0749882225,0.1798160583,2.1015278558,0.0748197122,2.5324184500,3.3885659551,0.1732868572,0.5193167586,0.9354571778,0.0000000000,-0.0946843488,-0.0021167207,-0.0000000000,0.0058920490,1.0000000000,0.0946843488,-19.8837132445,3.864,1.000000,47.9410743608,2,0.3047446569
5.883427,2.1951697108,2.0033789090,2.0478028714,-0.0496256529,0.1920572821,2.0974285242,0.0764201896,2.5542083379,2.6147865459,0.1707834524,0.5193167586,0.9354571778,0.0000000000,-0.0946843488,-0.0021125917,-0.0000000000,0.0058972010,1.0000000000,0.0946843488,-19.8837132445,4.263,1.000000,47.9410743608,2,0.3047446569
5.891754,2.2123046298,2.0095148321,2.0676447470,-0.0193984894,0.2028939638,2.0870432364,0.0781109726,2.5670118950,1.5364268485,0.1699087011,0.5193167586,0.9354571778,0.0000000000,-0.0946843488,-0.0021021314,-0.0000000000,0.0059017884,1.0000000000,0.0946843488,-19.8837132445,4.663,1.000000,47.9410743608,2,0.3047446569
5.900110,2.2296596917,2.0156507553,2.0861338423,0.0151852318,0.2139273947,2.0709486105,0.0798937009,2.5745875202,0.9090750273,0.1702861683,0.5193167586,0.9354571778,0.0000000000,-0.0946843488,-0.0020859204,-0.0000000000,0.0059058801,1.0000000000,0.0946843488,-19.8837132445,5.062,1.000000,47.9410743608,4,0.3047446569
5.908427,2.2470828592,2.0233206592,2.1031107769,0.0536705315,0.2234739996,2.0494402454,0.0817559842,2.5738750150,-0.0855006267,0.1720848436,0.5193167586,0.9354571778,0.0000000000,-0.0946843488,-0.0020642565,-0.0000000000,0.0059094879,1.0000000000,0.0946843488,-19.8837132445,5.462,1.000000,47.9410743608,5,0.3047446569
5.916753,2.2646580218,2.0309905632,2.1186658778,0.0981543951,0.2331403884,2.0205114827,0.0836988208,2.5660594327,-0.9378698745,0.1755729485,0.5193167586,0.9354571778,0.0000000000,-0.0946843488,-0.0020351186,-0.0000000000,0.0059126730,1.0000000000,0.0946843488,-19.8837132445,5.861,1.000000,47.9410743608,4,0.3047446569
5.925102,2.2824070599,2.0417284287,2.1328096501,0.1480103598,0.2398838441,1.9847992904,0.0856978528,2.5457108869,-2.4418254933,0.1810664526,0.5193167586,0.9354571778,0.0000000000,-0.0946843488,-0.0019991483,-0.0000000000,0.0059154723,1.0000000000,0.0946843488,-19.8837132445,6.261,1.000000,47.9410743608,5,0.3047446569
5.933429,2.3002214247,2.0509323134,2.1454550664,0.2026773876,0.2482007728,1.9427776787,0.0877661926,2.5222461800,-2.8157648297,0.1879024148,0.5193167586,0.9354571778,0.0000000000,-0.0946843488,-0.0019568229,-0.0000000000,0.0059178996,1.0000000000,0.0946843488,-19.8837132445,6.660,1.000000,47.9410743608,4,0.3047446569
5.941755,2.3181318685,2.0616701789,2.1566303864,0.2616530331,0.2550566632,1.8949773534,0.0898916648,2.4901574726,-3.8506448904,0.1964427877,0.5193167586,0.9354571778,0.0000000000,-0.0946843488,-0.0019086770,-0.0000000000,0.0059199870,1.0000000000,0.0946843488,-19.8837132445,7.060,1.000000,47.9410743608,6,0.3047446569
5.950080,2.3361257690,2.0724080444,2.1663285717,0.3244873236,0.2619752901,1.8418412481,0.0920747922,2.4529144310,-4.4691649862,0.2064353972,0.5193167586,0.9354571778,0.0000000000,-0.0946843488,-0.0018551567,-0.0000000000,0.0059217557,1.0000000000,0.0946843488,-19.8837132445,7.459,1.000000,47.9410743608,5,0.3047446569
5.958428,2.3542469910,2.0846798907,2.1745670433,0.3907772798,0.2674687015,1.7837897635,0.0943036981,2.4079706719,-5.3932510944,0.2180459899,0.5193167586,0.9354571778,0.0000000000,-0.0946843488,-0.0017966856,-0.0000000000,0.0059232277,1.0000000000,0.0946843488,-19.8837132445,7.859,1.000000,47.9410743608,6,0.3047446569
5.966759,2.3723927431,2.0984857178,2.1812972009,0.4601620076,0.2714360439,1.7211351933,0.0965656651,2.3554256540,-6.3054021545,0.2312712784,0.5193167586,0.9354571778,0.0000000000,-0.0946843488,-0.0017335780,-0.0000000000,0.0059244097,1.0000000000,0.0946843488,-19.8837132445,8.258,1.000000,47.9410743608,8,0.3047446569
5.975093,2.3905944575,2.1138255257,2.1865346894,0.5323183032,0.2739104851,1.6542163862,0.0988482525,2.2956718301,-7.1704588635,0.2460327036,0.5193167586,0.9354571778,0.0000000000,-0.0946843488,-0.0016661754,-0.0000000000,0.0059253170,1.0000000000,0.0946843488,-19.8837132445,8.658,1.000000,47.9410743608,7,0.3047446569
5.983523,2.4090431558,2.1276313528,2.1903076216,0.6069567165,0.2781525623,1.5833509052,0.1011661905,2.2355167149,-7.2186138227,0.2617424815,0.5193167586,0.9354571778,0.0000000000,-0.0946843488,-0.0015947976,-0.0000000000,0.0059259639,1.0000000000,0.0946843488,-19.8837132445,9.057,1.000000,47.9410743608,10,0.3047446569
5.991766,2.4271071437,2.1429711607,2.1925115753,0.6838180264,0.2804640119,1.5086935489,0.1035033906,2.1677544914,-8.1314668266,0.2789318835,0.5193167586,0.9354571778,0.0000000000,-0.0946843488,-0.0015196005,-0.0000000000,0.0059263392,1.0000000000,0.0946843488,-19.8837132445,9.457,1.000000,47.9410743608,8,0.3047446569
6.000097,2.4453783159,2.1598449493,2.1932453204,0.7626700836,0.2814379751,1.4305752368,0.1058487071,2.0938830671,-8.8645709131,0.2972135623,0.5193167586,0.9354571778,0.0000000000,-0.0946843488,-0.0014409175,-0.0000000000,0.0059264637,1.0000000000,0.0946843488,-19.8837132445,9.857,1.000000,47.9410743608,8,0.3047446569
6.008430,2.4636523876,2.1751847572,2.1924763060,0.8408005351,0.2839526934,1.3516757709,0.1082149795,2.0223110923,-8.5886369710,0.3153481062,0.5193167586,0.9354571778,0.0000000000,-0.0946843488,-0.0013614476,-0.0000000000,0.0059263332,1.0000000000,0.0946843488,-19.8837132445,10.256,1.000000,47.9410743608,9,0.3047446569
6.016766,2.4819196710,2.1920585459,2.1902038375,0.9207891906,0.2849166645,1.2694146469,0.1105892850,1.9443055965,-9.3606595004,0.3342605896,0.5193167586,0.9354571778,0.0000000000,-0.0946843488,-0.0012785918,-0.0000000000,0.0059259462,1.0000000000,0.0946843488,-19.8837132445,10.656,1.000000,47.9410743608,10,0.3047446569
6.025091,2.5001400899,2.2089323346,2.1864348551,0.9999375391,0.2858382833,1.1864973159,0.1129712707,1.8655673552,-9.4485889562,0.3527769759,0.5193167586,0.9354571778,0.0000000000,-0.0946843488,-0.0011950750,-0.0000000000,0.0059252998,1.0000000000,0.0946843488,-19.8837132445,11.055,1.000000,47.9410743608,11,0.3047446569
6.033426,2.5183430959,2.2273401040,2.1811634422,1.0808377871,0.2851991012,1.1003256551,0.1153479299,1.7804697810,-10.2117089061,0.3714658417,0.5193167586,0.9354571778,0.0000000000,-0.0946843488,-0.0011082804,-0.0000000000,0.0059243864,1.0000000000,0.0946843488,-19.8837132445,11.455,1.000000,47.9410743608,11,0.3047446569
6.041775,2.5365264905,2.2472818543,2.1743838997,1.1633069741,0.2829979019,1.0110769257,0.1177062458,1.6891748848,-10.9553875412,0.3898443425,0.5193167586,0.9354571778,0.0000000000,-0.0946843488,-0.0010183864,-0.0000000000,0.0059231952,1.0000000000,0.0946843488,-19.8837132445,11.854,1.000000,47.9410743608,11,0.3047446569
6.050214,2.5548401777,2.2672236045,2.1660120806,1.2446767986,0.2809328985,0.9213352820,0.1200473532,1.5976405910,-10.9841152520,0.4066945068,0.5193167586,0.9354571778,0.0000000000,-0.0946843488,-0.0009279960,-0.0000000000,0.0059216986,1.0000000000,0.0946843488,-19.8837132445,12.254,1.000000,47.9410743608,12,0.3047446569
6.058424,2.5725844062,2.2871653547,2.1564059085,1.3250620732,0.2783037234,0.8313438354,0.1223665509,1.5047144452,-11.1511375038,0.4218702404,0.5193167586,0.9354571778,0.0000000000,-0.0946843488,-0.0008373540,-0.0000000000,0.0059199456,1.0000000000,0.0946843488,-19.8837132445,12.653,1.000000,47.9410743608,11,0.3047446569
6.066761,2.5905172401,2.3086410858,2.1451826794,1.4070700682,0.2743204591,0.7381126112,0.1246525548,1.4058265700,-11.8665450227,0.4353741863,0.5193167586,0.9354571778,0.0000000000,-0.0946843488,-0.0007434487,-0.0000000000,0.0059178481,1.0000000000,0.0946843488,-19.8837132445,13.053,1.000000,47.9410743608,12,0.3047446569
6.075120,2.6083963704,2.3301168168,2.1324530978,1.4880268656,0.2702891359,0.6444262322,0.1269049642,1.3063549693,-11.9365920840,0.4462830142,0.5193167586,0.9354571778,0.0000000000,-0.0946843488,-0.0006490851,-0.0000000000,0.0059154029,1.0000000000,0.0946843488,-19.8837132445,13.452,1.000000,47.9410743608,13,0.3047446569
6.083432,2.6260643222,2.3531265286,2.1183362143,1.5680422477,0.2645177087,0.5502939666,0.1291092785,1.2029342111,-12.4104909860,0.4541403452,0.5193167586,0.9354571778,0.0000000000,-0.0946843488,-0.0005542723,-0.0000000000,0.0059126066,1.0000000000,0.0946843488,-19.8837132445,13.852,1.000000,47.9410743608,11,0.3047446569
6.091754,2.6436289757,2.3761362404,2.1027561615,1.6497189802,0.2586340621,0.4530371812,0.1312645623,1.0961177189,-12.8179790550,0.4591365961,0.5193167586,0.9354571778,0.0000000000,-0.0946843488,-0.0004563124,-0.0000000000,0.0059094140,1.0000000000,0.0946843488,-19.8837132445,14.251,1.000000,47.9410743608,14,0.3047446569
6.100099,2.6611054554,2.3991459523,2.0856904530,1.7303791107,0.2526677006,0.3553113423,0.1333701265,0.9886188757,-12.8998611898,0.4606077004,0.5193167586,0.9354571778,0.0000000000,-0.0946843488,-0.0003578800,-0.0000000000,0.0059057839,1.0000000000,0.0946843488,-19.8837132445,14.651,1.000000,47.9410743608,15,0.3047446569
6.108430,2.6784059405,2.4236896449,2.0672221809,1.8101288084,0.2449962526,0.2570933725,0.1354117619,0.8771785627,-13.3728375588,0.4580480338,0.5193167586,0.9354571778,0.0000000000,-0.0946843488,-0.0002589520,-0.0000000000,0.0059016929,1.0000000000,0.0946843488,-19.8837132445,15.050,1.000000,47.9410743608,16,0.3047446569
6.116761,2.6955460825,2.4497673183,2.0473385323,1.8915676033,0.2356214106,0.1557709290,0.1373752737,0.7591738016,-14.1605713282,0.4513069551,0.5193167586,0.9354571778,0.0000000000,-0.0946843488,-0.0001568971,-0.0000000000,0.0058970911,1.0000000000,0.0946843488,-19.8837132445,15.450,1.000000,47.9410743608,15,0.3047446569
6.125180,2.7126944700,2.4743110109,2.0258183460,1.9720146453,0.2277941203,0.0538037007,0.1392735580,0.6435333763,-13.8768510361,0.4411578357,0.5193167586,0.9354571778,0.0000000000,-0.0946843488,-0.0000541927,-0.0000000000,0.0058918698,1.0000000000,0.0946843488,-19.8837132445,15.849,1.000000,47.9410743608,14,0.3047446569
6.133427,2.7293091439,2.4988547035,2.0033662951,2.0490690600,0.2194513343,-0.0457027649,0.1411023191,0.5292613856,-13.7126388821,0.4275353553,0.5193167586,0.9354571778,0.0000000000,-0.0946843488,0.0000460332,0.0000000000,0.0058861426,1.0000000000,0.0946843488,-19.8837132445,16.249,1.000000,47.9410743608,16,0.3047446569
6.141761,2.7459065301,2.5249323769,1.9793096591,2.1255896066,0.2095601464,-0.1462799475,0.1428486537,0.4107622755,-14.2198932228,0.4100439632,0.5193167586,0.9354571778,0.0000000000,-0.0946843488,0.0001473375,0.0000000000,0.0058796724,1.0000000000,0.0946843488,-19.8837132445,16.648,1.000000,47.9410743608,16,0.3047446569
6.150094,2.7622943178,2.5479420887,1.9539016890,2.2016320398,0.2025298892,-0.2477303508,0.1445364028,0.2970139845,-13.6497949119,0.3909286758,0.5193167586,0.9358100546,0.0423452160,-0.0694467605,0.0002495213,0.0000000000,0.0058724433,1.0000000000,0.0946843488,-14.5838196980,16.249,1.000000,47.9410743608,18,0.3075230843
6.158454,2.7785167258,2.5755537429,1.9270662220,2.2747418430,0.1907480574,-0.3476756210,0.1461259699,0.1752373876,-14.6131916342,0.3711154991,0.5194598696,0.9359228495,0.0135353927,-0.0365795147,0.0003501891,0.0000000000,0.0058643414,1.0000000000,0.0946843488,-7.6816980965,15.849,1.000000,47.9410743608,16,0.3047188273
6.166760,2.7944080961,2.6031653970,1.8990853379,2.3452252870,0.1786492910,-0.4461399491,0.1476147140,0.0542128839,-14.5229404391,0.3426817004,0.5195055526,0.9359260897,0.0003888246,-0.0061347595,0.0004493653,0.0000000000,0.0058553519,1.0000000000,0.0946843488,-1.2882995037,15.450,1.000000,47.9410743608,16,0.2995118512
6.175096,2.8101181743,2.6277090896,1.8697025147,2.4133566566,0.1694498243,-0.5436541420,0.1490267959,-0.0601790680,-13.7270342235,0.3124575678,0.5195068645,0.9359309278,0.0005805689,0.0192564413,0.0005475845,0.0000000000,0.0058452783,1.0000000000,0.0946843488,4.0438526791,15.050,1.000000,47.9410743608,13,0.2944323159
6.183422,2.8255579518,2.6537867630,1.8390781425,2.4768771435,0.1584708356,-0.6377990010,0.1503473862,-0.1748260317,-13.7576356531,0.2823767250,0.5195088232,0.9360204825,0.0107465626,0.0411144845,0.0006424099,0.0000000000,0.0058340423,1.0000000000,0.0946843488,8.6340417495,14.651,1.000000,47.9410743608,14,0.2912991185
6.191759,2.8407580951,2.6813984172,1.8071512292,2.5387727357,0.1457269573,-0.7316215065,0.1515617775,-0.2927604303,-14.1521278259,0.2540869713,0.5195450707,0.9362650335,0.0293461244,0.0602637012,0.0007369107,0.0000000000,0.0058214718,1.0000000000,0.0946843488,12.6553772590,14.251,1.000000,47.9410743608,13,0.2915248364
6.200181,2.8558378843,2.7059421098,1.7736397206,2.5967086814,0.1359519490,-0.8230689608,0.1526947104,-0.4025039236,-13.1692192037,0.2309231767,0.5196439574,0.9367026680,0.0525161443,0.0756426011,0.0008290193,0.0000000000,0.0058072687,1.0000000000,0.0946843488,15.8849462395,13.852,1.000000,47.9410743608,13,0.2956416065
6.208430,2.8703296222,2.7304858024,1.7396120352,2.6510985081,0.1256079314,-0.9114864730,0.1537414432,-0.5104325249,-12.9514321560,0.2115835505,0.5198205684,0.9373689438,0.0799530916,0.0891179527,0.0009180760,0.0000000000,0.0057917104,1.0000000000,0.0946843488,18.7147700618,13.452,1.000000,47.9410743608,14,0.3039154944
6.216762,2.8846765464,2.7565634758,1.7040578979,2.6998081080,0.1136156211,-0.9957502100,0.1537414432,-0.6185129902,-12.9696558355,0.1953718273,0.5200885839,0.9373689438,0.0000000000,0.0946843488,0.0010029489,0.0000000000,0.0057741367,1.0000000000,0.0946843488,19.8837132445,13.053,1.000000,47.9410743608,14,0.3039154944
6.225091,2.8987165851,2.7826411492,1.6673517920,2.7409262495,0.1013571899,-1.0735744575,0.1537414432,-0.7206824821,-12.2603390260,0.1749961011,0.5200885839,0.9373689438,0.0000000000,0.0946843488,0.0010813358,0.0000000000,0.0057544690,1.0000000000,0.0946843488,19.8837132445,12.653,1.000000,47.9410743608,12,0.3039154944
6.233507,2.9125889532,2.8025828995,1.6291000378,2.7777501987,0.0950900702,-1.1486501610,0.1537414432,-0.8082046852,-10.5026643693,0.1581590748,0.5200885839,0.9373689438,0.0000000000,0.0946843488,0.0011569543,0.0000000000,0.0057321902,1.0000000000,0.0946843488,19.8837132445,12.254,1.000000,47.9410743608,12,0.3039154944
6.241761,2.9258769576,2.8271265921,1.5904783944,2.8082239731,0.0836707437,-1.2177455787,0.1537414432,-0.8999788855,-11.0129040335,0.1416171667,0.5200885839,0.9373689438,0.0000000000,0.0946843488,0.0012265492,0.0000000000,0.0057076954,1.0000000000,0.0946843488,19.8837132445,11.854,1.000000,47.9410743608,12,0.3039154944
6.250094,2.9389649902,2.8486023231,1.5504000457,2.8330107561,0.0751499450,-1.2826107104,0.1537414432,-0.9817663233,-9.8144925399,0.1275884209,0.5200885839,0.9373689438,0.0000000000,0.0946843488,0.0012918833,0.0000000000,0.0056799700,1.0000000000,0.0946843488,19.8837132445,11.455,1.000000,47.9410743608,11,0.3039154944
6.258488,2.9518052947,2.8716120349,1.5089585396,2.8502000229,0.0648882347,-1.3412414832,0.1537414432,-1.0607768529,-9.4812635493,0.1148447408,0.5200885839,0.9373689438,0.0000000000,0.0946843488,0.0013509379,0.0000000000,0.0056486163,0.9646562109,0.0946843488,19.8837132445,11.055,1.000000,47.9410743608,10,0.3039154944
6.266839,2.9642305952,2.8930877660,1.4666870086,2.8605852234,0.0557820376,-1.3938982149,0.1537414432,-1.1315184920,-8.4889966885,0.1040443884,0.5200885839,0.9373689438,0.0000000000,0.0946843488,0.0014039753,0.0000000000,0.0056135727,0.7562837246,0.0946843488,19.8837132445,10.656,1.000000,47.9410743608,10,0.3039154944
6.275094,2.9761624074,2.9130295162,1.4239076762,2.8623724952,0.0477625023,-1.4384648190,0.1537414432,-1.1920118932,-7.2592081449,0.0952085450,0.5200885839,0.9373689438,0.0000000000,0.0946843488,0.0014488641,0.0000000000,0.0055746786,0.4919541885,0.0946843488,19.8837132445,10.256,1.000000,47.9410743608,11,0.3039154944
6.283426,2.9878433558,2.9345052472,1.3797583152,2.8564597668,0.0379994698,-1.4767014515,0.1537414432,-1.2496379082,-6.9151217984,0.0872595015,0.5200885839,0.9373689438,0.0000000000,0.0946843488,0.0014873772,0.0000000000,0.0055305960,0.1803801379,0.0946843488,19.8837132445,9.857,1.000000,47.9410743608,10,0.3039154944
6.291755,2.9991483320,2.9544469975,1.3346806208,2.8436511913,0.0294314754,-1.5089705705,0.1537414432,-1.2989230641,-5.9142187183,0.0807083866,0.5200885839,0.9373689438,0.0000000000,0.0946843488,0.0015198796,0.0000000000,0.0054810804,0.0158319259,0.0946843488,19.8837132445,9.457,1.000000,47.9410743608,11,0.3039154944
6.300175,3.0101911552,2.9728547669,1.2881822481,2.8246669398,0.0221684708,-1.5364846917,0.1537414432,-1.3408615123,-5.0326137845,0.0752798019,0.5200885839,0.9373689438,0.0000000000,0.0946843488,0.0015475926,0.0000000000,0.0054247989,0.0000000000,0.0946843488,19.8837132445,9.057,1.000000,47.9410743608,9,0.3039154944
6.308431,3.0206355195,2.9897285556,1.2417122033,2.8001519719,0.0158706871,-1.5584397686,0.1537414432,-1.3753239877,-4.1354970401,0.0708940427,0.5200885839,0.9373689438,0.0000000000,0.0946843488,0.0015697064,0.0000000000,0.0053627917,0.0000000000,0.0946843488,19.8837132445,8.658,1.000000,47.9410743608,10,0.3039154944
6.316764,3.0307839885,3.0050683635,1.1939652213,2.7681794420,0.0108510346,-1.5742142207,0.1537414432,-1.4010674696,-3.0892178349,0.0675231879,0.5200885839,0.9373689438,0.0000000000,0.0946843488,0.0015855949,0.0000000000,0.0052925429,0.0000000000,0.0946843488,19.8837132445,8.258,1.000000,47.9410743608,8,0.3039154944
6.325088,3.0405216402,3.0188741906,1.1454489374,2.7295281840,0.0069904091,-1.5840792466,0.1537414432,-1.4185996978,-2.1038673841,0.0650370313,0.5200885839,0.9373689438,0.0000000000,0.0946843488,0.0015955312,0.0000000000,0.0052137742,0.0000000000,0.0946843488,19.8837132445,7.859,1.000000,47.9410743608,7,0.3039154944
6.333517,3.0499659856,3.0357479792,1.0955292344,2.6848956941,-0.0001993664,-1.5893664597,0.1537397818,-1.4381674433,-2.3481294537,0.0624781856,0.5200885839,0.9373689438,0.0000000000,0.0946843488,0.0016008567,0.0000000000,0.0051242737,0.0000000000,0.0946843488,19.8837132445,7.459,1.000000,47.9410743608,8,0.3039154944
6.341763,3.0587959151,3.0480198255,1.0459448236,2.6349066249,-0.0033728515,-1.5889618013,0.1537116747,-1.4440930414,-0.7110717690,0.0611882767,0.5200885839,0.9373689438,0.0000000000,0.0946843488,0.0016004491,0.0000000000,0.0050261665,0.0000000000,0.0946843488,19.8837132445,7.060,1.000000,47.9410743608,7,0.3039154944
6.350094,3.0672986210,3.0602916718,0.9951368366,2.5801203934,-0.0068478004,-1.5849835568,0.1536546097,-1.4470723141,-0.3575127303,0.0601908475,0.5200885839,0.9373689438,0.0000000000,0.0946843488,0.0015964421,0.0000000000,0.0049153396,0.0000000000,0.0946843488,19.8837132445,6.660,1.000000,47.9410743608,7,0.3039154944
6.358427,3.0753775881,3.0710295373,0.9436313073,2.5185335449,-0.0091759893,-1.5749022376,0.1535781431,-1.4416901779,0.6458563493,0.0599230128,0.5200885839,0.9373689438,0.0000000000,0.0946843488,0.0015862879,0.0000000000,0.0047915227,0.0000000000,0.0946843488,19.8837132445,6.261,1.000000,47.9410743608,6,0.3039154944
6.366786,3.0830467927,3.0817674029,0.8913223219,2.4508563049,-0.0118812365,-1.5595339830,0.1534791328,-1.4317921732,1.1877605614,0.0600527935,0.5200885839,0.9373689438,0.0000000000,0.0946843488,0.0015708085,0.0000000000,0.0046530856,0.0000000000,0.0946843488,19.8837132445,5.861,1.000000,47.9410743608,4,0.3039154944
6.375093,3.0902332082,3.0909712876,0.8387250083,2.3777247265,-0.0135060032,-1.5389997181,0.1533665828,-1.4145956748,2.0635798026,0.0608139740,0.5200885839,0.9373689438,0.0000000000,0.0946843488,0.0015501258,0.0000000000,0.0045001149,0.0000000000,0.0946843488,19.8837132445,5.462,1.000000,47.9410743608,6,0.3039154944
6.383425,3.0969998784,3.0971072107,0.7853959833,2.2997084359,-0.0124563237,-1.5143124526,0.1532627801,-1.3879261005,3.2003489239,0.0623989719,0.5200885839,0.9373689438,0.0000000000,0.0946843488,0.0015252601,0.0000000000,0.0043300515,0.0000000000,0.0946843488,19.8837132445,5.062,1.000000,47.9410743608,5,0.3039154944
6.391756,3.1033189279,3.1047771147,0.7315377337,2.2173175703,-0.0133647551,-1.4857798366,0.1531514071,-1.3613074483,3.1942382610,0.0640216240,0.5200885839,0.9373689438,0.0000000000,0.0946843488,0.0014965212,0.0000000000,0.0041421865,0.0000000000,0.0946843488,19.8837132445,4.663,1.000000,47.9410743608,6,0.3039154944
6.400181,3.1092504416,3.1109130378,0.6765658632,2.1310089906,-0.0131057040,-1.4544431273,0.1530421929,-1.3295639543,3.8092192846,0.0661338446,0.5200885839,0.9373689438,0.0000000000,0.0946843488,0.0014649579,0.0000000000,0.0039329899,0.0000000000,0.0946843488,19.8837132445,4.263,1.000000,47.9410743608,4,0.3039154944
6.408423,3.1146039078,3.1155149802,0.6223202743,2.0411918449,-0.0118718795,-1.4188715706,0.1529432606,-1.2916395742,4.5509256104,0.0688718632,0.5200885839,0.9373689438,0.0000000000,0.0946843488,0.0014291292,0.0000000000,0.0037086917,0.0000000000,0.0946843488,19.8837132445,3.864,1.000000,47.9410743608,4,0.3039154944
6.416754,3.1195583423,3.1170489610,0.5670726902,1.9432236551,-0.0079253554,-1.3761509649,0.1528772159,-1.2411462949,6.0591935155,0.0728505110,0.5200885839,0.9373689438,0.0000000000,0.0946843488,0.0013860998,0.0000000000,0.0034616127,0.0000000000,0.0946843488,19.8837132445,3.464,1.000000,47.9410743608,5,0.3039154944
6.425093,3.1240550004,3.1185829418,0.5113828645,1.8429645762,-0.0044243061,-1.3315817118,0.1528403467,-1.1896603127,6.1783178612,0.0770781334,0.5200885839,0.9373689438,0.0000000000,0.0946843488,0.0013412083,0.0000000000,0.0031933809,0.0000000000,0.0946843488,19.8837132445,3.065,1.000000,47.9410743608,2,0.3039154944
6.433449,3.1280937697,3.1201169226,0.4552240452,1.7406538583,-0.0013701288,-1.2854298131,0.1528289290,-1.1374540764,6.2647483612,0.0815343354,0.5200885839,0.9373689438,0.0000000000,0.0946843488,0.0012947227,0.0000000000,0.0029035741,0.0000000000,0.0946843488,19.8837132445,2.665,1.000000,47.9410743608,2,0.3039154944
6.441761,3.1316443508,3.1201169226,0.3990501477,1.6314968683,0.0027666043,-1.2324467205,0.1528289290,-1.0762554318,7.3438373455,0.0870654870,0.5200885839,0.9373689438,0.0000000000,0.0946843488,0.0012413566,0.0000000000,0.0025948408,0.0000000000,0.0946843488,19.8837132445,2.266,1.000000,47.9410743608,4,0.3039154944
6.450093,3.1347339468,3.1201169226,0.3424632513,1.5212174968,0.0064483793,-1.1787542455,0.1528289290,-1.0152509516,7.3205376202,0.0927924124,0.5200885839,0.9373689438,0.0000000000,0.0946843488,0.0011872760,0.0000000000,0.0022657624,0.0000000000,0.0946843488,19.8837132445,1.866,1.000000,47.9410743608,1,0.3039154944
6.458425,3.1373507810,3.1185829418,0.2856472555,1.4074285116,0.0112102192,-1.1217812561,0.1528289290,-0.9488209481,7.9716004241,0.0993342889,0.5200885839,0.9373689438,0.0000000000,0.0946843488,0.0011298911,0.0000000000,0.0019185469,0.0000000000,0.0946843488,19.8837132445,1.467,1.000000,47.9410743608,2,0.3039154944
6.466752,3.1394921417,3.1185829418,0.2286728571,1.2930008896,0.0139660342,-1.0643280325,0.1528289290,-0.8858946760,7.5511526514,0.1056776379,0.5200885839,0.9373689438,0.0000000000,0.0946843488,0.0010720225,0.0000000000,0.0015553743,0.0000000000,0.0946843488,19.8837132445,1.067,1.000000,47.9410743608,0,0.3039154944
6.475160,3.1411723790,3.1170489610,0.1709824128,1.1805057755,0.0177843293,-1.0095233627,0.1529771317,-0.8233607369,7.5040726944,0.1122137801,0.5200885839,0.9385537003,0.1421707821,0.0916208407,0.0010168216,0.0000000000,0.0011747661,0.0000000000,0.0946843488,19.2403765543,0.668,1.000000,47.9410743608,1,0.3166933999
6.483428,3.1423511170,3.1170489610,0.1141360148,1.0697413470,0.0195578510,-0.9556053322,0.1531401138,-0.7657597840,6.9121143487,0.1235268563,0.5205625755,0.9396318994,0.1293838906,0.0894948049,0.0009625138,0.0000000000,0.0007898398,0.0000000000,0.0946843488,18.7939090330,0.268,1.000000,47.9410743608,0,0.3276641011
6.491759,3.1430631201,3.1155149802,0.0567760026,0.9630313076,0.0223768473,-0.9062553050,0.1533265876,-0.7106273580,6.6158911166,0.1344312122,0.5209910486,0.9406043832,0.1166980523,0.0868179747,0.0009128070,0.0000000000,0.0003946221,0.0000000000,0.0946843488,18.2317746973,-0.131,1.000000,47.9410743608,0,0.3368679543
6.500087,3.1432970507,3.1139809994,-0.0005987863,0.8624566840,0.0246848250,-0.8630554703,0.1535322944,-0.6626410425,5.7583578672,0.1441839124,0.5213751426,0.9414837669,0.1055260492,0.0840121210,0.0008692949,0.0000000000,-0.0000041679,0.0000000000,0.0946843488,17.6425454198,-0.531,1.000000,47.9410743608,-1,0.3445058834
6.508516,3.1430472674,3.1139809994,-0.0586676946,0.7698811695,0.0249321544,-0.8285488641,0.1537400624,-0.6274383708,4.2243206042,0.1518965581,0.5217205259,0.9422958797,0.0974535281,0.0817226248,0.0008345388,0.0000000000,-0.0004077305,0.0000000000,0.0946843488,17.1617511999,-0.930,1.000000,47.9410743608,0,0.3509624391
6.516766,3.1423288845,3.1124470186,-0.1154685510,0.6844693735,0.0262063972,-0.7999379245,0.1539584490,-0.5960814450,3.7628310888,0.1589515972,0.5220378473,0.9430481677,0.0902745678,0.0794696719,0.0008057210,0.0000000000,-0.0007989524,0.0000011026,0.0946843488,16.6886310905,-1.330,1.000000,47.9410743608,0,0.3563832206
6.525096,3.1411284765,3.1109130378,-0.1727371581,0.6054731497,0.0269641645,-0.7782103077,0.1541831504,-0.5726273358,2.8144931072,0.1647253907,0.5223303838,0.9437568481,0.0850416428,0.0776946808,0.0007838363,0.0000000000,-0.0011865071,0.0009574883,0.0946843488,16.3158829627,-1.729,1.000000,47.9410743608,0,0.3610265073
6.533422,3.1394523953,3.1093790570,-0.2298608330,0.5347269334,0.0272019576,-0.7645877664,0.1544098334,-0.5583090167,1.7181982894,0.1691130341,0.5226047202,0.9444409026,0.0820865445,0.0766668240,0.0007701153,0.0000000000,-0.0015630848,0.0016202020,0.0946843488,16.1000330368,-2.129,1.000000,47.9410743608,-2,0.3651833681
6.541857,3.1372699327,3.1078450763,-0.2875742271,0.4688646826,0.0269071434,-0.7564389097,0.1546340596,-0.5505245631,0.9341344378,0.1725428455,0.5228683776,0.9451139140,0.0807613635,0.0762341681,0.0007619075,0.0000000000,-0.0019305797,0.0008240383,0.0946843488,16.0091752983,-2.528,1.000000,47.9410743608,-1,0.3690614463
6.550082,3.1346739139,3.1047771147,-0.3436541614,0.4073763382,0.0277092668,-0.7510304996,0.1548649701,-0.5432954469,0.8674939426,0.1760173402,0.5231266775,0.9457771652,0.0795901415,0.0758931790,0.0007564600,0.0000000000,-0.0022728660,0.0035993115,0.0946843488,15.9375676004,-2.928,1.000000,47.9410743608,-2,0.3726940946
6.558483,3.1315469099,3.1001751723,-0.4007010163,0.3498051092,0.0294933515,-0.7505061255,0.1551107481,-0.5389855314,0.5171898614,0.1792595960,0.5233801609,0.9464371678,0.0792003209,0.0759036960,0.0007559319,0.0000000000,-0.0026041748,0.0164238614,0.0946843488,15.9397761547,-3.327,1.000000,47.9410743608,-1,0.3761856342
6.566757,3.1280000318,3.0940392492,-0.4566097623,0.2932374612,0.0323861539,-0.7498472236,0.1553806327,-0.5323154044,0.8004152400,0.1830143096,0.5236313455,0.9470890616,0.0782272473,0.0757383695,0.0007552682,0.0000000000,-0.0029109549,0.0549380446,0.0946843488,15.9050575992,-3.727,1.000000,47.9410743608,-1,0.3794785715
6.575092,3.1239602840,3.0894373068,-0.5126222933,0.2350641364,0.0332607281,-0.7476864297,0.1556578054,-0.5281444003,0.5005204864,0.1862806308,0.5238784066,0.9477377524,0.0778428958,0.0757859293,0.0007530918,0.0000000000,-0.0031995595,0.0704569590,0.0946843488,15.9150451579,-4.126,1.000000,47.9410743608,-3,0.3826451499
6.583422,3.1194585651,3.0802334221,-0.5682425274,0.1754528243,0.0382829952,-0.7436953517,0.1559768304,-0.5138645257,1.7135849582,0.1915213778,0.5241232284,0.9483622026,0.0749340330,0.0749195267,0.0007490718,0.0000000000,-0.0034670408,0.1881378935,0.0946843488,15.7331005990,-4.526,1.000000,47.9410743608,-4,0.3854091550
6.591760,3.1144898826,3.0710295373,-0.6235295866,0.1120492533,0.0428586623,-0.7355788398,0.1563339859,-0.4963085660,2.1067151587,0.1971947171,0.5243579335,0.9489549794,0.0711332098,0.0736108168,0.0007408967,0.0000000000,-0.0037138886,0.3266376534,0.0946843488,15.4582715378,-4.925,1.000000,47.9410743608,-4,0.3876779153
6.600097,3.1090624850,3.0618256526,-0.6783839994,0.0452494696,0.0469938514,-0.7236334690,0.1567256013,-0.4757645576,2.4652810068,0.2032233598,0.5245798534,0.9495094712,0.0665390237,0.0718269773,0.0007288649,0.0000000000,-0.0039401975,0.4655538816,0.0946843488,15.0836652304,-5.325,1.000000,47.9410743608,-5,0.3893701207
6.608427,3.1031848048,3.0510877871,-0.7327275951,-0.0270962901,0.0522425196,-0.7056313049,0.1571609556,-0.4469092579,3.4626359687,0.2105341941,0.5247866628,0.9500087373,0.0599119293,0.0689069610,0.0007107326,0.0000000000,-0.0041465172,0.6441226075,0.0946843488,14.4704618023,-5.724,1.000000,47.9410743608,-4,0.3902573226
6.616757,3.0968567047,3.0372819600,-0.7865677470,-0.1069132779,0.0601488484,-0.6796544691,0.1576621960,-0.4047362054,5.0607662976,0.2199740174,0.5249722305,0.9504279382,0.0503041007,0.0640388286,0.0006845680,0.0000000000,-0.0043339559,0.8745582374,0.0946843488,13.4481540136,-6.124,1.000000,47.9410743608,-6,0.3899907628
6.625098,3.0900722648,3.0250101137,-0.8399456512,-0.1909167840,0.0660873375,-0.6490288672,0.1582129239,-0.3617737196,5.1554982966,0.2288918371,0.5251275673,0.9507690730,0.0409361821,0.0584284308,0.0006537210,0.0000000000,-0.0045038279,0.9793709749,0.0946843488,12.2699704781,-6.523,1.000000,47.9410743608,-6,0.3886012773
6.633426,3.0828580783,3.0081363250,-0.8926540677,-0.2786695873,0.0762181553,-0.6139844804,0.1588480752,-0.3059832383,6.6948577489,0.2398443644,0.5252536580,0.9510167483,0.0297210371,0.0504203122,0.0006184232,0.0000000000,-0.0046567759,1.0000000000,0.0946843488,10.5882655538,-6.923,1.000000,47.9410743608,-6,0.3858537986
6.641760,3.0752008531,2.9943304980,-0.9447953747,-0.3722845770,0.0828694516,-0.5725107978,0.1595386539,-0.2506191367,6.6436921912,0.2495114255,0.5253450247,0.9511823168,0.0198682132,0.0416677378,0.0005766497,0.0000000000,-0.0047944548,1.0000000000,0.0946843488,8.7502249303,-7.322,1.000000,47.9410743608,-7,0.3819077571
6.650087,3.0671189068,2.9789906901,-0.9962449352,-0.4686450841,0.0906447505,-0.5275998511,0.1602940268,-0.1895216117,7.3317030093,0.2593882290,0.5254060184,0.9512726399,0.0108387709,0.0313003335,0.0005314141,0.0000000000,-0.0049178735,1.0000000000,0.0946843488,6.5730700384,-6.947,1.000000,47.9410743608,-7,0.3768535488
6.658428,3.0585963673,2.9605829206,-1.0470994312,-0.5674643794,0.1010606211,-0.4796350518,0.1611361987,-0.1200404706,8.3377369273,0.2699780780,0.5254392640,0.9512999418,0.0032762360,0.0187274563,0.0004831025,0.0000000000,-0.0050285609,1.0000000000,0.0946843488,3.9327658202,-6.548,1.000000,47.9410743608,-6,0.3708670729
6.666759,3.0496640713,2.9421751512,-1.0971726127,-0.6709901267,0.1110920079,-0.4261824860,0.1620619654,-0.0457527194,8.9145301490,0.2801140932,0.5254493092,0.9512895331,-0.0012490413,0.0044160809,0.0004292635,0.0000000000,-0.0051273640,1.0000000000,0.0946843488,0.9273769830,-6.148,1.000000,47.9410743608,-6,0.3643523444
6.675095,3.0403114030,2.9222334009,-1.1465267160,-0.7762263570,0.1222461882,-0.3703003590,0.1630806836,0.0332861157,9.4846602029,0.2901047386,0.5254454797,0.9512761101,-0.0016107633,-0.0116480891,0.0003729774,0.0000000000,-0.0052156095,1.0000000000,0.0946843488,-2.4460987160,-5.749,1.000000,47.9410743608,-4,0.3579032875
6.683423,3.0305602049,2.9022916507,-1.1950478298,-0.8829944351,0.1330100642,-0.3120533947,0.1641891008,0.1140030916,9.6860371156,0.2995271467,0.5254405409,0.9513022655,0.0031386511,-0.0288524158,0.0003143094,0.0000000000,-0.0052942133,1.0000000000,0.0946843488,-6.0590073182,-5.349,1.000000,47.9410743608,-5,0.3522958331
6.691759,3.0203989721,2.8792819389,-1.2427934911,-0.9936388304,0.1464526824,-0.2491546607,0.1654095399,0.2048022779,10.8959023572,0.3104457427,0.5254501640,0.9514283569,0.0151309648,-0.0491751924,0.0002509559,0.0000000000,-0.0053643037,1.0000000000,0.0946843488,-10.3267904115,-4.950,1.000000,47.9410743608,-4,0.3486846734
6.700096,3.0098416480,2.8593401886,-1.2896939206,-1.1052502693,0.1564364404,-0.1844436514,0.1667131769,0.2906264807,10.2989043291,0.3209774889,0.5254965322,0.9517068633,0.0334207644,-0.0693812488,0.0001857771,0.0000000000,-0.0054267166,1.0000000000,0.0946843488,-14.5700622548,-4.550,1.000000,47.9410743608,-5,0.3481051301
6.708429,2.9989029160,2.8363304768,-1.3356853800,-1.2152233096,0.1690979543,-0.1204620704,0.1681223265,0.3811433188,10.8620205793,0.3347436769,0.5255988099,0.9522146750,0.0609374067,-0.0922521129,0.0001213329,0.0000000000,-0.0054822366,1.0000000000,0.0946843488,-19.3729437017,-4.151,1.000000,47.9410743608,-5,0.3520476056
6.716847,2.9874667999,2.8133207650,-1.3812187692,-1.3262335068,0.1812676534,-0.0549852624,0.1696328903,0.4722786392,10.9362384429,0.3526420289,0.5257848046,0.9522146750,0.0000000000,-0.0946843488,0.0000553828,0.0000000000,-0.0055321219,1.0000000000,0.0946843488,-19.8837132445,-3.751,1.000000,47.9410743608,-3,0.3520476056
6.725098,2.9758895917,2.7918450340,-1.4249111703,-1.4356680965,0.1917538189,0.0107569262,0.1712308388,0.5604220079,10.5772042471,0.3639421803,0.5257848046,0.9522146750,0.0000000000,-0.0946843488,-0.0000108347,-0.0000000000,-0.0055756328,1.0000000000,0.0946843488,-19.8837132445,-3.352,1.000000,47.9410743608,-2,0.3520476056
6.733425,2.9638437134,2.7673013413,-1.4680372169,-1.5436916278,0.2048316988,0.0756544110,0.1729377696,0.6529752795,11.1063925925,0.3749424780,0.5257848046,0.9522146750,0.0000000000,-0.0946843488,-0.0000762013,-0.0000000000,-0.0056147426,1.0000000000,0.0946843488,-19.8837132445,-2.952,1.000000,47.9410743608,-1,0.3520476056
6.741753,2.9514415872,2.7427576487,-1.5101628681,-1.6479470169,0.2175330965,0.1377841488,0.1747505454,0.7421174791,10.6970639446,0.3843485949,0.5257848046,0.9522146750,0.0000000000,-0.0946843488,-0.0001387803,-0.0000000000,-0.0056495682,1.0000000000,0.0946843488,-19.8837132445,-2.553,1.000000,47.9410743608,-3,0.3520476056
6.750181,2.9385384289,2.7197479369,-1.5517397624,-1.7488277914,0.2281813604,0.1970880290,0.1766520567,0.8244437946,9.8791578663,0.3917662413,0.5257848046,0.9522146750,0.0000000000,-0.0946843488,-0.0001985129,-0.0000000000,-0.0056809368,1.0000000000,0.0946843488,-19.8837132445,-2.153,1.000000,47.9410743608,-3,0.3520476056
6.758426,2.9255805882,2.6982722059,-1.5913619530,-1.8466863807,0.2372247325,0.2553244278,0.1786289295,0.9025896238,9.3774995053,0.3972811507,0.5257848046,0.9522146750,0.0000000000,-0.0946843488,-0.0002571703,-0.0000000000,-0.0057082794,1.0000000000,0.0946843488,-19.8837132445,-1.754,1.000000,47.9410743608,-1,0.3520476056
6.766759,2.9121559157,2.6721945325,-1.6303252846,-1.9393339597,0.2503752331,0.3090086751,0.1807153898,0.9844481173,9.8230192210,0.4029080021,0.5257848046,0.9522146750,0.0000000000,-0.0946843488,-0.0003112426,-0.0000000000,-0.0057329335,1.0000000000,0.0946843488,-19.8837132445,-1.354,1.000000,47.9410743608,-2,0.3520476056
6.775087,2.8984212520,2.6491848207,-1.6681442321,-2.0273147427,0.2601227210,0.3591705106,0.1828830791,1.0561059117,8.5989353276,0.4066114198,0.5257848046,0.9522146750,0.0000000000,-0.0946843488,-0.0003617671,-0.0000000000,-0.0057549108,1.0000000000,0.0946843488,-19.8837132445,-0.955,1.000000,47.9410743608,-1,0.3520476056
6.783504,2.8842228749,2.6246411281,-1.7052117646,-2.1086116600,0.2709045853,0.4033998954,0.1851406173,1.1239741224,8.1441852771,0.4100520326,0.5257848046,0.9522146750,0.0000000000,-0.0946843488,-0.0004063162,-0.0000000000,-0.0057747292,1.0000000000,0.0946843488,-19.8837132445,-0.555,1.000000,47.9410743608,-1,0.3520476056
6.791759,2.8699998712,2.6016314163,-1.7404069534,-2.1839227445,0.2800956995,0.4435157910,0.1874747482,1.1846451381,7.2805218921,0.4125456137,0.5257848046,0.9522146750,0.0000000000,-0.0946843488,-0.0004467222,-0.0000000000,-0.0057920876,1.0000000000,0.0946843488,-19.8837132445,-0.156,1.000000,47.9410743608,-1,0.3520476056
6.800095,2.8553474955,2.5786217044,-1.7747593494,-2.2538731292,0.2888286556,0.4791137797,0.1898816536,1.2399601045,6.6377959590,0.4147807772,0.5257848046,0.9522146750,0.0000000000,-0.0946843488,-0.0004825775,-0.0000000000,-0.0058077607,1.0000000000,0.0946843488,-19.8837132445,0.244,1.000000,47.9410743608,-1,0.3520476056
6.808428,2.8404199015,2.5571459734,-1.8078814352,-2.3140137643,0.2956997363,0.5061323291,0.1923458181,1.2830544070,5.1713163100,0.4173022693,0.5257848046,0.9522146750,0.0000000000,-0.0946843488,-0.0005097914,-0.0000000000,-0.0058217695,1.0000000000,0.0946843488,-19.8837132445,0.643,1.000000,47.9410743608,-6,0.3520476056
6.816786,2.8251760378,2.5372042232,-1.8398572315,-2.3653691357,0.3006733913,0.5255119042,0.1948514297,1.3147823168,3.8073491698,0.4203714747,0.5257848046,0.9522146750,0.0000000000,-0.0946843488,-0.0005293111,-0.0000000000,-0.0058343379,1.0000000000,0.0946843488,-19.8837132445,1.043,1.000000,47.9410743608,-8,0.3520476056
6.825097,2.8097561941,2.5233983961,-1.8703993856,-2.4063522878,0.2992794464,0.5359529022,0.1973454251,1.3249141418,1.2158189973,0.4238984393,0.5257848046,0.9522146750,0.0000000000,-0.0946843488,-0.0005398275,-0.0000000000,-0.0058455251,1.0000000000,0.0946843488,-19.8837132445,1.442,1.000000,47.9410743608,-8,0.3520476056
6.833426,2.7940549263,2.5111265498,-1.8997259178,-2.4305331027,0.2959798711,0.5308071850,0.1998119240,1.3156475569,-1.1119901872,0.4298030117,0.5257848046,0.9522146750,0.0000000000,-0.0946843488,-0.0005346446,-0.0000000000,-0.0058555641,1.0000000000,0.0946843488,-19.8837132445,1.842,1.000000,47.9410743608,26,0.3520476056
6.841761,2.7781025947,2.5019226650,-1.9277726921,-2.4371618918,0.2892670196,0.5093891996,0.2022224825,1.2832747772,-3.8847335626,0.4380129027,0.5257848046,0.9522146750,0.0000000000,-0.0946843488,-0.0005130718,-0.0000000000,-0.0058645611,1.0000000000,0.0946843488,-19.8837132445,2.241,1.000000,47.9410743608,8,0.3520476056
6.850118,2.7618800360,2.4942527611,-1.9545647773,-2.4255672604,0.2806521039,0.4710024831,0.2045612500,1.2300849775,-6.3827759662,0.4485490698,0.5257848046,0.9522146750,0.0000000000,-0.0946843488,-0.0004744076,-0.0000000000,-0.0058726373,1.0000000000,0.0946843488,-19.8837132445,2.641,1.000000,47.9410743608,7,0.3520476056
6.858427,2.7455329162,2.4881168380,-1.9798695077,-2.3926434830,0.2702641129,0.4127739754,0.2068134510,1.1534467001,-9.1965932897,0.4611153560,0.5257848046,0.9522146750,0.0000000000,-0.0946843488,-0.0004157581,-0.0000000000,-0.0058798270,1.0000000000,0.0946843488,-19.8837132445,3.040,1.000000,47.9410743608,1,0.3520476056
6.866760,2.7289346678,2.4835148956,-2.0038900868,-2.3381136304,0.2579749920,0.3342235436,0.2089632426,1.0526098742,-12.1004191066,0.4745401753,0.5257848046,0.9522146750,0.0000000000,-0.0946843488,-0.0003366398,-0.0000000000,-0.0058862796,1.0000000000,0.0946843488,-19.8837132445,3.440,1.000000,47.9410743608,1,0.3520476056
6.875087,2.7121520720,2.4804469340,-2.0265244557,-2.2642341431,0.2438636392,0.2377096874,0.2109954396,0.9300747171,-14.7042188526,0.4867026770,0.5257848046,0.9522146750,0.0000000000,-0.0946843488,-0.0002394282,-0.0000000000,-0.0058920453,1.0000000000,0.0946843488,-19.8837132445,3.839,1.000000,47.9410743608,-1,0.3520476056
6.883505,2.6950020646,2.4773789724,-2.0479943490,-2.1705213607,0.2292783738,0.1225270116,0.2129060927,0.7878097018,-17.0718018300,0.4958207526,0.5257848046,0.9522146750,0.0000000000,-0.0946843488,-0.0001234128,-0.0000000000,-0.0058972463,1.0000000000,0.0946843488,-19.8837132445,4.239,1.000000,47.9410743608,3,0.3520476056
6.891761,2.6780120702,2.4773789724,-2.0676603654,-2.0615510311,0.2117032297,-0.0061093344,0.2146702863,0.6260087010,-19.4161200981,0.4980330642,0.5257848046,0.9522146750,0.0000000000,-0.0946843488,0.0000061535,0.0000000000,-0.0059017919,1.0000000000,0.0946843488,-19.8837132445,4.638,1.000000,47.9410743608,5,0.3520476056
6.900129,2.6606316568,2.4773789724,-2.0861740125,-1.9414210319,0.1936777413,-0.1447529806,0.2162842674,0.4531578993,-20.7420962068,0.4924130885,0.5257848046,0.9522146750,0.0000000000,-0.0946843488,0.0001457995,0.0000000000,-0.0059058888,1.0000000000,0.0946843488,-19.8837132445,5.038,1.000000,47.9410743608,5,0.3520476056
6.908560,2.6429685528,2.4773789724,-2.1033702446,-1.8138012770,0.1753293439,-0.2895689676,0.2177453453,0.2733426892,-21.5778252031,0.4780917205,0.5257848046,0.9525564088,0.0410080508,-0.0885571742,0.0002916624,0.0000000000,-0.0059095420,1.0000000000,0.0946843488,-18.5970065716,5.437,1.000000,47.9410743608,3,0.3531293315
6.916768,2.6256399688,2.4789129532,-2.1186934232,-1.6794739625,0.1557454673,-0.4392194607,0.2190432242,0.0860783895,-22.4717159663,0.4557418829,0.5259096121,0.9525728679,0.0019751024,-0.0305831450,0.0004423948,0.0000000000,-0.0059126785,1.0000000000,0.0946843488,-6.4224604570,5.837,1.000000,47.9410743608,4,0.3475116725
6.925094,2.6079395706,2.4804469340,-2.1327976902,-1.5441484925,0.1357844165,-0.5886491977,0.2201747610,-0.1018782436,-22.5547959697,0.4177986281,0.5259156160,0.9525997636,0.0032274795,0.0223671741,0.0005929048,0.0000000000,-0.0059154700,1.0000000000,0.0946843488,4.6971065651,5.437,1.000000,47.9410743608,6,0.3422063231
6.933439,2.5900875163,2.4835148956,-2.1454696081,-1.4079291099,0.1141329288,-0.7375404982,0.2211258687,-0.2928315599,-22.9143979588,0.3750705304,0.5259254254,0.9529207074,0.0385132539,0.0678354171,0.0007428725,0.0000000000,-0.0059179024,1.0000000000,0.0946843488,14.2454375856,5.038,1.000000,47.9410743608,5,0.3429196230
6.941772,2.5721631003,2.4850488764,-2.1566511861,-1.2734136194,0.0939522098,-0.8832375666,0.2211258687,-0.4786075362,-22.2931171599,0.3376451109,0.5260423427,0.9529207074,0.0000000000,0.0946843488,0.0008896229,0.0000000000,-0.0059199908,1.0000000000,0.0946843488,19.8837132445,4.638,1.000000,47.9410743608,4,0.3429196230
6.950085,2.5541925481,2.4896508187,-2.1663347486,-1.1404240743,0.0706655870,-1.0259106743,0.2211258687,-0.6675278769,-22.6704408831,0.2966560328,0.5260423427,0.9529207074,0.0000000000,0.0946843488,0.0010333274,0.0000000000,-0.0059217568,1.0000000000,0.0946843488,19.8837132445,4.239,1.000000,47.9410743608,5,0.3429196230
6.958506,2.5359139809,2.4927187803,-2.1746370359,-1.0138100087,0.0486391651,-1.1608270273,0.2211258687,-0.8461887037,-21.4392992103,0.2582770909,0.5260423427,0.9529207074,0.0000000000,0.0946843488,0.0011692191,0.0000000000,-0.0059232400,0.5220849382,0.0946843488,19.8837132445,3.839,1.000000,47.9410743608,3,0.3429196230
6.966760,2.5179372823,2.4973207227,-2.1812974401,-0.8929055965,0.0254112907,-1.2883918436,0.2211258687,-1.0198840785,-20.8434449761,0.2221158276,0.5260423427,0.9529207074,0.0000000000,0.0946843488,0.0012977062,0.0000000000,-0.0059244097,0.0000000000,0.0946843488,19.8837132445,3.440,1.000000,47.9410743608,2,0.3429196230
6.975088,2.4997486853,2.5019226650,-2.1865316369,-0.7771145474,0.0019989757,-1.4094170895,0.2211258687,-1.1874061819,-20.1026524182,0.1893790190,0.5260423427,0.9529207074,0.0000000000,0.0946843488,0.0014196064,0.0000000000,-0.0059253165,0.0000000000,0.0946843488,19.8837132445,3.040,1.000000,47.9410743608,3,0.3429196230
6.983420,2.4815123854,2.5049906266,-2.1902709190,-0.6659028449,-0.0199024712,-1.5243680741,0.2209600148,-1.3460169802,-19.0332957946,0.1608816525,0.5260423427,0.9529207074,0.0000000000,0.0946843488,0.0015353884,0.0000000000,-0.0059259576,0.0000000000,0.0946843488,19.8837132445,2.641,1.000000,47.9410743608,2,0.3429196230
6.991754,2.4632497976,2.5095925690,-2.1925094448,-0.5612966914,-0.0433287162,-1.6312127534,0.2205989422,-1.4997422175,-18.4470284734,0.1358329440,0.5260423427,0.9529207074,0.0000000000,0.0946843488,0.0016430055,0.0000000000,-0.0059263388,0.3419801847,0.0946843488,19.8837132445,2.241,1.000000,47.9410743608,2,0.3429196230
7.000094,2.4449588950,2.5141945113,-2.1932453265,-0.4601017847,-0.0667649584,-1.7331435419,0.2200425675,-1.6487659956,-17.8828533657,0.1140905421,0.5260423427,0.9529207074,0.0000000000,0.0946843488,0.0017456732,0.0000000000,-0.0059264637,0.9860406857,0.0946843488,19.8837132445,1.842,1.000000,47.9410743608,2,0.3429196230
7.008432,2.4266743871,2.5187964537,-2.1924759750,-0.3669707667,-0.0901515043,-1.8255052083,0.2192913050,-1.7883141239,-16.7457753955,0.0961205617,0.5260423427,0.9529207074,0.0000000000,0.0946843488,0.0018387026,0.0000000000,-0.0059263332,1.0000000000,0.0946843488,19.8837132445,1.442,1.000000,47.9410743608,3,0.3429196230
7.016764,2.4084144887,2.5249323769,-2.1902044019,-0.2785570330,-0.1150220905,-1.9116473689,0.2183327876,-1.9247944138,-16.3776347920,0.0806403726,0.5260423427,0.9529207074,0.0000000000,0.0946843488,0.0019254675,0.0000000000,-0.0059259463,1.0000000000,0.0946843488,19.8837132445,1.043,1.000000,47.9410743608,1,0.3429196230
7.025090,2.3901928090,2.5280003384,-2.1864353879,-0.1968723802,-0.1367503627,-1.9895630076,0.2171932012,-2.0469860891,-14.6630010367,0.0685589971,0.5260423427,0.9529207074,0.0000000000,0.0946843488,0.0020039464,0.0000000000,-0.0059252999,1.0000000000,0.0946843488,19.8837132445,0.643,1.000000,47.9410743608,1,0.3429196230
7.033519,2.3717857814,2.5326022808,-2.1810965036,-0.1212140538,-0.1601656033,-2.0598824498,0.2158584878,-2.1651242918,-14.1765843275,0.0583295181,0.5260423427,0.9529207074,0.0000000000,0.0946843488,0.0020747742,0.0000000000,-0.0059243747,1.0000000000,0.0946843488,19.8837132445,0.244,1.000000,47.9410743608,1,0.3429196230
7.041763,2.3538322478,2.5372042232,-2.1743955037,-0.0534571399,-0.1830849208,-2.1209383638,0.2143327802,-2.2732023930,-12.9693721390,0.0501465693,0.5260423427,0.9529207074,0.0000000000,0.0946843488,0.0021362715,0.0000000000,-0.0059231973,1.0000000000,0.0946843488,19.8837132445,-0.156,1.000000,47.9410743608,1,0.3429196230
7.050114,2.3357074233,2.5402721847,-2.1661203394,0.0072235491,-0.2046035505,-2.1733438885,0.2126277506,-2.3700251588,-11.6187319020,0.0437504689,0.5260423427,0.9529207074,0.0000000000,0.0946843488,0.0021890559,0.0000000000,-0.0059217181,1.0000000000,0.0946843488,19.8837132445,-0.555,1.000000,47.9410743608,1,0.3429196230
7.058418,2.3177578090,2.5418061655,-2.1564125935,0.0590625735,-0.2243655111,-2.2154751669,0.2107580380,-2.4532473195,-9.9866592748,0.0389413817,0.5260423427,0.9529207074,0.0000000000,0.0946843488,0.0022314918,0.0000000000,-0.0059199468,1.0000000000,0.0946843488,19.8837132445,-0.955,1.000000,47.9410743608,-1,0.3429196230
7.066839,2.2996466701,2.5418061655,-2.1450710392,0.1029833166,-0.2427124960,-2.2480543558,0.2087354339,-2.5242580070,-8.5212825058,0.0353480239,0.5260423427,0.9529207074,0.0000000000,0.0946843488,0.0022643065,0.0000000000,-0.0059178269,1.0000000000,0.0946843488,19.8837132445,-1.354,1.000000,47.9410743608,0,0.3429196230
7.075107,2.2819616705,2.5418061655,-2.1324737124,0.1373082795,-0.2605818140,-2.2697819919,0.2065639187,-2.5836153290,-7.1228786400,0.0327140964,0.5260423427,0.9529207074,0.0000000000,0.0946843488,0.0022861912,0.0000000000,-0.0059154069,1.0000000000,0.0946843488,19.8837132445,-1.754,1.000000,47.9410743608,0,0.3429196230
7.083419,2.2642943600,2.5402721847,-2.1183597530,0.1605351532,-0.2768398676,-2.2788949062,0.2042569198,-2.6272915517,-5.2411467234,0.0311380944,0.5260423427,0.9529207074,0.0000000000,0.0946843488,0.0022953700,0.0000000000,-0.0059126114,1.0000000000,0.0946843488,19.8837132445,-2.153,1.000000,47.9410743608,-1,0.3429196230
7.091810,2.2465843381,2.5387382040,-2.1026467305,0.1738229720,-0.2930872617,-2.2764697025,0.2018145260,-2.6595419927,-3.8700529232,0.0302798317,0.5260423427,0.9529207074,0.0000000000,0.0946843488,0.0022929273,0.0000000000,-0.0059093912,1.0000000000,0.0946843488,19.8837132445,-2.553,1.000000,47.9410743608,-1,0.3429196230
7.100693,2.2279866583,2.5372042232,-2.0844207459,0.1757052771,-0.3101610684,-2.2601260229,0.1992298504,-2.6796555099,-2.4136220651,0.0301773061,0.5260423427,0.9529207074,0.0000000000,0.0946843488,0.0022764655,0.0000000000,-0.0059055082,1.0000000000,0.0946843488,19.8837132445,-2.952,1.000000,47.9410743608,-3,0.3429196230
7.108371,2.2120470894,2.5341362616,-2.0673583057,0.1698776572,-0.3230013825,-2.2372359629,0.1965381722,-2.6849204403,-0.6317916462,0.0307740490,0.5260423427,0.9529207074,0.0000000000,0.0946843488,0.0022534099,0.0000000000,-0.0059017236,1.0000000000,0.0946843488,19.8837132445,-3.352,1.000000,47.9410743608,-2,0.3429196230
7.116742,2.1948223571,2.5310683000,-2.0473840179,0.1546408533,-0.3370763345,-2.2020248713,0.1937292028,-2.6804319850,0.5386146422,0.0320314757,0.5260423427,0.9529207074,0.0000000000,0.0946843488,0.0022179443,0.0000000000,-0.0058971019,1.0000000000,0.0946843488,19.8837132445,-3.751,1.000000,47.9410743608,-2,0.3429196230
7.125090,2.1778188795,2.5264663576,-2.0260562446,0.1334819667,-0.3493642506,-2.1595382113,0.1908178340,-2.6652198785,1.8254527714,0.0339718791,0.5260423427,0.9529207074,0.0000000000,0.0946843488,0.0021751504,0.0000000000,-0.0058919290,1.0000000000,0.0946843488,19.8837132445,-4.151,1.000000,47.9410743608,-2,0.3429196230
7.133426,2.1610245769,2.5218644153,-2.0033704512,0.1070194726,-0.3614145124,-2.1103899238,0.1878060464,-2.6429731811,2.6696036965,0.0364586201,0.5260423427,0.9529207074,0.0000000000,0.0946843488,0.0021256468,0.0000000000,-0.0058861437,1.0000000000,0.0946843488,19.8837132445,-4.550,1.000000,47.9410743608,-2,0.3429196230
7.141782,2.1443835732,2.5172624729,-1.9792486971,0.0733028073,-0.3732725216,-2.0525515044,0.1846954421,-2.6117519764,3.7465445631,0.0397143883,0.5260423427,0.9529207074,0.0000000000,0.0946843488,0.0020673903,0.0000000000,-0.0058796555,1.0000000000,0.0946843488,19.8837132445,-4.950,1.000000,47.9410743608,-5,0.3429196230
7.150096,2.1280322018,2.5111265498,-1.9538949095,0.0355940121,-0.3832854809,-1.9894889216,0.1815013964,-2.5717246163,4.8032832050,0.0438404725,0.5260423427,0.9529207074,0.0000000000,0.0946843488,0.0020038718,0.0000000000,-0.0058724413,1.0000000000,0.0946843488,19.8837132445,-5.349,1.000000,47.9410743608,-4,0.3429196230
7.158427,2.1118643466,2.5049906266,-1.9271521252,-0.0056899931,-0.3930957258,-1.9214621321,0.1782255987,-2.5264110703,5.4376255252,0.0487237440,0.5260423427,0.9529207074,0.0000000000,0.0946843488,0.0019353532,0.0000000000,-0.0058643681,1.0000000000,0.0946843488,19.8837132445,-5.749,1.000000,47.9410743608,-4,0.3429196230
7.166755,2.0959324702,2.4988547035,-1.8991031511,-0.0501758295,-0.4026527987,-1.8489273216,0.1748701587,-2.4761652347,6.0295002668,0.0544479136,0.5260423427,0.9529207074,0.0000000000,0.0946843488,0.0018622940,0.0000000000,-0.0058553578,1.0000000000,0.0946843488,19.8837132445,-6.148,1.000000,47.9410743608,-7,0.3429196230
7.175183,2.0800510374,2.4911847995,-1.8693912166,-0.1000335610,-0.4105966012,-1.7693576556,0.1714485204,-2.4157458634,7.2503245573,0.0616850244,0.5260423427,0.9529207074,0.0000000000,0.0946843488,0.0017821491,0.0000000000,-0.0058451680,1.0000000000,0.0946843488,19.8837132445,-6.548,1.000000,47.9410743608,-6,0.3429196230
7.183428,2.0647615614,2.4835148956,-1.8390551994,-0.1521977226,-0.4179360617,-1.6868574768,0.1679657198,-2.3512560653,7.7387757801,0.0700230908,0.5260423427,0.9529207074,0.0000000000,0.0946843488,0.0016990525,0.0000000000,-0.0058340336,1.0000000000,0.0946843488,19.8837132445,-6.947,1.000000,47.9410743608,-7,0.3429196230
7.191760,2.0495699153,2.4743110109,-1.8071453062,-0.2064274413,-0.4236326200,-1.6007178649,0.1644354480,-2.2799108392,8.5614271297,0.0800075700,0.5260423427,0.9529207074,0.0000000000,0.0946843488,0.0016122901,0.0000000000,-0.0058214694,1.0000000000,0.0946843488,19.8837132445,-7.347,1.000000,47.9410743608,-7,0.3429196230
7.200096,2.0346441365,2.4651071261,-1.7739853077,-0.2625069996,-0.4290533776,-1.5114783081,0.1608600032,-2.2049624707,8.9938042119,0.0914484949,0.5260423427,0.9529207074,0.0000000000,0.0946843488,0.0015224054,0.0000000000,-0.0058074206,1.0000000000,0.0946843488,19.8837132445,-7.746,1.000000,47.9410743608,-7,0.3429196230
7.208456,2.0199568683,2.4543692606,-1.7395052614,-0.3202432087,-0.4326927480,-1.4192620527,0.1572542303,-2.1235294737,9.7719596406,0.1049741481,0.5260423427,0.9529207074,0.0000000000,0.0946843488,0.0014295225,0.0000000000,-0.0057916597,1.0000000000,0.0946843488,19.8837132445,-8.146,1.000000,47.9410743608,-6,0.3429196230
7.216760,2.0056574874,2.4451653759,-1.7040662525,-0.3794630554,-0.4374702450,-1.3246031971,0.1536086449,-2.0419534530,9.7891224913,0.1197451611,0.5260423427,0.9529207074,0.0000000000,0.0946843488,0.0013341793,0.0000000000,-0.0057741410,1.0000000000,0.0946843488,19.8837132445,-8.545,1.000000,47.9410743608,-8,0.3429196230
7.225096,1.9916055232,2.4344275104,-1.6673285862,-0.4400115954,-0.4404592097,-1.2273169908,0.1499381515,-1.9542226169,10.5277003286,0.1369421556,0.5260423427,0.9529207074,0.0000000000,0.0946843488,0.0012361898,0.0000000000,-0.0057544561,1.0000000000,0.0946843488,19.8837132445,-8.945,1.000000,47.9410743608,-7,0.3429196230
7.233425,1.9778744959,2.4236896449,-1.6294757135,-0.4992456175,-0.4431342962,-1.1302300960,0.1462453657,-1.8660897115,10.5759486436,0.1556602566,0.5260423427,0.9529207074,0.0000000000,0.0946843488,0.0011384010,0.0000000000,-0.0057324183,1.0000000000,0.0946843488,19.8837132445,-9.344,1.000000,47.9410743608,-9,0.3429196230
7.241784,1.9644158308,2.4114177986,-1.5903651403,-0.5598068524,-0.4439959127,-1.0305582879,0.1425453998,-1.7717774217,11.3174747782,0.1771839414,0.5260423427,0.9529207074,0.0000000000,0.0946843488,0.0010380086,0.0000000000,-0.0057076204,1.0000000000,0.0946843488,19.8837132445,-9.744,1.000000,47.9410743608,-8,0.3429196230
7.250094,1.9513661647,2.4006799330,-1.5504013128,-0.6190522436,-0.4459895771,-0.9313490692,0.1388288200,-1.6801923502,10.9902085828,0.1994721650,0.5260423427,0.9529207074,0.0000000000,0.0946843488,0.0009380822,0.0000000000,-0.0056799709,1.0000000000,0.0946843488,19.8837132445,-10.143,1.000000,47.9410743608,-10,0.3429196230
7.258461,1.9385661449,2.3868741060,-1.5090933583,-0.6771192118,-0.4446719613,-0.8319741464,0.1351232203,-1.5818545454,11.8005365810,0.2250230412,0.5260423427,0.9529207074,0.0000000000,0.0946843488,0.0008379888,0.0000000000,-0.0056487230,1.0000000000,0.0946843488,19.8837132445,-10.543,1.000000,47.9410743608,-9,0.3429196230
7.266753,1.9262258763,2.3746022596,-1.4671260143,-0.7366352747,-0.4444207938,-0.7304907396,0.1314197137,-1.4835241588,11.7996463870,0.2516944306,0.5260423427,0.9529207074,0.0000000000,0.0946843488,0.0007357718,0.0000000000,-0.0056139535,1.0000000000,0.0946843488,19.8837132445,-10.942,1.000000,47.9410743608,-10,0.3429196230
7.275112,1.9141418193,2.3607964326,-1.4238100442,-0.7949446468,-0.4423859137,-0.6288653974,0.1277331644,-1.3814926629,12.2437795112,0.2806898815,0.5260423427,0.9529207074,0.0000000000,0.0946843488,0.0006334117,0.0000000000,-0.0055745857,1.0000000000,0.0946843488,19.8837132445,-11.342,1.000000,47.9410743608,-10,0.3429196230
7.283424,1.9024896974,2.3469906055,-1.3797672490,-0.8521733496,-0.4399249013,-0.5275938995,0.1240671235,-1.2789484904,12.3053006965,0.3107451099,0.5260423427,0.9529207074,0.0000000000,0.0946843488,0.0005314081,0.0000000000,-0.0055306053,1.0000000000,0.0946843488,19.8837132445,-11.741,1.000000,47.9410743608,-11,0.3429196230
7.291755,1.8911827427,2.3331847784,-1.3346819439,-0.9109386916,-0.4371104703,-0.4237432523,0.1204245363,-1.1731001528,12.7018005160,0.3422025899,0.5260423427,0.9529207074,0.0000000000,0.0946843488,0.0004268067,0.0000000000,-0.0054810819,1.0000000000,0.0946843488,19.8837132445,-12.141,1.000000,47.9410743608,-12,0.3429196230
7.300085,1.8802556278,2.3193789513,-1.2886844011,-0.9685757448,-0.4339222583,-0.3201086563,0.1168085175,-1.0666993395,12.7680975961,0.3739487729,0.5260423427,0.9529207074,0.0000000000,0.0946843488,0.0003224229,0.0000000000,-0.0054254366,1.0000000000,0.0946843488,19.8837132445,-12.540,1.000000,47.9410743608,-10,0.3429196230
7.308410,1.8697214014,2.3025051626,-1.2418318938,-1.0277067911,-0.4272651737,-0.2141251027,0.1132479744,-0.9510056857,13.8832384484,0.4088226607,0.5260423427,0.9529207074,0.0000000000,0.0946843488,0.0002156731,0.0000000000,-0.0053629592,1.0000000000,0.0946843488,19.8837132445,-12.940,1.000000,47.9410743608,-13,0.3429196230
7.316749,1.8595646077,2.2871653547,-1.1940515994,-1.0856713561,-0.4217709010,-0.1083802434,0.1097332168,-0.8378149239,13.5828914175,0.4416524790,0.5260423427,0.9529207074,0.0000000000,0.0946843488,0.0001091638,0.0000000000,-0.0052926764,1.0000000000,0.0946843488,19.8837132445,-13.339,1.000000,47.9410743608,-13,0.3429196230
7.325100,1.8497961523,2.2718255469,-1.1453824564,-1.1425912617,-0.4158938996,-0.0027911947,0.1062674344,-0.7239715819,13.6612010421,0.4731169374,0.5260423427,0.9529207074,0.0000000000,0.0946843488,0.0000028114,0.0000000000,-0.0052136609,1.0000000000,0.0946843488,19.8837132445,-13.739,1.000000,47.9410743608,-12,0.3429196230
7.333427,1.8404626581,2.2549517582,-1.0960624386,-1.1985756075,-0.4080529800,0.1025131689,0.1028669929,-0.6064481540,14.1028113530,0.5040163046,0.5260423427,0.9529207074,0.0000000000,0.0946843488,-0.0001032543,-0.0000000000,-0.0051252775,1.0000000000,0.0946843488,19.8837132445,-14.138,1.000000,47.9410743608,-14,0.3429196230
7.341763,1.8315345460,2.2396119503,-1.0459431400,-1.2512176506,-0.4013586066,0.2052745106,0.0995223378,-0.4936897804,13.5310048295,0.5304354124,0.5260423427,0.9529207074,0.0000000000,0.0946843488,-0.0002067585,-0.0000000000,-0.0050261630,1.0000000000,0.0946843488,19.8837132445,-14.538,1.000000,47.9410743608,-14,0.3429196230
7.350180,1.8229462962,2.2227381616,-0.9946070413,-1.3033708944,-0.3927930148,0.3087638531,0.0962490627,-0.3764167822,14.0727597789,0.5552113091,0.5260423427,0.9529207074,0.0000000000,0.0946843488,-0.0003109960,-0.0000000000,-0.0049141262,1.0000000000,0.0946843488,19.8837132445,-14.937,1.000000,47.9410743608,-15,0.3429196230
7.358427,1.8149531995,2.2089323346,-0.9436315436,-1.3550863869,-0.3867025821,0.4114548433,0.0930265412,-0.2648077569,13.3930830324,0.5733210160,0.5260423427,0.9532955671,0.0449831644,0.0884484272,-0.0004144294,-0.0000000000,-0.0047915233,1.0000000000,0.0946843488,18.5741697109,-15.337,1.000000,47.9410743608,-13,0.3453092667
7.366759,1.8073079780,2.1935925267,-0.8914919547,-1.4039053964,-0.3787458471,0.5124134417,0.0898703258,-0.1511592657,13.6378189505,0.5927434265,0.5261785785,0.9534090338,0.0136160007,0.0498493621,-0.0005161179,-0.0000000000,-0.0046535561,1.0000000000,0.0946843488,10.4683660364,-14.937,1.000000,47.9410743608,-15,0.3419866981
7.375089,1.8001014110,2.1751847572,-0.8387543645,-1.4526348669,-0.3672829768,0.6138805025,0.0868096343,-0.0299449364,14.5457195148,0.6004396299,0.5262197472,0.9533959429,-0.0015709063,0.0059029789,-0.0006183185,-0.0000000000,-0.0045002043,1.0000000000,0.0946843488,1.2396255695,-14.538,1.000000,47.9410743608,-15,0.3359877484
7.383423,1.7933330121,2.1567769878,-0.7854135012,-1.4987797010,-0.3553958174,0.7133661998,0.0838480025,0.0902283454,14.4207938171,0.5981338361,0.5262149991,0.9534249291,0.0034783457,-0.0381482054,-0.0007185234,-0.0000000000,-0.0043301099,1.0000000000,0.0946843488,-8.0111231282,-14.138,1.000000,47.9410743608,-13,0.3310348357
7.391749,1.7870170670,2.1399031991,-0.7315842883,-1.5451142749,-0.3445891661,0.8135299865,0.0809764261,0.2090226267,14.2553137565,0.5912036047,0.5262255119,0.9536578962,0.0279560471,-0.0808793592,-0.0008194113,-0.0000000000,-0.0041423561,1.0000000000,0.0946843488,-16.9846654424,-13.739,1.000000,47.9410743608,-12,0.3307893214
7.400122,1.7811199133,2.1199614489,-0.6769494004,-1.5891143244,-0.3303082977,0.9121649241,0.0809764261,0.3360193689,15.2396090589,0.5898381487,0.5263099294,0.9536578962,0.0000000000,-0.0946843488,-0.0009187594,-0.0000000000,-0.0039345120,1.0000000000,0.0946843488,-19.8837132445,-13.339,1.000000,47.9410743608,-13,0.3307893214
7.409348,1.7751541626,2.1000196986,-0.6162075684,-1.6310236568,-0.3161072531,1.0148160884,0.0809764261,0.4668738077,15.7025326549,0.5820967054,0.5263099294,0.9536578962,0.0000000000,-0.0946843488,-0.0010221526,-0.0000000000,-0.0036822846,1.0000000000,0.0946843488,-19.8837132445,-12.940,1.000000,47.9410743608,-11,0.3307893214
7.417906,1.7701234149,2.0816119292,-0.5593995651,-1.6735650656,-0.3025017922,1.1141655006,0.0809764261,0.5932436652,15.1643828996,0.5688136390,0.5263099294,0.9536578962,0.0000000000,-0.0946843488,-0.0011222203,-0.0000000000,-0.0034257980,1.0000000000,0.0946843488,-19.8837132445,-12.540,1.000000,47.9410743608,-12,0.3307893214
7.426173,1.7657270495,2.0647381405,-0.5041393151,-1.7141680911,-0.2898063385,1.2100287760,0.0809764261,0.7143201116,14.5291735707,0.5509850382,0.5263099294,0.9536578962,0.0000000000,-0.0946843488,-0.0012187766,-0.0000000000,-0.0031570824,1.0000000000,0.0946843488,-19.8837132445,-12.141,1.000000,47.9410743608,-14,0.3307893214
7.435017,1.7615313563,2.0478643518,-0.4446480104,-1.7505307206,-0.2769329827,1.3058827103,0.0809764261,0.8357405306,14.5704502844,0.5291366004,0.5263099294,0.9536578962,0.0000000000,-0.0946843488,-0.0013153235,-0.0000000000,-0.0028468649,1.0000000000,0.0946843488,-19.8837132445,-11.741,1.000000,47.9410743608,-11,0.3307893214
7.443412,1.7580365552,2.0294565824,-0.3878544619,-1.7856002506,-0.2618316977,1.3977457887,0.0809764261,0.9575947609,14.6225076357,0.5055629660,0.5263099294,0.9536578962,0.0000000000,-0.0946843488,-0.0014078507,-0.0000000000,-0.0025311335,1.0000000000,0.0946843488,-19.8837132445,-11.342,1.000000,47.9410743608,-12,0.3307893214
7.451765,1.7550338880,2.0125827937,-0.3310827458,-1.8170072778,-0.2477919266,1.4859245319,0.0809764261,1.0736564896,13.9274074451,0.4798662711,0.5263099294,0.9536578962,0.0000000000,-0.0946843488,-0.0014966669,-0.0000000000,-0.0021975076,1.0000000000,0.0946843488,-19.8837132445,-10.942,1.000000,47.9410743608,-11,0.3307893214
7.459732,1.7526125940,1.9987769666,-0.2767191412,-1.8451342974,-0.2362563568,1.5684151562,0.0809764261,1.1790567555,12.6480319017,0.4534303492,0.5263099294,0.9536578962,0.0000000000,-0.0946843488,-0.0015797539,-0.0000000000,-0.0018625729,1.0000000000,0.0946843488,-19.8837132445,-10.543,1.000000,47.9410743608,-9,0.3307893214
7.469893,1.7501542064,1.9788352164,-0.2071390461,-1.8678194101,-0.2186511795,1.6606803641,0.0809764261,1.3062858455,15.2674908051,0.4229115823,0.5263099294,0.9536578962,0.0000000000,-0.0946843488,-0.0016726861,-0.0000000000,-0.0014146775,1.0000000000,0.0946843488,-19.8837132445,-10.143,1.000000,47.9410743608,-11,0.3307893214
7.478977,1.7485557382,1.9619614277,-0.1447481573,-1.8856309440,-0.2032802145,1.7408827867,0.0809764261,1.4170150047,13.2874991041,0.3950326082,0.5263099294,0.9536578962,0.0000000000,-0.0946843488,-0.0017534684,-0.0000000000,-0.0009981634,1.0000000000,0.0946843488,-19.8837132445,-9.744,1.000000,47.9410743608,-9,0.3307893214
7.487954,1.7475335054,1.9466216198,-0.0829787918,-1.8965734250,-0.1889038804,1.8135946332,0.0809764261,1.5182782506,12.1515895097,0.3691032898,0.5263099294,0.9536578962,0.0000000000,-0.0946843488,-0.0018267059,-0.0000000000,-0.0005758011,1.0000000000,0.0946843488,-19.8837132445,-9.344,1.000000,47.9410743608,-10,0.3307893214
7.496296,1.7470809530,1.9328157927,-0.0255243833,-1.9038686743,-0.1755114317,1.8783442910,0.0809764261,1.6096253116,10.9616473220,0.3457200352,0.5263099294,0.9536578962,0.0000000000,-0.0946843488,-0.0018919237,-0.0000000000,-0.0001776120,1.0000000000,0.0946843488,-19.8837132445,-8.945,1.000000,47.9410743608,-10,0.3307893214
7.504710,1.7471100859,1.9190099656,0.0324488277,-1.9053931438,-0.1616682856,1.9378419715,0.0809764261,1.6966154803,10.4388202438,0.3241379525,0.5263099294,0.9536578962,0.0000000000,-0.0946843488,-0.0019518515,-0.0000000000,0.0002257553,1.0000000000,0.0946843488,-19.8837132445,-8.545,1.000000,47.9410743608,-9,0.3307893214
7.513518,1.7476631533,1.9052041386,0.0931163607,-1.9017495076,-0.1473289567,1.9948658683,0.0809764261,1.7821172843,10.2602164756,0.3034339791,0.5263099294,0.9536578962,0.0000000000,-0.0946843488,-0.0020092876,-0.0000000000,0.0006456324,1.0000000000,0.0946843488,-19.8837132445,-8.146,1.000000,47.9410743608,-8,0.3307893214
7.521508,1.7486268279,1.8944662730,0.1480861196,-1.8934774992,-0.1356718357,2.0415636187,0.0809764261,1.8519660770,8.3818551229,0.2865637567,0.5263099294,0.9536578962,0.0000000000,-0.0946843488,-0.0020563230,-0.0000000000,0.0010207398,1.0000000000,0.0946843488,-19.8837132445,-7.746,1.000000,47.9410743608,-9,0.3307893214
7.530022,1.7501365308,1.8806604459,0.2065528750,-1.8785560362,-0.1204364311,2.0851089112,0.0809764261,1.9257688830,8.8563367240,0.2706734069,0.5263099294,0.9536578962,0.0000000000,-0.0946843488,-0.0021001831,-0.0000000000,0.0014108236,1.0000000000,0.0946843488,-19.8837132445,-7.347,1.000000,47.9410743608,-7,0.3307893214
7.538349,1.7520942246,1.8714565612,0.2635991111,-1.8576795576,-0.1093869552,2.1212786686,0.0809764261,1.9838828996,6.9736819860,0.2576300472,0.5263099294,0.9536578962,0.0000000000,-0.0946843488,-0.0021366143,-0.0000000000,0.0017796653,1.0000000000,0.0946843488,-19.8837132445,-6.947,1.000000,47.9410743608,-7,0.3307893214
7.546713,1.7545377553,1.8607186957,0.3207097036,-1.8314699782,-0.0963462994,2.1521796818,0.0809764261,2.0406826552,6.8159706759,0.2462380848,0.5263099294,0.9536578962,0.0000000000,-0.0946843488,-0.0021677387,-0.0000000000,0.0021347170,1.0000000000,0.0946843488,-19.8837132445,-6.548,1.000000,47.9410743608,-7,0.3307893214
7.553869,1.7570071180,1.8530487918,0.3694021884,-1.8029887113,-0.0863599717,2.1723908997,0.0809764261,2.0807267199,4.8052877667,0.2386093239,0.5263099294,0.9536578962,0.0000000000,-0.0946843488,-0.0021880961,-0.0000000000,0.0024246068,1.0000000000,0.0946843488,-19.8837132445,-6.148,1.000000,47.9410743608,-6,0.3307893214
7.560743,1.7597066027,1.8453788878,0.4159988507,-1.7699685533,-0.0761678949,2.1859674040,0.0809764261,2.1145446886,4.0581562404,0.2330467669,0.5263099294,0.9536578962,0.0000000000,-0.0946843488,-0.0022017707,-0.0000000000,0.0026899276,1.0000000000,0.0946843488,-19.8837132445,-5.749,1.000000,47.9410743608,-6,0.3307893214
7.567528,1.7626846404,1.8392429647,0.4618025516,-1.7353879738,-0.0672396251,2.1971905254,0.0809764261,2.1434993540,3.4745598510,0.2283121901,0.5263099294,0.9536578962,0.0000000000,-0.0946843488,-0.0022130750,-0.0000000000,0.0029385110,0.9899739840,0.0946843488,-19.8837132445,-5.349,1.000000,47.9410743608,-5,0.3307893214
7.575085,1.7663667847,1.8315730607,0.5125741577,-1.6969054877,-0.0560942204,2.2094796453,0.0809764261,2.1779232476,4.1308672308,0.2229403980,0.5263099294,0.9536578962,0.0000000000,-0.0946843488,-0.0022254529,-0.0000000000,0.0031993197,0.7655935245,0.0946843488,-19.8837132445,-4.950,1.000000,47.9410743608,-5,0.3307893214
7.583410,1.7708653154,1.8254371376,0.5681620479,-1.6524241438,-0.0456986228,2.2205861918,0.0809764261,2.2096754508,3.8102643829,0.2179245566,0.5263099294,0.9536578962,0.0000000000,-0.0946843488,-0.0022366398,-0.0000000000,0.0034666677,0.4212950690,0.0946843488,-19.8837132445,-4.550,1.000000,47.9410743608,-3,0.3307893214
7.591760,1.7758409958,1.8193012144,0.6235309276,-1.6050748843,-0.0348412757,2.2286058118,0.0809764261,2.2392577623,3.5498773758,0.2137342550,0.5263099294,0.9536578962,0.0000000000,-0.0946843488,-0.0022447174,-0.0000000000,0.0037138944,0.1025671306,0.0946843488,-19.8837132445,-4.151,1.000000,47.9410743608,-4,0.3307893214
7.600090,1.7812635807,1.8146992721,0.6783387352,-1.5526527726,-0.0250982451,2.2309915078,0.0809764261,2.2609931171,2.6082425749,0.2112898957,0.5263099294,0.9536578962,0.0000000000,-0.0946843488,-0.0022471203,-0.0000000000,0.0039400183,0.0000000000,0.0946843488,-19.8837132445,-3.751,1.000000,47.9410743608,-4,0.3307893214
7.608422,1.7871422966,1.8100973297,0.7326952399,-1.4956875945,-0.0149234788,2.2283828344,0.0809764261,2.2785915294,2.1118094762,0.2101958313,0.5263099294,0.9536578962,0.0000000000,-0.0946843488,-0.0022444928,-0.0000000000,0.0041463995,0.0000000000,0.0946843488,-19.8837132445,-3.352,1.000000,47.9410743608,-4,0.3307893214
7.616850,1.7935474288,1.8070293681,0.7871675426,-1.4346538072,-0.0057781247,2.2218213498,0.0809764261,2.2901927180,1.3921426409,0.2103146142,0.5263099294,0.9536578962,0.0000000000,-0.0946843488,-0.0022378839,-0.0000000000,0.0043359516,0.0000000000,0.0946843488,-19.8837132445,-2.952,1.000000,47.9410743608,-3,0.3307893214
7.625094,1.8002551264,1.8039614066,0.8399201848,-1.3699763178,0.0036502288,2.2098965026,0.0810068447,2.2970225751,0.8195828494,0.2119251588,0.5263099294,0.9536578962,0.0000000000,-0.0946843488,-0.0022258728,-0.0000000000,0.0045037505,0.0000000000,0.0946843488,-19.8837132445,-2.553,1.000000,47.9410743608,-4,0.3307893214
7.633421,1.8074682594,1.8024274258,0.8926229449,-1.3020356581,0.0120325143,2.1946586030,0.0811071156,2.2985307666,0.1809829808,0.2145867581,0.5263099294,0.9536578962,0.0000000000,-0.0946843488,-0.0022105247,-0.0000000000,0.0046566897,0.0000000000,0.0946843488,-19.8837132445,-2.153,1.000000,47.9410743608,-4,0.3307893214
7.641754,1.8151247544,1.8024274258,0.9447615165,-1.2311726187,0.0193084884,2.1759341352,0.0812680197,2.2944150428,-0.4938868587,0.2184011172,0.5263099294,0.9536578962,0.0000000000,-0.0946843488,-0.0021916649,-0.0000000000,0.0047943696,0.0000000000,0.0946843488,-19.8837132445,-1.754,1.000000,47.9410743608,-3,0.3307893214
7.650176,1.8233012728,1.8008934450,0.9967957588,-1.1576923998,0.0286244130,2.1544881586,0.0815065565,2.2917057013,-0.3251209848,0.2227209186,0.5263099294,0.9536578962,0.0000000000,-0.0946843488,-0.0021700639,-0.0000000000,0.0049191311,0.0090641351,0.0946843488,-19.8837132445,-1.354,1.000000,47.9410743608,-2,0.3307893214
7.658426,1.8317328127,1.8024274258,1.0470903437,-1.0818683277,0.0351148115,2.1289586714,0.0817991799,2.2793546866,-1.4821217623,0.2287133669,0.5263099294,0.9536578962,0.0000000000,-0.0946843488,-0.0021443498,-0.0000000000,0.0050285421,0.1086220870,0.0946843488,-19.8837132445,-0.955,1.000000,47.9410743608,-1,0.3307893214
7.666761,1.8406690164,1.8024274258,1.0971853147,-1.0039451838,0.0436325829,2.1011304985,0.0821627848,2.2688013398,-1.2664016188,0.2351494801,0.5263099294,0.9536578962,0.0000000000,-0.0946843488,-0.0021163205,-0.0000000000,0.0051273879,0.3519785999,0.0946843488,-19.8837132445,-0.555,1.000000,47.9410743608,0,0.3307893214
7.675087,1.8500103040,1.8039614066,1.1464803768,-0.9241421857,0.0510113629,2.0706225625,0.0825878794,2.2533668253,-1.8521417396,0.2426503581,0.5263099294,0.9536578962,0.0000000000,-0.0946843488,-0.0020855920,-0.0000000000,0.0052155307,0.6029817664,0.0946843488,-19.8837132445,-0.156,1.000000,47.9410743608,3,0.3307893214
7.683510,1.8598734296,1.8039614066,1.1955450828,-0.8451601053,0.0604503701,2.0407051880,0.0830916325,2.2426920442,-1.2809737303,0.2496787854,0.5263099294,0.9536578962,0.0000000000,-0.0946843488,-0.0020554583,-0.0000000000,0.0052949793,0.8816271961,0.0946843488,-19.8837132445,0.244,1.000000,47.9410743608,1,0.3307893214
7.691760,1.8699330672,1.8054953873,1.2427993728,-0.7669132097,0.0685558561,2.0097125825,0.0836629313,2.2283602624,-1.7198138166,0.2573252178,0.5263099294,0.9536578962,0.0000000000,-0.0946843488,-0.0020242417,-0.0000000000,0.0053643119,0.9975568513,0.0946843488,-19.8837132445,0.643,1.000000,47.9410743608,1,0.3307893214
7.700096,1.8804893179,1.8070293681,1.2896948458,-0.6893247195,0.0771614907,1.9790195653,0.0843059438,2.2153920774,-1.5561821956,0.2648105271,0.5263099294,0.9536578962,0.0000000000,-0.0946843488,-0.0019933268,-0.0000000000,0.0054267178,1.0000000000,0.0946843488,-19.8837132445,1.043,1.000000,47.9410743608,0,0.3307893214
7.708421,1.8914169274,1.8070293681,1.3356407455,-0.6173347710,0.0877025281,1.9529755165,0.0850367982,2.2110031871,-0.5266668423,0.2703869147,0.5263099294,0.9536578962,0.0000000000,-0.0946843488,-0.0019670944,-0.0000000000,0.0054821852,1.0000000000,0.0946843488,-19.8837132445,1.442,1.000000,47.9410743608,0,0.3307893214
7.716843,1.9028592198,1.8085633489,1.3812004321,-0.5503586778,0.0972511910,1.9315591099,0.0858472247,2.2093495454,-0.1984370040,0.2744430475,0.5263099294,0.9536578962,0.0000000000,-0.0946843488,-0.0019455232,-0.0000000000,0.0055321028,1.0000000000,0.0946843488,-19.8837132445,1.842,1.000000,47.9410743608,0,0.3307893214
7.725095,1.9144379127,1.8100973297,1.4248992327,-0.4878728156,0.1069603660,1.9127720483,0.0867385611,2.2107238067,0.1649113669,0.2775019542,0.5263099294,0.9536578962,0.0000000000,-0.0946843488,-0.0019266003,-0.0000000000,0.0055756214,1.0000000000,0.0946843488,-19.8837132445,2.241,1.000000,47.9410743608,2,0.3307893214
7.733423,1.9264846734,1.8116313105,1.4680289699,-0.4294082450,0.1171592024,1.8974372149,0.0877148878,2.2166065683,0.7059313886,0.2791493463,0.5263099294,0.9536578962,0.0000000000,-0.0946843488,-0.0019111546,-0.0000000000,0.0056147355,1.0000000000,0.0946843488,-19.8837132445,2.641,1.000000,47.9410743608,1,0.3307893214
7.741759,1.9388983374,1.8131652913,1.5101932180,-0.3745450006,0.1277442806,1.8847382186,0.0887794235,2.2259792217,1.1247184053,0.2796868479,0.5263099294,0.9536578962,0.0000000000,-0.0946843488,-0.0018983638,-0.0000000000,0.0056495921,1.0000000000,0.0946843488,-19.8837132445,3.040,1.000000,47.9410743608,2,0.3307893214
7.750116,1.9516910946,1.8177672336,1.5514220406,-0.3229069761,0.1356578092,1.8743290167,0.0899099052,2.2324009980,0.7706131618,0.2797819057,0.5263099294,0.9536578962,0.0000000000,-0.0946843488,-0.0018878794,-0.0000000000,0.0056807078,1.0000000000,0.0946843488,-19.8837132445,3.440,1.000000,47.9410743608,1,0.3307893214
7.758427,1.9647526684,1.8223691760,1.5913694161,-0.2716528958,0.1438422161,1.8630223119,0.0911085904,2.2385304874,0.7355387288,0.2800551563,0.5263099294,0.9536578962,0.0000000000,-0.0946843488,-0.0018764909,-0.0000000000,0.0057082844,1.0000000000,0.0946843488,-19.8837132445,3.839,1.000000,47.9410743608,1,0.3307893214
7.766760,1.9781755893,1.8285050992,1.6303274140,-0.2207426622,0.1508558357,1.8510700762,0.0923657223,2.2417468940,0.3859687825,0.2806655710,0.5263099294,0.9536578962,0.0000000000,-0.0946843488,-0.0018644523,-0.0000000000,0.0057329348,1.0000000000,0.0946843488,-19.8837132445,4.239,1.000000,47.9410743608,5,0.3307893214
7.775089,1.9919128661,1.8361750031,1.6681532595,-0.1676359170,0.1566380356,1.8357891764,0.0936710393,2.2392365498,-0.3012412993,0.2825724426,0.5263099294,0.9536578962,0.0000000000,-0.0946843488,-0.0018490609,-0.0000000000,0.0057549159,1.0000000000,0.0946843488,-19.8837132445,4.638,1.000000,47.9410743608,4,0.3307893214
7.783507,2.0061128970,1.8438449070,1.7052245219,-0.1125620539,0.1628724265,1.8177865758,0.0950283095,2.2349537845,-0.5139318429,0.2852344458,0.5263099294,0.9536578962,0.0000000000,-0.0946843488,-0.0018309281,-0.0000000000,0.0057747358,1.0000000000,0.0946843488,-19.8837132445,5.038,1.000000,47.9410743608,4,0.3307893214
7.791761,2.0203334894,1.8530487918,1.7404132386,-0.0532220613,0.1675704899,1.7936352999,0.0964247303,2.2215098016,-1.6132779423,0.2902904339,0.5263099294,0.9536578962,0.0000000000,-0.0946843488,-0.0018066023,-0.0000000000,0.0057920906,1.0000000000,0.0946843488,-19.8837132445,5.437,1.000000,47.9410743608,4,0.3307893214
7.800095,2.0349825642,1.8637866573,1.7747577706,0.0124429742,0.1711290905,1.7623147964,0.0978508060,2.1986628595,-2.7416330502,0.2979983247,0.5263099294,0.9536578962,0.0000000000,-0.0946843488,-0.0017750553,-0.0000000000,0.0058077600,1.0000000000,0.0946843488,-19.8837132445,5.837,1.000000,47.9410743608,5,0.3307893214
7.808423,2.0499013065,1.8760585036,1.8078608416,0.0837724938,0.1733929608,1.7240883478,0.0992957474,2.1663572403,-3.8766743097,0.3083680048,0.5263099294,0.9536578962,0.0000000000,-0.0946843488,-0.0017365525,-0.0000000000,0.0058217611,1.0000000000,0.0946843488,-19.8837132445,6.236,1.000000,47.9410743608,4,0.3307893214
7.816754,2.0650966904,1.8867963691,1.8397389375,0.1576704758,0.1774536612,1.6820684617,0.1007745279,2.1338600553,-3.8996622007,0.3197692587,0.5263099294,0.9536578962,0.0000000000,-0.0946843488,-0.0016942289,-0.0000000000,0.0058342930,1.0000000000,0.0946843488,-19.8837132445,6.636,1.000000,47.9410743608,5,0.3307893214
7.825092,2.0805645118,1.8990682154,1.8703800585,0.2388775787,0.1802135698,1.6315024798,0.1022763076,2.0902560802,-5.2324770086,0.3345276020,0.5263099294,0.9536578962,0.0000000000,-0.0946843488,-0.0016432973,-0.0000000000,0.0058455183,1.0000000000,0.0946843488,-19.8837132445,7.036,1.000000,47.9410743608,8,0.3307893214
7.833425,2.0962727631,1.9144080233,1.8997203670,0.3241260227,0.1801242455,1.5755943443,0.1037773430,2.0356506412,-6.5526526764,0.3517700421,0.5263099294,0.9536578962,0.0000000000,-0.0946843488,-0.0015869850,-0.0000000000,0.0058555623,1.0000000000,0.0946843488,-19.8837132445,7.435,1.000000,47.9410743608,6,0.3307893214
7.841762,2.1122291904,1.9297478312,1.9277744534,0.4129937483,0.1802636623,1.5147807051,0.1052795402,1.9765951238,-7.0866620903,0.3707764581,0.5263099294,0.9536578962,0.0000000000,-0.0946843488,-0.0015257317,-0.0000000000,0.0058645616,1.0000000000,0.0946843488,-19.8837132445,7.835,1.000000,47.9410743608,6,0.3307893214
7.850093,2.1284027204,1.9450876390,1.9544880131,0.5051027742,0.1806027768,1.4493852390,0.1067845633,1.9133571656,-7.5885549895,0.3913819485,0.5263099294,0.9536578962,0.0000000000,-0.0946843488,-0.0014598635,-0.0000000000,0.0058726149,1.0000000000,0.0946843488,-19.8837132445,8.234,1.000000,47.9410743608,8,0.3307893214
7.858511,2.1449633096,1.9619614277,1.9801171923,0.6001145936,0.1797793821,1.3800025987,0.1082827248,1.8438165241,-8.3448769731,0.4133867507,0.5263099294,0.9536578962,0.0000000000,-0.0946843488,-0.0013899792,-0.0000000000,0.0058798954,1.0000000000,0.0946843488,-19.8837132445,8.634,1.000000,47.9410743608,8,0.3307893214
7.866761,2.1613979376,1.9788352164,2.0038926774,0.6952216035,0.1788295151,1.3086710739,0.1097729708,1.7720680190,-8.6098206075,0.4357967021,0.5263099294,0.9536578962,0.0000000000,-0.0946843488,-0.0013181320,-0.0000000000,0.0058862802,1.0000000000,0.0946843488,-19.8837132445,9.033,1.000000,47.9410743608,8,0.3307893214
7.875093,2.1781895987,1.9972429858,2.0265386531,0.7929183111,0.1766887943,1.2336203420,0.1112453774,1.6942176806,-9.3420406147,0.4590112630,0.5263099294,0.9536578962,0.0000000000,-0.0946843488,-0.0012425387,-0.0000000000,0.0058920488,1.0000000000,0.0946843488,-19.8837132445,9.433,1.000000,47.9410743608,7,0.3307893214
7.883426,2.1951663340,2.0156507553,2.0477988027,0.8929342602,0.1747206937,1.1548645425,0.1127013832,1.6129889265,-9.7474504914,0.4825909367,0.5263099294,0.9536578962,0.0000000000,-0.0946843488,-0.0011632136,-0.0000000000,0.0058972000,1.0000000000,0.0946843488,-19.8837132445,9.832,1.000000,47.9410743608,8,0.3307893214
7.891761,2.2123190248,2.0355925055,2.0676607469,0.9925227910,0.1713968631,1.0751379559,0.1141296904,1.5280695930,-10.1903200223,0.5052195720,0.5263099294,0.9536578962,0.0000000000,-0.0946843488,-0.0010829106,-0.0000000000,0.0059017920,1.0000000000,0.0946843488,-19.8837132445,10.232,1.000000,47.9410743608,11,0.3307893214
7.900124,2.2296901307,2.0586022173,2.0861648745,1.0942329899,0.1652120930,0.9919318846,0.1155064578,1.4339381285,-11.2957757328,0.5272079988,0.5263099294,0.9536578962,0.0000000000,-0.0946843488,-0.0009991030,-0.0000000000,0.0059058868,1.0000000000,0.0946843488,-19.8837132445,10.631,1.000000,47.9410743608,11,0.3307893214
7.908642,2.2475343306,2.0800779484,2.1035299327,1.1978432794,0.1610241946,0.9056866533,0.1168483261,1.3406988788,-11.1887099634,0.5477270452,0.5263099294,0.9536578962,0.0000000000,-0.0946843488,-0.0009122343,-0.0000000000,0.0059095752,1.0000000000,0.0946843488,-19.8837132445,11.031,1.000000,47.9410743608,12,0.3307893214
7.916762,2.2646774797,2.1015536794,2.1186822385,1.2981463255,0.1561530046,0.8205359130,0.1181496012,1.2471570762,-11.2250163221,0.5654520657,0.5263099294,0.9536578962,0.0000000000,-0.0946843488,-0.0008264679,-0.0000000000,0.0059126763,1.0000000000,0.0946843488,-19.8837132445,11.430,1.000000,47.9410743608,10,0.3307893214
7.925100,2.2824020820,2.1260973720,2.1328059008,1.4004964189,0.1487843139,0.7323094819,0.1193894704,1.1455189973,-12.1965694597,0.5803136469,0.5263099294,0.9536578962,0.0000000000,-0.0946843488,-0.0007376037,-0.0000000000,0.0059154716,1.0000000000,0.0946843488,-19.8837132445,11.830,1.000000,47.9410743608,9,0.3307893214
7.933450,2.3002654434,2.1506410646,2.1454844123,1.5021753267,0.1415579866,0.6433090856,0.1205691203,1.0433303074,-12.2626427857,0.5915745398,0.5263099294,0.9536578962,0.0000000000,-0.0946843488,-0.0006479598,-0.0000000000,0.0059179052,1.0000000000,0.0946843488,-19.8837132445,12.229,1.000000,47.9410743608,10,0.3307893214
7.941776,2.3181776734,2.1736507764,2.1566570105,1.6032531445,0.1359177364,0.5534038660,0.1217017681,0.9433403973,-11.9987892195,0.5994037718,0.5263099294,0.9536578962,0.0000000000,-0.0946843488,-0.0005574047,-0.0000000000,0.0059199919,1.0000000000,0.0946843488,-19.8837132445,12.629,1.000000,47.9410743608,12,0.3307893214
7.950077,2.3361201907,2.1981944690,2.1663258005,1.7012881988,0.1287901317,0.4650376017,0.1227750192,0.8418769882,-12.1756090932,0.6024167523,0.5263099294,0.9536578962,0.0000000000,-0.0946843488,-0.0004683996,-0.0000000000,0.0059217552,1.0000000000,0.0946843488,-19.8837132445,13.028,1.000000,47.9410743608,14,0.3307893214
7.958425,2.3542392169,2.2242721424,2.1745638352,1.7991027106,0.1203062394,0.3754611247,0.1237775712,0.7364400665,-12.6524305973,0.6007456939,0.5263099294,0.9536578962,0.0000000000,-0.0946843488,-0.0003781755,-0.0000000000,0.0059232271,1.0000000000,0.0946843488,-19.8837132445,13.428,1.000000,47.9410743608,12,0.3307893214
7.966755,2.3723828836,2.2488158350,2.1812939542,1.8942152638,0.1133954775,0.2870786904,0.1247225335,0.6352646381,-12.1410514066,0.5952754751,0.5263099294,0.9536578962,0.0000000000,-0.0946843488,-0.0002891541,-0.0000000000,0.0059244091,1.0000000000,0.0946843488,-19.8837132445,13.827,1.000000,47.9410743608,12,0.3307893214
7.975172,2.3907660584,2.2779614700,2.1865768918,1.9894124873,0.1021218266,0.1971644044,0.1255735488,0.5238000242,-13.3757536790,0.5835402997,0.5263099294,0.9536578962,0.0000000000,-0.0946843488,-0.0001985898,-0.0000000000,0.0059253243,1.0000000000,0.0946843488,-19.8837132445,14.227,1.000000,47.9410743608,14,0.3307893214
7.983425,2.4088282620,2.3071071050,2.1902725395,2.0821810900,0.0905402457,0.1080914495,0.1263280508,0.4124700255,-13.3595998354,0.5675014034,0.5263099294,0.9536578962,0.0000000000,-0.0946843488,-0.0001088729,-0.0000000000,0.0059259579,1.0000000000,0.0946843488,-19.8837132445,14.626,1.000000,47.9410743608,14,0.3307893214
7.991758,2.4270907788,2.3331847784,2.1925102444,2.1752791545,0.0822251703,0.0172310899,0.1270132606,0.3057715767,-12.8038138579,0.5491818272,0.5263099294,0.9536578962,0.0000000000,-0.0946843488,-0.0000173557,-0.0000000000,0.0059263390,1.0000000000,0.0946843488,-19.8837132445,15.026,1.000000,47.9410743608,15,0.3307893214
8.000091,2.4453640576,2.3623304133,2.1932453336,2.2661678248,0.0708647595,-0.0729224912,0.1276038002,0.1936385209,-13.4559667012,0.5256813518,0.5263099294,0.9538346173,0.0212065396,-0.0576637846,0.0000734497,0.0000000000,0.0059264637,1.0000000000,0.0946843488,-12.1093947598,14.626,1.000000,47.9410743608,15,0.3292066363
8.008430,2.4636515325,2.3930100291,2.1924763772,2.3575822886,0.0579817406,-0.1651059114,0.1280869814,0.0763458654,-14.0751186609,0.4956122066,0.5263738760,0.9538449202,0.0012363505,-0.0178327832,0.0001662995,0.0000000000,0.0059263332,0.8192966113,0.0946843488,-3.7448844682,14.227,1.000000,47.9410743608,14,0.3239593892
8.016756,2.4818988619,2.4221556641,2.1902072830,2.4469631858,0.0466034768,-0.2567559028,0.1284753437,-0.0375184137,-13.6637134878,0.4589500007,0.5263776017,0.9538328800,-0.0014448319,0.0170617569,0.0002586121,0.0000000000,0.0059259468,0.4521746069,0.0946843488,3.5829689540,13.827,1.000000,47.9410743608,12,0.3183132014
8.025092,2.5001421932,2.4528352798,2.1864343331,2.5370273414,0.0336835652,-0.3505930083,0.1287560401,-0.1567376832,-14.3063123351,0.4195122765,0.5263732477,0.9539204533,0.0105088038,0.0487316090,0.0003531276,0.0000000000,0.0059252997,0.0785498563,0.0946843488,10.2336378937,13.428,1.000000,47.9410743608,12,0.3149757777
8.033429,2.5183493537,2.4835148956,2.1811613701,2.6226945020,0.0207510938,-0.4415331319,0.1289289659,-0.2731911819,-13.9744198479,0.3832650638,0.5264049078,0.9542017642,0.0337573051,0.0752785288,0.0004447252,0.0000000000,0.0059243860,0.0000000000,0.0946843488,15.8084910543,13.028,1.000000,47.9410743608,11,0.3159447894
8.041759,2.5364908523,2.5111265498,2.1743986757,2.7069283183,0.0108286188,-0.5325296427,0.1289289659,-0.3838937278,-13.2843055102,0.3537514567,0.5265064803,0.9542017642,0.0000000000,0.0946843488,0.0005363795,0.0000000000,0.0059231978,0.0000000000,0.0946843488,19.8837132445,12.629,1.000000,47.9410743608,13,0.3159447894
8.050092,2.5545772353,2.5418061655,2.1661433224,2.7873740338,-0.0021965919,-0.6212307114,0.1289106609,-0.4984809146,-13.7504624171,0.3216084676,0.5265064803,0.9542017642,0.0000000000,0.0946843488,0.0006257219,0.0000000000,0.0059217223,0.0000000000,0.0946843488,19.8837132445,12.229,1.000000,47.9410743608,13,0.3159447894
8.058423,2.5725838046,2.5724857813,2.1564062594,2.8644272606,-0.0152833994,-0.7080210012,0.1287832993,-0.6113871889,-13.5487529099,0.2903538846,0.5265064803,0.9542017642,0.0000000000,0.0946843488,0.0007131396,0.0000000000,0.0059199457,0.0000000000,0.0946843488,19.8837132445,11.830,1.000000,47.9410743608,10,0.3159447894
8.066758,2.5905117549,2.6016314163,2.1451863475,2.9359378462,-0.0268850821,-0.7907514986,0.1285592569,-0.7173795450,-12.7190827326,0.2616418007,0.5265064803,0.9542017642,0.0000000000,0.0946843488,0.0007964682,0.0000000000,0.0059178488,0.0007750628,0.0946843488,19.8837132445,11.430,1.000000,47.9410743608,11,0.3159447894
8.075104,2.6083619716,2.6307770512,2.1324790825,3.0024846389,-0.0385378438,-0.8700055564,0.1282381082,-0.8200926559,-12.3255733082,0.2347595319,0.5265064803,0.9542017642,0.0000000000,0.0946843488,0.0008762952,0.0000000000,0.0059154079,0.1952073588,0.0946843488,19.8837132445,11.031,1.000000,47.9410743608,10,0.3159447894
8.083516,2.6262431564,2.6599226862,2.1181854073,3.0620815864,-0.0501223181,-0.9438961791,0.1278204222,-0.9174019034,-11.6771096995,0.2102573716,0.5265064803,0.9542017642,0.0000000000,0.0946843488,0.0009507200,0.0000000000,0.0059125763,0.5728471016,0.0946843488,19.8837132445,10.631,1.000000,47.9410743608,11,0.3159447894
8.091761,2.6436438106,2.6875343404,2.1027423419,3.1154544988,-0.0606199204,-1.0127121569,0.1273152562,-1.0075642377,-10.8194801194,0.1886583288,0.5265064803,0.9542017642,0.0000000000,0.0946843488,0.0010200335,0.0000000000,0.0059094111,0.8855305914,0.0946843488,19.8837132445,10.232,1.000000,47.9410743608,10,0.3159447894
8.100098,2.6611039475,2.7136120138,2.0856919939,3.1607489377,-0.0694806793,-1.0750569438,0.1267362506,-1.0880774198,-9.6615818497,0.1701264321,0.5265064803,0.9542017642,0.0000000000,0.0946843488,0.0010828290,0.0000000000,0.0059057843,0.9998266859,0.0946843488,19.8837132445,9.832,1.000000,47.9410743608,9,0.3159447894
8.108420,2.6783859917,2.7412236680,2.0672443942,3.1963041338,-0.0800012138,-1.1290597396,0.1260695738,-1.1636313730,-9.0664743827,0.1535330923,0.5265064803,0.9542017642,0.0000000000,0.0946843488,0.0011372222,0.0000000000,0.0059016979,1.0000000000,0.0946843488,19.8837132445,9.433,1.000000,47.9410743608,11,0.3159447894
8.116755,2.6955337207,2.7657673606,2.0473534527,3.2256416578,-0.0875547143,-1.1782882050,0.1253399512,-1.2285805341,-7.7938993383,0.1398114751,0.5265064803,0.9542017642,0.0000000000,0.0946843488,0.0011868066,0.0000000000,0.0058970947,1.0000000000,0.0946843488,19.8837132445,9.033,1.000000,47.9410743608,9,0.3159447894
8.125098,2.7125275154,2.7903110532,2.0260358713,3.2444019582,-0.0952053514,-1.2183660868,0.1245465732,-1.2846348907,-6.7265227860,0.1282684439,0.5265064803,0.9542017642,0.0000000000,0.0946843488,0.0012271742,0.0000000000,0.0058919239,1.0000000000,0.0946843488,19.8837132445,8.634,1.000000,47.9410743608,8,0.3159447894
8.133426,2.7293061749,2.8148547458,2.0033704512,3.2536896723,-0.1030202577,-1.2503192211,0.1236880711,-1.3329549541,-5.7984076076,0.1185208222,0.5265064803,0.9542017642,0.0000000000,0.0946843488,0.0012593583,0.0000000000,0.0058861437,1.0000000000,0.0946843488,19.8837132445,8.234,1.000000,47.9410743608,9,0.3159447894
8.141760,2.7459044756,2.8363304768,1.9793127400,3.2544940741,-0.1079020076,-1.2751813340,0.1227888877,-1.3683988611,-4.2532688478,0.1111312223,0.5265064803,0.9542017642,0.0000000000,0.0946843488,0.0012844002,0.0000000000,0.0058796732,1.0000000000,0.0946843488,19.8837132445,7.835,1.000000,47.9410743608,9,0.3159447894
8.150093,2.7622922897,2.8593401886,1.9539049379,3.2477011222,-0.1144874284,-1.2937961843,0.1218348258,-1.4010331090,-3.9161097451,0.1044418258,0.5265064803,0.9542017642,0.0000000000,0.0946843488,0.0013031496,0.0000000000,0.0058724443,1.0000000000,0.0946843488,19.8837132445,7.435,1.000000,47.9410743608,7,0.3159447894
8.158447,2.7785042326,2.8808159196,1.9270875510,3.2315998013,-0.1196647555,-1.3045122502,0.1208376195,-1.4230146409,-2.6377838226,0.0994168489,0.5265064803,0.9542017642,0.0000000000,0.0946843488,0.0013139431,0.0000000000,0.0058643481,1.0000000000,0.0946843488,19.8837132445,7.036,1.000000,47.9410743608,6,0.3159447894
8.166761,2.7944112239,2.9007576699,1.8990796608,3.2071622352,-0.1235682895,-1.3080825744,0.1198078837,-1.4353527533,-1.4805734920,0.0957878543,0.5265064803,0.9542017642,0.0000000000,0.0946843488,0.0013175393,0.0000000000,0.0058553500,1.0000000000,0.0946843488,19.8837132445,6.636,1.000000,47.9410743608,6,0.3159447894
8.175096,2.8101185520,2.9176314586,1.8697017871,3.1727545751,-0.1245499875,-1.3030527880,0.1187699672,-1.4332960559,0.2468036923,0.0940128387,0.5265064803,0.9542017642,0.0000000000,0.0946843488,0.0013124731,0.0000000000,0.0058452781,1.0000000000,0.0946843488,19.8837132445,6.236,1.000000,47.9410743608,6,0.3159447894
8.183421,2.8255564511,2.9360392280,1.8390812060,3.1294180524,-0.1272871491,-1.2903368464,0.1177092409,-1.4270620451,0.7480812933,0.0927202890,0.5265064803,0.9542017642,0.0000000000,0.0946843488,0.0012996653,0.0000000000,0.0058340435,1.0000000000,0.0946843488,19.8837132445,5.837,1.000000,47.9410743608,6,0.3159447894
8.191877,2.8409708077,2.9513790359,1.8066914823,3.0805896055,-0.1269504010,-1.2738981231,0.1166513209,-1.4109977013,1.9277212605,0.0926154264,0.5265064803,0.9542017642,0.0000000000,0.0946843488,0.0012831077,0.0000000000,0.0058212841,1.0000000000,0.0946843488,19.8837132445,5.437,1.000000,47.9410743608,6,0.3159447894
8.200097,2.8556893738,2.9667188438,1.7739790073,3.0218338890,-0.1272561359,-1.2478548817,0.1155908531,-1.3866073224,2.9268454583,0.0934870892,0.5265064803,0.9542017642,0.0000000000,0.0946843488,0.0012568762,0.0000000000,0.0058074179,1.0000000000,0.0946843488,19.8837132445,5.038,1.000000,47.9410743608,4,0.3159447894
8.208428,2.8703263656,2.9820586516,1.7396198904,2.9566921106,-0.1276091532,-1.2170722202,0.1145274435,-1.3575743272,3.4839594274,0.0948498577,0.5265064803,0.9542017642,0.0000000000,0.0946843488,0.0012258710,0.0000000000,0.0057917142,1.0000000000,0.0946843488,19.8837132445,4.638,1.000000,47.9410743608,4,0.3159447894
8.216754,2.8846633535,2.9943304980,1.7040914807,2.8858312015,-0.1251635022,-1.1817397208,0.1134844143,-1.3184132428,4.6993301233,0.0974476273,0.5265064803,0.9542017642,0.0000000000,0.0946843488,0.0011902830,0.0000000000,0.0057741540,1.0000000000,0.0946843488,19.8837132445,4.239,1.000000,47.9410743608,5,0.3159447894
8.225090,2.8987151629,3.0035343827,1.6673556103,2.8048395448,-0.1198806679,-1.1374839345,0.1124854088,-1.2646508162,6.4514912004,0.1018341512,0.5265064803,0.9542017642,0.0000000000,0.0946843488,0.0011457073,0.0000000000,0.0057544711,1.0000000000,0.0946843488,19.8837132445,3.839,1.000000,47.9410743608,4,0.3159447894
8.233425,2.9124555617,3.0142722482,1.6294776782,2.7197840469,-0.1164214029,-1.0903063688,0.1115152304,-1.2115597936,6.3709227148,0.1061305592,0.5265064803,0.9542017642,0.0000000000,0.0946843488,0.0010981887,0.0000000000,0.0057324195,1.0000000000,0.0946843488,19.8837132445,3.440,1.000000,47.9410743608,5,0.3159447894
8.241761,2.9258782808,3.0219421521,1.5904744471,2.6285846685,-0.1101788647,-1.0381102214,0.1105970732,-1.1478713132,7.6426176473,0.1118557166,0.5265064803,0.9542017642,0.0000000000,0.0946843488,0.0010456152,0.0000000000,0.0057076928,1.0000000000,0.0946843488,19.8837132445,3.040,1.000000,47.9410743608,2,0.3159447894
8.250093,2.9389625483,3.0296120561,1.5504077216,2.5318830484,-0.1042452320,-0.9814753268,0.1097283629,-1.0803088151,8.1074997725,0.1181192144,0.5265064803,0.9542017642,0.0000000000,0.0946843488,0.0009885708,0.0000000000,0.0056799755,1.0000000000,0.0946843488,19.8837132445,2.641,1.000000,47.9410743608,3,0.3159447894
8.258426,2.9517123440,3.0372819600,1.5092664970,2.4302538160,-0.0986196109,-0.9209873189,0.1089065329,-1.0094586884,8.5020151936,0.1248406986,0.5265064803,0.9542017642,0.0000000000,0.0946843488,0.0009276455,0.0000000000,0.0056488599,1.0000000000,0.0946843488,19.8837132445,2.241,1.000000,47.9410743608,2,0.3159447894
8.266842,2.9642354279,3.0403499216,1.4666701283,2.3242115887,-0.0885950622,-0.8575414604,0.1081682407,-0.9268320684,9.9151944036,0.1333744790,0.5265064803,0.9542017642,0.0000000000,0.0946843488,0.0008637410,0.0000000000,0.0056135581,1.0000000000,0.0946843488,19.8837132445,1.842,1.000000,47.9410743608,1,0.3159447894
8.275094,2.9761623007,3.0449518640,1.4239080693,2.2117127911,-0.0806660350,-0.7878047218,0.1074960237,-0.8420111206,10.1785137347,0.1421625291,0.5265064803,0.9542017642,0.0000000000,0.0946843488,0.0007935001,0.0000000000,0.0055746790,1.0000000000,0.0946843488,19.8837132445,1.442,1.000000,47.9410743608,2,0.3159447894
8.283428,2.9878455772,3.0480198255,1.3797496920,2.0959361667,-0.0714290218,-0.7161864747,0.1069007819,-0.7526351030,10.7251221190,0.1516534161,0.5265064803,0.9542017642,0.0000000000,0.0946843488,0.0007213641,0.0000000000,0.0055305869,1.0000000000,0.0946843488,19.8837132445,1.043,1.000000,47.9410743608,1,0.3159447894
8.291760,2.9991555219,3.0480198255,1.3346511667,1.9747195884,-0.0594681675,-0.6400684217,0.1064052138,-0.6532514477,11.9260386290,0.1626676233,0.5265064803,0.9542017642,0.0000000000,0.0946843488,0.0006446958,0.0000000000,0.0054810464,0.8580194500,0.0946843488,19.8837132445,0.643,1.000000,47.9410743608,0,0.3159447894
8.300121,3.0101223712,3.0480198255,1.2884799636,1.8486311803,-0.0478242477,-0.5601512166,0.1060066784,-0.5506023934,12.3178865187,0.1739712636,0.5265064803,0.9548725831,0.0804982654,0.0848371387,0.0005642008,0.0000000000,0.0054251771,0.4940766551,0.0946843488,17.8157991363,0.244,1.000000,47.9410743608,0,0.3224277935
8.308434,3.0206387144,3.0464858447,1.2416975895,1.7206841827,-0.0350868730,-0.4789865932,0.1057142878,-0.4444296552,12.7407285833,0.1894728340,0.5267478984,0.9553281875,0.0546725335,0.0729470534,0.0004824494,0.0000000000,0.0053627712,0.1079972098,0.0946843488,15.3188812158,-0.156,1.000000,47.9410743608,0,0.3250985487
8.316765,3.0307850702,3.0449518640,1.1939599848,1.5910726983,-0.0227105476,-0.3971127135,0.1055250332,-0.3381630076,12.7519977117,0.2026713152,0.5269112253,0.9555961696,0.0321578455,0.0590448983,0.0003999836,0.0000000000,0.0052925348,0.0000000000,0.0946843488,12.3994286533,-0.555,1.000000,47.9410743608,0,0.3244676600
8.325097,3.0405316719,3.0449518640,1.1453974756,1.4599705585,-0.0122599528,-0.3145730829,0.1054228670,-0.2349692365,12.3832525281,0.2127060533,0.5270070511,0.9557199210,0.0148501666,0.0438123856,0.0003168473,0.0000000000,0.0052136865,0.0000000000,0.0946843488,9.2006009770,-0.955,1.000000,47.9410743608,0,0.3212976588
8.333421,3.0498611917,3.0434178832,1.0961000200,1.3300378892,-0.0006987387,-0.2339378691,0.1054170441,-0.1313791933,12.4308051871,0.2205735842,0.5270512420,0.9557461508,0.0031475828,0.0272537631,0.0002356291,0.0000000000,0.0051253482,0.0000000000,0.0946843488,5.7232902415,-1.354,1.000000,47.9410743608,0,0.3164152309
8.341765,3.0587981806,3.0418839024,1.0459317057,1.2036570046,0.0104508719,-0.1577252990,0.1055041347,-0.0329376208,11.8129886990,0.2257292781,0.5270606036,0.9557293337,-0.0020180533,0.0106634792,0.0001588656,0.0000000000,0.0050261392,0.0000000000,0.0946843488,2.2393306387,-1.754,1.000000,47.9410743608,0,0.3108152331
8.350093,3.0672982508,3.0403499216,0.9951391208,1.0804569726,0.0211464834,-0.0853178518,0.1056803554,0.0608850730,11.2587232572,0.2288743378,0.5270546016,0.9557197197,-0.0011536808,-0.0056060633,0.0000859347,0.0000000000,0.0049153448,0.0000000000,0.0946843488,-1.1772732880,-1.354,1.000000,47.9410743608,-1,0.3054574626
8.358427,3.0753774296,3.0372819600,0.9436323522,0.9651144963,0.0329129906,-0.0214821441,0.1059546303,0.1483595126,10.4969327518,0.2310750399,0.5270511701,0.9557605258,0.0048967318,-0.0210166636,0.0000216374,0.0000000000,0.0047915254,0.0640861417,0.0946843488,-4.4134993612,-0.955,1.000000,47.9410743608,-1,0.3012072480
8.366756,3.0830203301,3.0342139984,0.8915092103,0.8568089682,0.0442054326,0.0347002421,0.1063230090,0.2273319278,9.4766898300,0.2327995258,0.5270657334,0.9558836585,0.0147759276,-0.0351152063,-0.0000349511,-0.0000000000,0.0046536040,0.3709826713,0.0946843488,-7.3741933145,-0.555,1.000000,47.9410743608,-1,0.2987267717
8.375095,3.0902343883,3.0296120561,0.8387160506,0.7523010329,0.0565826206,0.0864150176,0.1067945308,0.3040927424,9.2112977529,0.2356185244,0.5271096529,0.9561216793,0.0285624940,-0.0492038740,-0.0000870397,-0.0000000000,0.0045000876,0.7799280689,0.0946843488,-10.3328135361,-0.156,1.000000,47.9410743608,-1,0.2986924739
8.383427,3.0970014335,3.0265440945,0.7853832452,0.6536985355,0.0669471037,0.1316847097,0.1073524233,0.3704964074,7.9684397912,0.2392795677,0.5271944440,0.9564886526,0.0440367946,-0.0618749851,-0.0001326367,-0.0000000000,0.0043300090,0.9876230926,0.0946843488,-12.9937468759,0.244,1.000000,47.9410743608,-1,0.3013583258
8.391760,3.1033213792,3.0234761329,0.7315159665,0.5603847388,0.0768360882,0.1711312277,0.1079927241,0.4302138164,7.1660890888,0.2449039530,0.5273248950,0.9569988695,0.0612260214,-0.0740491565,-0.0001723684,-0.0000000000,0.0041421072,1.0000000000,0.0946843488,-15.5503228632,0.643,1.000000,47.9410743608,0,0.3069303991
8.400095,3.1091921061,3.0219421521,0.6771307302,0.4743117635,0.0847029911,0.2028189667,0.1086985823,0.4782212355,5.7608902843,0.2523889403,0.5275057061,0.9576480229,0.0778984090,-0.0849119848,-0.0002042852,-0.0000000000,0.0039352314,1.0000000000,0.0946843488,-17.8315168069,1.043,1.000000,47.9410743608,1,0.3151552418
8.408425,3.1146050130,3.0219421521,0.6223085401,0.3972278595,0.0905298238,0.2250806806,0.1094529975,0.5127989293,4.1493232617,0.2616355049,0.5277348110,0.9584173827,0.0923231781,-0.0941139128,-0.0002267079,-0.0000000000,0.0037086412,1.0000000000,0.0946843488,-19.7639216855,1.442,1.000000,47.9410743608,0,0.3254442892
8.416772,3.1195687577,3.0204081713,0.5669504253,0.3256898004,0.0974116949,0.2412606249,0.1102647616,0.5434467089,3.6777335542,0.2732764495,0.5280049706,0.9584173827,0.0000000000,-0.0946843488,-0.0002430048,-0.0000000000,0.0034610449,1.0000000000,0.0946843488,-19.8837132445,1.842,1.000000,47.9410743608,0,0.3254442892
8.425088,3.1240525467,3.0188741906,0.5114150128,0.2616228519,0.1037734919,0.2497921609,0.1111295407,0.5654654883,2.6422535173,0.2741427797,0.5280049706,0.9584173827,0.0000000000,-0.0946843488,-0.0002515980,-0.0000000000,0.0031935413,1.0000000000,0.0946843488,-19.8837132445,2.241,1.000000,47.9410743608,1,0.3254442892
8.433511,3.1281220052,3.0188741906,0.4548057782,0.2067512135,0.1081376004,0.2480545646,0.1120306874,0.5732835864,0.9381717738,0.2742331594,0.5280049706,0.9584173827,0.0000000000,-0.0946843488,-0.0002498479,-0.0000000000,0.0029013440,1.0000000000,0.0946843488,-19.8837132445,2.641,1.000000,47.9410743608,1,0.3254442892
8.441760,3.1316439809,3.0173402098,0.3990564284,0.1601145688,0.1134439867,0.2389418596,0.1129760540,0.5756415422,0.2829547021,0.2746913199,0.5280049706,0.9584173827,0.0000000000,-0.0946843488,-0.0002406693,-0.0000000000,0.0025948763,1.0000000000,0.0946843488,-19.8837132445,3.040,1.000000,47.9410743608,2,0.3254442892
8.450094,3.1347342444,3.0173402098,0.3424573371,0.1233573409,0.1167316295,0.2190999961,0.1139488175,0.5632881298,-1.4824094911,0.2743637045,0.5280049706,0.9584173827,0.0000000000,-0.0946843488,-0.0002206840,-0.0000000000,0.0022657271,1.0000000000,0.0946843488,-19.8837132445,3.440,1.000000,47.9410743608,2,0.3254442892
8.458422,3.1373498338,3.0173402098,0.2856699091,0.0954477683,0.1194970879,0.1902221408,0.1149446266,0.5408843914,-2.6884486090,0.2737274435,0.5280049706,0.9584173827,0.0000000000,-0.0946843488,-0.0001915973,-0.0000000000,0.0019186885,1.0000000000,0.0946843488,-19.8837132445,3.839,1.000000,47.9410743608,2,0.3254442892
8.466840,3.1395122929,3.0158062290,0.2280681702,0.0729573935,0.1233142968,0.1551107767,0.1159722457,0.5143672870,-3.1820525274,0.2732879641,0.5280049706,0.9584173827,0.0000000000,-0.0946843488,-0.0001562321,-0.0000000000,0.0015514475,1.0000000000,0.0946843488,-19.8837132445,4.239,1.000000,47.9410743608,3,0.3254442892
8.475094,3.1411610980,3.0158062290,0.1714350282,0.0553202600,0.1250578099,0.1161147682,0.1170143942,0.4798615050,-4.1406938378,0.2719361485,0.5280049706,0.9591077756,0.0828471499,-0.0929229762,-0.0001169542,-0.0000000000,0.0011777954,1.0000000000,0.0946843488,-19.5138250015,4.638,1.000000,47.9410743608,5,0.3336419185
8.483426,3.1423509752,3.0158062290,0.1141445610,0.0395250687,0.1263325042,0.0746194922,0.1180671650,0.4419358556,-4.5510779236,0.2782322449,0.5282461337,0.9596999264,0.0710580989,-0.0873504705,-0.0000751589,-0.0000000000,0.0007898982,1.0000000000,0.0946843488,-18.3435987985,5.038,1.000000,47.9410743608,6,0.3395320509
8.491762,3.1430632945,3.0158062290,0.0567548359,0.0278839041,0.1271073344,0.0288709317,0.1191263928,0.3987705583,-5.1798356842,0.2814897431,0.5284520225,0.9601819510,0.0578429457,-0.0798156294,-0.0000290797,-0.0000000000,0.0003944754,1.0000000000,0.0946843488,-16.7612821752,5.437,1.000000,47.9410743608,5,0.3430522637
8.500089,3.1432970494,3.0158062290,-0.0006135798,0.0199629386,0.1273836232,-0.0205765183,0.1201879230,0.3509185388,-5.7422423414,0.2816964757,0.5286189672,0.9605501438,0.0441831352,-0.0706035776,0.0000207253,0.0000000000,-0.0000042709,1.0000000000,0.0946843488,-14.8267513055,5.837,1.000000,47.9410743608,5,0.3442722969
8.508430,3.1430522755,3.0158062290,-0.0580767384,0.0128692027,0.1271769414,-0.0709459411,0.1212477309,0.3011836683,-5.9681844539,0.2791789150,0.5287460916,0.9608133171,0.0315807946,-0.0605570511,0.0000714588,0.0000000000,-0.0004036359,1.0000000000,0.0946843488,-12.7169807225,6.236,1.000000,47.9410743608,5,0.3434652690
8.516761,3.1423294533,3.0158062290,-0.1154346497,0.0090207530,0.1264747846,-0.1244554026,0.1223016874,0.2473189762,-6.4637630573,0.2740977719,0.5288367460,0.9609806282,0.0200773330,-0.0494713314,0.0001253551,0.0000000000,-0.0007987206,1.0000000000,0.0946843488,-10.3889795977,6.636,1.000000,47.9410743608,6,0.3408731698
8.525122,3.1411238680,3.0158062290,-0.1729203162,0.0055742179,0.1252877066,-0.1784945341,0.1233457516,0.1919518062,-6.6440603916,0.2669824896,0.5288942879,0.9610700336,0.0107286574,-0.0381632997,0.0001797849,0.0000000000,-0.0011877321,1.0000000000,0.0946843488,-8.0142929450,7.036,1.000000,47.9410743608,7,0.3368769237
8.533505,3.1394331486,3.0158062290,-0.2304338724,0.0049920719,0.1236001131,-0.2354259443,0.1243757526,0.1326844668,-7.1120807334,0.2580245308,0.5289250073,0.9610993898,0.0035227383,-0.0263857031,0.0002371279,0.0000000000,-0.0015668022,1.0000000000,0.0946843488,-5.5409976541,6.636,1.000000,47.9410743608,7,0.3318347961
8.541760,3.1372976894,3.0158062290,-0.2869141470,0.0044707225,0.1214674535,-0.2913848695,0.1253879813,0.0734881868,-7.1035536030,0.2480146238,0.5289350896,0.9610919661,-0.0008908450,-0.0151215937,0.0002934914,0.0000000000,-0.0019264599,1.0000000000,0.0946843488,-3.1755346685,6.236,1.000000,47.9410743608,6,0.3261962277
8.550110,3.1346639647,3.0158062290,-0.3438511222,0.0040038205,0.1188362360,-0.3478549427,0.1263782833,0.0127690018,-7.2863022013,0.2372495397,0.5289325401,0.9610693867,-0.0027095304,-0.0041946798,0.0003503697,0.0000000000,-0.0022740402,1.0000000000,0.0946843488,-0.8808827618,5.837,1.000000,47.9410743608,4,0.3203737613
8.558413,3.1315749580,3.0158062290,-0.4002265404,0.0035856797,0.1157494746,-0.4038122201,0.1273428623,-0.0483674616,-7.3363755984,0.2262366068,0.5289247851,0.9610527048,-0.0020018286,0.0061256844,0.0004067316,0.0000000000,-0.0026014937,1.0000000000,0.0946843488,1.2863937244,5.437,1.000000,47.9410743608,4,0.3147668060
8.566821,3.1279707954,3.0158062290,-0.4570410620,0.0032112075,0.1121473229,-0.4602522696,0.1282774233,-0.1110398614,-7.5206879790,0.2151964971,0.5289190548,0.9610619759,0.0011125347,0.0160034352,0.0004635796,0.0000000000,-0.0029132498,1.0000000000,0.0946843488,3.3607214006,5.038,1.000000,47.9410743608,5,0.3097525822
8.575093,3.1239600564,3.0158062290,-0.5126252678,0.0028758436,0.1081383847,-0.5155011114,0.1291785765,-0.1733618731,-7.4786414109,0.2046323019,0.5289222395,0.9611150036,0.0063633235,0.0251612024,0.0005192279,0.0000000000,-0.0031995743,1.0000000000,0.0946843488,5.2838525022,4.638,1.000000,47.9410743608,7,0.3056582366
8.583426,3.1194559983,3.0158062290,-0.5682725880,0.0025755035,0.1036359394,-0.5708480915,0.1300422093,-0.2367991255,-7.6124702771,0.1946008919,0.5289404512,0.9612291475,0.0136972723,0.0338820805,0.0005749750,0.0000000000,-0.0034671802,1.0000000000,0.0946843488,7.1152369054,4.239,1.000000,47.9410743608,6,0.3027885406
8.591754,3.1144937053,3.0158062290,-0.6234890853,0.0023065296,0.0986750907,-0.6257956149,0.1308645017,-0.3007880736,-7.6786737800,0.1853416322,0.5289796281,0.9614204051,0.0229509070,0.0421584192,0.0006303198,0.0000000000,-0.0037137147,1.0000000000,0.0946843488,8.8532680365,3.839,1.000000,47.9410743608,3,0.3014004086
8.600186,3.1090019708,3.0158062290,-0.6789682177,0.0020656461,0.0931846497,-0.6810338638,0.1316410405,-0.3661646331,-7.8451871355,0.1768744063,0.5290451983,0.9617054028,0.0341997232,0.0501851872,0.0006859574,0.0000000000,-0.0039425093,1.0000000000,0.0946843488,10.5388893194,3.440,1.000000,47.9410743608,2,0.3017308605
8.608425,3.1031860944,3.0158062290,-0.7327161649,0.0018499194,0.0873699317,-0.7345660843,0.1323691233,-0.4305269583,-7.7234790226,0.1695574086,0.5291427337,0.9620968067,0.0469684777,0.0577735211,0.0007398766,0.0000000000,-0.0041464756,1.0000000000,0.0946843488,12.1324394234,3.040,1.000000,47.9410743608,1,0.3039079673
8.616761,3.0968529480,3.0158062290,-0.7865984658,0.0016567222,0.0810378227,-0.7882551880,0.1330444384,-0.4961257366,-7.8718533961,0.1631262655,0.5292763486,0.9626108196,0.0616815390,0.0652910074,0.0007939538,0.0000000000,-0.0043340582,1.0000000000,0.0946843488,13.7111115502,2.641,1.000000,47.9410743608,2,0.3080802507
8.625088,3.0900812872,3.0158062290,-0.8398772781,0.0014837016,0.0742670910,-0.8413609797,0.1336633309,-0.5620679433,-7.9130648059,0.1576795222,0.5294512272,0.9632626028,0.0782139900,0.0727284567,0.0008474435,0.0000000000,-0.0045036201,1.0000000000,0.0946843488,15.2729759167,2.241,1.000000,47.9410743608,3,0.3143308948
8.633505,3.0827870603,3.0158062290,-0.8931546215,0.0013287506,0.0669736962,-0.8944833721,0.1342214450,-0.6291246899,-8.0468095937,0.1530737861,0.5296720105,0.9640696522,0.0968459297,0.0802303218,0.0009009500,0.0000000000,-0.0046581606,0.9878465403,0.0946843488,16.8483675694,1.842,1.000000,47.9410743608,1,0.3227324862
8.641762,3.0751989644,3.0158062290,-0.9448078049,0.0011899819,0.0593863455,-0.9459977868,0.1347163312,-0.6952196010,-7.9313893343,0.1494895710,0.5299438861,0.9650456415,0.1171187154,0.0875714829,0.0009528368,0.0000000000,-0.0047944861,0.8559787933,0.0946843488,18.3900114130,1.442,1.000000,47.9410743608,2,0.3332541909
8.650093,3.0671123025,3.0158062290,-0.9962856267,0.0010657056,0.0513003509,-0.9973513322,0.1347163312,-0.7626319317,-8.0894796786,0.1465796713,0.5302704477,0.9650456415,0.0000000000,0.0946843488,0.0010045616,0.0000000000,-0.0049179665,0.6127079605,0.0946843488,19.8837132445,1.043,1.000000,47.9410743608,0,0.3332541909
8.658481,3.0585407673,3.0158062290,-1.0474208466,0.0009544081,0.0427294133,-1.0483752547,0.1347163312,-0.8306777363,-8.1654965506,0.1384649946,0.5302704477,0.9650456415,0.0000000000,0.0946843488,0.0010559544,0.0000000000,-0.0050292265,0.3224470813,0.0946843488,19.8837132445,0.643,1.000000,47.9410743608,0,0.3332541909
8.666837,3.0495781290,3.0158062290,-1.0976398136,0.0008547341,0.0337673103,-1.0984945476,0.1347163312,-0.8985957657,-8.1501635320,0.1305541944,0.5302704477,0.9650456415,0.0000000000,0.0946843488,0.0011064360,0.0000000000,-0.0051282408,0.0801968993,0.0946843488,19.8837132445,0.244,1.000000,47.9410743608,0,0.3332541909
8.675096,3.0403100456,3.0158062290,-1.1465336707,0.0007654695,0.0244997061,-1.1472991402,0.1347163312,-0.9658058201,-8.0652065268,0.1229355387,0.5302704477,0.9650456415,0.0000000000,0.0946843488,0.0011555935,0.0000000000,-0.0052156213,0.0000000000,0.0946843488,19.8837132445,-0.156,1.000000,47.9410743608,0,0.3332541909
8.683423,3.0305606052,3.0142722482,-1.1950458943,0.0006855273,0.0162846759,-1.1957314216,0.1347163312,-1.0305531516,-7.7696797870,0.1159129742,0.5302704477,0.9650456415,0.0000000000,0.0946843488,0.0012043759,0.0000000000,-0.0052942104,0.0000000000,0.0946843488,19.8837132445,-0.555,1.000000,47.9410743608,0,0.3332541909
8.691754,3.0204051885,3.0142722482,-1.2427650929,0.0006139340,0.0061296436,-1.2433790269,0.1347163312,-1.0983686510,-8.1378599229,0.1086903925,0.5302704477,0.9650456415,0.0000000000,0.0946843488,0.0012523680,0.0000000000,-0.0053642641,0.0000000000,0.0946843488,19.8837132445,-0.955,1.000000,47.9410743608,0,0.3332541909
8.700087,3.0098542364,3.0127382674,-1.2896395207,-0.0019546310,-0.0028735350,-1.2876848896,0.1346923851,-1.1605784385,-7.4651745010,0.1024370856,0.5302704477,0.9650456415,0.0000000000,0.0946843488,0.0012969941,0.0000000000,-0.0054266477,0.0000000000,0.0946843488,19.8837132445,-1.354,1.000000,47.9410743608,0,0.3332541909
8.708431,2.9989001966,3.0112042866,-1.3356965071,-0.0042549468,-0.0122812418,-1.3314415603,0.1345900414,-1.2231197308,-7.5049550737,0.0963726871,0.5302704477,0.9650456415,0.0000000000,0.0946843488,0.0013410671,0.0000000000,-0.0054822493,0.0000000000,0.0946843488,19.8837132445,-1.754,1.000000,47.9410743608,0,0.3332541909
8.716763,2.9875820371,3.0096703058,-1.3807720990,-0.0088194765,-0.0220409098,-1.3719526226,0.1344063672,-1.2831946056,-7.2089849722,0.0908191818,0.5302704477,0.9650456415,0.0000000000,0.0946843488,0.0013818711,0.0000000000,-0.0055316557,0.0000000000,0.0946843488,19.8837132445,-2.153,1.000000,47.9410743608,-2,0.3332541909
8.725098,2.9758894877,3.0081363250,-1.4249115527,-0.0154117559,-0.0321640792,-1.4094997967,0.1341383332,-1.3411106887,-6.9499299767,0.0857206180,0.5302704477,0.9650456415,0.0000000000,0.0946843488,0.0014196897,0.0000000000,-0.0055756332,0.0512681916,0.0946843488,19.8837132445,-2.553,1.000000,47.9410743608,-1,0.3332541909
8.733447,2.9638119600,3.0050683635,-1.4681479356,-0.0238200161,-0.0411284945,-1.4443279194,0.1337955957,-1.3940800962,-6.3563289010,0.0813643388,0.5302704477,0.9650456415,0.0000000000,0.0946843488,0.0014547696,0.0000000000,-0.0056148384,0.2716932316,0.0946843488,19.8837132445,-2.952,1.000000,47.9410743608,-3,0.3332541909
8.741760,2.9514319402,3.0004664211,-1.5101947870,-0.0338546043,-0.0488526882,-1.4763401827,0.1333884900,-1.4418340344,-5.7304725790,0.0777125614,0.5302704477,0.9650456415,0.0000000000,0.0946843488,0.0014870133,0.0000000000,-0.0056495934,0.5294166037,0.0946843488,19.8837132445,-3.352,1.000000,47.9410743608,-2,0.3332541909
8.750093,2.9386748794,2.9943304980,-1.5513114592,-0.0478501226,-0.0553986726,-1.5034613366,0.1329268344,-1.4824107283,-4.8692032746,0.0749207633,0.5302704477,0.9650456415,0.0000000000,0.0946843488,0.0015143305,0.0000000000,-0.0056806280,0.7447016713,0.0946843488,19.8837132445,-3.751,1.000000,47.9410743608,-2,0.3332541909
8.758421,2.9255876920,2.9897285556,-1.5913407867,-0.0678973580,-0.0637762678,-1.5234434287,0.1323953655,-1.5195547789,-4.4572860689,0.0725459997,0.5302704477,0.9650456415,0.0000000000,0.0946843488,0.0015344571,0.0000000000,-0.0057082654,0.9478700592,0.0946843488,19.8837132445,-4.151,1.000000,47.9410743608,-4,0.3332541909
8.766838,2.9120276813,2.9820586516,-1.6306877198,-0.0933642966,-0.0695296221,-1.5373234232,0.1318159520,-1.5454322650,-3.1052983316,0.0713738726,0.5302704477,0.9650456415,0.0000000000,0.0946843488,0.0015484374,0.0000000000,-0.0057331530,0.9998738596,0.0946843488,19.8837132445,-4.550,1.000000,47.9410743608,-3,0.3332541909
8.775094,2.8984091445,2.9743887477,-1.6681767000,-0.1261893778,-0.0753019906,-1.5419873222,0.1311884354,-1.5621788500,-2.0095902020,0.0711092448,0.5302704477,0.9650456415,0.0000000000,0.0946843488,0.0015531350,0.0000000000,-0.0057549289,1.0000000000,0.0946843488,19.8837132445,-4.950,1.000000,47.9410743608,-4,0.3332541909
8.783428,2.8843532496,2.9636508822,-1.7048803722,-0.1656041504,-0.0784083703,-1.5392762218,0.1305350323,-1.5662813071,-0.4922948489,0.0721531506,0.5302704477,0.9650456415,0.0000000000,0.0946843488,0.0015504043,0.0000000000,-0.0057745592,1.0000000000,0.0946843488,19.8837132445,-5.349,1.000000,47.9410743608,-5,0.3332541909
8.791756,2.8700062550,2.9529130167,-1.7403915736,-0.2134248655,-0.0817607112,-1.5269667081,0.1298536930,-1.5613013765,0.5975916733,0.0741656927,0.5302704477,0.9650456415,0.0000000000,0.0946843488,0.0015380058,0.0000000000,-0.0057920803,1.0000000000,0.0946843488,19.8837132445,-5.749,1.000000,47.9410743608,-5,0.3332541909
8.800176,2.8552045184,2.9406411704,-1.7750854022,-0.2687736445,-0.0839933893,-1.5063117577,0.1291537481,-1.5457707047,1.8636806148,0.0773904662,0.5302704477,0.9650456415,0.0000000000,0.0946843488,0.0015172015,0.0000000000,-0.0058079037,1.0000000000,0.0946843488,19.8837132445,-6.148,1.000000,47.9410743608,-6,0.3332541909
8.808428,2.8404206066,2.9283693241,-1.8078799138,-0.3308642907,-0.0861720400,-1.4770156232,0.1284356478,-1.5215094525,2.9113502644,0.0816830667,0.5302704477,0.9650456415,0.0000000000,0.0946843488,0.0014876936,0.0000000000,-0.0058217689,1.0000000000,0.0946843488,19.8837132445,-6.548,1.000000,47.9410743608,-6,0.3332541909
8.816762,2.8252201289,2.9130295162,-1.8397673442,-0.3989927139,-0.0856668732,-1.4407746304,0.1277217572,-1.4849691297,4.3848387384,0.0876445530,0.5302704477,0.9650456415,0.0000000000,0.0946843488,0.0014511906,0.0000000000,-0.0058343038,1.0000000000,0.0946843488,19.8837132445,-6.947,1.000000,47.9410743608,-7,0.3332541909
8.825086,2.8097780177,2.8992236891,-1.8703573986,-0.4750328046,-0.0868948367,-1.3953245940,0.1269976335,-1.4426718502,5.0756735392,0.0946428706,0.5302704477,0.9650456415,0.0000000000,0.0946843488,0.0014054120,0.0000000000,-0.0058455102,1.0000000000,0.0946843488,19.8837132445,-7.347,1.000000,47.9410743608,-6,0.3332541909
8.833511,2.7938931578,2.8823499004,-1.9000190451,-0.5556538556,-0.0854729884,-1.3443651895,0.1262853586,-1.3895909929,6.3697028743,0.1035336945,0.5302704477,0.9650456415,0.0000000000,0.0946843488,0.0013540842,0.0000000000,-0.0058556611,1.0000000000,0.0946843488,19.8837132445,-7.746,1.000000,47.9410743608,-6,0.3332541909
8.841764,2.7780969579,2.8654761118,-1.9277823002,-0.6403774523,-0.0839404503,-1.2874048479,0.1255858549,-1.3302767756,7.1177060709,0.1138542246,0.5302704477,0.9650456415,0.0000000000,0.0946843488,0.0012967121,0.0000000000,-0.0058645641,1.0000000000,0.0946843488,19.8837132445,-8.146,1.000000,47.9410743608,-7,0.3332541909
8.850096,2.7619234363,2.8486023231,-1.9544953631,-0.7312795917,-0.0827520562,-1.2232157713,0.1248962544,-1.2644075282,7.9043096906,0.1258748543,0.5302704477,0.9650456415,0.0000000000,0.0946843488,0.0012320589,0.0000000000,-0.0058726170,1.0000000000,0.0946843488,19.8837132445,-8.545,1.000000,47.9410743608,-6,0.3332541909
8.858429,2.7455299127,2.8301945536,-1.9798740048,-0.8227061180,-0.0802468675,-1.1571678868,0.1242275305,-1.1940437335,8.4436553630,0.1394893859,0.5302704477,0.9650456415,0.0000000000,0.0946843488,0.0011655336,0.0000000000,-0.0058798283,1.0000000000,0.0946843488,19.8837132445,-8.945,1.000000,47.9410743608,-9,0.3332541909
8.866786,2.7288818262,2.8102528034,-2.0039639313,-0.9171067150,-0.0764462908,-1.0868572163,0.1235904781,-1.1168132825,9.2676541267,0.1552497024,0.5302704477,0.9650456415,0.0000000000,0.0946843488,0.0010947146,0.0000000000,-0.0058862989,1.0000000000,0.0946843488,19.8837132445,-9.344,1.000000,47.9410743608,-10,0.3332541909
8.875097,2.7121318087,2.7903110532,-2.0265508026,-1.0141707843,-0.0727333427,-1.0123800183,0.1229843669,-1.0355598250,9.7504148959,0.1727664819,0.5302704477,0.9650456415,0.0000000000,0.0946843488,0.0010196990,0.0000000000,-0.0058920518,1.0000000000,0.0946843488,19.8837132445,-9.744,1.000000,47.9410743608,-9,0.3332541909
8.883429,2.6951583133,2.7703693029,-2.0478061579,-1.1136201649,-0.0692310639,-0.9341859930,0.1224074414,-0.9509791507,10.1496809172,0.1919946508,0.5302704477,0.9650456415,0.0000000000,0.0946843488,0.0009409396,0.0000000000,-0.0058972018,0.9994708106,0.0946843488,19.8837132445,-10.143,1.000000,47.9410743608,-10,0.3332541909
8.891758,2.6780180457,2.7473595911,-2.0676537238,-1.2127012972,-0.0628295730,-0.8549524266,0.1218838616,-0.8595484987,10.9716782323,0.2138753498,0.5302704477,0.9650456415,0.0000000000,0.0946843488,0.0008611332,0.0000000000,-0.0059017904,0.9313498552,0.0946843488,19.8837132445,-10.543,1.000000,47.9410743608,-10,0.3332541909
8.900134,2.6606195277,2.7243498793,-2.0861863760,-1.3164615364,-0.0566612067,-0.7697248397,0.1214116849,-0.7625361257,11.6414847622,0.2380267013,0.5302704477,0.9650456415,0.0000000000,0.0946843488,0.0007752895,0.0000000000,-0.0059058914,0.7822073782,0.0946843488,19.8837132445,-10.942,1.000000,47.9410743608,-11,0.3332541909
8.908615,2.6428525174,2.6998061867,-2.1034779083,-1.4219077692,-0.0493182984,-0.6815701391,0.1210006990,-0.6602036615,12.2798957099,0.2645372101,0.5302704477,0.9650456415,0.0000000000,0.0946843488,0.0006864975,0.0000000000,-0.0059095644,0.5453826187,0.0946843488,19.8837132445,-11.342,1.000000,47.9410743608,-11,0.3332541909
8.916763,2.6256514288,2.6767964749,-2.1186837883,-1.5238550212,-0.0429622381,-0.5948287671,0.1206426804,-0.5611921776,11.8813780669,0.2909140745,0.5302704477,0.9650456415,0.0000000000,0.0946843488,0.0005991290,0.0000000000,-0.0059126766,0.3300047979,0.0946843488,19.8837132445,-11.741,1.000000,47.9410743608,-9,0.3332541909
8.925095,2.6079383079,2.6507188015,-2.1327986412,-1.6276776070,-0.0340401783,-0.5051210342,0.1203590122,-0.4540449447,12.8576679513,0.3200836465,0.5302704477,0.9650456415,0.0000000000,0.0946843488,0.0005087728,0.0000000000,-0.0059154702,0.0856630522,0.0946843488,19.8837132445,-12.141,1.000000,47.9410743608,-12,0.3332541909
8.933426,2.5901157291,2.6246411281,-2.1454507976,-1.7306752268,-0.0252320064,-0.4147755708,0.1201487455,-0.3464137851,12.9157391447,0.3496295722,0.5302704477,0.9654688159,0.0507809189,0.0764922100,0.0004177742,0.0000000000,-0.0059178988,0.0000000000,0.0946843488,16.0633641055,-12.540,1.000000,47.9410743608,-11,0.3364478167
8.941755,2.5721988488,2.5985634547,-2.1566304065,-1.8329340362,-0.0165221032,-0.3236963703,0.1200110613,-0.2381724801,12.9889565966,0.3828732920,0.5304112810,0.9656708814,0.0242478615,0.0549547625,0.0003260365,0.0000000000,-0.0059199870,0.0000000000,0.0946843488,11.5405001315,-12.141,1.000000,47.9410743608,-13,0.3351246360
8.950080,2.5542044651,2.5694178197,-2.1663288289,-1.9345311933,-0.0048252947,-0.2317976356,0.1199708505,-0.1230835338,13.8106735624,0.4123873987,0.5304783666,0.9657095935,0.0046454535,0.0274683394,0.0002334734,0.0000000000,-0.0059217558,0.0000000000,0.0946843488,5.7683512692,-11.741,1.000000,47.9410743608,-11,0.3304886282
8.958420,2.5361024077,2.5433401463,-2.1745593479,-2.0355357980,0.0036926965,-0.1390235499,0.1200016230,-0.0133623742,13.1665391449,0.4341943974,0.5304912071,0.9656845144,-0.0030094884,-0.0021436127,0.0001400286,0.0000000000,-0.0059232263,0.0000000000,0.0946843488,-0.4501586738,-11.342,1.000000,47.9410743608,-12,0.3245978598
8.966758,2.5179413243,2.5126605306,-2.1812961091,-2.1360097339,0.0167507546,-0.0452863753,0.1201412126,0.1064457459,14.3769744122,0.4545985108,0.5304828890,0.9657109295,0.0031698134,-0.0371848146,0.0000456138,0.0000000000,-0.0059244095,0.0000000000,0.0946843488,-7.8088110755,-10.942,1.000000,47.9410743608,-10,0.3199484783
8.975091,2.4997414413,2.4865828572,-2.1865334215,-2.2360084215,0.0251655187,0.0494750000,0.1203509253,0.2181256297,13.4015860609,0.4707682943,0.5304916501,0.9659109637,0.0240040958,-0.0718553856,-0.0000498327,-0.0000000000,-0.0059253168,0.0000000000,0.0946843488,-15.0896309777,-10.543,1.000000,47.9410743608,-11,0.3193167408
8.983424,2.4815042354,2.4589712030,-2.1902722536,-2.3330770451,0.0350612068,0.1428047915,0.1206431020,0.3313963582,13.5924874219,0.4904686560,0.5305579374,0.9659109637,0.0000000000,-0.0946843488,-0.0001438372,-0.0000000000,-0.0059259579,0.1074244368,0.0946843488,-19.8837132445,-10.143,1.000000,47.9410743608,-11,0.3193167408
8.991760,2.4632365242,2.4313595488,-2.1925105249,-2.4250171589,0.0448988504,0.2325066339,0.1210172591,0.4410046982,13.1530007969,0.5075856148,0.5305579374,0.9659109637,0.0000000000,-0.0946843488,-0.0002341875,-0.0000000000,-0.0059263390,0.3942244257,0.0946843488,-19.8837132445,-9.744,1.000000,47.9410743608,-10,0.3193167408
9.000095,2.4449578817,2.4006799330,-2.1932453256,-2.5148688095,0.0577823098,0.3216234839,0.1214987783,0.5561829000,13.8213842237,0.5227279782,0.5305579374,0.9659109637,0.0000000000,-0.0946843488,-0.0003239486,-0.0000000000,-0.0059264637,0.8138483545,0.0946843488,-19.8837132445,-9.344,1.000000,47.9410743608,-10,0.3193167408
9.008425,2.4266901839,2.3730682789,-2.1924772893,-2.6003456582,0.0675852603,0.4078683689,0.1220619888,0.6624517979,12.7522677426,0.5326298108,0.5305579374,0.9659109637,0.0000000000,-0.0946843488,-0.0004108170,-0.0000000000,-0.0059263334,0.9924448889,0.0946843488,-19.8837132445,-8.945,1.000000,47.9410743608,-9,0.3193167408
9.016761,2.4084208600,2.3423886631,-2.1902054569,-2.6819045894,0.0804335080,0.4916991325,0.1227322681,0.7724601096,13.2009974035,0.5402050698,0.5305579374,0.9659109637,0.0000000000,-0.0946843488,-0.0004952538,-0.0000000000,-0.0059259464,1.0000000000,0.0946843488,-19.8837132445,-8.545,1.000000,47.9410743608,-9,0.3193167408
9.025091,2.3901921640,2.3132430281,-2.1864352278,-2.7574503241,0.0917561130,0.5710150963,0.1234969024,0.8750167337,12.3067948916,0.5437765907,0.5305579374,0.9659109637,0.0000000000,-0.0946843488,-0.0005751432,-0.0000000000,-0.0059252999,1.0000000000,0.0946843488,-19.8837132445,-8.146,1.000000,47.9410743608,-9,0.3193167408
9.033426,2.3719893157,2.2856313739,-2.1811639919,-2.8276108533,0.1015416674,0.6464468614,0.1243430829,0.9707169856,11.4840302237,0.5438757103,0.5305579374,0.9659109637,0.0000000000,-0.0946843488,-0.0006511203,-0.0000000000,-0.0059243864,1.0000000000,0.0946843488,-19.8837132445,-7.746,1.000000,47.9410743608,-8,0.3193167408
9.041760,2.3538370010,2.2564857390,-2.1743974742,-2.8904441349,0.1128723903,0.7160466608,0.1252836862,1.0637470814,11.1636115010,0.5422650983,0.5305579374,0.9659109637,0.0000000000,-0.0946843488,-0.0007212233,-0.0000000000,-0.0059231976,1.0000000000,0.0946843488,-19.8837132445,-7.347,1.000000,47.9410743608,-9,0.3193167408
9.050098,2.3357401579,2.2288740848,-2.1661366625,-2.9467153935,0.1226893672,0.7805787309,0.1263060976,1.1487838153,10.2044080708,0.5384755441,0.5305579374,0.9659109637,0.0000000000,-0.0946843488,-0.0007862219,-0.0000000000,-0.0059217211,1.0000000000,0.0946843488,-19.8837132445,-6.947,1.000000,47.9410743608,-6,0.3193167408
9.058432,2.3177283008,2.2043303922,-2.1563953844,-2.9971099369,0.1294918117,0.8407145525,0.1273851960,1.2234933357,8.9651424402,0.5327547314,0.5305579374,0.9659109637,0.0000000000,-0.0946843488,-0.0008467924,-0.0000000000,-0.0059199437,1.0000000000,0.0946843488,-19.8837132445,-6.548,1.000000,47.9410743608,-6,0.3193167408
9.066749,2.2998384624,2.1782527188,-2.1451993634,-3.0397370542,0.1379085461,0.8945376907,0.1285344339,1.2951653132,8.6006373076,0.5269568377,0.5305579374,0.9659109637,0.0000000000,-0.0946843488,-0.0009010047,-0.0000000000,-0.0059178512,1.0000000000,0.0946843488,-19.8837132445,-6.148,1.000000,47.9410743608,-8,0.3193167408
9.075102,2.2819731646,2.1506410646,-2.1324823941,-3.0754079400,0.1478464482,0.9429255459,0.1297664876,1.3645047075,8.3207273098,0.5211289273,0.5305579374,0.9659109637,0.0000000000,-0.0946843488,-0.0009497424,-0.0000000000,-0.0059154086,1.0000000000,0.0946843488,-19.8837132445,-5.749,1.000000,47.9410743608,-5,0.3193167408
9.083419,2.2642940888,2.1276313528,-2.1183595245,-3.1023446232,0.1533217291,0.9839850987,0.1310441687,1.4176980242,6.3831980107,0.5156257937,0.5305579374,0.9659109637,0.0000000000,-0.0946843488,-0.0009910988,-0.0000000000,-0.0059126113,1.0000000000,0.0946843488,-19.8837132445,-5.349,1.000000,47.9410743608,-7,0.3193167408
9.091869,2.2464589250,2.1015536794,-2.1025297905,-3.1214592643,0.1616668806,1.0189294738,0.1323913927,1.4705442991,6.3415529874,0.5112321846,0.5305579374,0.9659109637,0.0000000000,-0.0946843488,-0.0010262958,-0.0000000000,-0.0059093668,1.0000000000,0.0946843488,-19.8837132445,-4.950,1.000000,47.9410743608,-5,0.3193167408
9.100235,2.2289403525,2.0770099868,-2.0853990734,-3.1310643133,0.1687435780,1.0456652399,0.1337975892,1.5127209649,5.0611998896,0.5084610361,0.5305579374,0.9659109637,0.0000000000,-0.0946843488,-0.0010532248,-0.0000000000,-0.0059057207,1.0000000000,0.0946843488,-19.8837132445,-4.550,1.000000,47.9410743608,-6,0.3193167408
9.108522,2.2117332248,2.0555342558,-2.0670087377,-3.1321529090,0.1730180268,1.0651441713,0.1352394061,1.5421106537,3.5267626574,0.5074072275,0.5305579374,0.9659109637,0.0000000000,-0.0946843488,-0.0010728446,-0.0000000000,-0.0059016446,1.0000000000,0.0946843488,-19.8837132445,-4.151,1.000000,47.9410743608,-4,0.3193167408
9.116749,2.1948085209,2.0355925055,-2.0473673199,-3.1256144711,0.1759999631,1.0782471512,0.1367060724,1.5625819638,2.4565572203,0.5081078492,0.5305579374,0.9659109637,0.0000000000,-0.0946843488,-0.0010860423,-0.0000000000,-0.0058970979,1.0000000000,0.0946843488,-19.8837132445,-3.751,1.000000,47.9410743608,-3,0.3193167408
9.125086,2.1778275875,2.0141167745,-2.0260675851,-3.1097410839,0.1804095237,1.0836734987,0.1382094851,1.5782481373,1.8799408136,0.5112414893,0.5305579374,0.9659109637,0.0000000000,-0.0946843488,-0.0010915078,-0.0000000000,-0.0058919318,1.0000000000,0.0946843488,-19.8837132445,-3.352,1.000000,47.9410743608,-3,0.3193167408
9.133455,2.1609655548,1.9972429858,-2.0032878207,-3.0855076471,0.1802911507,1.0822198265,0.1397119114,1.5780408423,-0.0248753989,0.5168325077,0.5305579374,0.9659109637,0.0000000000,-0.0946843488,-0.0010900437,-0.0000000000,-0.0058861221,1.0000000000,0.0946843488,-19.8837132445,-2.952,1.000000,47.9410743608,-2,0.3193167408
9.141762,2.1444238951,1.9788352164,-1.9793091693,-3.0537872465,0.1819869281,1.0744780772,0.1412284691,1.5751623071,-0.3454242248,0.5245040152,0.5305579374,0.9659109637,0.0000000000,-0.0946843488,-0.0010822459,-0.0000000000,-0.0058796722,1.0000000000,0.0946843488,-19.8837132445,-2.553,1.000000,47.9410743608,-4,0.3193167408
9.150094,2.1280360041,1.9619614277,-1.9539010004,-3.0128573381,0.1822530400,1.0589563377,0.1427472444,1.5616666528,-1.6194785209,0.5350685541,0.5305579374,0.9659109637,0.0000000000,-0.0946843488,-0.0010666120,-0.0000000000,-0.0058724431,1.0000000000,0.0946843488,-19.8837132445,-2.153,1.000000,47.9410743608,-4,0.3193167408
9.158426,2.1118662044,1.9481556006,-1.9271552964,-2.9636797211,0.1796249930,1.0365244248,0.1442441194,1.5354914306,-3.1410266542,0.5483279768,0.5305579374,0.9659109637,0.0000000000,-0.0946843488,-0.0010440179,-0.0000000000,-0.0058643691,1.0000000000,0.0946843488,-19.8837132445,-1.754,1.000000,47.9410743608,-1,0.3193167408
9.166760,2.0959225892,1.9343497735,-1.8990852172,-2.9046113004,0.1771700189,1.0055260831,0.1457205362,1.5010733297,-4.1301721120,0.5647484782,0.5305579374,0.9659109637,0.0000000000,-0.0946843488,-0.0010127955,-0.0000000000,-0.0058553518,1.0000000000,0.0946843488,-19.8837132445,-1.354,1.000000,47.9410743608,-1,0.3193167408
9.175176,2.0800638484,1.9220779272,-1.8694159112,-2.8391894750,0.1732318218,0.9697735638,0.1471641347,1.4589230099,-5.0580383820,0.5830008580,0.5305579374,0.9659109637,0.0000000000,-0.0946843488,-0.0009767845,-0.0000000000,-0.0058451768,1.0000000000,0.0946843488,-19.8837132445,-0.955,1.000000,47.9410743608,-1,0.3193167408
9.183428,2.0647611899,1.9098060809,-1.8390544410,-2.7655733173,0.1698057050,0.9265188762,0.1485791823,1.4102593606,-5.8396379148,0.6037435932,0.5305579374,0.9659109637,0.0000000000,-0.0946843488,-0.0009332171,-0.0000000000,-0.0058340333,1.0000000000,0.0946843488,-19.8837132445,-0.555,1.000000,47.9410743608,-1,0.3193167408
9.191759,2.0495721579,1.9006021962,-1.8071501516,-2.6846186062,0.1633858466,0.8774684546,0.1499407310,1.3498016537,-7.2549248194,0.6263278455,0.5305579374,0.9659109637,0.0000000000,-0.0946843488,-0.0008838121,-0.0000000000,-0.0058214714,1.0000000000,0.0946843488,-19.8837132445,-0.156,1.000000,47.9410743608,-1,0.3193167408
9.200087,2.0346593149,1.8913983115,-1.7740199733,-2.5995961954,0.1572203342,0.8255762222,0.1512509004,1.2869566051,-7.5414058368,0.6493762742,0.5305579374,0.9659109637,0.0000000000,-0.0946843488,-0.0008315447,-0.0000000000,-0.0058074359,1.0000000000,0.0946843488,-19.8837132445,0.244,1.000000,47.9410743608,-1,0.3193167408
9.208418,2.0200216225,1.8852623883,-1.7396614652,-2.5059220001,0.1482155527,0.7662605348,0.1524860301,1.2109753199,-9.1177542265,0.6738931569,0.5305579374,0.9659109637,0.0000000000,-0.0946843488,-0.0007718002,-0.0000000000,-0.0057917339,1.0000000000,0.0946843488,-19.8837132445,0.643,1.000000,47.9410743608,-2,0.3193167408
9.216756,2.0056644638,1.8806604459,-1.7040840112,-2.4044995733,0.1379157175,0.7004155621,0.1536353277,1.1258081382,-10.2200617999,0.6989006552,0.5305579374,0.9659109637,0.0000000000,-0.0946843488,-0.0007054792,-0.0000000000,-0.0057741501,1.0000000000,0.0946843488,-19.8837132445,1.043,1.000000,47.9410743608,-2,0.3193167408
9.225094,1.9916089829,1.8791264652,-1.6673378748,-2.2936336567,0.1247988887,0.6262957819,0.1546753184,1.0266638178,-11.8973184449,0.7236541378,0.5305579374,0.9659109637,0.0000000000,-0.0946843488,-0.0006308235,-0.0000000000,-0.0057544612,1.0000000000,0.0946843488,-19.8837132445,1.442,1.000000,47.9410743608,0,0.3193167408
9.233425,1.9778749799,1.8806604459,-1.6294770832,-2.1768149341,0.1089036108,0.5473378509,0.1555828485,0.9170327342,-13.1557300373,0.7457356931,0.5305579374,0.9659109637,0.0000000000,-0.0946843488,-0.0005512948,-0.0000000000,-0.0057324191,1.0000000000,0.0946843488,-19.8837132445,1.842,1.000000,47.9410743608,0,0.3193167408
9.241760,1.9644552988,1.8806604459,-1.5904828827,-2.0521606411,0.0948145602,0.4616777584,0.1563729699,0.8041708856,-13.5434218305,0.7654720457,0.5305579374,0.9659109637,0.0000000000,-0.0946843488,-0.0004650154,-0.0000000000,-0.0057076983,1.0000000000,0.0946843488,-19.8837132445,2.241,1.000000,47.9410743608,2,0.3193167408
9.250174,1.9512426380,1.8837284075,-1.5500129161,-1.9154801920,0.0777999901,0.3654672759,0.1570213031,0.6748087552,-15.5234556513,0.7805116992,0.5305579374,0.9659109637,0.0000000000,-0.0946843488,-0.0003681094,-0.0000000000,-0.0056796901,1.0000000000,0.0946843488,-19.8837132445,2.641,1.000000,47.9410743608,1,0.3193167408
9.258427,1.9386178509,1.8867963691,-1.5092646523,-1.7730384411,0.0613423567,0.2637737888,0.1575324894,0.5409344629,-16.0649150713,0.7892011786,0.5305579374,0.9659109637,0.0000000000,-0.0946843488,-0.0002656807,-0.0000000000,-0.0056488585,0.9015664444,0.0946843488,-19.8837132445,3.040,1.000000,47.9410743608,3,0.3193167408
9.266758,1.9262176737,1.8913983115,-1.4670973785,-1.6254370726,0.0435476462,0.1583396942,0.1578953865,0.4005179075,-16.8499866444,0.7894790979,0.5305579374,0.9659109637,0.0000000000,-0.0946843488,-0.0001594844,-0.0000000000,-0.0056139287,0.3491778139,0.0946843488,-19.8837132445,3.440,1.000000,47.9410743608,2,0.3193167408
9.275088,1.9141768893,1.8975342346,-1.4239391256,-1.4707104852,0.0245400867,0.0467713596,0.1580998872,0.2514022075,-17.8938840099,0.7800650672,0.5305579374,0.9659109637,0.0000000000,-0.0946843488,-0.0000471095,-0.0000000000,-0.0055747086,0.0000000000,0.0946843488,-19.8837132445,3.839,1.000000,47.9410743608,2,0.3193167408
9.283504,1.9023803056,1.9036701578,-1.3793425027,-1.3171161498,0.0057828079,-0.0622263528,0.1581480773,0.1052000570,-17.5442580556,0.7620966910,0.5305579374,0.9659643826,0.0064102682,-0.0535920358,0.0000626762,0.0000000000,-0.0055301606,0.0000000000,0.0946843488,-11.2543275271,4.239,1.000000,47.9410743608,3,0.3155280620
9.291760,1.8911750084,1.9113400617,-1.3346502590,-1.1620313708,-0.0139251687,-0.1726188882,0.1580320342,-0.0444469440,-17.9576401191,0.7260986806,0.5305756220,0.9659519370,-0.0014934630,0.0139768153,0.0001738668,0.0000000000,-0.0054810454,0.0000000000,0.0946843488,2.9351312157,3.839,1.000000,47.9410743608,4,0.3102180392
9.300097,1.8802398792,1.9205439464,-1.2886162628,-1.0056118033,-0.0349041256,-0.2830044594,0.1577411665,-0.1967835334,-18.2803907242,0.6789656498,0.5305715025,0.9661769637,0.0270032008,0.0758299111,0.0002850504,0.0000000000,-0.0054253501,0.1039458936,0.0946843488,15.9242813240,3.440,1.000000,47.9410743608,2,0.3108346683
9.308426,1.8697015813,1.9297478312,-1.2417412433,-0.8530057437,-0.0554657733,-0.3887354996,0.1572789517,-0.3438057724,-17.6426686884,0.6415073309,0.5306459251,0.9661769637,0.0000000000,0.0946843488,0.0003915458,0.0000000000,-0.0053628323,0.7467404645,0.0946843488,19.8837132445,3.040,1.000000,47.9410743608,2,0.3108346683
9.316847,1.8594481066,1.9404856967,-1.1934875017,-0.7038149264,-0.0772582395,-0.4896725753,0.1566351330,-0.4886575228,-17.3822100398,0.5977298381,0.5306459251,0.9661769637,0.0000000000,0.0946843488,0.0004932126,0.0000000000,-0.0052918047,1.0000000000,0.0946843488,19.8837132445,2.641,1.000000,47.9410743608,2,0.3108346683
9.325093,1.8498033225,1.9512235622,-1.1454192403,-0.5551782305,-0.0984390395,-0.5902410099,0.1558148077,-0.6320999071,-17.2130861156,0.5512764552,0.5306459251,0.9661769637,0.0000000000,0.0946843488,0.0005945081,0.0000000000,-0.0052137236,1.0000000000,0.0946843488,19.8837132445,2.241,1.000000,47.9410743608,2,0.3108346683
9.333425,1.8404653993,1.9619614277,-1.0960773650,-0.4095422346,-0.1192968655,-0.6865351305,0.1548206672,-0.7707979412,-16.6437641025,0.5046354003,0.5306459251,0.9661769637,0.0000000000,0.0946843488,0.0006914984,0.0000000000,-0.0051253055,1.0000000000,0.0946843488,19.8837132445,1.842,1.000000,47.9410743608,2,0.3108346683
9.341754,1.8315443101,1.9742332740,-1.0459996750,-0.2665935592,-0.1412574078,-0.7794061159,0.1536435221,-0.9084432865,-16.5174414333,0.4574607053,0.5306459251,0.9661769637,0.0000000000,0.0946843488,0.0007850408,0.0000000000,-0.0050262804,1.0000000000,0.0946843488,19.8837132445,1.442,1.000000,47.9410743608,1,0.3108346683
9.350174,1.8229525783,1.9880391011,-0.9946458280,-0.1285560012,-0.1643962019,-0.8660898268,0.1522735537,-1.0424314983,-16.0785854097,0.4117608984,0.5306459251,0.9661769637,0.0000000000,0.0946843488,0.0008723512,0.0000000000,-0.0049142151,1.0000000000,0.0946843488,19.8837132445,1.043,1.000000,47.9410743608,1,0.3108346683
9.358427,1.8149534449,2.0003109474,-0.9436331608,0.0050833341,-0.1853847991,-0.9487164949,0.1507286804,-1.1682648413,-15.1000011583,0.3700436117,0.5306459251,0.9661769637,0.0000000000,0.0946843488,0.0009555752,0.0000000000,-0.0047915274,1.0000000000,0.0946843488,19.8837132445,0.643,1.000000,47.9410743608,1,0.3108346683
9.366761,1.8073060810,2.0125827937,-0.8914785581,0.1347837772,-0.2060004757,-1.0262623353,0.1490120098,-1.2884461367,-14.4217554575,0.3316792221,0.5306459251,0.9661769637,0.0000000000,0.0946843488,0.0010336816,0.0000000000,-0.0046535190,1.0000000000,0.0946843488,19.8837132445,0.244,1.000000,47.9410743608,1,0.3108346683
9.375088,1.8001021264,2.0263886208,-0.8387597951,0.2584522397,-0.2276743331,-1.0972120348,0.1471147237,-1.4043109342,-13.9037756988,0.2963301530,0.5306459251,0.9661769637,0.0000000000,0.0946843488,0.0011051443,0.0000000000,-0.0045002208,1.0000000000,0.0946843488,19.8837132445,-0.156,1.000000,47.9410743608,2,0.3108346683
9.383504,1.7932688488,2.0371264863,-0.7848877374,0.3767186742,-0.2458805443,-1.1616064116,0.1450657191,-1.5068832652,-12.3086797222,0.2669414048,0.5306459251,0.9661769637,0.0000000000,0.0946843488,0.0011700042,0.0000000000,-0.0043283556,1.0000000000,0.0946843488,19.8837132445,-0.555,1.000000,47.9410743608,13,0.3108346683
9.391761,1.7870082621,2.0478643518,-0.7315061060,0.4851383470,-0.2634611892,-1.2166444530,0.1428702092,-1.5990013478,-11.0541699097,0.2420205997,0.5306459251,0.9661769637,0.0000000000,0.0946843488,0.0012254401,0.0000000000,-0.0041420712,1.0000000000,0.0946843488,19.8837132445,-0.955,1.000000,47.9410743608,5,0.3108346683
9.400099,1.7811356237,2.0570682366,-0.6771014810,0.5847396093,-0.2790725519,-1.2618410903,0.1405446046,-1.6774953115,-9.4192756435,0.2220908864,0.5306459251,0.9661769637,0.0000000000,0.0946843488,0.0012709635,0.0000000000,-0.0039351153,1.0000000000,0.0946843488,19.8837132445,-1.354,1.000000,47.9410743608,-12,0.3108346683
9.408428,1.7757239186,2.0632041597,-0.6222892143,0.6714345187,-0.2910857152,-1.2937237330,0.1381188903,-1.7356279696,-6.9759189706,0.2083392271,0.5306459251,0.9661769637,0.0000000000,0.0946843488,0.0013030766,0.0000000000,-0.0037085581,1.0000000000,0.0946843488,19.8837132445,-1.754,1.000000,47.9410743608,-5,0.3108346683
9.416783,1.7707557897,2.0693400829,-0.5668775807,0.7440665078,-0.3025797869,-1.3109440885,0.1355973921,-1.7781618725,-5.1040683444,0.1989037901,0.5306459251,0.9661769637,0.0000000000,0.0946843488,0.0013204215,0.0000000000,-0.0034607066,1.0000000000,0.0946843488,19.8837132445,-2.153,1.000000,47.9410743608,2,0.3108346683
9.425091,1.7662763205,2.0754760060,-0.5113903220,0.7990953471,-0.3134906736,-1.3104856691,0.1329849698,-1.8019484503,-2.8543893389,0.1941991451,0.5306459251,0.9661769637,0.0000000000,0.0946843488,0.0013199597,0.0000000000,-0.0031934181,1.0000000000,0.0946843488,19.8837132445,-2.553,1.000000,47.9410743608,1,0.3108346683
9.433426,1.7622471175,2.0800779484,-0.4553740884,0.8383594298,-0.3223326595,-1.2937335183,0.1302988643,-1.8054051152,-0.4147997877,0.1944134125,0.5306459251,0.9661769637,0.0000000000,0.0946843488,0.0013030865,0.0000000000,-0.0029043739,1.0000000000,0.0946843488,19.8837132445,-2.952,1.000000,47.9410743608,-8,0.3108346683
9.441761,1.7586861061,2.0831459099,-0.3990451408,0.8635051556,-0.3290966602,-1.2625502964,0.1275563922,-1.7903594107,1.8054845387,0.1990712854,0.5306459251,0.9661769637,0.0000000000,0.0946843488,0.0012716778,0.0000000000,-0.0025948124,1.0000000000,0.0946843488,19.8837132445,-3.352,1.000000,47.9410743608,-2,0.3108346683
9.450117,1.7555887977,2.0877478523,-0.3423040838,0.8735025332,-0.3368495950,-1.2158066170,0.1247493122,-1.7617809781,3.4294119077,0.2069771225,0.5306459251,0.9661769637,0.0000000000,0.0946843488,0.0012245962,0.0000000000,-0.0022648125,1.0000000000,0.0946843488,19.8837132445,-3.751,1.000000,47.9410743608,0,0.3108346683
9.458427,1.7529794420,2.0908158139,-0.2856346103,0.8699335873,-0.3425077477,-1.1555681976,0.1218950810,-1.7155940617,5.5424299720,0.2194466583,0.5306459251,0.9661769637,0.0000000000,0.0946843488,0.0011639223,0.0000000000,-0.0019184679,1.0000000000,0.0946843488,19.8837132445,-4.151,1.000000,47.9410743608,-4,0.3108346683
9.466760,1.7508366966,2.0923497947,-0.2286155065,0.8542151233,-0.3461000688,-1.0828306298,0.1190109137,-1.6528347740,7.5311145287,0.2365939765,0.5306459251,0.9661769637,0.0000000000,0.0946843488,0.0010906589,0.0000000000,-0.0015550019,1.0000000000,0.0946843488,19.8837132445,-4.550,1.000000,47.9410743608,-2,0.3108346683
9.475088,1.7491707492,2.0938837755,-0.1714789155,0.8301204304,-0.3491706131,-1.0015993458,0.1161011586,-1.5805707521,8.6716826300,0.2567793934,0.5306459251,0.9661769637,0.0000000000,0.0946843488,0.0010088403,0.0000000000,-0.0011780891,1.0000000000,0.0946843488,19.8837132445,-4.950,1.000000,47.9410743608,-4,0.3108346683
9.483503,1.7479710794,2.0938837755,-0.1136190598,0.7985242838,-0.3502006176,-0.9121433436,0.1131828202,-1.4960379636,10.1439346147,0.2811052758,0.5306459251,0.9661769637,0.0000000000,0.0946843488,0.0009187376,0.0000000000,-0.0007863036,1.0000000000,0.0946843488,19.8837132445,-5.349,1.000000,47.9410743608,-3,0.3108346683
9.491781,1.7472663802,2.0938837755,-0.0566239711,0.7602101013,-0.3506995771,-0.8168340725,0.1102603237,-1.4046013506,10.9723935576,0.3080442757,0.5306459251,0.9661769637,0.0000000000,0.0946843488,0.0008227393,0.0000000000,-0.0003935684,1.0000000000,0.0946843488,19.8837132445,-5.749,1.000000,47.9410743608,-5,0.3108346683
9.500094,1.7470337057,2.0938837755,0.0006499467,0.7158794843,-0.3506942047,-0.7152295376,0.1073378720,-1.3058678268,11.8480228616,0.3376101215,0.5306459251,0.9661769637,0.0000000000,0.0946843488,0.0007204002,0.0000000000,0.0000045240,1.0000000000,0.0946843488,19.8837132445,-6.148,1.000000,47.9410743608,-5,0.3108346683
9.508426,1.7472782601,2.0938837755,0.0580510948,0.6686652104,-0.3501961188,-0.6106141155,0.1044195710,-1.2031407938,12.3272439513,0.3685666219,0.5306459251,0.9661769637,0.0000000000,0.0946843488,0.0006150285,0.0000000000,0.0004034582,1.0000000000,0.0946843488,19.8837132445,-6.548,1.000000,47.9410743608,-5,0.3108346683
9.516773,1.7480026413,2.0923497947,0.1155146656,0.6188684355,-0.3476703576,-0.5033537699,0.1015223180,-1.0937211201,13.1303608552,0.4017072106,0.5306459251,0.9661769637,0.0000000000,0.0946843488,0.0005069927,0.0000000000,0.0007992677,1.0000000000,0.0946843488,19.8837132445,-6.947,1.000000,47.9410743608,-6,0.3108346683
9.525083,1.7492001162,2.0908158139,0.1726512832,0.5667588645,-0.3446590836,-0.3941075813,0.0986501590,-0.9813266307,13.4873387167,0.4350914705,0.5306459251,0.9661769637,0.0000000000,0.0946843488,0.0003969568,0.0000000000,0.0011859328,1.0000000000,0.0946843488,19.8837132445,-7.347,1.000000,47.9410743608,-7,0.3108346683
9.533416,1.7508769855,2.0908158139,0.2298199588,0.5150824838,-0.3427047221,-0.2852625251,0.0957942863,-0.8714162430,13.1892465248,0.4659764153,0.5306459251,0.9661769637,0.0000000000,0.0946843488,0.0002873248,0.0000000000,0.0015628196,1.0000000000,0.0946843488,19.8837132445,-7.746,1.000000,47.9410743608,-6,0.3108346683
9.541768,1.7530352730,2.0877478523,0.2869667735,0.4612896044,-0.3371896157,-0.1743228309,0.0929843728,-0.7522942598,14.2946379854,0.4986234463,0.5306459251,0.9661769637,0.0000000000,0.0946843488,0.0001755831,0.0000000000,0.0019267884,1.0000000000,0.0946843488,19.8837132445,-8.146,1.000000,47.9410743608,-7,0.3108346683
9.550102,1.7556638007,2.0862138715,0.3437920132,0.4106101609,-0.3327549683,-0.0668181478,0.0902114148,-0.6387166396,13.6293144275,0.5266919990,0.5306459251,0.9661769637,0.0000000000,0.0946843488,0.0000673012,0.0000000000,0.0022736878,1.0000000000,0.0946843488,19.8837132445,-8.545,1.000000,47.9410743608,-8,0.3108346683
9.558479,1.7587823048,2.0831459099,0.4006750300,0.3602145517,-0.3262978879,0.0404604783,0.0874922657,-0.5212954659,14.0905408401,0.5533372371,0.5306459251,0.9661769637,0.0000000000,0.0946843488,-0.0000407530,-0.0000000000,0.0026040280,1.0000000000,0.0946843488,19.8837132445,-8.945,1.000000,47.9410743608,-10,0.3108346683
9.566768,1.7623359879,2.0800779484,0.4566875067,0.3125775829,-0.3194204419,0.1441099237,0.0848304287,-0.4066121145,13.7620021688,0.5759205954,0.5306459251,0.9661769637,0.0000000000,0.0946843488,-0.0001451518,-0.0000000000,0.0029113687,1.0000000000,0.0946843488,19.8837132445,-9.344,1.000000,47.9410743608,-8,0.3108346683
9.575092,1.7663702109,2.0770099868,0.5126189368,0.2649067061,-0.3120622739,0.2477122307,0.0822299097,-0.2909607249,13.8781667510,0.5947220635,0.5306459251,0.9661769637,0.0000000000,0.0946843488,-0.0002495030,-0.0000000000,0.0031995428,1.0000000000,0.0946843488,19.8837132445,-9.744,1.000000,47.9410743608,-9,0.3108346683
9.583420,1.7708709542,2.0724080444,0.5682280926,0.2172054625,-0.3027034418,0.3510226301,0.0797073810,-0.1715510219,14.3291643686,0.6106145526,0.5306459251,0.9663248357,0.0177446422,0.0677116492,-0.0003535603,-0.0000000000,0.0034669739,1.0000000000,0.0946843488,14.2194463360,-10.143,1.000000,47.9410743608,-11,0.3094795711
9.591754,1.7758370926,2.0678061021,0.6234895741,0.1694770235,-0.2928790684,0.4540125507,0.0772667221,-0.0514565052,14.4113420007,0.6190758781,0.5306947596,0.9663144296,-0.0012487365,0.0228654210,-0.0004572948,-0.0000000000,0.0037137168,1.0000000000,0.0946843488,4.8017384004,-9.744,1.000000,47.9410743608,-10,0.3043321975
9.600182,1.7813258635,2.0632041597,0.6789400645,0.1217242291,-0.2825319319,0.5572158354,0.0749122894,0.0699746067,14.5717334222,0.6146679922,0.5306913248,0.9663173060,0.0003451658,-0.0231208477,-0.0005612442,-0.0000000000,0.0039423979,1.0000000000,0.0946843488,-4.8553780193,-9.344,1.000000,47.9410743608,-10,0.2996105943
9.608422,1.7871425809,2.0586022173,0.7326977597,0.0739496231,-0.2718567317,0.6587481367,0.0726468166,0.1904739883,14.4599258006,0.6058850771,0.5306922743,0.9665041725,0.0224239878,-0.0677690523,-0.0006635105,-0.0000000000,0.0041464087,1.0000000000,0.0946843488,-14.2315009805,-8.945,1.000000,47.9410743608,-7,0.2995865925
9.616760,1.7934768709,2.0524662942,0.7865908375,0.0236510347,-0.2591164248,0.7629398028,0.0726468166,0.3199679040,15.5392698837,0.6020345669,0.5307539097,0.9665041725,0.0000000000,-0.0946843488,-0.0007684554,-0.0000000000,0.0043340328,1.0000000000,0.0946843488,-19.8837132445,-8.545,1.000000,47.9410743608,-8,0.2995865925
9.625089,1.8002504288,2.0463303710,0.8398845852,-0.0264034942,-0.2459381606,0.8662880794,0.0726468166,0.4494882133,15.5424371161,0.5927121857,0.5307539097,0.9665041725,0.0000000000,-0.0946843488,-0.0008725509,-0.0000000000,0.0045036423,1.0000000000,0.0946843488,-19.8837132445,-8.146,1.000000,47.9410743608,-7,0.2995865925
9.633508,1.8075463210,2.0401944479,0.8931731483,-0.0762394520,-0.2322387357,0.9694126003,0.0726468166,0.5798197920,15.6397894440,0.5781623686,0.5307539097,0.9665041725,0.0000000000,-0.0946843488,-0.0009764209,-0.0000000000,0.0046582118,1.0000000000,0.0946843488,-19.8837132445,-7.746,1.000000,47.9410743608,-5,0.2995865925
9.641762,1.8151315946,2.0340585247,0.9448065364,-0.1258796655,-0.2182509806,1.0706862019,0.0726468166,0.7088730753,15.4863939982,0.5591248585,0.5307539097,0.9665041725,0.0000000000,-0.0946843488,-0.0010784267,-0.0000000000,0.0047944829,1.0000000000,0.0946843488,-19.8837132445,-7.347,1.000000,47.9410743608,-6,0.2995865925
9.650093,1.8232181713,2.0279226016,0.9962839141,-0.1728401286,-0.2037763121,1.1691240427,0.0726468166,0.8360576077,15.2621438870,0.5365254521,0.5307539097,0.9665041725,0.0000000000,-0.0946843488,-0.0011775761,-0.0000000000,0.0049179626,1.0000000000,0.0946843488,-19.8837132445,-6.947,1.000000,47.9410743608,-5,0.2995865925
9.658421,1.8317268790,2.0217866784,1.0470560336,-0.2199051509,-0.1888789511,1.2669611845,0.0726468166,0.9634809084,15.2907960791,0.5104725119,0.5307539097,0.9665041725,0.0000000000,-0.0946843488,-0.0012761206,-0.0000000000,0.0050284710,1.0000000000,0.0946843488,-19.8837132445,-6.548,1.000000,47.9410743608,-6,0.2995865925
9.666842,1.8407580287,2.0156507553,1.0976691926,-0.2645593642,-0.1734720938,1.3622285569,0.0726468166,1.0893462995,15.1038469326,0.4821945414,0.5307539097,0.9665041725,0.0000000000,-0.0946843488,-0.0013720767,-0.0000000000,0.0051282959,1.0000000000,0.0946843488,-19.8837132445,-6.148,1.000000,47.9410743608,-7,0.2995865925
9.675097,1.8500214068,2.0110488129,1.1465372596,-0.3070545425,-0.1593785824,1.4535918021,0.0726468166,1.2086992583,14.3223550501,0.4526208915,0.5307539097,0.9665041725,0.0000000000,-0.0946843488,-0.0014641004,-0.0000000000,0.0052156274,1.0000000000,0.0946843488,-19.8837132445,-5.749,1.000000,47.9410743608,-7,0.2995865925
9.683423,1.8597700354,2.0049128898,1.1950453570,-0.3476161655,-0.1432762225,1.5426615224,0.0726468166,1.3297482654,14.5258808610,0.4225198907,0.5307539097,0.9665041725,0.0000000000,-0.0946843488,-0.0015538141,-0.0000000000,0.0052942095,1.0000000000,0.0946843488,-19.8837132445,-5.349,1.000000,47.9410743608,-6,0.2995865925
9.691757,1.8699284167,2.0003109474,1.2427781282,-0.3839417165,-0.1283208377,1.6267198447,0.0726468166,1.4435079819,13.6511659776,0.3929105888,0.5307539097,0.9665041725,0.0000000000,-0.0946843488,-0.0016384801,-0.0000000000,0.0053642823,1.0000000000,0.0946843488,-19.8837132445,-4.950,1.000000,47.9410743608,-4,0.2995865925
9.700093,1.8804843487,1.9957090050,1.2896733724,-0.4164735916,-0.1129882733,1.7061469640,0.0726468166,1.5533855740,13.1853110554,0.3644042719,0.5307539097,0.9665041725,0.0000000000,-0.0946843488,-0.0017184814,-0.0000000000,0.0054266906,1.0000000000,0.0946843488,-19.8837132445,-4.550,1.000000,47.9410743608,-5,0.2995865925
9.708431,1.8914308023,1.9895730819,1.3356975181,-0.4456079852,-0.0957494505,1.7813055033,0.0726468166,1.6627804155,13.1273809704,0.3372330586,0.5307539097,0.9665041725,0.0000000000,-0.0946843488,-0.0017941833,-0.0000000000,0.0054822505,1.0000000000,0.0946843488,-19.8837132445,-4.151,1.000000,47.9410743608,-5,0.2995865925
9.716764,1.9027489439,1.9849711395,1.3807729877,-0.4691952663,-0.0797027074,1.8499682540,0.0726468166,1.7633119979,12.0637898925,0.3122877128,0.5307539097,0.9665041725,0.0000000000,-0.0946843488,-0.0018633425,-0.0000000000,0.0055316567,1.0000000000,0.0946843488,-19.8837132445,-3.751,1.000000,47.9410743608,-4,0.2995865925
9.725093,1.9144347452,1.9819031779,1.4248875885,-0.4903191987,-0.0648355131,1.9152067872,0.0726468166,1.8580767789,11.3717737258,0.2888065849,0.5307539097,0.9665041725,0.0000000000,-0.0946843488,-0.0019290526,-0.0000000000,0.0055756104,0.9639268982,0.0946843488,-19.8837132445,-3.352,1.000000,47.9410743608,-4,0.2995865925
9.733423,1.9264835019,1.9773012356,1.4680248848,-0.5042281463,-0.0481101257,1.9722530311,0.0726468166,1.9483396423,10.8315436028,0.2682566320,0.5307539097,0.9665041725,0.0000000000,-0.0946843488,-0.0019865113,-0.0000000000,0.0056147319,0.5039042571,0.0946843488,-19.8837132445,-2.952,1.000000,47.9410743608,-2,0.2995865925
9.741761,1.9389010482,1.9742332740,1.5102021870,-0.5141800579,-0.0325711779,2.0243822449,0.0726468166,2.0313292064,9.9587476942,0.2496898831,0.5307539097,0.9665041725,0.0000000000,-0.0946843488,-0.0020390174,-0.0000000000,0.0056495992,0.0580806155,0.0946843488,-19.8837132445,-2.553,1.000000,47.9410743608,-2,0.2995865925
9.750092,1.9516546655,1.9726992932,1.5513076697,-0.5205881885,-0.0182491694,2.0718958582,0.0726468166,2.1072863286,9.1148546592,0.2330270329,0.5307539097,0.9665041725,0.0000000000,-0.0946843488,-0.0020868745,-0.0000000000,0.0056806253,0.0000000000,0.0946843488,-19.8837132445,-2.153,1.000000,47.9410743608,-3,0.2995865925
9.758426,1.9647499837,1.9696313316,1.5913614172,-0.5213181859,-0.0020819697,2.1126796031,0.0726468166,2.1801781322,8.7470164323,0.2185462563,0.5307539097,0.9665041725,0.0000000000,-0.0946843488,-0.0021279531,-0.0000000000,0.0057082791,0.0000000000,0.0946843488,-19.8837132445,-1.754,1.000000,47.9410743608,-2,0.2995865925
9.766755,1.9781686131,1.9680973509,1.6303076919,-0.5169630486,0.0128472543,2.1472707406,0.0727538771,2.2445242752,7.7215371679,0.2061883229,0.5307539097,0.9665041725,0.0000000000,-0.0946843488,-0.0021627943,-0.0000000000,0.0057329228,0.0000000000,0.0946843488,-19.8837132445,-1.354,1.000000,47.9410743608,-2,0.2995865925
9.775097,1.9919264567,1.9665633701,1.6681897039,-0.5080538451,0.0280912379,2.1762435490,0.0729879707,2.3040024631,7.1373825420,0.1955378529,0.5307539097,0.9665041725,0.0000000000,-0.0946843488,-0.0021919766,-0.0000000000,0.0057549362,0.0055882071,0.0946843488,-19.8837132445,-0.955,1.000000,47.9410743608,-1,0.2995865925
9.783428,2.0059775329,1.9650293893,1.7048804502,-0.4950661813,0.0436065537,2.1999466315,0.0733513587,2.3588772810,6.5849781472,0.1864001076,0.5307539097,0.9665041725,0.0000000000,-0.0946843488,-0.0022158510,-0.0000000000,0.0057745592,0.3511197999,0.0946843488,-19.8837132445,-0.555,1.000000,47.9410743608,-1,0.2995865925
9.791760,2.0203325844,1.9650293893,1.7404110583,-0.4784259932,0.0578722506,2.2188370515,0.0738336274,2.4065749156,5.7237161549,0.1787275497,0.5307539097,0.9665041725,0.0000000000,-0.0946843488,-0.0022348780,-0.0000000000,0.0057920895,0.8163124779,0.0946843488,-19.8837132445,-0.156,1.000000,47.9410743608,0,0.2995865925
9.800187,2.0351455288,1.9665633701,1.7751293912,-0.4560102854,0.0710308462,2.2311396766,0.0744255511,2.4455941773,4.6823114050,0.1728498030,0.5307539097,0.9665041725,0.0000000000,-0.0946843488,-0.0022472696,-0.0000000000,0.0058079230,1.0000000000,0.0946843488,-19.8837132445,0.244,1.000000,47.9410743608,0,0.2995865925
9.808427,2.0499080679,1.9665633701,1.8078754316,-0.4309266753,0.0856586911,2.2388021069,0.0751393736,2.4830113716,4.4900633083,0.1679749366,0.5307539097,0.9665041725,0.0000000000,-0.0946843488,-0.0022549874,-0.0000000000,0.0058217671,1.0000000000,0.0946843488,-19.8837132445,0.643,1.000000,47.9410743608,0,0.2995865925
9.816762,2.0651108620,1.9680973509,1.8397678319,-0.4009493382,0.0991665319,2.2407171701,0.0759657613,2.5125678653,3.5467792525,0.1645490644,0.5307539097,0.9665041725,0.0000000000,-0.0946843488,-0.0022569163,-0.0000000000,0.0058343040,1.0000000000,0.0946843488,-19.8837132445,1.043,1.000000,47.9410743608,0,0.2995865925
9.825093,2.0805663092,1.9680973509,1.8703835166,-0.3690938012,0.1144509210,2.2394773178,0.0769195190,2.5426232617,3.6066475600,0.1616076266,0.5307539097,0.9665041725,0.0000000000,-0.0946843488,-0.0022556675,-0.0000000000,0.0058455195,1.0000000000,0.0946843488,-19.8837132445,1.442,1.000000,47.9410743608,0,0.2995865925
9.833516,2.0964458609,1.9696313316,1.9000340202,-0.3355562150,0.1286164015,2.2355902353,0.0779913223,2.5679256741,3.0362894975,0.1593336268,0.5307539097,0.9665041725,0.0000000000,-0.0946843488,-0.0022517523,-0.0000000000,0.0058556661,1.0000000000,0.0946843488,-19.8837132445,1.842,1.000000,47.9410743608,0,0.2995865925
9.841769,2.1122422183,1.9711653124,1.9277966594,-0.3005122452,0.1426905988,2.2283089046,0.0791804107,2.5897681986,2.6211029304,0.1578051975,0.5307539097,0.9665041725,0.0000000000,-0.0946843488,-0.0022444183,-0.0000000000,0.0058645685,1.0000000000,0.0946843488,-19.8837132445,2.241,1.000000,47.9410743608,2,0.2995865925
9.850088,2.1283920412,1.9726992932,1.9544709306,-0.2691281088,0.1571379140,2.2235990394,0.0804898933,2.6150419155,3.0328460291,0.1555768386,0.5307539097,0.9665041725,0.0000000000,-0.0946843488,-0.0022396744,-0.0000000000,0.0058726099,1.0000000000,0.0946843488,-19.8837132445,2.641,1.000000,47.9410743608,1,0.2995865925
9.858421,2.1447857327,1.9742332740,1.9798513853,-0.2360126922,0.1718198014,2.2158640775,0.0819217250,2.6378770380,2.7402147037,0.1539309254,0.5307539097,0.9665041725,0.0000000000,-0.0946843488,-0.0022318835,-0.0000000000,0.0058798220,1.0000000000,0.0946843488,-19.8837132445,3.040,1.000000,47.9410743608,2,0.2995865925
9.866786,2.1614478113,1.9788352164,2.0039623744,-0.2013468025,0.1836937885,2.2053091769,0.0834525065,2.6524133016,1.7443516270,0.1531982763,0.5307539097,0.9665041725,0.0000000000,-0.0946843488,-0.0022212523,-0.0000000000,0.0058862985,1.0000000000,0.0946843488,-19.8837132445,3.440,1.000000,47.9410743608,2,0.2995865925
9.875092,2.1781879451,1.9834371587,2.0265365030,-0.1652923641,0.1956383745,2.1918288671,0.0850828263,2.6642625146,1.4219055687,0.1530502980,0.5307539097,0.9665041725,0.0000000000,-0.0946843488,-0.0022076745,-0.0000000000,0.0058920482,1.0000000000,0.0946843488,-19.8837132445,3.839,1.000000,47.9410743608,1,0.2995865925
9.883425,2.1951653449,1.9880391011,2.0477976109,-0.1279943908,0.2078135491,2.1757920017,0.0868146059,2.6741131654,1.1820780957,0.1533667680,0.5307539097,0.9665041725,0.0000000000,-0.0946843488,-0.0021915217,-0.0000000000,0.0058971998,1.0000000000,0.0946843488,-19.8837132445,4.239,1.000000,47.9410743608,3,0.2995865925
9.891754,2.2123043569,1.9957090050,2.0676444437,-0.0870783031,0.2170629455,2.1547227467,0.0886234638,2.6731968344,-0.1099597230,0.1551215816,0.5307539097,0.9665041725,0.0000000000,-0.0946843488,-0.0021703002,-0.0000000000,0.0059017883,1.0000000000,0.0946843488,-19.8837132445,4.638,1.000000,47.9410743608,4,0.2995865925
9.900107,2.2296548957,2.0018449282,2.0861289523,-0.0429219605,0.2280404502,2.1290509128,0.0905238009,2.6712001502,-0.2396021042,0.1576138440,0.5307539097,0.9665041725,0.0000000000,-0.0946843488,-0.0021444427,-0.0000000000,0.0059058790,1.0000000000,0.0946843488,-19.8837132445,5.038,1.000000,47.9410743608,5,0.2995865925
9.908568,2.2473783992,2.0110488129,2.1033852802,0.0041362395,0.2363073755,2.0992490407,0.0924930290,2.6597581471,-1.3730403712,0.1613461963,0.5307539097,0.9665041725,0.0000000000,-0.0946843488,-0.0021144254,-0.0000000000,0.0059095451,1.0000000000,0.0946843488,-19.8837132445,5.437,1.000000,47.9410743608,6,0.2995865925
9.916756,2.2646646469,2.0171847361,2.1186714486,0.0562976885,0.2471776031,2.0623737601,0.0945528423,2.6465022154,-1.5907118072,0.1663647016,0.5307539097,0.9665041725,0.0000000000,-0.0946843488,-0.0020772836,-0.0000000000,0.0059126741,1.0000000000,0.0946843488,-19.8837132445,5.837,1.000000,47.9410743608,5,0.2995865925
9.925099,2.2824019199,2.0279226016,2.1328057787,0.1130294264,0.2538723720,2.0197763524,0.0966684454,2.6192867072,-3.2658609810,0.1733011043,0.5307539097,0.9665041725,0.0000000000,-0.0946843488,-0.0020343782,-0.0000000000,0.0059154716,1.0000000000,0.0946843488,-19.8837132445,6.236,1.000000,47.9410743608,6,0.2995865925
9.933434,2.3002324631,2.0386604671,2.1454624262,0.1763586014,0.2606249843,1.9691038248,0.0988403203,2.5841664427,-4.2144317423,0.1822452649,0.5307539097,0.9665041725,0.0000000000,-0.0946843488,-0.0019833393,-0.0000000000,0.0059179010,1.0000000000,0.0946843488,-19.8837132445,6.636,1.000000,47.9410743608,5,0.2995865925
9.941777,2.3181791486,2.0509323134,2.1566578677,0.2430917586,0.2659414793,1.9135661091,0.1010564993,2.5413725470,-5.1352674801,0.1927501939,0.5307539097,0.9665041725,0.0000000000,-0.0946843488,-0.0019274001,-0.0000000000,0.0059199921,1.0000000000,0.0946843488,-19.8837132445,7.036,1.000000,47.9410743608,8,0.2995865925
9.950081,2.3361289318,2.0616701789,2.1663301429,0.3128734015,0.2727786830,1.8534567414,0.1033296550,2.4970833087,-5.3147085932,0.2043934594,0.5307539097,0.9665041725,0.0000000000,-0.0946843488,-0.0018668562,-0.0000000000,0.0059217560,1.0000000000,0.0946843488,-19.8837132445,7.435,1.000000,47.9410743608,7,0.2995865925
9.958424,2.3542388124,2.0754760060,2.1745636683,0.3878896087,0.2766799139,1.7866740596,0.1056353210,2.4403219713,-6.8113604927,0.2184287739,0.5307539097,0.9665041725,0.0000000000,-0.0946843488,-0.0017995907,-0.0000000000,0.0059232271,1.0000000000,0.0946843488,-19.8837132445,7.835,1.000000,47.9410743608,6,0.2995865925
9.966757,2.3723872855,2.0892818331,2.1812954038,0.4650892574,0.2806080126,1.7162061464,0.1079737211,2.3799610392,-7.2433118529,0.2337158663,0.5307539097,0.9665041725,0.0000000000,-0.0946843488,-0.0017286133,-0.0000000000,0.0059244094,1.0000000000,0.0946843488,-19.8837132445,8.234,1.000000,47.9410743608,7,0.2995865925
9.975095,2.3905974903,2.1030876602,2.1865354364,0.5442443189,0.2845873429,1.6422911175,0.1103452822,2.3162874358,-7.6408324131,0.2501787469,0.5307539097,0.9665041725,0.0000000000,-0.0946843488,-0.0016541640,-0.0000000000,0.0059253171,1.0000000000,0.0946843488,-19.8837132445,8.634,1.000000,47.9410743608,7,0.2995865925
9.983508,2.4090109451,2.1199614489,2.1903023764,0.6276550273,0.2856791097,1.5626473492,0.1127259415,2.2411593629,-9.0153687450,0.2688179770,0.5307539097,0.9665041725,0.0000000000,-0.0946843488,-0.0015739444,-0.0000000000,0.0059259630,1.0000000000,0.0946843488,-19.8837132445,9.033,1.000000,47.9410743608,10,0.2995865925
9.991762,2.4270983671,2.1368352375,2.1925108616,0.7098680450,0.2864512749,1.4826428166,0.1151130355,2.1650421420,-9.1340665073,0.2877329811,0.5307539097,0.9665041725,0.0000000000,-0.0946843488,-0.0014933615,-0.0000000000,0.0059263391,1.0000000000,0.0946843488,-19.8837132445,9.433,1.000000,47.9410743608,9,0.2995865925
10.000096,2.4453768881,2.1537090262,2.1932453218,0.7935129021,0.2874068505,1.3997324198,0.1175080925,2.0863911619,-9.4381176113,0.3073307026,0.5307539097,0.9665041725,0.0000000000,-0.0946843488,-0.0014098517,-0.0000000000,0.0059264637,1.0000000000,0.0946843488,-19.8837132445,9.832,1.000000,47.9410743608,8,0.2995865925
10.008433,2.4636582700,2.1705828149,2.1924758164,0.8784400635,0.2883584012,1.3140357529,0.1199110792,2.0049537373,-9.7724909458,0.3274426851,0.5307539097,0.9665041725,0.0000000000,-0.0946843488,-0.0013235355,-0.0000000000,0.0059263331,1.0000000000,0.0946843488,-19.8837132445,10.232,1.000000,47.9410743608,8,0.2995865925
10.016757,2.4819008068,2.1889905843,2.1902069610,0.9645156114,0.2877309594,1.2256913496,0.1223088372,1.9177275416,-10.4671434930,0.3479364858,0.5307539097,0.9665041725,0.0000000000,-0.0946843488,-0.0012345524,-0.0000000000,0.0059259467,1.0000000000,0.0946843488,-19.8837132445,10.631,1.000000,47.9410743608,8,0.2995865925
10.025167,2.5003055227,2.2073983538,2.1863937396,1.0491151649,0.2872736226,1.1372785747,0.1247027841,1.8307670447,-10.4352596213,0.3675300861,0.5307539097,0.9665041725,0.0000000000,-0.0946843488,-0.0011455005,-0.0000000000,0.0059252927,1.0000000000,0.0946843488,-19.8837132445,11.031,1.000000,47.9410743608,9,0.2995865925
10.033425,2.5183403040,2.2258061232,2.1811643667,1.1348973187,0.2864400008,1.0462670480,0.1270897841,1.7404536440,-10.8376080858,0.3867930690,0.5307539097,0.9665041725,0.0000000000,-0.0946843488,-0.0010538310,-0.0000000000,0.0059243865,1.0000000000,0.0946843488,-19.8837132445,11.430,1.000000,47.9410743608,10,0.2995865925
10.041761,2.5364955620,2.2457478735,2.1743967233,1.2217385674,0.2841871878,0.9526581559,0.1294580106,1.6447058528,-11.4897349503,0.4051953081,0.5307539097,0.9665041725,0.0000000000,-0.0946843488,-0.0009595453,-0.0000000000,0.0059231975,1.0000000000,0.0946843488,-19.8837132445,11.830,1.000000,47.9410743608,11,0.2995865925
10.050090,2.5545722597,2.2672236045,2.1661458028,1.3070238554,0.2803301888,0.8591219474,0.1317940955,1.5458131385,-11.8671257060,0.4215914911,0.5307539097,0.9665041725,0.0000000000,-0.0946843488,-0.0008653329,-0.0000000000,0.0059217227,1.0000000000,0.0946843488,-19.8837132445,12.229,1.000000,47.9410743608,12,0.2995865925
10.058509,2.5727687290,2.2886993355,2.1562983345,1.3934201286,0.2765869958,0.7628782059,0.1340989872,1.4444081518,-12.1685984144,0.4361352167,0.5307539097,0.9665041725,0.0000000000,-0.0946843488,-0.0007683934,-0.0000000000,0.0059199257,1.0000000000,0.0946843488,-19.8837132445,12.629,1.000000,47.9410743608,12,0.2995865925
10.066762,2.5905193016,2.3117090473,2.1451813008,1.4783069124,0.2708720309,0.6668743884,0.1363562541,1.3392801898,-12.6153554328,0.4477921743,0.5307539097,0.9665041725,0.0000000000,-0.0946843488,-0.0006716955,-0.0000000000,0.0059178478,1.0000000000,0.0946843488,-19.8837132445,13.028,1.000000,47.9410743608,14,0.2995865925
10.075108,2.6083714867,2.3347187592,2.1324718954,1.5643462994,0.2652524892,0.5681255960,0.1385666915,1.2315505872,-12.9275523099,0.4566634877,0.5307539097,0.9665041725,0.0000000000,-0.0946843488,-0.0005722328,-0.0000000000,0.0059154065,1.0000000000,0.0946843488,-19.8837132445,13.428,1.000000,47.9410743608,13,0.2995865925
10.083425,2.6260493328,2.3577284710,2.1183488473,1.6514179170,0.2594530657,0.4669309302,0.1407288004,1.1209702116,-13.2696450730,0.4623208845,0.5307539097,0.9665041725,0.0000000000,-0.0946843488,-0.0004703066,-0.0000000000,0.0059126092,1.0000000000,0.0946843488,-19.8837132445,13.827,1.000000,47.9410743608,13,0.2995865925
10.091892,2.6439187821,2.3822721636,2.1024859869,1.7369095153,0.2523197489,0.3655764716,0.1428314650,1.0075223161,-13.6137474569,0.4637388196,0.5307539097,0.9665041725,0.0000000000,-0.0946843488,-0.0003682194,-0.0000000000,0.0059093576,1.0000000000,0.0946843488,-19.8837132445,14.227,1.000000,47.9410743608,13,0.2995865925
10.100096,2.6611005853,2.4068158562,2.0856954294,1.8209861042,0.2445063845,0.2647093252,0.1448690182,0.8931469554,-13.7250432934,0.4611954198,0.5307539097,0.9665041725,0.0000000000,-0.0946843488,-0.0002666230,-0.0000000000,0.0059057850,1.0000000000,0.0946843488,-19.8837132445,14.626,1.000000,47.9410743608,13,0.2995865925
10.108430,2.6784056284,2.4313595488,2.0672225285,1.9062999094,0.2368096162,0.1609226191,0.1468424316,0.7760203498,-14.0551926661,0.4547034730,0.5307539097,0.9665041725,0.0000000000,-0.0946843488,-0.0001620860,-0.0000000000,0.0059016929,1.0000000000,0.0946843488,-19.8837132445,15.026,1.000000,47.9410743608,16,0.2995865925
10.116755,2.6955332620,2.4574372222,2.0473540063,1.9902172732,0.2274089564,0.0571367330,0.1487375063,0.6554333898,-14.4704351965,0.4436624004,0.5307539097,0.9665041725,0.0000000000,-0.0946843488,-0.0000575498,-0.0000000000,0.0058970948,1.0000000000,0.0946843488,-19.8837132445,15.425,1.000000,47.9410743608,14,0.2995865925
10.125175,2.7126833604,2.4835148956,2.0258328257,2.0728840336,0.2180374768,-0.0470512079,0.1505544852,0.5344253207,-14.5209683018,0.4287600047,0.5307539097,0.9665041725,0.0000000000,-0.0946843488,0.0000473914,0.0000000000,0.0058918734,1.0000000000,0.0946843488,-19.8837132445,15.825,1.000000,47.9410743608,14,0.2995865925
10.133425,2.7293055779,2.5080585882,2.0033712869,2.1519263493,0.2096915597,-0.1485550624,0.1523019149,0.4180695260,-13.9626953560,0.4112649576,0.5307539097,0.9665041725,0.0000000000,-0.0946843488,0.0001496290,0.0000000000,0.0058861439,1.0000000000,0.0946843488,-19.8837132445,16.224,1.000000,47.9410743608,16,0.2995865925
10.141759,2.7459024566,2.5356702424,1.9793157676,2.2302271896,0.1982563238,-0.2509114220,0.1539540509,0.2946318751,-14.8125181101,0.3895304155,0.5307539097,0.9668312147,0.0392450644,-0.0702625309,0.0002527254,0.0000000000,0.0058796741,1.0000000000,0.0946843488,-14.7551314984,15.825,1.000000,47.9410743608,17,0.3024345430
10.150087,2.7622799116,2.5602139350,1.9539247655,2.3053595421,0.1896866399,-0.3514347766,0.1555347729,0.1786477977,-13.9180892953,0.3705458904,0.5308615638,0.9669295332,0.0117982141,-0.0383040151,0.0003539755,0.0000000000,0.0058724501,1.0000000000,0.0946843488,-8.0438431694,15.425,1.000000,47.9410743608,15,0.2998697421
10.158504,2.7786143545,2.5893595700,1.9268995107,2.3801587579,0.1764737905,-0.4532592472,0.1570053879,0.0520327064,-15.1938109542,0.3407409956,0.5308938738,0.9669128328,-0.0020040503,-0.0058265115,0.0004565361,0.0000000000,0.0058642895,1.0000000000,0.0946843488,-1.2235674247,15.026,1.000000,47.9410743608,14,0.2947328234
10.166760,2.7944076688,2.6169712241,1.8990861134,2.4521551799,0.1642688437,-0.5530690664,0.1583742949,-0.0706663278,-14.7238841028,0.3084326316,0.5308883874,0.9669031764,-0.0011587668,0.0216976348,0.0005570674,0.0000000000,0.0058553521,1.0000000000,0.0946843488,4.5565033062,14.626,1.000000,47.9410743608,14,0.2898439251
10.175094,2.8101143601,2.6415149167,1.8697098626,2.5216415189,0.1550587141,-0.6519316564,0.1596664508,-0.1865461059,-13.9055733750,0.2781700092,0.5308852147,0.9669859484,0.0099326452,0.0438547952,0.0006566448,0.0000000000,0.0058452809,1.0000000000,0.0946843488,9.2095069910,14.227,1.000000,47.9410743608,14,0.2870896742
10.183422,2.8255584576,2.6691265709,1.8390771100,2.5863754683,0.1425435485,-0.7472983583,0.1608543137,-0.3055966357,-14.2860635673,0.2498082520,0.5309124021,0.9672307500,0.0293761956,0.0631791530,0.0007527009,0.0000000000,0.0058340419,1.0000000000,0.0946843488,13.2676221243,13.827,1.000000,47.9410743608,13,0.2878638373
10.191758,2.8407562156,2.6967382251,1.8071552897,2.6468533460,0.1298048979,-0.8396980564,0.1619360212,-0.4222286774,-13.9958450049,0.2256643778,0.5309927065,0.9676862784,0.0546634024,0.0794571086,0.0008457686,0.0000000000,0.0058214735,1.0000000000,0.0946843488,16.6859928052,13.428,1.000000,47.9410743608,14,0.2928793857
10.200181,2.8558378470,2.7197479369,1.7736398057,2.7035196369,0.1215725304,-0.9298798312,0.1629491257,-0.5277609635,-12.6638743315,0.2074251195,0.5311417255,0.9683704343,0.0820987082,0.0926396946,0.0009366023,0.0000000000,0.0058072687,1.0000000000,0.0946843488,19.4543358701,13.028,1.000000,47.9410743608,12,0.3019945707
10.208432,2.8703335485,2.7473595911,1.7396025643,2.7542679573,0.1081840690,-1.0146653930,0.1629491257,-0.6391360097,-13.3650055444,0.1912386884,0.5313645287,0.9683704343,0.0000000000,0.0946843488,0.0010220008,0.0000000000,0.0057917059,1.0000000000,0.0946843488,19.8837132445,12.629,1.000000,47.9410743608,13,0.3019945707
10.216758,2.8846703573,2.7734372645,1.7040736527,2.7997163532,0.0961991552,-1.0956427005,0.1629491257,-0.7439153558,-12.5735215309,0.1704538236,0.5313645287,0.9683704343,0.0000000000,0.0946843488,0.0011035636,0.0000000000,0.0057741448,1.0000000000,0.0946843488,19.8837132445,12.229,1.000000,47.9410743608,13,0.3019945707
10.225094,2.8987224775,2.7964469763,1.6673359724,2.8404183246,0.0870230019,-1.1730823523,0.1629491257,-0.8395788481,-11.4796190778,0.1523953221,0.5313645287,0.9683704343,0.0000000000,0.0946843488,0.0011815631,0.0000000000,0.0057544602,1.0000000000,0.0946843488,19.8837132445,11.830,1.000000,47.9410743608,13,0.3019945707
10.233422,2.9124514864,2.8209906689,1.6294892127,2.8743651182,0.0760260304,-1.2448759055,0.1629491257,-0.9332123867,-11.2360246351,0.1357834673,0.5313645287,0.9683704343,0.0000000000,0.0946843488,0.0012538757,0.0000000000,0.0057324265,1.0000000000,0.0946843488,19.8837132445,11.430,1.000000,47.9410743608,12,0.3019945707
10.241759,2.9258751571,2.8455343615,1.5904837651,2.9022622140,0.0647562065,-1.3117784489,0.1629491257,-1.0224968003,-10.7141296299,0.1209574236,0.5313645287,0.9683704343,0.0000000000,0.0946843488,0.0013212619,0.0000000000,0.0057076989,0.9628170985,0.0946843488,19.8837132445,11.031,1.000000,47.9410743608,10,0.3019945707
10.250093,2.9389626600,2.8670100926,1.5504073707,2.9222369666,0.0562607178,-1.3718295958,0.1629491257,-1.0994199880,-9.2307825208,0.1088417187,0.5313645287,0.9683704343,0.0000000000,0.0946843488,0.0013817471,0.0000000000,0.0056799753,0.7705124134,0.0946843488,19.8837132445,10.631,1.000000,47.9410743608,12,0.3019945707
10.258426,2.9517122021,2.8900198044,1.5092669670,2.9351167495,0.0459313861,-1.4258497825,0.1629491257,-1.1739542272,-8.9441087116,0.0978956411,0.5313645287,0.9683704343,0.0000000000,0.0946843488,0.0014361579,0.0000000000,0.0056488603,0.4292167961,0.0946843488,19.8837132445,10.232,1.000000,47.9410743608,12,0.3019945707
10.266755,2.9641083511,2.9114955354,1.4671138809,2.9391380806,0.0368302103,-1.4720241998,0.1629491257,-1.2382035798,-7.7099223043,0.0889298043,0.5313645287,0.9683704343,0.0000000000,0.0946843488,0.0014826661,0.0000000000,0.0056139430,0.1496498956,0.0946843488,19.8837132445,9.832,1.000000,47.9410743608,10,0.3019945707
10.275094,2.9761620614,2.9314372856,1.4239089497,2.9377305451,0.0289497286,-1.5138215954,0.1629491257,-1.2956516120,-6.8937638728,0.0813222080,0.5313645287,0.9683704343,0.0000000000,0.0946843488,0.0015247657,0.0000000000,0.0055746799,0.0115771292,0.0946843488,19.8837132445,9.433,1.000000,47.9410743608,10,0.3019945707
10.283426,2.9878436332,2.9529130167,1.3797572387,2.9264522122,0.0192161318,-1.5466949735,0.1629491257,-1.3478559134,-6.2645161649,0.0747659600,0.5313645287,0.9683704343,0.0000000000,0.0946843488,0.0015578767,0.0000000000,0.0055305948,0.0000000000,0.0946843488,19.8837132445,9.033,1.000000,47.9410743608,9,0.3019945707
10.291760,2.9991551495,2.9713207861,1.3346526921,2.9088383916,0.0122144615,-1.5741856994,0.1629491257,-1.3892519565,-4.9675251727,0.0696576063,0.5313645287,0.9683704343,0.0000000000,0.0946843488,0.0015855662,0.0000000000,0.0054810482,0.0000000000,0.0946843488,19.8837132445,8.634,1.000000,47.9410743608,9,0.3019945707
10.300092,3.0100839514,2.9897285556,1.2886462091,2.8855507330,0.0048605441,-1.5969045239,0.1629491257,-1.4265756608,-4.4788445152,0.0652227655,0.5313645287,0.9683704343,0.0000000000,0.0946843488,0.0016084492,0.0000000000,0.0054253881,0.0000000000,0.0946843488,19.8837132445,8.234,1.000000,47.9410743608,10,0.3019945707
10.308432,3.0206362992,3.0050683635,1.2417086365,2.8546773377,0.0002388683,-1.6129687012,0.1629491257,-1.4518184863,-3.0291390614,0.0620703448,0.5313645287,0.9683704343,0.0000000000,0.0946843488,0.0016246296,0.0000000000,0.0053627867,0.0000000000,0.0946843488,19.8837132445,7.835,1.000000,47.9410743608,7,0.3019945707
10.316763,3.0307828363,3.0219421521,1.1939707988,2.8170104258,-0.0062861192,-1.6230396270,0.1628967413,-1.4748996908,-2.7697445369,0.0592613584,0.5313645287,0.9683704343,0.0000000000,0.0946843488,0.0016347733,0.0000000000,0.0052925516,0.0000000000,0.0946843488,19.8837132445,7.435,1.000000,47.9410743608,7,0.3019945707
10.325096,3.0405303982,3.0372819600,1.1454040097,2.7732594812,-0.0116434311,-1.6278554715,0.1627997127,-1.4904508317,-1.8661369062,0.0571912144,0.5313645287,0.9683704343,0.0000000000,0.0946843488,0.0016396239,0.0000000000,0.0052136976,0.0000000000,0.0946843488,19.8837132445,7.036,1.000000,47.9410743608,8,0.3019945707
10.333518,3.0499674634,3.0510877871,1.0955211820,2.7240598929,-0.0157480006,-1.6285387109,0.1626684794,-1.4994151487,-1.0757180394,0.0557205245,0.5313645287,0.9683704343,0.0000000000,0.0946843488,0.0016403121,0.0000000000,0.0051242585,0.0000000000,0.0946843488,19.8837132445,6.636,1.000000,47.9410743608,6,0.3019945707
10.341764,3.0587975980,3.0648936142,1.0459350790,2.6674762438,-0.0204198499,-1.6215411648,0.1624983140,-1.5018636866,-0.2938245561,0.0548314181,0.5313645287,0.9683704343,0.0000000000,0.0946843488,0.0016332640,0.0000000000,0.0050261462,0.0000000000,0.0946843488,19.8837132445,6.236,1.000000,47.9410743608,7,0.3019945707
10.350095,3.0673001664,3.0756314797,0.9951273009,2.6067841404,-0.0223292420,-1.6116568396,0.1623122370,-1.4959548952,0.7090549674,0.0546158790,0.5313645287,0.9683704343,0.0000000000,0.0946843488,0.0016233082,0.0000000000,0.0049153178,0.0000000000,0.0946843488,19.8837132445,5.837,1.000000,47.9410743608,5,0.3019945707
10.358428,3.0753776910,3.0863693452,0.9436306293,2.5399082025,-0.0246304721,-1.5962775732,0.1621069830,-1.4853482623,1.2727959552,0.0547889689,0.5313645287,0.9683704343,0.0000000000,0.0946843488,0.0016078178,0.0000000000,0.0047915210,0.0000000000,0.0946843488,19.8837132445,5.437,1.000000,47.9410743608,7,0.3019945707
10.366784,3.0830449423,3.0955732300,0.8913353917,2.4674942417,-0.0257782565,-1.5761588501,0.1618921642,-1.4677208608,2.1152881838,0.0555274703,0.5313645287,0.9683704343,0.0000000000,0.0946843488,0.0015875536,0.0000000000,0.0046531219,0.0000000000,0.0946843488,19.8837132445,5.038,1.000000,47.9410743608,5,0.3019945707
10.375092,3.0902323519,3.1032431339,0.8387315086,2.3901206241,-0.0258452694,-1.5513891155,0.1616767870,-1.4432965863,2.9309129324,0.0568309502,0.5313645287,0.9683704343,0.0000000000,0.0946843488,0.0015626048,0.0000000000,0.0045001347,0.0000000000,0.0946843488,19.8837132445,4.638,1.000000,47.9410743608,5,0.3019945707
10.383425,3.0969992367,3.1109130378,0.7854012393,2.3058008650,-0.0262955076,-1.5203996257,0.1614576577,-1.4134173419,3.5855093249,0.0586045812,0.5313645287,0.9683704343,0.0000000000,0.0946843488,0.0015313913,0.0000000000,0.0043300690,0.0000210088,0.0946843488,19.8837132445,4.239,1.000000,47.9410743608,5,0.3019945707
10.391760,3.1033217984,3.1170489610,0.7315122445,2.2177648367,-0.0256361326,-1.4862525922,0.1612440233,-1.3781714436,4.2295077969,0.0608734964,0.5313645287,0.9683704343,0.0000000000,0.0946843488,0.0014969974,0.0000000000,0.0041420936,0.0000000000,0.0946843488,19.8837132445,3.839,1.000000,47.9410743608,5,0.3019945707
10.400123,3.1092112128,3.1216509033,0.6769457761,2.1264006495,-0.0238580525,-1.4494548734,0.1610452062,-1.3380385011,4.8159531098,0.0636307510,0.5313645287,0.9683704343,0.0000000000,0.0946843488,0.0014599336,0.0000000000,0.0039344977,0.0000000000,0.0946843488,19.8837132445,3.440,1.000000,47.9410743608,3,0.3019945707
10.408432,3.1146092414,3.1262528457,0.6222636447,2.0270469840,-0.0225284562,-1.4047833393,0.1608574691,-1.2909115067,5.6552393200,0.0670807476,0.5313645287,0.9683704343,0.0000000000,0.0946843488,0.0014149391,0.0000000000,0.0037084481,0.0000000000,0.0946843488,19.8837132445,3.040,1.000000,47.9410743608,2,0.3019945707
10.416761,3.1195622788,3.1277868265,0.5670264842,1.9255471222,-0.0185643649,-1.3585206381,0.1607027660,-1.2369286650,6.4779410038,0.0712984177,0.5313645287,0.9683704343,0.0000000000,0.0946843488,0.0013683420,0.0000000000,0.0034613982,0.0000000000,0.0946843488,19.8837132445,2.641,1.000000,47.9410743608,3,0.3019945707
10.425088,3.1240526695,3.1293208073,0.5114134047,1.8196207547,-0.0150391508,-1.3082073500,0.1605774398,-1.1797378795,6.8628942573,0.0759835531,0.5313645287,0.9683704343,0.0000000000,0.0946843488,0.0013176649,0.0000000000,0.0031935333,0.0000000000,0.0946843488,19.8837132445,2.241,1.000000,47.9410743608,3,0.3019945707
10.433508,3.1281206908,3.1308547881,0.4548252582,1.7097301656,-0.0119150190,-1.2549049074,0.1604781479,-1.1203288178,7.1290874116,0.0810637927,0.5313645287,0.9683704343,0.0000000000,0.0946843488,0.0012639772,0.0000000000,0.0029014479,0.0000000000,0.0946843488,19.8837132445,1.842,1.000000,47.9410743608,3,0.3019945707
10.441759,3.1316437510,3.1293208073,0.3990603310,1.5987938088,-0.0062622711,-1.1997334778,0.1604259624,-1.0539824884,7.9615595273,0.0870971404,0.5313645287,0.9683704343,0.0000000000,0.0946843488,0.0012084069,0.0000000000,0.0025948984,0.0000000000,0.0946843488,19.8837132445,1.442,1.000000,47.9410743608,0,0.3019945707
10.450093,3.1347336920,3.1277868265,0.3424683148,1.4844164509,-0.0010241649,-1.1419481362,0.1604174276,-0.9858026836,8.1815765767,0.0935652673,0.5313645287,0.9683704343,0.0000000000,0.0946843488,0.0011502038,0.0000000000,0.0022657927,0.0000000000,0.0946843488,19.8837132445,1.043,1.000000,47.9410743608,1,0.3019945707
10.458426,3.1373510290,3.1277868265,0.2856413257,1.3669574546,0.0022239042,-1.0813161289,0.1604174276,-0.9187200110,8.0499207130,0.1001177171,0.5313645287,0.9683704343,0.0000000000,0.0946843488,0.0010891334,0.0000000000,0.0019185099,0.0000000000,0.0946843488,19.8837132445,0.643,1.000000,47.9410743608,-2,0.3019945707
10.466762,3.1394944953,3.1262528457,0.2286023149,1.2517475492,0.0065200064,-1.0231452343,0.1604174276,-0.8520170575,8.0043544117,0.1069068742,0.5313645287,0.9683704343,0.0000000000,0.0946843488,0.0010305420,0.0000000000,0.0015549163,0.0000000000,0.0946843488,19.8837132445,0.244,1.000000,47.9410743608,-2,0.3019945707
10.475088,3.1411601295,3.1262528457,0.1714738323,1.1385518499,0.0087934796,-0.9670780176,0.1604907066,-0.7913624663,7.2785509520,0.1131700986,0.5313645287,0.9694501983,0.1295716842,0.0903959940,0.0009740694,0.0000000000,0.0011780551,0.0000000000,0.0946843488,18.9831587450,-0.156,1.000000,47.9410743608,0,0.3136711074
10.483426,3.1423509476,3.1247188649,0.1141462261,1.0271600021,0.0121164313,-0.9130137760,0.1605916769,-0.7305992810,7.2915822353,0.1245566703,0.5317136990,0.9704164370,0.1159486419,0.0876348902,0.0009196143,0.0000000000,0.0007899096,0.0000000000,0.0946843488,18.4033269492,-0.555,1.000000,47.9410743608,0,0.3234774071
10.491760,3.1430631463,3.1231848841,0.0567728273,0.9198880683,0.0149386404,-0.8631152410,0.1607161656,-0.6749730869,6.6751432917,0.1350908190,0.5320235904,0.9712764164,0.1031975200,0.0844569890,0.0008693551,0.0000000000,0.0003946001,0.0000000000,0.0946843488,17.7359676802,-0.955,1.000000,47.9410743608,0,0.3315264476
10.500095,3.1432970454,3.1216509033,-0.0006564442,0.8213146804,0.0172358404,-0.8219711246,0.1608597976,-0.6291251030,5.5017580692,0.1441108120,0.5322973571,0.9720489820,0.0927078811,0.0814087757,0.0008279135,0.0000000000,-0.0000045692,0.0000000000,0.0946843488,17.0958428934,-1.354,1.000000,47.9410743608,0,0.3381053635
10.508432,3.1430521659,3.1201169226,-0.0580897358,0.7280269532,0.0190258788,-0.7861166889,0.1610183466,-0.5895593139,4.7478946839,0.1520068944,0.5325416497,0.9727462578,0.0836730934,0.0784036259,0.0007917999,0.0000000000,-0.0004037259,0.0000000000,0.0946843488,16.4647614489,-1.754,1.000000,47.9410743608,0,0.3434184066
10.516762,3.1423293359,3.1185829418,-0.1154416474,0.6419773247,0.0202990996,-0.7574189721,0.1611875057,-0.5581661815,3.7671758903,0.1585411550,0.5327607939,0.9733847036,0.0766134933,0.0757860022,0.0007628947,0.0000000000,-0.0007987684,0.0000000000,0.0946843488,15.9150604668,-2.153,1.000000,47.9410743608,-2,0.3477319448
10.525093,3.1411288608,3.1170489610,-0.1727218748,0.5624098808,0.0210598671,-0.7351317556,0.1613630046,-0.5341950301,2.8765381660,0.1638520370,0.5329603306,0.9739791887,0.0713382184,0.0736488212,0.0007404463,0.0000000000,-0.0011864049,0.0000000000,0.0946843488,15.4662524452,-2.553,1.000000,47.9410743608,-1,0.3512875352
10.533427,3.1394510592,3.1139809994,-0.2299006587,0.4886476515,0.0228461161,-0.7185483102,0.1615533889,-0.5138763661,2.4382396848,0.1686319834,0.5331451653,0.9745371812,0.0669590958,0.0717599787,0.0007237430,0.0000000000,-0.0015633432,0.0000000000,0.0946843488,15.0695955176,-2.952,1.000000,47.9410743608,-3,0.3542197798
10.541754,3.1372994429,3.1093790570,-0.2868723954,0.4200843664,0.0256646137,-0.7069567618,0.1617672607,-0.4964763933,2.0879967312,0.1730283441,0.5333178077,0.9750646531,0.0632966235,0.0701013846,0.0007120677,0.0000000000,-0.0019261992,0.0000000000,0.0946843488,14.7212907673,-3.352,1.000000,47.9410743608,-3,0.3566373763
10.550095,3.1346693895,3.1032431339,-0.3437437444,0.3536726230,0.0295271017,-0.6974163674,0.1620133199,-0.4790224714,2.0944706386,0.1774688950,0.5334802526,0.9755616952,0.0596450557,0.0683897245,0.0007024583,0.0000000000,-0.0022734001,0.0167510464,0.0946843488,14.3618421429,-3.751,1.000000,47.9410743608,-2,0.3585597113
10.558426,3.1315699178,3.0971072107,-0.4003118458,0.2891877238,0.0329098247,-0.6894995696,0.1622875684,-0.4641171632,1.7886369745,0.1814563494,0.5336326539,0.9760332018,0.0565807976,0.0669025753,0.0006944843,0.0000000000,-0.0026019758,0.0640293405,0.0946843488,14.0495408174,-4.151,1.000000,47.9410743608,-4,0.3600716120
10.566769,3.1279944091,3.0909712876,-0.4566927431,0.2239239896,0.0358206928,-0.6806167327,0.1625860742,-0.4491590010,1.7949794691,0.1853575980,0.5337766222,0.9764790502,0.0535018031,0.0653491132,0.0006855372,0.0000000000,-0.0029113965,0.1248834340,0.0946843488,13.7233137630,-4.550,1.000000,47.9410743608,-4,0.3611817607
10.575106,3.1239532595,3.0817674029,-0.5127140885,0.1554583098,0.0413510754,-0.6681723983,0.1629306665,-0.4253915418,2.8520951075,0.1906835301,0.5339122147,0.9768834010,0.0485220994,0.0627809167,0.0006730029,0.0000000000,-0.0032000167,0.2786109850,0.0946843488,13.1839925145,-4.950,1.000000,47.9410743608,-3,0.3616675811
10.583439,3.1194490001,3.0710295373,-0.5683545370,0.0841250811,0.0479677273,-0.6524796181,0.1633303976,-0.3961639366,3.5073126194,0.1967275410,0.5340347314,0.9772374425,0.0424849701,0.0594260733,0.0006571967,0.0000000000,-0.0034675601,0.4990089953,0.0946843488,12.4794753870,-5.349,1.000000,47.9410743608,-5,0.3614059993
10.591769,3.1144840180,3.0602916718,-0.6235917154,0.0102237773,0.0541374465,-0.6338154927,0.1637815429,-0.3648018974,3.7634447008,0.2027866462,0.5341416483,0.9775391721,0.0362075562,0.0555411598,0.0006383976,0.0000000000,-0.0037141553,0.7055329658,0.0946843488,11.6636435569,-5.749,1.000000,47.9410743608,-3,0.3603717002
10.600095,3.1090635670,3.0480198255,-0.6783735483,-0.0684818521,0.0614114758,-0.6098916963,0.1642933052,-0.3259272559,4.6649569826,0.2097281679,0.5342325049,0.9777793319,0.0288191763,0.0503706246,0.0006143009,0.0000000000,-0.0039401561,0.9030487979,0.0946843488,10.5778311592,-6.148,1.000000,47.9410743608,-4,0.3584221663
10.608418,3.1031914277,3.0342139984,-0.7326688920,-0.1539945135,0.0698043501,-0.5786743785,0.1648750082,-0.2774681022,5.8150984450,0.2177052010,0.5343046487,0.9779492352,0.0203883954,0.0433888909,0.0005828579,0.0000000000,-0.0041463037,0.9999998774,0.0946843488,9.1116670912,-6.548,1.000000,47.9410743608,-5,0.3554131363
10.616853,3.0967809922,3.0204081713,-0.7871865854,-0.2430988629,0.0776782149,-0.5440877226,0.1655223266,-0.2266056631,6.1034926877,0.2253884970,0.5343555948,0.9780546568,0.0126505897,0.0354915619,0.0005480212,0.0000000000,-0.0043360149,1.0000000000,0.0946843488,7.4532279929,-6.947,1.000000,47.9410743608,-7,0.3514261286
10.625090,3.0900794369,3.0066023443,-0.8398913003,-0.3379242491,0.0852916808,-0.5019670512,0.1662330906,-0.1686638004,6.9530235325,0.2332605545,0.5343871672,0.9780999685,0.0054374040,0.0259491653,0.0005055960,0.0000000000,-0.0045036627,1.0000000000,0.0946843488,5.4493247155,-6.548,1.000000,47.9410743608,-6,0.3465161547
10.633426,3.0828576838,2.9912625364,-0.8926568496,-0.4353687446,0.0939329937,-0.4572881049,0.1670158656,-0.1060513522,7.5134937741,0.2411438779,0.5344007284,0.9780983655,-0.0001923497,0.0150810974,0.0004605940,0.0000000000,-0.0046567836,1.0000000000,0.0946843488,3.1670304453,-6.148,1.000000,47.9410743608,-5,0.3408905858
10.641754,3.0752062260,2.9728547669,-0.9447600117,-0.5376632700,0.1052386073,-0.4070967417,0.1678928540,-0.0325422868,8.8210878514,0.2499910752,0.5344002488,0.9780679638,-0.0036482104,0.0016848404,0.0004100398,0.0000000000,-0.0047943658,1.0000000000,0.0946843488,0.3538164742,-5.749,1.000000,47.9410743608,-5,0.3348532597
10.650185,3.0670214506,2.9544469975,-0.9968451903,-0.6417968615,0.1160207787,-0.3550483288,0.1688596938,0.0418728699,8.9298188042,0.2581201061,0.5343911504,0.9780397188,-0.0033893994,-0.0125527237,0.0003576151,0.0000000000,-0.0049192439,1.0000000000,0.0946843488,-2.6360719733,-5.349,1.000000,47.9410743608,-7,0.3289656360
10.658426,3.0585987160,2.9345052472,-1.0470858513,-0.7475774555,0.1281078157,-0.2995083958,0.1699272589,0.1224703299,9.6716951970,0.2666181063,0.5343826953,0.9780519724,0.0014704296,-0.0286551108,0.0003016737,0.0000000000,-0.0050285328,1.0000000000,0.0946843488,-6.0175732671,-4.950,1.000000,47.9410743608,-4,0.3239684470
10.666759,3.0496638091,2.9145634970,-1.0971740386,-0.8548330465,0.1396906009,-0.2423409922,0.1710913473,0.2037889932,9.7582395948,0.2751718852,0.5343863636,0.9781480138,0.0115249683,-0.0456313625,0.0002440930,0.0000000000,-0.0051273667,1.0000000000,0.0946843488,-9.5825861155,-4.550,1.000000,47.9410743608,-5,0.3207409850
10.675089,3.0403186249,2.8946217467,-1.1464897164,-0.9634095924,0.1508702021,-0.1830801240,0.1723485989,0.2864922611,9.9243921513,0.2846458251,0.5344151018,0.9783769084,0.0274673599,-0.0637695403,0.0001844037,0.0000000000,-0.0052155466,1.0000000000,0.0946843488,-13.3916034664,-4.151,1.000000,47.9410743608,-5,0.3203033426
10.683511,3.0304561278,2.8731460157,-1.1955508536,-1.0731691388,0.1630728236,-0.1223817148,0.1737075391,0.3727650582,10.3527356605,0.2966884343,0.5344834940,0.9788014425,0.0509440853,-0.0840074077,0.0001232665,0.0000000000,-0.0052949882,1.0000000000,0.0946843488,-17.6415556075,-3.751,1.000000,47.9410743608,-3,0.3239413050
10.691759,3.0203997812,2.8501363039,-1.2427897951,-1.1839881385,0.1766212656,-0.0588016567,0.1751793830,0.4647036322,11.0326288702,0.3129935430,0.5346099725,0.9788014425,0.0000000000,-0.0946843488,0.0000592268,0.0000000000,-0.0053642986,1.0000000000,0.0946843488,-19.8837132445,-3.352,1.000000,47.9410743608,-2,0.3239413050
10.700096,3.0098416519,2.8286605729,-1.2896939039,-1.2932514983,0.1881255904,0.0035575944,0.1767470963,0.5514563146,10.4103218862,0.3235567093,0.5346099725,0.9788014425,0.0000000000,-0.0946843488,-0.0000035833,-0.0000000000,-0.0054267166,1.0000000000,0.0946843488,-19.8837132445,-2.952,1.000000,47.9410743608,-2,0.3239413050
10.708430,2.9989014842,2.8056508610,-1.3356912387,-1.4011216823,0.2007743767,0.0654304437,0.1784202161,0.6400994314,10.6371740253,0.3334916979,0.5346099725,0.9788014425,0.0000000000,-0.0946843488,-0.0000659035,-0.0000000000,-0.0054822433,1.0000000000,0.0946843488,-19.8837132445,-2.553,1.000000,47.9410743608,-2,0.3239413050
10.716784,2.9875533490,2.7826411492,-1.3808833191,-1.5077441875,0.2130084957,0.1268608684,0.1801952869,0.7275771232,10.4973230168,0.3421545189,0.5346099725,0.9788014425,0.0000000000,-0.0946843488,-0.0001277780,-0.0000000000,-0.0055317719,1.0000000000,0.0946843488,-19.8837132445,-2.153,1.000000,47.9410743608,-3,0.3239413050
10.725097,2.9758905193,2.7611654182,-1.4249077603,-1.6107448672,0.2233744908,0.1858371069,0.1820567410,0.8089757131,9.7678307790,0.3490472126,0.5346099725,0.9788014425,0.0000000000,-0.0946843488,-0.0001871806,-0.0000000000,-0.0055756295,1.0000000000,0.0946843488,-19.8837132445,-1.754,1.000000,47.9410743608,-1,0.3239413050
10.733425,2.9638438529,2.7381557064,-1.4680367305,-1.7105019685,0.2348732126,0.2424652379,0.1840140177,0.8903702764,9.7673475978,0.3551764384,0.5346099725,0.9788014425,0.0000000000,-0.0946843488,-0.0002442181,-0.0000000000,-0.0056147422,1.0000000000,0.0946843488,-19.8837132445,-1.354,1.000000,47.9410743608,-2,0.3239413050
10.741761,2.9514293139,2.7136120138,-1.5102034761,-1.8048497874,0.2475089959,0.2946463113,0.1860765927,0.9696798153,9.5171446697,0.3606166532,0.5346099725,0.9788014425,0.0000000000,-0.0946843488,-0.0002967764,-0.0000000000,-0.0056496002,1.0000000000,0.0946843488,-19.8837132445,-0.955,1.000000,47.9410743608,-1,0.3239413050
10.750089,2.9386810287,2.6921362827,-1.5512921514,-1.8943532450,0.2567170581,0.3430610935,0.1882159015,1.0384912723,8.2573748413,0.3643585765,0.5346099725,0.9788014425,0.0000000000,-0.0946843488,-0.0003455412,-0.0000000000,-0.0056806141,1.0000000000,0.0946843488,-19.8837132445,-0.555,1.000000,47.9410743608,-1,0.3239413050
10.758425,2.9255810338,2.6691265709,-1.5913606253,-1.9795182642,0.2670840947,0.3881576389,0.1904416023,1.1063714024,8.1456156172,0.3676937853,0.5346099725,0.9788014425,0.0000000000,-0.0946843488,-0.0003909638,-0.0000000000,-0.0057082786,1.0000000000,0.0946843488,-19.8837132445,-0.156,1.000000,47.9410743608,-1,0.3239413050
10.766759,2.9121568548,2.6476508399,-1.6303226298,-2.0582934835,0.2755586545,0.4279708537,0.1927379244,1.1652793791,7.0689571991,0.3702795012,0.5346099725,0.9788014425,0.0000000000,-0.0946843488,-0.0004310648,-0.0000000000,-0.0057329319,1.0000000000,0.0946843488,-19.8837132445,0.244,1.000000,47.9410743608,-1,0.3239413050
10.775093,2.8984112781,2.6246411281,-1.6681709786,-2.1288417761,0.2852016203,0.4606707975,0.1951146046,1.2194737761,6.5033276426,0.3731382427,0.5346099725,0.9788014425,0.0000000000,-0.0946843488,-0.0004640012,-0.0000000000,-0.0057549257,1.0000000000,0.0946843488,-19.8837132445,0.643,1.000000,47.9410743608,-7,0.3239413050
10.783512,2.8842093644,2.6077673394,-1.7052460970,-2.1920223248,0.2882127626,0.4867762277,0.1975163776,1.2539276010,4.1344589828,0.3752629860,0.5346099725,0.9788014425,0.0000000000,-0.0946843488,-0.0004902953,-0.0000000000,-0.0057747468,1.0000000000,0.0946843488,-19.8837132445,1.043,1.000000,47.9410743608,-6,0.3239413050
10.791761,2.8699975878,2.5924275315,-1.7404124545,-2.2435956864,0.2896177330,0.5031832318,0.1999298587,1.2755046868,2.5892502961,0.3780456599,0.5346099725,0.9788014425,0.0000000000,-0.0946843488,-0.0005068210,-0.0000000000,-0.0057920902,1.0000000000,0.0946843488,-19.8837132445,1.442,1.000000,47.9410743608,10,0.3239413050
10.800095,2.8553484858,2.5801556852,-1.7747570905,-2.2797651658,0.2874347004,0.5050080753,0.2023251479,1.2753559000,-0.0178544118,0.3822048119,0.5346099725,0.9788014425,0.0000000000,-0.0946843488,-0.0005086590,-0.0000000000,-0.0058077597,1.0000000000,0.0946843488,-19.8837132445,1.842,1.000000,47.9410743608,29,0.3239413050
10.808429,2.8404178640,2.5709518005,-1.8078858317,-2.2971305775,0.2818012123,0.4892447459,0.2046734913,1.2507200450,-2.9563026071,0.3881900294,0.5346099725,0.9788014425,0.0000000000,-0.0946843488,-0.0004927817,-0.0000000000,-0.0058217713,1.0000000000,0.0946843488,-19.8837132445,2.241,1.000000,47.9410743608,-6,0.3239413050
10.816785,2.8251767241,2.5632818966,-1.8398558325,-2.2951512847,0.2742193479,0.4552954522,0.2069586526,1.2039664495,-5.6104314555,0.3961100240,0.5346099725,0.9788014425,0.0000000000,-0.0946843488,-0.0004585870,-0.0000000000,-0.0058343373,1.0000000000,0.0946843488,-19.8837132445,2.641,1.000000,47.9410743608,-3,0.3239413050
10.825095,2.8097611862,2.5556119926,-1.8703897815,-2.2733431121,0.2663566082,0.4029533306,0.2091782910,1.1381975992,-7.8922620346,0.4057164949,0.5346099725,0.9788014425,0.0000000000,-0.0946843488,-0.0004058665,-0.0000000000,-0.0058455217,1.0000000000,0.0946843488,-19.8837132445,3.040,1.000000,47.9410743608,0,0.3239413050
10.833426,2.7940545084,2.5510100503,-1.8997266753,-2.2287680008,0.2550125130,0.3290413255,0.2113033952,1.0438516778,-11.3215105650,0.4158076548,0.5346099725,0.9788014425,0.0000000000,-0.0946843488,-0.0003314201,-0.0000000000,-0.0058555643,1.0000000000,0.0946843488,-19.8837132445,3.440,1.000000,47.9410743608,0,0.3239413050
10.841764,2.7780972798,2.5464081079,-1.9277817514,-2.1638036268,0.2433083806,0.2360218753,0.2133309651,0.9295871041,-13.7117488533,0.4252411621,0.5346099725,0.9788014425,0.0000000000,-0.0946843488,-0.0002377282,-0.0000000000,-0.0058645639,1.0000000000,0.0946843488,-19.8837132445,3.839,1.000000,47.9410743608,9,0.3239413050
10.850118,2.7618803663,2.5433401463,-1.9545642490,-2.0830838007,0.2297259788,0.1285195517,0.2152453482,0.7969978059,-15.9107157779,0.4316326997,0.5346099725,0.9788014425,0.0000000000,-0.0946843488,-0.0001294487,-0.0000000000,-0.0058726372,1.0000000000,0.0946843488,-19.8837132445,4.239,1.000000,47.9410743608,6,0.3239413050
10.858426,2.7455354880,2.5418061655,-1.9798656568,-1.9857495020,0.2143924149,0.0058838452,0.2170319517,0.6456713200,-18.1591783054,0.4330455077,0.5346099725,0.9788014425,0.0000000000,-0.0946843488,-0.0000059264,-0.0000000000,-0.0058798259,1.0000000000,0.0946843488,-19.8837132445,4.638,1.000000,47.9410743608,3,0.3239413050
10.866760,2.7289346357,2.5418061655,-2.0038901316,-1.8760403194,0.1972024454,-0.1278498123,0.2186753054,0.4794188105,-19.9503011492,0.4276389777,0.5346099725,0.9788014425,0.0000000000,-0.0946843488,0.0001287741,0.0000000000,-0.0058862796,1.0000000000,0.0946843488,-19.8837132445,5.038,1.000000,47.9410743608,4,0.3239413050
10.875088,2.7121509513,2.5402721847,-2.0265259129,-1.7602575267,0.1813310105,-0.2662683862,0.2201863972,0.3109695773,-20.2139079725,0.4160572062,0.5346099725,0.9791825882,0.0457374905,-0.0912507928,0.0002681934,0.0000000000,-0.0058920456,1.0000000000,0.0946843488,-19.1626664896,5.437,1.000000,47.9410743608,4,0.3271784994
10.883505,2.6950021445,2.5418061655,-2.0479942529,-1.6365309758,0.1619838351,-0.4114632771,0.2215362625,0.1286822294,-21.8744817485,0.3999309120,0.5347231151,0.9792172895,0.0041641514,-0.0398139263,0.0004144379,0.0000000000,-0.0058972462,1.0000000000,0.0946843488,-8.3609245322,5.837,1.000000,47.9410743608,5,0.3228007355
10.891759,2.6780160959,2.5433401463,-2.0676558910,-1.5106991737,0.1427881132,-0.5569567173,0.2227261634,-0.0537606137,-21.8931411829,0.3684287150,0.5347333968,0.9791943787,-0.0027492970,0.0080966440,0.0005609832,0.0000000000,-0.0059017909,1.0000000000,0.0946843488,1.7002952306,5.437,1.000000,47.9410743608,4,0.3172700577
10.900108,2.6606743123,2.5448741271,-2.0861305263,-1.3829819834,0.1232265321,-0.7031485429,0.2237530512,-0.2377891779,-22.0834276942,0.3317395500,0.5347266089,0.9793631873,0.0202570324,0.0495718343,0.0007082319,0.0000000000,-0.0059058793,1.0000000000,0.0946843488,10.4100851990,5.038,1.000000,47.9410743608,4,0.3158951329
10.908570,2.6429470962,2.5479420887,-2.1033901584,-1.2560807547,0.1017499193,-0.8473094036,0.2246009672,-0.4237665049,-22.3172792451,0.2966819860,0.5347765902,0.9799210605,0.0669447854,0.0846135014,0.0008534350,0.0000000000,-0.0059095461,1.0000000000,0.0946843488,17.7688352887,4.638,1.000000,47.9410743608,4,0.3225124802
10.916757,2.6256637913,2.5494760695,-2.1186733939,-1.1324147210,0.0822685708,-0.9862586729,0.2246009672,-0.6014057323,-21.3167072853,0.2694237068,0.5349412252,0.9799210605,0.0000000000,0.0946843488,0.0009933888,0.0000000000,-0.0059126745,1.0000000000,0.0946843488,19.8837132445,4.239,1.000000,47.9410743608,4,0.3225124802
10.925099,2.6079297021,2.5525440310,-2.1328051233,-1.0141504615,0.0608314637,-1.1186546618,0.2246009672,-0.7763758158,-20.9964100265,0.2358771575,0.5349412252,0.9799210605,0.0000000000,0.0946843488,0.0011267419,0.0000000000,-0.0059154715,0.8903271669,0.0946843488,19.8837132445,3.839,1.000000,47.9410743608,4,0.3225124802
10.933426,2.5901153343,2.5556119926,-2.1454510608,-0.9007238396,0.0393400552,-1.2447272212,0.2246009672,-0.9451303125,-20.2505395989,0.2044564648,0.5349412252,0.9799210605,0.0000000000,0.0946843488,0.0012537259,0.0000000000,-0.0059178989,0.2180287343,0.0946843488,19.8837132445,3.440,1.000000,47.9410743608,3,0.3225124802
10.941752,2.5722065976,2.5586799542,-2.1566259015,-0.7916296342,0.0177775420,-1.3649962674,0.2246009672,-1.1082225098,-19.5710636787,0.1756869799,0.5349412252,0.9799210605,0.0000000000,0.0946843488,0.0013748644,0.0000000000,-0.0059199862,0.0000000000,0.0946843488,19.8837132445,3.040,1.000000,47.9410743608,2,0.3225124802
10.950080,2.5542036657,2.5632818966,-2.1663292260,-0.6889198360,-0.0053788640,-1.4774093900,0.2245561433,-1.2666684535,-19.0135132403,0.1497502423,0.5349412252,0.9799210605,0.0000000000,0.0946843488,0.0014880902,0.0000000000,-0.0059217558,0.0000000000,0.0946843488,19.8837132445,2.641,1.000000,47.9410743608,3,0.3225124802
10.958493,2.5359426991,2.5648158773,-2.1746252061,-0.5919276864,-0.0256946406,-1.5826975197,0.2243420213,-1.4125148502,-17.5015676014,0.1280803037,0.5349412252,0.9799210605,0.0000000000,0.0946843488,0.0015941395,0.0000000000,-0.0059232379,0.0000000000,0.0946843488,19.8837132445,2.241,1.000000,47.9410743608,2,0.3225124802
10.966763,2.5179298964,2.5678838389,-2.1812998719,-0.5000560601,-0.0472687377,-1.6812438118,0.2239481151,-1.5542957100,-17.0137031786,0.1089677566,0.5349412252,0.9799210605,0.0000000000,0.0946843488,0.0016933983,0.0000000000,-0.0059244101,0.4749887875,0.0946843488,19.8837132445,1.842,1.000000,47.9410743608,2,0.3225124802
10.975092,2.4997380019,2.5724857813,-2.1865342688,-0.4152746414,-0.0705178345,-1.7712596274,0.2233604665,-1.6910636821,-16.4121566543,0.0925143176,0.5349412252,0.9799210605,0.0000000000,0.0946843488,0.0017840648,0.0000000000,-0.0059253169,1.0000000000,0.0946843488,19.8837132445,1.442,1.000000,47.9410743608,1,0.3225124802
10.983427,2.4814973842,2.5740197621,-2.1902733754,-0.3393474097,-0.0907001476,-1.8509259657,0.2226046320,-1.8115573842,-14.4592442488,0.0797232633,0.5349412252,0.9799210605,0.0000000000,0.0946843488,0.0018643071,0.0000000000,-0.0059259580,1.0000000000,0.0946843488,19.8837132445,1.043,1.000000,47.9410743608,1,0.3225124802
10.991759,2.4632370942,2.5770877236,-2.1925104786,-0.2688452253,-0.1124069823,-1.9236652533,0.2216679071,-1.9283301021,-14.0127261479,0.0686640699,0.5349412252,0.9799210605,0.0000000000,0.0946843488,0.0019375723,0.0000000000,-0.0059263390,1.0000000000,0.0946843488,19.8837132445,0.643,1.000000,47.9410743608,1,0.3225124802
11.000123,2.4448957032,2.5786217044,-2.1932452588,-0.2057059694,-0.1326213998,-1.9875392894,0.2205627288,-2.0334397313,-12.6131555017,0.0598764176,0.5349412252,0.9799210605,0.0000000000,0.0946843488,0.0020019081,0.0000000000,-0.0059264637,1.0000000000,0.0946843488,19.8837132445,0.244,1.000000,47.9410743608,1,0.3225124802
11.008442,2.4266530367,2.5801556852,-2.1924741968,-0.1491606912,-0.1527016843,-2.0433135056,0.2192902147,-2.1303481537,-11.6290106929,0.0526683122,0.5349412252,0.9799210605,0.0000000000,0.0946843488,0.0020580855,0.0000000000,-0.0059263328,1.0000000000,0.0946843488,19.8837132445,-0.156,1.000000,47.9410743608,-2,0.3225124802
11.016764,2.4084152246,2.5832236468,-2.1902045237,-0.0985207454,-0.1742793847,-2.0916837783,0.2178378865,-2.2230038062,-11.1186783010,0.0465057455,0.5349412252,0.9799210605,0.0000000000,0.0946843488,0.0021068055,0.0000000000,-0.0059259463,1.0000000000,0.0946843488,19.8837132445,-0.555,1.000000,47.9410743608,0,0.3225124802
11.025085,2.3902043534,2.5832236468,-2.1864382523,-0.0556738546,-0.1927203356,-2.1307643977,0.2162318837,-2.3002917514,-9.2745534255,0.0419941310,0.5349412252,0.9799210605,0.0000000000,0.0946843488,0.0021461686,0.0000000000,-0.0059253004,1.0000000000,0.0946843488,19.8837132445,-0.955,1.000000,47.9410743608,0,0.3225124802
11.033509,2.3718081224,2.5816896660,-2.1811039207,-0.0223105958,-0.2097617400,-2.1587933249,0.2144838692,-2.3638885358,-7.6316141244,0.0387629369,0.5349412252,0.9799210605,0.0000000000,0.0946843488,0.0021744002,0.0000000000,-0.0059243760,1.0000000000,0.0946843488,19.8837132445,-1.354,1.000000,47.9410743608,0,0.3225124802
11.041758,2.3538421978,2.5816896660,-2.1743996284,0.0025594585,-0.2278612120,-2.1769590868,0.2125850258,-2.4198722017,-6.7180399087,0.0362202965,0.5349412252,0.9799210605,0.0000000000,0.0946843488,0.0021926973,0.0000000000,-0.0059231980,1.0000000000,0.0946843488,19.8837132445,-1.754,1.000000,47.9410743608,0,0.3225124802
11.050099,2.3357382755,2.5801556852,-2.1661357240,0.0198232999,-0.2445238570,-2.1859590240,0.2105473270,-2.4639734228,-5.2921465269,0.0345432774,0.5349412252,0.9799210605,0.0000000000,0.0946843488,0.0022017623,0.0000000000,-0.0059217209,1.0000000000,0.0946843488,19.8837132445,-2.153,1.000000,47.9410743608,-1,0.3225124802
11.058420,2.3177531404,2.5786217044,-2.1564098710,0.0277708385,-0.2610176881,-2.1841807095,0.2083721796,-2.4970966587,-3.9747883156,0.0335920784,0.5349412252,0.9799210605,0.0000000000,0.0946843488,0.0021999711,0.0000000000,-0.0059199463,1.0000000000,0.0946843488,19.8837132445,-2.553,1.000000,47.9410743608,-1,0.3225124802
11.066758,2.2998203891,2.5770877236,-2.1451872785,0.0298794751,-0.2774277815,-2.1750667536,0.2060602814,-2.5228527933,-3.0907361513,0.0331016702,0.5349412252,0.9799210605,0.0000000000,0.0946843488,0.0021907913,0.0000000000,-0.0059178489,1.0000000000,0.0946843488,19.8837132445,-2.952,1.000000,47.9410743608,-3,0.3225124802
11.075210,2.2817425140,2.5724857813,-2.1323080558,0.0267589981,-0.2908869579,-2.1590670539,0.2036362234,-2.5359732579,-1.5744557479,0.0333565348,0.5349412252,0.9799210605,0.0000000000,0.0946843488,0.0021746759,0.0000000000,-0.0059153746,1.0000000000,0.0946843488,19.8837132445,-3.352,1.000000,47.9410743608,-2,0.3225124802
11.083430,2.2642709459,2.5694178197,-2.1183400207,0.0189555126,-0.3052486613,-2.1372955334,0.2010924846,-2.5452323314,-1.1110888179,0.0338294175,0.5349412252,0.9799210605,0.0000000000,0.0946843488,0.0021527470,0.0000000000,-0.0059126074,1.0000000000,0.0946843488,19.8837132445,-3.751,1.000000,47.9410743608,-3,0.3225124802
11.091760,2.2466888547,2.5663498581,-2.1027441245,0.0044536422,-0.3196849186,-2.1071977667,0.1984284436,-2.5464318467,-0.1439418444,0.0348174843,0.5349412252,0.9799210605,0.0000000000,0.0946843488,0.0021224316,0.0000000000,-0.0059094115,1.0000000000,0.0946843488,19.8837132445,-4.151,1.000000,47.9410743608,-4,0.3225124802
11.100112,2.2291981888,2.5617479158,-2.0856627515,-0.0135426157,-0.3324770057,-2.0721201358,0.1956578019,-2.5394912893,0.8328668954,0.0363350574,0.5349412252,0.9799210605,0.0000000000,0.0946843488,0.0020871004,0.0000000000,-0.0059057779,1.0000000000,0.0946843488,19.8837132445,-4.550,1.000000,47.9410743608,-3,0.3225124802
11.108425,2.2119353066,2.5556119926,-2.0672338678,-0.0371727716,-0.3434770754,-2.0300610962,0.1927954929,-2.5221007650,2.0868629077,0.0385895320,0.5349412252,0.9799210605,0.0000000000,0.0946843488,0.0020447373,0.0000000000,-0.0059016955,1.0000000000,0.0946843488,19.8837132445,-4.950,1.000000,47.9410743608,-5,0.3225124802
11.116744,2.1948180392,2.5494760695,-2.0473788070,-0.0658484468,-0.3543044368,-1.9815303602,0.1898429559,-2.4979845149,2.8939500134,0.0414292182,0.5349412252,0.9799210605,0.0000000000,0.0946843488,0.0019958557,0.0000000000,-0.0058971007,1.0000000000,0.0946843488,19.8837132445,-5.349,1.000000,47.9410743608,-3,0.3225124802
11.125091,2.1778169345,2.5418061655,-2.0260537115,-0.0990427100,-0.3634573908,-1.9270110016,0.1868141444,-2.4646294794,4.0026042628,0.0451270151,0.5349412252,0.9799210605,0.0000000000,0.0946843488,0.0019409422,0.0000000000,-0.0058919283,1.0000000000,0.0946843488,19.8837132445,-5.749,1.000000,47.9410743608,-3,0.3225124802
11.133426,2.1610244687,2.5356702424,-2.0033702998,-0.1387881089,-0.3739005083,-1.8645821908,0.1836983068,-2.4260130685,4.6339693047,0.0495066523,0.5349412252,0.9799210605,0.0000000000,0.0946843488,0.0018780621,0.0000000000,-0.0058861436,1.0000000000,0.0946843488,19.8837132445,-6.148,1.000000,47.9410743608,-6,0.3225124802
11.141760,2.1444270125,2.5264663576,-1.9793138442,-0.1818960242,-0.3810625985,-1.7974178200,0.1805227851,-2.3762038288,5.9771087662,0.0551936022,0.5349412252,0.9799210605,0.0000000000,0.0946843488,0.0018104121,0.0000000000,-0.0058796735,1.0000000000,0.0946843488,19.8837132445,-6.548,1.000000,47.9410743608,-5,0.3225124802
11.150176,2.1278761230,2.5187964537,-1.9536448065,-0.2280152899,-0.3896959326,-1.7256295166,0.1772753190,-2.3247634876,6.1728409425,0.0615236148,0.5349412252,0.9799210605,0.0000000000,0.0946843488,0.0017381048,0.0000000000,-0.0058723681,1.0000000000,0.0946843488,19.8837132445,-6.947,1.000000,47.9410743608,-6,0.3225124802
11.158427,2.1118652081,2.5080585882,-1.9271535957,-0.2768314141,-0.3947068488,-1.6503221816,0.1739860953,-2.2626511680,7.4534783609,0.0694975719,0.5349412252,0.9799210605,0.0000000000,0.0946843488,0.0016622531,0.0000000000,-0.0058643686,1.0000000000,0.0946843488,19.8837132445,-7.347,1.000000,47.9410743608,-7,0.3225124802
11.166759,2.0959250542,2.5003886843,-1.8990896913,-0.3305671977,-0.4026885478,-1.5685224935,0.1706303574,-2.2000120563,7.5166934016,0.0782432759,0.5349412252,0.9799210605,0.0000000000,0.0946843488,0.0015798620,0.0000000000,-0.0058553533,1.0000000000,0.0946843488,19.8837132445,-7.746,1.000000,47.9410743608,-6,0.3225124802
11.175089,2.0802263292,2.4896508187,-1.8697290064,-0.3862044053,-0.4073506462,-1.4835246011,0.1672357687,-2.1276203221,8.6870081048,0.0890243839,0.5349412252,0.9799210605,0.0000000000,0.0946843488,0.0014942496,0.0000000000,-0.0058452877,1.0000000000,0.0946843488,19.8837132445,-8.146,1.000000,47.9410743608,-8,0.3225124802
11.183508,2.0646139783,2.4789129532,-1.8387538250,-0.4435444608,-0.4119172266,-1.3952093642,0.1638031251,-2.0517590686,9.1033504218,0.1012990772,0.5349412252,0.9799210605,0.0000000000,0.0946843488,0.0014052959,0.0000000000,-0.0058339191,1.0000000000,0.0946843488,19.8837132445,-8.545,1.000000,47.9410743608,-6,0.3225124802
11.191761,2.0495689141,2.4666411069,-1.8071431432,-0.5024095264,-0.4143743504,-1.3047336168,0.1603500055,-1.9695681142,9.8629145262,0.1156531127,0.5349412252,0.9799210605,0.0000000000,0.0946843488,0.0013141661,0.0000000000,-0.0058214685,1.0000000000,0.0946843488,19.8837132445,-8.945,1.000000,47.9410743608,-9,0.3225124802
11.200097,2.0346423998,2.4543692606,-1.7739813411,-0.5626403370,-0.4167055906,-1.2113410041,0.1568774589,-1.8842294455,10.2406402379,0.1318202246,0.5349412252,0.9799210605,0.0000000000,0.0946843488,0.0012200983,0.0000000000,-0.0058074189,1.0000000000,0.0946843488,19.8837132445,-9.344,1.000000,47.9410743608,-7,0.3225124802
11.208431,2.0199996214,2.4420974143,-1.7396083970,-0.6240942605,-0.4187465270,-1.1155141366,0.1533879046,-1.7958967493,10.5999235469,0.1498631440,0.5349412252,0.9799210605,0.0000000000,0.0946843488,0.0011235787,0.0000000000,-0.0057917087,1.0000000000,0.0946843488,19.8837132445,-9.744,1.000000,47.9410743608,-8,0.3225124802
11.216787,2.0056113565,2.4313595488,-1.7039488143,-0.6866435603,-0.4220610487,-1.0173052539,0.1498707291,-1.7077386140,10.5789762343,0.1691106541,0.5349412252,0.9799210605,0.0000000000,0.0946843488,0.0010246598,0.0000000000,-0.0057740806,1.0000000000,0.0946843488,19.8837132445,-10.143,1.000000,47.9410743608,-10,0.3225124802
11.225094,1.9916087378,2.4175537217,-1.6673372168,-0.7476693919,-0.4219301433,-0.9196678249,0.1463546446,-1.6133082385,11.3316450600,0.1911819294,0.5349412252,0.9799210605,0.0000000000,0.0946843488,0.0009263165,0.0000000000,-0.0057544609,1.0000000000,0.0946843488,19.8837132445,-10.543,1.000000,47.9410743608,-8,0.3225124802
11.233425,1.9778754654,2.4037478946,-1.6294784576,-0.8073308594,-0.4215372180,-0.8221475982,0.1428418345,-1.5184714650,11.3804128189,0.2147219705,0.5349412252,0.9799210605,0.0000000000,0.0946843488,0.0008280913,0.0000000000,-0.0057324200,1.0000000000,0.0946843488,19.8837132445,-10.942,1.000000,47.9410743608,-11,0.3225124802
11.241760,1.9644539755,2.3899420675,-1.5904789353,-0.8657704508,-0.4208390714,-0.7247084845,0.1393348422,-1.4231038985,11.4441079766,0.2396034708,0.5349412252,0.9799210605,0.0000000000,0.0946843488,0.0007299477,0.0000000000,-0.0057076957,1.0000000000,0.0946843488,19.8837132445,-11.342,1.000000,47.9410743608,-11,0.3225124802
11.250114,1.9513356491,2.3746022596,-1.5503053828,-0.9256202218,-0.4182962083,-0.6246851609,0.1358490405,-1.3214676201,12.1963534125,0.2672606272,0.5349412252,0.9799210605,0.0000000000,0.0946843488,0.0006292013,0.0000000000,-0.0056799016,1.0000000000,0.0946843488,19.8837132445,-11.741,1.000000,47.9410743608,-11,0.3225124802
11.258427,1.9386175732,2.3592624518,-1.5092637324,-0.9842284511,-0.4153597614,-0.5250352813,0.1323877091,-1.2193989992,12.2482345142,0.2959496784,0.5349412252,0.9799210605,0.0000000000,0.0946843488,0.0005288310,0.0000000000,-0.0056488578,1.0000000000,0.0946843488,19.8837132445,-12.141,1.000000,47.9410743608,-11,0.3225124802
11.266759,1.9262167245,2.3454566247,-1.4670940647,-1.0417247997,-0.4136460387,-0.4253692649,0.1289406588,-1.1197284900,11.9604610937,0.3242476784,0.5349412252,0.9799210605,0.0000000000,0.0946843488,0.0004284444,0.0000000000,-0.0056139258,1.0000000000,0.0946843488,19.8837132445,-12.540,1.000000,47.9410743608,-12,0.3225124802
11.275087,1.9141777878,2.3301168168,-1.4239424324,-1.0982253874,-0.4100417702,-0.3257170450,0.1255236441,-1.0162875369,12.4129143718,0.3540316892,0.5349412252,0.9799210605,0.0000000000,0.0946843488,0.0003280718,0.0000000000,-0.0055747117,1.0000000000,0.0946843488,19.8837132445,-12.940,1.000000,47.9410743608,-11,0.3225124802
11.283501,1.9023843678,2.3132430281,-1.3793582792,-1.1563386554,-0.4046493445,-0.2230196238,0.1221515662,-0.9062057922,13.2098093638,0.3856820872,0.5349412252,0.9799210605,0.0000000000,0.0946843488,0.0002246319,0.0000000000,-0.0055301771,1.0000000000,0.0946843488,19.8837132445,-13.339,1.000000,47.9410743608,-12,0.3225124802
11.291761,1.8911746146,2.2963692395,-1.3346486461,-1.2133917343,-0.3986789449,-0.1212569118,0.1188292416,-0.7958618415,13.2412740864,0.4167393209,0.5349412252,0.9799210605,0.0000000000,0.0946843488,0.0001221335,0.0000000000,-0.0054810435,1.0000000000,0.0946843488,19.8837132445,-13.739,1.000000,47.9410743608,-13,0.3225124802
11.300097,1.8802398805,2.2779614700,-1.2886162683,-1.2719997938,-0.3908911957,-0.0166164745,0.1155718150,-0.6789669165,14.0273910073,0.4486028778,0.5349412252,0.9799210605,0.0000000000,0.0946843488,0.0000167366,0.0000000000,-0.0054253501,1.0000000000,0.0946843488,19.8837132445,-14.138,1.000000,47.9410743608,-15,0.3225124802
11.308430,1.8696962009,2.2610876813,-1.2417166335,-1.3294959904,-0.3842523431,0.0877793570,0.1123697122,-0.5645437541,13.7307794814,0.4773156397,0.5349412252,0.9799210605,0.0000000000,0.0946843488,-0.0000884140,-0.0000000000,-0.0053627979,1.0000000000,0.0946843488,19.8837132445,-14.538,1.000000,47.9410743608,-14,0.3225124802
11.316762,1.8595485578,2.2442138927,-1.1939739083,-1.3859964420,-0.3772228009,0.1920225336,0.1092261888,-0.4494395748,13.8125015162,0.5035751700,0.5349412252,0.9799210605,0.0000000000,0.0946843488,-0.0001934107,-0.0000000000,-0.0052925564,1.0000000000,0.0946843488,19.8837132445,-14.937,1.000000,47.9410743608,-14,0.3225124802
11.325179,1.8497056030,2.2273401040,-1.1449177894,-1.4391006910,-0.3699068075,0.2941829016,0.1061436321,-0.3357891958,13.6380454811,0.5265332524,0.5349412252,0.9799210605,0.0000000000,0.0946843488,-0.0002963097,-0.0000000000,-0.0052128683,1.0000000000,0.0946843488,19.8837132445,-15.337,1.000000,47.9410743608,-15,0.3225124802
11.333426,1.8404635338,2.2089323346,-1.0960672072,-1.4916678701,-0.3604588316,0.3956006629,0.1031398085,-0.2185696716,14.0663429014,0.5473712458,0.5349412252,0.9801437836,0.0267267687,0.0700512252,-0.0003984606,-0.0000000000,-0.0051252864,1.0000000000,0.0946843488,14.7107572829,-15.085,1.000000,47.9410743608,-16,0.3226393167
11.341763,1.8315345292,2.1920585459,-1.0459430431,-1.5437540684,-0.3522343547,0.4978110254,0.1002045222,-0.1029198341,13.8779805036,0.5631308944,0.5350067208,0.9801674925,0.0028450691,0.0309312103,-0.0005014099,-0.0000000000,-0.0050261628,1.0000000000,0.0946843488,6.4955541562,-14.685,1.000000,47.9410743608,-15,0.3182152910
11.350094,1.8230321527,2.1736507764,-0.9951369717,-1.5954095174,-0.3420515820,0.6002725457,0.0973540923,0.0169540093,14.3848612093,0.5675394257,0.5350136850,0.9801343366,-0.0039787057,-0.0115658826,-0.0006046122,-0.0000000000,-0.0049153399,1.0000000000,0.0946843488,-2.4288353477,-14.286,1.000000,47.9410743608,-15,0.3125641270
11.358475,1.8149079492,2.1552430070,-0.9433332181,-1.6441747540,-0.3315061561,0.7008415358,0.0945915410,0.1357422043,14.2545833992,0.5646942157,0.5350039455,0.9802015145,0.0080613428,-0.0536958885,-0.0007059082,-0.0000000000,-0.0047907709,1.0000000000,0.0946843488,-11.2761365916,-13.886,1.000000,47.9410743608,-14,0.3093959475
11.366760,1.8073074850,2.1353012567,-0.8914884733,-1.6928560674,-0.3189034607,0.8013675940,0.0945915410,0.2612972156,15.0666013558,0.5620842906,0.5350236760,0.9802015145,0.0000000000,-0.0946843488,-0.0008071610,-0.0000000000,-0.0046535465,1.0000000000,0.0946843488,-19.8837132445,-13.487,1.000000,47.9410743608,-14,0.3093959475
11.375094,1.8000966914,2.1153595065,-0.8387185399,-1.7389577736,-0.3059249468,0.9002392337,0.0945915410,0.3859441839,14.9576361914,0.5601198334,0.5350236760,0.9802015145,0.0000000000,-0.0946843488,-0.0009067475,-0.0000000000,-0.0045000952,1.0000000000,0.0946843488,-19.8837132445,-13.087,1.000000,47.9410743608,-13,0.3093959475
11.383420,1.7933352537,2.0954177563,-0.7854318619,-1.7852537238,-0.2924960340,0.9998218619,0.0945915410,0.5121966329,15.1502938798,0.5529260342,0.5350236760,0.9802015145,0.0000000000,-0.0946843488,-0.0010070500,-0.0000000000,-0.0043301711,1.0000000000,0.0946843488,-19.8837132445,-12.688,1.000000,47.9410743608,-12,0.3093959475
11.391761,1.7870084794,2.0785439676,-0.7315080353,-1.8292191833,-0.2817129335,1.0977111481,0.0945915410,0.6315011565,14.3165428401,0.5396749933,0.5350236760,0.9802015145,0.0000000000,-0.0946843488,-0.0011056470,-0.0000000000,-0.0041420783,1.0000000000,0.0946843488,-19.8837132445,-12.288,1.000000,47.9410743608,-12,0.3093959475
11.400093,1.7811394996,2.0586022173,-0.6771389944,-1.8685930896,-0.2674287328,1.1914540952,0.0945915410,0.7536125263,14.6533643743,0.5245874744,0.5350236760,0.9802015145,0.0000000000,-0.0946843488,-0.0012000676,-0.0000000000,-0.0039352641,1.0000000000,0.0946843488,-19.8837132445,-11.889,1.000000,47.9410743608,-10,0.3093959475
11.408433,1.7757208651,2.0401944479,-0.6222567931,-1.9063594121,-0.2542368000,1.2841026191,0.0945915410,0.8724602288,14.2617242977,0.5053136545,0.5350236760,0.9802015145,0.0000000000,-0.0946843488,-0.0012933860,-0.0000000000,-0.0037084186,1.0000000000,0.0946843488,-19.8837132445,-11.489,1.000000,47.9410743608,-11,0.3093959475
11.416754,1.7707724322,2.0233206592,-0.5670729564,-1.9401815911,-0.2421298256,1.3731086347,0.0945915410,0.9855106955,13.5660560024,0.4834475466,0.5350236760,0.9802015145,0.0000000000,-0.0946843488,-0.0013830354,-0.0000000000,-0.0034616140,1.0000000000,0.0946843488,-19.8837132445,-11.090,1.000000,47.9410743608,-11,0.3093959475
11.425087,1.7662786413,2.0064468706,-0.5114207282,-1.9704715351,-0.2295871767,1.4590508069,0.0945915410,1.0963625685,13.3022247666,0.4600520824,0.5350236760,0.9802015145,0.0000000000,-0.0946843488,-0.0014695989,-0.0000000000,-0.0031935698,1.0000000000,0.0946843488,-19.8837132445,-10.690,1.000000,47.9410743608,-11,0.3093959475
11.433514,1.7622073913,1.9880391011,-0.4547856914,-1.9950936862,-0.2151184410,1.5403079947,0.0945915410,1.2063546654,13.1990516257,0.4364988429,0.5350236760,0.9802015145,0.0000000000,-0.0946843488,-0.0015514435,-0.0000000000,-0.0029012369,1.0000000000,0.0946843488,-19.8837132445,-10.291,1.000000,47.9410743608,-12,0.3093959475
11.441761,1.7586861364,1.9726992932,-0.3990456557,-2.0146399628,-0.2031949282,1.6155943071,0.0945915410,1.3053210741,11.8759690358,0.4129740523,0.5350236760,0.9802015145,0.0000000000,-0.0946843488,-0.0016272741,-0.0000000000,-0.0025948154,1.0000000000,0.0946843488,-19.8837132445,-9.891,1.000000,47.9410743608,-9,0.3093959475
11.450093,1.7555967999,1.9558255046,-0.3424631492,-2.0296404665,-0.1893299263,1.6871773173,0.0945915410,1.4044399780,11.8942684799,0.3899027808,0.5350236760,0.9802015145,0.0000000000,-0.0946843488,-0.0016993747,-0.0000000000,-0.0022657618,1.0000000000,0.0946843488,-19.8837132445,-9.492,1.000000,47.9410743608,-10,0.3093959475
11.458478,1.7529650162,1.9404856967,-0.2852893717,-2.0380654884,-0.1765766613,1.7527761168,0.0945915410,1.4953667618,10.9112140496,0.3680767779,0.5350236760,0.9802015145,0.0000000000,-0.0946843488,-0.0017654477,-0.0000000000,-0.0019163103,1.0000000000,0.0946843488,-19.8837132445,-9.092,1.000000,47.9410743608,-10,0.3093959475
11.466842,1.7508181298,1.9266798696,-0.2280582814,-2.0431061908,-0.1648906531,1.8150479094,0.0945915410,1.5808469668,10.2576246056,0.3469281824,0.5350236760,0.9802015145,0.0000000000,-0.0946843488,-0.0018281697,-0.0000000000,-0.0015513832,1.0000000000,0.0946843488,-19.8837132445,-8.693,1.000000,47.9410743608,-7,0.3093959475
11.475092,1.7491700414,1.9113400617,-0.1714505594,-2.0426115680,-0.1512015896,1.8711610085,0.0945915410,1.6641465460,9.9959494993,0.3277014176,0.5350236760,0.9802015145,0.0000000000,-0.0946843488,-0.0018846884,-0.0000000000,-0.0011778994,1.0000000000,0.0946843488,-19.8837132445,-8.293,1.000000,47.9410743608,-8,0.3093959475
11.483423,1.7479801531,1.8975342346,-0.1141672543,-2.0371597043,-0.1386149263,1.9229924500,0.0945915410,1.7409751007,9.2194265684,0.3098000241,0.5350236760,0.9802015145,0.0000000000,-0.0946843488,-0.0019368946,-0.0000000000,-0.0007900535,1.0000000000,0.0946843488,-19.8837132445,-7.894,1.000000,47.9410743608,-9,0.3093959475
11.491755,1.7472678811,1.8852623883,-0.0568062546,-2.0247638629,-0.1271219152,1.9679576083,0.0945915410,1.8087653791,8.1348334027,0.2942283588,0.5350236760,0.9802015145,0.0000000000,-0.0946843488,-0.0019821848,-0.0000000000,-0.0003948318,1.0000000000,0.0946843488,-19.8837132445,-7.494,1.000000,47.9410743608,-9,0.3093959475
11.500179,1.7470337851,1.8729905420,0.0012315279,-2.0061492415,-0.1151841218,2.0073807694,0.0945915410,1.8718969978,7.5757942489,0.2804876348,0.5350236760,0.9802015145,0.0000000000,-0.0946843488,-0.0020218930,-0.0000000000,0.0000085721,1.0000000000,0.0946843488,-19.8837132445,-7.095,1.000000,47.9410743608,-7,0.3093959475
11.508436,1.7472788667,1.8622526765,0.0581230248,-1.9819653011,-0.1043310379,2.0400883259,0.0945915410,1.9261587791,6.5114137518,0.2690204867,0.5350236760,0.9802015145,0.0000000000,-0.0946843488,-0.0020548370,-0.0000000000,0.0004039566,1.0000000000,0.0946843488,-19.8837132445,-6.695,1.000000,47.9410743608,-6,0.3093959475
11.516753,1.7480003643,1.8515148110,0.1153789501,-1.9527936762,-0.0930283208,2.0681726263,0.0945915410,1.9766902756,6.0637795776,0.2590083277,0.5350236760,0.9802015145,0.0000000000,-0.0946843488,-0.0020831243,-0.0000000000,0.0007983398,1.0000000000,0.0946843488,-19.8837132445,-6.296,1.000000,47.9410743608,-7,0.3093959475
11.525089,1.7492011680,1.8423109263,0.1726931216,-1.9191552580,-0.0828042642,2.0918483796,0.0945915410,2.0206710054,5.2776875760,0.2504678266,0.5350236760,0.9802015145,0.0000000000,-0.0946843488,-0.0021069713,-0.0000000000,0.0011862126,1.0000000000,0.0946843488,-19.8837132445,-5.896,1.000000,47.9410743608,-6,0.3093959475
11.533423,1.7508786367,1.8331070415,0.2298691860,-1.8790120895,-0.0721384719,2.1088812755,0.0945915410,2.0588861649,4.5858191388,0.2439411423,0.5350236760,0.9802015145,0.0000000000,-0.0946843488,-0.0021241273,-0.0000000000,0.0015631390,1.0000000000,0.0946843488,-19.8837132445,-5.497,1.000000,47.9410743608,-7,0.3093959475
11.541761,1.7530333754,1.8239031568,0.2869215997,-1.8355479460,-0.0610132425,2.1224695457,0.0945915410,2.0945691406,4.2819570864,0.2383732027,0.5350236760,0.9802015145,0.0000000000,-0.0946843488,-0.0021378138,-0.0000000000,0.0019265064,0.8943826269,0.0946843488,-19.8837132445,-5.097,1.000000,47.9410743608,-4,0.3093959475
11.550093,1.7556606745,1.8177672336,0.3437301274,-1.7866052065,-0.0525128333,2.1303353338,0.0945915410,2.1193167413,2.9697120902,0.2347623281,0.5350236760,0.9802015145,0.0000000000,-0.0946843488,-0.0021457365,-0.0000000000,0.0022733189,0.6530404428,0.0946843488,-19.8837132445,-4.698,1.000000,47.9410743608,-5,0.3093959475
11.558430,1.7587626575,1.8116313105,0.4003427038,-1.7327560306,-0.0435640869,2.1330987344,0.0945915410,2.1398523523,2.4642733165,0.2325918441,0.5350236760,0.9802015145,0.0000000000,-0.0946843488,-0.0021485198,-0.0000000000,0.0026021502,0.3497195853,0.0946843488,-19.8837132445,-4.298,1.000000,47.9410743608,-4,0.3093959475
11.566759,1.7623315392,1.8070293681,0.4566218526,-1.6745128245,-0.0357060176,2.1311346771,0.0945915410,2.1534944205,1.6370481855,0.2319052452,0.5350236760,0.9802015145,0.0000000000,-0.0946843488,-0.0021465416,-0.0000000000,0.0029110193,0.1221807082,0.0946843488,-19.8837132445,-3.899,1.000000,47.9410743608,-4,0.3093959475
11.575111,1.7663799129,1.8008934450,0.5127457161,-1.6123344806,-0.0258556065,2.1250801968,0.0945915410,2.1670028568,1.6210123507,0.2321598799,0.5350236760,0.9802015145,0.0000000000,-0.0946843488,-0.0021404433,-0.0000000000,0.0032001742,0.0000000000,0.0946843488,-19.8837132445,-3.499,1.000000,47.9410743608,-5,0.3093959475
11.583416,1.7708690700,1.7978254834,0.5682060246,-1.5466319670,-0.0186512977,2.1148379915,0.0945915410,2.1710684088,0.4878662383,0.2339383537,0.5350236760,0.9802015145,0.0000000000,-0.0946843488,-0.0021301271,-0.0000000000,0.0034668716,0.0000000000,0.0946843488,-19.8837132445,-3.100,1.000000,47.9410743608,-2,0.3093959475
11.591749,1.7758343555,1.7947575218,0.6234605737,-1.4777733319,-0.0109878081,2.1012339055,0.0945915410,2.1726840130,0.1938725119,0.2366441995,0.5350236760,0.9802015145,0.0000000000,-0.0946843488,-0.0021164246,-0.0000000000,0.0037135923,0.0000000000,0.0946843488,-19.8837132445,-2.700,1.000000,47.9410743608,-2,0.3093959475
11.600182,1.7813262274,1.7916895603,0.6789435763,-1.4060881863,-0.0028129101,2.0850317626,0.0945915410,2.1727172175,0.0039845374,0.2400440765,0.5350236760,0.9802015145,0.0000000000,-0.0946843488,-0.0021001054,-0.0000000000,0.0039424118,0.0000000000,0.0946843488,-19.8837132445,-2.301,1.000000,47.9410743608,-1,0.3093959475
11.608433,1.7871503683,1.7916895603,0.7327667821,-1.3293672697,0.0025992543,2.0621340518,0.0946132015,2.1605894235,-1.4553352854,0.2458973462,0.5350236760,0.9802015145,0.0000000000,-0.0946843488,-0.0020770421,-0.0000000000,0.0041466596,0.0000000000,0.0946843488,-19.8837132445,-1.901,1.000000,47.9410743608,-1,0.3093959475
11.616757,1.7934740880,1.7916895603,0.7865680814,-1.2506409437,0.0085002287,2.0372090251,0.0946840367,2.1474535790,-1.5763013349,0.2523449770,0.5350236760,0.9802015145,0.0000000000,-0.0946843488,-0.0020519369,-0.0000000000,0.0043339570,0.0000000000,0.0946843488,-19.8837132445,-1.502,1.000000,47.9410743608,-2,0.3093959475
11.625093,1.8002540672,1.7916895603,0.8399121585,-1.1701186441,0.0148478187,2.0100308026,0.0948077686,2.1330036760,-1.7339883629,0.2594908139,0.5350236760,0.9802015145,0.0000000000,-0.0946843488,-0.0020245622,-0.0000000000,0.0045037261,0.0000000000,0.0946843488,-19.8837132445,-1.102,1.000000,47.9410743608,-2,0.3093959475
11.633426,1.8074729850,1.7916895603,0.8926562643,-1.0879879343,0.0216257104,1.9806441986,0.0949879828,2.1172556649,-1.8897613317,0.2673477982,0.5350236760,0.9802015145,0.0000000000,-0.0946843488,-0.0019949631,-0.0000000000,0.0046567819,0.0000000000,0.0946843488,-19.8837132445,-0.703,1.000000,47.9410743608,0,0.3093959475
11.641841,1.8152067604,1.7932235410,0.9453010764,-1.0044167894,0.0273767441,1.9497178658,0.0952161223,2.0979758417,-2.3135787772,0.2759006566,0.5350236760,0.9802015145,0.0000000000,-0.0946843488,-0.0019638132,-0.0000000000,0.0047957266,0.0022157388,0.0946843488,-19.8837132445,-0.303,1.000000,47.9410743608,0,0.3093959475
11.650094,1.8232187611,1.7932235410,0.9962875480,-0.9195556419,0.0349330567,1.9158431898,0.0955072312,2.0793950503,-2.2296949748,0.2853004959,0.5350236760,0.9802015145,0.0000000000,-0.0946843488,-0.0019296937,-0.0000000000,0.0049179709,0.1045830814,0.0946843488,-19.8837132445,0.096,1.000000,47.9410743608,0,0.3093959475
11.658427,1.8317330818,1.7947575218,1.0470918996,-0.8360436622,0.0414649535,1.8831355619,0.0958527724,2.0600004898,-2.3273472546,0.2944868704,0.5350236760,0.9802015145,0.0000000000,-0.0946843488,-0.0018967496,-0.0000000000,0.0050285453,0.2821687741,0.0946843488,-19.8837132445,0.496,1.000000,47.9410743608,0,0.3093959475
11.666758,1.8406654385,1.7947575218,1.0971658590,-0.7537399496,0.0499553550,1.8509058086,0.0962690671,2.0450431609,-1.7948794738,0.3032685632,0.5350236760,0.9802015145,0.0000000000,-0.0946843488,-0.0018642868,-0.0000000000,0.0051273514,0.5671576571,0.0946843488,-19.8837132445,0.895,1.000000,47.9410743608,0,0.3093959475
11.675124,1.8500521085,1.7962915026,1.1466945333,-0.6750227665,0.0573853482,1.8217172998,0.0967472783,2.0310821583,-1.6753203130,0.3111063878,0.5350236760,0.9802015145,0.0000000000,-0.0946843488,-0.0018348873,-0.0000000000,0.0052158949,0.8028375438,0.0946843488,-19.8837132445,1.295,1.000000,47.9410743608,0,0.3093959475
11.683428,1.8597759211,1.7962915026,1.1950738116,-0.6020220005,0.0667171607,1.7970958121,0.0973032546,2.0255418701,-0.6648345789,0.3169855645,0.5350236760,0.9802015145,0.0000000000,-0.0946843488,-0.0018100878,-0.0000000000,0.0052942534,0.9856105034,0.0946843488,-19.8837132445,1.694,1.000000,47.9410743608,0,0.3093959475
11.691761,1.8699334102,1.7978254834,1.2428009397,-0.5341406551,0.0749761592,1.7769415949,0.0979280560,2.0224061087,-0.3762913693,0.3212979136,0.5350236760,0.9802015145,0.0000000000,-0.0946843488,-0.0017897879,-0.0000000000,0.0053643141,1.0000000000,0.0946843488,-19.8837132445,2.094,1.000000,47.9410743608,2,0.3093959475
11.700098,1.8804911054,1.7993594642,1.2897025701,-0.4708440811,0.0836599832,1.7605466512,0.0986252225,2.0239446800,0.1846285511,0.3240595014,0.5350236760,0.9802015145,0.0000000000,-0.0946843488,-0.0017732744,-0.0000000000,0.0054267276,1.0000000000,0.0946843488,-19.8837132445,2.493,1.000000,47.9410743608,1,0.3093959475
11.708424,1.8914207834,1.8024274258,1.3356565237,-0.4116534658,0.0912038575,1.7473099896,0.0993852546,2.0264395814,0.2993881743,0.3257170053,0.5350236760,0.9802015145,0.0000000000,-0.0946843488,-0.0017599421,-0.0000000000,0.0054822034,1.0000000000,0.0946843488,-19.8837132445,2.893,1.000000,47.9410743608,1,0.3093959475
11.716764,1.9027492739,1.8070293681,1.3807742672,-0.3561400015,0.0976323090,1.7369142687,0.1001988572,2.0296130173,0.3808123007,0.3263835601,0.5350236760,0.9802015145,0.0000000000,-0.0946843488,-0.0017494712,-0.0000000000,0.0055316580,1.0000000000,0.0946843488,-19.8837132445,3.292,1.000000,47.9410743608,2,0.3093959475
11.725095,1.9144373028,1.8116313105,1.4248969909,-0.3014152147,0.1044245340,1.7263122056,0.1010690617,2.0333583772,0.4494431968,0.3269647125,0.5350236760,0.9802015145,0.0000000000,-0.0946843488,-0.0017387925,-0.0000000000,0.0055756193,1.0000000000,0.0946843488,-19.8837132445,3.692,1.000000,47.9410743608,3,0.3093959475
11.733425,1.9264871984,1.8177672336,1.4680377748,-0.2473967394,0.1100484376,1.7154345143,0.1019861320,2.0345540347,0.1434788986,0.3277230575,0.5350236760,0.9802015145,0.0000000000,-0.0946843488,-0.0017278361,-0.0000000000,0.0056147431,1.0000000000,0.0946843488,-19.8837132445,4.091,1.000000,47.9410743608,3,0.3093959475
11.741783,1.9389344113,1.8239031568,1.5103125639,-0.1915063632,0.1160596068,1.7018189272,0.1029532954,2.0338303002,-0.0868481482,0.3293130366,0.5350236760,0.9802015145,0.0000000000,-0.0946843488,-0.0017141221,-0.0000000000,0.0056496863,1.0000000000,0.0946843488,-19.8837132445,4.491,1.000000,47.9410743608,3,0.3093959475
11.750092,1.9516548361,1.8331070415,1.5513082055,-0.1339395790,0.1192670243,1.6852477845,0.1039471872,2.0246091148,-1.1065422392,0.3323308609,0.5350236760,0.9802015145,0.0000000000,-0.0946843488,-0.0016974312,-0.0000000000,0.0056806257,1.0000000000,0.0946843488,-19.8837132445,4.890,1.000000,47.9410743608,4,0.3093959475
11.758426,1.9647508669,1.8438449070,1.5913640487,-0.0698625660,0.1212811084,1.6612266147,0.1049578631,2.0055844920,-2.2829547387,0.3381498738,0.5350236760,0.9802015145,0.0000000000,-0.0946843488,-0.0016732363,-0.0000000000,0.0057082808,1.0000000000,0.0946843488,-19.8837132445,5.290,1.000000,47.9410743608,6,0.3093959475
11.766754,1.9781656525,1.8545827726,1.6302993218,-0.0024596716,0.1235960879,1.6327589935,0.1059878305,1.9827300183,-2.7425368414,0.3454482942,0.5350236760,0.9802015145,0.0000000000,-0.0946843488,-0.0016445629,-0.0000000000,0.0057329178,1.0000000000,0.0946843488,-19.8837132445,5.689,1.000000,47.9410743608,4,0.3093959475
11.775173,1.9920542999,1.8653206381,1.6685324347,0.0704262127,0.1263554866,1.5981062221,0.1070407929,1.9545956853,-3.3761199580,0.3548229496,0.5350236760,0.9802015145,0.0000000000,-0.0946843488,-0.0016096596,-0.0000000000,0.0057551270,1.0000000000,0.0946843488,-19.8837132445,6.089,1.000000,47.9410743608,5,0.3093959475
11.783428,2.0059785405,1.8775924844,1.7048830119,0.1507269168,0.1275766816,1.5541560951,0.1081039319,1.9141191588,-4.8571831841,0.3678073882,0.5350236760,0.9802015145,0.0000000000,-0.0946843488,-0.0015653918,-0.0000000000,0.0057745606,1.0000000000,0.0946843488,-19.8837132445,6.488,1.000000,47.9410743608,5,0.3093959475
11.791761,2.0203340324,1.8913983115,1.7404145468,0.2351636221,0.1276729376,1.5052509247,0.1091678731,1.8664542509,-5.7197889546,0.3826203840,0.5350236760,0.9802015145,0.0000000000,-0.0946843488,-0.0015161330,-0.0000000000,0.0057920912,1.0000000000,0.0946843488,-19.8837132445,6.888,1.000000,47.9410743608,7,0.3093959475
11.800090,2.0349734561,1.9052041386,1.7747369943,0.3233043834,0.1280332353,1.4514326109,0.1102348167,1.8144035470,-6.2460844604,0.3990398376,0.5350236760,0.9802015145,0.0000000000,-0.0946843488,-0.0014619256,-0.0000000000,0.0058077508,1.0000000000,0.0946843488,-19.8837132445,7.288,1.000000,47.9410743608,8,0.3093959475
11.808509,2.0500565583,1.9220779272,1.8081957554,0.4147623658,0.1257514370,1.3934333896,0.1112827453,1.7529059834,-7.3797076392,0.4169610041,0.5350236760,0.9802015145,0.0000000000,-0.0946843488,-0.0014035071,-0.0000000000,0.0058218975,1.0000000000,0.0946843488,-19.8837132445,7.687,1.000000,47.9410743608,6,0.3093959475
11.816760,2.0651075210,1.9374177351,1.8397610200,0.5091911338,0.1249555276,1.3305698862,0.1123240414,1.6894885727,-7.6100892791,0.4361753712,0.5350236760,0.9802015145,0.0000000000,-0.0946843488,-0.0013401892,-0.0000000000,0.0058343014,1.0000000000,0.0946843488,-19.8837132445,8.087,1.000000,47.9410743608,8,0.3093959475
11.825094,2.0805688716,1.9542915238,1.8703884465,0.6062804320,0.1230217387,1.2641080144,0.1133492226,1.6201970751,-8.3149797127,0.4561370275,0.5350236760,0.9802015145,0.0000000000,-0.0946843488,-0.0012732468,-0.0000000000,0.0058455212,1.0000000000,0.0946843488,-19.8837132445,8.486,1.000000,47.9410743608,9,0.3093959475
11.833425,2.0962745185,1.9742332740,1.8997235487,0.7057524068,0.1182514900,1.1939711419,0.1143346516,1.5415581699,-9.4366686204,0.4766330029,0.5350236760,0.9802015145,0.0000000000,-0.0946843488,-0.0012026029,-0.0000000000,0.0058555633,1.0000000000,0.0946843488,-19.8837132445,8.886,1.000000,47.9410743608,9,0.3093959475
11.841788,2.1122793098,1.9926410435,1.9278598750,0.8073582221,0.1153029081,1.1205016529,0.1152955092,1.4631802501,-9.4053503818,0.4969945878,0.5350236760,0.9802015145,0.0000000000,-0.0946843488,-0.0011286022,-0.0000000000,0.0058645882,1.0000000000,0.0946843488,-19.8837132445,9.285,1.000000,47.9410743608,10,0.3093959475
11.850094,2.1284034768,2.0125827937,1.9544892230,0.9108750294,0.1109294597,1.0436141936,0.1162199214,1.3785186378,-10.1593934765,0.5169629356,0.5350236760,0.9802015145,0.0000000000,-0.0946843488,-0.0010511589,-0.0000000000,0.0058726153,1.0000000000,0.0946843488,-19.8837132445,9.685,1.000000,47.9410743608,10,0.3093959475
11.858427,2.1447974614,2.0325245439,1.9798689474,1.0161032532,0.1068166387,0.9637656941,0.1171100600,1.2913797962,-10.4566609907,0.5358916001,0.5350236760,0.9802015145,0.0000000000,-0.0946843488,-0.0009707332,-0.0000000000,0.0058798269,1.0000000000,0.0946843488,-19.8837132445,10.084,1.000000,47.9410743608,11,0.3093959475
11.866757,2.1613899922,2.0540002750,2.0038815726,1.1203597126,0.1013736013,0.8835218600,0.1179548400,1.2011590844,-10.8264854185,0.5524138734,0.5350236760,0.9802015145,0.0000000000,-0.0946843488,-0.0008899092,-0.0000000000,0.0058862773,1.0000000000,0.0946843488,-19.8837132445,10.484,1.000000,47.9410743608,10,0.3093959475
11.875113,2.1782306509,2.0754760060,2.0265920251,1.2262503427,0.0961699167,0.8003416824,0.1187562560,1.1084346245,-11.1269351852,0.5669728593,0.5350236760,0.9802015145,0.0000000000,-0.0946843488,-0.0008061277,-0.0000000000,0.0058920620,1.0000000000,0.0946843488,-19.8837132445,10.883,1.000000,47.9410743608,9,0.3093959475
11.883426,2.1951676569,2.0984857178,2.0478003966,1.3311000295,0.0895341883,0.7167003671,0.1195023743,1.0123504617,-11.5300995338,0.5781981002,0.5350236760,0.9802015145,0.0000000000,-0.0946843488,-0.0007218817,-0.0000000000,0.0058972004,1.0000000000,0.0946843488,-19.8837132445,11.283,1.000000,47.9410743608,11,0.3093959475
11.891760,2.2123164547,2.1230294104,2.0676578904,1.4350174845,0.0815812768,0.6326404059,0.1201822182,0.9131663776,-11.9020900895,0.5855830182,0.5350236760,0.9802015145,0.0000000000,-0.0946843488,-0.0006372140,-0.0000000000,0.0059017914,1.0000000000,0.0946843488,-19.8837132445,11.682,1.000000,47.9410743608,9,0.3093959475
11.900092,2.2296223273,2.1475731030,2.0860957431,1.5381000658,0.0737899232,0.5479956773,0.1207971343,0.8136543582,-11.9414423297,0.5892798682,0.5350236760,0.9802015145,0.0000000000,-0.0946843488,-0.0005519574,-0.0000000000,0.0059058718,1.0000000000,0.0946843488,-19.8837132445,12.082,1.000000,47.9410743608,11,0.3093959475
11.908442,2.2471129570,2.1736507764,2.1031387527,1.6404349637,0.0646533608,0.4627037890,0.1213359123,0.7107485185,-12.3487007684,0.5885548975,0.5350236760,0.9802015145,0.0000000000,-0.0946843488,-0.0004660489,-0.0000000000,0.0059094938,0.9613552304,0.0946843488,-19.8837132445,12.481,1.000000,47.9410743608,11,0.3093959475
11.916764,2.2646817912,2.1981944690,2.1186858635,1.7421002630,0.0571325793,0.3765856006,0.1218120171,0.6101635207,-12.0701997283,0.5845257565,0.5350236760,0.9802015145,0.0000000000,-0.0946843488,-0.0003793081,-0.0000000000,0.0059126770,0.7957143724,0.0946843488,-19.8837132445,12.881,1.000000,47.9410743608,12,0.3093959475
11.925087,2.2823759702,2.2242721424,2.1327862320,1.8431658934,0.0482063819,0.2896203386,0.1222137369,0.5058669461,-12.5155889585,0.5758820560,0.5350236760,0.9802015145,0.0000000000,-0.0946843488,-0.0002917141,-0.0000000000,0.0059154678,0.5072131142,0.0946843488,-19.8837132445,13.280,1.000000,47.9410743608,14,0.3093959475
11.933440,2.3002444606,2.2518837966,2.1454704249,1.9436944817,0.0379233990,0.2017759431,0.1225297653,0.3979121660,-12.9545736076,0.5625045413,0.5350236760,0.9802015145,0.0000000000,-0.0946843488,-0.0002032347,-0.0000000000,0.0059179025,0.1783183194,0.0946843488,-19.8837132445,13.680,1.000000,47.9410743608,12,0.3093959475
11.941752,2.3181255905,2.2794954508,2.1566267366,2.0412376656,0.0276690866,0.1153890710,0.1227603410,0.2913875885,-12.7829493010,0.5453894363,0.5350236760,0.9806226828,0.0505401955,-0.0945402460,-0.0001162233,-0.0000000000,0.0059199863,0.0034148113,0.0946843488,-19.8534516607,14.079,1.000000,47.9410743608,14,0.3147453710
11.950173,2.3363279961,2.3086410858,2.1664289376,2.1386116757,0.0162029775,0.0278172618,0.1228953658,0.1811772278,-13.2252432861,0.5332885803,0.5351470997,0.9807606090,0.0165511474,-0.0553826937,-0.0000280184,-0.0000000000,0.0059217738,0.0000000000,0.0946843488,-11.6303656725,13.680,1.000000,47.9410743608,14,0.3131607871
11.958418,2.3542243125,2.3362527399,2.1745576839,2.2358341798,0.0059655736,-0.0612764959,0.1229450789,0.0718010054,-13.1251466848,0.5064901082,0.5351874157,0.9807515050,-0.0010924755,-0.0173439391,0.0000617195,0.0000000000,0.0059232260,0.0000000000,0.0946843488,-3.6422272077,13.280,1.000000,47.9410743608,13,0.3081686259
11.966755,2.3723841728,2.3669323557,2.1812943788,2.3304165519,-0.0070620710,-0.1491221732,0.1228862283,-0.0419756035,-13.6531930751,0.4702985726,0.5351847562,0.9807247528,-0.0032102624,0.0187135326,0.0001502002,0.0000000000,0.0059244092,0.0000000000,0.0946843488,3.9298418481,12.881,1.000000,47.9410743608,11,0.3028551991
11.975091,2.3905905218,2.3976119715,2.1865337199,2.4251389640,-0.0200439788,-0.2386052441,0.1227191952,-0.1574054464,-13.8515811419,0.4323209927,0.5351769398,0.9807993603,0.0089528941,0.0506836725,0.0002403302,0.0000000000,0.0059253168,0.0000000000,0.0946843488,10.6435712151,12.481,1.000000,47.9410743608,12,0.3000114719
11.983509,2.4090128485,2.4282915872,2.1903026865,2.5199867910,-0.0328105824,-0.3296841045,0.1224457736,-0.2741083884,-14.0043530453,0.3970170332,0.5351987336,0.9810747901,0.0330515766,0.0787135577,0.0003320675,0.0000000000,0.0059259631,0.0622598938,0.0946843488,16.5298471140,12.082,1.000000,47.9410743608,11,0.3018744452
11.991760,2.4270945894,2.4589712030,2.1925105544,2.6124424865,-0.0459049266,-0.4199319321,0.1220632326,-0.3907387878,-13.9956479300,0.3673539607,0.5352790608,0.9810747901,0.0000000000,0.0946843488,0.0004229678,0.0000000000,0.0059263390,0.4283154394,0.0946843488,19.8837132445,11.682,1.000000,47.9410743608,11,0.3018744452
12.000093,2.4453685603,2.4896508187,2.1932453296,2.7002514253,-0.0587820885,-0.5070060958,0.1215733819,-0.5038700118,-13.5757468784,0.3355506103,0.5352790608,0.9810747901,0.0000000000,0.0946843488,0.0005106715,0.0000000000,0.0059264637,0.8405726793,0.0946843488,19.8837132445,11.283,1.000000,47.9410743608,12,0.3018744452
12.008433,2.4636582261,2.5187964537,2.1924758200,2.7838988938,-0.0700872284,-0.5914230738,0.1209893216,-0.6113149098,-12.8933877574,0.3054704971,0.5352790608,0.9810747901,0.0000000000,0.0946843488,0.0005956987,0.0000000000,0.0059263331,1.0000000000,0.0946843488,19.8837132445,10.883,1.000000,47.9410743608,11,0.3018744452
12.016784,2.4819592895,2.5479420887,2.1901972721,2.8638194969,-0.0813609582,-0.6736222248,0.1203113136,-0.7165722374,-12.6308793058,0.2764983285,0.5352790608,0.9810747901,0.0000000000,0.0946843488,0.0006784921,0.0000000000,0.0059259451,1.0000000000,0.0946843488,19.8837132445,10.484,1.000000,47.9410743608,10,0.3018744452
12.025088,2.5001321859,2.5786217044,2.1864368163,2.9378980031,-0.0942654649,-0.7514611868,0.1195257681,-0.8208141360,-12.5090278392,0.2485586412,0.5352790608,0.9810747901,0.0000000000,0.0946843488,0.0007568938,0.0000000000,0.0059253001,1.0000000000,0.0946843488,19.8837132445,10.084,1.000000,47.9410743608,11,0.3018744452
12.033424,2.5183371500,2.6093013202,2.1811654110,3.0067445345,-0.1071098092,-0.8255791236,0.1186331863,-0.9213210698,-12.0608320542,0.2226469711,0.5352790608,0.9810747901,0.0000000000,0.0946843488,0.0008315476,0.0000000000,0.0059243867,1.0000000000,0.0946843488,19.8837132445,9.685,1.000000,47.9410743608,10,0.3018744452
12.041761,2.5364943096,2.6369129744,2.1743972425,3.0684010463,-0.1168953874,-0.8940038038,0.1176590581,-1.0101404466,-10.6583252194,0.2006007686,0.5352790608,0.9810747901,0.0000000000,0.0946843488,0.0009004669,0.0000000000,0.0059231976,1.0000000000,0.0946843488,19.8837132445,9.285,1.000000,47.9410743608,10,0.3018744452
12.050128,2.5546544490,2.6660586093,2.1661048164,3.1236184316,-0.1281773897,-0.9575136151,0.1165909132,-1.0971095577,-10.4362933298,0.1800344487,0.5352790608,0.9810747901,0.0000000000,0.0946843488,0.0009644359,0.0000000000,0.0059217153,1.0000000000,0.0946843488,19.8837132445,8.886,1.000000,47.9410743608,9,0.3018744452
12.058428,2.5725946621,2.6936702635,2.1563999272,3.1705647149,-0.1381009233,-1.0141647876,0.1154400722,-1.1746036536,-9.2992915009,0.1624984154,0.5352790608,0.9810747901,0.0000000000,0.0946843488,0.0010214966,0.0000000000,0.0059199445,1.0000000000,0.0946843488,19.8837132445,8.486,1.000000,47.9410743608,10,0.3018744452
12.066760,2.5905142926,2.7182139561,2.1451846505,3.2075992442,-0.1449238536,-1.0624145937,0.1142323734,-1.2375946494,-7.5589195006,0.1485462661,0.5352790608,0.9810747901,0.0000000000,0.0946843488,0.0010700952,0.0000000000,0.0059178484,1.0000000000,0.0946843488,19.8837132445,8.087,1.000000,47.9410743608,8,0.3018744452
12.075089,2.6083298989,2.7427576487,2.1325033049,3.2382616066,-0.1518165909,-1.1057583017,0.1129672351,-1.2958748220,-6.9936207140,0.1361431849,0.5352790608,0.9810747901,0.0000000000,0.0946843488,0.0011137523,0.0000000000,0.0059154127,1.0000000000,0.0946843488,19.8837132445,7.687,1.000000,47.9410743608,7,0.3018744452
12.083511,2.6262309916,2.7703693029,2.1181956707,3.2582083853,-0.1616342628,-1.1400127146,0.1116202829,-1.3509552921,-6.6096564098,0.1247963362,0.5352790608,0.9810747901,0.0000000000,0.0946843488,0.0011482544,0.0000000000,0.0059125783,1.0000000000,0.0946843488,19.8837132445,7.288,1.000000,47.9410743608,8,0.3018744452
12.091761,2.6436430263,2.7933790147,2.1027430726,3.2685586673,-0.1672875190,-1.1658155947,0.1102262203,-1.3893601530,-4.6085833145,0.1166315696,0.5352790608,0.9810747901,0.0000000000,0.0946843488,0.0011742438,0.0000000000,0.0059094113,1.0000000000,0.0946843488,19.8837132445,6.888,1.000000,47.9410743608,6,0.3018744452
12.100098,2.6611043292,2.8148547458,2.0856916039,3.2703146671,-0.1713113765,-1.1846230633,0.1087986255,-1.4175666811,-3.3847833624,0.1102453194,0.5352790608,0.9810747901,0.0000000000,0.0946843488,0.0011931872,0.0000000000,0.0059057842,1.0000000000,0.0946843488,19.8837132445,6.488,1.000000,47.9410743608,7,0.3018744452
12.108420,2.6783857581,2.8363304768,2.0672446543,3.2643739328,-0.1754737779,-1.1971292785,0.1073363440,-1.4397813068,-2.6657550856,0.1049002517,0.5352790608,0.9810747901,0.0000000000,0.0946843488,0.0012057838,0.0000000000,0.0059016979,1.0000000000,0.0946843488,19.8837132445,6.089,1.000000,47.9410743608,6,0.3018744452
12.116846,2.6957200892,2.8578062078,2.0471284207,3.2490358276,-0.1795328152,-1.2019074069,0.1058402372,-1.4540959179,-1.7177533396,0.1007083319,0.5352790608,0.9810747901,0.0000000000,0.0946843488,0.0012105965,0.0000000000,0.0058970414,1.0000000000,0.0946843488,19.8837132445,5.689,1.000000,47.9410743608,6,0.3018744452
12.125096,2.7125237206,2.8777479581,2.0260408137,3.2252817705,-0.1825433793,-1.1992409568,0.1043190424,-1.4589084208,-0.5775003394,0.0978694650,0.5352790608,0.9810747901,0.0000000000,0.0946843488,0.0012079108,0.0000000000,0.0058919251,1.0000000000,0.0946843488,19.8837132445,5.290,1.000000,47.9410743608,5,0.3018744452
12.133426,2.7293067258,2.8946217467,2.0033696800,3.1914862368,-0.1824526873,-1.1881165568,0.1027986033,-1.4491031338,1.1766344404,0.0968844955,0.5352790608,0.9810747901,0.0000000000,0.0946843488,0.0011967060,0.0000000000,0.0058861435,1.0000000000,0.0946843488,19.8837132445,4.890,1.000000,47.9410743608,3,0.3018744452
12.141760,2.7459038105,2.9145634970,1.9793137373,3.1486979128,-0.1855675878,-1.1693841755,0.1012522068,-1.4380817676,1.3225639379,0.0959341810,0.5352790608,0.9810747901,0.0000000000,0.0946843488,0.0011778382,0.0000000000,0.0058796735,1.0000000000,0.0946843488,19.8837132445,4.491,1.000000,47.9410743608,6,0.3018744452
12.150133,2.7623707267,2.9299033049,1.9537792718,3.0978559647,-0.1841674680,-1.1440766929,0.0997174779,-1.4115069651,3.1889762986,0.0969143651,0.5352790608,0.9810747901,0.0000000000,0.0946843488,0.0011523477,0.0000000000,0.0058724075,1.0000000000,0.0946843488,19.8837132445,4.091,1.000000,47.9410743608,5,0.3018744452
12.158429,2.7784696119,2.9452431127,1.9271466514,3.0372970280,-0.1830832008,-1.1101503766,0.0981917845,-1.3769317025,4.1490315159,0.0987958106,0.5352790608,0.9810747901,0.0000000000,0.0946843488,0.0011181761,0.0000000000,0.0058643664,1.0000000000,0.0946843488,19.8837132445,3.692,1.000000,47.9410743608,3,0.3018744452
12.166804,2.7944919620,2.9590489398,1.8989330947,2.9705403494,-0.1805082073,-1.0716072547,0.0966875495,-1.3347578930,5.0608571384,0.1015778647,0.5352790608,0.9810747901,0.0000000000,0.0946843488,0.0010793544,0.0000000000,0.0058553014,1.0000000000,0.0946843488,19.8837132445,3.292,1.000000,47.9410743608,4,0.3018744452
12.175123,2.8101677463,2.9728547669,1.8696070063,2.8982331931,-0.1782499746,-1.0286261868,0.0952021330,-1.2887566683,5.5201469701,0.1047952895,0.5352790608,0.9810747901,0.0000000000,0.0946843488,0.0010360626,0.0000000000,0.0058452445,1.0000000000,0.0946843488,19.8837132445,2.893,1.000000,47.9410743608,3,0.3018744452
12.183430,2.8255728280,2.9835926324,1.8390477731,2.8184507772,-0.1731543422,-0.9794030040,0.0937591801,-1.2308363819,6.9504343638,0.1095525201,0.5352790608,0.9810747901,0.0000000000,0.0946843488,0.0009864835,0.0000000000,0.0058340308,1.0000000000,0.0946843488,19.8837132445,2.493,1.000000,47.9410743608,2,0.3018744452
12.191757,2.8407554783,2.9927965172,1.8071568826,2.7319737839,-0.1667112119,-0.9248169012,0.0923699200,-1.1648241007,7.9214737459,0.1153769253,0.5352790608,0.9810747901,0.0000000000,0.0946843488,0.0009315028,0.0000000000,0.0058214741,1.0000000000,0.0946843488,19.8837132445,2.094,1.000000,47.9410743608,2,0.3018744452
12.200089,2.8556749477,3.0004664211,1.7740119552,2.6395013645,-0.1589650873,-0.8654894093,0.0910452110,-1.0914190335,8.8086080673,0.1222324242,0.5352790608,0.9810747901,0.0000000000,0.0946843488,0.0008717464,0.0000000000,0.0058074324,1.0000000000,0.0946843488,19.8837132445,1.694,1.000000,47.9410743608,2,0.3018744452
12.208422,2.8703147640,3.0081363250,1.7396478743,2.5416596542,-0.1514697838,-0.8020117799,0.0897829628,-1.0143003699,9.2542396240,0.1295835300,0.5352790608,0.9810747901,0.0000000000,0.0946843488,0.0008078099,0.0000000000,0.0057917275,1.0000000000,0.0946843488,19.8837132445,1.295,1.000000,47.9410743608,1,0.3018744452
12.216757,2.8846678949,3.0142722482,1.7040799207,2.4365049489,-0.1426879156,-0.7324250281,0.0885938968,-0.9284453051,10.3026077788,0.1381467585,0.5352790608,0.9810747901,0.0000000000,0.0946843488,0.0007377200,0.0000000000,0.0057741480,1.0000000000,0.0946843488,19.8837132445,0.895,1.000000,47.9410743608,1,0.3018744452
12.225145,2.8988066706,3.0188741906,1.6671098962,2.3273054330,-0.1325647018,-0.6601955369,0.0874891910,-0.8372004055,10.9493879577,0.1475124502,0.5352790608,0.9810747901,0.0000000000,0.0946843488,0.0006649684,0.0000000000,0.0057543340,1.0000000000,0.0946843488,19.8837132445,0.496,1.000000,47.9410743608,1,0.3018744452
12.233426,2.9124584850,3.0219421521,1.6294694043,2.2144835284,-0.1213750171,-0.5850141241,0.0864777325,-0.7407936265,11.5688134753,0.1576481645,0.5352790608,0.9810747901,0.0000000000,0.0946843488,0.0005892434,0.0000000000,0.0057324145,1.0000000000,0.0946843488,19.8837132445,0.096,1.000000,47.9410743608,1,0.3018744452
12.241759,2.9258751858,3.0219421521,1.5904836797,2.0959130923,-0.1073216160,-0.5054294125,0.0855833857,-0.6341807299,12.7935475849,0.1692829712,0.5352790608,0.9810747901,0.0000000000,0.0946843488,0.0005090834,0.0000000000,0.0057076989,1.0000000000,0.0946843488,19.8837132445,-0.303,1.000000,47.9410743608,0,0.3018744452
12.250088,2.9389549931,3.0219421521,1.5504314704,1.9721944752,-0.0935774635,-0.4217630048,0.0848035735,-0.5239873684,13.2232033898,0.1811185251,0.5352790608,0.9816803980,0.0726729499,0.0846722993,0.0004248121,0.0000000000,0.0056799927,1.0000000000,0.0946843488,17.7811828433,-0.703,1.000000,47.9410743608,0,0.3084490924
12.258506,2.9518329818,3.0204081713,1.5088667860,1.8413608814,-0.0784629428,-0.3324940954,0.0841497156,-0.4053457569,14.2369933717,0.1979456736,0.5354549659,0.9820512973,0.0445079114,0.0704338366,0.0003348978,0.0000000000,0.0056485437,1.0000000000,0.0946843488,14.7911056884,-1.102,1.000000,47.9410743608,0,0.3105974394
12.266759,2.9641142444,3.0188741906,1.4670933066,1.7091642638,-0.0639378290,-0.2420709572,0.0836169004,-0.2866011246,14.2493558800,0.2116398735,0.5355622105,0.9822280213,0.0212068844,0.0535266370,0.0002438210,0.0000000000,0.0056139251,0.9504886831,0.0946843488,11.2405937740,-1.502,1.000000,47.9410743608,0,0.3091124915
12.275092,2.9761606105,3.0188741906,1.4239142900,1.5757469704,-0.0511750378,-0.1518326804,0.0831904418,-0.1714364536,13.8197605197,0.2212995157,0.5356131796,0.9822704512,0.0050915857,0.0350788046,0.0001529303,0.0000000000,0.0055746849,0.6084951062,0.0946843488,7.3665489677,-1.901,1.000000,47.9410743608,-1,0.3051158466
12.283421,2.9878359920,3.0158062290,1.3797869001,1.4412364831,-0.0357093993,-0.0614495830,0.0828928634,-0.0506320250,14.4965314365,0.2290672818,0.5356254043,0.9822414157,-0.0034842570,0.0144353117,0.0000618938,0.0000000000,0.0055306259,0.1222600764,0.0946843488,3.0314154570,-2.301,1.000000,47.9410743608,-2,0.2998014537
12.291753,2.9991455826,3.0127382674,1.3346918840,1.3057469701,-0.0206042946,0.0289449139,0.0827211610,0.0695919030,14.4268713511,0.2341512531,0.5356170393,0.9822188350,-0.0027096884,-0.0069369894,-0.0000291542,-0.0000000000,0.0054810934,0.0000000000,0.0946843488,-1.4567677638,-1.901,1.000000,47.9410743608,-1,0.2947170722
12.300181,3.0101994999,3.0066023443,1.2881461227,1.1693806764,-0.0026821934,0.1187654464,0.0826988094,0.1949836886,15.0470142810,0.2387262514,0.5356105322,0.9822898217,0.0085184058,-0.0298457952,-0.0001196241,-0.0000000000,0.0054247530,0.0000000000,0.0946843488,-6.2676169899,-1.502,1.000000,47.9410743608,-1,0.2916872412
12.308430,3.0206337450,3.0004664211,1.2417203196,1.0372380660,0.0145975553,0.2044822535,0.0828204557,0.3151380258,14.4185204655,0.2430295818,0.5356309836,0.9825368293,0.0296409148,-0.0523710005,-0.0002059605,-0.0000000000,0.0053628031,0.0000000000,0.0946843488,-10.9979101110,-1.102,1.000000,47.9410743608,-1,0.2924929845
12.316749,3.0307661847,2.9943304980,1.1940514029,0.9063735882,0.0315686351,0.2876778148,0.0830835276,0.4322975534,14.0591433106,0.2492515065,0.5357020412,0.9830429687,0.0607367266,-0.0753685085,-0.0002897576,-0.0000000000,0.0052926760,0.0419893292,0.0946843488,-15.8273867847,-0.703,1.000000,47.9410743608,-1,0.2988702994
12.325089,3.0405222084,2.9881945748,1.1454460230,0.7791582090,0.0481437041,0.3662878140,0.0834847252,0.5442212401,13.4308423996,0.2596789458,0.5358471303,0.9830429687,0.0000000000,-0.0946843488,-0.0003689359,-0.0000000000,0.0052137693,0.5050585558,0.0946843488,-19.8837132445,-0.303,1.000000,47.9410743608,-1,0.2988702994
12.333425,3.0498651672,2.9789906901,1.0960783736,0.6552108331,0.0673561212,0.4408675406,0.0840460262,0.6575102973,13.5946868601,0.2625850676,0.5358471303,0.9830429687,0.0000000000,-0.0946843488,-0.0004440548,-0.0000000000,0.0051253074,0.9908441985,0.0946843488,-19.8837132445,0.096,1.000000,47.9410743608,-2,0.2988702994
12.341851,3.0588885505,2.9713207861,1.0454082624,0.5316857165,0.0847127145,0.5137225458,0.0847519655,0.7655315875,12.9625548331,0.2634060734,0.5358471303,0.9830429687,0.0000000000,-0.0946843488,-0.0005174365,-0.0000000000,0.0050250519,1.0000000000,0.0946843488,-19.8837132445,0.496,1.000000,47.9410743608,14,0.2988702994
12.350094,3.0672985066,2.9651848630,0.9951375428,0.4110432091,0.0999064207,0.5840943337,0.0855845190,0.8668990146,12.1640912440,0.2623699865,0.5358471303,0.9830429687,0.0000000000,-0.0946843488,-0.0005883170,-0.0000000000,0.0049153412,1.0000000000,0.0946843488,-19.8837132445,0.895,1.000000,47.9410743608,-2,0.2988702994
12.358427,3.0753774447,2.9590489398,0.9436322527,0.2954867125,0.1147417981,0.6481455402,0.0865407006,0.9613561226,11.3348529577,0.2603374620,0.5358471303,0.9830429687,0.0000000000,-0.0946843488,-0.0006528313,-0.0000000000,0.0047915251,1.0000000000,0.0946843488,-19.8837132445,1.295,1.000000,47.9410743608,5,0.2988702994
12.366754,3.0830183465,2.9544469975,0.8915232175,0.1869895155,0.1275672514,0.7045337020,0.0876037610,1.0442638642,9.9489289981,0.2573617363,0.5358471303,0.9830429687,0.0000000000,-0.0946843488,-0.0007096271,-0.0000000000,0.0046536428,1.0000000000,0.0946843488,-19.8837132445,1.694,1.000000,47.9410743608,-1,0.2988702994
12.375172,3.0902988240,2.9498450551,0.8382267611,0.0898232738,0.1399714352,0.7484034873,0.0887701897,1.1139185144,8.3585580216,0.2545515458,0.5358471303,0.9830429687,0.0000000000,-0.0946843488,-0.0007538140,-0.0000000000,0.0044985971,1.0000000000,0.0946843488,-19.8837132445,2.094,1.000000,47.9410743608,0,0.2988702994
12.383438,3.0970094307,2.9452431127,0.7853177339,0.0028046340,0.1517512576,0.7825130999,0.0900347835,1.1726698057,7.0501549568,0.2520570030,0.5358471303,0.9830429687,0.0000000000,-0.0946843488,-0.0007881702,-0.0000000000,0.0043297905,1.0000000000,0.0946843488,-19.8837132445,2.493,1.000000,47.9410743608,0,0.2988702994
12.391751,3.1033153491,2.9421751512,0.7315695107,-0.0726217252,0.1615301626,0.8041912359,0.0913808682,1.2150961525,5.0911616197,0.2500668060,0.5358471303,0.9830429687,0.0000000000,-0.0946843488,-0.0008100051,-0.0000000000,0.0041423022,1.0000000000,0.0946843488,-19.8837132445,2.893,1.000000,47.9410743608,9,0.2988702994
12.400085,3.1091854713,2.9391071896,0.6771949428,-0.1351620002,0.1708040756,0.8123569431,0.0928042355,1.2430833607,3.3584649826,0.2491977956,0.5358471303,0.9830429687,0.0000000000,-0.0946843488,-0.0008182298,-0.0000000000,0.0039354860,1.0000000000,0.0946843488,-19.8837132445,3.292,1.000000,47.9410743608,0,0.2988702994
12.408421,3.1146024646,2.9360392280,0.6223355961,-0.1861619555,0.1795628904,0.8084975516,0.0943005929,1.2580944573,1.8013315849,0.2494279469,0.5358471303,0.9830429687,0.0000000000,-0.0946843488,-0.0008143425,-0.0000000000,0.0037087576,1.0000000000,0.0946843488,-19.8837132445,3.692,1.000000,47.9410743608,0,0.2988702994
12.416757,3.1195602198,2.9345052472,0.5670506522,-0.2243223610,0.1862595405,0.7913730132,0.0958527557,1.2557999745,-0.2753379289,0.2506493655,0.5358471303,0.9830429687,0.0000000000,-0.0946843488,-0.0007970942,-0.0000000000,0.0034615104,1.0000000000,0.0946843488,-19.8837132445,4.091,1.000000,47.9410743608,2,0.2988702994
12.425090,3.1240534550,2.9329712664,0.5114031130,-0.2534885697,0.1924433734,0.7648916827,0.0974564505,1.2431810577,-1.5142700127,0.2527304568,0.5358471303,0.9830429687,0.0000000000,-0.0946843488,-0.0007704214,-0.0000000000,0.0031934819,1.0000000000,0.0946843488,-19.8837132445,4.491,1.000000,47.9410743608,3,0.2988702994
12.433426,3.1280835660,2.9329712664,0.4553750995,-0.2720954463,0.1965733997,0.7274705457,0.0990945622,1.2155774114,-3.3124375614,0.2554516572,0.5358471303,0.9830429687,0.0000000000,-0.0946843488,-0.0007327297,-0.0000000000,0.0029043793,1.0000000000,0.0946843488,-19.8837132445,4.890,1.000000,47.9410743608,3,0.2988702994
12.441760,3.1316442311,2.9329712664,0.3990521803,-0.2812457594,0.2001832002,0.6802979397,0.1007627555,1.1772187896,-4.6030346148,0.2588158457,0.5358471303,0.9830429687,0.0000000000,-0.0946843488,-0.0006852161,-0.0000000000,0.0025948523,1.0000000000,0.0946843488,-19.8837132445,5.290,1.000000,47.9410743608,4,0.2988702994
12.450179,3.1347632456,2.9314372856,0.3418804881,-0.2844315582,0.2048533026,0.6263120463,0.1024698663,1.1341910146,-5.1633329989,0.2627080574,0.5358471303,0.9830429687,0.0000000000,-0.0946843488,-0.0006308399,-0.0000000000,0.0022622836,1.0000000000,0.0946843488,-19.8837132445,5.689,1.000000,47.9410743608,6,0.2988702994
12.458427,3.1373512932,2.9314372856,0.2856350065,-0.2822757496,0.2074297739,0.5679107561,0.1041984478,1.0826110624,-6.1895942661,0.2661999630,0.5358471303,0.9830429687,0.0000000000,-0.0946843488,-0.0005720164,-0.0000000000,0.0019184704,1.0000000000,0.0946843488,-19.8837132445,6.089,1.000000,47.9410743608,7,0.2988702994
12.466759,3.1394938769,2.9314372856,0.2286208516,-0.2728317383,0.2095216451,0.5014525899,0.1059444615,1.0220290075,-7.2698465851,0.2696117483,0.5358471303,0.9830429687,0.0000000000,-0.0946843488,-0.0005050778,-0.0000000000,0.0015550366,1.0000000000,0.0946843488,-19.8837132445,6.488,1.000000,47.9410743608,6,0.2988702994
12.475087,3.1411599832,2.9314372856,0.1714796917,-0.2593651197,0.2111154383,0.4308448114,0.1077037568,0.9563212535,-7.8849304776,0.2724883475,0.5358471303,0.9830429687,0.0000000000,-0.0946843488,-0.0004339596,-0.0000000000,0.0011780943,1.0000000000,0.0946843488,-19.8837132445,6.888,1.000000,47.9410743608,6,0.2988702994
12.483472,3.1423561487,2.9314372856,0.1138322612,-0.2448004451,0.2122333943,0.3586327063,0.1094723684,0.8880733468,-8.1897488135,0.2745719595,0.5358471303,0.9830429687,0.0000000000,-0.0946843488,-0.0003612254,-0.0000000000,0.0007877620,1.0000000000,0.0946843488,-19.8837132445,7.288,1.000000,47.9410743608,8,0.2988702994
12.491760,3.1430631546,2.9314372856,0.0567718147,-0.2267479421,0.2128434617,0.2835197568,0.1112460640,0.8159209419,-8.6582885804,0.2757788796,0.5358471303,0.9830429687,0.0000000000,-0.0946843488,-0.0002855694,-0.0000000000,0.0003945931,1.0000000000,0.0946843488,-19.8837132445,7.687,1.000000,47.9410743608,8,0.2988702994
12.500110,3.1432970350,2.9314372856,-0.0007580070,-0.2080763120,0.2129770791,0.2073183051,0.1130208730,0.7417349028,-8.9023246904,0.2759650508,0.5358471303,0.9830429687,0.0000000000,-0.0946843488,-0.0002088171,-0.0000000000,-0.0000052761,1.0000000000,0.0946843488,-19.8837132445,8.087,1.000000,47.9410743608,9,0.2988702994
12.508428,3.1430523542,2.9314372856,-0.0580674053,-0.1913546624,0.2126426062,0.1332872571,0.1147928947,0.6687868921,-8.7537612871,0.2751208077,0.5358471303,0.9830429687,0.0000000000,-0.0946843488,-0.0001342508,-0.0000000000,-0.0004035712,1.0000000000,0.0946843488,-19.8837132445,8.486,1.000000,47.9410743608,8,0.2988702994
12.516759,3.1423296630,2.9314372856,-0.1154221474,-0.1738748976,0.2118260521,0.0584527502,0.1165581118,0.5940712992,-8.9658711466,0.2732386702,0.5358471303,0.9830429687,0.0000000000,-0.0946843488,-0.0000588753,-0.0000000000,-0.0007986351,1.0000000000,0.0946843488,-19.8837132445,8.886,1.000000,47.9410743608,9,0.2988702994
12.525089,3.1411295999,2.9299033049,-0.1726924828,-0.1557161915,0.2120624610,-0.0169762913,0.1183252989,0.5208542989,-8.7860400417,0.2707881129,0.5358471303,0.9830429687,0.0000000000,-0.0946843488,0.0000170990,0.0000000000,-0.0011862083,1.0000000000,0.0946843488,-19.8837132445,9.285,1.000000,47.9410743608,9,0.2988702994
12.533428,3.1394510084,2.9299033049,-0.2299021731,-0.1394538985,0.2102965442,-0.0904482746,0.1200777701,0.4456032272,-9.0301285984,0.2669449366,0.5358471303,0.9836119739,0.0682806165,-0.0888508302,0.0000911022,0.0000000000,-0.0015633530,1.0000000000,0.0946843488,-18.6586743323,9.685,1.000000,47.9410743608,7,0.3064399012
12.541761,3.1372974191,2.9299033049,-0.2869205818,-0.1248899656,0.2080647493,-0.1620306163,0.1218116431,0.3712982247,-8.9166003038,0.2698027558,0.5360094147,0.9839988060,0.0464198563,-0.0751621806,0.0001632020,0.0000000000,-0.0019265000,1.0000000000,0.0946843488,-15.7840579196,10.084,1.000000,47.9410743608,8,0.3097901563
12.550114,3.1346628320,2.9314372856,-0.3438735381,-0.1118470238,0.2038261433,-0.2320265143,0.1235101943,0.2945593098,-9.2086697826,0.2668551713,0.5361192423,0.9842262294,0.0272908151,-0.0598159212,0.0002337039,0.0000000000,-0.0022741738,1.0000000000,0.0946843488,-12.5613434469,10.484,1.000000,47.9410743608,9,0.3096854945
12.558419,3.1315726017,2.9314372856,-0.4002664224,-0.1001662277,0.2006731894,-0.3001001947,0.1251824708,0.2218728097,-8.7223800165,0.2604615567,0.5361836223,0.9843364459,0.0132259702,-0.0450626377,0.0003022697,0.0000000000,-0.0026017191,1.0000000000,0.0946843488,-9.4631539233,10.084,1.000000,47.9410743608,11,0.3071585858
12.566761,3.1279981304,2.9314372856,-0.4566378247,-0.0897053210,0.1970425451,-0.3669325038,0.1268244920,0.1494491543,-8.6908386500,0.2513530911,0.5362147725,0.9843643425,0.0033475910,-0.0306177102,0.0003695852,0.0000000000,-0.0029111043,1.0000000000,0.0946843488,-6.4297191317,9.685,1.000000,47.9410743608,9,0.3029960098
12.575098,3.1239573333,2.9314372856,-0.5126608551,-0.0803369040,0.1929514413,-0.4323239512,0.1284324207,0.0775182713,-8.6317059559,0.2405277952,0.5362226516,0.9843440144,-0.0024393683,-0.0168774720,0.0004354494,0.0000000000,-0.0031997516,1.0000000000,0.0946843488,-3.5442691228,9.285,1.000000,47.9410743608,9,0.2979262896
12.583450,3.1194424329,2.9314372856,-0.5684314275,-0.0719468819,0.1883914881,-0.4964845455,0.1300023498,0.0058496369,-8.6002361331,0.2287860671,0.5362169103,0.9843067902,-0.0044669042,-0.0039960008,0.0005000738,0.0000000000,-0.0034679166,1.0000000000,0.0946843488,-0.8391601714,8.886,1.000000,47.9410743608,8,0.2926024687
12.591780,3.1144774475,2.9314372856,-0.6236613150,-0.0644330758,0.1833861550,-0.5592282392,0.1315305677,-0.0653277505,-8.5412864863,0.2168189682,0.5362063942,0.9842807273,-0.0031275516,0.0079116894,0.0005632711,0.0000000000,-0.0037144541,1.0000000000,0.0946843488,1.6614547722,8.486,1.000000,47.9410743608,8,0.2876017071
12.600093,3.1090649122,2.9314372856,-0.6783605549,-0.0577039775,0.1779374858,-0.6206565774,0.1330133801,-0.1361150201,-8.4944723546,0.2051407458,0.5361990290,0.9842904060,0.0011614505,0.0188826726,0.0006251436,0.0000000000,-0.0039401047,1.0000000000,0.0946843488,3.9653612500,8.087,1.000000,47.9410743608,7,0.2834208422
12.608422,3.1031881585,2.9314372856,-0.7326978701,-0.0516776357,0.1720283718,-0.6810202345,0.1344469499,-0.2068006077,-8.4822705044,0.1941122545,0.5362017644,0.9843575828,0.0080612133,0.0290418294,0.0006859436,0.0000000000,-0.0041464091,1.0000000000,0.0946843488,6.0987841638,7.687,1.000000,47.9410743608,7,0.2804828618
12.616757,3.0968565183,2.9314372856,-0.7865692713,-0.0462806577,0.1656677509,-0.7402886136,0.1358275145,-0.2773398756,-8.4647121523,0.1840185008,0.5362207426,0.9845016655,0.0172899286,0.0385008873,0.0007456405,0.0000000000,-0.0043339610,1.0000000000,0.0946843488,8.0851863426,7.288,1.000000,47.9410743608,7,0.2791361179
12.625095,3.0900748964,2.9314372856,-0.8399257096,-0.0414473156,0.1588601748,-0.7984783940,0.1371513493,-0.3477441360,-8.4485112530,0.1750396016,0.5362614064,0.9847404053,0.0286487685,0.0474038707,0.0008042509,0.0000000000,-0.0045037673,1.0000000000,0.0946843488,9.9548128530,6.888,1.000000,47.9410743608,7,0.2796571660
12.633445,3.0828409543,2.9314372856,-0.8927747933,-0.0371187459,0.1516029891,-0.8556560474,0.1384147075,-0.4180888271,-8.4413629217,0.1672643704,0.5363286610,0.9850906987,0.0420352146,0.0559099961,0.0008618420,0.0000000000,-0.0046571100,1.0000000000,0.0946843488,11.7410991810,6.488,1.000000,47.9410743608,7,0.2822569648
12.641769,3.0751922476,2.9314372856,-0.9448520097,-0.0332422323,0.1439334664,-0.9116097774,0.1396141531,-0.4880915172,-8.4003228129,0.1607533421,0.5364270613,0.9855686050,0.0573487494,0.0641336511,0.0009182002,0.0000000000,-0.0047945973,1.0000000000,0.0946843488,13.4680667327,6.089,1.000000,47.9410743608,5,0.2870751986
12.650138,3.0670682966,2.9314372856,-0.9965567121,-0.0297705643,0.1357908731,-0.9667861477,0.1407457437,-0.5583232739,-8.4278108111,0.1554088784,0.5365607717,0.9861914150,0.0747371991,0.0722695686,0.0009737755,0.0000000000,-0.0049185855,1.0000000000,0.0946843488,15.1766094005,5.689,1.000000,47.9410743608,5,0.2942151463
12.658435,3.0585887506,2.9314372856,-1.0471434701,-0.0266614615,0.1272946318,-1.0204820085,0.1418065323,-0.6278466803,-8.3428087690,0.1512722173,0.5367340921,0.9869750890,0.0940408882,0.0803376205,0.0010278595,0.0000000000,-0.0050286521,1.0000000000,0.0946843488,16.8709003097,5.290,1.000000,47.9410743608,4,0.3036994429
12.666771,3.0496504001,2.9314372856,-1.0972469503,-0.0238770594,0.1183413296,-1.0733698909,0.1427927100,-0.6975434013,-8.3636065146,0.1481269624,0.5369506783,0.9879381868,0.1155717336,0.0885141409,0.0010811297,0.0000000000,-0.0051275036,1.0000000000,0.0946843488,18.5879695832,4.890,1.000000,47.9410743608,5,0.3155411763
12.675125,3.0402769232,2.9314372856,-1.1467033436,-0.0213834475,0.1089544625,-1.1253198961,0.1427927100,-0.7681357246,-8.4710787937,0.1458582162,0.5372145569,0.9879381868,0.0000000000,0.0946843488,0.0011334553,0.0000000000,-0.0052159099,1.0000000000,0.0946843488,19.8837132445,4.491,1.000000,47.9410743608,6,0.3155411763
12.683444,3.0305355546,2.9299033049,-1.1951669964,-0.0191502572,0.1007350829,-1.1760167391,0.1427927100,-0.8351562555,-8.0424637126,0.1380729678,0.5372145569,0.9879381868,0.0000000000,0.0946843488,0.0011845187,0.0000000000,-0.0052943970,1.0000000000,0.0946843488,19.8837132445,4.091,1.000000,47.9410743608,3,0.3155411763
12.691772,3.0203834418,2.9314372856,-1.2428644340,-0.0171502912,0.0890382499,-1.2257141428,0.1427927100,-0.9080835697,-8.7512777002,0.1295981918,0.5372145569,0.9879381868,0.0000000000,0.0946843488,0.0012345754,0.0000000000,-0.0053644028,1.0000000000,0.0946843488,19.8837132445,3.692,1.000000,47.9410743608,3,0.3155411763
12.700106,3.0098289713,2.9299033049,-1.2897486983,-0.0153591925,0.0800081424,-1.2743895058,0.1427927100,-0.9746927261,-7.9930987747,0.1222645878,0.5372145569,0.9879381868,0.0000000000,0.0946843488,0.0012836026,0.0000000000,-0.0054267860,1.0000000000,0.0946843488,19.8837132445,3.292,1.000000,47.9410743608,6,0.3155411763
12.708436,2.9988928782,2.9314372856,-1.3357264504,-0.0137551481,0.0675294551,-1.3219713023,0.1427927100,-1.0470571956,-8.6837363399,0.1143627507,0.5372145569,0.9879381868,0.0000000000,0.0946843488,0.0013315284,0.0000000000,-0.0054822838,0.9920686709,0.0946843488,19.8837132445,2.893,1.000000,47.9410743608,4,0.3155411763
12.716768,2.9875753665,2.9314372856,-1.3807979613,-0.0123186228,0.0562042295,-1.3684793385,0.1427927100,-1.1160571298,-8.2799920984,0.1071837133,0.5372145569,0.9879381868,0.0000000000,0.0946843488,0.0013783727,0.0000000000,-0.0055316827,0.7688472377,0.0946843488,19.8837132445,2.493,1.000000,47.9410743608,2,0.3155411763
12.725101,2.9758851118,2.9299033049,-1.4249276386,-0.0110321217,0.0460410473,-1.4138955169,0.1427927100,-1.1816573881,-7.8720309961,0.1006899458,0.5372145569,0.9879381868,0.0000000000,0.0946843488,0.0014241172,0.0000000000,-0.0055756484,0.4329546509,0.0946843488,19.8837132445,2.094,1.000000,47.9410743608,1,0.3155411763
12.733431,2.9638345836,2.9314372856,-1.4680690526,-0.0098799769,0.0324503515,-1.4581890757,0.1427927100,-1.2529420686,-8.5541616625,0.0937627621,0.5372145569,0.9879381868,0.0000000000,0.0946843488,0.0014687310,0.0000000000,-0.0056147702,0.0560197200,0.0946843488,19.8837132445,1.694,1.000000,47.9410743608,2,0.3155411763
12.741765,2.9514230224,2.9299033049,-1.5102242920,-0.0088481569,0.0215672304,-1.5013761351,0.1427927100,-1.3177430065,-7.7761125454,0.0878748688,0.5372145569,0.9879381868,0.0000000000,0.0946843488,0.0015122302,0.0000000000,-0.0056496166,0.0000000000,0.0946843488,19.8837132445,1.295,1.000000,47.9410743608,2,0.3155411763
12.750123,2.9386280539,2.9299033049,-1.5514584659,-0.0079240955,0.0087672999,-1.5435343703,0.1427927100,-1.3853219037,-8.1094676702,0.0819361656,0.5372145569,0.9879381868,0.0000000000,0.0946843488,0.0015546932,0.0000000000,-0.0056807340,0.0000000000,0.0946843488,19.8837132445,0.895,1.000000,47.9410743608,1,0.3155411763
12.758442,2.9255552786,2.9299033049,-1.5914373599,-0.0070965389,-0.0043099192,-1.5843408210,0.1427567940,-1.4521351266,-8.0175867398,0.0763473202,0.5372145569,0.9879381868,0.0000000000,0.0946843488,0.0015957947,0.0000000000,-0.0057083292,0.0000000000,0.0946843488,19.8837132445,0.496,1.000000,47.9410743608,0,0.3155411763
12.766758,2.9121581248,2.9299033049,-1.6303190394,-0.0063554086,-0.0177110527,-1.6239636309,0.1426092019,-1.5185181206,-7.9659592833,0.0710762167,0.5372145569,0.9879381868,0.0000000000,0.0946843488,0.0016357040,0.0000000000,-0.0057329297,0.0000000000,0.0946843488,19.8837132445,0.096,1.000000,47.9410743608,0,0.3155411763
12.775100,2.8983988918,2.9283693241,-1.6682041928,-0.0056916785,-0.0299398691,-1.6625125143,0.1423597030,-1.5815994515,-7.5697597097,0.0663819230,0.5372145569,0.9879381868,0.0000000000,0.0946843488,0.0016745315,0.0000000000,-0.0057549442,0.0209967290,0.0946843488,19.8837132445,-0.303,1.000000,47.9410743608,0,0.3155411763
12.783461,2.8842959802,2.9283693241,-1.7050259623,-0.0076017139,-0.0440325242,-1.6974242483,0.1419927653,-1.6448610171,-7.5913878656,0.0619147082,0.5372145569,0.9879381868,0.0000000000,0.0946843488,0.0017096957,0.0000000000,-0.0057746339,0.3652263234,0.0946843488,19.8837132445,-0.703,1.000000,47.9410743608,0,0.3155411763
12.791783,2.8699590732,2.9268353433,-1.7405052356,-0.0093122739,-0.0568262650,-1.7311929617,0.1415192131,-1.7045050453,-7.1572833917,0.0579751398,0.5372145569,0.9879381868,0.0000000000,0.0946843488,0.0017437085,0.0000000000,-0.0057921342,0.7869694729,0.0946843488,19.8837132445,-1.102,1.000000,47.9410743608,0,0.3155411763
12.800089,2.8553590384,2.9268353433,-1.7747330187,-0.0108441908,-0.0714180736,-1.7638888279,0.1409240625,-1.7667670913,-7.4714455161,0.0540229755,0.5372145569,0.9879381868,0.0000000000,0.0946843488,0.0017766407,0.0000000000,-0.0058077491,1.0000000000,0.0946843488,19.8837132445,-1.502,1.000000,47.9410743608,0,0.3155411763
12.808428,2.8404198419,2.9253013625,-1.8078815640,-0.0147205697,-0.0848024740,-1.7931609942,0.1402173752,-1.8233175050,-6.7860496465,0.0507245334,0.5372145569,0.9879381868,0.0000000000,0.0946843488,0.0018061245,0.0000000000,-0.0058217696,1.0000000000,0.0946843488,19.8837132445,-1.901,1.000000,47.9410743608,-1,0.3155411763
12.816763,2.8252179525,2.9237673817,-1.8397717816,-0.0181921172,-0.0984517410,-1.8215796644,0.1393969440,-1.8796526049,-6.7602119831,0.0476035215,0.5372145569,0.9879381868,0.0000000000,0.0946843488,0.0018347487,0.0000000000,-0.0058343055,1.0000000000,0.0946843488,19.8837132445,-2.301,1.000000,47.9410743608,-1,0.3155411763
12.825097,2.8097566861,2.9206994201,-1.8703984392,-0.0238055606,-0.1108149028,-1.8465928787,0.1384734865,-1.9301296327,-6.0572433411,0.0450481594,0.5372145569,0.9879381868,0.0000000000,0.0946843488,0.0018599427,0.0000000000,-0.0058455248,1.0000000000,0.0946843488,19.8837132445,-2.700,1.000000,47.9410743608,-1,0.3155411763
12.833432,2.7940435697,2.9160974778,-1.8997465021,-0.0338416584,-0.1218721849,-1.8659048437,0.1374578850,-1.9724027929,-5.0727792248,0.0431660080,0.5372145569,0.9879381868,0.0000000000,0.0946843488,0.0018793943,0.0000000000,-0.0058555709,1.0000000000,0.0946843488,19.8837132445,-3.100,1.000000,47.9410743608,-2,0.3155411763
12.841770,2.7780852870,2.9114955354,-1.9278021927,-0.0478385287,-0.1331533647,-1.8799636640,0.1363482736,-2.0099601674,-4.5068849407,0.0416725193,0.5372145569,0.9879381868,0.0000000000,0.0946843488,0.0018935547,0.0000000000,-0.0058645703,1.0000000000,0.0946843488,19.8837132445,-3.499,1.000000,47.9410743608,-3,0.3155411763
12.850103,2.7619082752,2.9053596123,-1.9545196130,-0.0653825264,-0.1431002455,-1.8891370866,0.1351557716,-2.0400639607,-3.6124551927,0.0407139487,0.5372145569,0.9879381868,0.0000000000,0.0946843488,0.0019027945,0.0000000000,-0.0058726241,1.0000000000,0.0946843488,19.8837132445,-3.899,1.000000,47.9410743608,-3,0.3155411763
12.858468,2.7454529944,2.8976897083,-1.9799891571,-0.0886076541,-0.1517609079,-1.8913815030,0.1338910973,-2.0607554835,-2.4829827371,0.0403993287,0.5372145569,0.9879381868,0.0000000000,0.0946843488,0.0019050551,0.0000000000,-0.0058798600,1.0000000000,0.0946843488,19.8837132445,-4.298,1.000000,47.9410743608,-3,0.3155411763
12.866773,2.7289072142,2.8900198044,-2.0039284544,-0.1194250489,-0.1604713006,-1.8845034055,0.1325538365,-2.0724948307,-1.4087216593,0.0406859594,0.5372145569,0.9879381868,0.0000000000,0.0946843488,0.0018981273,0.0000000000,-0.0058862896,1.0000000000,0.0946843488,19.8837132445,-4.698,1.000000,47.9410743608,-4,0.3155411763
12.875092,2.7121425838,2.8808159196,-2.0265367928,-0.1545373603,-0.1678435000,-1.8719994325,0.1311551406,-2.0760112282,-0.4219677086,0.0415375121,0.5372145569,0.9879381868,0.0000000000,0.0946843488,0.0018855329,0.0000000000,-0.0058920483,1.0000000000,0.0946843488,19.8837132445,-5.097,1.000000,47.9410743608,-5,0.3155411763
12.883439,2.6951379928,2.8716120349,-2.0478306402,-0.1985049437,-0.1754081088,-1.8493256965,0.1296934064,-2.0698021470,0.7450897498,0.0430988972,0.5372145569,0.9879381868,0.0000000000,0.0946843488,0.0018626953,0.0000000000,-0.0058972076,1.0000000000,0.0946843488,19.8837132445,-5.497,1.000000,47.9410743608,-5,0.3155411763
12.891787,2.6779577044,2.8608741694,-2.0677207824,-0.2504029947,-0.1815718491,-1.8173177878,0.1281803077,-2.0515274159,2.1929677259,0.0455941823,0.5372145569,0.9879381868,0.0000000000,0.0946843488,0.0018304560,0.0000000000,-0.0059018056,1.0000000000,0.0946843488,19.8837132445,-5.896,1.000000,47.9410743608,-4,0.3155411763
12.900085,2.6607233003,2.8486023231,-2.0860805726,-0.3068988426,-0.1862310351,-1.7791817300,0.1266283824,-2.0241747759,3.2823168106,0.0489062233,0.5372145569,0.9879381868,0.0000000000,0.0946843488,0.0017920442,0.0000000000,-0.0059058685,1.0000000000,0.0946843488,19.8837132445,-6.296,1.000000,47.9410743608,-5,0.3155411763
12.908459,2.6431805226,2.8363304768,-2.1031733906,-0.3700167630,-0.1911630354,-1.7331566276,0.1250353571,-1.9895154272,4.1591218434,0.0530339510,0.5372145569,0.9879381868,0.0000000000,0.0946843488,0.0017456864,0.0000000000,-0.0059095010,1.0000000000,0.0946843488,19.8837132445,-6.695,1.000000,47.9410743608,-5,0.3155411763
12.916769,2.6256387612,2.8225246497,-2.1186944385,-0.4390651765,-0.1945281931,-1.6796292619,0.1234142888,-1.9442697174,5.4294851744,0.0583673951,0.5372145569,0.9879381868,0.0000000000,0.0946843488,0.0016917720,0.0000000000,-0.0059126787,1.0000000000,0.0946843488,19.8837132445,-7.095,1.000000,47.9410743608,-7,0.3155411763
12.925099,2.6079308495,2.8071848418,-2.1328042591,-0.5109202809,-0.1965104488,-1.6218839781,0.1217767017,-1.8920759345,6.2632539492,0.0647941763,0.5372145569,0.9879381868,0.0000000000,0.0946843488,0.0016336093,0.0000000000,-0.0059154713,1.0000000000,0.0946843488,19.8837132445,-7.494,1.000000,47.9410743608,-6,0.3155411763
12.933450,2.5900656324,2.7933790147,-2.1454841964,-0.5877934067,-0.2001570450,-1.5576907897,0.1201087264,-1.8367695915,6.6367611570,0.0720811503,0.5372145569,0.9879381868,0.0000000000,0.0946843488,0.0015689520,0.0000000000,-0.0059179051,1.0000000000,0.0946843488,19.8837132445,-7.894,1.000000,47.9410743608,-7,0.3155411763
12.941796,2.5721118277,2.7780392069,-2.1566809788,-0.6691604943,-0.2023341162,-1.4875204845,0.1184226087,-1.7725855443,7.7020856663,0.0809826392,0.5372145569,0.9879381868,0.0000000000,0.0946843488,0.0014982744,0.0000000000,-0.0059199963,1.0000000000,0.0946843488,19.8837132445,-8.293,1.000000,47.9410743608,-9,0.3155411763
12.950094,2.5541731398,2.7611654182,-2.1663443881,-0.7520477663,-0.2029539267,-1.4142966218,0.1167313260,-1.7022603130,8.4390277521,0.0914369907,0.5372145569,0.9879381868,0.0000000000,0.0946843488,0.0014245212,0.0000000000,-0.0059217586,1.0000000000,0.0946843488,19.8837132445,-8.693,1.000000,47.9410743608,-7,0.3155411763
12.958427,2.5360857832,2.7442916295,-2.1745662088,-0.8362964615,-0.2037150955,-1.3382697473,0.1150337002,-1.6294190618,8.7409501407,0.1031782327,0.5372145569,0.9879381868,0.0000000000,0.0946843488,0.0013479447,0.0000000000,-0.0059232275,1.0000000000,0.0946843488,19.8837132445,-9.092,1.000000,47.9410743608,-10,0.3155411763
12.966759,2.5179378146,2.7258838601,-2.1812972648,-0.9242688476,-0.2029828998,-1.2570284172,0.1133421760,-1.5483915169,9.7233053880,0.1171574279,0.5372145569,0.9879381868,0.0000000000,0.0946843488,0.0012661160,0.0000000000,-0.0059244097,1.0000000000,0.0946843488,19.8837132445,-9.492,1.000000,47.9410743608,-10,0.3155411763
12.975085,2.4997536334,2.7059421098,-2.1865304177,-1.0130715906,-0.2007484771,-1.1734588270,0.1116692721,-1.4620339285,10.3629106153,0.1332541441,0.5372145569,0.9879381868,0.0000000000,0.0946843488,0.0011819423,0.0000000000,-0.0059253163,1.0000000000,0.0946843488,19.8837132445,-9.891,1.000000,47.9410743608,-9,0.3155411763
12.983459,2.4814279874,2.6875343404,-2.1902847259,-1.1026179719,-0.2001855068,-1.0876667540,0.1100010595,-1.3767687358,10.2318231214,0.1504702353,0.5372145569,0.9879381868,0.0000000000,0.0946843488,0.0010955300,0.0000000000,-0.0059259600,1.0000000000,0.0946843488,19.8837132445,-10.291,1.000000,47.9410743608,-11,0.3155411763
12.991761,2.4632340116,2.6675925901,-2.1925107293,-1.1928303292,-0.1979533095,-0.9996804001,0.1083514486,-1.2859758351,10.8951480772,0.1700302662,0.5372145569,0.9879381868,0.0000000000,0.0946843488,0.0010069075,0.0000000000,-0.0059263391,1.0000000000,0.0946843488,19.8837132445,-10.690,1.000000,47.9410743608,-10,0.3155411763
13.000097,2.4449526881,2.6461168591,-2.1932453207,-1.2836391111,-0.1942712762,-0.9096062096,0.1067325213,-1.1901854683,11.4948440223,0.1920462101,0.5372145569,0.9879381868,0.0000000000,0.0946843488,0.0009161821,0.0000000000,-0.0059264637,1.0000000000,0.0946843488,19.8837132445,-11.090,1.000000,47.9410743608,-9,0.3155411763
13.008427,2.4266859261,2.6246411281,-2.1924769352,-1.3724775810,-0.1905852618,-0.8199993542,0.1051443108,-1.0948242415,11.4433472099,0.2153917154,0.5372145569,0.9879381868,0.0000000000,0.0946843488,0.0008259275,0.0000000000,-0.0059263333,1.0000000000,0.0946843488,19.8837132445,-11.489,1.000000,47.9410743608,-9,0.3155411763
13.016756,2.4084323017,2.6016314163,-2.1902073511,-1.4645604065,-0.1853347073,-0.7256469446,0.1035998549,-0.9915671400,12.3908521910,0.2418004857,0.5372145569,0.9879381868,0.0000000000,0.0946843488,0.0007308930,0.0000000000,-0.0059259468,1.0000000000,0.0946843488,19.8837132445,-11.889,1.000000,47.9410743608,-9,0.3155411763
13.025089,2.3901966243,2.5770877236,-2.1864363346,-1.5545398648,-0.1785435197,-0.6318964698,0.1021119922,-0.8857964721,12.6924801467,0.2701995824,0.5372145569,0.9879381868,0.0000000000,0.0946843488,0.0006364647,0.0000000000,-0.0059253001,1.0000000000,0.0946843488,19.8837132445,-12.288,1.000000,47.9410743608,-12,0.3155411763
13.033428,2.3719852021,2.5556119926,-2.1811626297,-1.6426356220,-0.1748061536,-0.5385270077,0.1006552743,-0.7864409963,11.9226570952,0.2976523139,0.5372145569,0.9879381868,0.0000000000,0.0946843488,0.0005424203,0.0000000000,-0.0059243862,1.0000000000,0.0946843488,19.8837132445,-12.688,1.000000,47.9410743608,-13,0.3155411763
13.041767,2.3538235567,2.5295343192,-2.1743919005,-1.7315488519,-0.1664126787,-0.4428430487,0.0992685019,-0.6754550214,13.3183169842,0.3290665139,0.5372145569,0.9879381868,0.0000000000,0.0946843488,0.0004460446,0.0000000000,-0.0059231966,1.0000000000,0.0946843488,19.8837132445,-13.087,1.000000,47.9410743608,-13,0.3155411763
13.050097,2.3357432533,2.5049906266,-2.1661382058,-1.8211941812,-0.1594679114,-0.3449440246,0.0979396027,-0.5650740493,13.2457166557,0.3602272805,0.5372145569,0.9879381868,0.0000000000,0.0946843488,0.0003474378,0.0000000000,-0.0059217214,1.0000000000,0.0946843488,19.8837132445,-13.487,1.000000,47.9410743608,-13,0.3155411763
13.058462,2.3176633335,2.4819809148,-2.1563574811,-1.9089907044,-0.1540666689,-0.2473667767,0.0966557138,-0.4580359113,12.8445765548,0.3899401136,0.5372145569,0.9879381868,0.0000000000,0.0946843488,0.0002491551,0.0000000000,-0.0059199367,1.0000000000,0.0946843488,19.8837132445,-13.886,1.000000,47.9410743608,-11,0.3155411763
13.066764,2.2998074816,2.4559032414,-2.1451786468,-1.9951315023,-0.1453822880,-0.1500471445,0.0954441947,-0.3446637157,13.6046634791,0.4209568885,0.5372145569,0.9884133889,0.0570242538,0.0905076521,0.0001511319,0.0000000000,-0.0059178473,1.0000000000,0.0946843488,19.0066069403,-14.286,1.000000,47.9410743608,-12,0.3214188470
13.075105,2.2819651934,2.4298255680,-2.1324763733,-2.0797894914,-0.1366923057,-0.0526868820,0.0943050922,-0.2311683592,13.6194427713,0.4590674209,0.5373438227,0.9886220923,0.0250444100,0.0634590597,0.0000530678,0.0000000000,-0.0059154074,1.0000000000,0.0946843488,13.3264025387,-13.886,1.000000,47.9410743608,-13,0.3212195658
13.083433,2.2642636906,2.4037478946,-2.1183339058,-2.1631195295,-0.1278686688,0.0447856237,0.0932395199,-0.1172228172,13.6734650429,0.4868620185,0.5374003994,0.9886492341,0.0032570093,0.0309490072,-0.0000451094,-0.0000000000,-0.0059126062,1.0000000000,0.0946843488,6.4992915173,-13.487,1.000000,47.9410743608,-14,0.3169908868
13.091800,2.2466055266,2.3746022596,-2.1026664796,-2.2452603018,-0.1159401177,0.1425938222,0.0922733523,0.0033227952,14.4654734861,0.5076593190,0.5374077484,0.9886093280,-0.0047887337,-0.0071363290,-0.0001436247,-0.0000000000,-0.0059093953,1.0000000000,0.0946843488,-1.4986290930,-13.087,1.000000,47.9410743608,-12,0.3113256426
13.100110,2.2292006624,2.3469906055,-2.0856652795,-2.3238315613,-0.1053114152,0.2381662818,0.0913957571,0.1191385062,13.8978853248,0.5208278571,0.5373969426,0.9886427058,0.0040053359,-0.0458299400,-0.0002398881,-0.0000000000,-0.0059057785,1.0000000000,0.0946843488,-9.6242873904,-12.688,1.000000,47.9410743608,-13,0.3074859618
13.108440,2.2119031924,2.3209129321,-2.0671981055,-2.3992060917,-0.0961264651,0.3320079862,0.0905947033,0.2304316430,13.3551764162,0.5317697669,0.5374059810,0.9888818569,0.0286981306,-0.0843476862,-0.0003344082,-0.0000000000,-0.0059016874,1.0000000000,0.0946843488,-17.7130140936,-12.288,1.000000,47.9410743608,-12,0.3086640045
13.116764,2.1947788773,2.2917672971,-2.0473315413,-2.4742221935,-0.0837023231,0.4268906522,0.0905947033,0.3499886550,14.3468414414,0.5493668185,0.5374706513,0.9888818569,0.0000000000,-0.0946843488,-0.0004299768,-0.0000000000,-0.0058970895,1.0000000000,0.0946843488,-19.8837132445,-11.889,1.000000,47.9410743608,-11,0.3086640045
13.125130,2.1777391238,2.2626216621,-2.0259523578,-2.5464128508,-0.0712087918,0.5204604930,0.0905947033,0.4683706490,14.2058392810,0.5601228313,0.5374706513,0.9888818569,0.0000000000,-0.0946843488,-0.0005242231,-0.0000000000,-0.0058919032,1.0000000000,0.0946843488,-19.8837132445,-11.489,1.000000,47.9410743608,-13,0.3086640045
13.133436,2.1610042909,2.2365439887,-2.0033420533,-2.6160731402,-0.0614918890,0.6127310869,0.0905947033,0.5799390120,13.3882035496,0.5647054967,0.5374706513,0.9888818569,0.0000000000,-0.0946843488,-0.0006171608,-0.0000000000,-0.0058861362,0.9047617130,0.0946843488,-19.8837132445,-11.090,1.000000,47.9410743608,-10,0.3086640045
13.141774,2.1443991223,2.2089323346,-1.9792720178,-2.6809628733,-0.0501369580,0.7016908555,0.0905947033,0.6914496735,13.3812793805,0.5659494989,0.5374706513,0.9888818569,0.0000000000,-0.0946843488,-0.0007067637,-0.0000000000,-0.0058796620,0.5733455714,0.0946843488,-19.8837132445,-10.690,1.000000,47.9410743608,-10,0.3086640045
13.150114,2.1279973292,2.1828546612,-1.9538390426,-2.7415802654,-0.0401355740,0.7877412228,0.0905947033,0.7973627894,12.7095739099,0.5626981893,0.5374706513,0.9888818569,0.0000000000,-0.0946843488,-0.0007934361,-0.0000000000,-0.0058724250,0.2414546089,0.0946843488,-19.8837132445,-10.291,1.000000,47.9410743608,-9,0.3086640045
13.158439,2.1118416912,2.1567769878,-1.9271134520,-2.7983715004,-0.0299085806,0.8712580484,0.0905947033,0.9011904239,12.4593161480,0.5559998516,0.5374706513,0.9888818569,0.0000000000,-0.0946843488,-0.0008775568,-0.0000000000,-0.0058643561,0.0206592043,0.0946843488,-19.8837132445,-9.891,1.000000,47.9410743608,-10,0.3086640045
13.166766,2.0959114815,2.1291653336,-1.8990650561,-2.8492317163,-0.0179540265,0.9501666602,0.0905947033,1.0038407801,12.3180427369,0.5471886601,0.5374706513,0.9888818569,0.0000000000,-0.0946843488,-0.0009570358,-0.0000000000,-0.0058553451,0.0000000000,0.0946843488,-19.8837132445,-9.492,1.000000,47.9410743608,-10,0.3086640045
13.175104,2.0801971787,2.1015536794,-1.8696728485,-2.8947803218,-0.0058120879,1.0251074734,0.0905947033,1.1028954833,11.8865643870,0.5360779458,0.5374706513,0.9888818569,0.0000000000,-0.0946843488,-0.0010325184,-0.0000000000,-0.0058452678,0.0000000000,0.0946843488,-19.8837132445,-9.092,1.000000,47.9410743608,-9,0.3086640045
13.183446,2.0647290107,2.0770099868,-1.8389887431,-2.9330675890,0.0034690319,1.0940788459,0.0906236119,1.1903276652,10.4918618239,0.5232682326,0.5374706513,0.9888818569,0.0000000000,-0.0946843488,-0.0011019884,-0.0000000000,-0.0058340083,0.0000000000,0.0946843488,-19.8837132445,-8.693,1.000000,47.9410743608,-7,0.3086640045
13.191784,2.0495274213,2.0524662942,-1.8070534900,-2.9623474105,0.0129683621,1.1552939204,0.0907316816,1.2705149715,9.6224767567,0.5107225168,0.5374706513,0.9888818569,0.0000000000,-0.0946843488,-0.0011636460,-0.0000000000,-0.0058214319,0.0000000000,0.0946843488,-19.8837132445,-8.293,1.000000,47.9410743608,-10,0.3086640045
13.200127,2.0345881976,2.0279226016,-1.7738575332,-2.9860649316,0.0227001896,1.2122073984,0.0909208498,1.3469423879,9.1712899720,0.4978177532,0.5374706513,0.9888818569,0.0000000000,-0.0946843488,-0.0012209710,-0.0000000000,-0.0058073645,0.0000000000,0.0946843488,-19.8837132445,-7.894,1.000000,47.9410743608,-8,0.3086640045
13.208432,2.0199982053,2.0079808513,-1.7396049813,-3.0022966053,0.0281391085,1.2626916240,0.0911553424,1.4084595276,7.3820567614,0.4853649317,0.5374706513,0.9888818569,0.0000000000,-0.0946843488,-0.0012718202,-0.0000000000,-0.0057917071,0.0058672140,0.0946843488,-19.8837132445,-7.494,1.000000,47.9410743608,-7,0.3086640045
13.216774,2.0056346464,1.9849711395,-1.7040081076,-3.0093197710,0.0368229745,1.3053116635,0.0914622005,1.4686283021,7.2202529389,0.4748726235,0.5374706513,0.9888818569,0.0000000000,-0.0946843488,-0.0013147483,-0.0000000000,-0.0057741111,0.1494663530,0.0946843488,-19.8837132445,-7.095,1.000000,47.9410743608,-5,0.3086640045
13.225142,1.9915276938,1.9634954085,-1.6671195984,-3.0106005721,0.0441986305,1.3434809737,0.0918305224,1.5218088487,6.3816655941,0.4650793959,0.5374706513,0.9888818569,0.0000000000,-0.0946843488,-0.0013531936,-0.0000000000,-0.0057543394,0.3707559073,0.0946843488,-19.8837132445,-6.695,1.000000,47.9410743608,-6,0.3086640045
13.233466,1.9778085711,1.9435536583,-1.6292890998,-3.0017298180,0.0503736238,1.3724407182,0.0922503026,1.5634460537,4.9964646010,0.4580210876,0.5374706513,0.9888818569,0.0000000000,-0.0946843488,-0.0013823627,-0.0000000000,-0.0057323050,0.5813942523,0.0946843488,-19.8837132445,-6.296,1.000000,47.9410743608,-6,0.3086640045
13.245408,1.9586842177,1.9159420041,-1.5730690525,-2.9812632426,0.0587510231,1.4081941900,0.0927398945,1.6163198020,6.3448498004,0.4492853513,0.5374706513,0.9888818569,0.0000000000,-0.0946843488,-0.0014183746,-0.0000000000,-0.0056959519,0.8397649899,0.0946843488,-19.8837132445,-5.896,1.000000,47.9410743608,-7,0.3086640045
13.254241,1.9449792820,1.8975342346,-1.5300612303,-2.9504118609,0.0632881908,1.4203506306,0.0932672961,1.6380071016,2.6024759491,0.4478779737,0.5374706513,0.9888818569,0.0000000000,-0.0946843488,-0.0014306190,-0.0000000000,-0.0056649376,0.9396003039,0.0946843488,-19.8837132445,-5.497,1.000000,47.9410743608,-6,0.3086640045
13.261846,1.9334855875,1.8821944267,-1.4920801270,-2.9152691120,0.0669455944,1.4231889850,0.0938251760,1.6486591564,1.2782465716,0.4494313145,0.5374706513,0.9888818569,0.0000000000,-0.0946843488,-0.0014334778,-0.0000000000,-0.0056350096,0.9876103518,0.0946843488,-19.8837132445,-5.097,1.000000,47.9410743608,-6,0.3086640045
13.268699,1.9233798419,1.8683885996,-1.4571292231,-2.8737787184,0.0704228804,1.4166494953,0.0944120334,1.6496042270,0.1134084694,0.4542938321,0.5374706513,0.9888818569,0.0000000000,-0.0946843488,-0.0014268911,-0.0000000000,-0.0056051928,1.0000000000,0.0946843488,-19.8837132445,-4.698,1.000000,47.9410743608,-4,0.3086640045
13.275483,1.9136146362,1.8576507341,-1.4218672137,-2.8291080478,0.0711556673,1.4072408341,0.0950049972,1.6422355719,-0.8842386070,0.4604280779,0.5374706513,0.9888818569,0.0000000000,-0.0946843488,-0.0014174144,-0.0000000000,-0.0055727322,1.0000000000,0.0946843488,-19.8837132445,-4.298,1.000000,47.9410743608,-5,0.3086640045
13.283440,1.9024674480,1.8438449070,-1.3796808765,-2.7765803369,0.0735322425,1.3968994604,0.0956177659,1.6372182966,-0.6020730418,0.4672367770,0.5374706513,0.9888818569,0.0000000000,-0.0946843488,-0.0014069983,-0.0000000000,-0.0055305149,1.0000000000,0.0946843488,-19.8837132445,-3.899,1.000000,47.9410743608,-3,0.3086640045
13.291757,1.8911792619,1.8315730607,-1.3346676844,-2.7170161393,0.0741960545,1.3823484549,0.0962360664,1.6245952962,-1.5147600427,0.4759947997,0.5374706513,0.9888818569,0.0000000000,-0.0946843488,-0.0013923421,-0.0000000000,-0.0054810655,1.0000000000,0.0946843488,-19.8837132445,-3.499,1.000000,47.9410743608,-5,0.3086640045
13.300100,1.8802366847,1.8208351952,-1.2886024408,-2.6511503138,0.0736376560,1.3625478730,0.0968497135,1.6042908211,-2.4365370182,0.4870172001,0.5374706513,0.9888818569,0.0000000000,-0.0946843488,-0.0013723983,-0.0000000000,-0.0054253326,1.0000000000,0.0946843488,-19.8837132445,-3.100,1.000000,47.9410743608,-3,0.3086640045
13.308430,1.8696973060,1.8100973297,-1.2417216883,-2.5771365254,0.0734387030,1.3354148371,0.0974617027,1.5773661158,-3.2309646316,0.5010844513,0.5374706513,0.9888818569,0.0000000000,-0.0946843488,-0.0013450691,-0.0000000000,-0.0053628050,1.0000000000,0.0946843488,-19.8837132445,-2.700,1.000000,47.9410743608,-2,0.3086640045
13.316756,1.8595562316,1.8008934450,-1.1940110549,-2.4958257103,0.0720648899,1.3018146554,0.0980622435,1.5416297039,-4.2883694262,0.5179906047,0.5374706513,0.9888818569,0.0000000000,-0.0946843488,-0.0013112260,-0.0000000000,-0.0052926137,1.0000000000,0.0946843488,-19.8837132445,-2.301,1.000000,47.9410743608,-2,0.3086640045
13.325129,1.8497629215,1.7932235410,-1.1452119578,-2.4104843854,0.0694832173,1.2652724276,0.0986412703,1.5005312231,-4.9318176986,0.5362551159,0.5374706513,0.9888818569,0.0000000000,-0.0946843488,-0.0012744196,-0.0000000000,-0.0052133702,0.9998293151,0.0946843488,-19.8837132445,-1.901,1.000000,47.9410743608,-3,0.3086640045
13.333441,1.8404476634,1.7870876179,-1.0959807870,-2.3190290304,0.0658127847,1.2230482434,0.0991897101,1.4515583484,-5.8767449663,0.5569115418,0.5374706513,0.9888818569,0.0000000000,-0.0946843488,-0.0012318902,-0.0000000000,-0.0051251238,0.9763244755,0.0946843488,-19.8837132445,-1.502,1.000000,47.9410743608,-1,0.3086640045
13.341801,1.8314947700,1.7809516947,-1.0457127935,-2.2220981669,0.0624753144,1.1763853734,0.0997103378,1.3987806267,-6.3333266029,0.5793205366,0.5374706513,0.9888818569,0.0000000000,-0.0946843488,-0.0011848900,-0.0000000000,-0.0050256847,0.9246675736,0.0946843488,-19.8837132445,-1.102,1.000000,47.9410743608,-3,0.3086640045
13.350086,1.8230396542,1.7763497524,-0.9951832563,-2.1202636322,0.0580753091,1.1250803758,0.1001942987,1.3392144278,-7.1479438661,0.6034048281,0.5374706513,0.9888818569,0.0000000000,-0.0946843488,-0.0011332141,-0.0000000000,-0.0049154459,0.8218331104,0.0946843488,-19.8837132445,-0.703,1.000000,47.9410743608,-1,0.3086640045
13.358464,1.8149187819,1.7732817908,-0.9434046463,-2.0140375434,0.0524519848,1.0706328971,0.1006313985,1.2740300287,-7.8221278898,0.6283334166,0.5374706513,0.9888818569,0.0000000000,-0.0946843488,-0.0010783730,-0.0000000000,-0.0047909511,0.6510370633,0.0946843488,-19.8837132445,-0.303,1.000000,47.9410743608,-1,0.3086640045
13.366763,1.8073046136,1.7702138292,-0.8914681958,-1.9038785345,0.0473142454,1.0124103387,0.1010256839,1.2059927047,-8.1644788824,0.6540685916,0.5374706513,0.9888818569,0.0000000000,-0.0946843488,-0.0010197295,-0.0000000000,-0.0046534902,0.4765515908,0.0946843488,-19.8837132445,0.096,1.000000,47.9410743608,0,0.3086640045
13.375113,1.8000810068,1.7702138292,-0.8385994708,-1.7927017905,0.0394936409,0.9541023196,0.1013547976,1.1324774873,-8.8218260878,0.6786379380,0.5374706513,0.9888818569,0.0000000000,-0.0946843488,-0.0009609999,-0.0000000000,-0.0044997326,0.2224920271,0.0946843488,-19.8837132445,0.496,1.000000,47.9410743608,0,0.3086640045
13.383440,1.7933197945,1.7702138292,-0.7853052272,-1.6781091503,0.0321170881,0.8928039231,0.1016224400,1.0567931655,-9.0821186129,0.7030123344,0.5374706513,0.9888818569,0.0000000000,-0.0946843488,-0.0008992584,-0.0000000000,-0.0043297487,0.0505060557,0.0946843488,-19.8837132445,0.895,1.000000,47.9410743608,0,0.3086640045
13.391757,1.7870116505,1.7717478100,-0.7315361943,-1.5604573549,0.0236431959,0.8289211606,0.1018194666,0.9762755310,-9.6621161400,0.7263959442,0.5374706513,0.9888818569,0.0000000000,-0.0946843488,-0.0008349138,-0.0000000000,-0.0041421809,0.0000000000,0.0946843488,-19.8837132445,1.295,1.000000,47.9410743608,1,0.3086640045
13.400089,1.7811423470,1.7732817908,-0.6771665525,-1.4425703369,0.0156068810,0.7654037844,0.1019495240,0.8969262763,-9.5219105676,0.7476827714,0.5374706513,0.9888818569,0.0000000000,-0.0946843488,-0.0007709372,-0.0000000000,-0.0039353734,0.0000000000,0.0946843488,-19.8837132445,1.694,1.000000,47.9410743608,1,0.3086640045
13.408438,1.7757174901,1.7748157716,-0.6222209558,-1.3244726619,0.0080138816,0.7022517061,0.1020163063,0.8187603518,-9.3799109438,0.7667304567,0.5374706513,0.9888818569,0.0000000000,-0.0946843488,-0.0007073286,-0.0000000000,-0.0037082644,0.0000000000,0.0946843488,-19.8837132445,2.094,1.000000,47.9410743608,2,0.3086640045
13.416752,1.7707735567,1.7763497524,-0.5670861553,-1.2061863301,0.0009007926,0.6391001748,0.1020238129,0.7414896276,-9.2724868983,0.7835103923,0.5374706513,0.9888818569,0.0000000000,-0.0946843488,-0.0006437205,-0.0000000000,-0.0034616753,0.0000000000,0.0946843488,-19.8837132445,2.493,1.000000,47.9410743608,1,0.3086640045
13.425084,1.7662801101,1.7794177139,-0.5114399716,-1.0902354924,-0.0072832492,0.5787955208,0.1020238129,0.6649314665,-9.1869793276,0.7966421787,0.5374706513,0.9888818569,0.0000000000,-0.0946843488,-0.0005829799,-0.0000000000,-0.0031936658,0.0000000000,0.0946843488,-19.8837132445,2.893,1.000000,47.9410743608,1,0.3086640045
13.433459,1.7622323647,1.7840196563,-0.4551556721,-0.9763762403,-0.0165443393,0.5212205682,0.1020238129,0.5889639891,-9.1160972943,0.8061054569,0.5374706513,0.9888818569,0.0000000000,-0.0946843488,-0.0005249887,-0.0000000000,-0.0029032097,0.0000000000,0.0946843488,-19.8837132445,3.292,1.000000,47.9410743608,4,0.3086640045
13.441785,1.7586765322,1.7901555795,-0.3988825533,-0.8643901382,-0.0268374388,0.4655075849,0.1020238129,0.5128089103,-9.1386094575,0.8120214892,0.5374706513,0.9888818569,0.0000000000,-0.0946843488,-0.0004688729,-0.0000000000,-0.0025938923,0.0006743620,0.0946843488,-19.8837132445,3.692,1.000000,47.9410743608,2,0.3086640045
13.450107,1.7555922536,1.7962915026,-0.3423727887,-0.7540815628,-0.0366499763,0.4117087742,0.1020238129,0.4395223999,-8.7943812385,0.8152288436,0.5374706513,0.9888818569,0.0000000000,-0.0946843488,-0.0004146852,-0.0000000000,-0.0022652225,0.1451033946,0.0946843488,-19.8837132445,4.091,1.000000,47.9410743608,4,0.3086640045
13.458425,1.7529800513,1.8039614066,-0.2856491820,-0.6452753208,-0.0475163511,0.3596261388,0.1020238129,0.3658591443,-8.8395906764,0.8150082931,0.5374706513,0.9888818569,0.0000000000,-0.0946843488,-0.0003622260,-0.0000000000,-0.0019185590,0.4834944899,0.0946843488,-19.8837132445,4.491,1.000000,47.9410743608,2,0.3086640045
13.466754,1.7508380268,1.8131652913,-0.2286553757,-0.5353100668,-0.0594527526,0.3066546911,0.1020238129,0.2891820032,-9.2012569355,0.8114631277,0.5374706513,0.9888818569,0.0000000000,-0.0946843488,-0.0003088716,-0.0000000000,-0.0015552608,0.8576358448,0.0946843488,-19.8837132445,4.890,1.000000,47.9410743608,3,0.3086640045
13.475088,1.7491706576,1.8223691760,-0.1714752473,-0.4268112913,-0.0709066240,0.2553360439,0.1020238129,0.2151159675,-8.8879242857,0.8054783894,0.5374706513,0.9888818569,0.0000000000,-0.0946843488,-0.0002571820,-0.0000000000,-0.0011780646,1.0000000000,0.0946843488,-19.8837132445,5.290,1.000000,47.9410743608,4,0.3086640045
13.483454,1.7479766448,1.8331070415,-0.1139556098,-0.3171213933,-0.0834275160,0.2031657835,0.1013285836,0.1373936854,-9.3266738530,0.7962130061,0.5374706513,0.9889825767,0.0120863811,-0.0671003106,-0.0002046346,-0.0000000000,-0.0007886058,1.0000000000,0.0946843488,-14.0910652325,5.689,1.000000,47.9410743608,4,0.3066848365
13.491758,1.7472676645,1.8453788878,-0.0567799839,-0.2063647683,-0.0970030843,0.1495847844,0.1005202246,0.0560545260,-9.7606991231,0.7783346154,0.5374978406,0.9889653824,-0.0020633186,-0.0269786943,-0.0001506662,-0.0000000000,-0.0003946497,1.0000000000,0.0946843488,-5.6655258030,5.291,1.000000,47.9410743608,6,0.3017820111
13.500089,1.7470337021,1.8576507341,0.0006098590,-0.0946528204,-0.1101087646,0.0952626794,0.0996026516,-0.0252002322,-9.7505709793,0.7509399951,0.5374932010,0.9889297242,-0.0042789773,0.0114206913,-0.0000959514,-0.0000000000,0.0000042450,1.0000000000,0.0946843488,2.3983451626,4.892,1.000000,47.9410743608,5,0.2965021864
13.508423,1.7472780794,1.8714565612,0.0580296460,0.0179146807,-0.1242746803,0.0401149653,0.0985670292,-0.1095026291,-10.1162876308,0.7195870984,0.5374835765,0.9889713862,0.0049994303,0.0485415561,-0.0000404050,-0.0000000000,0.0004033096,1.0000000000,0.0946843488,10.1937267865,4.492,1.000000,47.9410743608,3,0.2933167001
13.516756,1.7480006761,1.8867963691,0.1153975487,0.1312483850,-0.1395004715,-0.0158508363,0.0974045253,-0.1968531379,-10.4820610588,0.6904628957,0.5374948211,0.9891861647,0.0257734257,0.0843455610,0.0000159654,0.0000000000,0.0007984669,1.0000000000,0.0946843488,17.7125678020,4.093,1.000000,47.9410743608,3,0.2947039525
13.525089,1.7492011231,1.9006021962,0.1726913357,0.2452682737,-0.1527181165,-0.0725769380,0.0961318743,-0.2810843788,-10.1077489044,0.6719664094,0.5375527142,0.9891861647,0.0000000000,0.0946843488,0.0000731016,0.0000000000,0.0011862007,1.0000000000,0.0946843488,19.8837132445,3.693,1.000000,47.9410743608,3,0.2947039525
13.533422,1.7508783597,1.9190099656,0.2298609289,0.3599026848,-0.1700642141,-0.1300417558,0.0947146725,-0.3743959768,-11.1973917652,0.6438351424,0.5375527142,0.9891861647,0.0000000000,0.0946843488,0.0001309819,0.0000000000,0.0015630854,1.0000000000,0.0946843488,19.8837132445,3.294,1.000000,47.9410743608,4,0.2947039525
13.541777,1.7530378232,1.9343497735,0.2870274741,0.4750874403,-0.1838630783,-0.1880599662,0.0931824802,-0.4613295484,-10.4320285906,0.6169625795,0.5375527142,0.9891861647,0.0000000000,0.0946843488,0.0001894195,0.0000000000,0.0019271673,1.0000000000,0.0946843488,19.8837132445,2.894,1.000000,47.9410743608,1,0.2947039525
13.550102,1.7556639399,1.9527575430,0.3437947692,0.5882606163,-0.2002524493,-0.2444658471,0.0915137098,-0.5519302093,-10.8720793122,0.5865637678,0.5375527142,0.9891861647,0.0000000000,0.0946843488,0.0002462332,0.0000000000,0.0022737042,1.0000000000,0.0946843488,19.8837132445,2.495,1.000000,47.9410743608,2,0.2947039525
13.558435,1.7587644659,1.9680973509,0.4003733043,0.6996322931,-0.2130897756,-0.2992589888,0.0897379617,-0.6339692558,-9.8446855769,0.5587200354,0.5375527142,0.9891861647,0.0000000000,0.0946843488,0.0003014225,0.0000000000,0.0026023231,1.0000000000,0.0946843488,19.8837132445,2.095,1.000000,47.9410743608,3,0.2947039525
13.566770,1.7623368748,1.9865051203,0.4567005943,0.8093906109,-0.2285145172,-0.3526900166,0.0878336740,-0.7199115413,-10.3130742629,0.5280252744,0.5375527142,0.9891861647,0.0000000000,0.0946843488,0.0003552398,0.0000000000,0.0029114383,1.0000000000,0.0946843488,19.8837132445,1.696,1.000000,47.9410743608,1,0.2947039525
13.575126,1.7663876043,2.0049128898,0.5128461990,0.9177040617,-0.2434531795,-0.4048578627,0.0858048975,-0.8037480437,-10.0603802883,0.4976223466,0.5375527142,0.9891861647,0.0000000000,0.0946843488,0.0004077848,0.0000000000,0.0032006747,1.0000000000,0.0946843488,19.8837132445,1.296,1.000000,47.9410743608,2,0.2947039525
13.583455,1.7708910133,2.0202526976,0.5684629714,1.0197146439,-0.2548373555,-0.4512516725,0.0836812529,-0.8748448448,-8.5316161323,0.4718293020,0.5375527142,0.9891861647,0.0000000000,0.0946843488,0.0004545140,0.0000000000,0.0034680628,1.0000000000,0.0946843488,19.8837132445,0.897,1.000000,47.9410743608,1,0.2947039525
13.591757,1.7758389731,2.0401944479,0.6235094978,1.1185850489,-0.2703620611,-0.4950755511,0.0814282357,-0.9517223740,-9.2253035014,0.4430986846,0.5375527142,0.9891861647,0.0000000000,0.0946843488,0.0004986547,0.0000000000,0.0037138023,1.0000000000,0.0946843488,19.8837132445,0.497,1.000000,47.9410743608,1,0.2947039525
13.600105,1.7812739926,2.0570682366,0.6784393014,1.2121387742,-0.2823031957,-0.5336994727,0.0790757091,-1.0163810956,-7.7590465838,0.4191412767,0.5375527142,0.9891861647,0.0000000000,0.0946843488,0.0005375578,0.0000000000,0.0039404164,1.0000000000,0.0946843488,19.8837132445,0.098,1.000000,47.9410743608,1,0.2947039525
13.608424,1.7871439627,2.0739420252,0.7327100082,1.3009310695,-0.2937838118,-0.5682210613,0.0766275107,-1.0761172312,-7.1683362759,0.3969679593,0.5375527142,0.9891861647,0.0000000000,0.0946843488,0.0005723290,0.0000000000,0.0041464532,1.0000000000,0.0946843488,19.8837132445,-0.302,1.000000,47.9410743608,4,0.2947039525
13.616753,1.7934712902,2.0877478523,0.7865452030,1.3804503001,-0.3016893143,-0.5939050972,0.0741134331,-1.1199805989,-5.2636041264,0.3804660347,0.5375527142,0.9891861647,0.0000000000,0.0946843488,0.0005981987,0.0000000000,0.0043338809,1.0000000000,0.0946843488,19.8837132445,-0.701,1.000000,47.9410743608,19,0.2947039525
13.625085,1.8002468022,2.0984857178,0.8398571008,1.4491604543,-0.3060206281,-0.6093033535,0.0715632611,-1.1464954388,-3.1817807889,0.3698408344,0.5375527142,0.9891861647,0.0000000000,0.0946843488,0.0006137083,0.0000000000,0.0045035588,1.0000000000,0.0946843488,19.8837132445,-1.101,1.000000,47.9410743608,7,0.2947039525
13.633428,1.8074750997,2.1092235833,0.8926711742,1.5056859344,-0.3098337271,-0.6130147602,0.0689813134,-1.1603255871,-1.6596177882,0.3628983402,0.5375527142,0.9891861647,0.0000000000,0.0946843488,0.0006174465,0.0000000000,0.0046568232,1.0000000000,0.0946843488,19.8837132445,-1.500,1.000000,47.9410743608,-25,0.2947039525
13.641782,1.8151506819,2.1199614489,0.9449321480,1.5462903555,-0.3131140483,-0.6013582074,0.0663720297,-1.1577566339,0.3082743791,0.3605768695,0.5375527142,0.9891861647,0.0000000000,0.0946843488,0.0006057057,0.0000000000,0.0047947989,1.0000000000,0.0946843488,19.8837132445,-1.900,1.000000,47.9410743608,7,0.2947039525
13.650094,1.8232186306,2.1260973720,0.9962867438,1.5701319923,-0.3113100478,-0.5738452484,0.0637777793,-1.1292189879,3.4245175224,0.3664682976,0.5375527142,0.9891861647,0.0000000000,0.0946843488,0.0005779938,0.0000000000,0.0049179690,1.0000000000,0.0946843488,19.8837132445,-2.299,1.000000,47.9410743608,3,0.2947039525
13.658425,1.8317313939,2.1322332952,1.0470821400,1.5764570255,-0.3089671718,-0.5293748854,0.0612030529,-1.0826344796,5.5901409964,0.3771781108,0.5375527142,0.9891861647,0.0000000000,0.0946843488,0.0005332020,0.0000000000,0.0050285251,1.0000000000,0.0946843488,19.8837132445,-2.699,1.000000,47.9410743608,-4,0.2947039525
13.666758,1.8406653759,2.1368352375,1.0971655189,1.5645903612,-0.3045714105,-0.4674248422,0.0586649578,-1.0144571405,8.1812806900,0.3938836435,0.5375527142,0.9891861647,0.0000000000,0.0946843488,0.0004708041,0.0000000000,0.0051273507,1.0000000000,0.0946843488,19.8837132445,-3.098,1.000000,47.9410743608,-2,0.2947039525
13.675093,1.8500168814,2.1414371799,1.1465140755,1.5364318578,-0.2996706416,-0.3899177823,0.0561677024,-0.9296795697,10.1733084915,0.4144749892,0.5375527142,0.9891861647,0.0000000000,0.0946843488,0.0003927367,0.0000000000,0.0052155880,1.0000000000,0.0946843488,19.8837132445,-3.498,1.000000,47.9410743608,0,0.2947039525
13.683467,1.8598228860,2.1445051415,1.1953008318,1.4936829611,-0.2927030453,-0.2983821293,0.0537285104,-0.8267114333,12.3561763684,0.4392576126,0.5375527142,0.9891861647,0.0000000000,0.0946843488,0.0003005393,0.0000000000,0.0052946032,1.0000000000,0.0946843488,19.8837132445,-3.897,1.000000,47.9410743608,3,0.2947039525
13.691762,1.8699352259,2.1475731030,1.2428092343,1.4378674257,-0.2853589482,-0.1950581914,0.0513505191,-0.7111469346,13.8677398505,0.4654270849,0.5375527142,0.9891861647,0.0000000000,0.0946843488,0.0001964684,0.0000000000,0.0053643257,1.0000000000,0.0946843488,19.8837132445,-4.297,1.000000,47.9410743608,-1,0.2947039525
13.700094,1.8804860885,2.1491070838,1.2896808906,1.3753587691,-0.2760064070,-0.0856778785,0.0490504658,-0.5854604401,15.0823793364,0.4919360913,0.5375527142,0.9891861647,0.0000000000,0.0946843488,0.0000862973,0.0000000000,0.0054267001,1.0000000000,0.0946843488,19.8837132445,-4.696,1.000000,47.9410743608,-2,0.2947039525
13.708434,1.8914349537,2.1506410646,1.3357145037,1.3043515420,-0.2662102275,0.0313629617,0.0468320472,-0.4511518568,16.1170299964,0.5165641857,0.5375527142,0.9891861647,0.0000000000,0.0946843488,-0.0000315897,-0.0000000000,0.0054822700,1.0000000000,0.0946843488,19.8837132445,-5.096,1.000000,47.9410743608,-5,0.2947039525
13.716765,1.9027505511,2.1506410646,1.3807792191,1.2282377452,-0.2544859136,0.1525414739,0.0447113312,-0.3087799871,17.0846243605,0.5386006971,0.5375527142,0.9891861647,0.0000000000,0.0946843488,-0.0001536443,-0.0000000000,0.0055316632,1.0000000000,0.0946843488,19.8837132445,-5.495,1.000000,47.9410743608,-4,0.2947039525
13.725119,1.9144711043,2.1491070838,1.4250212393,1.1475506856,-0.2407981057,0.2774705537,0.0427046804,-0.1586455768,18.0161292386,0.5566414237,0.5375527142,0.9892833851,0.0116664525,0.0612095977,-0.0002794765,-0.0000000000,0.0055757373,1.0000000000,0.0946843488,12.8540155213,-5.895,1.000000,47.9410743608,-3,0.2928903601
13.733430,1.9264939103,2.1491070838,1.4680611794,1.0652724225,-0.2283334813,0.4027887569,0.0408019014,-0.0104488629,17.7836056719,0.5633213064,0.5375788782,0.9892436363,-0.0047698597,0.0089293797,-0.0004057007,-0.0000000000,0.0056147633,1.0000000000,0.0946843488,1.8751697369,-5.495,1.000000,47.9410743608,-5,0.2876699109
13.741743,1.9388742535,2.1475731030,1.5101135295,0.9815691342,-0.2139696868,0.5285443953,0.0390188206,0.1420750665,18.3028715219,0.5573418749,0.5375681841,0.9893137132,0.0084092322,-0.0450109703,-0.0005323655,-0.0000000000,0.0056495292,1.0000000000,0.0946843488,-9.4523037534,-5.096,1.000000,47.9410743608,-4,0.2853695616
13.750094,1.9516573043,2.1460391223,1.5513159549,0.8965896436,-0.1991963317,0.6547263113,0.0390188206,0.2975968656,18.6626158919,0.5494927254,0.5375870348,0.9893137132,0.0000000000,-0.0946843488,-0.0006594596,-0.0000000000,0.0056806313,1.0000000000,0.0946843488,-19.8837132445,-4.696,1.000000,47.9410743608,-3,0.2853695616
13.758423,1.9647457953,2.1445051415,1.5913489375,0.8129716802,-0.1841248475,0.7783772573,0.0390188206,0.4511797792,18.4299496288,0.5390333620,0.5375870348,0.9893137132,0.0000000000,-0.0946843488,-0.0007840045,-0.0000000000,0.0057082708,1.0000000000,0.0946843488,-19.8837132445,-4.297,1.000000,47.9410743608,-5,0.2853695616
13.766762,1.9781789053,2.1429711607,1.6303367887,0.7280686037,-0.1687018435,0.9022681850,0.0390188206,0.6057007929,18.5425216455,0.5218423575,0.5375870348,0.9893137132,0.0000000000,-0.0946843488,-0.0009087911,-0.0000000000,0.0057329405,1.0000000000,0.0946843488,-19.8837132445,-3.897,1.000000,47.9410743608,-3,0.2853695616
13.775086,1.9919088125,2.1383692183,1.6681423890,0.6470235225,-0.1499347975,1.0211188665,0.0390188206,0.7618228278,18.7346441908,0.5007973241,0.5375870348,0.9893137132,0.0000000000,-0.0946843488,-0.0010285010,-0.0000000000,0.0057549098,1.0000000000,0.0946843488,-19.8837132445,-3.498,1.000000,47.9410743608,-4,0.2853695616
13.783428,2.0059790758,2.1368352375,1.7048843730,0.5694335251,-0.1339139100,1.1354508479,0.0390188206,0.9079722917,17.5379356634,0.4745049312,0.5375870348,0.9893137132,0.0000000000,-0.0946843488,-0.0011436595,-0.0000000000,0.0057745613,1.0000000000,0.0946843488,-19.8837132445,-3.098,1.000000,47.9410743608,-2,0.2853695616
13.791761,2.0203340951,2.1322332952,1.7404146978,0.4949377782,-0.1145569206,1.2454769196,0.0390188206,1.0564413443,17.8162863157,0.4462734705,0.5375870348,0.9893137132,0.0000000000,-0.0946843488,-0.0012544810,-0.0000000000,0.0057920913,1.0000000000,0.0946843488,-19.8837132445,-2.699,1.000000,47.9410743608,-3,0.2853695616
13.800099,2.0349887368,2.1291653336,1.7747718506,0.4232131323,-0.0964491698,1.3515587183,0.0390188206,1.1984851362,17.0452550249,0.4157093362,0.5375870348,0.9893137132,0.0000000000,-0.0946843488,-0.0013613297,-0.0000000000,0.0058077661,1.0000000000,0.0946843488,-19.8837132445,-2.299,1.000000,47.9410743608,-3,0.2853695616
13.808433,2.0499191792,2.1260973720,1.8078994070,0.3539701862,-0.0780789445,1.4539292208,0.0390188206,1.3373389060,16.6624523834,0.3842068273,0.5375870348,0.9893137132,0.0000000000,-0.0946843488,-0.0014644403,-0.0000000000,0.0058217769,1.0000000000,0.0946843488,-19.8837132445,-1.900,1.000000,47.9410743608,-2,0.2853695616
13.816751,2.0650900066,2.1230294104,1.8397253095,0.2869497624,-0.0594802688,1.5527755471,0.0390188206,1.4731222024,16.2939955693,0.3525576269,0.5375870348,0.9893137132,0.0000000000,-0.0946843488,-0.0015640012,-0.0000000000,0.0058342879,0.8583203179,0.0946843488,-19.8837132445,-1.500,1.000000,47.9410743608,-1,0.2853695616
13.825084,2.0805488138,2.1184274681,1.8703498559,0.2244241993,-0.0390837690,1.6459256566,0.0390188206,1.6067797605,16.0389069670,0.3221416872,0.5375870348,0.9893137132,0.0000000000,-0.0946843488,-0.0016578248,-0.0000000000,0.0058455076,0.2106468392,0.0946843488,-19.8837132445,-1.101,1.000000,47.9410743608,-2,0.2853695616
13.833451,2.0963224325,2.1153595065,1.8998103891,0.1659240740,-0.0199280543,1.7338863151,0.0390188206,1.7327836683,15.1204689417,0.2931675075,0.5375870348,0.9893137132,0.0000000000,-0.0946843488,-0.0017464213,-0.0000000000,0.0058555921,0.0000000000,0.0946843488,-19.8837132445,-0.701,1.000000,47.9410743608,-1,0.2853695616
13.841849,2.1123970908,2.1122915449,1.9280605512,0.1110289880,-0.0004906584,1.8170315632,0.0390188206,1.8545315846,14.6097499564,0.2659843464,0.5375870348,0.9893137132,0.0000000000,-0.0946843488,-0.0018301677,-0.0000000000,0.0058646505,0.0000000000,0.0946843488,-19.8837132445,-0.302,1.000000,47.9410743608,-1,0.2853695616
13.850095,2.1284054274,2.1092235833,1.9544923431,0.0618668959,0.0188496307,1.8926254472,0.0391759009,1.9686901717,13.6990304486,0.2415909408,0.5375870348,0.9893137132,0.0000000000,-0.0946843488,-0.0019063081,-0.0000000000,0.0058726162,0.0000000000,0.0946843488,-19.8837132445,0.098,1.000000,47.9410743608,-1,0.2853695616
13.858447,2.1448362139,2.1061556218,1.9799269680,0.0178390699,0.0385847998,1.9620878982,0.0394974409,2.0776637227,13.0768261179,0.2195243851,0.5375870348,0.9893137132,0.0000000000,-0.0946843488,-0.0019762727,-0.0000000000,0.0058798429,0.1965196634,0.0946843488,-19.8837132445,0.497,1.000000,47.9410743608,0,0.2853695616
13.866759,2.1613955189,2.1061556218,2.0038892970,-0.0190862411,0.0553423866,2.0229755381,0.0399586274,2.1722866825,11.3547551769,0.2006445913,0.5375870348,0.9893137132,0.0000000000,-0.0946843488,-0.0020376005,-0.0000000000,0.0058862794,0.7429877569,0.0946843488,-19.8837132445,0.897,1.000000,47.9410743608,0,0.2853695616
13.875183,2.1783723282,2.1061556218,2.0267761464,-0.0496507915,0.0724833217,2.0764269379,0.0405626551,2.2603755802,10.5706677248,0.1842633221,0.5375870348,0.9893137132,0.0000000000,-0.0946843488,-0.0020914383,-0.0000000000,0.0058921077,1.0000000000,0.0946843488,-19.8837132445,1.296,1.000000,47.9410743608,0,0.2853695616
13.883425,2.1951655681,2.1061556218,2.0477978799,-0.0745188703,0.0894100984,2.1223167502,0.0413077393,2.3406166605,9.6289296346,0.1703292115,0.5375870348,0.9893137132,0.0000000000,-0.0946843488,-0.0021376599,-0.0000000000,0.0058971998,1.0000000000,0.0946843488,-19.8837132445,1.696,1.000000,47.9410743608,0,0.2853695616
13.891770,2.2123376276,2.1076896026,2.0676814221,-0.0917809426,0.1051408711,2.1594623647,0.0421839132,2.4098675401,8.3101055498,0.1589241298,0.5375870348,0.9893137132,0.0000000000,-0.0946843488,-0.0021750741,-0.0000000000,0.0059017967,1.0000000000,0.0946843488,-19.8837132445,2.095,1.000000,47.9410743608,1,0.2853695616
13.900091,2.2296201223,2.1076896026,2.0860934945,-0.0997268968,0.1224660340,2.1858203912,0.0432044635,2.4716396528,7.4126535264,0.1500286601,0.5375870348,0.9893137132,0.0000000000,-0.0946843488,-0.0022016226,-0.0000000000,0.0059058713,1.0000000000,0.0946843488,-19.8837132445,2.495,1.000000,47.9410743608,1,0.2853695616
13.909123,2.2485465789,2.1122915449,2.1044659482,-0.1018341145,0.1368018636,2.2063000627,0.0443444790,2.5217143930,6.0089688198,0.1427103849,0.5375870348,0.9893137132,0.0000000000,-0.0946843488,-0.0022222504,-0.0000000000,0.0059097699,1.0000000000,0.0946843488,-19.8837132445,2.894,1.000000,47.9410743608,2,0.2853695616
13.918854,2.2691139750,2.1153595065,2.1223633099,-0.0937034698,0.1542576380,2.2160667796,0.0456299593,2.5674158246,5.4841717924,0.1372525067,0.5375870348,0.9893137132,0.0000000000,-0.0946843488,-0.0022320877,-0.0000000000,0.0059134135,1.0000000000,0.0946843488,-19.8837132445,3.294,1.000000,47.9410743608,2,0.2853695616
13.926032,2.2843921633,2.1184274681,2.1342951279,-0.0839175042,0.1664153161,2.2182126321,0.0470167536,2.5950742728,3.3190137821,0.1342584430,0.5375870348,0.9893137132,0.0000000000,-0.0946843488,-0.0022342491,-0.0000000000,0.0059157611,1.0000000000,0.0946843488,-19.8837132445,3.693,1.000000,47.9410743608,3,0.2853695616
13.934444,2.3023985904,2.1214954296,2.1468953636,-0.0651357464,0.1812529272,2.2120311100,0.0485271947,2.6198496152,2.9730410947,0.1323804377,0.5375870348,0.9893137132,0.0000000000,-0.0946843488,-0.0022280228,-0.0000000000,0.0059181716,1.0000000000,0.0946843488,-19.8837132445,4.093,1.000000,47.9410743608,2,0.2853695616
13.944031,2.3230436339,2.1276313528,2.1594288522,-0.0433065732,0.1956448290,2.2027354254,0.0501575683,2.6407438759,2.5073112825,0.1308990441,0.5375870348,0.9893137132,0.0000000000,-0.0946843488,-0.0022186600,-0.0000000000,0.0059205014,1.0000000000,0.0946843488,-19.8837132445,4.492,1.000000,47.9410743608,3,0.2853695616
13.953231,2.3429580560,2.1337672759,2.1696138543,-0.0137393457,0.2092645577,2.1833532001,0.0519014396,2.6501299742,1.1263317934,0.1314061775,0.5375870348,0.9893137132,0.0000000000,-0.0946843488,-0.0021991376,-0.0000000000,0.0059223460,1.0000000000,0.0946843488,-19.8837132445,4.892,1.000000,47.9410743608,2,0.2853695616
13.960281,2.3582773678,2.1383692183,2.1761926957,0.0177489116,0.2198128412,2.1584437840,0.0537332133,2.6479756680,-0.2585167455,0.1335854044,0.5375870348,0.9893137132,0.0000000000,-0.0946843488,-0.0021740481,-0.0000000000,0.0059235148,1.0000000000,0.0946843488,-19.8837132445,5.291,1.000000,47.9410743608,4,0.2853695616
13.966744,2.3723596900,2.1445051415,2.1812863150,0.0509575751,0.2275809161,2.1303287398,0.0556297209,2.6371580699,-1.2981117637,0.1367549575,0.5375870348,0.9893137132,0.0000000000,-0.0946843488,-0.0021457298,-0.0000000000,0.0059244078,1.0000000000,0.0946843488,-19.8837132445,5.691,1.000000,47.9410743608,5,0.2853695616
13.975078,2.3905601924,2.1506410646,2.1865262465,0.0907158705,0.2394320010,2.0958103759,0.0576249876,2.6281433914,-1.0817614274,0.1403974142,0.5375870348,0.9893137132,0.0000000000,-0.0946843488,-0.0021109619,-0.0000000000,0.0059253155,1.0000000000,0.0946843488,-19.8837132445,6.090,1.000000,47.9410743608,7,0.2853695616
13.983426,2.4088301610,2.1598449493,2.1902728504,0.1338353354,0.2482665417,2.0564375150,0.0596938754,2.6083559529,-2.3744926112,0.1453250305,0.5375870348,0.9893137132,0.0000000000,-0.0946843488,-0.0020713044,-0.0000000000,0.0059259580,1.0000000000,0.0946843488,-19.8837132445,6.490,1.000000,47.9410743608,6,0.2853695616
13.991759,2.4270922719,2.1675148533,2.1925103658,0.1824693930,0.2585975931,2.0100409729,0.0618488554,2.5846017947,-2.8504989829,0.1515466163,0.5375870348,0.9893137132,0.0000000000,-0.0946843488,-0.0020245724,-0.0000000000,0.0059263390,1.0000000000,0.0946843488,-19.8837132445,6.889,1.000000,47.9410743608,5,0.2853695616
14.000108,2.4454030403,2.1767187380,2.1932452954,0.2335376756,0.2674302500,1.9597076197,0.0640774408,2.5540075926,-3.6713042547,0.1588267550,0.5375870348,0.9893137132,0.0000000000,-0.0946843488,-0.0019738752,-0.0000000000,0.0059264637,1.0000000000,0.0946843488,-19.8837132445,7.289,1.000000,47.9410743608,7,0.2853695616
14.008439,2.4636724750,2.1859226227,2.1924746334,0.2867859640,0.2762098669,1.9056886694,0.0663791897,2.5196945987,-4.1175592736,0.1670064150,0.5375870348,0.9893137132,0.0000000000,-0.0946843488,-0.0019194657,-0.0000000000,0.0059263329,1.0000000000,0.0946843488,-19.8837132445,7.688,1.000000,47.9410743608,6,0.2853695616
14.016766,2.4819212414,2.1951265075,2.1902035774,0.3419865881,0.2849583318,1.8482169893,0.0687538424,2.4819388938,-4.5306845848,0.1760681158,0.5375870348,0.9893137132,0.0000000000,-0.0946843488,-0.0018615786,-0.0000000000,0.0059259461,1.0000000000,0.0946843488,-19.8837132445,8.088,1.000000,47.9410743608,7,0.2853695616
14.025108,2.5001758315,2.2058643730,2.1864259826,0.3989356549,0.2921692509,1.7874903278,0.0711885862,2.4379338942,-5.2805999505,0.1861715244,0.5375870348,0.9893137132,0.0000000000,-0.0946843488,-0.0018004129,-0.0000000000,0.0059252983,1.0000000000,0.0946843488,-19.8837132445,8.487,1.000000,47.9410743608,8,0.2853695616
14.033424,2.5183384806,2.2166022385,2.1811649704,0.4574505649,0.2992798206,1.7237144056,0.0736825847,2.3907387683,-5.6634151096,0.1971337223,0.5375870348,0.9893137132,0.0000000000,-0.0946843488,-0.0017361759,-0.0000000000,0.0059243866,1.0000000000,0.0946843488,-19.8837132445,8.887,1.000000,47.9410743608,8,0.2853695616
14.041755,2.5364815024,2.2304080656,2.1744025513,0.5198722371,0.3032818230,1.6545303142,0.0762099332,2.3319947431,-7.0492830292,0.2098549101,0.5375870348,0.9893137132,0.0000000000,-0.0946843488,-0.0016664916,-0.0000000000,0.0059231985,1.0000000000,0.0946843488,-19.8837132445,9.286,1.000000,47.9410743608,7,0.2853695616
14.050204,2.5548181861,2.2426799119,2.1660230696,0.5832882184,0.3090061288,1.5827348511,0.0787849843,2.2741068779,-6.9465438178,0.2230842406,0.5375870348,0.9893137132,0.0000000000,-0.0946843488,-0.0015941771,-0.0000000000,0.0059217006,1.0000000000,0.0946843488,-19.8837132445,9.686,1.000000,47.9410743608,8,0.2853695616
14.058427,2.5725920636,2.2564857390,2.1564014427,0.6475946678,0.3126288660,1.5088067749,0.0813902248,2.2099424526,-7.6997310370,0.2372019090,0.5375870348,0.9893137132,0.0000000000,-0.0946843488,-0.0015197146,-0.0000000000,0.0059199448,1.0000000000,0.0946843488,-19.8837132445,10.085,1.000000,47.9410743608,9,0.2853695616
14.066766,2.5905289485,2.2702915661,2.1451748492,0.7126985887,0.3164103283,1.4324762605,0.0840269776,2.1437218897,-7.9464675482,0.2518283324,0.5375870348,0.9893137132,0.0000000000,-0.0946843488,-0.0014428323,-0.0000000000,0.0059178466,1.0000000000,0.0946843488,-19.8837132445,10.485,1.000000,47.9410743608,10,0.2853695616
14.075087,2.6083254740,2.2840973932,2.1325066463,0.7785166969,0.3200475961,1.3539899495,0.0866940409,2.0750890476,-8.2359410495,0.2668810052,0.5375870348,0.9893137132,0.0000000000,-0.0946843488,-0.0013637785,-0.0000000000,0.0059154133,1.0000000000,0.0946843488,-19.8837132445,10.884,1.000000,47.9410743608,9,0.2853695616
14.083418,2.6260336358,2.2994372010,2.1183620754,0.8474788544,0.3220456365,1.2708832211,0.0893777545,1.9985967007,-9.1790816285,0.2829461109,0.5375870348,0.9893137132,0.0000000000,-0.0946843488,-0.0012800710,-0.0000000000,0.0059126118,1.0000000000,0.0946843488,-19.8837132445,11.284,1.000000,47.9410743608,11,0.2853695616
14.091828,2.6437853039,2.3178449705,2.1026104764,0.9167522623,0.3210175503,1.1858582140,0.0920529008,1.9141677397,-10.1314753198,0.2991806958,0.5375870348,0.9893137132,0.0000000000,-0.0946843488,-0.0011944313,-0.0000000000,0.0059093836,1.0000000000,0.0946843488,-19.8837132445,11.683,1.000000,47.9410743608,11,0.2853695616
14.100086,2.6610803018,2.3316507976,2.0857161543,0.9863044152,0.3241332395,1.0994117391,0.0947540111,1.8365724507,-9.3114346872,0.3148781132,0.5375870348,0.9893137132,0.0000000000,-0.0946843488,-0.0011073599,-0.0000000000,0.0059057895,1.0000000000,0.0946843488,-19.8837132445,12.083,1.000000,47.9410743608,11,0.2853695616
14.108426,2.6783984654,2.3500585670,2.0672305048,1.0561062022,0.3226688115,1.0111243026,0.0974429179,1.7480280539,-10.6253276058,0.3302598848,0.5375870348,0.9893137132,0.0000000000,-0.0946843488,-0.0010184342,-0.0000000000,0.0059016947,1.0000000000,0.0946843488,-19.8837132445,12.482,1.000000,47.9410743608,11,0.2853695616
14.116765,2.6955552484,2.3684663365,2.0473274687,1.1286360011,0.3210283540,0.9186914676,0.1001181541,1.6549751844,-11.1663443461,0.3452890368,0.5375870348,0.9893137132,0.0000000000,-0.0946843488,-0.0009253331,-0.0000000000,0.0058970885,1.0000000000,0.0946843488,-19.8837132445,12.882,1.000000,47.9410743608,11,0.2853695616
14.125118,2.7125673913,2.3853401252,2.0259839314,1.2011044622,0.3207775665,0.8248794692,0.1027913005,1.5633009754,-11.0009050755,0.3590297329,0.5375870348,0.9893137132,0.0000000000,-0.0946843488,-0.0008308429,-0.0000000000,0.0058919110,1.0000000000,0.0946843488,-19.8837132445,13.281,1.000000,47.9410743608,14,0.2853695616
14.133424,2.7293026790,2.4052818754,2.0033753448,1.2735179914,0.3171822573,0.7298573534,0.1054344860,1.4637448858,-11.9467307505,0.3710445928,0.5375870348,0.9893137132,0.0000000000,-0.0946843488,-0.0007351338,-0.0000000000,0.0058861450,1.0000000000,0.0946843488,-19.8837132445,13.681,1.000000,47.9410743608,13,0.2853695616
14.141761,2.7459060451,2.4252236256,1.9793103863,1.3458823255,0.3134552906,0.6334280608,0.1080466134,1.3624895231,-12.1506435285,0.3810032048,0.5375870348,0.9893137132,0.0000000000,-0.0946843488,-0.0006380074,-0.0000000000,0.0058796726,1.0000000000,0.0946843488,-19.8837132445,14.080,1.000000,47.9410743608,13,0.2853695616
14.150087,2.7622804489,2.4436313951,1.9539239048,1.4182026022,0.3110335790,0.5357213026,0.1106385599,1.2625290320,-11.9952589377,0.3887889751,0.5375870348,0.9893137132,0.0000000000,-0.0946843488,-0.0005395943,-0.0000000000,0.0058724498,1.0000000000,0.0946843488,-19.8837132445,14.480,1.000000,47.9410743608,14,0.2853695616
14.158459,2.7785278141,2.4651071261,1.9270472908,1.4904834226,0.3054170791,0.4365638682,0.1131837022,1.1547268637,-12.9362601960,0.3935496702,0.5375870348,0.9893137132,0.0000000000,-0.0946843488,-0.0004397200,-0.0000000000,0.0058643355,1.0000000000,0.0946843488,-19.8837132445,14.880,1.000000,47.9410743608,15,0.2853695616
14.166779,2.7944442730,2.4865828572,1.8990196713,1.5602244590,0.2994833110,0.3387952123,0.1156793965,1.0476346213,-12.8510690859,0.3951365942,0.5375870348,0.9893137132,0.0000000000,-0.0946843488,-0.0003412445,-0.0000000000,0.0058553301,1.0000000000,0.0946843488,-19.8837132445,15.279,1.000000,47.9410743608,14,0.2853695616
14.175117,2.8101564239,2.5049906266,1.8696288223,1.6301954032,0.2964119620,0.2394334191,0.1181494962,0.9446087682,-12.3631023746,0.3944361870,0.5375870348,0.9893137132,0.0000000000,-0.0946843488,-0.0002411644,-0.0000000000,0.0058452522,1.0000000000,0.0946843488,-19.8837132445,15.679,1.000000,47.9410743608,14,0.2853695616
14.183415,2.8255452051,2.5264663576,1.8391041632,1.6978677964,0.2899616244,0.1412363669,0.1205658431,0.8359839819,-13.0349743509,0.3899682218,0.5375870348,0.9893137132,0.0000000000,-0.0946843488,-0.0001422574,-0.0000000000,0.0058340522,1.0000000000,0.0946843488,-19.8837132445,16.078,1.000000,47.9410743608,14,0.2853695616
14.191803,2.8408384335,2.5494760695,1.8069776322,1.7659861372,0.2818793587,0.0409914951,0.1229148377,0.7220039542,-13.6776033221,0.3820151630,0.5375870348,0.9893137132,0.0000000000,-0.0946843488,-0.0000412878,-0.0000000000,0.0058214010,1.0000000000,0.0946843488,-19.8837132445,16.478,1.000000,47.9410743608,15,0.2853695616
14.200096,2.8556880859,2.5694178197,1.7739819489,1.8319994043,0.2764327823,-0.0580174555,0.1252184442,0.6144495719,-12.9065258807,0.3720703854,0.5375870348,0.9893137132,0.0000000000,-0.0946843488,0.0000584369,0.0000000000,0.0058074192,1.0000000000,0.0946843488,-19.8837132445,16.877,1.000000,47.9410743608,17,0.2853695616
14.208430,2.8703285193,2.5924275315,1.7396146956,1.8961274422,0.2677191486,-0.1565127466,0.1274494371,0.5008488725,-13.6320839222,0.3585095156,0.5375870348,0.9893137132,0.0000000000,-0.0946843488,0.0001576442,0.0000000000,0.0057917117,1.0000000000,0.0946843488,-19.8837132445,17.277,1.000000,47.9410743608,17,0.2853695616
14.216776,2.8846996071,2.6169712241,1.7039991929,1.9585671356,0.2572112547,-0.2545679426,0.1295928643,0.3840385233,-14.0172419038,0.3420182326,0.5375870348,0.9898153751,0.0601994266,-0.0850195211,0.0002564083,0.0000000000,0.0057741065,1.0000000000,0.0946843488,-17.8540994364,17.480,1.000000,47.9410743608,18,0.2931249837
14.225132,2.8987865699,2.6399809360,1.6671638773,2.0194948075,0.2479613359,-0.3523309302,0.1316592087,0.2699427139,-13.6914971306,0.3333116209,0.5377215875,0.9900372148,0.0266207644,-0.0566425295,0.0003548781,0.0000000000,0.0057543641,1.0000000000,0.0946843488,-11.8949311880,17.080,1.000000,47.9410743608,16,0.2939075479
14.233432,2.9124674747,2.6629906478,1.6294439597,2.0790683667,0.2383126303,-0.4496244071,0.1336451473,0.1554451405,-13.7397088073,0.3139767403,0.5377808674,0.9900795574,0.0050811049,-0.0283376911,0.0004528749,0.0000000000,0.0057323990,1.0000000000,0.0946843488,-5.9509151385,16.681,1.000000,47.9410743608,16,0.2905294713
14.241828,2.9259837666,2.6860003596,1.5901597134,2.1349247820,0.2285192721,-0.5447650686,0.1355494746,0.0427326297,-13.5255012940,0.2893057288,0.5377921668,0.9900446259,-0.0041917757,-0.0026675723,0.0005487034,0.0000000000,0.0057074844,1.0000000000,0.0946843488,-0.5601901901,16.281,1.000000,47.9410743608,17,0.2854681026
14.250083,2.9389482441,2.7074760906,1.5504526846,2.1899567036,0.2197125078,-0.6395040189,0.1373804121,-0.0676911605,-13.2508548238,0.2634066833,0.5377828455,0.9900176451,-0.0032376963,0.0195168783,0.0006441273,0.0000000000,0.0056800080,1.0000000000,0.0946843488,4.0985444420,15.882,1.000000,47.9410743608,15,0.2806723083
14.258435,2.9517254744,2.7304858024,1.5092230015,2.2417457893,0.2092019289,-0.7325227877,0.1391237615,-0.1798649110,-13.4608500676,0.2377681377,0.5377756435,0.9900676337,0.0059986272,0.0389612050,0.0007378185,0.0000000000,0.0056488255,1.0000000000,0.0946843488,8.1818530542,15.482,1.000000,47.9410743608,17,0.2776465360
14.266751,2.9641023153,2.7550294950,1.4671349517,2.2906307062,0.1967725746,-0.8234957545,0.1407635330,-0.2939056804,-13.6848923282,0.2139595106,0.5377889854,0.9902520807,0.0221336411,0.0559095521,0.0008294492,0.0000000000,0.0056139612,1.0000000000,0.0946843488,11.7410059344,15.083,1.000000,47.9410743608,14,0.2775208424
14.275087,2.9761521965,2.7765052261,1.4239452571,2.3369147525,0.1870981883,-0.9129694954,0.1423226846,-0.4010553526,-12.8579606642,0.1942524810,0.5378381547,0.9906042035,0.0422547437,0.0697496862,0.0009195697,0.0000000000,0.0055747144,1.0000000000,0.0946843488,14.6474340980,14.683,1.000000,47.9410743608,14,0.2807431666
14.283509,2.9879573387,2.7979809571,1.3793157332,2.3808695514,0.1771915707,-1.0015538182,0.1437992810,-0.5078582216,-12.8163442776,0.1773936166,0.5379317625,0.9911571028,0.0663479137,0.0820477472,0.0010087945,0.0000000000,0.0055301326,1.0000000000,0.0946843488,17.2300269147,14.284,1.000000,47.9410743608,15,0.2875746082
14.291761,2.9991570741,2.8225246497,1.3346448078,2.4202339104,0.1636362344,-1.0855891026,0.1451629163,-0.6174697926,-13.1533885231,0.1626659927,0.5380780547,0.9919469765,0.0947848456,0.0935122031,0.0010934373,0.0000000000,0.0054810391,1.0000000000,0.0946843488,19.6375626472,13.884,1.000000,47.9410743608,14,0.2981237786
14.300105,3.0101006530,2.8424664000,1.2885739437,2.4554872342,0.1544487596,-1.1669132906,0.1451629163,-0.7170403055,-11.9484615481,0.1518480037,0.5382855845,0.9919469765,0.0000000000,0.0946843488,0.0011753494,0.0000000000,0.0054252964,1.0000000000,0.0946843488,19.8837132445,13.485,1.000000,47.9410743608,14,0.2981237786
14.308432,3.0206369859,2.8654761118,1.2417054956,2.4870588607,0.1418058471,-1.2453533651,0.1451629163,-0.8205892043,-12.4258678507,0.1350696590,0.5382855845,0.9919469765,0.0000000000,0.0946843488,0.0012543566,0.0000000000,0.0053627823,1.0000000000,0.0946843488,19.8837132445,13.085,1.000000,47.9410743608,12,0.2981237786
14.316765,3.0307851108,2.8869518428,1.1939597882,2.5128288411,0.1303398612,-1.3188690529,0.1451629163,-0.9168763402,-11.5544563061,0.1203829977,0.5382855845,0.9919469765,0.0000000000,0.0946843488,0.0013284037,0.0000000000,0.0052925345,1.0000000000,0.0946843488,19.8837132445,12.686,1.000000,47.9410743608,13,0.2981237786
14.325092,3.0405264282,2.9053596123,1.1454243760,2.5334030731,0.1215629294,-1.3879786972,0.1451629163,-1.0034169710,-10.3848756944,0.1079439760,0.5382855845,0.9919469765,0.0000000000,0.0946843488,0.0013980130,0.0000000000,0.0052137324,1.0000000000,0.0946843488,19.8837132445,12.286,1.000000,47.9410743608,13,0.2981237786
14.333428,3.0498692260,2.9268353433,1.0960562735,2.5468197285,0.1093579513,-1.4507634550,0.1451629163,-1.0904408153,-10.4428613244,0.0963466314,0.5382855845,0.9919469765,0.0000000000,0.0946843488,0.0014612517,0.0000000000,0.0051252659,1.0000000000,0.0946843488,19.8837132445,11.887,1.000000,47.9410743608,11,0.2981237786
14.341762,3.0587953879,2.9467770935,1.0459478760,2.5563307607,0.0982912906,-1.5103828848,0.1451629163,-1.1720386333,-9.7917381513,0.0862338545,0.5382855845,0.9919469765,0.0000000000,0.0946843488,0.0015213021,0.0000000000,0.0050261728,1.0000000000,0.0946843488,19.8837132445,11.487,1.000000,47.9410743608,12,0.2981237786
14.350093,3.0672983394,2.9651848630,0.9951385743,2.5598396068,0.0883676308,-1.5647010325,0.1451629163,-1.2460651694,-8.8831843331,0.0776692166,0.5382855845,0.9919469765,0.0000000000,0.0946843488,0.0015760129,0.0000000000,0.0049153436,1.0000000000,0.0946843488,19.8837132445,11.088,1.000000,47.9410743608,10,0.2981237786
14.358423,3.0753731624,2.9835926324,0.9436604787,2.5579731079,0.0780447071,-1.6143126291,0.1451629163,-1.3161780924,-8.4135507674,0.0701342880,0.5382855845,0.9919469765,0.0000000000,0.0946843488,0.0016259832,0.0000000000,0.0047915963,1.0000000000,0.0946843488,19.8837132445,10.688,1.000000,47.9410743608,10,0.2981237786
14.366760,3.0830233808,3.0004664211,0.8914876675,2.5487881920,0.0688704581,-1.6573005245,0.1451629163,-1.3773860463,-7.3449544647,0.0639504995,0.5382855845,0.9919469765,0.0000000000,0.0946843488,0.0016692819,0.0000000000,0.0046535443,0.9986197947,0.0946843488,19.8837132445,10.289,1.000000,47.9410743608,11,0.2981237786
14.375092,3.0902318378,3.0158062290,0.8387354113,2.5330491615,0.0608236227,-1.6943137502,0.1451629163,-1.4303802872,-6.3593089039,0.0588838395,0.5382855845,0.9919469765,0.0000000000,0.0946843488,0.0017065627,0.0000000000,0.0045001466,0.8901508504,0.0946843488,19.8837132445,9.889,1.000000,47.9410743608,10,0.2981237786
14.383426,3.0970004855,3.0311460369,0.7853910103,2.5139449470,0.0523550485,-1.7285539367,0.1451629163,-1.4814390620,-6.1270529764,0.0543149181,0.5382855845,0.9919469765,0.0000000000,0.0946843488,0.0017410504,0.0000000000,0.0043300349,0.6478406216,0.0946843488,19.8837132445,9.490,1.000000,47.9410743608,10,0.2981237786
14.391761,3.1033219864,3.0480198255,0.7315105751,2.4868180959,0.0419484267,-1.7553075208,0.1451629163,-1.5288601970,-5.6905361982,0.0503350989,0.5382855845,0.9919469765,0.0000000000,0.0946843488,0.0017679974,0.0000000000,0.0041420875,0.2974071688,0.0946843488,19.8837132445,9.090,1.000000,47.9410743608,9,0.2981237786
14.400099,3.1091953393,3.0602916718,0.6770994363,2.4550109045,0.0357207318,-1.7779114683,0.1451629163,-1.5638323465,-4.1966579416,0.0474547569,0.5382855845,0.9919469765,0.0000000000,0.0946843488,0.0017907648,0.0000000000,0.0039351072,0.1225261982,0.0946843488,19.8837132445,8.691,1.000000,47.9410743608,8,0.2981237786
14.408425,3.1146046191,3.0756314797,0.6223127224,2.4190121664,0.0259835099,-1.7966994441,0.1451629163,-1.6019584449,-4.5751318072,0.0445489475,0.5382855845,0.9919469765,0.0000000000,0.0946843488,0.0018096886,0.0000000000,0.0037086592,0.0000000000,0.0946843488,19.8837132445,8.291,1.000000,47.9410743608,9,0.2981237786
14.416756,3.1195593057,3.0863693452,0.5670613817,2.3767551793,0.0204272430,-1.8096937976,0.1451629163,-1.6259875446,-2.8834919629,0.0426896145,0.5382855845,0.9919469765,0.0000000000,0.0946843488,0.0018227769,0.0000000000,0.0034615602,0.0000000000,0.0946843488,19.8837132445,7.892,1.000000,47.9410743608,7,0.2981237786
14.425089,3.1240532745,3.0971072107,0.5114054782,2.3288935261,0.0144403541,-1.8174880479,0.1451629163,-1.6456717563,-2.3621054085,0.0411950198,0.5382855845,0.9919469765,0.0000000000,0.0946843488,0.0018306275,0.0000000000,0.0031934937,0.0000000000,0.0946843488,19.8837132445,7.492,1.000000,47.9410743608,7,0.2981237786
14.433427,3.1280837508,3.1078450763,0.4553723630,2.2760125329,0.0080169257,-1.8206401699,0.1451629163,-1.6615808071,-1.9090860977,0.0400026648,0.5382855845,0.9919469765,0.0000000000,0.0946843488,0.0018338024,0.0000000000,0.0029043647,0.0000000000,0.0946843488,19.8837132445,7.093,1.000000,47.9410743608,6,0.2981237786
14.441759,3.1316435878,3.1170489610,0.3990631021,2.2186363968,0.0026809767,-1.8195732947,0.1451629163,-1.6711111266,-1.1436383330,0.0392412042,0.5382855845,0.9919469765,0.0000000000,0.0946843488,0.0018327278,0.0000000000,0.0025949141,0.0000000000,0.0946843488,19.8837132445,6.693,1.000000,47.9410743608,8,0.2981237786
14.450092,3.1347334249,3.1247188649,0.3424736233,2.1547301215,-0.0015559258,-1.8122564983,0.1451499502,-1.6722216036,-0.1332572461,0.0390126547,0.5382855845,0.9919469765,0.0000000000,0.0946843488,0.0018253581,0.0000000000,0.0022658243,0.0000000000,0.0946843488,19.8837132445,6.294,1.000000,47.9410743608,6,0.2981237786
14.458420,3.1373492773,3.1323887689,0.2856832170,2.0874801338,-0.0062488578,-1.8017969168,0.1450978764,-1.6711335325,0.1305685302,0.0389446431,0.5382855845,0.9919469765,0.0000000000,0.0946843488,0.0018148229,0.0000000000,0.0019187717,0.0000000000,0.0946843488,19.8837132445,5.894,1.000000,47.9410743608,5,0.2981237786
14.466760,3.1394939315,3.1385246920,0.2286192138,2.0147311873,-0.0098494789,-1.7861119735,0.1450157974,-1.6626803565,1.0143811190,0.0393361207,0.5382855845,0.9919469765,0.0000000000,0.0946843488,0.0017990246,0.0000000000,0.0015550260,0.0000000000,0.0946843488,19.8837132445,5.495,1.000000,47.9410743608,6,0.2981237786
14.475094,3.1411611927,3.1446606152,0.1714312364,1.9370575683,-0.0139010486,-1.7656263319,0.1448999554,-1.6503553583,1.4789997904,0.0399898802,0.5382855845,0.9919469765,0.0000000000,0.0946843488,0.0017783908,0.0000000000,0.0011777700,0.0000000000,0.0946843488,19.8837132445,5.095,1.000000,47.9410743608,5,0.2981237786
14.483427,3.1423510340,3.1492625575,0.1141410173,1.8549735873,-0.0168723744,-1.7408325700,0.1447593522,-1.6316012911,2.2504880664,0.0410656028,0.5382855845,0.9919469765,0.0000000000,0.0946843488,0.0017534178,0.0000000000,0.0007898740,0.0000000000,0.0946843488,19.8837132445,4.696,1.000000,47.9410743608,4,0.2981237786
14.491940,3.1430732865,3.1523305191,0.0555289188,1.7689398424,-0.0187560988,-1.7134109236,0.1446030514,-1.6080748416,2.8231739394,0.0424826013,0.5382855845,0.9919469765,0.0000000000,0.0946843488,0.0017257979,0.0000000000,0.0003859784,0.0000000000,0.0946843488,19.8837132445,4.296,1.000000,47.9410743608,4,0.2981237786
14.500095,3.1432970456,3.1538644999,-0.0006540050,1.6793688292,-0.0195853414,-1.6800228342,0.1444398402,-1.5764945622,3.7896335211,0.0444783964,0.5382855845,0.9919469765,0.0000000000,0.0946843488,0.0016921684,0.0000000000,-0.0000045522,0.0000000000,0.0946843488,19.8837132445,3.897,1.000000,47.9410743608,5,0.2981237786
14.508429,3.1430523274,3.1553984807,-0.0580705875,1.5866299639,-0.0208660506,-1.6447005514,0.1442659565,-1.5438872257,3.9128803785,0.0466345816,0.5382855845,0.9919469765,0.0000000000,0.0946843488,0.0016565908,0.0000000000,-0.0004035933,0.0000000000,0.0946843488,19.8837132445,3.497,1.000000,47.9410743608,4,0.2981237786
14.516767,3.1423288166,3.1553984807,-0.1154725969,1.4910540825,-0.0210763373,-1.6065266794,0.1440903203,-1.5063041691,4.5099668004,0.0492354887,0.5382855845,0.9919469765,0.0000000000,0.0946843488,0.0016181410,0.0000000000,-0.0007989801,0.0000000000,0.0946843488,19.8837132445,3.098,1.000000,47.9410743608,3,0.2981237786
14.525090,3.1411295297,3.1553984807,-0.1726952716,1.3929374703,-0.0217487569,-1.5656327419,0.1439090807,-1.4669243679,4.7255761418,0.0520924965,0.5382855845,0.9919469765,0.0000000000,0.0946843488,0.0015769514,0.0000000000,-0.0011862270,0.0000000000,0.0946843488,19.8837132445,2.698,1.000000,47.9410743608,1,0.2981237786
14.533443,3.1394474018,3.1538644999,-0.2300096447,1.2925454695,-0.0213578183,-1.5225551142,0.1437310989,-1.4232458350,5.2414239400,0.0554173864,0.5382855845,0.9919469765,0.0000000000,0.0946843488,0.0015335623,0.0000000000,-0.0015640503,0.0000000000,0.0946843488,19.8837132445,2.299,1.000000,47.9410743608,1,0.2981237786
14.541762,3.1372972387,3.1538644999,-0.2869248786,1.1901157116,-0.0229579534,-1.4770405902,0.1435397826,-1.3810978265,5.0577610267,0.0587829401,0.5382855845,0.9919469765,0.0000000000,0.0946843488,0.0014877188,0.0000000000,-0.0019265269,0.0000000000,0.0946843488,19.8837132445,1.899,1.000000,47.9410743608,2,0.2981237786
14.550103,3.1346666847,3.1523305191,-0.3437972871,1.0883654590,-0.0235081473,-1.4321627461,0.1433438814,-1.3375058358,5.2310388805,0.0624392788,0.5382855845,0.9919469765,0.0000000000,0.0946843488,0.0014425165,0.0000000000,-0.0022737193,0.0000000000,0.0946843488,19.8837132445,1.500,1.000000,47.9410743608,2,0.2981237786
14.558446,3.1315617184,3.1523305191,-0.4004505808,0.9872237474,-0.0260700021,-1.3876743282,0.1431266314,-1.2983194806,4.7023626221,0.0658874768,0.5382855845,0.9919469765,0.0000000000,0.0946843488,0.0013977064,0.0000000000,-0.0026027598,0.0000000000,0.0946843488,19.8837132445,1.100,1.000000,47.9410743608,0,0.2981237786
14.566766,3.1279960764,3.1523305191,-0.4566681380,0.8891314721,-0.0291089075,-1.3457996101,0.1428840571,-1.2627192187,4.2720314358,0.0691760732,0.5382855845,0.9919469765,0.0000000000,0.0946843488,0.0013555290,0.0000000000,-0.0029112656,0.0129131559,0.0946843488,19.8837132445,0.700,1.000000,47.9410743608,-1,0.2981237786
14.575102,3.1239556343,3.1507965383,-0.5126830569,0.7962746122,-0.0311167453,-1.3089576691,0.1426247509,-1.2301205323,3.9118423615,0.0723616033,0.5382855845,0.9919469765,0.0000000000,0.0946843488,0.0013184207,0.0000000000,-0.0031998622,0.0355074153,0.0946843488,19.8837132445,0.301,1.000000,47.9410743608,1,0.2981237786
14.583417,3.1194611989,3.1492625575,-0.5682116813,0.7131153017,-0.0336306505,-1.2813269831,0.1423444955,-1.2077588075,2.6834069771,0.0747631681,0.5382855845,0.9919469765,0.0000000000,0.0946843488,0.0012905903,0.0000000000,-0.0034668978,0.0775166338,0.0946843488,19.8837132445,-0.099,1.000000,47.9410743608,0,0.2981237786
14.591786,3.1144737409,3.1477285767,-0.6237005734,0.6336318756,-0.0366573169,-1.2573324490,0.1420390179,-1.1900764489,2.1218830338,0.0768341883,0.5382855845,0.9919469765,0.0000000000,0.0946843488,0.0012664223,0.0000000000,-0.0037146227,0.1452875319,0.0946843488,19.8837132445,-0.498,1.000000,47.9410743608,0,0.2981237786
14.600078,3.1090748617,3.1477285767,-0.6782644432,0.5624493381,-0.0416739597,-1.2407137813,0.1416917349,-1.1837632717,0.7575812625,0.0779084601,0.5382855845,0.9919469765,0.0000000000,0.0946843488,0.0012496834,0.0000000000,-0.0039397242,0.2887302490,0.0946843488,19.8837132445,-0.898,1.000000,47.9410743608,0,0.2981237786
14.608413,3.1031949840,3.1477285767,-0.7326373678,0.4961963336,-0.0471980715,-1.2288337014,0.1412984176,-1.1832419080,0.0625636429,0.0785079002,0.5382855845,0.9919469765,0.0000000000,0.0946843488,0.0012377175,0.0000000000,-0.0041461891,0.4725624350,0.0946843488,19.8837132445,-1.297,1.000000,47.9410743608,0,0.2981237786
14.616762,3.0968526302,3.1461945960,-0.7866010643,0.4368624926,-0.0516878332,-1.2234635568,0.1408676856,-1.1872131530,-0.4765493974,0.0787829943,0.5382855845,0.9919469765,0.0000000000,0.0946843488,0.0012323085,0.0000000000,-0.0043340668,0.6256859162,0.0946843488,19.8837132445,-1.697,1.000000,47.9410743608,0,0.2981237786
14.625094,3.0900758933,3.1446606152,-0.8399181544,0.3812207603,-0.0566318039,-1.2211389147,0.1403957540,-1.1951725844,-0.9551317692,0.0787354706,0.5382855845,0.9919469765,0.0000000000,0.0946843488,0.0012299671,0.0000000000,-0.0045037443,0.7813554807,0.0946843488,19.8837132445,-2.096,1.000000,47.9410743608,-2,0.2981237786
14.633425,3.0828586943,3.1415926536,-0.8926497250,0.3313899983,-0.0605134598,-1.2240397234,0.1398914751,-1.2062796054,-1.3328425168,0.0784818686,0.5382855845,0.9919469765,0.0000000000,0.0946843488,0.0012328888,0.0000000000,-0.0046567638,0.8830857300,0.0946843488,19.8837132445,-2.496,1.000000,47.9410743608,-1,0.2981237786
14.641761,3.0752001398,3.1385246920,-0.9448000695,0.2842588867,-0.0648509677,-1.2290589562,0.1393510504,-1.2204460142,-1.6999690556,0.0779887755,0.5382855845,0.9919469765,0.0000000000,0.0946843488,0.0012379444,0.0000000000,-0.0047944666,0.9641413874,0.0946843488,19.8837132445,-2.895,1.000000,47.9410743608,-1,0.2981237786
14.650175,3.0670306084,3.1339227497,-0.9967888049,0.2395454861,-0.0681784544,-1.2363342910,0.1387828966,-1.2348899650,-1.7332741038,0.0775540871,0.5382855845,0.9919469765,0.0000000000,0.0946843488,0.0012452723,0.0000000000,-0.0049191153,0.9958943115,0.0946843488,19.8837132445,-3.295,1.000000,47.9410743608,-2,0.2981237786
14.658427,3.0585977296,3.1277868265,-1.0470915545,0.1944928533,-0.0702334860,-1.2415844079,0.1381976176,-1.2447984886,-1.1890228226,0.0775901872,0.5382855845,0.9919469765,0.0000000000,0.0946843488,0.0012505604,0.0000000000,-0.0050285446,1.0000000000,0.0946843488,19.8837132445,-3.694,1.000000,47.9410743608,-2,0.2981237786
14.666761,3.0496616992,3.1216509033,-1.0971855115,0.1491364162,-0.0727900380,-1.2463219278,0.1375910339,-1.2552114418,-1.2495543827,0.0776217362,0.5382855845,0.9919469765,0.0000000000,0.0946843488,0.0012553321,0.0000000000,-0.0051273883,1.0000000000,0.0946843488,19.8837132445,-4.094,1.000000,47.9410743608,-4,0.2981237786
14.675089,3.0403183085,3.1139809994,-1.1464913376,0.0984990056,-0.0741916116,-1.2449903432,0.1369727705,-1.2572730206,-0.2473894573,0.0784930986,0.5382855845,0.9919469765,0.0000000000,0.0946843488,0.0012539909,0.0000000000,-0.0052155493,1.0000000000,0.0946843488,19.8837132445,-4.493,1.000000,47.9410743608,-3,0.2981237786
14.683510,3.0304568391,3.1063110955,-1.1955474165,0.0456365911,-0.0760993160,-1.2411840076,0.1363386095,-1.2578806997,-0.0729214928,0.0795545598,0.5382855845,0.9919469765,0.0000000000,0.0946843488,0.0012501571,0.0000000000,-0.0052949829,1.0000000000,0.0946843488,19.8837132445,-4.893,1.000000,47.9410743608,-2,0.2981237786
14.691760,3.0203977592,3.0955732300,-1.2427990322,-0.0142273552,-0.0750990726,-1.2285716769,0.1357127839,-1.2438989803,1.6778063266,0.0821129995,0.5382855845,0.9919469765,0.0000000000,0.0946843488,0.0012374536,0.0000000000,-0.0053643115,1.0000000000,0.0946843488,19.8837132445,-5.292,1.000000,47.9410743608,-5,0.2981237786
14.700097,3.0098402216,3.0863693452,-1.2897000845,-0.0778571765,-0.0761110456,-1.2118429080,0.1350785252,-1.2298053999,1.6912296504,0.0847491915,0.5382855845,0.9919469765,0.0000000000,0.0946843488,0.0012206038,0.0000000000,-0.0054267244,1.0000000000,0.0946843488,19.8837132445,-5.692,1.000000,47.9410743608,-3,0.2981237786
14.708428,2.9989037388,3.0740974989,-1.3356820135,-0.1473640304,-0.0744024436,-1.1883179831,0.1344585048,-1.2034985619,3.1568205512,0.0888014929,0.5382855845,0.9919469765,0.0000000000,0.0946843488,0.0011969088,0.0000000000,-0.0054822327,1.0000000000,0.0946843488,19.8837132445,-6.091,1.000000,47.9410743608,-6,0.2981237786
14.716787,2.9875490047,3.0618256526,-1.3809001601,-0.2221341462,-0.0730838303,-1.1587660139,0.1338494729,-1.1719283619,3.7884240002,0.0935806390,0.5382855845,0.9919469765,0.0000000000,0.0946843488,0.0011671432,0.0000000000,-0.0055317894,1.0000000000,0.0946843488,19.8837132445,-6.491,1.000000,47.9410743608,-6,0.2981237786
14.725097,2.9758911292,3.0464858447,-1.4249055184,-0.3041223013,-0.0689616374,-1.1207832172,0.1332747926,-1.1263255530,5.4723370736,0.1001940570,0.5382855845,0.9919469765,0.0000000000,0.0946843488,0.0011288858,0.0000000000,-0.0055756274,0.9988722788,0.0946843488,19.8837132445,-6.890,1.000000,47.9410743608,-4,0.2981237786
14.733423,2.9638466833,3.0311460369,-1.4680268608,-0.3900702278,-0.0652047516,-1.0779566330,0.1327314197,-1.0765735861,5.9702360279,0.1076233173,0.5382855845,0.9919469765,0.0000000000,0.0946843488,0.0010857496,0.0000000000,-0.0056147337,0.9688913557,0.0946843488,19.8837132445,-7.290,1.000000,47.9410743608,-7,0.2981237786
14.741752,2.9514429373,3.0173402098,-1.5101584010,-0.4795643851,-0.0633221041,-1.0305940158,0.1322037355,-1.0259923534,6.0697479179,0.1154600254,0.5382855845,0.9919469765,0.0000000000,0.0946843488,0.0010380446,0.0000000000,-0.0056495646,0.9401921199,0.0946843488,19.8837132445,-7.689,1.000000,47.9410743608,-6,0.2981237786
14.750171,2.9385536668,2.9989324403,-1.5516919442,-0.5747388696,-0.0572925365,-0.9769530745,0.1317262977,-0.9608474680,7.8173862551,0.1257101248,0.5382855845,0.9919469765,0.0000000000,0.0946843488,0.0009840159,0.0000000000,-0.0056809023,0.8002320021,0.0946843488,19.8837132445,-8.089,1.000000,47.9410743608,-7,0.2981237786
14.758426,2.9255808015,2.9820586516,-1.5913613176,-0.6724960051,-0.0528666762,-0.9188653125,0.1312857420,-0.8944043567,7.9731733502,0.1365501642,0.5382855845,0.9919469765,0.0000000000,0.0946843488,0.0009255082,0.0000000000,-0.0057082790,0.6646414761,0.0946843488,19.8837132445,-8.488,1.000000,47.9410743608,-8,0.2981237786
14.766757,2.9121590639,2.9636508822,-1.6303163846,-0.7725660712,-0.0473432873,-0.8577503134,0.1308912146,-0.8227089307,8.6034511215,0.1487255826,0.5382855845,0.9919469765,0.0000000000,0.0946843488,0.0008639514,0.0000000000,-0.0057329281,0.4775490427,0.0946843488,19.8837132445,-8.888,1.000000,47.9410743608,-9,0.2981237786
14.775093,2.8984103556,2.9437091320,-1.6681734523,-0.8747075159,-0.0406017655,-0.7934659364,0.1305528666,-0.7453695192,9.2807293819,0.1623517795,0.5382855845,0.9919469765,0.0000000000,0.0946843488,0.0007992022,0.0000000000,-0.0057549271,0.2555213146,0.0946843488,19.8837132445,-9.287,1.000000,47.9410743608,-8,0.2981237786
14.783429,2.8843505405,2.9206994201,-1.7048872599,-0.9787040138,-0.0310934276,-0.7261832460,0.1302937547,-0.6594587667,10.3092902991,0.1780467088,0.5382855845,0.9929090199,0.1154452095,0.0925964242,0.0007314331,0.0000000000,-0.0057745627,0.0351863406,0.0946843488,19.4452490770,-9.687,1.000000,47.9410743608,-9,0.3116805802
14.791756,2.8700058426,2.9007576699,-1.7403925673,-1.0843618317,-0.0249290132,-0.6560307356,0.1300860129,-0.5772685728,9.8628232651,0.2024951364,0.5385360189,0.9937036912,0.0953605449,0.0879367028,0.0006607735,0.0000000000,-0.0057920808,0.0000000000,0.0946843488,18.4667075901,-10.086,1.000000,47.9410743608,-10,0.3218458562
14.800096,2.8553464856,2.8762139773,-1.7747616529,-1.1940119172,-0.0144558776,-0.5807497357,0.1299655473,-0.4813067108,11.5154234426,0.2289944598,0.5387409487,0.9942938076,0.0708139690,0.0792410817,0.0005849482,0.0000000000,-0.0058077617,0.0000000000,0.0946843488,16.6406271592,-10.486,1.000000,47.9410743608,-9,0.3280707157
14.808430,2.8404162279,2.8516702847,-1.8078893620,-1.3047328876,-0.0042478925,-0.5031564745,0.1299301482,-0.3834752963,11.7397697473,0.2543297721,0.5388919927,0.9946833647,0.0467468514,0.0671944488,0.0005067940,0.0000000000,-0.0058217728,0.0000000000,0.0946843488,14.1108342526,-10.885,1.000000,47.9410743608,-10,0.3304902129
14.816760,2.8252228941,2.8271265921,-1.8397617065,-1.4164129044,0.0057021665,-0.4233488021,0.1299776662,-0.2838599516,11.9538413626,0.2776976883,0.5389911714,0.9948926380,0.0251128003,0.0517996942,0.0004264094,0.0000000000,-0.0058343017,0.0000000000,0.0946843488,10.8779357784,-11.252,1.000000,47.9410743608,-11,0.3295023080
14.825089,2.8097709590,2.7995149379,-1.8703709795,-1.5289518093,0.0184661978,-0.3414191702,0.1301315512,-0.1764292155,12.8916883281,0.2999839138,0.5390442764,0.9949523354,0.0071636846,0.0320991155,0.0003438874,0.0000000000,-0.0058455150,0.0000000000,0.0946843488,6.7408142509,-10.853,1.000000,47.9410743608,-11,0.3256714323
14.833426,2.7940543374,2.7734372645,-1.8997269852,-1.6422599037,0.0294356922,-0.2574670815,0.1303768486,-0.0704498355,12.7175256041,0.3184124799,0.5390594028,0.9949257662,-0.0031883016,0.0100004777,0.0002593284,0.0000000000,-0.0058555645,0.0158719407,0.0946843488,2.1001003127,-10.453,1.000000,47.9410743608,-11,0.3202023508
14.841764,2.7780972856,2.7473595911,-1.9277817416,-1.7562568572,0.0401684555,-0.1715248844,0.1307115858,0.0371376968,12.9105038664,0.3340034331,0.5390526718,0.9948869259,-0.0046608343,-0.0144910503,0.0001727649,0.0000000000,-0.0058645639,0.2424388470,0.0946843488,-3.0431205693,-10.054,1.000000,47.9410743608,-9,0.3145829561
14.850094,2.7619265909,2.7182139561,-1.9544903172,-1.8708707283,0.0537588502,-0.0836195889,0.1311595762,0.1524752565,13.8405071698,0.3491374106,0.5390428286,0.9949299546,0.0051634403,-0.0426469319,0.0000842241,0.0000000000,-0.0058726156,0.6934867068,0.0946843488,-8.9558556898,-9.654,1.000000,47.9410743608,-10,0.3108346502
14.858424,2.7455391231,2.6906023020,-1.9798602138,-1.9860370889,0.0656014577,0.0061768751,0.1317062550,0.2663301912,13.6625921635,0.3635291581,0.5390537330,0.9951595351,0.0275496672,-0.0722894756,-0.0000062215,-0.0000000000,-0.0058798244,0.9738472584,0.0946843488,-15.1807898850,-9.255,1.000000,47.9410743608,-10,0.3113095797
14.866760,2.7289336759,2.6614566670,-2.0038914731,-2.0991937912,0.0787492752,0.0953023180,0.1323624990,0.3822142883,13.9060916497,0.3815873194,0.5391118269,0.9951595351,0.0000000000,-0.0946843488,-0.0000959913,-0.0000000000,-0.0058862799,1.0000000000,0.0946843488,-19.8837132445,-8.855,1.000000,47.9410743608,-8,0.3113095797
14.875092,2.7121417245,2.6307770512,-2.0265379100,-2.2105507145,0.0932349049,0.1840128045,0.1331394565,0.5004593535,14.1894078246,0.3968103897,0.5391118269,0.9951595351,0.0000000000,-0.0946843488,-0.0001853431,-0.0000000000,-0.0058920486,1.0000000000,0.0946843488,-19.8837132445,-8.456,1.000000,47.9410743608,-8,0.3113095797
14.883429,2.6951569945,2.6000974355,-2.0478077468,-2.3202958198,0.1075191006,0.2724880729,0.1340354490,0.6181865273,14.1272608524,0.4091033745,0.5391118269,0.9951595351,0.0000000000,-0.0946843488,-0.0002744580,-0.0000000000,-0.0058972021,1.0000000000,0.0946843488,-19.8837132445,-8.056,1.000000,47.9410743608,-8,0.3113095797
14.891766,2.6780015892,2.5694178197,-2.0676720143,-2.4260929894,0.1216114216,0.3584209751,0.1350488775,0.7331060690,13.7903450034,0.4183101036,0.5391118269,0.9951595351,0.0000000000,-0.0946843488,-0.0003610122,-0.0000000000,-0.0059017946,1.0000000000,0.0946843488,-19.8837132445,-7.657,1.000000,47.9410743608,-7,0.3113095797
14.900094,2.6607034846,2.5387382040,-2.0861007805,-2.5308589763,0.1355555058,0.4447581958,0.1361785067,0.8482501108,13.8172850222,0.4242165796,0.5391118269,0.9951595351,0.0000000000,-0.0946843488,-0.0004479735,-0.0000000000,-0.0059058729,1.0000000000,0.0946843488,-19.8837132445,-7.257,1.000000,47.9410743608,-7,0.3113095797
14.908467,2.6431645574,2.5080585882,-2.1031882253,-2.6296925757,0.1492269118,0.5265043503,0.1374220643,0.9583738863,13.2148530593,0.4272187410,0.5391118269,0.9951595351,0.0000000000,-0.0946843488,-0.0005303107,-0.0000000000,-0.0059095041,1.0000000000,0.0946843488,-19.8837132445,-6.858,1.000000,47.9410743608,-5,0.3113095797
14.917185,2.6247560160,2.4773789724,-2.1194346241,-2.7257177875,0.1620136231,0.6062831634,0.1387721778,1.0648783860,12.7805399670,0.4274218422,0.5391118269,0.9951595351,0.0000000000,-0.0946843488,-0.0006106662,-0.0000000000,-0.0059128275,1.0000000000,0.0946843488,-19.8837132445,-6.458,1.000000,47.9410743608,-7,0.3113095797
14.925087,2.6079563663,2.4513012990,-2.1327850382,-2.8142190102,0.1717668813,0.6814339720,0.1402035685,1.1608105867,11.5118640843,0.4241635154,0.5391118269,0.9951595351,0.0000000000,-0.0946843488,-0.0006863604,-0.0000000000,-0.0059154676,1.0000000000,0.0946843488,-19.8837132445,-6.059,1.000000,47.9410743608,-5,0.3113095797
14.933515,2.5899264132,2.4206216833,-2.1455769486,-2.8959820149,0.1848555955,0.7504050662,0.1417440318,1.2572948398,11.5781103719,0.4205603130,0.5391118269,0.9951595351,0.0000000000,-0.0946843488,-0.0007558301,-0.0000000000,-0.0059179227,1.0000000000,0.0946843488,-19.8837132445,-5.659,1.000000,47.9410743608,-6,0.3113095797
14.941770,2.5721673856,2.3914760483,-2.1566486955,-2.9692060621,0.1966354019,0.8125573666,0.1433826602,1.3444576035,10.4595316383,0.4157420590,0.5391118269,0.9951595351,0.0000000000,-0.0946843488,-0.0008184317,-0.0000000000,-0.0059199904,1.0000000000,0.0946843488,-19.8837132445,-5.260,1.000000,47.9410743608,-6,0.3113095797
14.950106,2.5541482680,2.3623304133,-2.1663567387,-3.0347829217,0.2081140544,0.8684261830,0.1451169440,1.4248331125,9.6450610808,0.4104844194,0.5391118269,0.9951595351,0.0000000000,-0.0946843488,-0.0008747044,-0.0000000000,-0.0059217608,1.0000000000,0.0946843488,-19.8837132445,-4.860,1.000000,47.9410743608,-4,0.3113095797
14.958419,2.5361034623,2.3331847784,-2.1745589127,-3.0910067829,0.2195167950,0.9164478703,0.1469462506,1.4973044287,8.6965579412,0.4055126475,0.5391118269,0.9951595351,0.0000000000,-0.0946843488,-0.0009230733,-0.0000000000,-0.0059232262,1.0000000000,0.0946843488,-19.8837132445,-4.461,1.000000,47.9410743608,-5,0.3113095797
14.966826,2.5177917097,2.3055731242,-2.1813453239,-3.1388544305,0.2290736292,0.9575091066,0.1488551975,1.5592278527,7.4308108894,0.4010546436,0.5391118269,0.9951595351,0.0000000000,-0.0946843488,-0.0009644314,-0.0000000000,-0.0059244181,1.0000000000,0.0946843488,-19.8837132445,-4.061,1.000000,47.9410743608,-4,0.3113095797
14.975096,2.4997312433,2.2779614700,-2.1865359335,-3.1792006381,0.2388414684,0.9926647046,0.1508455431,1.6157449577,6.7820525988,0.3970991339,0.5391118269,0.9951595351,0.0000000000,-0.0946843488,-0.0009998411,-0.0000000000,-0.0059253172,1.0000000000,0.0946843488,-19.8837132445,-3.661,1.000000,47.9410743608,-4,0.3113095797
14.983429,2.4814925218,2.2518837966,-2.1902741714,-3.2103243736,0.2468475487,1.0200502022,0.1529026060,1.6610588957,5.4376725605,0.3945506908,0.5391118269,0.9951595351,0.0000000000,-0.0946843488,-0.0010274246,-0.0000000000,-0.0059259582,1.0000000000,0.0946843488,-19.8837132445,-3.262,1.000000,47.9410743608,-3,0.3113095797
14.991761,2.4632342177,2.2273401040,-2.1925107126,-3.2331887903,0.2532557147,1.0406780777,0.1550130703,1.6964944100,4.2522617164,0.3934018065,0.5391118269,0.9951595351,0.0000000000,-0.0946843488,-0.0010482016,-0.0000000000,-0.0059263391,1.0000000000,0.0946843488,-19.8837132445,-2.862,1.000000,47.9410743608,-3,0.3113095797
15.000181,2.4447686222,2.2043303922,-2.1932450683,-3.2486564539,0.2578828894,1.0554113856,0.1571620943,1.7225363300,3.1250303923,0.3937128748,0.5391118269,0.9951595351,0.0000000000,-0.0946843488,-0.0010630414,-0.0000000000,-0.0059264637,1.0000000000,0.0946843488,-19.8837132445,-2.463,1.000000,47.9410743608,-4,0.3113095797
15.008432,2.4266751281,2.1797866996,-2.1924760367,-3.2549953992,0.2643671269,1.0625193625,0.1593651537,1.7446943270,2.6589596405,0.3957697966,0.5391118269,0.9951595351,0.0000000000,-0.0946843488,-0.0010702008,-0.0000000000,-0.0059263332,1.0000000000,0.0946843488,-19.8837132445,-2.063,1.000000,47.9410743608,-1,0.3113095797
15.016772,2.4083978301,2.1583109686,-2.1902016424,-3.2531589883,0.2675556987,1.0629573458,0.1615947846,1.7536633391,1.0762814540,0.3999297717,0.5391118269,0.9951595351,0.0000000000,-0.0946843488,-0.0010706419,-0.0000000000,-0.0059259458,1.0000000000,0.0946843488,-19.8837132445,-1.664,1.000000,47.9410743608,-3,0.3113095797
15.025090,2.3901944794,2.1353012567,-2.1864358024,-3.2440010181,0.2723128833,1.0575652158,0.1638640586,1.7599565931,0.7551904809,0.4056441988,0.5391118269,0.9951595351,0.0000000000,-0.0946843488,-0.0010652108,-0.0000000000,-0.0059253000,1.0000000000,0.0946843488,-19.8837132445,-1.264,1.000000,47.9410743608,-2,0.3113095797
15.033428,2.3719851236,2.1153595065,-2.1811626037,-3.2257816708,0.2739474433,1.0446190671,0.1661469539,1.7525077273,-0.8938639000,0.4139628954,0.5391118269,0.9951595351,0.0000000000,-0.0946843488,-0.0010521711,-0.0000000000,-0.0059243862,1.0000000000,0.0946843488,-19.8837132445,-0.865,1.000000,47.9410743608,-1,0.3113095797
15.041851,2.3536397456,2.0938837755,-2.1743156140,-3.1994472754,0.2769363857,1.0251316613,0.1684547572,1.7412319682,-1.3530910832,0.4243244528,0.5391118269,0.9951595351,0.0000000000,-0.0946843488,-0.0010325428,-0.0000000000,-0.0059231831,1.0000000000,0.0946843488,-19.8837132445,-0.465,1.000000,47.9410743608,-1,0.3113095797
15.050098,2.3357402878,2.0770099868,-2.1661367273,-3.1608364336,0.2757033839,0.9946997063,0.1707522854,1.7106167469,-3.6738265617,0.4385665919,0.5391118269,0.9951595351,0.0000000000,-0.0946843488,-0.0010018908,-0.0000000000,-0.0059217211,1.0000000000,0.0946843488,-19.8837132445,-0.066,1.000000,47.9410743608,-1,0.3113095797
15.058422,2.3177502314,2.0616701789,-2.1564081746,-3.1137356905,0.2728002134,0.9573275159,0.1730256205,1.6697204797,-4.9075520600,0.4553960943,0.5391118269,0.9951595351,0.0000000000,-0.0946843488,-0.0009642485,-0.0000000000,-0.0059199460,1.0000000000,0.0946843488,-19.8837132445,0.334,1.000000,47.9410743608,-7,0.3113095797
15.066753,2.2998313189,2.0493983326,-2.1451945870,-3.0565272443,0.2668459488,0.9113326573,0.1752493367,1.6140931449,-6.6752801838,0.4753682039,0.5391118269,0.9951595351,0.0000000000,-0.0946843488,-0.0009179211,-0.0000000000,-0.0059178503,1.0000000000,0.0946843488,-19.8837132445,0.733,1.000000,47.9410743608,23,0.3113095797
15.075107,2.2819620757,2.0401944479,-2.1324740184,-2.9877622491,0.2578113356,0.8552882307,0.1773977645,1.5422244315,-8.6242456088,0.4987113926,0.5391118269,0.9951595351,0.0000000000,-0.0946843488,-0.0008614715,-0.0000000000,-0.0059154070,1.0000000000,0.0946843488,-19.8837132445,1.133,1.000000,47.9410743608,-3,0.3113095797
15.083425,2.2642804064,2.0355925055,-2.1183479939,-2.9061431701,0.2442933299,0.7877951761,0.1794335422,1.4498919943,-11.0798924611,0.5253326570,0.5391118269,0.9951595351,0.0000000000,-0.0946843488,-0.0007934905,-0.0000000000,-0.0059126090,1.0000000000,0.0946843488,-19.8837132445,1.532,1.000000,47.9410743608,-1,0.3113095797
15.091761,2.2466859003,2.0309905632,-2.1027413723,-2.8105079808,0.2307872237,0.7077666086,0.1813567691,1.3449366957,-12.5946358342,0.5545428169,0.5391118269,0.9951595351,0.0000000000,-0.0946843488,-0.0007128834,-0.0000000000,-0.0059094109,1.0000000000,0.0946843488,-19.8837132445,1.932,1.000000,47.9410743608,2,0.3113095797
15.100133,2.2291526572,2.0309905632,-2.0856162136,-2.6948071148,0.2126326892,0.6091909012,0.1831287082,1.2120533016,-15.9460072909,0.5864241116,0.5391118269,0.9951595351,0.0000000000,-0.0946843488,-0.0006135950,-0.0000000000,-0.0059057678,1.0000000000,0.0946843488,-19.8837132445,2.331,1.000000,47.9410743608,1,0.3113095797
15.108761,2.2112402013,2.0309905632,-2.0664585614,-2.5611361404,0.1940024459,0.4946775789,0.1847453952,1.0621344488,-17.9902623367,0.6179916996,0.5391118269,0.9951595351,0.0000000000,-0.0946843488,-0.0004982538,-0.0000000000,-0.0059015200,1.0000000000,0.0946843488,-19.8837132445,2.731,1.000000,47.9410743608,2,0.3113095797
15.116763,2.1947797127,2.0325245439,-2.0473325495,-2.4163806712,0.1752306675,0.3690481216,0.1862056508,0.9006641230,-19.3764390884,0.6445551876,0.5391118269,0.9951595351,0.0000000000,-0.0946843488,-0.0003717161,-0.0000000000,-0.0058970897,1.0000000000,0.0946843488,-19.8837132445,3.130,1.000000,47.9410743608,1,0.3113095797
15.125078,2.1778442540,2.0355925055,-2.0260892889,-2.2541849760,0.1543562876,0.2280956871,0.1874919532,0.7195235273,-21.7368714854,0.6637852163,0.5391118269,0.9951595351,0.0000000000,-0.0946843488,-0.0002297447,-0.0000000000,-0.0058919372,1.0000000000,0.0946843488,-19.8837132445,3.530,1.000000,47.9410743608,2,0.3113095797
15.133425,2.1610263298,2.0386604671,-2.0033729050,-2.0838837786,0.1335559172,0.0805108736,0.1886049192,0.5317266172,-22.5356292136,0.6715573491,0.5391118269,0.9951595351,0.0000000000,-0.0946843488,-0.0000810929,-0.0000000000,-0.0058861443,1.0000000000,0.0946843488,-19.8837132445,3.929,1.000000,47.9410743608,4,0.3113095797
15.141760,2.1444271649,2.0447963903,-1.9793140727,-1.9063235809,0.1098673651,-0.0729904918,0.1895204806,0.3320825757,-23.9572849827,0.6643288315,0.5391118269,0.9951595351,0.0000000000,-0.0946843488,0.0000735182,0.0000000000,-0.0058796736,1.0000000000,0.0946843488,-19.8837132445,4.329,1.000000,47.9410743608,3,0.3113095797
15.150120,2.1279864757,2.0509323134,-1.9538216533,-1.7222624800,0.0863023801,-0.2315591734,0.1902396671,0.1274229869,-24.5591506548,0.6423543464,0.5391118269,0.9952158836,0.0067618210,-0.0565667009,0.0002332332,0.0000000000,-0.0058724199,1.0000000000,0.0946843488,-11.8790071841,4.728,1.000000,47.9410743608,5,0.3081791457
15.158426,2.1118668538,2.0586022173,-1.9271564049,-1.5398927462,0.0615335639,-0.3872636587,0.1907524468,-0.0769667413,-24.5267673861,0.6005582792,0.5391260631,0.9952064226,-0.0011353203,0.0235169035,0.0003900634,0.0000000000,-0.0058643695,0.9056444949,0.0946843488,4.9385497392,4.329,1.000000,47.9410743608,5,0.3035090166
15.166759,2.0959249878,2.0647381405,-1.8990895706,-1.3590377410,0.0384846182,-0.5400518297,0.1910731519,-0.2752138876,-23.7896575522,0.5479816421,0.5391236734,0.9955708010,0.0437254042,0.0902454863,0.0005439561,0.0000000000,-0.0058553533,0.1937234758,0.0946843488,18.9515521306,3.929,1.000000,47.9410743608,2,0.3080268792
15.175092,2.0802201704,2.0724080444,-1.8697171420,-1.1795392728,0.0141460246,-0.6901778692,0.1910731519,-0.4736763739,-23.8154983544,0.5049227642,0.5392155275,0.9955708010,0.0000000000,0.0946843488,0.0006951675,0.0000000000,-0.0058452835,0.0000000000,0.0946843488,19.8837132445,3.530,1.000000,47.9410743608,3,0.3080268792
15.183423,2.0647698464,2.0816119292,-1.8390721130,-1.0062645682,-0.0114386358,-0.8328075447,0.1909778299,-0.6672111773,-23.2241764085,0.4495893498,0.5392155275,0.9955708010,0.0000000000,0.0946843488,0.0008388283,0.0000000000,-0.0058340400,0.0000000000,0.0946843488,19.8837132445,3.130,1.000000,47.9410743608,4,0.3080268792
15.191792,2.0495131005,2.0923497947,-1.8070225440,-0.8360591971,-0.0383472173,-0.9709633469,0.1906582698,-0.8591225242,-23.0293616293,0.3928470783,0.5392155275,0.9955708010,0.0000000000,0.0946843488,0.0009779829,0.0000000000,-0.0058214193,0.1899109107,0.0946843488,19.8837132445,2.731,1.000000,47.9410743608,2,0.3080268792
15.200113,2.0346132325,2.1030876602,-1.7739147207,-0.6711070606,-0.0648707120,-1.1028076601,0.1901176805,-1.0441755455,-22.2063625525,0.3387592466,0.5392155275,0.9955708010,0.0000000000,0.0946843488,0.0011107803,0.0000000000,-0.0058073896,0.9644145665,0.0946843488,19.8837132445,2.331,1.000000,47.9410743608,2,0.3080268792
15.208422,2.0200159895,2.1153595065,-1.7396478785,-0.5133639832,-0.0925868513,-1.2262838953,0.1893461234,-1.2234568262,-21.5137536917,0.2885949551,0.5392155275,0.9955708010,0.0000000000,0.0946843488,0.0012351492,0.0000000000,-0.0057917275,1.0000000000,0.0946843488,19.8837132445,1.932,1.000000,47.9410743608,2,0.3080268792
15.216757,2.0056633017,2.1276313528,-1.7040810529,-0.3620770836,-0.1200237669,-1.3420039693,0.1883459254,-1.3946528590,-20.5435239379,0.2440153796,0.5392155275,0.9955708010,0.0000000000,0.0946843488,0.0013517059,0.0000000000,-0.0057741486,1.0000000000,0.0946843488,19.8837132445,1.532,1.000000,47.9410743608,2,0.3080268792
15.225091,1.9916139599,2.1399031991,-1.6673512369,-0.2165721078,-0.1471262887,-1.4507791291,0.1871198730,-1.5584625748,-19.6571658930,0.2050651400,0.5392155275,0.9955708010,0.0000000000,0.0946843488,0.0014612674,0.0000000000,-0.0057544687,1.0000000000,0.0946843488,19.8837132445,1.133,1.000000,47.9410743608,1,0.3080268792
15.233426,1.9778724509,2.1521750454,-1.6294699254,-0.0762452179,-0.1738931724,-1.5532247076,0.1856707632,-1.7154960775,-18.8440203207,0.1714898134,0.5392155275,0.9955708010,0.0000000000,0.0946843488,0.0015644536,0.0000000000,-0.0057324148,1.0000000000,0.0946843488,19.8837132445,0.733,1.000000,47.9410743608,1,0.3080268792
15.241759,1.9644563056,2.1644468917,-1.5904858859,0.0569399135,-0.2002963425,-1.6474257993,0.1840016270,-1.8637797152,-17.7940365263,0.1433501984,0.5392155275,0.9955708010,0.0000000000,0.0946843488,0.0016593358,0.0000000000,-0.0057077003,1.0000000000,0.0946843488,19.8837132445,0.334,1.000000,47.9410743608,1,0.3080268792
15.250111,1.9513388690,2.1782527188,-1.5503155058,0.1837291391,-0.2279004398,-1.7340446449,0.1821024567,-2.0070929731,-17.1975909473,0.1194106396,0.5392155275,0.9955708010,0.0000000000,0.0946843488,0.0017465808,0.0000000000,-0.0056799089,1.0000000000,0.0946843488,19.8837132445,-0.066,1.000000,47.9410743608,1,0.3080268792
15.258420,1.9386279178,2.1889905843,-1.5092979981,0.3022859699,-0.2519858840,-1.8115839679,0.1800025743,-2.1345365751,-15.2932322343,0.1008041878,0.5392155275,0.9955708010,0.0000000000,0.0946843488,0.0018246807,0.0000000000,-0.0056488849,1.0000000000,0.0946843488,19.8837132445,-0.465,1.000000,47.9410743608,-8,0.3080268792
15.266789,1.9261723370,2.1981944690,-1.4669390872,0.4134701598,-0.2742423872,-1.8804092470,0.1777172211,-2.2498167398,-13.8336197651,0.0860389713,0.5392155275,0.9955708010,0.0000000000,0.0946843488,0.0018940035,0.0000000000,-0.0056137914,1.0000000000,0.0946843488,19.8837132445,-0.865,1.000000,47.9410743608,9,0.3080268792
15.275103,1.9141547448,2.2058643730,-1.4238576213,0.5130427770,-0.2944645690,-1.9369003983,0.1752633497,-2.3488887818,-11.8886450392,0.0748858221,0.5392155275,0.9955708010,0.0000000000,0.0946843488,0.0019509031,0.0000000000,-0.0055746310,1.0000000000,0.0946843488,19.8837132445,-1.264,1.000000,47.9410743608,4,0.3080268792
15.283423,1.9024914152,2.2104663153,-1.3797739172,0.5997120330,-0.3111952382,-1.9794859502,0.1726700560,-2.4272585573,-9.4043730596,0.0671124978,0.5392155275,0.9955708010,0.0000000000,0.0946843488,0.0019937965,0.0000000000,-0.0055306123,1.0000000000,0.0946843488,19.8837132445,-1.664,1.000000,47.9410743608,3,0.3080268792
15.291770,1.8911620372,2.2166022385,-1.3345971182,0.6698165992,-0.3290369875,-2.0044137173,0.1699280811,-2.4903237600,-7.5678243269,0.0615891984,0.5392155275,0.9955708010,0.0000000000,0.0946843488,0.0020189045,0.0000000000,-0.0054809842,1.0000000000,0.0946843488,19.8837132445,-2.063,1.000000,47.9410743608,-11,0.3080268792
15.300089,1.8802499305,2.2212041809,-1.2886597520,0.7250864167,-0.3448478247,-2.0137461687,0.1670543493,-2.5338901746,-5.2279697506,0.0583203981,0.5392155275,0.9955708010,0.0000000000,0.0946843488,0.0020283044,0.0000000000,-0.0054254053,1.0000000000,0.0946843488,19.8837132445,-2.463,1.000000,47.9410743608,-4,0.3080268792
15.308469,1.8696488621,2.2242721424,-1.2415000764,0.7645663110,-0.3587288542,-2.0060663874,0.1640649421,-2.5567258197,-2.7402774208,0.0571741167,0.5392155275,0.9955708010,0.0000000000,0.0946843488,0.0020205691,0.0000000000,-0.0053624947,1.0000000000,0.0946843488,19.8837132445,-2.862,1.000000,47.9410743608,-1,0.3080268792
15.316764,1.8595463931,2.2288740848,-1.1939634295,0.7874008615,-0.3735558826,-1.9813642910,0.1609519765,-2.5645397385,-0.9376702502,0.0575022946,0.5392155275,0.9955708010,0.0000000000,0.0946843488,0.0019956884,0.0000000000,-0.0052925402,1.0000000000,0.0946843488,19.8837132445,-3.262,1.000000,47.9410743608,1,0.3080268792
15.325128,1.8497631139,2.2304080656,-1.1452129451,0.7953284324,-0.3849157122,-1.9405413775,0.1577443455,-2.5494403277,1.8119292955,0.0600760067,0.5392155275,0.9955708010,0.0000000000,0.0946843488,0.0019545704,0.0000000000,-0.0052133718,1.0000000000,0.0946843488,19.8837132445,-3.661,1.000000,47.9410743608,0,0.3080268792
15.334165,1.8396552939,2.2319420464,-1.0916544565,0.7874013925,-0.3965149463,-1.8790558490,0.1544400543,-2.5142490712,4.2229507761,0.0649112296,0.5392155275,0.9955708010,0.0000000000,0.0946843488,0.0018926404,0.0000000000,-0.0051169472,1.0000000000,0.0946843488,19.8837132445,-4.061,1.000000,47.9410743608,-3,0.3080268792
15.341846,1.8314479135,2.2319420464,-1.0454413588,0.7677799742,-0.4046169635,-1.8132213330,0.1510682463,-2.4678299292,5.5702970419,0.0711189251,0.5392155275,0.9955708010,0.0000000000,0.0946843488,0.0018263299,0.0000000000,-0.0050251207,1.0000000000,0.0946843488,19.8837132445,-4.461,1.000000,47.9410743608,-4,0.3080268792
15.350082,1.8230439305,2.2319420464,-0.9952096404,0.7401899336,-0.4128727932,-1.7353995740,0.1476276397,-2.4097968549,6.9639689215,0.0792114901,0.5392155275,0.9955708010,0.0000000000,0.0946843488,0.0017479455,0.0000000000,-0.0049155063,1.0000000000,0.0946843488,19.8837132445,-4.860,1.000000,47.9410743608,-4,0.3080268792
15.358417,1.8149625880,2.2319420464,-0.9436934254,0.7054634778,-0.4207676613,-1.6491569032,0.1441212425,-2.3426908716,8.0527179986,0.0891295038,0.5392155275,0.9955708010,0.0000000000,0.0946843488,0.0016610794,0.0000000000,-0.0047916794,1.0000000000,0.0946843488,19.8837132445,-5.260,1.000000,47.9410743608,-4,0.3080268792
15.366809,1.8072635147,2.2304080656,-0.8911779040,0.6643459014,-0.4267119604,-1.5555238054,0.1405653095,-2.2643694759,9.3985674773,0.1015054843,0.5392155275,0.9955708010,0.0000000000,0.0946843488,0.0015667694,0.0000000000,-0.0046526849,1.0000000000,0.0946843488,19.8837132445,-5.659,1.000000,47.9410743608,-3,0.3080268792
15.375095,1.8000962737,2.2304080656,-0.8387153693,0.6175046641,-0.4336276730,-1.4562200335,0.1369517455,-2.1823634603,9.8407218783,0.1154943796,0.5392155275,0.9955708010,0.0000000000,0.0946843488,0.0014667477,0.0000000000,-0.0045000856,1.0000000000,0.0946843488,19.8837132445,-6.059,1.000000,47.9410743608,-5,0.3080268792
15.383484,1.7932852190,2.2288740848,-0.7850219160,0.5680419677,-0.4386391418,-1.3530638837,0.1332964194,-2.0927644182,10.7518850428,0.1319879181,0.5392155275,0.9955708010,0.0000000000,0.0946843488,0.0013628458,0.0000000000,-0.0043288034,1.0000000000,0.0946843488,19.8837132445,-6.458,1.000000,47.9410743608,-5,0.3080268792
15.391761,1.7870083192,2.2258061232,-0.7315066127,0.5162315855,-0.4415698682,-1.2477381982,0.1296166705,-1.9968875683,11.5052219979,0.1510534993,0.5392155275,0.9955708010,0.0000000000,0.0946843488,0.0012567586,0.0000000000,-0.0041420731,1.0000000000,0.0946843488,19.8837132445,-6.858,1.000000,47.9410743608,-4,0.3080268792
15.400177,1.7810827695,2.2227381616,-0.6765896879,0.4623186992,-0.4441379545,-1.1389083871,0.1259155208,-1.8968074913,12.0096092328,0.1724587291,0.5392155275,0.9955708010,0.0000000000,0.0946843488,0.0011471420,0.0000000000,-0.0039330845,1.0000000000,0.0946843488,19.8837132445,-7.257,1.000000,47.9410743608,-7,0.3080268792
15.408419,1.7757293713,2.2196702001,-0.6223471056,0.4090273332,-0.4461372267,-1.0313744388,0.1221977106,-1.7969100408,11.9876940620,0.1952646330,0.5392155275,0.9955708010,0.0000000000,0.0946843488,0.0010388307,0.0000000000,-0.0037088071,1.0000000000,0.0946843488,19.8837132445,-7.657,1.000000,47.9410743608,-6,0.3080268792
15.416742,1.7707790816,2.2166022385,-0.5671509975,0.3537881303,-0.4477229311,-0.9209391278,0.1184666862,-1.6933029114,12.4328555213,0.2202196896,0.5392155275,0.9955708010,0.0000000000,0.0946843488,0.0009275970,0.0000000000,-0.0034619763,1.0000000000,0.0946843488,19.8837132445,-8.056,1.000000,47.9410743608,-8,0.3080268792
15.425092,1.7662759155,2.2120002961,-0.5113850153,0.2993089622,-0.4473316121,-0.8106939775,0.1147389228,-1.5859563591,12.8815862852,0.2474510539,0.5392155275,0.9955708010,0.0000000000,0.0946843488,0.0008165548,0.0000000000,-0.0031933916,1.0000000000,0.0946843488,19.8837132445,-8.456,1.000000,47.9410743608,-8,0.3080268792
15.433426,1.7622471025,2.2089323346,-0.4553738660,0.2430060059,-0.4479901275,-0.6983798719,0.1110056717,-1.4786312336,12.8790150594,0.2753828787,0.5392155275,0.9955708010,0.0000000000,0.0946843488,0.0007034288,0.0000000000,-0.0029043727,1.0000000000,0.0946843488,19.8837132445,-8.855,1.000000,47.9410743608,-7,0.3080268792
15.441772,1.7586819033,2.2027964114,-0.3989737766,0.1875741780,-0.4451217453,-0.5865479546,0.1072963238,-1.3647603079,13.6645110801,0.3062102572,0.5392155275,0.9955708010,0.0000000000,0.0946843488,0.0005907884,0.0000000000,-0.0025944086,1.0000000000,0.0946843488,19.8837132445,-9.255,1.000000,47.9410743608,-9,0.3080268792
15.450104,1.7555930910,2.1966604883,-0.3423894357,0.1304180533,-0.4417677170,-0.4728074890,0.1036149262,-1.2479887807,14.0125832635,0.3381418886,0.5392155275,0.9955708010,0.0000000000,0.0946843488,0.0004762256,0.0000000000,-0.0022653219,1.0000000000,0.0946843488,19.8837132445,-9.654,1.000000,47.9410743608,-7,0.3080268792
15.458423,1.7529806175,2.1905245651,-0.2856627223,0.0717177096,-0.4379290579,-0.3573804318,0.0999655174,-1.1285366424,14.3342565968,0.3705659864,0.5392155275,0.9955708010,0.0000000000,0.0946843488,0.0003599641,0.0000000000,-0.0019186436,1.0000000000,0.0946843488,19.8837132445,-10.054,1.000000,47.9410743608,-8,0.3080268792
15.466760,1.7508368541,2.1843886419,-0.2286202280,0.0141388665,-0.4336277109,-0.2427590946,0.0963519531,-1.0089359814,14.3520793268,0.4022090083,0.5392155275,0.9955708010,0.0000000000,0.0946843488,0.0002445141,0.0000000000,-0.0015550326,1.0000000000,0.0946843488,19.8837132445,-10.453,1.000000,47.9410743608,-8,0.3080268792
15.475094,1.7491695878,2.1767187380,-0.1714323835,-0.0449400487,-0.4273078308,-0.1264923348,0.0927910545,-0.8836291604,15.0368185197,0.4343297570,0.5392155275,0.9955708010,0.0000000000,0.0946843488,0.0001274068,0.0000000000,-0.0011777777,1.0000000000,0.0946843488,19.8837132445,-10.853,1.000000,47.9410743608,-9,0.3080268792
15.483428,1.7479796143,2.1690488341,-0.1141347762,-0.1028579270,-0.4205168926,-0.0112768492,0.0892867471,-0.7583822902,15.0296244206,0.4642481401,0.5392155275,0.9955708010,0.0000000000,0.0946843488,0.0000113584,0.0000000000,-0.0007898313,1.0000000000,0.0946843488,19.8837132445,-11.252,1.000000,47.9410743608,-11,0.3080268792
15.491757,1.7472677256,2.1613789301,-0.0567873885,-0.1622404703,-0.4132400045,0.1054530818,0.0858430804,-0.6305960836,15.3343447903,0.4916825665,0.5392155275,0.9955708010,0.0000000000,0.0946843488,-0.0001062154,-0.0000000000,-0.0003947010,1.0000000000,0.0946843488,19.8837132445,-11.652,1.000000,47.9410743608,-10,0.3080268792
15.500120,1.7470337251,2.1521750454,0.0008302172,-0.2204302670,-0.4039576522,0.2212604841,0.0824767666,-0.4996732800,15.7107364349,0.5167960525,0.5392155275,0.9955708010,0.0000000000,0.0946843488,-0.0002228601,-0.0000000000,0.0000057788,1.0000000000,0.0946843488,19.8837132445,-12.051,1.000000,47.9410743608,-12,0.3080268792
15.508436,1.7472788364,2.1429711607,0.0581194362,-0.2800563307,-0.3941884757,0.3381757669,0.0791918626,-0.3665954889,15.9693349316,0.5376969408,0.5392155275,0.9955708010,0.0000000000,0.0946843488,-0.0003406206,-0.0000000000,0.0004039317,1.0000000000,0.0946843488,19.8837132445,-12.451,1.000000,47.9410743608,-11,0.3080268792
15.516763,1.7480015374,2.1322332952,0.1154488928,-0.3384642157,-0.3824142701,0.4539131085,0.0760050770,-0.2306169017,16.3174304640,0.5547826581,0.5392155275,0.9958163452,0.0294653005,0.0816409445,-0.0004571946,-0.0000000000,0.0007988180,1.0000000000,0.0946843488,17.1445983524,-12.850,1.000000,47.9410743608,-11,0.3094815142
15.525088,1.7492008862,2.1230294104,0.1726819116,-0.3982855916,-0.3716898074,0.5709675032,0.0729076620,-0.0953179270,16.2358769593,0.5676197501,0.5392772162,0.9958224527,0.0007329031,0.0348771549,-0.0005750953,-0.0000000000,0.0011861376,1.0000000000,0.0946843488,7.3242025342,-12.451,1.000000,47.9410743608,-13,0.3051601320
15.533506,1.7508978028,2.1122915449,0.2304398064,-0.4568683913,-0.3589404469,0.6873081976,0.0699164916,0.0433935568,16.6453780561,0.5649312255,0.5392787485,0.9957885032,-0.0040739426,-0.0146622391,-0.0006922770,-0.0000000000,0.0015668406,1.0000000000,0.0946843488,-3.0790702043,-12.051,1.000000,47.9410743608,-11,0.2999584018
15.541759,1.7530327212,2.1000196986,0.2869060248,-0.5143419660,-0.3442250601,0.8012479909,0.0670479494,0.1837295850,16.8403233866,0.5554973235,0.5392702299,0.9959282695,0.0167719550,-0.0637281579,-0.0008070406,-0.0000000000,0.0019264092,1.0000000000,0.0946843488,-13.3829131490,-11.652,1.000000,47.9410743608,-12,0.2991402009
15.550093,1.7556606484,2.0892818331,0.3437296102,-0.5708221582,-0.3305559797,0.9145517684,0.0670479494,0.3241801562,16.8540685476,0.5469925518,0.5393052794,0.9959282695,0.0000000000,-0.0946843488,-0.0009211635,-0.0000000000,0.0022733158,1.0000000000,0.0946843488,-19.8837132445,-11.252,1.000000,47.9410743608,-12,0.2991402009
15.558428,1.7587618336,2.0785439676,0.4003287618,-0.6264127123,-0.3164184184,1.0267414741,0.0670479494,0.4644470586,16.8320282866,0.5339899517,0.5393052794,0.9959282695,0.0000000000,-0.0946843488,-0.0010341642,-0.0000000000,0.0026020714,1.0000000000,0.0946843488,-19.8837132445,-10.853,1.000000,47.9410743608,-11,0.2991402009
15.566761,1.7623323835,2.0678061021,0.4566343136,-0.6812065380,-0.3018157707,1.1378408515,0.0670479494,0.6045472944,16.8120282904,0.5157506035,0.5393052794,0.9959282695,0.0000000000,-0.0946843488,-0.0011460668,-0.0000000000,0.0029110856,1.0000000000,0.0946843488,-19.8837132445,-10.453,1.000000,47.9410743608,-11,0.2991402009
15.575136,1.7663929034,2.0570682366,0.5129154156,-0.7352868420,-0.2867269844,1.2482022575,0.0670479494,0.7448750300,16.8393282732,0.4928231974,0.5393052794,0.9959282695,0.0000000000,-0.0946843488,-0.0012572261,-0.0000000000,0.0032010193,1.0000000000,0.0946843488,-19.8837132445,-10.054,1.000000,47.9410743608,-10,0.2991402009
15.583430,1.7708769505,2.0447963903,0.5682983161,-0.7862236927,-0.2696975700,1.3545220088,0.0670479494,0.8850151983,16.8168201962,0.4673708460,0.5393052794,0.9959282695,0.0000000000,-0.0946843488,-0.0013643144,-0.0000000000,0.0034672995,1.0000000000,0.0946843488,-19.8837132445,-9.654,1.000000,47.9410743608,-9,0.2991402009
15.591761,1.7758418244,2.0340585247,0.6235397069,-0.8343453782,-0.2537364263,1.4578850852,0.0670479494,1.0200771060,16.2074289224,0.4389764460,0.5393052794,0.9959282695,0.0000000000,-0.0946843488,-0.0014684248,-0.0000000000,0.0037139320,1.0000000000,0.0946843488,-19.8837132445,-9.255,1.000000,47.9410743608,-9,0.2991402009
15.600097,1.7812684011,2.0217866784,0.6783852968,-0.8799459016,-0.2357931373,1.5583311984,0.0670479494,1.1561585912,16.3297782223,0.4093597478,0.5393052794,0.9959282695,0.0000000000,-0.0946843488,-0.0015695971,-0.0000000000,0.0039402027,1.0000000000,0.0946843488,-19.8837132445,-8.855,1.000000,47.9410743608,-9,0.2991402009
15.608414,1.7871363370,2.0125827937,0.7326424140,-0.9232885616,-0.2204885749,1.6559309756,0.0670479494,1.2841532293,15.3593565786,0.3784296186,0.5393052794,0.9959282695,0.0000000000,-0.0946843488,-0.0016679024,-0.0000000000,0.0041462074,1.0000000000,0.0946843488,-19.8837132445,-8.456,1.000000,47.9410743608,-9,0.2991402009
15.616745,1.7934647204,2.0018449282,0.7864914765,-0.9646091592,-0.2032004424,1.7511006358,0.0670479494,1.4136571206,15.5404669590,0.3475773248,0.5393052794,0.9959282695,0.0000000000,-0.0946843488,-0.0017637601,-0.0000000000,0.0043337020,1.0000000000,0.0946843488,-19.8837132445,-8.056,1.000000,47.9410743608,-8,0.2991402009
15.625090,1.8002509856,1.9911070627,0.8398888052,-1.0016144210,-0.1854776005,1.8415032262,0.0670479494,1.5392572751,15.0720185290,0.3178530295,0.5393052794,0.9959282695,0.0000000000,-0.0946843488,-0.0018548163,-0.0000000000,0.0045036551,1.0000000000,0.0946843488,-19.8837132445,-7.657,1.000000,47.9410743608,-8,0.2991402009
15.633460,1.8075032041,1.9819031779,0.8928692971,-1.0347550210,-0.1688435387,1.9276243180,0.0670479494,1.6584136137,14.2987606418,0.2895121427,0.5393052794,0.9959282695,0.0000000000,-0.0946843488,-0.0019415600,-0.0000000000,0.0046573714,1.0000000000,0.0946843488,-19.8837132445,-7.257,1.000000,47.9410743608,-8,0.2991402009
15.641762,1.8151317656,1.9726992932,0.9448076619,-1.0619301184,-0.1518651674,2.0067377803,0.0670479494,1.7712461213,13.5399009076,0.2637880358,0.5393052794,0.9959282695,0.0000000000,-0.0946843488,-0.0020212454,-0.0000000000,0.0047944857,1.0000000000,0.0946843488,-19.8837132445,-6.858,1.000000,47.9410743608,-7,0.2991402009
15.650169,1.8232941428,1.9619614277,0.9967518566,-1.0837627233,-0.1328476878,2.0805145799,0.0670479494,1.8827916354,13.3854616980,0.2401686193,0.5393052794,0.9959282695,0.0000000000,-0.0946843488,-0.0020955555,-0.0000000000,0.0049190310,1.0000000000,0.0946843488,-19.8837132445,-6.458,1.000000,47.9410743608,-8,0.2991402009
15.658420,1.8317256141,1.9542915238,1.0470487199,-1.1008107814,-0.1166547678,2.1478595013,0.0670479494,1.9822956960,11.9404872669,0.2191960338,0.5393052794,0.9959282695,0.0000000000,-0.0946843488,-0.0021633873,-0.0000000000,0.0050284558,1.0000000000,0.0946843488,-19.8837132445,-6.059,1.000000,47.9410743608,-6,0.2991402009
15.666762,1.8406697427,1.9466216198,1.0971892642,-1.1135739691,-0.0999721994,2.2107632334,0.0670479494,2.0783310088,11.5242375377,0.2001385824,0.5393052794,0.9959282695,0.0000000000,-0.0946843488,-0.0022267458,-0.0000000000,0.0051273953,1.0000000000,0.0946843488,-19.8837132445,-5.659,1.000000,47.9410743608,-6,0.2991402009
15.675091,1.8500146079,1.9389517159,1.1465024275,-1.1199953303,-0.0829229488,2.2664977578,0.0670479494,2.1679253450,10.7513203435,0.1836282910,0.5393052794,0.9959282695,0.0000000000,-0.0946843488,-0.0022828833,-0.0000000000,0.0052155682,1.0000000000,0.0946843488,-19.8837132445,-5.260,1.000000,47.9410743608,-6,0.2991402009
15.683425,1.8597720897,1.9312818119,1.1950552887,-1.1232416251,-0.0654781311,2.3182969138,0.0670479494,2.2543699090,10.3733476736,0.1686907409,0.5393052794,0.9959282695,0.0000000000,-0.0946843488,-0.0023350569,-0.0000000000,0.0052942248,0.9723490320,0.0946843488,-19.8837132445,-4.860,1.000000,47.9410743608,-6,0.2991402009
15.691757,1.8699284129,1.9251458888,1.2427781112,-1.1186355460,-0.0492106184,2.3614136572,0.0670479494,2.3297939324,9.0508828136,0.1564439127,0.5393052794,0.9959282695,0.0000000000,-0.0946843488,-0.0023784853,-0.0000000000,0.0053642822,0.5416933639,0.0946843488,-19.8837132445,-4.461,1.000000,47.9410743608,-4,0.2991402009
15.701009,1.8816690036,1.9174759849,1.2947772557,-1.1095016079,-0.0298491714,2.4042788635,0.0670479494,2.4111109727,9.7580448333,0.1443619170,0.5393052794,0.9959282695,0.0000000000,-0.0946843488,-0.0024216604,-0.0000000000,0.0054331208,0.0200253710,0.0946843488,-19.8837132445,-4.061,1.000000,47.9410743608,-5,0.2991402009
15.709231,1.8925008789,1.9128740425,1.3400644752,-1.0963126798,-0.0144861757,2.4363771550,0.0670479494,2.4737201736,7.5131041085,0.1354408919,0.5393052794,0.9959282695,0.0000000000,-0.0946843488,-0.0024539908,-0.0000000000,0.0054872469,0.0000000000,0.0946843488,-19.8837132445,-3.661,1.000000,47.9410743608,-4,0.2991402009
15.716759,1.9027425717,1.9082721001,1.3807482814,-1.0769877979,0.0002536886,2.4577360794,0.0670500635,2.5243545529,6.0761255219,0.1290704652,0.5393052794,0.9959282695,0.0000000000,-0.0946843488,-0.0024755041,-0.0000000000,0.0055316309,0.0000000000,0.0946843488,-19.8837132445,-3.262,1.000000,47.9410743608,-3,0.2991402009
15.725172,1.9145467147,1.9036701578,1.4252991027,-1.0521677735,0.0165264953,2.4774668762,0.0671877843,2.5765389433,6.2621268480,0.1229180362,0.5393052794,0.9959282695,0.0000000000,-0.0946843488,-0.0024953776,-0.0000000000,0.0055760011,0.0000000000,0.0946843488,-19.8837132445,-2.862,1.000000,47.9410743608,-2,0.2991402009
15.733433,1.9264985039,1.9006021962,1.4680771970,-1.0249309429,0.0313999894,2.4930081399,0.0674494509,2.6218769825,5.4405647003,0.1178126092,0.5393052794,0.9959282695,0.0000000000,-0.0946843488,-0.0025110312,-0.0000000000,0.0056147772,0.0395128810,0.0946843488,-19.8837132445,-2.463,1.000000,47.9410743608,-3,0.2991402009
15.741756,1.9388937706,1.8975342346,1.5101781081,-0.9930252578,0.0466918903,2.5032033659,0.0678385500,2.6628255945,4.9138334383,0.1137128660,0.5393052794,0.9959282695,0.0000000000,-0.0946843488,-0.0025213001,-0.0000000000,0.0056495802,0.4552024180,0.0946843488,-19.8837132445,-2.063,1.000000,47.9410743608,-1,0.2991402009
15.750094,1.9516571879,1.8960002538,1.5513155896,-0.9569383122,0.0607955085,2.5082539018,0.0683451792,2.6963854773,4.0271859360,0.1106778049,0.5393052794,0.9959282695,0.0000000000,-0.0946843488,-0.0025263872,-0.0000000000,0.0056806310,0.8895177267,0.0946843488,-19.8837132445,-1.664,1.000000,47.9410743608,-2,0.2991402009
15.758471,1.9648225372,1.8960002538,1.5915775615,-0.9171067781,0.0737469702,2.5086843396,0.0689597373,2.7231435023,3.2109630045,0.1085649164,0.5393052794,0.9959282695,0.0000000000,-0.0946843488,-0.0025268207,-0.0000000000,0.0057084218,1.0000000000,0.0946843488,-19.8837132445,-1.264,1.000000,47.9410743608,-3,0.2991402009
15.766758,1.9781729253,1.8944662730,1.6303198829,-0.8739217231,0.0883994436,2.5042416060,0.0696963993,2.7485269658,3.0460156185,0.1071136740,0.5393052794,0.9959282695,0.0000000000,-0.0946843488,-0.0025223459,-0.0000000000,0.0057329302,1.0000000000,0.0946843488,-19.8837132445,-0.865,1.000000,47.9410743608,0,0.2991402009
15.775079,1.9918975977,1.8944662730,1.6681123135,-0.8252289255,0.1018626451,2.4933412390,0.0705452547,2.7652015299,2.0009476903,0.1068569675,0.5393052794,0.9959282695,0.0000000000,-0.0946843488,-0.0025113667,-0.0000000000,0.0057548930,1.0000000000,0.0946843488,-19.8837132445,-0.465,1.000000,47.9410743608,2,0.2991402009
15.783420,2.0059642657,1.8944662730,1.7048467178,-0.7741080372,0.1156548037,2.4789547550,0.0715090447,2.7791566171,1.6746104660,0.1071181194,0.5393052794,0.9959282695,0.0000000000,-0.0946843488,-0.0024968762,-0.0000000000,0.0057745419,1.0000000000,0.0946843488,-19.8837132445,-0.066,1.000000,47.9410743608,0,0.2991402009
15.791892,2.0205610930,1.8960002538,1.7409613374,-0.7208126372,0.1284314642,2.4617739746,0.0725793069,2.7884056154,1.1098797974,0.1079107464,0.5393052794,0.9959282695,0.0000000000,-0.0946843488,-0.0024795712,-0.0000000000,0.0057923502,1.0000000000,0.0946843488,-19.8837132445,0.334,1.000000,47.9410743608,1,0.2991402009
15.800989,2.0365706070,1.8975342346,1.7783695161,-0.6630653730,0.1425969057,2.4414348891,0.0737676145,2.7973708264,1.0758253120,0.1090034098,0.5393052794,0.9959282695,0.0000000000,-0.0946843488,-0.0024590851,-0.0000000000,0.0058093387,1.0000000000,0.0946843488,-19.8837132445,0.733,1.000000,47.9410743608,0,0.2991402009
15.808906,2.0507752186,1.8975342346,1.8097435514,-0.6063400742,0.1564969134,2.4160836256,0.0750717554,2.8009109250,0.4248118304,0.1110788459,0.5393052794,0.9959282695,0.0000000000,-0.0946843488,-0.0024335505,-0.0000000000,0.0058225265,1.0000000000,0.0946843488,-19.8837132445,1.133,1.000000,47.9410743608,0,0.2991402009
15.816779,2.0651421993,1.8975342346,1.8398317198,-0.5480255629,0.1705507564,2.3878572827,0.0764930117,2.8019969426,0.1303221200,0.1136343211,0.5393052794,0.9959282695,0.0000000000,-0.0946843488,-0.0024051201,-0.0000000000,0.0058343282,1.0000000000,0.0946843488,-19.8837132445,1.532,1.000000,47.9410743608,0,0.2991402009
15.825130,2.0806350258,1.8990682154,1.8705157039,-0.4907922577,0.1842022703,2.3613079616,0.0780280306,2.8040731320,0.2491427208,0.1158593905,0.5393052794,0.9959282695,0.0000000000,-0.0946843488,-0.0023783789,-0.0000000000,0.0058455662,1.0000000000,0.0946843488,-19.8837132445,1.932,1.000000,47.9410743608,1,0.2991402009
15.833472,2.0963622913,1.9006021962,1.8998826179,-0.4395361394,0.1981203195,2.3394187573,0.0796790333,2.8114531429,0.8856013105,0.1171507294,0.5393052794,0.9959282695,0.0000000000,-0.0946843488,-0.0023563314,-0.0000000000,0.0058556160,1.0000000000,0.0946843488,-19.8837132445,2.331,1.000000,47.9410743608,2,0.2991402009
15.841792,2.1122877307,1.9036701578,1.9278742257,-0.3886240806,0.2107044094,2.3164983064,0.0814349034,2.8152560684,0.4563510633,0.1187509152,0.5393052794,0.9959282695,0.0000000000,-0.0946843488,-0.0023332453,-0.0000000000,0.0058645926,1.0000000000,0.0946843488,-19.8837132445,2.731,1.000000,47.9410743608,1,0.2991402009
15.850144,2.1285012365,1.9082721001,1.9546455646,-0.3380201494,0.2220442394,2.2926657141,0.0832852720,2.8157689328,0.0615437264,0.1206348648,0.5393052794,0.9959282695,0.0000000000,-0.0946843488,-0.0023092404,-0.0000000000,0.0058726610,1.0000000000,0.0946843488,-19.8837132445,3.130,1.000000,47.9410743608,2,0.2991402009
15.859501,2.1469252489,1.9128740425,1.9830411165,-0.2876921663,0.2355960579,2.2707332828,0.0852485725,2.8226863236,0.8300868910,0.1217157096,0.5393052794,0.9959282695,0.0000000000,-0.0946843488,-0.0022871494,-0.0000000000,0.0058806993,1.0000000000,0.0946843488,-19.8837132445,3.530,1.000000,47.9410743608,3,0.2991402009
15.868492,2.1648706979,1.9190099656,2.0087107712,-0.2351068640,0.2471232109,2.2438176353,0.0873079326,2.8206942317,-0.2390510214,0.1240019692,0.5393052794,0.9959282695,0.0000000000,-0.0946843488,-0.0022600392,-0.0000000000,0.0058875326,1.0000000000,0.0946843488,-19.8837132445,3.929,1.000000,47.9410743608,2,0.2991402009
15.876720,2.1814908047,1.9266798696,2.0307999282,-0.1830044352,0.2557936337,2.2138043634,0.0894395462,2.8100022949,-1.2830324120,0.1273392741,0.5393052794,0.9959282695,0.0000000000,-0.0946843488,-0.0022298089,-0.0000000000,0.0058931014,1.0000000000,0.0946843488,-19.8837132445,4.329,1.000000,47.9410743608,2,0.2991402009
15.884666,2.1977072941,1.9328157927,2.0508425831,-0.1263255538,0.2655698452,2.1771681368,0.0916526283,2.7949638319,-1.8046155695,0.1318880842,0.5393052794,0.9959282695,0.0000000000,-0.0946843488,-0.0021929078,-0.0000000000,0.0058979173,1.0000000000,0.0946843488,-19.8837132445,4.728,1.000000,47.9410743608,4,0.2991402009
15.892499,2.2138456491,1.9420196775,2.0693512600,-0.0655481636,0.2721779526,2.1348994236,0.0939207779,2.7680553267,-3.2290206246,0.1381034972,0.5393052794,0.9959282695,0.0000000000,-0.0946843488,-0.0021503335,-0.0000000000,0.0059021733,1.0000000000,0.0946843488,-19.8837132445,5.128,1.000000,47.9410743608,5,0.2991402009
15.900460,2.2303907283,1.9512235622,2.0868777872,-0.0011002944,0.2791730745,2.0879780816,0.0962472202,2.7373202827,-3.6882052706,0.1453541044,0.5393052794,0.9959282695,0.0000000000,-0.0946843488,-0.0021030730,-0.0000000000,0.0059060411,1.0000000000,0.0946843488,-19.8837132445,5.527,1.000000,47.9410743608,4,0.2991402009
15.908548,2.2473359743,1.9619614277,2.1033459025,0.0666347256,0.2850167310,2.0367111769,0.0986223596,2.7000008836,-4.4783278942,0.1538755669,0.5393052794,0.9959282695,0.0000000000,-0.0946843488,-0.0020514354,-0.0000000000,0.0059095369,1.0000000000,0.0946843488,-19.8837132445,5.927,1.000000,47.9410743608,6,0.2991402009
15.917327,2.2658748083,1.9726992932,2.1196853510,0.1398180499,0.2924247190,1.9798673011,0.1010592322,2.6602721480,-4.7674482731,0.1635175092,0.5393052794,0.9959282695,0.0000000000,-0.0946843488,-0.0019941806,-0.0000000000,0.0059128778,1.0000000000,0.0946843488,-19.8837132445,6.326,1.000000,47.9410743608,5,0.2991402009
15.925074,2.2823478047,1.9849711395,2.1327650125,0.2178806823,0.2962066879,1.9148843302,0.1035276213,2.6052341199,-6.6045633780,0.1761217575,0.5393052794,0.9959282695,0.0000000000,-0.0946843488,-0.0019287279,-0.0000000000,0.0059154637,1.0000000000,0.0946843488,-19.8837132445,6.726,1.000000,47.9410743608,6,0.2991402009
15.933451,2.3002684127,1.9987769666,2.1454863915,0.2978086013,0.2998922713,1.8476777903,0.1060267236,2.5478113857,-6.8907280952,0.1895762648,0.5393052794,0.9959282695,0.0000000000,-0.0946843488,-0.0018610355,-0.0000000000,0.0059179055,1.0000000000,0.0946843488,-19.8837132445,7.125,1.000000,47.9410743608,8,0.2991402009
15.942086,2.3188448089,2.0125827937,2.1570436561,0.3819114535,0.3042112242,1.7751322026,0.1085618171,2.4863429651,-7.3762104767,0.2046294979,0.5393052794,0.9959282695,0.0000000000,-0.0946843488,-0.0017879654,-0.0000000000,0.0059200632,1.0000000000,0.0946843488,-19.8837132445,7.525,1.000000,47.9410743608,7,0.2991402009
15.950078,2.3361225065,2.0263886208,2.1663269510,0.4697532277,0.3072114013,1.6965737232,0.1111219121,2.4162672166,-8.4090898212,0.2220993325,0.5393052794,0.9959282695,0.0000000000,-0.0946843488,-0.0017088390,-0.0000000000,0.0059217554,1.0000000000,0.0946843488,-19.8837132445,7.924,1.000000,47.9410743608,9,0.2991402009
15.958485,2.3543704883,2.0432624095,2.1746179689,0.5584389994,0.3081093689,1.6161789695,0.1136894902,2.3401875843,-9.1295558743,0.2407595492,0.5393052794,0.9959282695,0.0000000000,-0.0946843488,-0.0016278630,-0.0000000000,0.0059232367,1.0000000000,0.0946843488,-19.8837132445,8.324,1.000000,47.9410743608,7,0.2991402009
15.966753,2.3723792801,2.0586022173,2.1812927675,0.6503850738,0.3102846202,1.5309076937,0.1162751954,2.2617859895,-9.4081913721,0.2609894733,0.5393052794,0.9959282695,0.0000000000,-0.0946843488,-0.0015419753,-0.0000000000,0.0059244089,1.0000000000,0.0946843488,-19.8837132445,8.723,1.000000,47.9410743608,8,0.2991402009
15.975092,2.3905915298,2.0770099868,2.1865339682,0.7452509598,0.3095796889,1.4412830085,0.1188550261,2.1733051502,-10.6177007226,0.2831646875,0.5393052794,0.9959282695,0.0000000000,-0.0946843488,-0.0014517027,-0.0000000000,0.0059253169,1.0000000000,0.0946843488,-19.8837132445,9.123,1.000000,47.9410743608,9,0.2991402009
15.983426,2.4088309692,2.0938837755,2.1902729827,0.8402272767,0.3104353351,1.3500457060,0.1214419872,2.0863180316,-10.4384542311,0.3056290068,0.5393052794,0.9959282695,0.0000000000,-0.0946843488,-0.0013598058,-0.0000000000,0.0059259580,1.0000000000,0.0946843488,-19.8837132445,9.522,1.000000,47.9410743608,8,0.2991402009
15.991760,2.4270945433,2.1153595065,2.1925105506,0.9353024919,0.3067126426,1.2572080587,0.1239979259,1.9886073978,-11.7252760571,0.3289730605,0.5393052794,0.9959282695,0.0000000000,-0.0946843488,-0.0012662970,-0.0000000000,0.0059263390,1.0000000000,0.0946843488,-19.8837132445,9.922,1.000000,47.9410743608,11,0.2991402009
16.000128,2.4454462517,2.1353012567,2.1932452450,1.0329707253,0.3045981411,1.1602745197,0.1265362438,1.8899773645,-11.8356039905,0.3526699305,0.5393052794,0.9959282695,0.0000000000,-0.0946843488,-0.0011686626,-0.0000000000,0.0059264637,1.0000000000,0.0946843488,-19.8837132445,10.321,1.000000,47.9410743608,9,0.2991402009
16.008431,2.4636543235,2.1567769878,2.1924761449,1.1279522767,0.3008204493,1.0645238681,0.1290430808,1.7891960812,-12.0937539922,0.3752051808,0.5393052794,0.9959282695,0.0000000000,-0.0946843488,-0.0010722198,-0.0000000000,0.0059263332,1.0000000000,0.0946843488,-19.8837132445,10.721,1.000000,47.9410743608,10,0.2991402009
16.016762,2.4819123973,2.1751847572,2.1902050420,1.2230321797,0.3001601929,0.9671728623,0.1315444158,1.6930002450,-11.5435003479,0.3965181393,0.5393052794,0.9959282695,0.0000000000,-0.0946843488,-0.0009741650,-0.0000000000,0.0059259464,1.0000000000,0.0946843488,-19.8837132445,11.120,1.000000,47.9410743608,10,0.2991402009
16.025087,2.5001310883,2.1966604883,2.1864370887,1.3182001628,0.2963921191,0.8682369259,0.1340143501,1.5890163904,-12.4780625589,0.4166082947,0.5393052794,0.9959282695,0.0000000000,-0.0946843488,-0.0008745138,-0.0000000000,0.0059253002,1.0000000000,0.0946843488,-19.8837132445,11.520,1.000000,47.9410743608,10,0.2991402009
16.033511,2.5185276306,2.2196702001,2.1811022605,1.4109425787,0.2912809407,0.7701596817,0.1364416913,1.4831818232,-12.7001480589,0.4340518569,0.5393052794,0.9959282695,0.0000000000,-0.0946843488,-0.0007757275,-0.0000000000,0.0059243757,1.0000000000,0.0946843488,-19.8837132445,11.919,1.000000,47.9410743608,11,0.2991402009
16.041759,2.5364909632,2.2411459311,2.1743986297,1.5040171914,0.2872687494,0.6703814383,0.1388355975,1.3777958768,-12.6463135648,0.4492502613,0.5393052794,0.9959282695,0.0000000000,-0.0946843488,-0.0006752279,-0.0000000000,0.0059231978,1.0000000000,0.0946843488,-19.8837132445,12.319,1.000000,47.9410743608,10,0.2991402009
16.050100,2.5545934315,2.2656896237,2.1661352478,1.5973893075,0.2803261349,0.5687459402,0.1411716486,1.2646758071,-13.5744083615,0.4613141290,0.5393052794,0.9959282695,0.0000000000,-0.0946843488,-0.0005728577,-0.0000000000,0.0059217208,1.0000000000,0.0946843488,-19.8837132445,12.718,1.000000,47.9410743608,10,0.2991402009
16.058426,2.5725905822,2.2886993355,2.1564023067,1.6885234088,0.2748242012,0.4678788979,0.1434618503,1.1551401755,-13.1442758005,0.4697122549,0.5393052794,0.9959282695,0.0000000000,-0.0946843488,-0.0004712614,-0.0000000000,0.0059199449,1.0000000000,0.0946843488,-19.8837132445,13.118,1.000000,47.9410743608,14,0.2991402009
16.066760,2.5905154403,2.3147770089,2.1451838830,1.7776532233,0.2661927760,0.3675306597,0.1456801234,1.0398372529,-13.8363507133,0.4736525348,0.5393052794,0.9959282695,0.0000000000,-0.0946843488,-0.0003701877,-0.0000000000,0.0059178483,1.0000000000,0.0946843488,-19.8837132445,13.517,1.000000,47.9410743608,13,0.2991402009
16.075190,2.6085461777,2.3408546823,2.1323398665,1.8674925182,0.2576634202,0.2648473484,0.1478273186,0.9223318806,-14.1006446688,0.4735655757,0.5393052794,0.9959282695,0.0000000000,-0.0946843488,-0.0002667620,-0.0000000000,0.0059153808,1.0000000000,0.0946843488,-19.8837132445,13.917,1.000000,47.9410743608,14,0.2991402009
16.083428,2.6260551307,2.3669323557,2.1183439610,1.9579671985,0.2486088683,0.1603767625,0.1498990592,0.8019217923,-14.4492105955,0.4692728989,0.5393052794,0.9959282695,0.0000000000,-0.0946843488,-0.0001615362,-0.0000000000,0.0059126082,1.0000000000,0.0946843488,-19.8837132445,14.316,1.000000,47.9410743608,13,0.2991402009
16.091760,2.6436418529,2.3945440099,2.1027441656,2.0465064590,0.2381084975,0.0562377067,0.1518832967,0.6788855556,-14.7643484106,0.4600583274,0.5393052794,0.9959282695,0.0000000000,-0.0946843488,-0.0000566443,-0.0000000000,0.0059094115,1.0000000000,0.0946843488,-19.8837132445,14.716,1.000000,47.9410743608,13,0.2991402009
16.100099,2.6611054825,2.4221556641,2.0856904253,2.1358168746,0.2274808932,-0.0501264493,0.1537789708,0.5532842050,-15.0721620656,0.4465222364,0.5393052794,0.9959282695,0.0000000000,-0.0946843488,0.0000504888,0.0000000000,0.0059057839,1.0000000000,0.0946843488,-19.8837132445,15.115,1.000000,47.9410743608,14,0.2991402009
16.108451,2.6784502964,2.4482333375,2.0671727824,2.2233134609,0.2182781939,-0.1561406786,0.1555979557,0.4307870231,-14.6996618314,0.4296033115,0.5393052794,0.9959282695,0.0000000000,-0.0946843488,0.0001572695,0.0000000000,0.0059016817,1.0000000000,0.0946843488,-19.8837132445,15.515,1.000000,47.9410743608,15,0.2991402009
16.116763,2.6955511128,2.4758449916,2.0473324606,2.3066811975,0.2073196874,-0.2593487370,0.1573256198,0.3075189324,-14.7921708878,0.4088770570,0.5393052794,0.9962840773,0.0426969389,-0.0780713615,0.0002612237,0.0000000000,0.0058970897,1.0000000000,0.0946843488,-16.3949859093,15.914,1.000000,47.9410743608,15,0.3031896953
16.125097,2.7125244297,2.5034566458,2.0260398901,2.3888557313,0.1962400888,-0.3628158411,0.1589609539,0.1836602647,-14.8630401153,0.3907556067,0.5393942596,0.9963770926,0.0111618427,-0.0422604187,0.0003654388,0.0000000000,0.0058919249,1.0000000000,0.0946843488,-8.8746879338,15.515,1.000000,47.9410743608,15,0.3009291337
16.133429,2.7293127680,2.5310683000,2.0033612220,2.4699616748,0.1849812495,-0.4666004529,0.1605024643,0.0590356031,-14.9549594001,0.3617563104,0.5394174624,0.9963457662,-0.0037591757,-0.0083165938,0.0004699737,0.0000000000,0.0058861413,1.0000000000,0.0946843488,-1.7464846978,15.115,1.000000,47.9410743608,15,0.2958541745
16.141843,2.7460683723,2.5602139350,1.9790668784,2.5476061784,0.1721742828,-0.5685393000,0.1619372500,-0.0669231110,-15.1150456866,0.3279982799,0.5394096507,0.9963170137,-0.0034502974,0.0218664537,0.0005726495,0.0000000000,0.0058796053,1.0000000000,0.0946843488,4.5919552751,14.716,1.000000,47.9410743608,14,0.2909262977
16.150094,2.7622944859,2.5893595700,1.9539014198,2.6221507391,0.1588544715,-0.6682493193,0.1632610372,-0.1917809564,-14.9829414514,0.2947997184,0.5394024784,0.9963930416,0.0091233515,0.0472829716,0.0006730804,0.0000000000,0.0058724433,1.0000000000,0.0946843488,9.9294240393,14.316,1.000000,47.9410743608,15,0.2884339873
16.158427,2.7784652180,2.6185052049,1.9271541516,2.6939191009,0.1454941864,-0.7667649493,0.1644734888,-0.3156345760,-14.8624343450,0.2647502383,0.5394214385,0.9966503125,0.0308725048,0.0685688133,0.0007723082,0.0000000000,0.0058643688,1.0000000000,0.0946843488,14.3994507936,13.917,1.000000,47.9410743608,14,0.2899236009
16.166751,2.7943915549,2.6476508399,1.8991153596,2.7632011975,0.1319028568,-0.8640858379,0.1655726793,-0.4388639894,-14.7875296192,0.2389941793,0.5394854775,0.9971479215,0.0597130781,0.0867494495,0.0008703327,0.0000000000,0.0058553618,1.0000000000,0.0946843488,18.2173843995,13.517,1.000000,47.9410743608,12,0.2962824970
16.175180,2.8102754465,2.6767964749,1.8693994434,2.8277522345,0.1182944868,-0.9583527911,0.1655726793,-0.5601571654,-14.5551811140,0.2179791641,0.5396088147,0.9971479215,0.0000000000,0.0946843488,0.0009652811,0.0000000000,0.0058451709,1.0000000000,0.0946843488,19.8837132445,13.118,1.000000,47.9410743608,13,0.2962824970
16.183428,2.8255690782,2.7013401675,1.8390554285,2.8855618538,0.1087339993,-1.0465064254,0.1655726793,-0.6672979279,-12.8568914952,0.1953101541,0.5396088147,0.9971479215,0.0000000000,0.0946843488,0.0010540721,0.0000000000,0.0058340337,1.0000000000,0.0946843488,19.8837132445,12.718,1.000000,47.9410743608,13,0.2962824970
16.191756,2.8407533314,2.7304858024,1.8071615209,2.9398385472,0.0944811622,-1.1326770262,0.1655726793,-0.7817746632,-13.7372082430,0.1724272691,0.5396088147,0.9971479215,0.0000000000,0.0946843488,0.0011408656,0.0000000000,0.0058214760,1.0000000000,0.0946843488,19.8837132445,12.319,1.000000,47.9410743608,13,0.2962824970
16.200092,2.8556795761,2.7580974566,1.7740013846,2.9884468287,0.0815347356,-1.2144454441,0.1655726793,-0.8892546843,-12.8976025336,0.1521491305,0.5396088147,0.9971479215,0.0000000000,0.0946843488,0.0012232252,0.0000000000,0.0058074277,1.0000000000,0.0946843488,19.8837132445,11.919,1.000000,47.9410743608,12,0.2962824970
16.208513,2.8704729868,2.7857091108,1.7392661258,3.0294742332,0.0684961828,-1.2902081074,0.1655726793,-0.9909119134,-12.1988674936,0.1341570282,0.5396088147,0.9971479215,0.0000000000,0.0946843488,0.0012995356,0.0000000000,0.0057915461,0.9973219320,0.0946843488,19.8837132445,11.520,1.000000,47.9410743608,13,0.2962824970
16.216759,2.8846715501,2.8087188226,1.7040706163,3.0637124730,0.0595011816,-1.3596418567,0.1655726793,-1.0782097351,-10.4757386037,0.1195807920,0.5396088147,0.9971479215,0.0000000000,0.0946843488,0.0013694713,0.0000000000,0.0057741432,0.8588396923,0.0946843488,19.8837132445,11.120,1.000000,47.9410743608,13,0.2962824970
16.225087,2.8987113880,2.8347964960,1.6673657447,3.0918705777,0.0473121425,-1.4245048330,0.1655726793,-1.1672801432,-10.6884489695,0.1058631759,0.5396088147,0.9971479215,0.0000000000,0.0946843488,0.0014348032,0.0000000000,0.0057544768,0.4764793692,0.0946843488,19.8837132445,10.721,1.000000,47.9410743608,10,0.2962824970
16.233422,2.9124508167,2.8578062078,1.6294911082,3.1120790806,0.0379333436,-1.4825879725,0.1655726793,-1.2439895773,-9.2051320868,0.0947319532,0.5396088147,0.9971479215,0.0000000000,0.0946843488,0.0014933062,0.0000000000,0.0057324276,0.1785873804,0.0946843488,19.8837132445,10.321,1.000000,47.9410743608,9,0.2962824970
16.241844,2.9260087951,2.8823499004,1.5900850175,3.1251682021,0.0268773434,-1.5350831845,0.1655726793,-1.3184420058,-8.9342914242,0.0847230929,0.5396088147,0.9971479215,0.0000000000,0.0946843488,0.0015461810,0.0000000000,0.0057074350,0.0007582346,0.0946843488,19.8837132445,9.922,1.000000,47.9410743608,8,0.2962824970
16.250094,2.9389651530,2.9053596123,1.5503995340,3.1318814579,0.0167879406,-1.5814819239,0.1655726793,-1.3848782991,-7.9723552007,0.0763745796,0.5396088147,0.9971479215,0.0000000000,0.0946843488,0.0015929151,0.0000000000,0.0056799696,0.0000000000,0.0946843488,19.8837132445,9.522,1.000000,47.9410743608,9,0.2962824970
16.258426,2.9517115260,2.9283693241,1.5092692067,3.1303802662,0.0065326628,-1.6211110595,0.1655726793,-1.4448744163,-7.1995340621,0.0692812180,0.5396088147,0.9971479215,0.0000000000,0.0946843488,0.0016328308,0.0000000000,0.0056488621,0.0000000000,0.0946843488,19.8837132445,9.123,1.000000,47.9410743608,8,0.2962824970
16.266754,2.9641069602,2.9498450551,1.4671187363,3.1215225065,-0.0025000695,-1.6544037702,0.1655518453,-1.4961266767,-6.1502712426,0.0634979118,0.5396088147,0.9971479215,0.0000000000,0.0946843488,0.0016663642,0.0000000000,0.0056139472,0.0000000000,0.0946843488,19.8837132445,8.723,1.000000,47.9410743608,7,0.2962824970
16.275168,2.9762687829,2.9697868053,1.4235160653,3.1035720170,-0.0101836064,-1.6800559517,0.1654669820,-1.5371220418,-4.9194438179,0.0589649877,0.5396088147,0.9971479215,0.0000000000,0.0946843488,0.0016922018,0.0000000000,0.0055743057,0.0000000000,0.0946843488,19.8837132445,8.324,1.000000,47.9410743608,7,0.2962824970
16.283427,2.9878442416,2.9897285556,1.3797548767,3.0799828496,-0.0184232286,-1.7002279730,0.1653134550,-1.5738093380,-4.4024755361,0.0550847595,0.5396088147,0.9971479215,0.0000000000,0.0946843488,0.0017125197,0.0000000000,0.0055305924,0.0000000000,0.0946843488,19.8837132445,7.924,1.000000,47.9410743608,6,0.2962824970
16.291759,2.9991537361,3.0066023443,1.3346584824,3.0488394338,-0.0238202887,-1.7141809515,0.1651149526,-1.5986766108,-2.9840727407,0.0523136896,0.5396088147,0.9971479215,0.0000000000,0.0946843488,0.0017265735,0.0000000000,0.0054810549,0.0000000000,0.0946843488,19.8837132445,7.525,1.000000,47.9410743608,7,0.2962824970
16.300097,3.0100909151,3.0250101137,1.2886160788,3.0109307011,-0.0310873165,-1.7223146223,0.1648558917,-1.6214980458,-2.7385721940,0.0498421205,0.5396088147,0.9971479215,0.0000000000,0.0946843488,0.0017347660,0.0000000000,0.0054253499,0.0351024128,0.0946843488,19.8837132445,7.125,1.000000,47.9410743608,8,0.2962824970
16.308454,3.0206638638,3.0403499216,1.2415825448,2.9644587419,-0.0356046303,-1.7228761971,0.1645591864,-1.6313235716,-1.1790630974,0.0484007617,0.5396088147,0.9971479215,0.0000000000,0.0946843488,0.0017353316,0.0000000000,0.0053626102,0.1198105942,0.0946843488,19.8837132445,6.726,1.000000,47.9410743608,7,0.2962824970
16.316763,3.0307830083,3.0572237103,1.1939699665,2.9128223093,-0.0420819967,-1.7188523428,0.1642085031,-1.6405095580,-1.1023183723,0.0470748844,0.5396088147,0.9971479215,0.0000000000,0.0946843488,0.0017312787,0.0000000000,0.0052925503,0.3016538067,0.0946843488,19.8837132445,6.326,1.000000,47.9410743608,6,0.2962824970
16.325095,3.0405296296,3.0710295373,1.1454079526,2.8540563090,-0.0458256404,-1.7086483564,0.1638266228,-1.6381170006,0.2871068835,0.0465840766,0.5396088147,0.9971479215,0.0000000000,0.0946843488,0.0017210009,0.0000000000,0.0052137044,0.4256157960,0.0946843488,19.8837132445,5.927,1.000000,47.9410743608,5,0.2962824970
16.333420,3.0498603137,3.0833013837,1.0961048005,2.7889053206,-0.0484169543,-1.6928005201,0.1634231482,-1.6278133596,1.2364369251,0.0466567172,0.5396088147,0.9971479215,0.0000000000,0.0946843488,0.0017050385,0.0000000000,0.0051253572,0.5144504948,0.0946843488,19.8837132445,5.527,1.000000,47.9410743608,7,0.2962824970
16.341844,3.0588812691,3.0940392492,1.0454504506,2.7205406120,-0.0497667592,-1.6750901615,0.1630084252,-1.6131926506,1.7544850850,0.0470373470,0.5396088147,0.9971479215,0.0000000000,0.0946843488,0.0016872001,0.0000000000,0.0050251396,0.5607216048,0.0946843488,19.8837132445,5.128,1.000000,47.9410743608,6,0.2962824970
16.350094,3.0672989096,3.1047771147,0.9951350560,2.6442889125,-0.0516775272,-1.6491538565,0.1625777791,-1.5914757691,2.6060257761,0.0479380338,0.5396088147,0.9971479215,0.0000000000,0.0946843488,0.0016610763,0.0000000000,0.0049153355,0.6253417373,0.0946843488,19.8837132445,4.728,1.000000,47.9410743608,4,0.2962824970
16.358428,3.0753778099,3.1155149802,0.9436298456,2.5634783521,-0.0539025553,-1.6198485065,0.1621285911,-1.5670322462,2.9332227439,0.0490492835,0.5396088147,0.9971479215,0.0000000000,0.0946843488,0.0016315591,0.0000000000,0.0047915190,0.6980736210,0.0946843488,19.8837132445,4.329,1.000000,47.9410743608,5,0.2962824970
16.366754,3.0830185756,3.1231848841,0.8915215996,2.4785850376,-0.0534758327,-1.5870634380,0.1616829592,-1.5338391216,3.9831749549,0.0508198763,0.5396088147,0.9971479215,0.0000000000,0.0946843488,0.0015985370,0.0000000000,0.0046536384,0.6844032323,0.0946843488,19.8837132445,3.929,1.000000,47.9410743608,3,0.2962824970
16.375167,3.0902948172,3.1308547881,0.8382571963,2.3875309049,-0.0533805520,-1.5492737085,0.1612381213,-1.4962987965,4.5048390136,0.0529558937,0.5396088147,0.9971479215,0.0000000000,0.0946843488,0.0015604741,0.0000000000,0.0044986898,0.6813307579,0.0946843488,19.8837132445,3.530,1.000000,47.9410743608,3,0.2962824970
16.383427,3.0970007462,3.1369907112,0.7853888744,2.2909593617,-0.0522919755,-1.5055704873,0.1608023548,-1.4508633495,5.4522536384,0.0557683769,0.5396088147,0.9971479215,0.0000000000,0.0946843488,0.0015164549,0.0000000000,0.0043300278,0.6457576254,0.0946843488,19.8837132445,3.130,1.000000,47.9410743608,5,0.2962824970
16.391767,3.1033264960,3.1415926536,0.7314705287,2.1919510701,-0.0500365126,-1.4604805414,0.1603853839,-1.4017052081,5.8989769694,0.0589818358,0.5396088147,0.9971479215,0.0000000000,0.0946843488,0.0014710390,0.0000000000,0.0041419416,0.5699242149,0.0946843488,19.8837132445,2.731,1.000000,47.9410743608,2,0.2962824970
16.400094,3.1091917018,3.1461945960,0.6771346427,2.0857516159,-0.0482029785,-1.4086169732,0.1599836924,-1.3465963287,6.6130655317,0.0627944881,0.5396088147,0.9971479215,0.0000000000,0.0946843488,0.0014188005,0.0000000000,0.0039352469,0.5070961266,0.0946843488,19.8837132445,2.331,1.000000,47.9410743608,3,0.2962824970
16.408511,3.1146582391,3.1477285767,0.6217431543,1.9781209085,-0.0436924659,-1.3563777542,0.1596195885,-1.2857582559,7.3005687325,0.0672776460,0.5396088147,0.9971479215,0.0000000000,0.0946843488,0.0013661836,0.0000000000,0.0037062083,0.3539559827,0.0946843488,19.8837132445,1.932,1.000000,47.9410743608,1,0.2962824970
16.416762,3.1195627704,3.1477285767,0.5670207134,1.8667039731,-0.0381896472,-1.2996832597,0.1593013414,-1.2184489706,8.0771142386,0.0725542388,0.5396088147,0.9971479215,0.0000000000,0.0946843488,0.0013090792,0.0000000000,0.0034613714,0.1855711104,0.0946843488,19.8837132445,1.532,1.000000,47.9410743608,1,0.2962824970
16.425095,3.1240561239,3.1477285767,0.5113681437,1.7493917776,-0.0330663497,-1.2380236339,0.1590257885,-1.1468861847,8.5875343090,0.0784509752,0.5396088147,0.9971479215,0.0000000000,0.0946843488,0.0012469738,0.0000000000,0.0031933075,0.0668636817,0.0946843488,19.8837132445,1.133,1.000000,47.9410743608,2,0.2962824970
16.433425,3.1280830587,3.1477285767,0.4553826080,1.6293044448,-0.0283945691,-1.1739218368,0.1587891671,-1.0737395516,8.7775959651,0.0847550382,0.5396088147,0.9971479215,0.0000000000,0.0946843488,0.0011824086,0.0000000000,0.0029044193,0.0074668833,0.0946843488,19.8837132445,0.733,1.000000,47.9410743608,0,0.2962824970
16.441784,3.1316536871,3.1477285767,0.3988915984,1.5092362459,-0.0241791976,-1.1103446475,0.1585876738,-1.0019893167,8.6100281932,0.0911772793,0.5396088147,0.9971479215,0.0000000000,0.0946843488,0.0011183718,0.0000000000,0.0025939435,0.0000000000,0.0946843488,19.8837132445,0.334,1.000000,47.9410743608,1,0.2962824970
16.450093,3.1347339447,3.1461945960,0.3424632921,1.3866807342,-0.0189068597,-1.0442174421,0.1584301166,-0.9255466073,9.1731251250,0.0983462876,0.5396088147,0.9971479215,0.0000000000,0.0946843488,0.0010517665,0.0000000000,0.0022657627,0.0000000000,0.0946843488,19.8837132445,-0.066,1.000000,47.9410743608,0,0.2962824970
16.458428,3.1373514671,3.1446606152,0.2856308460,1.2669065704,-0.0141121923,-0.9812757243,0.1583125150,-0.8531986411,8.6817559440,0.1053396017,0.5396088147,0.9971479215,0.0000000000,0.0946843488,0.0009883698,0.0000000000,0.0019184444,0.0000000000,0.0946843488,19.8837132445,-0.465,1.000000,47.9410743608,0,0.2962824970
16.466755,3.1394928135,3.1446606152,0.2286527237,1.1496232831,-0.0113410572,-0.9209705594,0.1582180062,-0.7874831922,7.8858538636,0.1117578398,0.5396088147,0.9981918831,0.1252753947,0.0911131777,0.0009276287,0.0000000000,0.0015552436,0.0000000000,0.0946843488,19.1337673205,-0.865,1.000000,47.9410743608,0,0.3079949947
16.475172,3.1411745495,3.1431266344,0.1708951861,1.0345707365,-0.0075075304,-0.8636755504,0.1581554435,-0.7226364889,7.7816043961,0.1231015969,0.5398653128,0.9991125787,0.1104834684,0.0878218729,0.0008699194,0.0000000000,0.0011741822,0.0000000000,0.0946843488,18.4425932999,-1.264,1.000000,47.9410743608,0,0.3176610466
16.483428,3.1423511290,3.1415926536,0.1141352923,0.9265248592,-0.0042167847,-0.8123895669,0.1581203036,-0.6648497340,6.9344105972,0.1333593068,0.5400889819,0.9999220957,0.0971420412,0.0842249537,0.0008182627,0.0000000000,0.0007898348,0.0000000000,0.0946843488,17.6872402766,-1.664,1.000000,47.9410743608,0,0.3254693199
16.491759,3.1430630945,3.1400586728,0.0567791022,0.8272583549,-0.0014377963,-0.7704792527,0.1581083220,-0.6174321634,5.6901084699,0.1420533084,0.5402836678,1.0006410011,0.0862686541,0.0808072585,0.0007760494,0.0000000000,0.0003946436,0.0000000000,0.0946843488,16.9695242794,-2.063,1.000000,47.9410743608,-2,0.3317429079
16.500087,3.1432970505,3.1369907112,-0.0006002815,0.7333498973,0.0023683916,-0.7339501788,0.1581280586,-0.5733245390,5.2929149220,0.1501134039,0.5404550100,1.0012760391,0.0762045605,0.0771851343,0.0007392562,0.0000000000,-0.0000041783,0.0000000000,0.0946843488,16.2088782109,-2.463,1.000000,47.9410743608,-2,0.3366212418
16.508516,3.1430472210,3.1339227497,-0.0586731360,0.6467443647,0.0056515787,-0.7054175007,0.1581751551,-0.5382250119,4.2119432517,0.1567376123,0.5406051467,1.0018456856,0.0683575718,0.0740034918,0.0007105173,0.0000000000,-0.0004077682,0.0000000000,0.0946843488,15.5407332716,-2.862,1.000000,47.9410743608,-1,0.3404055101
16.516765,3.1423290242,3.1293208073,-0.1154602253,0.5641746242,0.0099787078,-0.6796348495,0.1582583110,-0.5037666865,4.1349990514,0.1631130582,0.5407388508,1.0023519457,0.0607512201,0.0706023317,0.0006845482,0.0000000000,-0.0007988955,0.0000000000,0.0946843488,14.8264896587,-3.262,1.000000,47.9410743608,-3,0.3431571337
16.525095,3.1411286216,3.1231848841,-0.1727313882,0.4852191960,0.0153382039,-0.6579505842,0.1583861293,-0.4713124269,3.8945111511,0.1690941031,0.5408569040,1.0027998442,0.0537478175,0.0671540910,0.0006627072,0.0000000000,-0.0011864685,0.0000000000,0.0946843488,14.1023591056,-3.661,1.000000,47.9410743608,-2,0.3449769867
16.533421,3.1394525840,3.1170489610,-0.2298552072,0.4069961692,0.0202181320,-0.6368513764,0.1585546137,-0.4403555479,3.7148254807,0.1745852055,0.5409607405,1.0031932888,0.0472133441,0.0636090687,0.0006414555,0.0000000000,-0.0015630483,0.0000000000,0.0946843488,13.3579044318,-4.061,1.000000,47.9410743608,-2,0.3459414139
16.541840,3.1372746411,3.1093790570,-0.2874623655,0.3294290551,0.0261266135,-0.6168914206,0.1587723355,-0.4084466635,3.8290661236,0.1800689724,0.5410514818,1.0035323665,0.0406893228,0.0597417582,0.0006213512,0.0000000000,-0.0019298817,0.0000000000,0.0946843488,12.5457692252,-4.461,1.000000,47.9410743608,-2,0.3460676553
16.550094,3.1346696390,3.1001751723,-0.3437388039,0.2499449046,0.0331523107,-0.5936837085,0.1590486048,-0.3710135017,4.4919794193,0.1860710340,0.5411293305,1.0038102660,0.0333479422,0.0550002097,0.0005979757,0.0000000000,-0.0022733706,0.0684427687,0.0946843488,11.5500440425,-4.860,1.000000,47.9410743608,-4,0.3452596118
16.558428,3.1315690815,3.0925052684,-0.4003259978,0.1687439243,0.0381576908,-0.5690699220,0.1593665855,-0.3361454858,4.1841619053,0.1911562465,0.5411928888,1.0040342076,0.0268729951,0.0502889013,0.0005731840,0.0000000000,-0.0026020558,0.1846952388,0.0946843488,10.5606692809,-5.260,1.000000,47.9410743608,-4,0.3436339080
16.566756,3.1280005418,3.0802334221,-0.4566022345,0.0835009636,0.0473187357,-0.5401031981,0.1597609083,-0.2885961051,5.7059256850,0.1979555425,0.5412439461,1.0041909025,0.0188033841,0.0437331383,0.0005440078,0.0000000000,-0.0029109149,0.4767058047,0.0946843488,9.1839590395,-5.659,1.000000,47.9410743608,-5,0.3409777075
16.575182,3.1239145228,3.0679615758,-0.5132199768,-0.0053618514,0.0559817391,-0.5078581254,0.1602274228,-0.2386863015,5.9891764387,0.2044505621,0.5412795864,1.0042854609,0.0113470151,0.0363919846,0.0005115297,0.0000000000,-0.0032025356,0.7622520570,0.0946843488,7.6423167683,-6.059,1.000000,47.9410743608,-6,0.3373647665
16.583428,3.1194551487,3.0556897295,-0.5682825372,-0.0974664796,0.0642887955,-0.4708160576,0.1607631628,-0.1846181539,6.4881777117,0.2107584848,0.5413010598,1.0043238766,0.0046098838,0.0279415184,0.0004742198,0.0000000000,-0.0034672263,0.9559693017,0.0946843488,5.8677188574,-6.242,1.000000,47.9410743608,-4,0.3328813649
16.591758,3.1144911103,3.0403499216,-0.6235165794,-0.1924743605,0.0751747390,-0.4310422189,0.1613896190,-0.1226071149,7.4413246731,0.2177131259,0.5413097764,1.0043139623,-0.0011897218,0.0177400786,0.0004341584,0.0000000000,-0.0037138327,1.0000000000,0.0946843488,3.7254165017,-5.842,1.000000,47.9410743608,-4,0.3276452261
16.600089,3.1090674262,3.0250101137,-0.6783362715,-0.2925867403,0.0856284469,-0.3857495312,0.1621031893,-0.0558497479,8.0108840425,0.2243836121,0.5413075272,1.0042727849,-0.0049412862,0.0062250272,0.0003885383,0.0000000000,-0.0039400086,1.0000000000,0.0946843488,1.3072557033,-5.443,1.000000,47.9410743608,-6,0.3219434672
16.608535,3.1031058399,3.0081363250,-0.7334271095,-0.3947660797,0.0970893327,-0.3386610298,0.1629122671,0.0147978631,8.4777133194,0.2309728956,0.5412981827,1.0042238291,-0.0058746912,-0.0064510515,0.0003411094,0.0000000000,-0.0041490593,1.0000000000,0.0946843488,-1.3547208050,-5.043,1.000000,47.9410743608,-4,0.3161998218
16.616750,3.0968618802,2.9943304980,-0.7865254246,-0.4987965148,0.1052098234,-0.2877289099,0.1637890156,0.0827217946,8.1508717758,0.2361731915,0.5412870667,1.0041934143,-0.0036497843,-0.0190518005,0.0002898090,0.0000000000,-0.0043338150,1.0000000000,0.0946843488,-4.0008780951,-4.644,1.000000,47.9410743608,-5,0.3109188464
16.625094,3.0900758942,2.9759227285,-0.8399181480,-0.6069891740,0.1174125806,-0.2329289740,0.1647674538,0.1627211942,9.5999279584,0.2430448826,0.5412801572,1.0042193778,0.0031156307,-0.0343956763,0.0002346129,0.0000000000,-0.0045037443,1.0000000000,0.0946843488,-7.2230920152,-4.244,1.000000,47.9410743608,-5,0.3068651462
16.633420,3.0828630423,2.9575149590,-0.8926190679,-0.7164049251,0.1291950397,-0.1762141429,0.1658440791,0.2438975944,9.7411680181,0.2503142640,0.5412860556,1.0043430138,0.0148363098,-0.0505950896,0.0001774881,0.0000000000,-0.0046566790,1.0000000000,0.0946843488,-10.6249688099,-3.845,1.000000,47.9410743608,-4,0.3049073063
16.641839,3.0751255530,2.9375732088,-0.9452908052,-0.8244115853,0.1419792756,-0.1208792199,0.1670272398,0.3257886642,9.8269283821,0.2591634896,0.5413141171,1.0046102031,0.0320627236,-0.0678375128,0.0001217531,0.0000000000,-0.0047957008,1.0000000000,0.0946843488,-14.2458776930,-3.445,1.000000,47.9410743608,-3,0.3060192502
16.650094,3.0671120495,2.9176314586,-0.9962871858,-0.9336607622,0.1544941694,-0.0626264236,0.1683146912,0.4101655296,10.1252238515,0.2704963746,0.5413746114,1.0050784589,0.0561906874,-0.0869027448,0.0000630792,0.0000000000,-0.0049179700,1.0000000000,0.0946843488,-18.2495764075,-3.046,1.000000,47.9410743608,-1,0.3113765374
16.658426,3.0585987003,2.8976897083,-1.0470859422,-1.0415182445,0.1665017443,-0.0055676977,0.1697022057,0.4924394568,9.8728712563,0.2856446375,0.5414801366,1.0050784589,0.0000000000,-0.0946843488,0.0000056079,0.0000000000,-0.0050285329,1.0000000000,0.0946843488,-19.8837132445,-2.646,1.000000,47.9410743608,-2,0.3113765374
16.666755,3.0496683042,2.8777479581,-1.0971495952,-1.1481293744,0.1780855797,0.0509797792,0.1711862522,0.5734557733,9.7219579862,0.2941147736,0.5414801366,1.0050784589,0.0000000000,-0.0946843488,-0.0000513483,-0.0000000000,-0.0051273208,1.0000000000,0.0946843488,-19.8837132445,-2.247,1.000000,47.9410743608,-3,0.3113765374
16.675178,3.0402160364,2.8547382463,-1.1470151526,-1.2536243154,0.1922095113,0.1066091628,0.1727879981,0.6587146850,10.2310694011,0.3026221382,0.5414801366,1.0050784589,0.0000000000,-0.0946843488,-0.0001073799,-0.0000000000,-0.0052164399,1.0000000000,0.0946843488,-19.8837132445,-1.847,1.000000,47.9410743608,-2,0.3113765374
16.683427,3.0305560963,2.8332625152,-1.1950676931,-1.3581196372,0.2045864219,0.1630519440,0.1744928850,0.7414191127,9.9245313247,0.3096287284,0.5414801366,1.0050784589,0.0000000000,-0.0946843488,-0.0001642307,-0.0000000000,-0.0052942440,1.0000000000,0.0946843488,-19.8837132445,-1.448,1.000000,47.9410743608,-1,0.3113765374
16.691758,3.0204004759,2.8117867842,-1.2427866215,-1.4592152869,0.2164493968,0.2164286654,0.1762966300,0.8201342830,9.4458204343,0.3156183450,0.5414801366,1.0050784589,0.0000000000,-0.0946843488,-0.0002179933,-0.0000000000,-0.0053642941,1.0000000000,0.0946843488,-19.8837132445,-1.048,1.000000,47.9410743608,-1,0.3113765374
16.700087,3.0098530009,2.7903110532,-1.2896448599,-1.5572663108,0.2279041679,0.2676214510,0.1781958314,0.8959489498,9.0977600158,0.3206522574,0.5414801366,1.0050784589,0.0000000000,-0.0946843488,-0.0002695562,-0.0000000000,-0.0054266545,1.0000000000,0.0946843488,-19.8837132445,-0.649,1.000000,47.9410743608,-1,0.3113765374
16.708508,2.9987970899,2.7703693029,-1.3361182730,-1.6500862274,0.2372884322,0.3139679544,0.1801732350,0.9628824189,8.0320162921,0.3245740137,0.5414801366,1.0050784589,0.0000000000,-0.0946843488,-0.0003162378,-0.0000000000,-0.0054827339,1.0000000000,0.0946843488,-19.8837132445,-0.249,1.000000,47.9410743608,-1,0.3113765374
16.716764,2.9875813025,2.7473595911,-1.3807749471,-1.7382213498,0.2495556253,0.3574464028,0.1822528652,1.0327741300,8.3870053367,0.3285022013,0.5414801366,1.0050784589,0.0000000000,-0.0946843488,-0.0003600305,-0.0000000000,-0.0055316587,1.0000000000,0.0946843488,-19.8837132445,0.150,1.000000,47.9410743608,-1,0.3113765374
16.725096,2.9758914484,2.7274178409,-1.4249043451,-1.8196564881,0.2582448124,0.3947521430,0.1844049053,1.0894586129,6.8021379393,0.3314217976,0.5414801366,1.0050784589,0.0000000000,-0.0946843488,-0.0003976060,-0.0000000000,-0.0055756263,1.0000000000,0.0946843488,-19.8837132445,0.550,1.000000,47.9410743608,-8,0.3113765374
16.733426,2.9638416009,2.7105440522,-1.4680445833,-1.8925869098,0.2634603759,0.4245423265,0.1866004084,1.1317717791,5.0775799541,0.3338064303,0.5414801366,1.0050784589,0.0000000000,-0.0946843488,-0.0004276115,-0.0000000000,-0.0056147490,1.0000000000,0.0946843488,-19.8837132445,0.949,1.000000,47.9410743608,-7,0.3113765374
16.741782,2.9513977707,2.6982722059,-1.5103078324,-1.9553963603,0.2636256667,0.4450885279,0.1887972890,1.1548124800,2.7648840987,0.3358769445,0.5414801366,1.0050784589,0.0000000000,-0.0946843488,-0.0004483063,-0.0000000000,-0.0056496826,1.0000000000,0.0946843488,-19.8837132445,1.349,1.000000,47.9410743608,32,0.3113765374
16.750093,2.9386748871,2.6860003596,-1.5513114348,-2.0041329311,0.2634363354,0.4528214962,0.1909925918,1.1643341124,1.1425958918,0.3390371371,0.5414801366,1.0050784589,0.0000000000,-0.0946843488,-0.0004560951,-0.0000000000,-0.0056806280,1.0000000000,0.0946843488,-19.8837132445,1.748,1.000000,47.9410743608,-11,0.3113765374
16.758428,2.9255775328,2.6767964749,-1.5913710566,-2.0352574326,0.2597099983,0.4438863760,0.1931568418,1.1501325433,-1.7041882869,0.3432352807,0.5414801366,1.0050784589,0.0000000000,-0.0946843488,-0.0004470954,-0.0000000000,-0.0057082854,1.0000000000,0.0946843488,-19.8837132445,2.148,1.000000,47.9410743608,-7,0.3113765374
16.766760,2.9121543245,2.6675925901,-1.6303297830,-2.0481047412,0.2555596624,0.4177749582,0.1952865056,1.1178785112,-3.8704838566,0.3490045276,0.5414801366,1.0050784589,0.0000000000,-0.0946843488,-0.0004207952,-0.0000000000,-0.0057329362,1.0000000000,0.0946843488,-19.8837132445,2.547,1.000000,47.9410743608,-4,0.3113765374
16.775119,2.8983669515,2.6599226862,-1.6682898343,-2.0395747468,0.2493963889,0.3712849125,0.1973648088,1.0611975132,-6.8017197629,0.3560000133,0.5414801366,1.0050784589,0.0000000000,-0.0946843488,-0.0003739691,-0.0000000000,-0.0057549919,1.0000000000,0.0946843488,-19.8837132445,2.947,1.000000,47.9410743608,-1,0.3113765374
16.783426,2.8843562893,2.6553207438,-1.7048726435,-2.0118999982,0.2398390610,0.3070273547,0.1993634677,0.9799298778,-9.7521162504,0.3629213650,0.5414801366,1.0050784589,0.0000000000,-0.0946843488,-0.0003092470,-0.0000000000,-0.0057745552,1.0000000000,0.0946843488,-19.8837132445,3.346,1.000000,47.9410743608,0,0.3113765374
16.791759,2.8700005587,2.6507188015,-1.7404052972,-1.9645754381,0.2298311489,0.2241701409,0.2012787273,0.8790854904,-12.1013264788,0.3694442202,0.5414801366,1.0050784589,0.0000000000,-0.0946843488,-0.0002257908,-0.0000000000,-0.0057920868,1.0000000000,0.0946843488,-19.8837132445,3.746,1.000000,47.9410743608,0,0.3113765374
16.800098,2.8553435289,2.6476508399,-1.7747683974,-1.8971487552,0.2178800124,0.1223803578,0.2030943940,0.7553510865,-14.8481284704,0.3737450858,0.5414801366,1.0050784589,0.0000000000,-0.0946843488,-0.0001232651,-0.0000000000,-0.0058077646,1.0000000000,0.0946843488,-19.8837132445,4.145,1.000000,47.9410743608,4,0.3113765374
16.808453,2.8403758857,2.6445828783,-1.8079764038,-1.8167282211,0.2055484880,0.0087518173,0.2048072981,0.6189211460,-16.3715928645,0.3746234709,0.5414801366,1.0050784589,0.0000000000,-0.0946843488,-0.0000088151,-0.0000000000,-0.0058218082,1.0000000000,0.0946843488,-19.8837132445,4.545,1.000000,47.9410743608,0,0.3113765374
16.816761,2.8252225225,2.6445828783,-1.8397624642,-1.7271753034,0.1899142429,-0.1125871608,0.2063899168,0.4680930966,-18.0993659258,0.3699679840,0.5414801366,1.0050784589,0.0000000000,-0.0946843488,0.0001134011,0.0000000000,-0.0058343020,1.0000000000,0.0946843488,-19.8837132445,4.944,1.000000,47.9410743608,5,0.3113765374
16.825093,2.8097650392,2.6430488975,-1.8703823687,-1.6269392981,0.1754524924,-0.2434430706,0.2078520209,0.3099578565,-18.9762288054,0.3605363445,0.5414801366,1.0053963181,0.0381431074,-0.0827270683,0.0002452030,0.0000000000,-0.0058455191,1.0000000000,0.0946843488,-17.3726843443,5.344,1.000000,47.9410743608,5,0.3138978249
16.833421,2.7940641893,2.6430488975,-1.8997091275,-1.5221447956,0.1591889162,-0.3775643319,0.2091785952,0.1448452002,-19.8135187668,0.3482956570,0.5415514111,1.0054242728,0.0033545656,-0.0405616381,0.0003802939,0.0000000000,-0.0058555585,1.0000000000,0.0946843488,-8.5179439941,5.743,1.000000,47.9410743608,5,0.3099782671
16.841849,2.7779334142,2.6445828783,-1.9280609716,-1.4157723131,0.1409529605,-0.5122886584,0.2103532032,-0.0249375132,-20.3739255981,0.3234717654,0.5415576656,1.0053761970,-0.0057690902,0.0003568656,0.0005159922,0.0000000000,-0.0058646506,1.0000000000,0.0946843488,0.0749417813,5.344,1.000000,47.9410743608,6,0.3044842527
16.850094,2.7619265577,2.6445828783,-1.9544903704,-1.3079866479,0.1243673157,-0.6465037225,0.2113895975,-0.1910697323,-19.9358662917,0.2948633179,0.5415469079,1.0054457866,0.0083507479,0.0355328688,0.0006511776,0.0000000000,-0.0058726156,1.0000000000,0.0946843488,7.4619024460,4.944,1.000000,47.9410743608,4,0.3016103817
16.858424,2.7455384281,2.6445828783,-1.9798612544,-1.1989353862,0.1073936019,-0.7809258682,0.2122845442,-0.3583192123,-20.0699376071,0.2668205273,0.5415624775,1.0057869138,0.0409352675,0.0658950397,0.0007865715,0.0000000000,-0.0058798247,1.0000000000,0.0946843488,13.8379583354,4.545,1.000000,47.9410743608,4,0.3044741225
16.866758,2.7289381686,2.6461168591,-2.0038851940,-1.0912551498,0.0886811394,-0.9126300442,0.2130235537,-0.5264576392,-20.1766112273,0.2422163557,0.5416385989,1.0065245153,0.0885121771,0.0923307177,0.0009192278,0.0000000000,-0.0058862783,1.0000000000,0.0946843488,19.3894507103,4.145,1.000000,47.9410743608,4,0.3150685543
16.875169,2.7119859368,2.6476508399,-2.0267403996,-0.9848027549,0.0696232980,-1.0419376447,0.2130235537,-0.6936141128,-20.0587768291,0.2228177246,0.5418020506,1.0065245153,0.0000000000,0.0946843488,0.0010494703,0.0000000000,-0.0058920988,0.9999433569,0.0946843488,19.8837132445,3.746,1.000000,47.9410743608,4,0.3150685543
16.883426,2.6951633672,2.6491848207,-2.0478000684,-0.8844588685,0.0507279203,-1.1633411999,0.2130235537,-0.8525438881,-19.0715730358,0.1962504735,0.5418020506,1.0065245153,0.0000000000,0.0946843488,0.0011717515,0.0000000000,-0.0058972003,0.5934068544,0.0946843488,19.8837132445,3.346,1.000000,47.9410743608,3,0.3150685543
16.891758,2.6780185544,2.6507188015,-2.0676531585,-0.7895855456,0.0315396752,-1.2780676129,0.2130235537,-1.0053781558,-18.3401121263,0.1716780513,0.5418020506,1.0065245153,0.0000000000,0.0946843488,0.0012873073,0.0000000000,-0.0059017903,0.0415592535,0.0946843488,19.8837132445,2.947,1.000000,47.9410743608,1,0.3150685543
16.900096,2.6607006287,2.6522527823,-2.0861036927,-0.7021159139,0.0122180737,-1.3839877788,0.2130235537,-1.1496710225,-17.3151440008,0.1498091299,0.5418020506,1.0065245153,0.0000000000,0.0946843488,0.0013939932,0.0000000000,-0.0059058735,0.0000000000,0.0946843488,19.8837132445,2.547,1.000000,47.9410743608,3,0.3150685543
16.908460,2.6431795552,2.6537867630,-2.1031742896,-0.6212767654,-0.0072710713,-1.4818975242,0.2129629614,-1.2863459566,-16.4009920986,0.1305558044,0.5418020506,1.0065245153,0.0000000000,0.0946843488,0.0014926108,0.0000000000,-0.0059095012,0.0000000000,0.0946843488,19.8837132445,2.148,1.000000,47.9410743608,2,0.3150685543
16.916797,2.6255783438,2.6537867630,-2.1187452227,-0.5463756426,-0.0252744873,-1.5723695801,0.2127523407,-1.4127804791,-15.1721426967,0.1141984931,0.5418020506,1.0065245153,0.0000000000,0.0946843488,0.0015837369,0.0000000000,-0.0059126889,0.0000000000,0.0946843488,19.8837132445,1.748,1.000000,47.9410743608,3,0.3150685543
16.925100,2.6079273389,2.6553207438,-2.1328069032,-0.4767924049,-0.0448331215,-1.6560144983,0.2123787313,-1.5356372419,-14.7428115398,0.0996043750,0.5418020506,1.0065245153,0.0000000000,0.0946843488,0.0016679865,0.0000000000,-0.0059154718,0.3920113606,0.0946843488,19.8837132445,1.349,1.000000,47.9410743608,2,0.3150685543
16.933434,2.5900985354,2.6553207438,-2.1454622617,-0.4144761252,-0.0629965515,-1.7309861366,0.2118537601,-1.6471990996,-13.3874229167,0.0876335422,0.5418020506,1.0065245153,0.0000000000,0.0946843488,0.0017435002,0.0000000000,-0.0059179010,0.9344066726,0.0946843488,19.8837132445,0.949,1.000000,47.9410743608,1,0.3150685543
16.941764,2.5721799675,2.6553207438,-2.1566413824,-0.3586678751,-0.0812147990,-1.7979735073,0.2111769701,-1.7510352579,-12.4603390001,0.0775343706,0.5418020506,1.0065245153,0.0000000000,0.0946843488,0.0018109718,0.0000000000,-0.0059199890,1.0000000000,0.0946843488,19.8837132445,0.550,1.000000,47.9410743608,0,0.3150685543
16.950105,2.5541500769,2.6553207438,-2.1663558406,-0.3111924342,-0.0994996235,-1.8551634064,0.2103478066,-1.8453564144,-11.3185387746,0.0692684231,0.5418020506,1.0065245153,0.0000000000,0.0946843488,0.0018685752,0.0000000000,-0.0059217606,1.0000000000,0.0946843488,19.8837132445,0.150,1.000000,47.9410743608,0,0.3150685543
16.958416,2.5361105536,2.6553207438,-2.1745559857,-0.2686751131,-0.1177674566,-1.9058808726,0.2093664111,-1.9333215012,-10.5558104240,0.0622592262,0.5418020506,1.0065245153,0.0000000000,0.0946843488,0.0019196593,0.0000000000,-0.0059232257,1.0000000000,0.0946843488,19.8837132445,-0.249,1.000000,47.9410743608,0,0.3150685543
16.966760,2.5179362855,2.6553207438,-2.1812977683,-0.2331025568,-0.1361327425,-1.9481952115,0.2082319716,-2.0132279108,-9.5887691516,0.0565150777,0.5418020506,1.0065245153,0.0000000000,0.0946843488,0.0019622796,0.0000000000,-0.0059244098,1.0000000000,0.0946843488,19.8837132445,-0.649,1.000000,47.9410743608,0,0.3150685543
16.975092,2.4997390624,2.6537867630,-2.1865340075,-0.2037494855,-0.1529536052,-1.9827845220,0.2069573582,-2.0824802858,-8.3102849937,0.0520519115,0.5418020506,1.0065245153,0.0000000000,0.0946843488,0.0019971189,0.0000000000,-0.0059253169,1.0000000000,0.0946843488,19.8837132445,-1.048,1.000000,47.9410743608,0,0.3150685543
16.983428,2.4814957678,2.6537867630,-2.1902736400,-0.1799663645,-0.1713246105,-2.0103072756,0.2055296531,-2.1478956432,-7.8498428883,0.0481845511,0.5418020506,1.0065245153,0.0000000000,0.0946843488,0.0020248407,0.0000000000,-0.0059259581,1.0000000000,0.0946843488,19.8837132445,-1.448,1.000000,47.9410743608,0,0.3150685543
16.991866,2.4630041675,2.6537867630,-2.1925293050,-0.1611714933,-0.1899171357,-2.0313578117,0.2039470103,-2.2074314976,-7.1443025295,0.0449998475,0.5418020506,1.0065245153,0.0000000000,0.0946843488,0.0020460434,0.0000000000,-0.0059263422,1.0000000000,0.0946843488,19.8837132445,-1.847,1.000000,47.9410743608,0,0.3150685543
17.000094,2.4449588687,2.6522527823,-2.1932453265,-0.1443394732,-0.2065188384,-2.0489058533,0.2022260200,-2.2596475016,-6.2659204822,0.0424560066,0.5418020506,1.0065245153,0.0000000000,0.0946843488,0.0020637183,0.0000000000,-0.0059264637,1.0000000000,0.0946843488,19.8837132445,-2.247,1.000000,47.9410743608,-1,0.3150685543
17.008431,2.4266757398,2.6507188015,-2.1924760876,-0.1292653130,-0.2233489318,-2.0632107746,0.2003647789,-2.3092122633,-5.9477714040,0.0402200571,0.5418020506,1.0065245153,0.0000000000,0.0946843488,0.0020781266,0.0000000000,-0.0059263332,1.0000000000,0.0946843488,19.8837132445,-2.646,1.000000,47.9410743608,-1,0.3150685543
17.016761,2.4084221676,2.6491848207,-2.1902056734,-0.1182698783,-0.2401275666,-2.0719357951,0.1983637158,-2.3532327988,-5.2824642584,0.0384425338,0.5418020506,1.0065245153,0.0000000000,0.0946843488,0.0020869147,0.0000000000,-0.0059259465,1.0000000000,0.0946843488,19.8837132445,-3.046,1.000000,47.9410743608,-2,0.3150685543
17.025091,2.3901906357,2.6461168591,-2.1864348486,-0.1134316540,-0.2553171173,-2.0730031946,0.1962360732,-2.3865646058,-3.9998168430,0.0374070142,0.5418020506,1.0065245153,0.0000000000,0.0946843488,0.0020879898,0.0000000000,-0.0059252998,1.0000000000,0.0946843488,19.8837132445,-3.445,1.000000,47.9410743608,-3,0.3150685543
17.033423,2.3719950631,2.6430488975,-2.1811658948,-0.1141076090,-0.2704410985,-2.0670582859,0.1939823974,-2.4128781586,-3.1576263344,0.0368420649,0.5418020506,1.0065245153,0.0000000000,0.0946843488,0.0020820019,0.0000000000,-0.0059243868,1.0000000000,0.0946843488,19.8837132445,-3.845,1.000000,47.9410743608,-1,0.3150685543
17.041763,2.3538318173,2.6369129744,-2.1743953252,-0.1172174188,-0.2824517221,-2.0571779064,0.1916286330,-2.4291718047,-1.9552375265,0.0369014809,0.5418020506,1.0065245153,0.0000000000,0.0946843488,0.0020720501,0.0000000000,-0.0059231973,1.0000000000,0.0946843488,19.8837132445,-4.244,1.000000,47.9410743608,-3,0.3150685543
17.050097,2.3357444620,2.6323110320,-2.1661388084,-0.1275157998,-0.2958818347,-2.0386230087,0.1891629511,-2.4397203937,-1.2658306885,0.0373428469,0.5418020506,1.0065245153,0.0000000000,0.0946843488,0.0020533611,0.0000000000,-0.0059217215,1.0000000000,0.0946843488,19.8837132445,-4.644,1.000000,47.9410743608,-4,0.3150685543
17.058428,2.3177372951,2.6261751089,-2.1564006303,-0.1417475616,-0.3076766566,-2.0146530687,0.1865989789,-2.4417031722,-0.2379334169,0.0383419008,0.5418020506,1.0065245153,0.0000000000,0.0946843488,0.0020292179,0.0000000000,-0.0059199446,1.0000000000,0.0946843488,19.8837132445,-5.043,1.000000,47.9410743608,-4,0.3150685543
17.066758,2.2998200802,2.6200391857,-2.1451870720,-0.1620063683,-0.3193491625,-1.9831807037,0.1839377359,-2.4360365199,0.6799982817,0.0398822940,0.5418020506,1.0065245153,0.0000000000,0.0946843488,0.0019975180,0.0000000000,-0.0059178489,1.0000000000,0.0946843488,19.8837132445,-5.443,1.000000,47.9410743608,-4,0.3150685543
17.075093,2.2819913419,2.6123692818,-2.1324961224,-0.1876627827,-0.3293702269,-1.9448333398,0.1811929840,-2.4202974496,1.8886884271,0.0421808582,0.5418020506,1.0065245153,0.0000000000,0.0946843488,0.0019588934,0.0000000000,-0.0059154113,1.0000000000,0.0946843488,19.8837132445,-5.842,1.000000,47.9410743608,-3,0.3150685543
17.083434,2.2642623624,2.6062333586,-2.1183327863,-0.2206575515,-0.3407861077,-1.8976752348,0.1783530998,-2.3986115490,2.6023080805,0.0450328449,0.5418020506,1.0065245153,0.0000000000,0.0946843488,0.0019113944,0.0000000000,-0.0059126060,1.0000000000,0.0946843488,19.8837132445,-6.242,1.000000,47.9410743608,-5,0.3150685543
17.091761,2.2466863693,2.5970294739,-2.1027418091,-0.2577198419,-0.3489591987,-1.8450219671,0.1754451065,-2.3650574640,4.0264901906,0.0489699250,0.5418020506,1.0065245153,0.0000000000,0.0946843488,0.0018583604,0.0000000000,-0.0059094110,1.0000000000,0.0946843488,19.8837132445,-6.641,1.000000,47.9410743608,-6,0.3150685543
17.100094,2.2292342711,2.5878255892,-2.0856996236,-0.2984248604,-0.3569888340,-1.7872747632,0.1724701995,-2.3261905199,4.6640332996,0.0536233630,0.5418020506,1.0065245153,0.0000000000,0.0946843488,0.0018001957,0.0000000000,-0.0059057859,1.0000000000,0.0946843488,19.8837132445,-7.041,1.000000,47.9410743608,-6,0.3150685543
17.108514,2.2117516853,2.5770877236,-2.0670293129,-0.3448966253,-0.3634840099,-1.7221326876,0.1694411661,-2.2769346388,5.9107057266,0.0595921670,0.5418020506,1.0065245153,0.0000000000,0.0946843488,0.0017345827,0.0000000000,-0.0059016492,1.0000000000,0.0946843488,19.8837132445,-7.440,1.000000,47.9410743608,-6,0.3150685543
17.116738,2.1948310523,2.5663498581,-2.0473945112,-0.3940284354,-0.3694029490,-1.6533660758,0.1663628082,-2.2229584518,6.4771424398,0.0664925372,0.5418020506,1.0065245153,0.0000000000,0.0946843488,0.0016653190,0.0000000000,-0.0058971044,1.0000000000,0.0946843488,19.8837132445,-7.840,1.000000,47.9410743608,-6,0.3150685543
17.125082,2.1778348388,2.5556119926,-2.0260770283,-0.4455424876,-0.3753846765,-1.5805345407,0.1632346025,-2.1650911915,6.9440712345,0.0744141858,0.5418020506,1.0065245153,0.0000000000,0.0946843488,0.0015919609,0.0000000000,-0.0058919341,1.0000000000,0.0946843488,19.8837132445,-8.239,1.000000,47.9410743608,-8,0.3150685543
17.133500,2.1608747506,2.5433401463,-2.0031606552,-0.5016944398,-0.3797713932,-1.5014662154,0.1600698409,-2.0978554957,8.0682835053,0.0841612916,0.5418020506,1.0065245153,0.0000000000,0.0946843488,0.0015123210,0.0000000000,-0.0058860888,1.0000000000,0.0946843488,19.8837132445,-8.639,1.000000,47.9410743608,-8,0.3150685543
17.141769,2.1444098658,2.5310683000,-1.9792881302,-0.5594954823,-0.3836540512,-1.4197926479,0.1568727238,-2.0270454011,8.4972113479,0.0952208563,0.5418020506,1.0065245153,0.0000000000,0.0946843488,0.0014300569,0.0000000000,-0.0058796664,1.0000000000,0.0946843488,19.8837132445,-9.039,1.000000,47.9410743608,-8,0.3150685543
17.150093,2.1280379306,2.5187964537,-1.9539040865,-0.6212778401,-0.3874223807,-1.3326262464,0.1536442040,-1.9505463808,9.1798824308,0.1080669438,0.5418020506,1.0065245153,0.0000000000,0.0946843488,0.0013422604,0.0000000000,-0.0058724440,1.0000000000,0.0946843488,19.8837132445,-9.438,1.000000,47.9410743608,-8,0.3150685543
17.158426,2.1118665705,2.5034566458,-1.9271559214,-0.6866257227,-0.3879030274,-1.2405301987,0.1504116788,-1.8625923257,10.5544866192,0.1239381387,0.5418020506,1.0065245153,0.0000000000,0.0946843488,0.0012494985,0.0000000000,-0.0058643693,1.0000000000,0.0946843488,19.8837132445,-9.838,1.000000,47.9410743608,-9,0.3150685543
17.166758,2.0959259050,2.4911847995,-1.8990912355,-0.7526623142,-0.3912172428,-1.1464289212,0.1471515351,-1.7782877415,10.1165501007,0.1404442463,0.5418020506,1.0065245153,0.0000000000,0.0946843488,0.0011547170,0.0000000000,-0.0058553538,1.0000000000,0.0946843488,19.8837132445,-10.237,1.000000,47.9410743608,-11,0.3150685543
17.175187,2.0800437094,2.4773789724,-1.8693770906,-0.8193156891,-0.3929356956,-1.0500614014,0.1438770710,-1.6885618509,10.7671068710,0.1593009752,0.5418020506,1.0065245153,0.0000000000,0.0946843488,0.0010576528,0.0000000000,-0.0058451630,1.0000000000,0.0946843488,19.8837132445,-10.637,1.000000,47.9410743608,-9,0.3150685543
17.183427,2.0647627991,2.4620391646,-1.8390577262,-0.8865214334,-0.3925159161,-0.9525362928,0.1406061050,-1.5934283930,11.4160149511,0.1806548500,0.5418020506,1.0065245153,0.0000000000,0.0946843488,0.0009594226,0.0000000000,-0.0058340345,1.0000000000,0.0946843488,19.8837132445,-11.036,1.000000,47.9410743608,-9,0.3150685543
17.191760,2.0495704610,2.4482333375,-1.8071464854,-0.9517174114,-0.3935523373,-0.8554290740,0.1373265022,-1.5016133556,11.0178044815,0.2025799833,0.5418020506,1.0065245153,0.0000000000,0.0946843488,0.0008616133,0.0000000000,-0.0058214699,1.0000000000,0.0946843488,19.8837132445,-11.436,1.000000,47.9410743608,-10,0.3150685543
17.200091,2.0346529515,2.4328935296,-1.7740054403,-1.0151135141,-0.3927896141,-0.7588919262,0.1340532554,-1.4067890213,11.3789201202,0.2265081428,0.5418020506,1.0065245153,0.0000000000,0.0946843488,0.0007643783,0.0000000000,-0.0058074295,1.0000000000,0.0946843488,19.8837132445,-11.835,1.000000,47.9410743608,-11,0.3150685543
17.208508,2.0198663988,2.4160197409,-1.7392869626,-1.0794021609,-0.3903571604,-0.6598848017,0.1308002791,-1.3061586380,12.0756460023,0.2530838983,0.5418020506,1.0065245153,0.0000000000,0.0946843488,0.0006646554,0.0000000000,-0.0057915560,1.0000000000,0.0946843488,19.8837132445,-12.235,1.000000,47.9410743608,-12,0.3150685543
17.216810,2.0055724581,2.3991459523,-1.7038497726,-1.1419856899,-0.3874412509,-0.5618640827,0.1275716020,-1.2055305565,12.0753697799,0.2806406631,0.5418020506,1.0065245153,0.0000000000,0.0946843488,0.0005659260,0.0000000000,-0.0057740297,1.0000000000,0.0946843488,19.8837132445,-12.634,1.000000,47.9410743608,-12,0.3150685543
17.225090,1.9916158140,2.3822721636,-1.6673562146,-1.2055466245,-0.3841827964,-0.4618095902,0.1243700787,-1.1021616322,12.4042709148,0.3095058410,0.5418020506,1.0065245153,0.0000000000,0.0946843488,0.0004651482,0.0000000000,-0.0057544715,1.0000000000,0.0946843488,19.8837132445,-13.034,1.000000,47.9410743608,-12,0.3150685543
17.233418,1.9778853385,2.3638643941,-1.6295064012,-1.2674784402,-0.3791729405,-0.3620279610,0.1212103042,-0.9955461216,12.7938612632,0.3399100415,0.5418020506,1.0065245153,0.0000000000,0.0946843488,0.0003646452,0.0000000000,-0.0057324369,1.0000000000,0.0946843488,19.8837132445,-13.433,1.000000,47.9410743608,-12,0.3150685543
17.241755,1.9644634358,2.3454566247,-1.5905071549,-1.3279512750,-0.3738623463,-0.2625558799,0.1180947846,-0.8885992554,12.8336239425,0.3704088583,0.5418020506,1.0065245153,0.0000000000,0.0946843488,0.0002644540,0.0000000000,-0.0057077144,1.0000000000,0.0946843488,19.8837132445,-13.833,1.000000,47.9410743608,-12,0.3150685543
17.250116,1.9513312617,2.3270488552,-1.5502915895,-1.3896219467,-0.3682555913,-0.1606696429,0.1150259880,-0.7786039868,13.1994322409,0.4010636129,0.5418020506,1.0065245153,0.0000000000,0.0946843488,0.0001618312,0.0000000000,-0.0056798916,1.0000000000,0.0946843488,19.8837132445,-14.232,1.000000,47.9410743608,-15,0.3150685543
17.258428,1.9386149229,2.3086410858,-1.5092549533,-1.4523653586,-0.3622272406,-0.0568895948,0.1120074277,-0.6658280826,13.5331085044,0.4311711456,0.5418020506,1.0065245153,0.0000000000,0.0946843488,0.0000573009,0.0000000000,-0.0056488508,1.0000000000,0.0946843488,19.8837132445,-14.632,1.000000,47.9410743608,-14,0.3150685543
17.266760,1.9262151811,2.2871653547,-1.4670886765,-1.5135650301,-0.3528226209,0.0464763536,0.1090672392,-0.5466837295,14.2973223671,0.4622056402,0.5418020506,1.0065245153,0.0000000000,0.0946843488,-0.0000468124,-0.0000000000,-0.0056139211,1.0000000000,0.0946843488,19.8837132445,-15.031,1.000000,47.9410743608,-16,0.3150685543
17.275087,1.9141785838,2.2687575853,-1.4239453619,-1.5733821824,-0.3461302422,0.1494368204,0.1061828205,-0.4332763767,13.6088823398,0.4883675154,0.5418020506,1.0065245153,0.0000000000,0.0946843488,-0.0001505172,-0.0000000000,-0.0055747145,1.0000000000,0.0946843488,19.8837132445,-15.431,1.000000,47.9410743608,-15,0.3150685543
17.283509,1.9023731593,2.2472818543,-1.3793147475,-1.6344656481,-0.3361319292,0.2551509006,0.1033817211,-0.3104676682,14.7370450139,0.5145191330,0.5418020506,1.0065245153,0.0000000000,0.0946843488,-0.0002569955,-0.0000000000,-0.0055301315,1.0000000000,0.0946843488,19.8837132445,-15.830,1.000000,47.9410743608,-14,0.3150685543
17.291760,1.8911755329,2.2273401040,-1.3346524078,-1.6941787306,-0.3270671577,0.3595263228,0.1006561614,-0.1907771451,14.3628627809,0.5356713588,0.5418020506,1.0066660698,0.0169865386,0.0597586469,-0.0003621255,-0.0000000000,-0.0054810479,1.0000000000,0.0946843488,12.5493158421,-15.431,1.000000,47.9410743608,-16,0.3139330558
17.300098,1.8802390738,2.2089323346,-1.2886127780,-1.7526645466,-0.3192817897,0.4640517686,0.0979954798,-0.0734135210,14.0836348898,0.5494157098,0.5418332402,1.0066441642,-0.0026286763,0.0198998538,-0.0004674066,-0.0000000000,-0.0054253457,1.0000000000,0.0946843488,4.1789693076,-15.031,1.000000,47.9410743608,-13,0.3090066047
17.308428,1.8696990804,2.1889905843,-1.2417298045,-1.8100512661,-0.3095718772,0.5683214616,0.0954157142,0.0475962830,14.5211764732,0.5528889757,0.5418284173,1.0066054564,-0.0046449341,-0.0227468234,-0.0005724301,-0.0000000000,-0.0053628163,1.0000000000,0.0946843488,-4.7768329145,-14.632,1.000000,47.9410743608,-13,0.3037773496
17.316779,1.8595284425,2.1659808725,-1.1938765285,-1.8639492254,-0.2964433816,0.6700726969,0.0929453527,0.1729848131,15.0466236116,0.5528536937,0.5418198919,1.0067170150,0.0133870296,-0.0670633616,-0.0006749169,-0.0000000000,-0.0052924059,1.0000000000,0.0946843488,-14.0833059275,-14.232,1.000000,47.9410743608,-13,0.3023051521
17.325106,1.8497888621,2.1445051415,-1.1453450551,-1.9172272232,-0.2844211385,0.7718821681,0.0929453527,0.2986704591,15.0822775284,0.5531837450,0.5418444511,1.0067170150,0.0000000000,-0.0946843488,-0.0007774624,-0.0000000000,-0.0052135971,1.0000000000,0.0946843488,-19.8837132445,-13.833,1.000000,47.9410743608,-12,0.3023051521
17.333426,1.8404634965,2.1230294104,-1.0960670043,-1.9699500056,-0.2719876618,0.8738830013,0.0929453527,0.4253641770,15.2032461440,0.5506738150,0.5418444511,1.0067170150,0.0000000000,-0.0946843488,-0.0008802007,-0.0000000000,-0.0051252860,1.0000000000,0.0946843488,-19.8837132445,-13.433,1.000000,47.9410743608,-12,0.3023051521
17.341775,1.8315217503,2.1000196986,-1.0458690465,-2.0196711081,-0.2576527034,0.9738020616,0.0929453527,0.5537524646,15.4065945135,0.5440701707,0.5418444511,1.0067170150,0.0000000000,-0.0946843488,-0.0009808421,-0.0000000000,-0.0050260091,1.0000000000,0.0946843488,-19.8837132445,-13.034,1.000000,47.9410743608,-11,0.3023051521
17.350099,1.8230270139,2.0800779484,-0.9951052635,-2.0667040126,-0.2459531320,1.0715987490,0.0929453527,0.6747845009,14.5238443525,0.5314892250,0.5418444511,1.0067170150,0.0000000000,-0.0946843488,-0.0010793458,-0.0000000000,-0.0049152673,1.0000000000,0.0946843488,-19.8837132445,-12.634,1.000000,47.9410743608,-13,0.3023051521
17.358504,1.8148811921,2.0586022173,-0.9431567606,-2.1113294623,-0.2323835927,1.1681727017,0.0929453527,0.7983075588,14.8227669484,0.5154929862,0.5418444511,1.0067170150,0.0000000000,-0.0946843488,-0.0011766179,-0.0000000000,-0.0047903256,1.0000000000,0.0946843488,-19.8837132445,-12.235,1.000000,47.9410743608,-14,0.3023051521
17.366756,1.8073105589,2.0386604671,-0.8915101798,-2.1512944324,-0.2197978714,1.2597842525,0.0929453527,0.9149143520,13.9928151799,0.4964447444,0.5418444511,1.0067170150,0.0000000000,-0.0946843488,-0.0012688918,-0.0000000000,-0.0046536067,1.0000000000,0.0946843488,-19.8837132445,-11.835,1.000000,47.9410743608,-13,0.3023051521
17.375095,1.8000958711,2.0187187169,-0.8387123134,-2.1895900907,-0.2068651687,1.3508777773,0.0929453527,1.0316922244,14.0133446902,0.4743804012,0.5418444511,1.0067170150,0.0000000000,-0.0946843488,-0.0013606439,-0.0000000000,-0.0045000762,1.0000000000,0.0946843488,-19.8837132445,-11.436,1.000000,47.9410743608,-12,0.3023051521
17.383441,1.7933185890,1.9987769666,-0.7852953519,-2.2238863241,-0.1935165364,1.4385909722,0.0929453527,1.1459158030,13.7068294360,0.4507320173,0.5418444511,1.0067170150,0.0000000000,-0.0946843488,-0.0014489912,-0.0000000000,-0.0043297158,1.0000000000,0.0946843488,-19.8837132445,-11.036,1.000000,47.9410743608,-10,0.3023051521
17.391754,1.7870138064,1.9788352164,-0.7315553371,-2.2520963658,-0.1797280863,1.5205410287,0.0929453527,1.2552497214,13.1200702073,0.4269211343,0.5418444511,1.0067170150,0.0000000000,-0.0946843488,-0.0015315337,-0.0000000000,-0.0041422506,1.0000000000,0.0946843488,-19.8837132445,-10.637,1.000000,47.9410743608,-11,0.3023051521
17.400088,1.7811428373,1.9604274469,-0.6771712973,-2.2748558301,-0.1670690720,1.5976845328,0.0929453527,1.3575340278,12.2741167711,0.4030597969,0.5418444511,1.0067170150,0.0000000000,-0.0946843488,-0.0016092349,-0.0000000000,-0.0039353923,1.0000000000,0.0946843488,-19.8837132445,-10.237,1.000000,47.9410743608,-12,0.3023051521
17.408431,1.7757223772,1.9420196775,-0.6222728484,-2.2927339507,-0.1539857606,1.6704611022,0.0929453527,1.4562940538,11.8512031176,0.3796917565,0.5418444511,1.0067170150,0.0000000000,-0.0946843488,-0.0016825376,-0.0000000000,-0.0037084877,1.0000000000,0.0946843488,-19.8837132445,-9.838,1.000000,47.9410743608,-10,0.3023051521
17.416760,1.7707691053,1.9251458888,-0.5670339056,-2.3037360643,-0.1420061646,1.7367021586,0.0929453527,1.5463265878,10.8039040815,0.3578682525,0.5418444511,1.0067170150,0.0000000000,-0.0946843488,-0.0017492575,-0.0000000000,-0.0034614326,1.0000000000,0.0946843488,-19.8837132445,-9.438,1.000000,47.9410743608,-10,0.3023051521
17.425088,1.7662780087,1.9082721001,-0.5114124399,-2.3110847185,-0.1295840117,1.7996722786,0.0929453527,1.6339671035,10.5168618856,0.3367863613,0.5418444511,1.0067170150,0.0000000000,-0.0946843488,-0.0018126829,-0.0000000000,-0.0031935284,1.0000000000,0.0946843488,-19.8837132445,-9.039,1.000000,47.9410743608,-8,0.3023051521
17.433524,1.7622025760,1.8913983115,-0.4547143157,-2.3101525670,-0.1167906612,1.8554382513,0.0929453527,1.7151406702,9.7408280049,0.3179683708,0.5418444511,1.0067170150,0.0000000000,-0.0946843488,-0.0018688520,-0.0000000000,-0.0029008562,1.0000000000,0.0946843488,-19.8837132445,-8.639,1.000000,47.9410743608,-9,0.3023051521
17.441760,1.7586865071,1.8760585036,-0.3990519500,-2.3043088681,-0.1049983017,1.9052569182,0.0929453527,1.7883789631,8.7885951469,0.3010756309,0.5418444511,1.0067170150,0.0000000000,-0.0946843488,-0.0019190308,-0.0000000000,-0.0025948510,1.0000000000,0.0946843488,-19.8837132445,-8.239,1.000000,47.9410743608,-9,0.3023051521
17.450089,1.7555983167,1.8607186957,-0.3424932919,-2.2940665616,-0.0928016834,1.9515732697,0.0929453527,1.8589177985,8.4646602413,0.2853082528,0.5418444511,1.0067170150,0.0000000000,-0.0946843488,-0.0019656820,-0.0000000000,-0.0022659417,1.0000000000,0.0946843488,-19.8837132445,-7.840,1.000000,47.9410743608,-8,0.3023051521
17.458426,1.7529799091,1.8469128686,-0.2856457799,-2.2748761211,-0.0817173130,1.9892303411,0.0929453527,1.9185884297,7.1604757451,0.2724796513,0.5418444511,1.0067170150,0.0000000000,-0.0946843488,-0.0020036113,-0.0000000000,-0.0019185377,1.0000000000,0.0946843488,-19.8837132445,-7.440,1.000000,47.9410743608,-8,0.3023051521
17.466760,1.7508366892,1.8331070415,-0.2286152872,-2.2501764975,-0.0701873379,2.0215612103,0.0929453527,1.9738178293,6.6275279541,0.2613342917,0.5418444511,1.0067170150,0.0000000000,-0.0946843488,-0.0020361760,-0.0000000000,-0.0015550005,1.0000000000,0.0946843488,-19.8837132445,-7.041,1.000000,47.9410743608,-6,0.3023051521
17.475090,1.7491703944,1.8223691760,-0.1714647031,-2.2205430451,-0.0612748931,2.0490783420,0.0929453527,2.0190350762,5.4260696334,0.2519516204,0.5418444511,1.0067170150,0.0000000000,-0.0946843488,-0.0020638920,-0.0000000000,-0.0011779940,0.9001107142,0.0946843488,-19.8837132445,-6.641,1.000000,47.9410743608,-8,0.3023051521
17.483427,1.7479797265,1.8100973297,-0.1141415402,-2.1839865819,-0.0503900160,2.0698450417,0.0929453527,2.0614191421,5.0860879003,0.2444843403,0.5418444511,1.0067170150,0.0000000000,-0.0946843488,-0.0020848088,-0.0000000000,-0.0007898776,0.5819510378,0.0946843488,-19.8837132445,-6.242,1.000000,47.9410743608,-6,0.3023051521
17.491761,1.7472675291,1.7993594642,-0.0567635492,-2.1412301160,-0.0405939418,2.0844665668,0.0929453527,2.0954956704,4.0891833937,0.2389782709,0.5418444511,1.0067170150,0.0000000000,-0.0946843488,-0.0020995361,-0.0000000000,-0.0003945358,0.2552832894,0.0946843488,-19.8837132445,-5.842,1.000000,47.9410743608,-5,0.3023051521
17.500100,1.7470337097,1.7901555795,0.0006902342,-2.0929211474,-0.0318832864,2.0936113815,0.0929453527,2.1219398469,3.1733011800,0.2352067763,0.5418444511,1.0067170150,0.0000000000,-0.0946843488,-0.0021087470,-0.0000000000,0.0000048044,0.0467896731,0.0946843488,-19.8837132445,-5.443,1.000000,47.9410743608,-6,0.3023051521
17.508453,1.7472798308,1.7824856755,0.0582371635,-2.0396395543,-0.0242533732,2.0978767178,0.0929453527,2.1413581907,2.3302012642,0.2329783020,0.5418444511,1.0067170150,0.0000000000,-0.0946843488,-0.0021130432,-0.0000000000,0.0004047475,0.0000000000,0.0946843488,-19.8837132445,-5.043,1.000000,47.9410743608,-5,0.3023051521
17.516759,1.7480010947,1.7732817908,0.1154225052,-1.9819046551,-0.0146382498,2.0973271603,0.0929453527,2.1599042682,2.2255292997,0.2319011224,0.5418444511,1.0067170150,0.0000000000,-0.0946843488,-0.0021124896,-0.0000000000,0.0007986376,0.0000000000,0.0946843488,-19.8837132445,-4.644,1.000000,47.9410743608,-4,0.3023051521
17.525093,1.7492017303,1.7671458676,0.1727154867,-1.9201815329,-0.0076331324,2.0928970197,0.0929453527,2.1693862909,1.1378427182,0.2322500938,0.5418444511,1.0067170150,0.0000000000,-0.0946843488,-0.0021080275,-0.0000000000,0.0011863622,0.0000000000,0.0946843488,-19.8837132445,-4.244,1.000000,47.9410743608,-5,0.3023051521
17.533481,1.7508920651,1.7610099445,0.2302691324,-1.8523822512,-0.0001709435,2.0826513836,0.0929453527,2.1739605619,0.5489125196,0.2342638702,0.5418444511,1.0067170150,0.0000000000,-0.0946843488,-0.0020977078,-0.0000000000,0.0015657336,0.0000000000,0.0946843488,-19.8837132445,-3.845,1.000000,47.9410743608,-3,0.3023051521
17.541842,1.7530566482,1.7548740213,0.2874751392,-1.7816458249,0.0077497218,2.0691209641,0.0930099337,2.1762242637,0.2716442239,0.2371692394,0.5418444511,1.0067170150,0.0000000000,-0.0946843488,-0.0020840795,-0.0000000000,0.0019299614,0.0000000000,0.0946843488,-19.8837132445,-3.445,1.000000,47.9410743608,-4,0.3023051521
17.550093,1.7556608199,1.7518060598,0.3437330059,-1.7082789962,0.0130278893,2.0520120021,0.0931184994,2.1697047935,-0.7823364260,0.2415153934,0.5418444511,1.0067170150,0.0000000000,-0.0946843488,-0.0020668469,-0.0000000000,0.0022733361,0.0000000000,0.0946843488,-19.8837132445,-3.046,1.000000,47.9410743608,-3,0.3023051521
17.558427,1.7587616030,1.7487380982,0.4003248597,-1.6300520238,0.0187765702,2.0303768834,0.0932749709,2.1596408436,-1.2076739932,0.2472239385,0.5418444511,1.0067170150,0.0000000000,-0.0946843488,-0.0020450554,-0.0000000000,0.0026020494,0.0000000000,0.0946843488,-19.8837132445,-2.646,1.000000,47.9410743608,-3,0.3023051521
17.566754,1.7623294575,1.7472041174,0.4565911281,-1.5474724791,0.0234349692,2.0040636072,0.0934702623,2.1427717147,-2.0242954669,0.2546267050,0.5418444511,1.0067170150,0.0000000000,-0.0946843488,-0.0020185519,-0.0000000000,0.0029108557,0.0000000000,0.0946843488,-19.8837132445,-2.247,1.000000,47.9410743608,-2,0.3023051521
17.575172,1.7664111823,1.7472041174,0.5131540987,-1.4634993735,0.0270657747,1.9766534722,0.0936958104,2.1227947609,-2.3972344559,0.2625953074,0.5418444511,1.0067170150,0.0000000000,-0.0946843488,-0.0019909436,-0.0000000000,0.0032022077,0.0012197615,0.0946843488,-19.8837132445,-1.847,1.000000,47.9410743608,-3,0.3023051521
17.583427,1.7708752979,1.7472041174,0.5682789634,-1.3732693472,0.0310453724,1.9415483106,0.0939545218,2.0958481825,-3.2335894123,0.2732059197,0.5418444511,1.0067170150,0.0000000000,-0.0946843488,-0.0019555846,-0.0000000000,0.0034672098,0.0345288308,0.0946843488,-19.8837132445,-1.448,1.000000,47.9410743608,-2,0.3023051521
17.591760,1.7758413038,1.7487380982,0.6235341909,-1.2799402931,0.0339762384,1.9034744841,0.0942376571,2.0638742412,-3.8368729514,0.2851525790,0.5418444511,1.0067170150,0.0000000000,-0.0946843488,-0.0019172355,-0.0000000000,0.0037139084,0.0843686204,0.0946843488,-19.8837132445,-1.048,1.000000,47.9410743608,3,0.3023051521
17.600096,1.7812677845,1.7487380982,0.6783793406,-1.1863403082,0.0389001052,1.8647196488,0.0945618247,2.0352178505,-3.4387668849,0.2972339239,0.5418444511,1.0067170150,0.0000000000,-0.0946843488,-0.0018782005,-0.0000000000,0.0039401791,0.2054085868,0.0946843488,-19.8837132445,-0.649,1.000000,47.9410743608,0,0.3023051521
17.608442,1.7871573006,1.7502720790,0.7328282183,-1.0899932387,0.0427382754,1.8228214570,0.0949179770,2.0012934482,-4.0709282747,0.3107846074,0.5418444511,1.0067170150,0.0000000000,-0.0946843488,-0.0018359994,-0.0000000000,0.0041468830,0.3227340095,0.0946843488,-19.8837132445,-0.249,1.000000,47.9410743608,2,0.3023051521
17.616762,1.7934782805,1.7518060598,0.7866023635,-0.9936904263,0.0470081469,1.7802927898,0.0953097115,1.9676310153,-4.0394919496,0.3247016826,0.5418444511,1.0067170150,0.0000000000,-0.0946843488,-0.0017931633,-0.0000000000,0.0043340712,0.4660443001,0.0946843488,-19.8837132445,0.150,1.000000,47.9410743608,0,0.3023051521
17.625096,1.8002560553,1.7518060598,0.8399272245,-0.8974272488,0.0532690070,1.7373544733,0.0957536199,1.9375644825,-3.6079839383,0.3386548096,0.5418444511,1.0067170150,0.0000000000,-0.0946843488,-0.0017499146,-0.0000000000,0.0045037719,0.6777248592,0.0946843488,-19.8837132445,0.550,1.000000,47.9410743608,0,0.3023051521
17.633421,1.8074689815,1.7518060598,0.8926280366,-0.8062084641,0.0599921059,1.6988365007,0.0962535541,1.9128915439,-2.9607526315,0.3509789463,0.5418444511,1.0067170150,0.0000000000,-0.0946843488,-0.0017111181,-0.0000000000,0.0046567038,0.8708202253,0.0946843488,-19.8837132445,0.949,1.000000,47.9410743608,1,0.3023051521
17.641842,1.8152079647,1.7533400406,0.9453089974,-0.7220117072,0.0657449880,1.6673207046,0.0968014290,1.8933412031,-2.3460408943,0.3607536761,0.5418444511,1.0067170150,0.0000000000,-0.0946843488,-0.0016793745,-0.0000000000,0.0047957465,0.9755422050,0.0946843488,-19.8837132445,1.349,1.000000,47.9410743608,1,0.3023051521
17.650093,1.8232184064,1.7548740213,0.9962853627,-0.6415991808,0.0717896491,1.6378845436,0.0973996761,1.8764996399,-2.0209875792,0.3696726568,0.5418444511,1.0067170150,0.0000000000,-0.0946843488,-0.0016497255,-0.0000000000,0.0049179659,1.0000000000,0.0946843488,-19.8837132445,1.748,1.000000,47.9410743608,1,0.3023051521
17.658428,1.8317344745,1.7564080021,1.0470999519,-0.5670801256,0.0783715834,1.6141800775,0.0980527727,1.8665108806,-1.1986511233,0.3761737573,0.5418444511,1.0067170150,0.0000000000,-0.0946843488,-0.0016258497,-0.0000000000,0.0050285620,1.0000000000,0.0946843488,-19.8837132445,2.148,1.000000,47.9410743608,2,0.3023051521
17.666761,1.8406693960,1.7564080021,1.0971873789,-0.5003435027,0.0869481421,1.5975308816,0.0987773405,1.8676091896,0.1317970873,0.3794801833,0.5418444511,1.0067170150,0.0000000000,-0.0946843488,-0.0016090801,-0.0000000000,0.0051273918,1.0000000000,0.0946843488,-19.8837132445,2.547,1.000000,47.9410743608,2,0.3023051521
17.675097,1.8500209550,1.7594759637,1.1465349453,-0.4380721015,0.0928973541,1.5846070468,0.0995514851,1.8672638345,-0.0414426181,0.3815687641,0.5418444511,1.0067170150,0.0000000000,-0.0946843488,-0.0015960629,-0.0000000000,0.0052156235,1.0000000000,0.0946843488,-19.8837132445,2.947,1.000000,47.9410743608,1,0.3023051521
17.683490,1.8598497351,1.7640779061,1.1954305882,-0.3797995947,0.0978112797,1.5752301829,0.1003665791,1.8684497493,0.1423097849,0.3822705516,0.5418444511,1.0067170150,0.0000000000,-0.0946843488,-0.0015866182,-0.0000000000,0.0052948030,1.0000000000,0.0946843488,-19.8837132445,3.346,1.000000,47.9410743608,2,0.3023051521
17.691784,1.8699629122,1.7686798484,1.2429356986,-0.3251083557,0.1030288330,1.5680440544,0.1012251527,1.8724722773,0.4827033504,0.3819665236,0.5418444511,1.0067170150,0.0000000000,-0.0946843488,-0.0015793801,-0.0000000000,0.0053645023,1.0000000000,0.0946843488,-19.8837132445,3.746,1.000000,47.9410743608,3,0.3023051521
17.700093,1.8804854411,1.7748157716,1.2896780929,-0.2711199248,0.1071255313,1.5607980176,0.1021178655,1.8742425419,0.2124317566,0.3817394240,0.5418444511,1.0067170150,0.0000000000,-0.0946843488,-0.0015720817,-0.0000000000,0.0054266966,1.0000000000,0.0946843488,-19.8837132445,4.145,1.000000,47.9410743608,4,0.3023051521
17.708431,1.8914307208,1.7824856755,1.3356971847,-0.2127520067,0.1100874826,1.5484491914,0.1030352612,1.8686807481,-0.6674152562,0.3835644774,0.5418444511,1.0067170150,0.0000000000,-0.0946843488,-0.0015596436,-0.0000000000,0.0054822501,1.0000000000,0.0946843488,-19.8837132445,4.545,1.000000,47.9410743608,3,0.3023051521
17.716760,1.9027442576,1.7901555795,1.3807548181,-0.1529664237,0.1134100783,1.5337212417,0.1039803452,1.8614833727,-0.8636850492,0.3861437159,0.5418444511,1.0067170150,0.0000000000,-0.0946843488,-0.0015448092,-0.0000000000,0.0055316377,1.0000000000,0.0946843488,-19.8837132445,4.944,1.000000,47.9410743608,6,0.3023051521
17.725204,1.9145927746,1.8008934450,1.4254683236,-0.0869023333,0.1141659784,1.5123706570,0.1049317283,1.8425721159,-2.2693508203,0.3915143351,0.5418444511,1.0067170150,0.0000000000,-0.0946843488,-0.0015233042,-0.0000000000,0.0055761616,1.0000000000,0.0946843488,-19.8837132445,5.344,1.000000,47.9410743608,5,0.3023051521
17.733432,1.9264976862,1.8116313105,1.4680743457,-0.0177198829,0.1149615280,1.4857942286,0.1058897410,1.8185202965,-2.8862183196,0.3988238059,0.5418444511,1.0067170150,0.0000000000,-0.0946843488,-0.0014965357,-0.0000000000,0.0056147747,1.0000000000,0.0946843488,-19.8837132445,5.743,1.000000,47.9410743608,5,0.3023051521
17.741778,1.9389271347,1.8223691760,1.5102884916,0.0567597087,0.1162531700,1.4535287829,0.1068585175,1.7897753127,-3.4493980561,0.4080695968,0.5418444511,1.0067170150,0.0000000000,-0.0946843488,-0.0014640370,-0.0000000000,0.0056496673,1.0000000000,0.0946843488,-19.8837132445,6.143,1.000000,47.9410743608,5,0.3023051521
17.750094,1.9516570716,1.8346410223,1.5513152243,0.1359832320,0.1162858455,1.4153319923,0.1078275662,1.7525989452,-4.4611641038,0.4195881236,0.5418444511,1.0067170150,0.0000000000,-0.0946843488,-0.0014255640,-0.0000000000,0.0056806307,1.0000000000,0.0946843488,-19.8837132445,6.542,1.000000,47.9410743608,5,0.3023051521
17.758422,1.9647446431,1.8499808302,1.5913455046,0.2219597009,0.1135719321,1.3693858037,0.1087739989,1.7021961537,-6.0483349753,0.4341387921,0.5418444511,1.0067170150,0.0000000000,-0.0946843488,-0.0013792857,-0.0000000000,0.0057082686,1.0000000000,0.0946843488,-19.8837132445,6.942,1.000000,47.9410743608,8,0.3023051521
17.766760,1.9781768185,1.8653206381,1.6303308892,0.3114794198,0.1111835960,1.3188514693,0.1097005289,1.6478321877,-6.5236759184,0.4500076643,0.5418444511,1.0067170150,0.0000000000,-0.0946843488,-0.0013283860,-0.0000000000,0.0057329369,1.0000000000,0.0946843488,-19.8837132445,7.341,1.000000,47.9410743608,6,0.3023051521
17.775094,1.9919211352,1.8791264652,1.6681754340,0.4066767964,0.1106108940,1.2614986376,0.1106222864,1.5902508680,-6.9097583728,0.4678331585,0.5418444511,1.0067170150,0.0000000000,-0.0946843488,-0.0012706186,-0.0000000000,0.0057549282,1.0000000000,0.0946843488,-19.8837132445,7.741,1.000000,47.9410743608,6,0.3023051521
17.783426,2.0059743039,1.8975342346,1.7048722404,0.5044544331,0.1057312461,1.2004178073,0.1115033801,1.5203478585,-8.3883611338,0.4866054504,0.5418444511,1.0067170150,0.0000000000,-0.0946843488,-0.0012090961,-0.0000000000,0.0057745550,1.0000000000,0.0946843488,-19.8837132445,8.140,1.000000,47.9410743608,8,0.3023051521
17.791870,2.0205233377,1.9159420041,1.7408704501,0.6070473080,0.1013216066,1.1338231422,0.1123477268,1.4458282165,-8.9423570489,0.5062766840,0.5418444511,1.0067170150,0.0000000000,-0.0946843488,-0.0011420200,-0.0000000000,0.0057923072,1.0000000000,0.0946843488,-19.8837132445,8.540,1.000000,47.9410743608,8,0.3023051521
17.800095,2.0349830806,1.9343497735,1.7747589487,0.7114480907,0.0968129679,1.0633108579,0.1131545015,1.3671572952,-9.4405105490,0.5261189743,0.5418444511,1.0067170150,0.0000000000,-0.0946843488,-0.0010709980,-0.0000000000,0.0058077605,1.0000000000,0.0946843488,-19.8837132445,8.939,1.000000,47.9410743608,10,0.3023051521
17.808430,2.0499139508,1.9542915238,1.8078881254,0.8174679717,0.0912327815,0.9904201537,0.1139147747,1.2839340074,-9.9867945386,0.5449509151,0.5418444511,1.0067170150,0.0000000000,-0.0946843488,-0.0009975803,-0.0000000000,0.0058217723,1.0000000000,0.0946843488,-19.8837132445,9.339,1.000000,47.9410743608,8,0.3023051521
17.816761,2.0651096257,1.9757672548,1.8397653112,0.9249378596,0.0843756327,0.9148274516,0.1146179050,1.1954163288,-10.6221214331,0.5623993272,0.5418444511,1.0067170150,0.0000000000,-0.0946843488,-0.0009214411,-0.0000000000,0.0058343030,1.0000000000,0.0946843488,-19.8837132445,9.738,1.000000,47.9410743608,7,0.3023051521
17.825083,2.0805470426,1.9957090050,1.8703464480,1.0337063223,0.0792872337,0.8366401257,0.1152786319,1.1077749516,-10.5169652663,0.5783167042,0.5418444511,1.0067170150,0.0000000000,-0.0946843488,-0.0008426886,-0.0000000000,0.0058455064,1.0000000000,0.0946843488,-19.8837132445,10.138,1.000000,47.9410743608,10,0.3023051521
17.833419,2.0962615301,2.0171847361,1.8997000056,1.1436377425,0.0729356797,0.7560622631,0.1158864293,1.0151822206,-11.1111277103,0.5917796752,0.5418444511,1.0067170150,0.0000000000,-0.0946843488,-0.0007615282,-0.0000000000,0.0058555555,1.0000000000,0.0946843488,-19.8837132445,10.537,1.000000,47.9410743608,9,0.3023051521
17.841762,2.1122298574,2.0417284287,1.9277755903,1.2546106662,0.0637644111,0.6731649241,0.1164177994,0.9145946991,-12.0705025840,0.6017091279,0.5418444511,1.0067170150,0.0000000000,-0.0946843488,-0.0006780315,-0.0000000000,0.0058645620,0.9476755311,0.0946843488,-19.8837132445,10.937,1.000000,47.9410743608,10,0.3023051521
17.850094,2.1284029980,2.0647381405,1.9544884571,1.3665163236,0.0563269280,0.5879721335,0.1168871904,0.8150939098,-11.9400947191,0.6087026860,0.5418444511,1.0067170150,0.0000000000,-0.0946843488,-0.0005922228,-0.0000000000,0.0058726150,0.7724593266,0.0946843488,-19.8837132445,11.336,1.000000,47.9410743608,10,0.3023051521
17.858426,2.1447958419,2.0908158139,1.9798665224,1.4792573041,0.0460367012,0.5006092184,0.1172708296,0.7076728912,-12.8905222350,0.6108433266,0.5418444511,1.0067170150,0.0000000000,-0.0946843488,-0.0005042283,-0.0000000000,0.0058798262,0.4328064459,0.0946843488,-19.8837132445,11.736,1.000000,47.9410743608,9,0.3023051521
17.866845,2.1615677475,2.1168934873,2.0041299214,1.5902419218,0.0361349674,0.4138879996,0.1175719543,0.6015837529,-12.7306965945,0.6083986757,0.5418444511,1.0067170150,0.0000000000,-0.0946843488,-0.0004168802,-0.0000000000,0.0058863422,0.1324083356,0.0946843488,-19.8837132445,12.135,1.000000,47.9410743608,11,0.3023051521
17.875093,2.1781897750,2.1414371799,2.0265388823,1.6996536033,0.0276257827,0.3268852790,0.1178021692,0.4979087945,-12.4409950013,0.6023677937,0.5418444511,1.0067170150,0.0000000000,-0.0946843488,-0.0003292485,-0.0000000000,0.0058920488,0.0032212751,0.0946843488,-19.8837132445,12.535,1.000000,47.9410743608,12,0.3023051521
17.883427,2.1951681422,2.1690488341,2.0478009814,1.8076566190,0.0164125403,0.2401443624,0.1179389404,0.3890332416,-13.0650663506,0.5905564219,0.5418444511,1.0067170150,0.0000000000,-0.0946843488,-0.0002418805,-0.0000000000,0.0058972005,0.0000000000,0.0946843488,-19.8837132445,12.934,1.000000,47.9410743608,13,0.3023051521
17.891758,2.2123133842,2.1981944690,2.0676544776,1.9143980834,0.0038389662,0.1532563942,0.1179709317,0.2772057003,-13.4193049519,0.5737402373,0.5418444511,1.0067170150,0.0000000000,-0.0946843488,-0.0001543644,-0.0000000000,0.0059017906,0.0000000000,0.0946843488,-19.8837132445,13.334,1.000000,47.9410743608,13,0.3023051521
17.900088,2.2296144002,2.2227381616,2.0860876591,2.0175052989,-0.0039573763,0.0685823602,0.1179379536,0.1770156120,-12.0228105967,0.5560768031,0.5418444511,1.0068370102,0.0143994249,-0.0569257738,-0.0000690782,-0.0000000000,0.0059058701,0.0000000000,0.0946843488,-11.9544124968,12.934,1.000000,47.9410743608,12,0.3010898892
17.908431,2.2470908658,2.2534177774,2.1031182194,2.1198622583,-0.0177101637,-0.0167440389,0.1177903689,0.0642306515,-13.5341952667,0.5293036263,0.5418708277,1.0068074783,-0.0035438262,-0.0159584400,0.0000168651,0.0000000000,0.0059094895,0.0000000000,0.0946843488,-3.3512723951,12.535,1.000000,47.9410743608,12,0.2962346305
17.916900,2.2649700973,2.2840973932,2.1189280517,2.2215473151,-0.0310565771,-0.1026192634,0.1175315641,-0.0484057442,-13.5163674858,0.4936958165,0.5418643400,1.0067679365,-0.0047450092,0.0214623345,0.0001033611,0.0000000000,0.0059127257,0.0346816326,0.0946843488,4.5070902360,12.135,1.000000,47.9410743608,13,0.2912229014
17.925095,2.2823921559,2.3132430281,2.1327984244,2.3201261911,-0.0433095030,-0.1873277668,0.1171706516,-0.1578044359,-13.1278429966,0.4575679324,0.5418556494,1.0068323444,0.0077289383,0.0535704562,0.0001886820,0.0000000000,0.0059154702,0.3413500430,0.0946843488,11.2497958123,11.736,1.000000,47.9410743608,12,0.2888602126
17.933438,2.3002393672,2.3439226439,2.1454670292,2.4184277304,-0.0566697677,-0.2729607011,0.1166984035,-0.2704365158,-13.5158495911,0.4236241588,0.5418698029,1.0070997360,0.0320869959,0.0827190917,0.0002749341,0.0000000000,0.0059179019,0.7824552170,0.0946843488,17.3710092568,11.336,1.000000,47.9410743608,13,0.2914912395
17.941780,2.3181844906,2.3761362404,2.1566609721,2.5164808967,-0.0714647675,-0.3598199246,0.1161028638,-0.3872658401,-14.0195189206,0.3947546519,0.5419284338,1.0070997360,0.0000000000,0.0946843488,0.0003624212,0.0000000000,0.0059199926,1.0000000000,0.0946843488,19.8837132445,10.937,1.000000,47.9410743608,10,0.2914912395
17.950081,2.3361293239,2.4068158562,2.1663303377,2.6118071804,-0.0847114338,-0.4454768427,0.1153969352,-0.4999267177,-13.5193053044,0.3626166112,0.5419284338,1.0070997360,0.0000000000,0.0946843488,0.0004486974,0.0000000000,0.0059217560,1.0000000000,0.0946843488,19.8837132445,10.537,1.000000,47.9410743608,12,0.2914912395
17.958414,2.3542160905,2.4374954720,2.1745542901,2.7046913648,-0.0978030532,-0.5301370747,0.1145819097,-0.6113905608,-13.3756611693,0.3307023804,0.5419284338,1.0070997360,0.0000000000,0.0946843488,0.0005339697,0.0000000000,0.0059232254,1.0000000000,0.0946843488,19.8837132445,10.138,1.000000,47.9410743608,12,0.2914912395
17.966757,2.3723875581,2.4697090685,2.1812954936,2.7953884917,-0.1123322081,-0.6140929981,0.1136458080,-0.7251244281,-13.6480640874,0.2985330078,0.5419284338,1.0070997360,0.0000000000,0.0946843488,0.0006185325,0.0000000000,0.0059244094,1.0000000000,0.0946843488,19.8837132445,9.738,1.000000,47.9410743608,9,0.2914912395
17.975090,2.3905878411,2.4988547035,2.1865330595,2.8791180704,-0.1237271719,-0.6925850109,0.1126147482,-0.8272635143,-12.2566903390,0.2701623190,0.5419284338,1.0070997360,0.0000000000,0.0946843488,0.0006975920,0.0000000000,0.0059253167,1.0000000000,0.0946843488,19.8837132445,9.339,1.000000,47.9410743608,9,0.2914912395
17.983421,2.4088196105,2.5280003384,2.1902711227,2.9591122085,-0.1350705906,-0.7688410858,0.1114891600,-0.9271575040,-11.9872787630,0.2433254292,0.5419284338,1.0070997360,0.0000000000,0.0946843488,0.0007743994,0.0000000000,0.0059259577,1.0000000000,0.0946843488,19.8837132445,8.939,1.000000,47.9410743608,7,0.2914912395
17.991758,2.4270899127,2.5586799542,2.1925101739,3.0332565701,-0.1478780450,-0.8407463962,0.1102568429,-1.0257135438,-11.8267247792,0.2178699308,0.5419284338,1.0070997360,0.0000000000,0.0946843488,0.0008468245,0.0000000000,0.0059263390,1.0000000000,0.0946843488,19.8837132445,8.540,1.000000,47.9410743608,9,0.2914912395
18.000097,2.4453789914,2.5878255892,2.1932453198,3.0996576307,-0.1590911622,-0.9064123109,0.1089310832,-1.1149559733,-10.7090915367,0.1957378491,0.5419284338,1.0070997360,0.0000000000,0.0946843488,0.0009129652,0.0000000000,0.0059264637,1.0000000000,0.0946843488,19.8837132445,8.140,1.000000,47.9410743608,8,0.2914912395
18.008433,2.4636579345,2.6169712241,2.1924758443,3.1591240655,-0.1702771773,-0.9666482212,0.1075121068,-1.1988064901,-10.0620620106,0.1759094715,0.5419284338,1.0070997360,0.0000000000,0.0946843488,0.0009736365,0.0000000000,0.0059263331,1.0000000000,0.0946843488,19.8837132445,7.741,1.000000,47.9410743608,6,0.2914912395
18.016786,2.4819646752,2.6461168591,2.1901963791,3.2098756470,-0.1813885978,-1.0196792679,0.1060005351,-1.2753953015,-9.1906573786,0.1585748642,0.5419284338,1.0070997360,0.0000000000,0.0946843488,0.0010270510,0.0000000000,0.0059259449,1.0000000000,0.0946843488,19.8837132445,7.341,1.000000,47.9410743608,7,0.2914912395
18.025091,2.5001393443,2.6737285133,2.1864350401,3.2528225149,-0.1910561993,-1.0663874748,0.1044084001,-1.3428732881,-8.0973583915,0.1439296343,0.5419284338,1.0070997360,0.0000000000,0.0946843488,0.0010740969,0.0000000000,0.0059252998,1.0000000000,0.0946843488,19.8837132445,6.942,1.000000,47.9410743608,6,0.2914912395
18.033426,2.5183427971,2.6998061867,2.1811635412,3.2862753095,-0.1991100550,-1.1051117683,0.1027491497,-1.3992286413,-6.7626423838,0.1319514030,0.5419284338,1.0070997360,0.0000000000,0.0946843488,0.0011131011,0.0000000000,0.0059243864,1.0000000000,0.0946843488,19.8837132445,6.542,1.000000,47.9410743608,7,0.2914912395
18.041758,2.5364889866,2.7243498793,2.1743994490,3.3112255489,-0.2056415361,-1.1368260998,0.1010354702,-1.4456042661,-5.5650749731,0.1221742146,0.5419284338,1.0070997360,0.0000000000,0.0946843488,0.0011450447,0.0000000000,0.0059231980,1.0000000000,0.0946843488,19.8837132445,6.143,1.000000,47.9410743608,8,0.2914912395
18.050096,2.5545858479,2.7488935719,2.1661390287,3.3260567528,-0.2121680081,-1.1599177240,0.0992674035,-1.4834008642,-4.5355917763,0.1140895173,0.5419284338,1.0070997360,0.0000000000,0.0946843488,0.0011683033,0.0000000000,0.0059217215,1.0000000000,0.0946843488,19.8837132445,5.743,1.000000,47.9410743608,7,0.2914912395
18.058423,2.5725828730,2.7734372645,2.1564068026,3.3293212589,-0.2187322054,-1.1729144562,0.0974446351,-1.5112314311,-3.3396680235,0.1076974877,0.5419284338,1.0070997360,0.0000000000,0.0946843488,0.0011813940,0.0000000000,0.0059199458,1.0000000000,0.0946843488,19.8837132445,5.344,1.000000,47.9410743608,6,0.2914912395
18.066761,2.5905166695,2.7964469763,2.1451830610,3.3247314891,-0.2237834745,-1.1795484281,0.0955797728,-1.5297360692,-2.2205565661,0.1028000576,0.5419284338,1.0070997360,0.0000000000,0.0946843488,0.0011880759,0.0000000000,0.0059178481,1.0000000000,0.0946843488,19.8837132445,4.944,1.000000,47.9410743608,4,0.2914912395
18.075096,2.6083453318,2.8148547458,2.1324916501,3.3106032600,-0.2242867158,-1.1781116100,0.0937107168,-1.5311416689,-0.1686719743,0.1003084569,0.5419284338,1.0070997360,0.0000000000,0.0946843488,0.0011866287,0.0000000000,0.0059154104,1.0000000000,0.0946843488,19.8837132445,4.545,1.000000,47.9410743608,3,0.2914912395
18.083421,2.6260415542,2.8363304768,2.1183554026,3.2879327250,-0.2279444880,-1.1695773224,0.0918111794,-1.5317447540,-0.0723702038,0.0978451017,0.5419284338,1.0070997360,0.0000000000,0.0946843488,0.0011780327,0.0000000000,0.0059126105,1.0000000000,0.0946843488,19.8837132445,4.145,1.000000,47.9410743608,4,0.2914912395
18.091803,2.6437316047,2.8562722270,2.1026605337,3.2551075553,-0.2300199230,-1.1524470216,0.0898943467,-1.5206263579,1.3342075331,0.0968265910,0.5419284338,1.0070997360,0.0000000000,0.0946843488,0.0011607786,0.0000000000,0.0059093940,1.0000000000,0.0946843488,19.8837132445,3.746,1.000000,47.9410743608,4,0.2914912395
18.100098,2.6611052489,2.8716120349,2.0856906640,3.2131882548,-0.2277609880,-1.1274975908,0.0879963385,-1.4930622114,3.3076975802,0.0978949743,0.5419284338,1.0070997360,0.0000000000,0.0946843488,0.0011356488,0.0000000000,0.0059057840,1.0000000000,0.0946843488,19.8837132445,3.346,1.000000,47.9410743608,5,0.2914912395
18.108426,2.6783971197,2.8900198044,2.0672320033,3.1631245733,-0.2286080544,-1.0958925700,0.0860912714,-1.4650179540,3.3653108819,0.0988422743,0.5419284338,1.0070997360,0.0000000000,0.0946843488,0.0011038153,0.0000000000,0.0059016951,1.0000000000,0.0946843488,19.8837132445,2.947,1.000000,47.9410743608,2,0.2914912395
18.116753,2.6955310550,2.9038256315,2.0473566700,3.1032626246,-0.2249584990,-1.0559059546,0.0842166172,-1.4196318225,5.4463357804,0.1019590823,0.5419284338,1.0070997360,0.0000000000,0.0946843488,0.0010635396,0.0000000000,0.0058970954,1.0000000000,0.0946843488,19.8837132445,2.547,1.000000,47.9410743608,3,0.2914912395
18.125176,2.7126852262,2.9191654393,2.0258303940,3.0371301438,-0.2227890170,-1.0112997499,0.0823600421,-1.3725477006,5.6500946318,0.1051529442,0.5419284338,1.0070997360,0.0000000000,0.0946843488,0.0010186109,0.0000000000,0.0058918728,1.0000000000,0.0946843488,19.8837132445,2.148,1.000000,47.9410743608,2,0.2914912395
18.133425,2.7293054196,2.9329712664,2.0033715084,2.9603730998,-0.2195624801,-0.9570015913,0.0805303547,-1.3136458011,7.0682279355,0.1098053186,0.5419284338,1.0070997360,0.0000000000,0.0946843488,0.0009639202,0.0000000000,0.0058861440,1.0000000000,0.0946843488,19.8837132445,1.748,1.000000,47.9410743608,2,0.2914912395
18.141760,2.7459032899,2.9437091320,1.9793145180,2.8791099708,-0.2132661080,-0.8997954528,0.0787531372,-1.2456874911,8.1549971996,0.1157058014,0.5419284338,1.0070997360,0.0000000000,0.0946843488,0.0009063005,0.0000000000,0.0058796737,1.0000000000,0.0946843488,19.8837132445,1.349,1.000000,47.9410743608,2,0.2914912395
18.150095,2.7622957149,2.9529130167,1.9538994511,2.7913069033,-0.2056060822,-0.8374074523,0.0770397532,-1.1697761600,9.1093597297,0.1226924387,0.5419284338,1.0070997360,0.0000000000,0.0946843488,0.0008434614,0.0000000000,0.0058724427,1.0000000000,0.0946843488,19.8837132445,0.949,1.000000,47.9410743608,1,0.2914912395
18.158452,2.7785139644,2.9621169014,1.9270709367,2.6951424505,-0.1980753329,-0.7680715139,0.0753891254,-1.0871117533,9.9197288081,0.1305085329,0.5419284338,1.0070997360,0.0000000000,0.0946843488,0.0007736242,0.0000000000,0.0058643429,1.0000000000,0.0946843488,19.8837132445,0.550,1.000000,47.9410743608,1,0.2914912395
18.166760,2.7944093476,2.9697868053,1.8990830664,2.5939942860,-0.1893067074,-0.6949112196,0.0738115695,-0.9980925163,10.6823084369,0.1392392037,0.5419284338,1.0070997360,0.0000000000,0.0946843488,0.0006999350,0.0000000000,0.0058553511,1.0000000000,0.0946843488,19.8837132445,0.150,1.000000,47.9410743608,1,0.2914912395
18.175096,2.8101177443,2.9759227285,1.8697033431,2.4883828860,-0.1791671210,-0.6186795429,0.0723185101,-0.9031958507,11.3875998784,0.1488013998,0.5419284338,1.0070997360,0.0000000000,0.0946843488,0.0006231522,0.0000000000,0.0058452786,1.0000000000,0.0946843488,19.8837132445,-0.249,1.000000,47.9410743608,1,0.2914912395
18.183428,2.8255690414,2.9789906901,1.8390555035,2.3762699222,-0.1661817605,-0.5372144186,0.0709336621,-0.7973073283,12.7066226875,0.1599731954,0.5419284338,1.0070997360,0.0000000000,0.0946843488,0.0005410982,0.0000000000,0.0058340337,1.0000000000,0.0946843488,19.8837132445,-0.649,1.000000,47.9410743608,1,0.2914912395
18.191760,2.8407610931,2.9805246709,1.8071447518,2.2583343883,-0.1518903984,-0.4511896364,0.0696679088,-0.6841479958,13.5791198924,0.1720500931,0.5419284338,1.0070997360,0.0000000000,0.0946843488,0.0004544515,0.0000000000,0.0058214692,1.0000000000,0.0946843488,19.8837132445,-1.048,1.000000,47.9410743608,0,0.2914912395
18.200120,2.8557299011,2.9805246709,1.7738864374,2.1326799186,-0.1362468501,-0.3587934812,0.0685325184,-0.5618033043,14.6813629798,0.1850828601,0.5419284338,1.0077956340,0.0835077663,0.0926598324,0.0003613874,0.0000000000,0.0058073772,1.0000000000,0.0946843488,19.4585647946,-1.448,1.000000,47.9410743608,0,0.3008437511
18.208430,2.8703297057,2.9789906901,1.7396118337,2.0001126438,-0.1194012040,-0.2605008101,0.0675375084,-0.4310363087,15.6920394749,0.2050911179,0.5420800581,1.0082147273,0.0502911929,0.0771068656,0.0002623841,0.0000000000,0.0057917103,1.0000000000,0.0946843488,16.1924417784,-1.847,1.000000,47.9410743608,0,0.3046698928
18.216763,2.8846782079,2.9774567093,1.7040536686,1.8638589545,-0.1027870650,-0.1598052860,0.0666809495,-0.2981897134,15.9415914373,0.2211922271,0.5421706977,1.0084000030,0.0222330820,0.0577004844,0.0001609606,0.0000000000,0.0057741345,1.0000000000,0.0946843488,12.1171017239,-2.247,1.000000,47.9410743608,-1,0.3039148717
18.225088,2.8987117248,2.9743887477,1.6673648405,1.7217993946,-0.0849227540,-0.0544345541,0.0659732599,-0.1580382767,16.8181724111,0.2338271590,0.5422106068,1.0084171829,0.0020615839,0.0343292736,0.0000548281,0.0000000000,0.0057544763,1.0000000000,0.0946843488,7.2091474515,-2.646,1.000000,47.9410743608,-2,0.2998785428
18.233508,2.9125908120,2.9713207861,1.6290947740,1.5745403028,-0.0671849522,0.0545544712,0.0654133853,-0.0143740408,17.2397082993,0.2421874567,0.5422143024,1.0083656669,-0.0061819119,0.0083369626,-0.0000549489,-0.0000000000,0.0057321870,0.9895525626,0.0946843488,1.7507621376,-2.247,1.000000,47.9410743608,-3,0.2945300395
18.241760,2.9258761814,2.9651848630,1.5904807097,1.4251291432,-0.0469613506,0.1653515665,0.0650220407,0.1362012425,18.0690339978,0.2481533437,0.5422032181,1.0083672616,0.0001913560,-0.0200064952,-0.0001665470,-0.0000000000,0.0057076969,0.4644390214,0.0946843488,-4.2013639913,-1.847,1.000000,47.9410743608,-1,0.2904009662
18.250093,2.9389629111,2.9590489398,1.5504065812,1.2762951166,-0.0269394876,0.2741114646,0.0647975450,0.2845031966,17.7962344908,0.2522314600,0.5422035614,1.0085521005,0.0221806747,-0.0485007630,-0.0002760931,-0.0000000000,0.0056799747,0.0008985215,0.0946843488,-10.1851602239,-1.448,1.000000,47.9410743608,-1,0.2903241299
18.258421,2.9517046482,2.9513790359,1.5092919889,1.1254735012,-0.0057179637,0.3838184877,0.0647498953,0.4363091813,18.2167181685,0.2580631755,0.5422432950,1.0090663525,0.0617102323,-0.0788271713,-0.0003865933,-0.0000000000,0.0056488801,0.0000000000,0.0946843488,-16.5537059661,-1.048,1.000000,47.9410743608,-1,0.2974754741
18.266842,2.9642355834,2.9437091320,1.4666695853,0.9778807689,0.0152754200,0.4887888163,0.0648771904,0.5830978893,17.6146449554,0.2690903008,0.5423533210,1.0090663525,0.0000000000,-0.0946843488,-0.0004923225,-0.0000000000,0.0056135576,0.0000000000,0.0946843488,-19.8837132445,-0.649,1.000000,47.9410743608,-1,0.2974754741
18.275094,2.9761622921,2.9345052472,1.4239081007,0.8331797098,0.0371830303,0.5907283909,0.0651870490,0.7288515136,17.4904349152,0.2694286219,0.5423533210,1.0090663525,0.0000000000,-0.0946843488,-0.0005949990,-0.0000000000,0.0055746791,0.1587008759,0.0946843488,-19.8837132445,-0.249,1.000000,47.9410743608,-1,0.2974754741
18.283427,2.9878448018,2.9268353433,1.3797527021,0.6885638822,0.0573120031,0.6911888200,0.0656646490,0.8697590196,16.9089007278,0.2664874540,0.5423533210,1.0090663525,0.0000000000,-0.0946843488,-0.0006961857,-0.0000000000,0.0055305901,0.8007794583,0.0946843488,-19.8837132445,0.150,1.000000,47.9410743608,-3,0.2974754741
18.291759,2.9991539323,2.9176314586,1.3346576786,0.5490332818,0.0785742708,0.7856243969,0.0663194346,1.0070671108,16.4769709437,0.2617206847,0.5423533210,1.0090663525,0.0000000000,-0.0946843488,-0.0007913040,-0.0000000000,0.0054810540,1.0000000000,0.0946843488,-19.8837132445,0.550,1.000000,47.9410743608,7,0.2974754741
18.300121,3.0101223402,2.9114955354,1.2884800975,0.4140568306,0.0964033994,0.8744232669,0.0671227963,1.1320667843,14.9999608157,0.2544994891,0.5423533210,1.0090663525,0.0000000000,-0.0946843488,-0.0008807449,-0.0000000000,0.0054251772,1.0000000000,0.0946843488,-19.8837132445,0.949,1.000000,47.9410743608,-2,0.2974754741
18.308430,3.0206346142,2.9053596123,1.2417163438,0.2881678109,0.1137275963,0.9535485329,0.0680705263,1.2465324136,13.7358755139,0.2465764066,0.5423533210,1.0090663525,0.0000000000,-0.0946843488,-0.0009604421,-0.0000000000,0.0053627975,1.0000000000,0.0946843488,-19.8837132445,1.349,1.000000,47.9410743608,-1,0.2974754741
18.316764,3.0307839802,2.9007576699,1.1939652617,0.1729216212,0.1290977545,1.0210436405,0.0691463409,1.3456134612,11.8897257117,0.2385040048,0.5423533210,1.0090663525,0.0000000000,-0.0946843488,-0.0010284252,-0.0000000000,0.0052925430,1.0000000000,0.0946843488,-19.8837132445,1.748,1.000000,47.9410743608,0,0.2974754741
18.325097,3.0405313042,2.8961557275,1.1453993618,0.0697112211,0.1440012408,1.0756881407,0.0703463512,1.4310395543,10.2511311752,0.2312287175,0.5423533210,1.0090663525,0.0000000000,-0.0946843488,-0.0010834648,-0.0000000000,0.0052136897,1.0000000000,0.0946843488,-19.8837132445,2.148,1.000000,47.9410743608,-1,0.2974754741
18.333512,3.0499612506,2.8915537852,1.0955550329,-0.0202159042,0.1585160210,1.1157709372,0.0716673181,1.5012512421,8.4254025393,0.2253351365,0.5423533210,1.0090663525,0.0000000000,-0.0946843488,-0.0011238373,-0.0000000000,0.0051243223,1.0000000000,0.0946843488,-19.8837132445,2.547,1.000000,47.9410743608,0,0.2974754741
18.341763,3.0587965855,2.8884858236,1.0459409415,-0.0982469998,0.1708383294,1.1441879413,0.0730909708,1.5555441421,6.5151480004,0.2205846584,0.5423533210,1.0090663525,0.0000000000,-0.0946843488,-0.0011524598,-0.0000000000,0.0050261584,1.0000000000,0.0946843488,-19.8837132445,2.947,1.000000,47.9410743608,1,0.2974754741
18.350094,3.0672984110,2.8854178620,0.9951381322,-0.1606155359,0.1827430235,1.1557536681,0.0746138293,1.5922542046,4.4052074947,0.2180041554,0.5423533210,1.0090663525,0.0000000000,-0.0946843488,-0.0011641091,-0.0000000000,0.0049153426,1.0000000000,0.0946843488,-19.8837132445,3.346,1.000000,47.9410743608,0,0.2974754741
18.358427,3.0753769521,2.8823499004,0.9436354995,-0.2114616878,0.1941625602,1.1550971873,0.0762318507,1.6158723720,2.8341800864,0.2170713515,0.5423533210,1.0090663525,0.0000000000,-0.0946843488,-0.0011634479,-0.0000000000,0.0047915333,1.0000000000,0.0946843488,-19.8837132445,3.746,1.000000,47.9410743608,-1,0.2974754741
18.366784,3.0830448550,2.8823499004,0.8913360086,-0.2494843525,0.2020346374,1.1408203611,0.0779154727,1.6188896250,0.3620703596,0.2177669233,0.5423533210,1.0090663525,0.0000000000,-0.0946843488,-0.0011490678,-0.0000000000,0.0046531236,1.0000000000,0.0946843488,-19.8837132445,4.145,1.000000,47.9410743608,5,0.2974754741
18.375093,3.0902326278,2.8808159196,0.8387294140,-0.2760227569,0.2108988972,1.1147521709,0.0796729635,1.6121588268,-0.8076957852,0.2202400500,0.5423533210,1.0090663525,0.0000000000,-0.0946843488,-0.0011228112,-0.0000000000,0.0045001283,1.0000000000,0.0946843488,-19.8837132445,4.545,1.000000,47.9410743608,4,0.2974754741
18.383426,3.0969999019,2.8808159196,0.7853957903,-0.2922762651,0.2177534495,1.0776720554,0.0814875755,1.5904811485,-2.6013213873,0.2240724338,0.5423533210,1.0090663525,0.0000000000,-0.0946843488,-0.0010854630,-0.0000000000,0.0043300508,1.0000000000,0.0946843488,-19.8837132445,4.944,1.000000,47.9410743608,5,0.2974754741
18.391758,3.1033199389,2.8808159196,0.7315287566,-0.2993189850,0.2241113045,1.0308477417,0.0833551697,1.5581250742,-3.8827289211,0.2291480259,0.5423533210,1.0090663525,0.0000000000,-0.0946843488,-0.0010383002,-0.0000000000,0.0041421538,1.0000000000,0.0946843488,-19.8837132445,5.344,1.000000,47.9410743608,4,0.2974754741
18.400165,3.1092401496,2.8792819389,0.6766655593,-0.2981128496,0.2315590193,0.9747784088,0.0852848282,1.5187496408,-4.7250520012,0.2354403367,0.5423533210,1.0090663525,0.0000000000,-0.0946843488,-0.0009818255,-0.0000000000,0.0039333857,1.0000000000,0.0946843488,-19.8837132445,5.743,1.000000,47.9410743608,4,0.2974754741
18.408432,3.1146089969,2.8808159196,0.6222662413,-0.2920237804,0.2353611887,0.9142900217,0.0872461715,1.4677463425,-6.1203957989,0.2417517751,0.5423533210,1.0090663525,0.0000000000,-0.0946843488,-0.0009208998,-0.0000000000,0.0037084592,1.0000000000,0.0946843488,-19.8837132445,6.143,1.000000,47.9410743608,7,0.2974754741
18.416763,3.1195633998,2.8792819389,0.5670133252,-0.2790572804,0.2417799447,0.8460706056,0.0892610044,1.4142612999,-6.4182051096,0.2489963552,0.5423533210,1.0090663525,0.0000000000,-0.0946843488,-0.0008521872,-0.0000000000,0.0034613370,1.0000000000,0.0946843488,-19.8837132445,6.542,1.000000,47.9410743608,7,0.2974754741
18.425089,3.1240531405,2.8792819389,0.5114072337,-0.2649404944,0.2461938810,0.7763477281,0.0913126200,1.3553274935,-7.0720567737,0.2557728807,0.5423533210,1.0090663525,0.0000000000,-0.0946843488,-0.0007819603,-0.0000000000,0.0031935025,1.0000000000,0.0946843488,-19.8837132445,6.942,1.000000,47.9410743608,8,0.2974754741
18.433507,3.1281201159,2.8792819389,0.4548337782,-0.2472891044,0.2501660719,0.7021228826,0.0933973373,1.2910470524,-7.7136529346,0.2624410429,0.5423533210,1.0090663525,0.0000000000,-0.0946843488,-0.0007071988,-0.0000000000,0.0029014934,1.0000000000,0.0946843488,-19.8837132445,7.341,1.000000,47.9410743608,8,0.2974754741
18.441760,3.1316442518,2.8792819389,0.3990518280,-0.2289766971,0.2535918737,0.6280285251,0.0955106029,1.2258401208,-7.8248317888,0.2684177903,0.5423533210,1.0090663525,0.0000000000,-0.0946843488,-0.0006325688,-0.0000000000,0.0025948503,1.0000000000,0.0946843488,-19.8837132445,7.741,1.000000,47.9410743608,7,0.2974754741
18.450094,3.1347341218,2.8792819389,0.3424597735,-0.2100723060,0.2565802307,0.5525320795,0.0976487715,1.1583868913,-8.0943875437,0.2737398642,0.5423533210,1.0090663525,0.0000000000,-0.0946843488,-0.0005565266,-0.0000000000,0.0022657417,1.0000000000,0.0946843488,-19.8837132445,8.140,1.000000,47.9410743608,8,0.2974754741
18.458428,3.1373515037,2.8792819389,0.2856299716,-0.1906377553,0.2590932528,0.4762677269,0.0998078819,1.0892423892,-8.2973402462,0.2782576004,0.5423533210,1.0090663525,0.0000000000,-0.0946843488,-0.0004797109,-0.0000000000,0.0019184389,1.0000000000,0.0946843488,-19.8837132445,8.540,1.000000,47.9410743608,8,0.2974754741
18.466785,3.1394996698,2.8808159196,0.2284471474,-0.1732328610,0.2596139772,0.4016800084,0.1019713317,1.0178220969,-8.5704350808,0.2814361397,0.5423533210,1.0090663525,0.0000000000,-0.0946843488,-0.0004045839,-0.0000000000,0.0015539087,1.0000000000,0.0946843488,-19.8837132445,8.939,1.000000,47.9410743608,8,0.2974754741
18.475094,3.1411610336,2.8808159196,0.1714376110,-0.1551412063,0.2611781923,0.3265788173,0.1041478167,0.9479735578,-8.3818246956,0.2840049695,0.5423533210,1.0090663525,0.0000000000,-0.0946843488,-0.0003289398,-0.0000000000,0.0011778127,1.0000000000,0.0946843488,-19.8837132445,9.339,1.000000,47.9410743608,8,0.2974754741
18.483428,3.1423511098,2.8792819389,0.1141364483,-0.1389389621,0.2638152464,0.2530754104,0.1063462771,0.8818751299,-7.9318113407,0.2859296515,0.5423533210,1.0090663525,0.0000000000,-0.0946843488,-0.0002549050,-0.0000000000,0.0007898428,1.0000000000,0.0946843488,-19.8837132445,9.738,1.000000,47.9410743608,7,0.2974754741
18.491763,3.1430633667,2.8792819389,0.0567460744,-0.1244288068,0.2644495866,0.1811748812,0.1085500236,0.8134074024,-8.2161273032,0.2865118744,0.5423533210,1.0090663525,0.0000000000,-0.0946843488,-0.0001824847,-0.0000000000,0.0003944147,1.0000000000,0.0946843488,-19.8837132445,10.138,1.000000,47.9410743608,10,0.2974754741
18.500125,3.1432970230,2.8792819389,-0.0008600590,-0.1114340263,0.2646134634,0.1105739674,0.1107551358,0.7453062966,-8.1721326909,0.2861510596,0.5423533210,1.0090663525,0.0000000000,-0.0946843488,-0.0001113734,-0.0000000000,-0.0000059865,1.0000000000,0.0946843488,-19.8837132445,10.537,1.000000,47.9410743608,10,0.2974754741
18.508436,3.1430519025,2.8792819389,-0.0581209585,-0.0997963618,0.2643058509,0.0416754034,0.1129576846,0.6779686352,-8.0805193708,0.2848970752,0.5423533210,1.0090663525,0.0000000000,-0.0946843488,-0.0000419767,-0.0000000000,-0.0004039423,1.0000000000,0.0946843488,-19.8837132445,10.937,1.000000,47.9410743608,12,0.2974754741
18.516764,3.1423290585,2.8808159196,-0.1154581818,-0.0893740823,0.2619930604,-0.0260840995,0.1151409601,0.6077687471,-8.4239865745,0.2823411112,0.5423533210,1.0090663525,0.0000000000,-0.0946843488,0.0000262727,0.0000000000,-0.0007988815,1.0000000000,0.0946843488,-19.8837132445,11.336,1.000000,47.9410743608,11,0.2974754741
18.525085,3.1411303199,2.8792819389,-0.1726638395,-0.0800402583,0.2622781818,-0.0926235812,0.1173266116,0.5439506759,-7.6581685386,0.2798982447,0.5423533210,1.0090663525,0.0000000000,-0.0946843488,0.0000932932,0.0000000000,-0.0011860167,1.0000000000,0.0946843488,-19.8837132445,11.736,1.000000,47.9410743608,11,0.2974754741
18.533509,3.1394323007,2.8808159196,-0.2304590814,-0.0716812166,0.2590012954,-0.1587778648,0.1194849557,0.4734167290,-8.4640736349,0.2757278329,0.5423533210,1.0090663525,0.0000000000,-0.0946843488,0.0001599257,0.0000000000,-0.0015669657,1.0000000000,0.0946843488,-19.8837132445,12.135,1.000000,47.9410743608,11,0.2974754741
18.541763,3.1372968622,2.8808159196,-0.2869338409,-0.0641951553,0.2568256582,-0.2227386856,0.1216251695,0.4072454483,-7.9405536804,0.2713985044,0.5423533210,1.0095257684,0.0551299159,-0.0835124928,0.0002243490,0.0000000000,-0.0019265828,1.0000000000,0.0946843488,-17.5376234841,12.535,1.000000,47.9410743608,10,0.3031688080
18.550093,3.1346699068,2.8792819389,-0.3437335027,-0.0574909043,0.2556966830,-0.2862425984,0.1237559752,0.3436004697,-7.6373974315,0.2726852101,0.5424509676,1.0098386644,0.0375475200,-0.0712620980,0.0002883120,0.0000000000,-0.0022733390,1.0000000000,0.0946843488,-14.9650405783,12.934,1.000000,47.9410743608,14,0.3054713827
18.558421,3.1315718100,2.8792819389,-0.4002798225,-0.0514868149,0.2525663454,-0.3487930075,0.1258606948,0.2769085667,-8.0030283627,0.2692453668,0.5425171221,1.0100209917,0.0218792743,-0.0575711122,0.0003513146,0.0000000000,-0.0026017948,1.0000000000,0.0946843488,-12.0899335558,12.535,1.000000,47.9410743608,13,0.3049235301
18.566845,3.1279596494,2.8808159196,-0.4572053782,-0.0461097654,0.2473913303,-0.4110956128,0.1279222892,0.2063612145,-8.4656822595,0.2618592703,0.5425555401,1.0100959631,0.0089965617,-0.0429027335,0.0004140676,0.0000000000,-0.0029141238,1.0000000000,0.0946843488,-9.0095740319,12.135,1.000000,47.9410743608,14,0.3021304994
18.575094,3.1239595566,2.8808159196,-0.5126317998,-0.0412942706,0.2433653793,-0.4713375292,0.1299503340,0.1401235109,-7.9485244323,0.2526750875,0.5425713093,1.0101003702,0.0005288608,-0.0294616626,0.0004747450,0.0000000000,-0.0031996068,1.0000000000,0.0946843488,-6.1869491368,11.736,1.000000,47.9410743608,13,0.2979228883
18.583427,3.1194558335,2.8808159196,-0.5682745179,-0.0369816842,0.2388384984,-0.5312928338,0.1319406548,0.0731403748,-8.0379763365,0.2419433825,0.5425722358,1.0100624321,-0.0045525816,-0.0164620310,0.0005351338,0.0000000000,-0.0034671892,1.0000000000,0.0946843488,-3.4570265073,11.336,1.000000,47.9410743608,13,0.2929129095
18.591754,3.1144934665,2.8808159196,-0.6234916154,-0.0331194847,0.2338553921,-0.5903721306,0.1338894498,0.0060862362,-8.0464966298,0.2304219978,0.5425642585,1.0100094198,-0.0063614644,-0.0042068942,0.0005946402,0.0000000000,-0.0037137256,1.0000000000,0.0946843488,-0.8834477816,10.937,1.000000,47.9410743608,10,0.2876789158
18.600176,3.1090090032,2.8808159196,-0.6789003537,-0.0296606359,0.2283523555,-0.6492397178,0.1357923861,-0.0618339933,-8.1504275435,0.2186114628,0.5425531047,1.0099664583,-0.0051553905,0.0073669933,0.0006539334,0.0000000000,-0.0039422409,1.0000000000,0.0946843488,1.5470686007,10.537,1.000000,47.9410743608,12,0.2827474999
18.608430,3.1031827473,2.8808159196,-0.7327458313,-0.0265630136,0.2225094659,-0.7061828177,0.1376466316,-0.1285526949,-8.0062441907,0.2072156329,0.5425440595,1.0099555738,-0.0013061364,0.0179218674,0.0007112881,0.0000000000,-0.0041465835,1.0000000000,0.0946843488,3.7635921474,10.138,1.000000,47.9410743608,9,0.2785731852
18.616765,3.0968504324,2.8808159196,-0.7866190350,-0.0237888928,0.2161622545,-0.7628301421,0.1394479837,-0.1960293597,-8.0971997708,0.1963774966,0.5425417671,1.0099971140,0.0049848306,0.0278488306,0.0007683450,0.0000000000,-0.0043341267,1.0000000000,0.0946843488,5.8482544294,9.738,1.000000,47.9410743608,8,0.2755618976
18.625082,3.0900864867,2.8808159196,-0.8398378718,-0.0213044887,0.2093849681,-0.8185333831,0.1411928585,-0.2634717596,-8.0930879881,0.1864555380,0.5425505144,1.0101091700,0.0134467194,0.0371258888,0.0008244509,0.0000000000,-0.0045035003,1.0000000000,0.0946843488,7.7964366418,9.339,1.000000,47.9410743608,9,0.2740492287
18.633416,3.0828668787,2.8808159196,-0.8925920170,-0.0190795445,0.2021534125,-0.8735124725,0.1428774703,-0.3311516085,-8.1215818756,0.1775965426,0.5425740855,1.0103087938,0.0239548490,0.0459205083,0.0008798275,0.0000000000,-0.0046566041,1.0000000000,0.0946843488,9.6433067460,8.939,1.000000,47.9410743608,9,0.2743148597
18.641850,3.0751153823,2.8808159196,-0.9453576983,-0.0170869634,0.1943912163,-0.9282707349,0.1444973971,-0.3997282654,-8.2291988266,0.1698308206,0.5426159864,1.0106134828,0.0365626859,0.0544482346,0.0009349816,0.0000000000,-0.0047958689,1.0000000000,0.0946843488,11.4341292669,8.540,1.000000,47.9410743608,9,0.2766010133
18.650093,3.0671125307,2.8808159196,-0.9962842210,-0.0153024784,0.1863787824,-0.9809817426,0.1460505536,-0.4668204785,-8.0510655663,0.1634798507,0.5426797174,1.0110366969,0.0507856843,0.0625651823,0.0009880737,0.0000000000,-0.0049179633,1.0000000000,0.0946843488,13.1386882849,8.140,1.000000,47.9410743608,9,0.2810193286
18.658426,3.0585980615,2.8808159196,-1.0470896353,-0.0137043569,0.1778557317,-1.0333852784,0.1475326847,-0.5346893391,-8.1442632775,0.1582411970,0.5427677925,1.0115958461,0.0670979036,0.0706668369,0.0010408561,0.0000000000,-0.0050285406,1.0000000000,0.0946843488,14.8400357514,7.741,1.000000,47.9410743608,7,0.2877014000
18.666754,3.0496691786,2.8808159196,-1.0971448401,-0.0122731360,0.1689191633,-1.0848717041,0.1489403444,-0.6025357681,-8.1415714779,0.1541596406,0.5428833584,1.0123077024,0.0854227580,0.0787756026,0.0010927147,0.0000000000,-0.0051273119,1.0000000000,0.0946843488,16.5428765424,7.341,1.000000,47.9410743608,7,0.2967078525
18.675177,3.0402173979,2.8808159196,-1.1470081815,-0.0109913853,0.1594604999,-1.1360167961,0.1502691819,-0.6711554668,-8.2343638432,0.1510484043,0.5430291686,1.0131918279,0.1060950669,0.0870596916,0.0011442296,0.0000000000,-0.0052164280,1.0000000000,0.0946843488,18.2825352326,6.942,1.000000,47.9410743608,6,0.3080893580
18.683428,3.0305547028,2.8808159196,-1.1950744298,-0.0098434949,0.1497916408,-1.1852309349,0.1502691819,-0.7395719597,-8.2099791456,0.1490461957,0.5432082065,1.0131918279,0.0000000000,0.0946843488,0.0011937995,0.0000000000,-0.0052942543,1.0000000000,0.0946843488,19.8837132445,6.542,1.000000,47.9410743608,6,0.3080893580
18.691761,3.0203971862,2.8808159196,-1.2428016494,-0.0088154849,0.1396286041,-1.2339861645,0.1502691819,-0.8085109803,-8.2726824781,0.1409504616,0.5432082065,1.0131918279,0.0000000000,0.0946843488,0.0012429072,0.0000000000,-0.0053643151,1.0000000000,0.0946843488,19.8837132445,6.143,1.000000,47.9410743608,8,0.3080893580
18.700160,3.0097599657,2.8792819389,-1.2900468192,-0.0078948356,0.1305204205,-1.2821519836,0.1502691819,-0.8747656519,-7.9505605863,0.1334420481,0.5432082065,1.0131918279,0.0000000000,0.0946843488,0.0012914212,0.0000000000,-0.0054271634,1.0000000000,0.0946843488,19.8837132445,5.743,1.000000,47.9410743608,6,0.3080893580
18.708508,2.9987976123,2.8808159196,-1.3361161366,-0.0070703348,0.1180196590,-1.3290458018,0.1502691819,-0.9464859825,-8.6064396715,0.1253439833,0.5432082065,1.0131918279,0.0000000000,0.0946843488,0.0013386541,0.0000000000,-0.0054827315,1.0000000000,0.0946843488,19.8837132445,5.344,1.000000,47.9410743608,6,0.3080893580
18.716764,2.9875814323,2.8808159196,-1.3807744438,-0.0063319411,0.1067995140,-1.3744425027,0.1502691819,-1.0141658915,-8.1215890789,0.1180210877,0.5432082065,1.0131918279,0.0000000000,0.0946843488,0.0013843789,0.0000000000,-0.0055316582,1.0000000000,0.0946843488,19.8837132445,4.944,1.000000,47.9410743608,4,0.3080893580
18.725093,2.9758964626,2.8792819389,-1.4248859123,-0.0056706619,0.0966449741,-1.4192152504,0.1502691819,-1.0791055554,-7.7927596693,0.1113003977,0.5432082065,1.0131918279,0.0000000000,0.0946843488,0.0014294754,0.0000000000,-0.0055756088,1.0000000000,0.0946843488,19.8837132445,4.545,1.000000,47.9410743608,4,0.3080893580
18.733419,2.9638523146,2.8808159196,-1.4680072235,-0.0050784436,0.0830636652,-1.4629287799,0.1502691819,-1.1497915643,-8.4823210704,0.1040860830,0.5432082065,1.0131918279,0.0000000000,0.0946843488,0.0014735049,0.0000000000,-0.0056147167,1.0000000000,0.0946843488,19.8837132445,4.145,1.000000,47.9410743608,5,0.3080893580
18.741840,2.9513110059,2.8808159196,-1.5105948110,-0.0045480740,0.0705195085,-1.5060467370,0.1502691819,-1.2178222166,-8.1636782740,0.0974909379,0.5432082065,1.0131918279,0.0000000000,0.0946843488,0.0015169346,0.0000000000,-0.0056499089,1.0000000000,0.0946843488,19.8837132445,3.746,1.000000,47.9410743608,4,0.3080893580
18.750093,2.9386747444,2.8808159196,-1.5513118829,-0.0040730938,0.0578806965,-1.5472387892,0.1502691819,-1.2841149494,-7.9551279371,0.0913281515,0.5432082065,1.0131918279,0.0000000000,0.0946843488,0.0015584244,0.0000000000,-0.0056806283,0.8165432820,0.0946843488,19.8837132445,3.346,1.000000,47.9410743608,5,0.3080893580
18.758424,2.9255831344,2.8808159196,-1.5913543665,-0.0036477183,0.0447868023,-1.5877066482,0.1502691819,-1.3505872823,-7.9766799527,0.0854154342,0.5432082065,1.0131918279,0.0000000000,0.0946843488,0.0015991849,0.0000000000,-0.0057082744,0.3904529950,0.0946843488,19.8837132445,2.947,1.000000,47.9410743608,1,0.3080893580
18.766754,2.9121645613,2.8808159196,-1.6303008428,-0.0032667672,0.0313661836,-1.6270340756,0.1502691819,-1.4165680586,-7.9176931526,0.0798132071,0.5432082065,1.0131918279,0.0000000000,0.0946843488,0.0016387966,0.0000000000,-0.0057329187,0.0390246462,0.0946843488,19.8837132445,2.547,1.000000,47.9410743608,1,0.3080893580
18.775109,2.8983835441,2.8808159196,-1.6682453459,-0.0029256008,0.0175833344,-1.6653197450,0.1502691819,-1.4822264665,-7.8790089470,0.0745030521,0.5432082065,1.0131918279,0.0000000000,0.0946843488,0.0016773591,0.0000000000,-0.0057549671,0.0000000000,0.0946843488,19.8837132445,2.148,1.000000,47.9410743608,3,0.3080893580
18.783420,2.8843655416,2.8808159196,-1.7048491192,-0.0026200643,0.0035636912,-1.7022290549,0.1502691819,-1.5469787876,-7.7702785323,0.0695239376,0.5432082065,1.0131918279,0.0000000000,0.0946843488,0.0017145352,0.0000000000,-0.0057745432,0.0000000000,0.0946843488,19.8837132445,1.748,1.000000,47.9410743608,2,0.3080893580
18.791757,2.8700045251,2.8792819389,-1.7403957414,-0.0023464367,-0.0092648139,-1.7380493047,0.1501919751,-1.6083525782,-7.3648548760,0.0650975915,0.5432082065,1.0131918279,0.0000000000,0.0946843488,0.0017506144,0.0000000000,-0.0057920823,0.0000000000,0.0946843488,19.8837132445,1.349,1.000000,47.9410743608,3,0.3080893580
18.800094,2.8553498417,2.8808159196,-1.7747539975,-0.0021013855,-0.0254547939,-1.7726526121,0.1499798518,-1.6753183499,-8.0358925972,0.0604140006,0.5432082065,1.0131918279,0.0000000000,0.0946843488,0.0017854679,0.0000000000,-0.0058077583,0.0000000000,0.0946843488,19.8837132445,0.949,1.000000,47.9410743608,1,0.3080893580
18.808481,2.8403240584,2.8792819389,-1.8080882064,-0.0018819263,-0.0389477748,-1.8062062801,0.1496552870,-1.7359891148,-7.2804917891,0.0565029027,0.5432082065,1.0131918279,0.0000000000,0.0946843488,0.0018192641,0.0000000000,-0.0058218537,0.2067639430,0.0946843488,19.8837132445,0.550,1.000000,47.9410743608,0,0.3080893580
18.816763,2.8252173454,2.8792819389,-1.8397730195,-0.0016853865,-0.0540555433,-1.8380876330,0.1492048241,-1.7983186743,-7.4795471435,0.0526528790,0.5432082065,1.0131918279,0.0000000000,0.0946843488,0.0018513760,0.0000000000,-0.0058343060,0.7029374613,0.0946843488,19.8837132445,0.150,1.000000,47.9410743608,1,0.3080893580
18.825089,2.8097711011,2.8792819389,-1.8703707060,-0.0015093723,-0.0695027327,-1.8688613337,0.1486256347,-1.8603416023,-7.4427513642,0.0490397989,0.5432082065,1.0131918279,0.0000000000,0.0946843488,0.0018823721,0.0000000000,-0.0058455149,0.9998488634,0.0946843488,19.8837132445,-0.249,1.000000,47.9410743608,0,0.3080893580
18.833425,2.7940575783,2.8792819389,-1.8997211107,-0.0013517403,-0.0852171020,-1.8983693704,0.1479154922,-1.9217586118,-7.3700411298,0.0456697547,0.5432082065,1.0131918279,0.0000000000,0.0946843488,0.0019120935,0.0000000000,-0.0058555625,1.0000000000,0.0946843488,19.8837132445,-0.649,1.000000,47.9410743608,0,0.3080893580
18.841842,2.7779463765,2.8777479581,-1.9280388909,-0.0012105707,-0.0997950810,-1.9268283202,0.1470838665,-1.9799894516,-6.9877007841,0.0427045111,0.5432082065,1.0131918279,0.0000000000,0.0946843488,0.0019407582,0.0000000000,-0.0058646438,1.0000000000,0.0946843488,19.8837132445,-1.048,1.000000,47.9410743608,0,0.3080893580
18.850095,2.7619252931,2.8777479581,-1.9544923931,-0.0035885927,-0.1158033949,-1.9509038004,0.1461188382,-2.0368090084,-6.8183468080,0.0399800817,0.5432082065,1.0131918279,0.0000000000,0.0946843488,0.0019650077,0.0000000000,-0.0058726162,1.0000000000,0.0946843488,19.8837132445,-1.448,1.000000,47.9410743608,0,0.3080893580
18.858425,2.7455375134,2.8762139773,-1.9798626240,-0.0057182649,-0.1306457579,-1.9741443591,0.1450301236,-2.0906000260,-6.4549221109,0.0375861827,0.5432082065,1.0131918279,0.0000000000,0.0946843488,0.0019884163,0.0000000000,-0.0058798251,1.0000000000,0.0946843488,19.8837132445,-1.847,1.000000,47.9410743608,0,0.3080893580
18.866753,2.7289480777,2.8746799965,-2.0038713441,-0.0076255238,-0.1456909712,-1.9962458204,0.1438160322,-2.1437784344,-6.3814090141,0.0353473200,0.5432082065,1.0131918279,0.0000000000,0.0946843488,0.0020106775,0.0000000000,-0.0058862747,1.0000000000,0.0946843488,19.8837132445,-2.247,1.000000,47.9410743608,-2,0.3080893580
18.875169,2.7119863158,2.8731460157,-2.0267399072,-0.0118380457,-0.1610961319,-2.0149018615,0.1424735644,-2.1943528637,-6.0689315199,0.0333784834,0.5432082065,1.0131918279,0.0000000000,0.0946843488,0.0020294685,0.0000000000,-0.0058920987,1.0000000000,0.0946843488,19.8837132445,-2.646,1.000000,47.9410743608,-1,0.3080893580
18.883426,2.6951643932,2.8700780541,-2.0477988323,-0.0181150795,-0.1748163865,-2.0296837528,0.1410167612,-2.2378196600,-5.2160155519,0.0318663104,0.5432082065,1.0131918279,0.0000000000,0.0946843488,0.0020443572,0.0000000000,-0.0058972000,1.0000000000,0.0946843488,19.8837132445,-3.046,1.000000,47.9410743608,-3,0.3080893580
18.891758,2.6780179424,2.8670100926,-2.0676538387,-0.0287454653,-0.1888377926,-2.0389083734,0.1394431129,-2.2764424875,-4.6347392933,0.0306807829,0.5432082065,1.0131918279,0.0000000000,0.0946843488,0.0020536485,0.0000000000,-0.0059017905,1.0000000000,0.0946843488,19.8837132445,-3.445,1.000000,47.9410743608,-2,0.3080893580
18.900093,2.6607059232,2.8624081502,-2.0860982937,-0.0407701104,-0.2014832993,-2.0453281833,0.1377640854,-2.3096318771,-3.9827267619,0.0298102121,0.5432082065,1.0131918279,0.0000000000,0.0946843488,0.0020601147,0.0000000000,-0.0059058724,1.0000000000,0.0946843488,19.8837132445,-3.845,1.000000,47.9410743608,-3,0.3080893580
18.908513,2.6430668012,2.8562722270,-2.1032790310,-0.0590523017,-0.2128883264,-2.0442267293,0.1359900160,-2.3329301261,-2.7957898782,0.0294758862,0.5432082065,1.0131918279,0.0000000000,0.0946843488,0.0020590053,0.0000000000,-0.0059095230,1.0000000000,0.0946843488,19.8837132445,-4.244,1.000000,47.9410743608,-3,0.3080893580
18.916795,2.6255830537,2.8486023231,-2.1187412644,-0.0829385294,-0.2225739054,-2.0358027350,0.1341352335,-2.3455705984,-1.5168566699,0.0296822720,0.5432082065,1.0131918279,0.0000000000,0.0946843488,0.0020505204,0.0000000000,-0.0059126881,1.0000000000,0.0946843488,19.8837132445,-4.644,1.000000,47.9410743608,-3,0.3080893580
18.925096,2.6079355182,2.8409324192,-2.1328007425,-0.1118435333,-0.2323963227,-2.0209572092,0.1321985974,-2.3521420113,-0.7885695480,0.0302192510,0.5432082065,1.0131918279,0.0000000000,0.0946843488,0.0020355676,0.0000000000,-0.0059154706,1.0000000000,0.0946843488,19.8837132445,-5.043,1.000000,47.9410743608,-4,0.3080893580
18.933426,2.5901157012,2.8332625152,-2.1454508162,-0.1477476238,-0.2423534378,-1.9977031923,0.1301789855,-2.3506542613,0.1785299940,0.0312110925,0.5432082065,1.0131918279,0.0000000000,0.0946843488,0.0020121455,0.0000000000,-0.0059178988,1.0000000000,0.0946843488,19.8837132445,-5.443,1.000000,47.9410743608,-5,0.3080893580
18.941763,2.5721810479,2.8240586305,-2.1566407544,-0.1899198480,-0.2508577496,-1.9667209064,0.1280885042,-2.3386228555,1.4437686944,0.0328255875,0.5432082065,1.0131918279,0.0000000000,0.0946843488,0.0019809392,0.0000000000,-0.0059199889,1.0000000000,0.0946843488,19.8837132445,-5.842,1.000000,47.9410743608,-4,0.3080893580
18.950170,2.5540098247,2.8133207650,-2.1664254324,-0.2377055904,-0.2580345070,-1.9287198420,0.1259382167,-2.3169951203,2.5953282231,0.0350892807,0.5432082065,1.0131918279,0.0000000000,0.0946843488,0.0019426634,0.0000000000,-0.0059217732,1.0000000000,0.0946843488,19.8837132445,-6.242,1.000000,47.9410743608,-5,0.3080893580
18.958420,2.5361020184,2.8010489187,-2.1745595086,-0.2930230491,-0.2633734229,-1.8815364595,0.1237434381,-2.2825789839,4.1299363682,0.0382794191,0.5432082065,1.0131918279,0.0000000000,0.0946843488,0.0018951389,0.0000000000,-0.0059232263,1.0000000000,0.0946843488,19.8837132445,-6.641,1.000000,47.9410743608,-6,0.3080893580
18.966751,2.5179564450,2.7903110532,-2.1812911296,-0.3550856459,-0.2704478666,-1.8262054837,0.1214897059,-2.2435201438,4.6870608182,0.0420394302,0.5432082065,1.0131918279,0.0000000000,0.0946843488,0.0018394079,0.0000000000,-0.0059244086,1.0000000000,0.0946843488,19.8837132445,-7.041,1.000000,47.9410743608,-7,0.3080893580
18.975087,2.4997508478,2.7765052261,-2.1865311041,-0.4206845006,-0.2744953835,-1.7658466035,0.1192022444,-2.1934551813,6.0077955011,0.0469180949,0.5432082065,1.0131918279,0.0000000000,0.0946843488,0.0017786127,0.0000000000,-0.0059253164,1.0000000000,0.0946843488,19.8837132445,-7.440,1.000000,47.9410743608,-6,0.3080893580
18.983515,2.4813048512,2.7626993990,-2.1903048124,-0.4919547509,-0.2787528455,-1.6983500614,0.1168793040,-2.1367044917,6.8100827448,0.0528038827,0.5432082065,1.0131918279,0.0000000000,0.0946843488,0.0017106282,0.0000000000,-0.0059259634,1.0000000000,0.0946843488,19.8837132445,-7.840,1.000000,47.9410743608,-7,0.3080893580
18.991759,2.4632378770,2.7488935719,-2.1925104149,-0.5683041021,-0.2826040114,-1.6242063128,0.1145242706,-2.0725313369,7.7007785803,0.0598913917,0.5432082065,1.0131918279,0.0000000000,0.0946843488,0.0016359484,0.0000000000,-0.0059263390,1.0000000000,0.0946843488,19.8837132445,-8.239,1.000000,47.9410743608,-8,0.3080893580
19.000091,2.4449651260,2.7320197832,-2.1932453322,-0.6466976673,-0.2835820153,-1.5465476650,0.1121610871,-1.9991452196,8.8063340794,0.0686502126,0.5432082065,1.0131918279,0.0000000000,0.0946843488,0.0015577283,0.0000000000,-0.0059264637,1.0000000000,0.0946843488,19.8837132445,-8.639,1.000000,47.9410743608,-8,0.3080893580
19.008443,2.4266500418,2.7151459946,-2.1924739472,-0.7294264066,-0.2845790734,-1.4630475406,0.1097895948,-1.9199636603,9.5017871172,0.0789887778,0.5432082065,1.0131918279,0.0000000000,0.0946843488,0.0014736245,0.0000000000,-0.0059263328,1.0000000000,0.0946843488,19.8837132445,-9.039,1.000000,47.9410743608,-8,0.3080893580
19.016790,2.4083574384,2.6998061867,-2.1901949465,-0.8135331255,-0.2870802321,-1.3766618210,0.1073972596,-1.8409042015,9.4871350537,0.0903706058,0.5432082065,1.0131918279,0.0000000000,0.0946843488,0.0013866143,0.0000000000,-0.0059259447,1.0000000000,0.0946843488,19.8837132445,-9.438,1.000000,47.9410743608,-10,0.3080893580
19.025091,2.3901912872,2.6829323980,-2.1864350102,-0.8988739142,-0.2879143310,-1.2875610961,0.1049979735,-1.7558258107,10.2094068893,0.1036918987,0.5432082065,1.0131918279,0.0000000000,0.0946843488,0.0012968694,0.0000000000,-0.0059252998,1.0000000000,0.0946843488,19.8837132445,-9.838,1.000000,47.9410743608,-10,0.3080893580
19.033434,2.3719702240,2.6629906478,-2.1811576694,-0.9853198919,-0.2857294457,-1.1958377776,0.1026168948,-1.6621111703,11.2457568567,0.1196895237,0.5432082065,1.0131918279,0.0000000000,0.0946843488,0.0012044830,0.0000000000,-0.0059243853,1.0000000000,0.0946843488,19.8837132445,-10.237,1.000000,47.9410743608,-11,0.3080893580
19.041759,2.3538404779,2.6445828783,-2.1743989154,-1.0727556377,-0.2849819093,-1.1016432777,0.1002420455,-1.5687737808,11.2004867336,0.1370892443,0.5432082065,1.0131918279,0.0000000000,0.0946843488,0.0011096075,0.0000000000,-0.0059231979,1.0000000000,0.0946843488,19.8837132445,-10.637,1.000000,47.9410743608,-11,0.3080893580
19.050093,2.3357522471,2.6246411281,-2.1661426896,-1.1610777847,-0.2826541169,-1.0050649049,0.0978865945,-1.4698950024,11.8654534144,0.1570265618,0.5432082065,1.0131918279,0.0000000000,0.0946843488,0.0010123310,0.0000000000,-0.0059217222,1.0000000000,0.0946843488,19.8837132445,-11.036,1.000000,47.9410743608,-11,0.3080893580
19.058514,2.3175523712,2.6031653970,-2.1562926972,-1.2501937613,-0.2788997262,-0.9060989359,0.0955624302,-1.3657645534,12.4956538724,0.1796784754,0.5432082065,1.0131918279,0.0000000000,0.0946843488,0.0009126495,0.0000000000,-0.0059199247,1.0000000000,0.0946843488,19.8837132445,-11.436,1.000000,47.9410743608,-10,0.3080893580
19.066766,2.2998024447,2.5816896660,-2.1451752782,-1.3400206634,-0.2746915685,-0.8051546148,0.0932733338,-1.2587199923,12.8453473328,0.2044921685,0.5432082065,1.0131918279,0.0000000000,0.0946843488,0.0008109754,0.0000000000,-0.0059178467,1.0000000000,0.0946843488,19.8837132445,-11.835,1.000000,47.9410743608,-10,0.3080893580
19.075088,2.2820028745,2.5586799542,-2.1325048315,-1.4279797967,-0.2690091033,-0.7045250348,0.0910315912,-1.1490155044,13.1645385511,0.2316036845,0.5432082065,1.0131918279,0.0000000000,0.0946843488,0.0007096184,0.0000000000,-0.0059154130,1.0000000000,0.0946843488,19.8837132445,-12.235,1.000000,47.9410743608,-11,0.3080893580
19.083425,2.2642822938,2.5356702424,-2.1183495846,-1.5167706710,-0.2632431822,-0.6015789136,0.0888378980,-1.0367813529,13.4680981803,0.2606143949,0.5432082065,1.0131918279,0.0000000000,0.0946843488,0.0006059280,0.0000000000,-0.0059126093,1.0000000000,0.0946843488,19.8837132445,-12.634,1.000000,47.9410743608,-10,0.3080893580
19.091757,2.2466962627,2.5141945113,-2.1027510255,-1.6063064230,-0.2588726926,-0.4964446025,0.0866806256,-0.9250944258,13.4024312569,0.2902156101,0.5432082065,1.0131918279,0.0000000000,0.0946843488,0.0005000336,0.0000000000,-0.0059094129,1.0000000000,0.0946843488,19.8837132445,-13.034,1.000000,47.9410743608,-12,0.3080893580
19.100091,2.2292400652,2.4911847995,-2.0857055438,-1.6940048126,-0.2528482548,-0.3917007312,0.0845735568,-0.8104636941,13.7556878009,0.3213254830,0.5432082065,1.0131918279,0.0000000000,0.0946843488,0.0003945325,0.0000000000,-0.0059057872,1.0000000000,0.0946843488,19.8837132445,-13.433,1.000000,47.9410743608,-13,0.3080893580
19.108439,2.2119053050,2.4681750877,-2.0672004584,-1.7800577256,-0.2467112155,-0.2871427328,0.0825176300,-0.6957447803,13.7662696588,0.3525513487,0.5432082065,1.0131918279,0.0000000000,0.0946843488,0.0002892186,0.0000000000,-0.0059016879,1.0000000000,0.0946843488,19.8837132445,-13.833,1.000000,47.9410743608,-12,0.3080893580
19.116977,2.1943424036,2.4436313951,-2.0468041719,-1.8646370081,-0.2392762500,-0.1821671637,0.0805236613,-0.5779695205,14.1330311731,0.3844352426,0.5432082065,1.0131918279,0.0000000000,0.0946843488,0.0001834841,0.0000000000,-0.0058969646,1.0000000000,0.0946843488,19.8837132445,-14.232,1.000000,47.9410743608,-13,0.3080893580
19.125075,2.1778495117,2.4175537217,-2.0260961354,-1.9478965594,-0.2292443806,-0.0781995760,0.0786132914,-0.4559623585,14.6408594340,0.4165853745,0.5432082065,1.0131918279,0.0000000000,0.0946843488,0.0000787649,0.0000000000,-0.0058919389,1.0000000000,0.0946843488,19.8837132445,-14.632,1.000000,47.9410743608,-14,0.3080893580
19.133425,2.1610265201,2.3914760483,-2.0033731714,-2.0299742062,-0.2195489577,0.0266010347,0.0767837168,-0.3337106880,14.6702004574,0.4470621207,0.5432082065,1.0136435505,0.0542067040,0.0930741370,-0.0000267933,-0.0000000000,-0.0058861444,1.0000000000,0.0946843488,19.5455687696,-15.031,1.000000,47.9410743608,-15,0.3143258088
19.141761,2.1444259595,2.3653983749,-1.9793122651,-2.1109933812,-0.2096367875,0.1316811161,0.0750367436,-0.2106676380,14.7651660088,0.4848287147,0.5432987997,1.0138041605,0.0192732076,0.0608100866,-0.0001326331,-0.0000000000,-0.0058796731,1.0000000000,0.0946843488,12.7701181814,-14.632,1.000000,47.9410743608,-15,0.3136813932
19.150091,2.1280416235,2.3393207015,-1.9539100021,-2.1885601780,-0.1995269314,0.2346501760,0.0733740191,-0.0892599316,14.5689247690,0.5090264893,0.5433308662,1.0137891181,-0.0018050958,0.0233790793,-0.0002363466,-0.0000000000,-0.0058724458,1.0000000000,0.0946843488,4.9096066547,-14.232,1.000000,47.9410743608,-14,0.3090135379
19.158426,2.1118678579,2.3101750666,-1.9271581188,-2.2655395958,-0.1861416974,0.3383814770,0.0718228383,0.0395249039,15.4541802543,0.5247630555,0.5433278661,1.0137418357,-0.0056738841,-0.0196004980,-0.0003408278,-0.0000000000,-0.0058643700,1.0000000000,0.0946843488,-4.1161045770,-13.833,1.000000,47.9410743608,-12,0.3036823929
19.166760,2.0959228817,2.2840973932,-1.8990857481,-2.3419929778,-0.1755984603,0.4429072297,0.0703595178,0.1635466198,14.8826059074,0.5320491793,0.5433184317,1.0138271201,0.0102341328,-0.0623751616,-0.0004461092,-0.0000000000,-0.0058553520,1.0000000000,0.0946843488,-13.0987839408,-13.433,1.000000,47.9410743608,-13,0.3016595126
19.175095,2.0802158121,2.2549517582,-1.8697087460,-2.4179752607,-0.1617518847,0.5482665148,0.0703595178,0.2964052039,15.9430300944,0.5417114251,0.5433354440,1.0138271201,0.0000000000,-0.0946843488,-0.0005522302,-0.0000000000,-0.0058452806,1.0000000000,0.0946843488,-19.8837132445,-13.034,1.000000,47.9410743608,-13,0.3016595126
19.183422,2.0647718602,2.2273401040,-1.8390762240,-2.4910311956,-0.1491918861,0.6519549716,0.0703595178,0.4250378180,15.4359136928,0.5483790671,0.5433354440,1.0138271201,0.0000000000,-0.0946843488,-0.0006566682,-0.0000000000,-0.0058340416,1.0000000000,0.0946843488,-19.8837132445,-12.634,1.000000,47.9410743608,-13,0.3016595126
19.191760,2.0495706309,2.2027964114,-1.8071468524,-2.5614663969,-0.1394711993,0.7543195445,0.0703595178,0.5467076748,14.6003828202,0.5480700282,0.5433354440,1.0138271201,0.0000000000,-0.0946843488,-0.0007597728,-0.0000000000,-0.0058214700,1.0000000000,0.0946843488,-19.8837132445,-12.235,1.000000,47.9410743608,-13,0.3016595126
19.200098,2.0346401078,2.1751847572,-1.7739761063,-2.6295545622,-0.1264244479,0.8555784559,0.0703595178,0.6738774345,15.2603711570,0.5441411835,0.5433354440,1.0138271201,0.0000000000,-0.0946843488,-0.0008617638,-0.0000000000,-0.0058074166,1.0000000000,0.0946843488,-19.8837132445,-11.835,1.000000,47.9410743608,-12,0.3016595126
19.208430,2.0200008217,2.1475731030,-1.7396112924,-2.6930363567,-0.1131111948,0.9534250643,0.0703595178,0.7981641635,14.9144074814,0.5356078489,0.5433354440,1.0138271201,0.0000000000,-0.0946843488,-0.0009603178,-0.0000000000,-0.0057917101,1.0000000000,0.0946843488,-19.8837132445,-11.436,1.000000,47.9410743608,-11,0.3016595126
19.216759,2.0056594249,2.1199614489,-1.7040711846,-2.7523928489,-0.0995222045,1.0483216644,0.0703595178,0.9200484984,14.6261201838,0.5229538837,0.5433354440,1.0138271201,0.0000000000,-0.0946843488,-0.0010559004,-0.0000000000,-0.0057741435,1.0000000000,0.0946843488,-19.8837132445,-11.036,1.000000,47.9410743608,-10,0.3016595126
19.225096,1.9916046395,2.0908158139,-1.6673262137,-2.8055504182,-0.0841459091,1.1382242045,0.0703595178,1.0404883613,14.4527835507,0.5077604570,0.5433354440,1.0138271201,0.0000000000,-0.0946843488,-0.0011464529,-0.0000000000,-0.0057544547,1.0000000000,0.0946843488,-19.8837132445,-10.637,1.000000,47.9410743608,-9,0.3016595126
19.233421,1.9778805429,2.0662721213,-1.6294928284,-2.8531564519,-0.0730706778,1.2236636235,0.0703595178,1.1479231896,12.8921794025,0.4892260663,0.5433354440,1.0138271201,0.0000000000,-0.0946843488,-0.0012325100,-0.0000000000,-0.0057324287,1.0000000000,0.0946843488,-19.8837132445,-10.237,1.000000,47.9410743608,-11,0.3016595126
19.241755,1.9644620536,2.0401944479,-1.5905030321,-2.8932862788,-0.0601960042,1.3027832468,0.0703595178,1.2526119145,12.5626469881,0.4702435917,0.5433354440,1.0138271201,0.0000000000,-0.0946843488,-0.0013122016,-0.0000000000,-0.0057077117,0.8756744007,0.0946843488,-19.8837132445,-9.838,1.000000,47.9410743608,-9,0.3016595126
19.250088,1.9513747028,2.0156507553,-1.5504281515,-2.9267206800,-0.0485601262,1.3762925284,0.0703595178,1.3492300501,11.5941762639,0.4507267136,0.5433354440,1.0138271201,0.0000000000,-0.0946843488,-0.0013862423,-0.0000000000,-0.0056799903,0.5193698596,0.0946843488,-19.8837132445,-9.438,1.000000,47.9410743608,-10,0.3016595126
19.258426,1.9386193119,1.9926410435,-1.5092694917,-2.9541588954,-0.0381584673,1.4448894037,0.0703595178,1.4384846197,10.7105483552,0.4311446642,0.5433354440,1.0138271201,0.0000000000,-0.0946843488,-0.0014553351,-0.0000000000,-0.0056488623,0.1847165059,0.0946843488,-19.8837132445,-9.039,1.000000,47.9410743608,-10,0.3016595126
19.266755,1.9262233602,1.9696313316,-1.4671172305,-2.9762271394,-0.0274262050,1.5091099089,0.0703595178,1.5240193980,10.2641734006,0.4118767578,0.5433354440,1.0138271201,0.0000000000,-0.0946843488,-0.0015200199,-0.0000000000,-0.0056139459,0.0024008152,0.0946843488,-19.8837132445,-8.639,1.000000,47.9410743608,-9,0.3016595126
19.275089,1.9141756063,1.9466216198,-1.4239344037,-2.9909817790,-0.0163850174,1.5670473752,0.0703595178,1.6038846628,9.5838317680,0.3939081226,0.5433354440,1.0138271201,0.0000000000,-0.0946843488,-0.0015783762,-0.0000000000,-0.0055747041,0.0000000000,0.0946843488,-19.8837132445,-8.239,1.000000,47.9410743608,-9,0.3016595126
19.283422,1.9024928502,1.9236119080,-1.3797794875,-2.9966821653,-0.0050274518,1.6169026779,0.0703595178,1.6762960908,8.6893713614,0.3781272471,0.5433354440,1.0138271201,0.0000000000,-0.0946843488,-0.0016285920,-0.0000000000,-0.0055306181,0.0000000000,0.0946843488,-19.8837132445,-7.840,1.000000,47.9410743608,-6,0.3016595126
19.291755,1.8911829990,1.9036701578,-1.3346829937,-2.9942738836,0.0035915153,1.6595908899,0.0703894471,1.7361310831,7.1801990787,0.3645377102,0.5433354440,1.0138271201,0.0000000000,-0.0946843488,-0.0016715888,-0.0000000000,-0.0054810831,0.0000000000,0.0946843488,-19.8837132445,-7.440,1.000000,47.9410743608,-7,0.3016595126
19.300096,1.8802407696,1.8837284075,-1.2886201155,-2.9846037663,0.0125391094,1.6959836508,0.0704939397,1.7903968009,6.5118861300,0.3528357276,0.5433354440,1.0138271201,0.0000000000,-0.0946843488,-0.0017082447,-0.0000000000,-0.0054253550,0.0000000000,0.0946843488,-19.8837132445,-7.041,1.000000,47.9410743608,-5,0.3016595126
19.308431,1.8696954943,1.8637866573,-1.2417134017,-2.9684302066,0.0218487355,1.7267168049,0.0706760125,1.8397984050,5.9281924969,0.3428226183,0.5433354440,1.0138271201,0.0000000000,-0.0946843488,-0.0017392000,-0.0000000000,-0.0053627934,0.0000000000,0.0946843488,-19.8837132445,-6.641,1.000000,47.9410743608,-5,0.3016595126
19.316763,1.8595473029,1.8453788878,-1.1939678338,-2.9439279460,0.0299767411,1.7499601123,0.0709258187,1.8794302528,4.7558217315,0.3353593143,0.5433354440,1.0138271201,0.0000000000,-0.0946843488,-0.0017626113,-0.0000000000,-0.0052925470,0.0213977632,0.0946843488,-19.8837132445,-6.242,1.000000,47.9410743608,-5,0.3016595126
19.325180,1.8497038066,1.8285050992,-1.1449085684,-2.9119667964,0.0368354083,1.7670582280,0.0712327804,1.9104523607,3.7226529475,0.3300514337,0.5433354440,1.0138271201,0.0000000000,-0.0946843488,-0.0017798331,-0.0000000000,-0.0052128526,0.1497817995,0.0946843488,-19.8837132445,-5.842,1.000000,47.9410743608,-4,0.3016595126
19.333426,1.8404642090,1.8131652913,-1.0960708836,-2.8733257302,0.0427281234,1.7772548466,0.0715888481,1.9327030118,2.6700781378,0.3271449119,0.5433354440,1.0138271201,0.0000000000,-0.0946843488,-0.0017901034,-0.0000000000,-0.0051252933,0.3224053248,0.0946843488,-19.8837132445,-5.443,1.000000,47.9410743608,-6,0.3016595126
19.341764,1.8315334310,1.7978254834,-1.0459366839,-2.8261979191,0.0488840860,1.7802612352,0.0719962155,1.9483368263,1.8760577416,0.3266889314,0.5433354440,1.0138271201,0.0000000000,-0.0946843488,-0.0017931315,-0.0000000000,-0.0050261496,0.5304942577,0.0946843488,-19.8837132445,-5.043,1.000000,47.9410743608,-5,0.3016595126
19.350086,1.8230393994,1.7840196563,-0.9951816845,-2.7714696803,0.0539020015,1.7762879958,0.0724453988,1.9547720838,0.7722309026,0.3288174776,0.5433354440,1.0138271201,0.0000000000,-0.0946843488,-0.0017891296,-0.0000000000,-0.0049154423,0.6980559762,0.0946843488,-19.8837132445,-4.644,1.000000,47.9410743608,-5,0.3016595126
19.358502,1.8148828700,1.7717478100,-0.9431678271,-2.7099347680,0.0576868878,1.7667669409,0.0729261229,1.9532418305,-0.1836303972,0.3331102235,0.5433354440,1.0138271201,0.0000000000,-0.0946843488,-0.0017795397,-0.0000000000,-0.0047903536,0.8112215607,0.0946843488,-19.8837132445,-4.244,1.000000,47.9410743608,-4,0.3016595126
19.366764,1.8073037908,1.7610099445,-0.8914623851,-2.6423040403,0.0604825100,1.7508416552,0.0734301438,1.9433656400,-1.1851428614,0.3398998193,0.5433354440,1.0138271201,0.0000000000,-0.0946843488,-0.0017634992,-0.0000000000,-0.0046534741,0.8823711178,0.0946843488,-19.8837132445,-3.845,1.000000,47.9410743608,-4,0.3016595126
19.375090,1.8000999415,1.7502720790,-0.8387432103,-2.5667096680,0.0636105990,1.7279664577,0.0739602321,1.9272255203,-1.9368143606,0.3493400116,0.5433354440,1.0138271201,0.0000000000,-0.0946843488,-0.0017404587,-0.0000000000,-0.0045001703,0.9451230776,0.0946843488,-19.8837132445,-3.445,1.000000,47.9410743608,-3,0.3016595126
19.383425,1.7933315190,1.7410681943,-0.7854012715,-2.4864877866,0.0656152852,1.7010865152,0.0745070262,1.9048660503,-2.6831364088,0.3605985601,0.5433354440,1.0138271201,0.0000000000,-0.0946843488,-0.0017133844,-0.0000000000,-0.0043300691,0.9740128343,0.0946843488,-19.8837132445,-3.046,1.000000,47.9410743608,-4,0.3016595126
19.391764,1.7870062754,1.7349322711,-0.7314884635,-2.3996172236,0.0649594866,1.6681287601,0.0750483552,1.8711396560,-4.0471673071,0.3748125244,0.5433354440,1.0138271201,0.0000000000,-0.0946843488,-0.0016801884,-0.0000000000,-0.0041420070,0.9656310784,0.0946843488,-19.8837132445,-2.646,1.000000,47.9410743608,-2,0.3016595126
19.400098,1.7811363679,1.7272623672,-0.6771086835,-2.3067923372,0.0662610312,1.6296836537,0.0756005305,1.8358238892,-4.2378920221,0.3911701963,0.5433354440,1.0138271201,0.0000000000,-0.0946843488,-0.0016414653,-0.0000000000,-0.0039351439,0.9811967767,0.0946843488,-19.8837132445,-2.247,1.000000,47.9410743608,-3,0.3016595126
19.408436,1.7757188173,1.7226604248,-0.6222350489,-2.2086349700,0.0649183368,1.5863999211,0.0761415166,1.7904070044,-5.4500261778,0.4101705423,0.5433354440,1.0138271201,0.0000000000,-0.0946843488,-0.0015978687,-0.0000000000,-0.0037083251,0.9650695827,0.0946843488,-19.8837132445,-1.847,1.000000,47.9410743608,-1,0.3016595126
19.416758,1.7707699354,1.7211264440,-0.5670436501,-2.1057020219,0.0609507057,1.5386583719,0.0766494392,1.7352865762,-6.6144513837,0.4316735495,0.5433354440,1.0138271201,0.0000000000,-0.0946843488,-0.0015497820,-0.0000000000,-0.0034614779,0.8929944063,0.0946843488,-19.8837132445,-1.448,1.000000,47.9410743608,-2,0.3016595126
19.425091,1.7662765701,1.7180584824,-0.5113935918,-1.9984922331,0.0589496060,1.4870986414,0.0771406859,1.6802370551,-6.6059425285,0.4548005120,0.5433354440,1.0138271201,0.0000000000,-0.0946843488,-0.0014978495,-0.0000000000,-0.0031934344,0.8449020533,0.0946843488,-19.8837132445,-1.048,1.000000,47.9410743608,-1,0.3016595126
19.433526,1.7622018775,1.7165245016,-0.4547039622,-1.8874522575,0.0558126310,1.4327482953,0.0776057911,1.6201152931,-7.2146114405,0.4794910428,0.5433354440,1.0138271201,0.0000000000,-0.0946843488,-0.0014431063,-0.0000000000,-0.0029008010,0.7572009841,0.0946843488,-19.8837132445,-0.649,1.000000,47.9410743608,0,0.3016595126
19.441800,1.7586707798,1.7180584824,-0.3987848317,-1.7704776537,0.0501194213,1.3716928221,0.0780234530,1.5481649406,-8.6340422997,0.5074241053,0.5433354440,1.0138271201,0.0000000000,-0.0946843488,-0.0013816094,-0.0000000000,-0.0025933392,0.5727484605,0.0946843488,-19.8837132445,-0.249,1.000000,47.9410743608,0,0.3016595126
19.450107,1.7555922995,1.7180584824,-0.3423737007,-1.6506926561,0.0463977186,1.3083189555,0.0784101006,1.4777810260,-8.4460697522,0.5361284277,0.5433354440,1.0138271201,0.0000000000,-0.0946843488,-0.0013177774,-0.0000000000,-0.0022652280,0.4451344729,0.0946843488,-19.8837132445,0.150,1.000000,47.9410743608,0,0.3016595126
19.458422,1.7529808403,1.7195924632,-0.2856680509,-1.5258863209,0.0415820927,1.2402182700,0.0787566181,1.4004581906,-9.2787402438,0.5666850183,0.5433354440,1.0138271201,0.0000000000,-0.0946843488,-0.0012491843,-0.0000000000,-0.0019186769,0.2858412152,0.0946843488,-19.8837132445,0.550,1.000000,47.9410743608,-1,0.3016595126
19.466757,1.7508373374,1.7211264440,-0.2286347147,-1.4015919508,0.0372371722,1.1729572361,0.0790669279,1.3248741252,-9.0700878498,0.5963055982,0.5433354440,1.0138271201,0.0000000000,-0.0946843488,-0.0011814371,-0.0000000000,-0.0015551266,0.1601071580,0.0946843488,-19.8837132445,0.949,1.000000,47.9410743608,0,0.3016595126
19.475091,1.7491702327,1.7211264440,-0.1714582255,-1.2777560786,0.0349050928,1.1062978532,0.0793578036,1.2538700503,-8.5204889930,0.6249262321,0.5433354440,1.0138271201,0.0000000000,-0.0946843488,-0.0011142958,-0.0000000000,-0.0011779507,0.1039671695,0.0946843488,-19.8837132445,1.349,1.000000,47.9410743608,1,0.3016595126
19.483426,1.7479798280,1.7226604248,-0.1141476643,-1.1568352694,0.0315313858,1.0426876051,0.0796205652,1.1838187160,-8.4061601115,0.6513149375,0.5433354440,1.0138271201,0.0000000000,-0.0946843488,-0.0010502256,-0.0000000000,-0.0007899195,0.0414365168,0.0946843488,-19.8837132445,1.748,1.000000,47.9410743608,1,0.3016595126
19.491787,1.7472660336,1.7226604248,-0.0565817891,-1.0385250871,0.0301822885,0.9819432980,0.0798720842,1.1206431117,-7.5810725200,0.6756254622,0.5433354440,1.0138271201,0.0000000000,-0.0946843488,-0.0009890422,-0.0000000000,-0.0003932761,0.0236980235,0.0946843488,-19.8837132445,2.148,1.000000,47.9410743608,2,0.3016595126
19.500100,1.7470337095,1.7241944056,0.0006888216,-0.9300662353,0.0278335805,0.9307550570,0.0801040307,1.0650190472,-6.6748877348,0.6950627826,0.5433354440,1.0138271201,0.0000000000,-0.0946843488,-0.0009374839,-0.0000000000,0.0000047946,0.0042000605,0.0946843488,-19.8837132445,2.547,1.000000,47.9410743608,2,0.3016595126
19.508403,1.7472769425,1.7272623672,0.0578945472,-0.8279254373,0.0244603755,0.8858199845,0.0803078672,1.0135857823,-6.1719917962,0.7110168994,0.5433354440,1.0138271201,0.0000000000,-0.0946843488,-0.0008922240,-0.0000000000,0.0004023734,0.0000000000,0.0946843488,-19.8837132445,2.947,1.000000,47.9410743608,2,0.3016595126
19.516778,1.7480032568,1.7318643095,0.1155513192,-0.7314428640,0.0200666545,0.8469941833,0.0804750893,0.9661989405,-5.6864210062,0.7236315593,0.5433354440,1.0138271201,0.0000000000,-0.0946843488,-0.0008531175,-0.0000000000,0.0007995183,0.0000000000,0.0946843488,-19.8837132445,3.346,1.000000,47.9410743608,3,0.3016595126
19.525084,1.7492002718,1.7364662519,0.1726574721,-0.6400275963,0.0161708448,0.8126850683,0.0806098464,0.9242856246,-5.0295979155,0.7338959079,0.5433354440,1.0138271201,0.0000000000,-0.0946843488,-0.0008185603,-0.0000000000,0.0011859742,0.0000000000,0.0946843488,-19.8837132445,3.746,1.000000,47.9410743608,1,0.3016595126
19.533417,1.7508773884,1.7441361558,0.2298319709,-0.5531504276,0.0097115438,0.7829823985,0.0806907759,0.8818345833,-5.0941249491,0.7412130965,0.5433354440,1.0138271201,0.0000000000,-0.0946843488,-0.0007886429,-0.0000000000,0.0015628976,0.0000000000,0.0946843488,-19.8837132445,4.145,1.000000,47.9410743608,3,0.3016595126
19.541774,1.7530371100,1.7518060598,0.2870104990,-0.4653285224,0.0037297748,0.7523390214,0.0807218574,0.8393420607,-5.0991027111,0.7480558004,0.5433354440,1.0138271201,0.0000000000,-0.0946843488,-0.0007577780,-0.0000000000,0.0019270614,0.0000000000,0.0946843488,-19.8837132445,4.545,1.000000,47.9410743608,4,0.3016595126
19.550193,1.7556951246,1.7594759637,0.3444114749,-0.3791649932,-0.0017447961,0.7235764681,0.0807218574,0.7997070097,-4.7562061267,0.7535756710,0.5433354440,1.0138271201,0.0000000000,-0.0946843488,-0.0007288075,-0.0000000000,0.0022773794,0.0000000000,0.0946843488,-19.8837132445,4.944,1.000000,47.9410743608,6,0.3016595126
19.558428,1.7587617731,1.7702138292,0.4003277388,-0.2894777498,-0.0098976163,0.6898054886,0.0807218574,0.7497445293,-5.9954976462,0.7586617799,0.5433354440,1.0138271201,0.0000000000,-0.0946843488,-0.0006947924,-0.0000000000,0.0026020656,0.0000000000,0.0946843488,-19.8837132445,5.344,1.000000,47.9410743608,4,0.3016595126
19.566759,1.7623315031,1.7809516947,0.4566213202,-0.1966347928,-0.0175643007,0.6532561130,0.0807218574,0.6979691185,-6.2130492940,0.7633217890,0.5433354440,1.0138271201,0.0000000000,-0.0946843488,-0.0006579788,-0.0000000000,0.0029110164,0.0000000000,0.0946843488,-19.8837132445,5.743,1.000000,47.9410743608,5,0.3016595126
19.575092,1.7663700274,1.7932235410,0.5126165384,-0.1009656906,-0.0263113473,0.6135822290,0.0807218574,0.6409236000,-6.8454622249,0.7668159712,0.5433354440,1.0138271201,0.0000000000,-0.0946843488,-0.0006180181,-0.0000000000,0.0031995308,0.0000271557,0.0946843488,-19.8837132445,6.143,1.000000,47.9410743608,6,0.3016595126
19.583416,1.7708688148,1.8054953873,0.5682030364,-0.0002611446,-0.0346251702,0.5684641810,0.0807218574,0.5792942997,-7.3955160329,0.7699011042,0.5433354440,1.0138271201,0.0000000000,-0.0946843488,-0.0005725739,-0.0000000000,0.0034668577,0.0978838401,0.0946843488,-19.8837132445,6.542,1.000000,47.9410743608,5,0.3016595126
19.591754,1.7758372273,1.8193012144,0.6234910010,0.1024485179,-0.0440141160,0.5210424832,0.0807218574,0.5132261556,-7.9281772980,0.7708547429,0.5433354440,1.0138271201,0.0000000000,-0.0946843488,-0.0005248093,-0.0000000000,0.0037137229,0.3646144859,0.0946843488,-19.8837132445,6.942,1.000000,47.9410743608,6,0.3016595126
19.600086,1.7812612140,1.8346410223,0.6783158737,0.2069538915,-0.0544911109,0.4713619823,0.0807218574,0.4427383428,-8.4585375304,0.7692894131,0.5433354440,1.0138271201,0.0000000000,-0.0946843488,-0.0004747697,-0.0000000000,0.0039399278,0.7166712287,0.0946843488,-19.8837132445,7.341,1.000000,47.9410743608,5,0.3016595126
19.608424,1.7871441232,1.8499808302,0.7327114305,0.3155718888,-0.0645312672,0.4171395417,0.0807218574,0.3685761517,-8.8994629360,0.7659712123,0.5433354440,1.0138271201,0.0000000000,-0.0946843488,-0.0004201552,-0.0000000000,0.0041464584,0.9595867429,0.0946843488,-19.8837132445,7.741,1.000000,47.9410743608,7,0.3016595126
19.616760,1.7934765751,1.8668546189,0.7865884191,0.4253685576,-0.0756621909,0.3612198616,0.0807218574,0.2905504571,-9.3630833517,0.7593426739,0.5433354440,1.0138271201,0.0000000000,-0.0946843488,-0.0003638313,-0.0000000000,0.0043340247,1.0000000000,0.0946843488,-19.8837132445,8.140,1.000000,47.9410743608,7,0.3016595126
19.625106,1.8002649975,1.8867963691,0.8399949858,0.5362208027,-0.0894107740,0.3037741831,0.0799767676,0.2050653977,-10.2582071268,0.7481864891,0.5433354440,1.0140685751,0.0289745926,-0.0901949172,-0.0003059703,-0.0000000000,0.0045039778,1.0000000000,0.0946843488,-18.9409326092,8.540,1.000000,47.9410743608,6,0.3038465766
19.633425,1.8074719558,1.9036701578,0.8926490075,0.6480183846,-0.0996779359,0.2446306230,0.0791461181,0.1247121929,-9.6423845777,0.7419346208,0.5433834932,1.0141219937,0.0064102313,-0.0525768728,-0.0002463992,-0.0000000000,0.0046567619,1.0000000000,0.0946843488,-11.0411432908,8.939,1.000000,47.9410743608,7,0.3011747672
19.641759,1.8151293668,1.9251458888,0.9447918739,0.7631670250,-0.1141145819,0.1816248489,0.0781951633,0.0320975517,-11.1137569439,0.7174238103,0.5433941004,1.0140733958,-0.0058317493,-0.0096282459,-0.0001829379,-0.0000000000,0.0047944460,1.0000000000,0.0946843488,-2.0219316484,8.540,1.000000,47.9410743608,7,0.2959693021
19.650094,1.8232194206,1.9466216198,0.9962916116,0.8788123061,-0.1281212520,0.1174793054,0.0771274862,-0.0609180204,-11.1618686521,0.6844354725,0.5433844508,1.0140420461,-0.0037619573,0.0307328582,-0.0001183286,-0.0000000000,0.0049179802,1.0000000000,0.0946843488,6.4539002190,8.140,1.000000,47.9410743608,7,0.2913021675
19.658507,1.8318170582,1.9680973509,1.0475773090,0.9949023611,-0.1416227267,0.0526749479,0.0759472968,-0.1537000313,-11.1338413075,0.6508198216,0.5433782224,1.0141341006,0.0110465384,0.0675993839,-0.0000530558,-0.0000000000,0.0050295503,1.0000000000,0.0946843488,14.1958706232,7.741,1.000000,47.9410743608,6,0.2899304070
19.666761,1.8406688057,1.9880391011,1.0971841692,1.1113907396,-0.1533382496,-0.0142065704,0.0746694780,-0.2451085700,-10.9690246429,0.6238749612,0.5433965033,1.0141341006,0.0000000000,0.0946843488,0.0000143093,0.0000000000,0.0051273857,1.0000000000,0.0946843488,19.8837132445,7.341,1.000000,47.9410743608,6,0.2899304070
19.675096,1.8500207200,2.0125827937,1.1465337412,1.2257313941,-0.1691440152,-0.0791976529,0.0732599446,-0.3428797721,-11.7325442495,0.5944081186,0.5433965033,1.0141341006,0.0000000000,0.0946843488,0.0000797702,0.0000000000,0.0052156214,1.0000000000,0.0946843488,19.8837132445,6.942,1.000000,47.9410743608,5,0.2899304070
19.683422,1.8597685010,2.0340585247,1.1950379385,1.3406530717,-0.1814890725,-0.1456151332,0.0717475356,-0.4353058455,-11.0911288066,0.5657789740,0.5433965033,1.0141341006,0.0000000000,0.0946843488,0.0001466678,0.0000000000,0.0052941981,1.0000000000,0.0946843488,19.8837132445,6.542,1.000000,47.9410743608,6,0.2899304070
19.691862,1.8700591622,2.0586022173,1.2433751995,1.4535906444,-0.1963485569,-0.2102154449,0.0701112977,-0.5310305040,-11.4869590181,0.5337895538,0.5433965033,1.0141341006,0.0000000000,0.0946843488,0.0002117352,0.0000000000,0.0053651158,1.0000000000,0.0946843488,19.8837132445,6.143,1.000000,47.9410743608,6,0.2899304070
19.700097,1.8804895952,2.0831459099,1.2896960440,1.5647513232,-0.2110587280,-0.2750552792,0.0683524749,-0.6268190234,-11.4946223375,0.5009609838,0.5433965033,1.0141341006,0.0000000000,0.0946843488,0.0002770438,0.0000000000,0.0054267193,1.0000000000,0.0946843488,19.8837132445,5.743,1.000000,47.9410743608,7,0.2899304070
19.708424,1.8914218399,2.1061556218,1.3356608467,1.6718162302,-0.2237111130,-0.3361553835,0.0664882156,-0.7148850154,-10.5679190288,0.4701109462,0.5433965033,1.0141341006,0.0000000000,0.0946843488,0.0003385856,0.0000000000,0.0054822084,1.0000000000,0.0946843488,19.8837132445,5.344,1.000000,47.9410743608,5,0.2899304070
19.716762,1.9027466339,2.1322332952,1.3807640314,1.7777175578,-0.2390326622,-0.3969535265,0.0644962768,-0.8080759043,-11.1829066758,0.4368547277,0.5433965033,1.0141341006,0.0000000000,0.0946843488,0.0003998233,0.0000000000,0.0055316473,1.0000000000,0.0946843488,19.8837132445,4.944,1.000000,47.9410743608,5,0.2899304070
19.725118,1.9144694099,2.1583109686,1.4250150116,1.8775679280,-0.2539237367,-0.4525529164,0.0623802457,-0.8953354787,-10.4711489280,0.4054418575,0.5433965033,1.0141341006,0.0000000000,0.0946843488,0.0004558246,0.0000000000,0.0055757314,1.0000000000,0.0946843488,19.8837132445,4.545,1.000000,47.9410743608,5,0.2899304070
19.733425,1.9264865921,2.1813206804,1.4680356606,1.9719992753,-0.2654233446,-0.5039636146,0.0601683844,-0.9717654017,-9.1715907524,0.3782131774,0.5433965033,1.0141341006,0.0000000000,0.0946843488,0.0005076070,0.0000000000,0.0056147413,1.0000000000,0.0946843488,19.8837132445,4.145,1.000000,47.9410743608,5,0.2899304070
19.741758,1.9388967879,2.2073983538,1.5101880915,2.0640819863,-0.2795852885,-0.5538938949,0.0578385070,-1.0521186758,-9.6423929027,0.3498320585,0.5433965033,1.0141341006,0.0000000000,0.0946843488,0.0005578982,0.0000000000,0.0056495881,1.0000000000,0.0946843488,19.8837132445,3.746,1.000000,47.9410743608,3,0.2899304070
19.750093,1.9516558057,2.2319420464,1.5513112497,2.1490524451,-0.2918262384,-0.5977411953,0.0554066217,-1.1226744608,-8.4666941940,0.3251256626,0.5433965033,1.0141341006,0.0000000000,0.0946843488,0.0006020625,0.0000000000,0.0056806279,1.0000000000,0.0946843488,19.8837132445,3.346,1.000000,47.9410743608,3,0.2899304070
19.758450,1.9647883162,2.2549517582,1.5914756214,2.2276534228,-0.3021255118,-0.6361778015,0.0528889091,-1.1840480119,-7.3648261299,0.3037939924,0.5433965033,1.0141341006,0.0000000000,0.0946843488,0.0006407770,0.0000000000,0.0057083545,1.0000000000,0.0946843488,19.8837132445,2.947,1.000000,47.9410743608,3,0.2899304070
19.766759,1.9781746127,2.2810294316,1.6303246532,2.3005501194,-0.3152083299,-0.6702254662,0.0502621730,-1.2466682439,-7.5144278456,0.2823375806,0.5433965033,1.0141341006,0.0000000000,0.0946843488,0.0006750708,0.0000000000,0.0057329331,1.0000000000,0.0946843488,19.8837132445,2.547,1.000000,47.9410743608,3,0.2899304070
19.775089,1.9919135334,2.3071071050,1.6681550488,2.3683382639,-0.3279110919,-0.7001832151,0.0475295806,-1.3045481482,-6.9455885076,0.2628429926,0.5433965033,1.0141341006,0.0000000000,0.0946843488,0.0007052451,0.0000000000,0.0057549169,1.0000000000,0.0946843488,19.8837132445,2.148,1.000000,47.9410743608,4,0.2899304070
19.783424,2.0059707663,2.3301168168,1.7048632460,2.4290469220,-0.3371895646,-0.7241836760,0.0447196676,-1.3497463679,-5.4237863641,0.2474779510,0.5433965033,1.0141341006,0.0000000000,0.0946843488,0.0007294191,0.0000000000,0.0057745504,1.0000000000,0.0946843488,19.8837132445,1.748,1.000000,47.9410743608,2,0.2899304070
19.791754,2.0203208437,2.3531265286,1.7403827724,2.4834154431,-0.3461411475,-0.7430326707,0.0418351580,-1.3892174739,-4.7365327290,0.2339157897,0.5433965033,1.0141341006,0.0000000000,0.0946843488,0.0007484044,0.0000000000,0.0057920761,1.0000000000,0.0946843488,19.8837132445,1.349,1.000000,47.9410743608,1,0.2899304070
19.800092,2.0349766028,2.3761362404,1.7747441721,2.5321059623,-0.3547565590,-0.7573617902,0.0388788534,-1.4235718618,-4.1225265457,0.2219077814,0.5433965033,1.0141341006,0.0000000000,0.0946843488,0.0007628371,0.0000000000,0.0058077540,1.0000000000,0.0946843488,19.8837132445,0.949,1.000000,47.9410743608,1,0.2899304070
19.808430,2.0499148204,2.3991459523,1.8078900018,2.5732070159,-0.3630487579,-0.7653170141,0.0358534470,-1.4509785917,-3.2888075911,0.2117210516,0.5433965033,1.0141341006,0.0000000000,0.0946843488,0.0007708498,0.0000000000,0.0058217730,1.0000000000,0.0946843488,19.8837132445,0.550,1.000000,47.9410743608,1,0.2899304070
19.816763,2.0651136437,2.4206216833,1.8397735033,2.6075112133,-0.3695098725,-0.7677377099,0.0327741981,-1.4692673515,-2.1946511710,0.2038565604,0.5433965033,1.0141341006,0.0000000000,0.0946843488,0.0007732880,0.0000000000,0.0058343061,1.0000000000,0.0946843488,19.8837132445,0.150,1.000000,47.9410743608,1,0.2899304070
19.825094,2.0805683423,2.4436313951,1.8703874281,2.6332239387,-0.3772029581,-0.7628365106,0.0296308401,-1.4827441252,-1.6172128473,0.1969027250,0.5433965033,1.0141341006,0.0000000000,0.0946843488,0.0007683514,0.0000000000,0.0058455209,1.0000000000,0.0946843488,19.8837132445,-0.249,1.000000,47.9410743608,1,0.2899304070
19.833514,2.0964426841,2.4620391646,1.9000282657,2.6512424467,-0.3798331417,-0.7512141810,0.0264655639,-1.4794664576,0.3933201093,0.1938358756,0.5433965033,1.0141341006,0.0000000000,0.0946843488,0.0007566450,0.0000000000,0.0058556642,1.0000000000,0.0946843488,19.8837132445,-0.649,1.000000,47.9410743608,-16,0.2899304070
19.841763,2.1122318893,2.4773789724,1.9277790537,2.6598658377,-0.3794300504,-0.7320867840,0.0233036468,-1.4626563265,2.0172157401,0.1937233828,0.5433965033,1.0141341006,0.0000000000,0.0946843488,0.0007373794,0.0000000000,0.0058645631,1.0000000000,0.0946843488,19.8837132445,-1.048,1.000000,47.9410743608,-13,0.2899304070
19.850094,2.1284043720,2.4896508187,1.9544906549,2.6550663983,-0.3755036419,-0.7005757434,0.0201744498,-1.4264329802,4.3468015548,0.1975505659,0.5433965033,1.0141341006,0.0000000000,0.0946843488,0.0007056405,0.0000000000,0.0058726157,1.0000000000,0.0946843488,19.8837132445,-1.448,1.000000,47.9410743608,9,0.2899304070
19.858421,2.1447855367,2.4988547035,1.9798510918,2.6357414994,-0.3682225909,-0.6558904076,0.0171059282,-1.3703131898,6.7343748519,0.2054459893,0.5433965033,1.0141341006,0.0000000000,0.0946843488,0.0006606321,0.0000000000,0.0058798219,1.0000000000,0.0946843488,19.8837132445,-1.847,1.000000,47.9410743608,4,0.2899304070
19.866835,2.1615479268,2.5049906266,2.0041022384,2.5983992170,-0.3573956031,-0.5942969787,0.0141276315,-1.2901541096,9.6190896240,0.2182813216,0.5433965033,1.0141341006,0.0000000000,0.0946843488,0.0005985934,0.0000000000,0.0058863350,1.0000000000,0.0946843488,19.8837132445,-2.247,1.000000,47.9410743608,-15,0.2899304070
19.875094,2.1781931127,2.5111265498,2.0265432221,2.5449212052,-0.3465991737,-0.5183779831,0.0112393051,-1.1956414365,11.3415207623,0.2338289814,0.5433965033,1.0141341006,0.0000000000,0.0946843488,0.0005221256,0.0000000000,0.0058920499,1.0000000000,0.0946843488,19.8837132445,-2.646,1.000000,47.9410743608,0,0.2899304070
19.883427,2.1951688979,2.5141945113,2.0478018918,2.4744881576,-0.3323131383,-0.4266862658,0.0084700289,-1.0783082948,14.0799770058,0.2541688667,0.5433965033,1.0141341006,0.0000000000,0.0946843488,0.0004297710,0.0000000000,0.0058972008,1.0000000000,0.0946843488,19.8837132445,-3.046,1.000000,47.9410743608,0,0.2899304070
19.891760,2.2123168662,2.5172624729,2.0676583477,2.3813574359,-0.3177330375,-0.3136990882,0.0058222536,-0.9389758733,16.7198905773,0.2781779969,0.5433965033,1.0141341006,0.0000000000,0.0946843488,0.0003159670,0.0000000000,0.0059017915,1.0000000000,0.0946843488,19.8837132445,-3.445,1.000000,47.9410743608,1,0.2899304070
19.900094,2.2296267207,2.5172624729,2.0861002232,2.2729083792,-0.2998408325,-0.1868081561,0.0033235800,-0.7790148366,19.1953244102,0.3056056147,0.5433965033,1.0141341006,0.0000000000,0.0946843488,0.0001881587,0.0000000000,0.0059058728,1.0000000000,0.0946843488,19.8837132445,-3.845,1.000000,47.9410743608,-1,0.2899304070
19.908431,2.2470913305,2.5172624729,2.1031186514,2.1482363166,-0.2817067576,-0.0451176651,0.0009760237,-0.6036248786,21.0467949627,0.3333094319,0.5433965033,1.0141341006,0.0000000000,0.0946843488,0.0000454438,0.0000000000,0.0059094896,1.0000000000,0.0946843488,19.8837132445,-4.244,1.000000,47.9410743608,-2,0.2899304070
19.916779,2.2647142285,2.5157284921,2.1187131328,2.0090355051,-0.2618023973,0.1096776277,-0.0012056629,-0.4114507761,23.0608923009,0.3599625603,0.5433965033,1.0141341006,0.0000000000,0.0946843488,-0.0001104705,-0.0000000000,0.0059126825,1.0000000000,0.0946843488,19.8837132445,-4.644,1.000000,47.9410743608,-2,0.2899304070
19.925308,2.2828467130,2.5126605306,2.1331403091,1.8618321585,-0.2398114976,0.2713081506,-0.0032040921,-0.2081168754,24.4000680787,0.3824629776,0.5433965033,1.0142522645,0.0141796651,0.0600909068,-0.0002732696,-0.0000000000,0.0059155367,1.0000000000,0.0946843488,12.6190904297,-5.043,1.000000,47.9410743608,-5,0.2888996745
19.933427,2.3002158037,2.5095925690,2.1454513183,1.7124709223,-0.2185724043,0.4329803960,-0.0050255288,-0.0060598167,24.2468470499,0.3956674091,0.5434199328,1.0141967286,-0.0066643088,0.0071107405,-0.0004361106,-0.0000000000,0.0059178989,1.0000000000,0.0946843488,1.4932555109,-4.644,1.000000,47.9410743608,-5,0.2837389585
19.941766,2.3181554535,2.5049906266,2.1566440964,1.5561682598,-0.1951914970,0.6004758366,-0.0066521246,0.2062662028,25.4791223385,0.3951477196,0.5434089262,1.0143162744,0.0143455031,-0.0500723114,-0.0006048169,-0.0000000000,0.0059199895,1.0000000000,0.0946843488,-10.5151853840,-4.244,1.000000,47.9410743608,-5,0.2829746103
19.950100,2.3361693990,2.5003886843,2.1663502416,1.4011624475,-0.1717432577,0.7651877941,-0.0066521246,0.4175463636,25.3536192871,0.3914511493,0.5434326075,1.0143162744,0.0000000000,-0.0946843488,-0.0007707197,-0.0000000000,0.0059217596,1.0000000000,0.0946843488,-19.8837132445,-3.845,1.000000,47.9410743608,-4,0.2829746103
19.958429,2.3542497114,2.4942527611,2.1745681659,1.2473180483,-0.1467009074,0.9272501176,-0.0066521246,0.6293427947,25.4155717313,0.3800330992,0.5434326075,1.0143162744,0.0000000000,-0.0946843488,-0.0009339536,-0.0000000000,0.0059232279,1.0000000000,0.0946843488,-19.8837132445,-3.445,1.000000,47.9410743608,-4,0.2829746103
19.966751,2.3723741432,2.4881168380,2.1812910757,1.0945137695,-0.1216200229,1.0867773062,-0.0066521246,0.8386806199,25.1205390324,0.3605363572,0.5434326075,1.0143162744,0.0000000000,-0.0946843488,-0.0010946341,-0.0000000000,0.0059244086,1.0000000000,0.0946843488,-19.8837132445,-3.046,1.000000,47.9410743608,-3,0.2829746103
19.975166,2.3907534506,2.4804469340,2.1865737956,0.9451454342,-0.0947687323,1.2414283614,-0.0066521246,1.0466583383,24.9573262036,0.3353667378,0.5434326075,1.0143162744,0.0000000000,-0.0946843488,-0.0012504032,-0.0000000000,0.0059253237,1.0000000000,0.0946843488,-19.8837132445,-2.646,1.000000,47.9410743608,-2,0.2829746103
19.983426,2.4088300318,2.4712430493,2.1902728293,0.7988542080,-0.0667027107,1.3914186213,-0.0066521246,1.2523877169,24.6875254379,0.3061721916,0.5434326075,1.0143162744,0.0000000000,-0.0946843488,-0.0014014778,-0.0000000000,0.0059259580,0.9854792364,0.0946843488,-19.8837132445,-2.247,1.000000,47.9410743608,-3,0.2829746103
19.991753,2.4270804082,2.4635731453,2.1925094003,0.6578231801,-0.0400251209,1.5346862202,-0.0066521246,1.4486370093,23.5499150871,0.2746837523,0.5434326075,1.0143162744,0.0000000000,-0.0946843488,-0.0015457811,-0.0000000000,0.0059263388,0.2381574515,0.0946843488,-19.8837132445,-1.847,1.000000,47.9410743608,-2,0.2829746103
