trial_number,repeat,ok,score,samples,duration_s,mean_abs_e_deg,rms_e_deg,p95_abs_e_deg,max_abs_e_deg,span_ratio,sat_ratio,effort_ratio,u_activity_ratio,zeta_abs_max,zeta_start,zeta_end,zeta_growth,zeta_dot_mean,zeta_dot_p95,zeta_dot_abs_max,low_speed_frac,low_speed_qd_rms_deg_s,low_speed_sign_rate_hz,step_settle_segments,step_settle_pp_deg,step_settle_std_deg,step_settle_extrema_rate_hz,hold_segments,hold_mean_abs_e_deg,hold_p95_abs_e_deg,hold_max_abs_e_deg,upstep_segments,upstep_hold_mean_abs_e_deg,upstep_hold_p95_abs_e_deg,upstep_peak_shortfall_deg,upstep_peak_overshoot_deg,tail_mean_abs_e_deg,tail_p95_abs_e_deg,tail_max_abs_e_deg,tail_sat_ratio,returncode,elapsed_s,csv_path,error,params_json
0,1,1.0,63.09317854363242,1680.0,13.991760000000001,9.543078364974543,10.947776377021965,16.600347039043456,21.91564083756288,0.9878883842513629,0.0,0.13781114285714285,0.9430190478168382,0.8943015958,0.8860000077,0.8943015958,0.008301588100000035,0.0005929711273809523,0.0034580873949999987,0.0257468723,0.0,0.0,0.0,0.0,0.0,0.0,0.0,0.0,0.0,0.0,0.0,0.0,0.0,0.0,0.0,0.0,9.958007825156075,15.632920012841593,15.823631798093375,0.0,0,15.12232543600112,/tmp/nussbaum_sine_15hz_amp10_optuna_v5_runs/optuna_t0000_r01.csv,,"{""alpha"": 7.11, ""amplitude_deg"": 10.0, ""baudrate"": 1000000.0, ""command_sign"": -1.0, ""control_output_scale"": 1.0, ""current_bias_raw"": -0.11144572300868305, ""current_limit_raw"": 0.0, ""default_mode"": 3.0, ""device"": ""/dev/ttyAMA0"", ""disable_anti_windup"": false, ""disable_freeze_nn_on_saturation"": false, ""disable_freeze_zeta_on_saturation"": false, ""disturb_interval_sec"": 30.0, ""disturb_jitter_sec"": 3.0, ""disturb_mode"": ""mixed"", ""disturb_seed"": -1.0, ""disturbance_placement"": ""mid_move"", ""duration"": 14.0, ""dxl_id"": 6.0, ""enable_disturbance"": false, ""frequency_hz"": 1.5, ""fric_coulomb"": 0.006, ""fric_vel_scale"": 0.862, ""gamma_adapt"": 8.72, ""gamma_link"": 0.993, ""integral_limit"": 0.55, ""k_delta"": 0.099, ""max_abs_e_dot"": 6.0, ""max_control"": 0.035019747505708194, ""max_current_raw"": 25.0, ""max_current_slew"": 40.76744161185219, ""mid_disturbance_offset_sec"": 0.0, ""no_set_current_mode"": false, ""predict_horizon_sec"": 0.0031515502560487264, ""pulse_current_raw_max"": 12.0, ""pulse_current_raw_min"": 4.0, ""pulse_duration_max"": 0.6, ""pulse_duration_min"": 0.15, ""q_abs_guard_deg"": 28.0, ""qd_lpf_alpha"": 0.09299151660135026, ""rate"": 120.0, ""rbf_center_max"": 3.2, ""rbf_center_min"": -3.2, ""rbf_nodes"": 11.0, ""rbf_width"": 1.463, ""ref_jump_deg_max"": 8.0, ""ref_jump_deg_min"": 2.0, ""ref_jump_duration_max"": 0.6, ""ref_jump_duration_min"": 0.15, ""reference_shape"": ""sine"", ""reset_zeta_after_motion"": false, ""reset_zeta_on_segment"": false, ""restore_mode"": false, ""sigma_mod"": 0.246, ""sine_center_mode"": ""lock"", ""soft_start_sec"": 1.5, ""step_absolute_target_deg"": null, ""step_absolute_target_rad"": null, ""step_delta_deg"": 40.0, ""step_ramp_sec"": 1.0, ""step_segment_sec"": 1.5, ""step_sequence_deg"": """", ""step_shape"": ""smoothstep"", ""step_start_sec"": 0.0, ""tail_err_full_deg"": 2.0, ""tail_err_thresh_deg"": 0.8, ""tail_kd"": 0.0014870185344911804, ""tail_kp"": 0.0, ""tail_max_control_boost"": 0.0, ""tail_u_max"": 0.0, ""torque_to_current"": 210.0, ""zeta0"": 0.886, ""zeta_leak"": 0.0799447534715673, ""zeta_reset_delay_sec"": 0.0, ""zeta_reset_value"": null, ""zeta_soft"": 0.9332961928818482}"
0,2,1.0,63.751585970317706,1680.0,13.991759,9.616393259159898,11.049115593480328,16.599197723235157,23.167378352134197,0.9789839340033003,0.0,0.13777819047619044,0.9441361058184783,0.8940059456,0.886,0.8940059456,0.008005945600000008,0.0005718532548809524,0.0030687140849999885,0.0274873891,0.0,0.0,0.0,0.0,0.0,0.0,0.0,0.0,0.0,0.0,0.0,0.0,0.0,0.0,0.0,0.0,9.89557579497947,15.58963604655633,16.170550391996578,0.0,0,14.989853028000653,/tmp/nussbaum_sine_15hz_amp10_optuna_v5_runs/optuna_t0000_r02.csv,,"{""alpha"": 7.11, ""amplitude_deg"": 10.0, ""baudrate"": 1000000.0, ""command_sign"": -1.0, ""control_output_scale"": 1.0, ""current_bias_raw"": -0.11144572300868305, ""current_limit_raw"": 0.0, ""default_mode"": 3.0, ""device"": ""/dev/ttyAMA0"", ""disable_anti_windup"": false, ""disable_freeze_nn_on_saturation"": false, ""disable_freeze_zeta_on_saturation"": false, ""disturb_interval_sec"": 30.0, ""disturb_jitter_sec"": 3.0, ""disturb_mode"": ""mixed"", ""disturb_seed"": -1.0, ""disturbance_placement"": ""mid_move"", ""duration"": 14.0, ""dxl_id"": 6.0, ""enable_disturbance"": false, ""frequency_hz"": 1.5, ""fric_coulomb"": 0.006, ""fric_vel_scale"": 0.862, ""gamma_adapt"": 8.72, ""gamma_link"": 0.993, ""integral_limit"": 0.55, ""k_delta"": 0.099, ""max_abs_e_dot"": 6.0, ""max_control"": 0.035019747505708194, ""max_current_raw"": 25.0, ""max_current_slew"": 40.76744161185219, ""mid_disturbance_offset_sec"": 0.0, ""no_set_current_mode"": false, ""predict_horizon_sec"": 0.0031515502560487264, ""pulse_current_raw_max"": 12.0, ""pulse_current_raw_min"": 4.0, ""pulse_duration_max"": 0.6, ""pulse_duration_min"": 0.15, ""q_abs_guard_deg"": 28.0, ""qd_lpf_alpha"": 0.09299151660135026, ""rate"": 120.0, ""rbf_center_max"": 3.2, ""rbf_center_min"": -3.2, ""rbf_nodes"": 11.0, ""rbf_width"": 1.463, ""ref_jump_deg_max"": 8.0, ""ref_jump_deg_min"": 2.0, ""ref_jump_duration_max"": 0.6, ""ref_jump_duration_min"": 0.15, ""reference_shape"": ""sine"", ""reset_zeta_after_motion"": false, ""reset_zeta_on_segment"": false, ""restore_mode"": false, ""sigma_mod"": 0.246, ""sine_center_mode"": ""lock"", ""soft_start_sec"": 1.5, ""step_absolute_target_deg"": null, ""step_absolute_target_rad"": null, ""step_delta_deg"": 40.0, ""step_ramp_sec"": 1.0, ""step_segment_sec"": 1.5, ""step_sequence_deg"": """", ""step_shape"": ""smoothstep"", ""step_start_sec"": 0.0, ""tail_err_full_deg"": 2.0, ""tail_err_thresh_deg"": 0.8, ""tail_kd"": 0.0014870185344911804, ""tail_kp"": 0.0, ""tail_max_control_boost"": 0.0, ""tail_u_max"": 0.0, ""torque_to_current"": 210.0, ""zeta0"": 0.886, ""zeta_leak"": 0.0799447534715673, ""zeta_reset_delay_sec"": 0.0, ""zeta_reset_value"": null, ""zeta_soft"": 0.9332961928818482}"
1,1,1.0,64.71365853321936,1680.0,13.991781000000001,9.703811883968529,11.128474254734055,17.312914008329575,22.584727239836617,0.9834407984084702,0.0,0.13794038095238093,0.9439770114798272,0.8943731889,0.886,0.8943731889,0.00837318889999994,0.0005980849211309524,0.0032690129899999917,0.0248253307,0.0,0.0,0.0,0.0,0.0,0.0,0.0,0.0,0.0,0.0,0.0,0.0,0.0,0.0,0.0,0.0,10.000934933183597,15.539328237929581,15.805528170961765,0.0,0,14.992845120999846,/tmp/nussbaum_sine_15hz_amp10_optuna_v5_runs/optuna_t0001_r01.csv,,"{""alpha"": 7.11, ""amplitude_deg"": 10.0, ""baudrate"": 1000000.0, ""command_sign"": -1.0, ""control_output_scale"": 1.0, ""current_bias_raw"": -0.10674513725857157, ""current_limit_raw"": 0.0, ""default_mode"": 3.0, ""device"": ""/dev/ttyAMA0"", ""disable_anti_windup"": false, ""disable_freeze_nn_on_saturation"": false, ""disable_freeze_zeta_on_saturation"": false, ""disturb_interval_sec"": 30.0, ""disturb_jitter_sec"": 3.0, ""disturb_mode"": ""mixed"", ""disturb_seed"": -1.0, ""disturbance_placement"": ""mid_move"", ""duration"": 14.0, ""dxl_id"": 6.0, ""enable_disturbance"": false, ""frequency_hz"": 1.5, ""fric_coulomb"": 0.006, ""fric_vel_scale"": 0.862, ""gamma_adapt"": 8.72, ""gamma_link"": 0.993, ""integral_limit"": 0.55, ""k_delta"": 0.099, ""max_abs_e_dot"": 6.0, ""max_control"": 0.03481706287191262, ""max_current_raw"": 25.0, ""max_current_slew"": 41.03557417874429, ""mid_disturbance_offset_sec"": 0.0, ""no_set_current_mode"": false, ""predict_horizon_sec"": 0.002987962709840716, ""pulse_current_raw_max"": 12.0, ""pulse_current_raw_min"": 4.0, ""pulse_duration_max"": 0.6, ""pulse_duration_min"": 0.15, ""q_abs_guard_deg"": 28.0, ""qd_lpf_alpha"": 0.0942415392519908, ""rate"": 120.0, ""rbf_center_max"": 3.2, ""rbf_center_min"": -3.2, ""rbf_nodes"": 11.0, ""rbf_width"": 1.463, ""ref_jump_deg_max"": 8.0, ""ref_jump_deg_min"": 2.0, ""ref_jump_duration_max"": 0.6, ""ref_jump_duration_min"": 0.15, ""reference_shape"": ""sine"", ""reset_zeta_after_motion"": false, ""reset_zeta_on_segment"": false, ""restore_mode"": false, ""sigma_mod"": 0.246, ""sine_center_mode"": ""lock"", ""soft_start_sec"": 1.5, ""step_absolute_target_deg"": null, ""step_absolute_target_rad"": null, ""step_delta_deg"": 40.0, ""step_ramp_sec"": 1.0, ""step_segment_sec"": 1.5, ""step_sequence_deg"": """", ""step_shape"": ""smoothstep"", ""step_start_sec"": 0.0, ""tail_err_full_deg"": 2.0, ""tail_err_thresh_deg"": 0.8, ""tail_kd"": 0.0013838420070895266, ""tail_kp"": 0.0, ""tail_max_control_boost"": 0.0, ""tail_u_max"": 0.0, ""torque_to_current"": 210.0, ""zeta0"": 0.886, ""zeta_leak"": 0.07987377014252792, ""zeta_reset_delay_sec"": 0.0, ""zeta_reset_value"": null, ""zeta_soft"": 0.9339321281325526}"
1,2,1.0,63.97715544094017,1680.0,13.99183,9.638576741716909,11.060471280170898,16.584420128136397,23.16039397369324,0.9658623844794938,0.0,0.1381182619047619,0.9433441795682601,0.8935592052,0.886,0.8935592052,0.007559205199999974,0.0005399432310119049,0.0028143090999999897,0.0272071063,0.0,0.0,0.0,0.0,0.0,0.0,0.0,0.0,0.0,0.0,0.0,0.0,0.0,0.0,0.0,0.0,9.963393150663082,15.779009914622963,15.995158150303379,0.0,0,14.99244826800168,/tmp/nussbaum_sine_15hz_amp10_optuna_v5_runs/optuna_t0001_r02.csv,,"{""alpha"": 7.11, ""amplitude_deg"": 10.0, ""baudrate"": 1000000.0, ""command_sign"": -1.0, ""control_output_scale"": 1.0, ""current_bias_raw"": -0.10674513725857157, ""current_limit_raw"": 0.0, ""default_mode"": 3.0, ""device"": ""/dev/ttyAMA0"", ""disable_anti_windup"": false, ""disable_freeze_nn_on_saturation"": false, ""disable_freeze_zeta_on_saturation"": false, ""disturb_interval_sec"": 30.0, ""disturb_jitter_sec"": 3.0, ""disturb_mode"": ""mixed"", ""disturb_seed"": -1.0, ""disturbance_placement"": ""mid_move"", ""duration"": 14.0, ""dxl_id"": 6.0, ""enable_disturbance"": false, ""frequency_hz"": 1.5, ""fric_coulomb"": 0.006, ""fric_vel_scale"": 0.862, ""gamma_adapt"": 8.72, ""gamma_link"": 0.993, ""integral_limit"": 0.55, ""k_delta"": 0.099, ""max_abs_e_dot"": 6.0, ""max_control"": 0.03481706287191262, ""max_current_raw"": 25.0, ""max_current_slew"": 41.03557417874429, ""mid_disturbance_offset_sec"": 0.0, ""no_set_current_mode"": false, ""predict_horizon_sec"": 0.002987962709840716, ""pulse_current_raw_max"": 12.0, ""pulse_current_raw_min"": 4.0, ""pulse_duration_max"": 0.6, ""pulse_duration_min"": 0.15, ""q_abs_guard_deg"": 28.0, ""qd_lpf_alpha"": 0.0942415392519908, ""rate"": 120.0, ""rbf_center_max"": 3.2, ""rbf_center_min"": -3.2, ""rbf_nodes"": 11.0, ""rbf_width"": 1.463, ""ref_jump_deg_max"": 8.0, ""ref_jump_deg_min"": 2.0, ""ref_jump_duration_max"": 0.6, ""ref_jump_duration_min"": 0.15, ""reference_shape"": ""sine"", ""reset_zeta_after_motion"": false, ""reset_zeta_on_segment"": false, ""restore_mode"": false, ""sigma_mod"": 0.246, ""sine_center_mode"": ""lock"", ""soft_start_sec"": 1.5, ""step_absolute_target_deg"": null, ""step_absolute_target_rad"": null, ""step_delta_deg"": 40.0, ""step_ramp_sec"": 1.0, ""step_segment_sec"": 1.5, ""step_sequence_deg"": """", ""step_shape"": ""smoothstep"", ""step_start_sec"": 0.0, ""tail_err_full_deg"": 2.0, ""tail_err_thresh_deg"": 0.8, ""tail_kd"": 0.0013838420070895266, ""tail_kp"": 0.0, ""tail_max_control_boost"": 0.0, ""tail_u_max"": 0.0, ""torque_to_current"": 210.0, ""zeta0"": 0.886, ""zeta_leak"": 0.07987377014252792, ""zeta_reset_delay_sec"": 0.0, ""zeta_reset_value"": null, ""zeta_soft"": 0.9339321281325526}"
2,1,1.0,64.3251565245385,1680.0,13.991784,9.880869515415013,11.288453162852242,16.370245656716257,21.818242521568486,0.9478392743093311,0.0,0.13586499999999999,0.9433128774207274,0.8934888151,0.886,0.8934888151,0.00748881509999999,0.0005349153647619047,0.002960693309999998,0.0286276548,0.0,0.0,0.0,0.0,0.0,0.0,0.0,0.0,0.0,0.0,0.0,0.0,0.0,0.0,0.0,0.0,10.363436883660713,16.213251474565865,16.634021779458678,0.0,0,14.99839339799837,/tmp/nussbaum_sine_15hz_amp10_optuna_v5_runs/optuna_t0002_r01.csv,,"{""alpha"": 7.11, ""amplitude_deg"": 10.0, ""baudrate"": 1000000.0, ""command_sign"": -1.0, ""control_output_scale"": 1.0, ""current_bias_raw"": -0.10800904820084115, ""current_limit_raw"": 0.0, ""default_mode"": 3.0, ""device"": ""/dev/ttyAMA0"", ""disable_anti_windup"": false, ""disable_freeze_nn_on_saturation"": false, ""disable_freeze_zeta_on_saturation"": false, ""disturb_interval_sec"": 30.0, ""disturb_jitter_sec"": 3.0, ""disturb_mode"": ""mixed"", ""disturb_seed"": -1.0, ""disturbance_placement"": ""mid_move"", ""duration"": 14.0, ""dxl_id"": 6.0, ""enable_disturbance"": false, ""frequency_hz"": 1.5, ""fric_coulomb"": 0.006, ""fric_vel_scale"": 0.862, ""gamma_adapt"": 8.72, ""gamma_link"": 0.993, ""integral_limit"": 0.55, ""k_delta"": 0.099, ""max_abs_e_dot"": 6.0, ""max_control"": 0.035001167714153715, ""max_current_raw"": 25.0, ""max_current_slew"": 40.328164026299206, ""mid_disturbance_offset_sec"": 0.0, ""no_set_current_mode"": false, ""predict_horizon_sec"": 0.00318333047211717, ""pulse_current_raw_max"": 12.0, ""pulse_current_raw_min"": 4.0, ""pulse_duration_max"": 0.6, ""pulse_duration_min"": 0.15, ""q_abs_guard_deg"": 28.0, ""qd_lpf_alpha"": 0.09417830349179064, ""rate"": 120.0, ""rbf_center_max"": 3.2, ""rbf_center_min"": -3.2, ""rbf_nodes"": 11.0, ""rbf_width"": 1.463, ""ref_jump_deg_max"": 8.0, ""ref_jump_deg_min"": 2.0, ""ref_jump_duration_max"": 0.6, ""ref_jump_duration_min"": 0.15, ""reference_shape"": ""sine"", ""reset_zeta_after_motion"": false, ""reset_zeta_on_segment"": false, ""restore_mode"": false, ""sigma_mod"": 0.246, ""sine_center_mode"": ""lock"", ""soft_start_sec"": 1.5, ""step_absolute_target_deg"": null, ""step_absolute_target_rad"": null, ""step_delta_deg"": 40.0, ""step_ramp_sec"": 1.0, ""step_segment_sec"": 1.5, ""step_sequence_deg"": """", ""step_shape"": ""smoothstep"", ""step_start_sec"": 0.0, ""tail_err_full_deg"": 2.0, ""tail_err_thresh_deg"": 0.8, ""tail_kd"": 0.0014322900673418462, ""tail_kp"": 0.0, ""tail_max_control_boost"": 0.0, ""tail_u_max"": 0.0, ""torque_to_current"": 210.0, ""zeta0"": 0.886, ""zeta_leak"": 0.07887964716553397, ""zeta_reset_delay_sec"": 0.0, ""zeta_reset_value"": null, ""zeta_soft"": 0.9329483064199295}"
2,2,1.0,64.66703784769413,1680.0,13.991762000000001,9.814508570158361,11.228614200651494,16.418852416101657,23.262121467114394,0.9569624984078183,0.0,0.1360215,0.9434462586662725,0.8940137072,0.886,0.8940137072,0.008013707199999942,0.0005724076563095238,0.0031554565399999875,0.0255577249,0.0,0.0,0.0,0.0,0.0,0.0,0.0,0.0,0.0,0.0,0.0,0.0,0.0,0.0,0.0,0.0,10.209696444114048,16.21159056818004,17.682350791253608,0.0,0,15.072980121,/tmp/nussbaum_sine_15hz_amp10_optuna_v5_runs/optuna_t0002_r02.csv,,"{""alpha"": 7.11, ""amplitude_deg"": 10.0, ""baudrate"": 1000000.0, ""command_sign"": -1.0, ""control_output_scale"": 1.0, ""current_bias_raw"": -0.10800904820084115, ""current_limit_raw"": 0.0, ""default_mode"": 3.0, ""device"": ""/dev/ttyAMA0"", ""disable_anti_windup"": false, ""disable_freeze_nn_on_saturation"": false, ""disable_freeze_zeta_on_saturation"": false, ""disturb_interval_sec"": 30.0, ""disturb_jitter_sec"": 3.0, ""disturb_mode"": ""mixed"", ""disturb_seed"": -1.0, ""disturbance_placement"": ""mid_move"", ""duration"": 14.0, ""dxl_id"": 6.0, ""enable_disturbance"": false, ""frequency_hz"": 1.5, ""fric_coulomb"": 0.006, ""fric_vel_scale"": 0.862, ""gamma_adapt"": 8.72, ""gamma_link"": 0.993, ""integral_limit"": 0.55, ""k_delta"": 0.099, ""max_abs_e_dot"": 6.0, ""max_control"": 0.035001167714153715, ""max_current_raw"": 25.0, ""max_current_slew"": 40.328164026299206, ""mid_disturbance_offset_sec"": 0.0, ""no_set_current_mode"": false, ""predict_horizon_sec"": 0.00318333047211717, ""pulse_current_raw_max"": 12.0, ""pulse_current_raw_min"": 4.0, ""pulse_duration_max"": 0.6, ""pulse_duration_min"": 0.15, ""q_abs_guard_deg"": 28.0, ""qd_lpf_alpha"": 0.09417830349179064, ""rate"": 120.0, ""rbf_center_max"": 3.2, ""rbf_center_min"": -3.2, ""rbf_nodes"": 11.0, ""rbf_width"": 1.463, ""ref_jump_deg_max"": 8.0, ""ref_jump_deg_min"": 2.0, ""ref_jump_duration_max"": 0.6, ""ref_jump_duration_min"": 0.15, ""reference_shape"": ""sine"", ""reset_zeta_after_motion"": false, ""reset_zeta_on_segment"": false, ""restore_mode"": false, ""sigma_mod"": 0.246, ""sine_center_mode"": ""lock"", ""soft_start_sec"": 1.5, ""step_absolute_target_deg"": null, ""step_absolute_target_rad"": null, ""step_delta_deg"": 40.0, ""step_ramp_sec"": 1.0, ""step_segment_sec"": 1.5, ""step_sequence_deg"": """", ""step_shape"": ""smoothstep"", ""step_start_sec"": 0.0, ""tail_err_full_deg"": 2.0, ""tail_err_thresh_deg"": 0.8, ""tail_kd"": 0.0014322900673418462, ""tail_kp"": 0.0, ""tail_max_control_boost"": 0.0, ""tail_u_max"": 0.0, ""torque_to_current"": 210.0, ""zeta0"": 0.886, ""zeta_leak"": 0.07887964716553397, ""zeta_reset_delay_sec"": 0.0, ""zeta_reset_value"": null, ""zeta_soft"": 0.9329483064199295}"
3,1,1.0,64.47249065840364,1680.0,13.991761,9.732917923870824,11.149183954081257,17.107043731939356,22.42073012601243,0.983437486253606,0.0,0.14324615575396824,0.9434005408518599,0.8928125399,0.886,0.8928125399,0.00681253989999997,0.0004866099894642857,0.002578201999999996,0.0233483169,0.0,0.0,0.0,0.0,0.0,0.0,0.0,0.0,0.0,0.0,0.0,0.0,0.0,0.0,0.0,0.0,10.022677119048142,15.565556670156734,16.10950094824363,0.0,0,14.991379323999354,/tmp/nussbaum_sine_15hz_amp10_optuna_v5_runs/optuna_t0003_r01.csv,,"{""alpha"": 7.11, ""amplitude_deg"": 10.0, ""baudrate"": 1000000.0, ""command_sign"": -1.0, ""control_output_scale"": 1.0, ""current_bias_raw"": -0.10532984139297591, ""current_limit_raw"": 0.0, ""default_mode"": 3.0, ""device"": ""/dev/ttyAMA0"", ""disable_anti_windup"": false, ""disable_freeze_nn_on_saturation"": false, ""disable_freeze_zeta_on_saturation"": false, ""disturb_interval_sec"": 30.0, ""disturb_jitter_sec"": 3.0, ""disturb_mode"": ""mixed"", ""disturb_seed"": -1.0, ""disturbance_placement"": ""mid_move"", ""duration"": 14.0, ""dxl_id"": 6.0, ""enable_disturbance"": false, ""frequency_hz"": 1.5, ""fric_coulomb"": 0.006, ""fric_vel_scale"": 0.862, ""gamma_adapt"": 8.72, ""gamma_link"": 0.993, ""integral_limit"": 0.55, ""k_delta"": 0.099, ""max_abs_e_dot"": 6.0, ""max_control"": 0.034517956109178745, ""max_current_raw"": 24.0, ""max_current_slew"": 40.965725175929585, ""mid_disturbance_offset_sec"": 0.0, ""no_set_current_mode"": false, ""predict_horizon_sec"": 0.003134002764263554, ""pulse_current_raw_max"": 12.0, ""pulse_current_raw_min"": 4.0, ""pulse_duration_max"": 0.6, ""pulse_duration_min"": 0.15, ""q_abs_guard_deg"": 28.0, ""qd_lpf_alpha"": 0.0932158023559553, ""rate"": 120.0, ""rbf_center_max"": 3.2, ""rbf_center_min"": -3.2, ""rbf_nodes"": 11.0, ""rbf_width"": 1.463, ""ref_jump_deg_max"": 8.0, ""ref_jump_deg_min"": 2.0, ""ref_jump_duration_max"": 0.6, ""ref_jump_duration_min"": 0.15, ""reference_shape"": ""sine"", ""reset_zeta_after_motion"": false, ""reset_zeta_on_segment"": false, ""restore_mode"": false, ""sigma_mod"": 0.246, ""sine_center_mode"": ""lock"", ""soft_start_sec"": 1.5, ""step_absolute_target_deg"": null, ""step_absolute_target_rad"": null, ""step_delta_deg"": 40.0, ""step_ramp_sec"": 1.0, ""step_segment_sec"": 1.5, ""step_sequence_deg"": """", ""step_shape"": ""smoothstep"", ""step_start_sec"": 0.0, ""tail_err_full_deg"": 2.0, ""tail_err_thresh_deg"": 0.8, ""tail_kd"": 0.0013949137788314338, ""tail_kp"": 0.0, ""tail_max_control_boost"": 0.0, ""tail_u_max"": 0.0, ""torque_to_current"": 210.0, ""zeta0"": 0.886, ""zeta_leak"": 0.0790149713772568, ""zeta_reset_delay_sec"": 0.0, ""zeta_reset_value"": null, ""zeta_soft"": 0.933446317808663}"
3,2,1.0,65.36135719983155,1680.0,13.991761,9.815003050500659,11.23694262715856,17.492422622616527,22.70582440804055,1.0101475551784929,0.0,0.14322266865079364,0.944222406984878,0.8939900347,0.886,0.8939900347,0.007990034700000037,0.0005707167634523809,0.0030145039199999993,0.023239294,0.0,0.0,0.0,0.0,0.0,0.0,0.0,0.0,0.0,0.0,0.0,0.0,0.0,0.0,0.0,0.0,10.1562405256586,15.824362327590057,16.10711649270595,0.0,0,14.978051027999754,/tmp/nussbaum_sine_15hz_amp10_optuna_v5_runs/optuna_t0003_r02.csv,,"{""alpha"": 7.11, ""amplitude_deg"": 10.0, ""baudrate"": 1000000.0, ""command_sign"": -1.0, ""control_output_scale"": 1.0, ""current_bias_raw"": -0.10532984139297591, ""current_limit_raw"": 0.0, ""default_mode"": 3.0, ""device"": ""/dev/ttyAMA0"", ""disable_anti_windup"": false, ""disable_freeze_nn_on_saturation"": false, ""disable_freeze_zeta_on_saturation"": false, ""disturb_interval_sec"": 30.0, ""disturb_jitter_sec"": 3.0, ""disturb_mode"": ""mixed"", ""disturb_seed"": -1.0, ""disturbance_placement"": ""mid_move"", ""duration"": 14.0, ""dxl_id"": 6.0, ""enable_disturbance"": false, ""frequency_hz"": 1.5, ""fric_coulomb"": 0.006, ""fric_vel_scale"": 0.862, ""gamma_adapt"": 8.72, ""gamma_link"": 0.993, ""integral_limit"": 0.55, ""k_delta"": 0.099, ""max_abs_e_dot"": 6.0, ""max_control"": 0.034517956109178745, ""max_current_raw"": 24.0, ""max_current_slew"": 40.965725175929585, ""mid_disturbance_offset_sec"": 0.0, ""no_set_current_mode"": false, ""predict_horizon_sec"": 0.003134002764263554, ""pulse_current_raw_max"": 12.0, ""pulse_current_raw_min"": 4.0, ""pulse_duration_max"": 0.6, ""pulse_duration_min"": 0.15, ""q_abs_guard_deg"": 28.0, ""qd_lpf_alpha"": 0.0932158023559553, ""rate"": 120.0, ""rbf_center_max"": 3.2, ""rbf_center_min"": -3.2, ""rbf_nodes"": 11.0, ""rbf_width"": 1.463, ""ref_jump_deg_max"": 8.0, ""ref_jump_deg_min"": 2.0, ""ref_jump_duration_max"": 0.6, ""ref_jump_duration_min"": 0.15, ""reference_shape"": ""sine"", ""reset_zeta_after_motion"": false, ""reset_zeta_on_segment"": false, ""restore_mode"": false, ""sigma_mod"": 0.246, ""sine_center_mode"": ""lock"", ""soft_start_sec"": 1.5, ""step_absolute_target_deg"": null, ""step_absolute_target_rad"": null, ""step_delta_deg"": 40.0, ""step_ramp_sec"": 1.0, ""step_segment_sec"": 1.5, ""step_sequence_deg"": """", ""step_shape"": ""smoothstep"", ""step_start_sec"": 0.0, ""tail_err_full_deg"": 2.0, ""tail_err_thresh_deg"": 0.8, ""tail_kd"": 0.0013949137788314338, ""tail_kp"": 0.0, ""tail_max_control_boost"": 0.0, ""tail_u_max"": 0.0, ""torque_to_current"": 210.0, ""zeta0"": 0.886, ""zeta_leak"": 0.0790149713772568, ""zeta_reset_delay_sec"": 0.0, ""zeta_reset_value"": null, ""zeta_soft"": 0.933446317808663}"
4,1,1.0,64.70496110050968,1680.0,13.991757000000002,9.776147556445594,11.185187708945463,17.23170493397409,22.54861133223467,1.0012424204242716,0.0,0.14200749007936508,0.9433004637681688,0.8929680633,0.886,0.8929680633,0.006968063299999994,0.0004977188038690476,0.0028810944449999985,0.0272639454,0.0,0.0,0.0,0.0,0.0,0.0,0.0,0.0,0.0,0.0,0.0,0.0,0.0,0.0,0.0,0.0,10.162542275866059,15.652055174566428,16.269518102417194,0.0,0,15.03758584299976,/tmp/nussbaum_sine_15hz_amp10_optuna_v5_runs/optuna_t0004_r01.csv,,"{""alpha"": 7.11, ""amplitude_deg"": 10.0, ""baudrate"": 1000000.0, ""command_sign"": -1.0, ""control_output_scale"": 1.0, ""current_bias_raw"": -0.11018457621804421, ""current_limit_raw"": 0.0, ""default_mode"": 3.0, ""device"": ""/dev/ttyAMA0"", ""disable_anti_windup"": false, ""disable_freeze_nn_on_saturation"": false, ""disable_freeze_zeta_on_saturation"": false, ""disturb_interval_sec"": 30.0, ""disturb_jitter_sec"": 3.0, ""disturb_mode"": ""mixed"", ""disturb_seed"": -1.0, ""disturbance_placement"": ""mid_move"", ""duration"": 14.0, ""dxl_id"": 6.0, ""enable_disturbance"": false, ""frequency_hz"": 1.5, ""fric_coulomb"": 0.006, ""fric_vel_scale"": 0.862, ""gamma_adapt"": 8.72, ""gamma_link"": 0.993, ""integral_limit"": 0.55, ""k_delta"": 0.099, ""max_abs_e_dot"": 6.0, ""max_control"": 0.034647829944974146, ""max_current_raw"": 24.0, ""max_current_slew"": 40.446306293129624, ""mid_disturbance_offset_sec"": 0.0, ""no_set_current_mode"": false, ""predict_horizon_sec"": 0.003263056392809289, ""pulse_current_raw_max"": 12.0, ""pulse_current_raw_min"": 4.0, ""pulse_duration_max"": 0.6, ""pulse_duration_min"": 0.15, ""q_abs_guard_deg"": 28.0, ""qd_lpf_alpha"": 0.09302542799218379, ""rate"": 120.0, ""rbf_center_max"": 3.2, ""rbf_center_min"": -3.2, ""rbf_nodes"": 11.0, ""rbf_width"": 1.463, ""ref_jump_deg_max"": 8.0, ""ref_jump_deg_min"": 2.0, ""ref_jump_duration_max"": 0.6, ""ref_jump_duration_min"": 0.15, ""reference_shape"": ""sine"", ""reset_zeta_after_motion"": false, ""reset_zeta_on_segment"": false, ""restore_mode"": false, ""sigma_mod"": 0.246, ""sine_center_mode"": ""lock"", ""soft_start_sec"": 1.5, ""step_absolute_target_deg"": null, ""step_absolute_target_rad"": null, ""step_delta_deg"": 40.0, ""step_ramp_sec"": 1.0, ""step_segment_sec"": 1.5, ""step_sequence_deg"": """", ""step_shape"": ""smoothstep"", ""step_start_sec"": 0.0, ""tail_err_full_deg"": 2.0, ""tail_err_thresh_deg"": 0.8, ""tail_kd"": 0.0013215551388097186, ""tail_kp"": 0.0, ""tail_max_control_boost"": 0.0, ""tail_u_max"": 0.0, ""torque_to_current"": 210.0, ""zeta0"": 0.886, ""zeta_leak"": 0.07908120335697771, ""zeta_reset_delay_sec"": 0.0, ""zeta_reset_value"": null, ""zeta_soft"": 0.9330365831510857}"
4,2,1.0,64.6745896579244,1680.0,13.991753000000001,9.769890430489673,11.181521834134733,17.132930556988768,22.726879398070658,0.9834367380616238,0.0,0.14198539186507939,0.9441303658994807,0.8930704104,0.8860000077,0.8930704104,0.007070402700000034,0.0005050293172023809,0.002545257794999987,0.0232497121,0.0,0.0,0.0,0.0,0.0,0.0,0.0,0.0,0.0,0.0,0.0,0.0,0.0,0.0,0.0,0.0,10.051159186105371,15.481360482055214,16.270571811909484,0.0,0,14.986095324000416,/tmp/nussbaum_sine_15hz_amp10_optuna_v5_runs/optuna_t0004_r02.csv,,"{""alpha"": 7.11, ""amplitude_deg"": 10.0, ""baudrate"": 1000000.0, ""command_sign"": -1.0, ""control_output_scale"": 1.0, ""current_bias_raw"": -0.11018457621804421, ""current_limit_raw"": 0.0, ""default_mode"": 3.0, ""device"": ""/dev/ttyAMA0"", ""disable_anti_windup"": false, ""disable_freeze_nn_on_saturation"": false, ""disable_freeze_zeta_on_saturation"": false, ""disturb_interval_sec"": 30.0, ""disturb_jitter_sec"": 3.0, ""disturb_mode"": ""mixed"", ""disturb_seed"": -1.0, ""disturbance_placement"": ""mid_move"", ""duration"": 14.0, ""dxl_id"": 6.0, ""enable_disturbance"": false, ""frequency_hz"": 1.5, ""fric_coulomb"": 0.006, ""fric_vel_scale"": 0.862, ""gamma_adapt"": 8.72, ""gamma_link"": 0.993, ""integral_limit"": 0.55, ""k_delta"": 0.099, ""max_abs_e_dot"": 6.0, ""max_control"": 0.034647829944974146, ""max_current_raw"": 24.0, ""max_current_slew"": 40.446306293129624, ""mid_disturbance_offset_sec"": 0.0, ""no_set_current_mode"": false, ""predict_horizon_sec"": 0.003263056392809289, ""pulse_current_raw_max"": 12.0, ""pulse_current_raw_min"": 4.0, ""pulse_duration_max"": 0.6, ""pulse_duration_min"": 0.15, ""q_abs_guard_deg"": 28.0, ""qd_lpf_alpha"": 0.09302542799218379, ""rate"": 120.0, ""rbf_center_max"": 3.2, ""rbf_center_min"": -3.2, ""rbf_nodes"": 11.0, ""rbf_width"": 1.463, ""ref_jump_deg_max"": 8.0, ""ref_jump_deg_min"": 2.0, ""ref_jump_duration_max"": 0.6, ""ref_jump_duration_min"": 0.15, ""reference_shape"": ""sine"", ""reset_zeta_after_motion"": false, ""reset_zeta_on_segment"": false, ""restore_mode"": false, ""sigma_mod"": 0.246, ""sine_center_mode"": ""lock"", ""soft_start_sec"": 1.5, ""step_absolute_target_deg"": null, ""step_absolute_target_rad"": null, ""step_delta_deg"": 40.0, ""step_ramp_sec"": 1.0, ""step_segment_sec"": 1.5, ""step_sequence_deg"": """", ""step_shape"": ""smoothstep"", ""step_start_sec"": 0.0, ""tail_err_full_deg"": 2.0, ""tail_err_thresh_deg"": 0.8, ""tail_kd"": 0.0013215551388097186, ""tail_kp"": 0.0, ""tail_max_control_boost"": 0.0, ""tail_u_max"": 0.0, ""torque_to_current"": 210.0, ""zeta0"": 0.886, ""zeta_leak"": 0.07908120335697771, ""zeta_reset_delay_sec"": 0.0, ""zeta_reset_value"": null, ""zeta_soft"": 0.9330365831510857}"
5,1,1.0,65.26705622624699,1680.0,13.991754,9.8603125167887,11.277498925383982,17.297301949190093,23.126330337888096,0.9925634869962845,0.0,0.13777340476190475,0.9432069776242229,0.8929602743,0.886,0.8929602743,0.006960274300000013,0.0004971624529166666,0.0025133669399999992,0.0234396776,0.0,0.0,0.0,0.0,0.0,0.0,0.0,0.0,0.0,0.0,0.0,0.0,0.0,0.0,0.0,0.0,10.160926804158082,15.73477548641305,16.375184864026362,0.0,0,15.044985325001107,/tmp/nussbaum_sine_15hz_amp10_optuna_v5_runs/optuna_t0005_r01.csv,,"{""alpha"": 7.11, ""amplitude_deg"": 10.0, ""baudrate"": 1000000.0, ""command_sign"": -1.0, ""control_output_scale"": 1.0, ""current_bias_raw"": -0.10604236838944622, ""current_limit_raw"": 0.0, ""default_mode"": 3.0, ""device"": ""/dev/ttyAMA0"", ""disable_anti_windup"": false, ""disable_freeze_nn_on_saturation"": false, ""disable_freeze_zeta_on_saturation"": false, ""disturb_interval_sec"": 30.0, ""disturb_jitter_sec"": 3.0, ""disturb_mode"": ""mixed"", ""disturb_seed"": -1.0, ""disturbance_placement"": ""mid_move"", ""duration"": 14.0, ""dxl_id"": 6.0, ""enable_disturbance"": false, ""frequency_hz"": 1.5, ""fric_coulomb"": 0.006, ""fric_vel_scale"": 0.862, ""gamma_adapt"": 8.72, ""gamma_link"": 0.993, ""integral_limit"": 0.55, ""k_delta"": 0.099, ""max_abs_e_dot"": 6.0, ""max_control"": 0.03471260769002296, ""max_current_raw"": 25.0, ""max_current_slew"": 40.99948270046513, ""mid_disturbance_offset_sec"": 0.0, ""no_set_current_mode"": false, ""predict_horizon_sec"": 0.003205320341034126, ""pulse_current_raw_max"": 12.0, ""pulse_current_raw_min"": 4.0, ""pulse_duration_max"": 0.6, ""pulse_duration_min"": 0.15, ""q_abs_guard_deg"": 28.0, ""qd_lpf_alpha"": 0.09410515865494083, ""rate"": 120.0, ""rbf_center_max"": 3.2, ""rbf_center_min"": -3.2, ""rbf_nodes"": 11.0, ""rbf_width"": 1.463, ""ref_jump_deg_max"": 8.0, ""ref_jump_deg_min"": 2.0, ""ref_jump_duration_max"": 0.6, ""ref_jump_duration_min"": 0.15, ""reference_shape"": ""sine"", ""reset_zeta_after_motion"": false, ""reset_zeta_on_segment"": false, ""restore_mode"": false, ""sigma_mod"": 0.246, ""sine_center_mode"": ""lock"", ""soft_start_sec"": 1.5, ""step_absolute_target_deg"": null, ""step_absolute_target_rad"": null, ""step_delta_deg"": 40.0, ""step_ramp_sec"": 1.0, ""step_segment_sec"": 1.5, ""step_sequence_deg"": """", ""step_shape"": ""smoothstep"", ""step_start_sec"": 0.0, ""tail_err_full_deg"": 2.0, ""tail_err_thresh_deg"": 0.8, ""tail_kd"": 0.001445126011812757, ""tail_kp"": 0.0, ""tail_max_control_boost"": 0.0, ""tail_u_max"": 0.0, ""torque_to_current"": 210.0, ""zeta0"": 0.886, ""zeta_leak"": 0.07982425885080295, ""zeta_reset_delay_sec"": 0.0, ""zeta_reset_value"": null, ""zeta_soft"": 0.9341698815649148}"
5,2,1.0,65.77245082089047,1680.0,13.991833000000002,9.940155828704693,11.376765616435032,17.49146441086474,22.789051375006245,1.0101357067941767,0.0,0.13760714285714287,0.9447174708375691,0.893310555,0.886,0.893310555,0.007310554999999996,0.0005221825032142858,0.0025431963399999997,0.0232537862,0.0,0.0,0.0,0.0,0.0,0.0,0.0,0.0,0.0,0.0,0.0,0.0,0.0,0.0,0.0,0.0,10.210807460984897,15.878627118540978,16.712405499804667,0.0,0,14.981573936000132,/tmp/nussbaum_sine_15hz_amp10_optuna_v5_runs/optuna_t0005_r02.csv,,"{""alpha"": 7.11, ""amplitude_deg"": 10.0, ""baudrate"": 1000000.0, ""command_sign"": -1.0, ""control_output_scale"": 1.0, ""current_bias_raw"": -0.10604236838944622, ""current_limit_raw"": 0.0, ""default_mode"": 3.0, ""device"": ""/dev/ttyAMA0"", ""disable_anti_windup"": false, ""disable_freeze_nn_on_saturation"": false, ""disable_freeze_zeta_on_saturation"": false, ""disturb_interval_sec"": 30.0, ""disturb_jitter_sec"": 3.0, ""disturb_mode"": ""mixed"", ""disturb_seed"": -1.0, ""disturbance_placement"": ""mid_move"", ""duration"": 14.0, ""dxl_id"": 6.0, ""enable_disturbance"": false, ""frequency_hz"": 1.5, ""fric_coulomb"": 0.006, ""fric_vel_scale"": 0.862, ""gamma_adapt"": 8.72, ""gamma_link"": 0.993, ""integral_limit"": 0.55, ""k_delta"": 0.099, ""max_abs_e_dot"": 6.0, ""max_control"": 0.03471260769002296, ""max_current_raw"": 25.0, ""max_current_slew"": 40.99948270046513, ""mid_disturbance_offset_sec"": 0.0, ""no_set_current_mode"": false, ""predict_horizon_sec"": 0.003205320341034126, ""pulse_current_raw_max"": 12.0, ""pulse_current_raw_min"": 4.0, ""pulse_duration_max"": 0.6, ""pulse_duration_min"": 0.15, ""q_abs_guard_deg"": 28.0, ""qd_lpf_alpha"": 0.09410515865494083, ""rate"": 120.0, ""rbf_center_max"": 3.2, ""rbf_center_min"": -3.2, ""rbf_nodes"": 11.0, ""rbf_width"": 1.463, ""ref_jump_deg_max"": 8.0, ""ref_jump_deg_min"": 2.0, ""ref_jump_duration_max"": 0.6, ""ref_jump_duration_min"": 0.15, ""reference_shape"": ""sine"", ""reset_zeta_after_motion"": false, ""reset_zeta_on_segment"": false, ""restore_mode"": false, ""sigma_mod"": 0.246, ""sine_center_mode"": ""lock"", ""soft_start_sec"": 1.5, ""step_absolute_target_deg"": null, ""step_absolute_target_rad"": null, ""step_delta_deg"": 40.0, ""step_ramp_sec"": 1.0, ""step_segment_sec"": 1.5, ""step_sequence_deg"": """", ""step_shape"": ""smoothstep"", ""step_start_sec"": 0.0, ""tail_err_full_deg"": 2.0, ""tail_err_thresh_deg"": 0.8, ""tail_kd"": 0.001445126011812757, ""tail_kp"": 0.0, ""tail_max_control_boost"": 0.0, ""tail_u_max"": 0.0, ""torque_to_current"": 210.0, ""zeta0"": 0.886, ""zeta_leak"": 0.07982425885080295, ""zeta_reset_delay_sec"": 0.0, ""zeta_reset_value"": null, ""zeta_soft"": 0.9341698815649148}"
6,1,1.0,65.38142380283796,1680.0,13.991759,9.87890989298089,11.318256932959732,17.327534787458116,23.096665516800133,0.9923354249854337,0.0,0.1421266617063492,0.9446917750805002,0.8929143859,0.8860000077,0.8929143859,0.006914378200000071,0.0004938847085119047,0.002486291569999999,0.0236494698,0.0,0.0,0.0,0.0,0.0,0.0,0.0,0.0,0.0,0.0,0.0,0.0,0.0,0.0,0.0,0.0,10.140126289447183,15.805165200479676,16.357808343255087,0.0,0,14.987790195000343,/tmp/nussbaum_sine_15hz_amp10_optuna_v5_runs/optuna_t0006_r01.csv,,"{""alpha"": 7.11, ""amplitude_deg"": 10.0, ""baudrate"": 1000000.0, ""command_sign"": -1.0, ""control_output_scale"": 1.0, ""current_bias_raw"": -0.1113776160581433, ""current_limit_raw"": 0.0, ""default_mode"": 3.0, ""device"": ""/dev/ttyAMA0"", ""disable_anti_windup"": false, ""disable_freeze_nn_on_saturation"": false, ""disable_freeze_zeta_on_saturation"": false, ""disturb_interval_sec"": 30.0, ""disturb_jitter_sec"": 3.0, ""disturb_mode"": ""mixed"", ""disturb_seed"": -1.0, ""disturbance_placement"": ""mid_move"", ""duration"": 14.0, ""dxl_id"": 6.0, ""enable_disturbance"": false, ""frequency_hz"": 1.5, ""fric_coulomb"": 0.006, ""fric_vel_scale"": 0.862, ""gamma_adapt"": 8.72, ""gamma_link"": 0.993, ""integral_limit"": 0.55, ""k_delta"": 0.099, ""max_abs_e_dot"": 6.0, ""max_control"": 0.034636611749016354, ""max_current_raw"": 24.0, ""max_current_slew"": 40.5434325805454, ""mid_disturbance_offset_sec"": 0.0, ""no_set_current_mode"": false, ""predict_horizon_sec"": 0.0032893740031930837, ""pulse_current_raw_max"": 12.0, ""pulse_current_raw_min"": 4.0, ""pulse_duration_max"": 0.6, ""pulse_duration_min"": 0.15, ""q_abs_guard_deg"": 28.0, ""qd_lpf_alpha"": 0.0939560833962266, ""rate"": 120.0, ""rbf_center_max"": 3.2, ""rbf_center_min"": -3.2, ""rbf_nodes"": 11.0, ""rbf_width"": 1.463, ""ref_jump_deg_max"": 8.0, ""ref_jump_deg_min"": 2.0, ""ref_jump_duration_max"": 0.6, ""ref_jump_duration_min"": 0.15, ""reference_shape"": ""sine"", ""reset_zeta_after_motion"": false, ""reset_zeta_on_segment"": false, ""restore_mode"": false, ""sigma_mod"": 0.246, ""sine_center_mode"": ""lock"", ""soft_start_sec"": 1.5, ""step_absolute_target_deg"": null, ""step_absolute_target_rad"": null, ""step_delta_deg"": 40.0, ""step_ramp_sec"": 1.0, ""step_segment_sec"": 1.5, ""step_sequence_deg"": """", ""step_shape"": ""smoothstep"", ""step_start_sec"": 0.0, ""tail_err_full_deg"": 2.0, ""tail_err_thresh_deg"": 0.8, ""tail_kd"": 0.0013687782731304154, ""tail_kp"": 0.0, ""tail_max_control_boost"": 0.0, ""tail_u_max"": 0.0, ""torque_to_current"": 210.0, ""zeta0"": 0.886, ""zeta_leak"": 0.0791035675201875, ""zeta_reset_delay_sec"": 0.0, ""zeta_reset_value"": null, ""zeta_soft"": 0.9333975575260268}"
6,2,1.0,65.30921445056056,1680.0,13.991754,9.898939423042503,11.321716377025279,17.404504344260364,22.789736838794028,0.9967853341859861,0.0,0.14217743055555554,0.9449209448504178,0.8932770295,0.886,0.8932770295,0.007277029499999976,0.0005197878241071428,0.0026824013399999987,0.0223024709,0.0,0.0,0.0,0.0,0.0,0.0,0.0,0.0,0.0,0.0,0.0,0.0,0.0,0.0,0.0,0.0,10.141805421826179,15.571715496628997,16.46473043247508,0.0,0,15.077991453999857,/tmp/nussbaum_sine_15hz_amp10_optuna_v5_runs/optuna_t0006_r02.csv,,"{""alpha"": 7.11, ""amplitude_deg"": 10.0, ""baudrate"": 1000000.0, ""command_sign"": -1.0, ""control_output_scale"": 1.0, ""current_bias_raw"": -0.1113776160581433, ""current_limit_raw"": 0.0, ""default_mode"": 3.0, ""device"": ""/dev/ttyAMA0"", ""disable_anti_windup"": false, ""disable_freeze_nn_on_saturation"": false, ""disable_freeze_zeta_on_saturation"": false, ""disturb_interval_sec"": 30.0, ""disturb_jitter_sec"": 3.0, ""disturb_mode"": ""mixed"", ""disturb_seed"": -1.0, ""disturbance_placement"": ""mid_move"", ""duration"": 14.0, ""dxl_id"": 6.0, ""enable_disturbance"": false, ""frequency_hz"": 1.5, ""fric_coulomb"": 0.006, ""fric_vel_scale"": 0.862, ""gamma_adapt"": 8.72, ""gamma_link"": 0.993, ""integral_limit"": 0.55, ""k_delta"": 0.099, ""max_abs_e_dot"": 6.0, ""max_control"": 0.034636611749016354, ""max_current_raw"": 24.0, ""max_current_slew"": 40.5434325805454, ""mid_disturbance_offset_sec"": 0.0, ""no_set_current_mode"": false, ""predict_horizon_sec"": 0.0032893740031930837, ""pulse_current_raw_max"": 12.0, ""pulse_current_raw_min"": 4.0, ""pulse_duration_max"": 0.6, ""pulse_duration_min"": 0.15, ""q_abs_guard_deg"": 28.0, ""qd_lpf_alpha"": 0.0939560833962266, ""rate"": 120.0, ""rbf_center_max"": 3.2, ""rbf_center_min"": -3.2, ""rbf_nodes"": 11.0, ""rbf_width"": 1.463, ""ref_jump_deg_max"": 8.0, ""ref_jump_deg_min"": 2.0, ""ref_jump_duration_max"": 0.6, ""ref_jump_duration_min"": 0.15, ""reference_shape"": ""sine"", ""reset_zeta_after_motion"": false, ""reset_zeta_on_segment"": false, ""restore_mode"": false, ""sigma_mod"": 0.246, ""sine_center_mode"": ""lock"", ""soft_start_sec"": 1.5, ""step_absolute_target_deg"": null, ""step_absolute_target_rad"": null, ""step_delta_deg"": 40.0, ""step_ramp_sec"": 1.0, ""step_segment_sec"": 1.5, ""step_sequence_deg"": """", ""step_shape"": ""smoothstep"", ""step_start_sec"": 0.0, ""tail_err_full_deg"": 2.0, ""tail_err_thresh_deg"": 0.8, ""tail_kd"": 0.0013687782731304154, ""tail_kp"": 0.0, ""tail_max_control_boost"": 0.0, ""tail_u_max"": 0.0, ""torque_to_current"": 210.0, ""zeta0"": 0.886, ""zeta_leak"": 0.0791035675201875, ""zeta_reset_delay_sec"": 0.0, ""zeta_reset_value"": null, ""zeta_soft"": 0.9333975575260268}"
7,1,1.0,65.5079705540479,1680.0,13.991760000000001,9.954464659382637,11.388425884020302,17.21314831724232,23.150006678585864,0.9878863085998533,0.0,0.13675983333333336,0.9445829359729356,0.8930218452,0.8860000077,0.8930218452,0.007021837500000072,0.0005015603711309523,0.002484709835,0.023253033,0.0,0.0,0.0,0.0,0.0,0.0,0.0,0.0,0.0,0.0,0.0,0.0,0.0,0.0,0.0,0.0,10.191601505008697,15.820572502837825,16.785413592606872,0.0,0,14.99496575000012,/tmp/nussbaum_sine_15hz_amp10_optuna_v5_runs/optuna_t0007_r01.csv,,"{""alpha"": 7.11, ""amplitude_deg"": 10.0, ""baudrate"": 1000000.0, ""command_sign"": -1.0, ""control_output_scale"": 1.0, ""current_bias_raw"": -0.10572214148732416, ""current_limit_raw"": 0.0, ""default_mode"": 3.0, ""device"": ""/dev/ttyAMA0"", ""disable_anti_windup"": false, ""disable_freeze_nn_on_saturation"": false, ""disable_freeze_zeta_on_saturation"": false, ""disturb_interval_sec"": 30.0, ""disturb_jitter_sec"": 3.0, ""disturb_mode"": ""mixed"", ""disturb_seed"": -1.0, ""disturbance_placement"": ""mid_move"", ""duration"": 14.0, ""dxl_id"": 6.0, ""enable_disturbance"": false, ""frequency_hz"": 1.5, ""fric_coulomb"": 0.006, ""fric_vel_scale"": 0.862, ""gamma_adapt"": 8.72, ""gamma_link"": 0.993, ""integral_limit"": 0.55, ""k_delta"": 0.099, ""max_abs_e_dot"": 6.0, ""max_control"": 0.03481656570195791, ""max_current_raw"": 25.0, ""max_current_slew"": 40.63184834075309, ""mid_disturbance_offset_sec"": 0.0, ""no_set_current_mode"": false, ""predict_horizon_sec"": 0.003013518675815447, ""pulse_current_raw_max"": 12.0, ""pulse_current_raw_min"": 4.0, ""pulse_duration_max"": 0.6, ""pulse_duration_min"": 0.15, ""q_abs_guard_deg"": 28.0, ""qd_lpf_alpha"": 0.0930096858311741, ""rate"": 120.0, ""rbf_center_max"": 3.2, ""rbf_center_min"": -3.2, ""rbf_nodes"": 11.0, ""rbf_width"": 1.463, ""ref_jump_deg_max"": 8.0, ""ref_jump_deg_min"": 2.0, ""ref_jump_duration_max"": 0.6, ""ref_jump_duration_min"": 0.15, ""reference_shape"": ""sine"", ""reset_zeta_after_motion"": false, ""reset_zeta_on_segment"": false, ""restore_mode"": false, ""sigma_mod"": 0.246, ""sine_center_mode"": ""lock"", ""soft_start_sec"": 1.5, ""step_absolute_target_deg"": null, ""step_absolute_target_rad"": null, ""step_delta_deg"": 40.0, ""step_ramp_sec"": 1.0, ""step_segment_sec"": 1.5, ""step_sequence_deg"": """", ""step_shape"": ""smoothstep"", ""step_start_sec"": 0.0, ""tail_err_full_deg"": 2.0, ""tail_err_thresh_deg"": 0.8, ""tail_kd"": 0.0015147338182315408, ""tail_kp"": 0.0, ""tail_max_control_boost"": 0.0, ""tail_u_max"": 0.0, ""torque_to_current"": 210.0, ""zeta0"": 0.886, ""zeta_leak"": 0.07983544218281163, ""zeta_reset_delay_sec"": 0.0, ""zeta_reset_value"": null, ""zeta_soft"": 0.9328001702180609}"
7,2,1.0,65.35549858014105,1680.0,13.991783,9.91055282545541,11.344767162994808,17.299820372859994,22.81462962045706,0.9881108110082477,0.0,0.13677728571428568,0.9456292596988839,0.8935624352,0.886,0.8935624352,0.007562435199999995,0.0005401739447619048,0.0026213502399999884,0.024337238,0.0,0.0,0.0,0.0,0.0,0.0,0.0,0.0,0.0,0.0,0.0,0.0,0.0,0.0,0.0,0.0,10.138409027648828,15.643395567800122,16.764763357151974,0.0,0,15.04872956500003,/tmp/nussbaum_sine_15hz_amp10_optuna_v5_runs/optuna_t0007_r02.csv,,"{""alpha"": 7.11, ""amplitude_deg"": 10.0, ""baudrate"": 1000000.0, ""command_sign"": -1.0, ""control_output_scale"": 1.0, ""current_bias_raw"": -0.10572214148732416, ""current_limit_raw"": 0.0, ""default_mode"": 3.0, ""device"": ""/dev/ttyAMA0"", ""disable_anti_windup"": false, ""disable_freeze_nn_on_saturation"": false, ""disable_freeze_zeta_on_saturation"": false, ""disturb_interval_sec"": 30.0, ""disturb_jitter_sec"": 3.0, ""disturb_mode"": ""mixed"", ""disturb_seed"": -1.0, ""disturbance_placement"": ""mid_move"", ""duration"": 14.0, ""dxl_id"": 6.0, ""enable_disturbance"": false, ""frequency_hz"": 1.5, ""fric_coulomb"": 0.006, ""fric_vel_scale"": 0.862, ""gamma_adapt"": 8.72, ""gamma_link"": 0.993, ""integral_limit"": 0.55, ""k_delta"": 0.099, ""max_abs_e_dot"": 6.0, ""max_control"": 0.03481656570195791, ""max_current_raw"": 25.0, ""max_current_slew"": 40.63184834075309, ""mid_disturbance_offset_sec"": 0.0, ""no_set_current_mode"": false, ""predict_horizon_sec"": 0.003013518675815447, ""pulse_current_raw_max"": 12.0, ""pulse_current_raw_min"": 4.0, ""pulse_duration_max"": 0.6, ""pulse_duration_min"": 0.15, ""q_abs_guard_deg"": 28.0, ""qd_lpf_alpha"": 0.0930096858311741, ""rate"": 120.0, ""rbf_center_max"": 3.2, ""rbf_center_min"": -3.2, ""rbf_nodes"": 11.0, ""rbf_width"": 1.463, ""ref_jump_deg_max"": 8.0, ""ref_jump_deg_min"": 2.0, ""ref_jump_duration_max"": 0.6, ""ref_jump_duration_min"": 0.15, ""reference_shape"": ""sine"", ""reset_zeta_after_motion"": false, ""reset_zeta_on_segment"": false, ""restore_mode"": false, ""sigma_mod"": 0.246, ""sine_center_mode"": ""lock"", ""soft_start_sec"": 1.5, ""step_absolute_target_deg"": null, ""step_absolute_target_rad"": null, ""step_delta_deg"": 40.0, ""step_ramp_sec"": 1.0, ""step_segment_sec"": 1.5, ""step_sequence_deg"": """", ""step_shape"": ""smoothstep"", ""step_start_sec"": 0.0, ""tail_err_full_deg"": 2.0, ""tail_err_thresh_deg"": 0.8, ""tail_kd"": 0.0015147338182315408, ""tail_kp"": 0.0, ""tail_max_control_boost"": 0.0, ""tail_u_max"": 0.0, ""torque_to_current"": 210.0, ""zeta0"": 0.886, ""zeta_leak"": 0.07983544218281163, ""zeta_reset_delay_sec"": 0.0, ""zeta_reset_value"": null, ""zeta_soft"": 0.9328001702180609}"
8,1,1.0,66.76517969223706,1680.0,13.991764,10.21201304965774,11.666283013893615,17.26527671330057,23.355673036145525,1.0101385033732224,0.0,0.13726016666666666,0.945690702611199,0.8940907216,0.886,0.8940907216,0.008090721600000017,0.000577908686547619,0.0031339608849999994,0.0276081027,0.0,0.0,0.0,0.0,0.0,0.0,0.0,0.0,0.0,0.0,0.0,0.0,0.0,0.0,0.0,0.0,10.727234315528287,16.778573223669973,17.265854460163432,0.0,0,14.99314569499984,/tmp/nussbaum_sine_15hz_amp10_optuna_v5_runs/optuna_t0008_r01.csv,,"{""alpha"": 7.11, ""amplitude_deg"": 10.0, ""baudrate"": 1000000.0, ""command_sign"": -1.0, ""control_output_scale"": 1.0, ""current_bias_raw"": -0.11119704041199864, ""current_limit_raw"": 0.0, ""default_mode"": 3.0, ""device"": ""/dev/ttyAMA0"", ""disable_anti_windup"": false, ""disable_freeze_nn_on_saturation"": false, ""disable_freeze_zeta_on_saturation"": false, ""disturb_interval_sec"": 30.0, ""disturb_jitter_sec"": 3.0, ""disturb_mode"": ""mixed"", ""disturb_seed"": -1.0, ""disturbance_placement"": ""mid_move"", ""duration"": 14.0, ""dxl_id"": 6.0, ""enable_disturbance"": false, ""frequency_hz"": 1.5, ""fric_coulomb"": 0.006, ""fric_vel_scale"": 0.862, ""gamma_adapt"": 8.72, ""gamma_link"": 0.993, ""integral_limit"": 0.55, ""k_delta"": 0.099, ""max_abs_e_dot"": 6.0, ""max_control"": 0.03510674395305617, ""max_current_raw"": 25.0, ""max_current_slew"": 40.75069960923997, ""mid_disturbance_offset_sec"": 0.0, ""no_set_current_mode"": false, ""predict_horizon_sec"": 0.0031784427307733776, ""pulse_current_raw_max"": 12.0, ""pulse_current_raw_min"": 4.0, ""pulse_duration_max"": 0.6, ""pulse_duration_min"": 0.15, ""q_abs_guard_deg"": 28.0, ""qd_lpf_alpha"": 0.09280064237264452, ""rate"": 120.0, ""rbf_center_max"": 3.2, ""rbf_center_min"": -3.2, ""rbf_nodes"": 11.0, ""rbf_width"": 1.463, ""ref_jump_deg_max"": 8.0, ""ref_jump_deg_min"": 2.0, ""ref_jump_duration_max"": 0.6, ""ref_jump_duration_min"": 0.15, ""reference_shape"": ""sine"", ""reset_zeta_after_motion"": false, ""reset_zeta_on_segment"": false, ""restore_mode"": false, ""sigma_mod"": 0.246, ""sine_center_mode"": ""lock"", ""soft_start_sec"": 1.5, ""step_absolute_target_deg"": null, ""step_absolute_target_rad"": null, ""step_delta_deg"": 40.0, ""step_ramp_sec"": 1.0, ""step_segment_sec"": 1.5, ""step_sequence_deg"": """", ""step_shape"": ""smoothstep"", ""step_start_sec"": 0.0, ""tail_err_full_deg"": 2.0, ""tail_err_thresh_deg"": 0.8, ""tail_kd"": 0.001533069177573812, ""tail_kp"": 0.0, ""tail_max_control_boost"": 0.0, ""tail_u_max"": 0.0, ""torque_to_current"": 210.0, ""zeta0"": 0.886, ""zeta_leak"": 0.07988151147264078, ""zeta_reset_delay_sec"": 0.0, ""zeta_reset_value"": null, ""zeta_soft"": 0.9334327617496001}"
8,2,1.0,66.46688088238926,1680.0,13.991752,10.18323695345303,11.632680855402102,17.41870412889795,22.454335504443446,1.0103591256394786,0.0,0.13725066666666666,0.9451181215816932,0.8934100071,0.886,0.8934100071,0.007410007099999949,0.0005292862210119048,0.0027959204499999886,0.0236028242,0.0,0.0,0.0,0.0,0.0,0.0,0.0,0.0,0.0,0.0,0.0,0.0,0.0,0.0,0.0,0.0,10.549223729507313,16.359590717552912,17.4443376430036,0.0,0,14.996969787000126,/tmp/nussbaum_sine_15hz_amp10_optuna_v5_runs/optuna_t0008_r02.csv,,"{""alpha"": 7.11, ""amplitude_deg"": 10.0, ""baudrate"": 1000000.0, ""command_sign"": -1.0, ""control_output_scale"": 1.0, ""current_bias_raw"": -0.11119704041199864, ""current_limit_raw"": 0.0, ""default_mode"": 3.0, ""device"": ""/dev/ttyAMA0"", ""disable_anti_windup"": false, ""disable_freeze_nn_on_saturation"": false, ""disable_freeze_zeta_on_saturation"": false, ""disturb_interval_sec"": 30.0, ""disturb_jitter_sec"": 3.0, ""disturb_mode"": ""mixed"", ""disturb_seed"": -1.0, ""disturbance_placement"": ""mid_move"", ""duration"": 14.0, ""dxl_id"": 6.0, ""enable_disturbance"": false, ""frequency_hz"": 1.5, ""fric_coulomb"": 0.006, ""fric_vel_scale"": 0.862, ""gamma_adapt"": 8.72, ""gamma_link"": 0.993, ""integral_limit"": 0.55, ""k_delta"": 0.099, ""max_abs_e_dot"": 6.0, ""max_control"": 0.03510674395305617, ""max_current_raw"": 25.0, ""max_current_slew"": 40.75069960923997, ""mid_disturbance_offset_sec"": 0.0, ""no_set_current_mode"": false, ""predict_horizon_sec"": 0.0031784427307733776, ""pulse_current_raw_max"": 12.0, ""pulse_current_raw_min"": 4.0, ""pulse_duration_max"": 0.6, ""pulse_duration_min"": 0.15, ""q_abs_guard_deg"": 28.0, ""qd_lpf_alpha"": 0.09280064237264452, ""rate"": 120.0, ""rbf_center_max"": 3.2, ""rbf_center_min"": -3.2, ""rbf_nodes"": 11.0, ""rbf_width"": 1.463, ""ref_jump_deg_max"": 8.0, ""ref_jump_deg_min"": 2.0, ""ref_jump_duration_max"": 0.6, ""ref_jump_duration_min"": 0.15, ""reference_shape"": ""sine"", ""reset_zeta_after_motion"": false, ""reset_zeta_on_segment"": false, ""restore_mode"": false, ""sigma_mod"": 0.246, ""sine_center_mode"": ""lock"", ""soft_start_sec"": 1.5, ""step_absolute_target_deg"": null, ""step_absolute_target_rad"": null, ""step_delta_deg"": 40.0, ""step_ramp_sec"": 1.0, ""step_segment_sec"": 1.5, ""step_sequence_deg"": """", ""step_shape"": ""smoothstep"", ""step_start_sec"": 0.0, ""tail_err_full_deg"": 2.0, ""tail_err_thresh_deg"": 0.8, ""tail_kd"": 0.001533069177573812, ""tail_kp"": 0.0, ""tail_max_control_boost"": 0.0, ""tail_u_max"": 0.0, ""torque_to_current"": 210.0, ""zeta0"": 0.886, ""zeta_leak"": 0.07988151147264078, ""zeta_reset_delay_sec"": 0.0, ""zeta_reset_value"": null, ""zeta_soft"": 0.9334327617496001}"
9,1,1.0,66.72427773670194,1680.0,13.991763,10.177683807043563,11.631423130468692,17.397211314601083,22.91121674280511,1.0103568049240192,0.0,0.13674183333333334,0.9455101268998803,0.8939958617,0.886,0.8939958617,0.007995861699999995,0.0005711329794047618,0.0023055404999999998,0.024011222,0.0,0.0,0.0,0.0,0.0,0.0,0.0,0.0,0.0,0.0,0.0,0.0,0.0,0.0,0.0,0.0,10.635787888945348,16.767383845804627,17.32703873234473,0.0,0,15.051314416001333,/tmp/nussbaum_sine_15hz_amp10_optuna_v5_runs/optuna_t0009_r01.csv,,"{""alpha"": 7.11, ""amplitude_deg"": 10.0, ""baudrate"": 1000000.0, ""command_sign"": -1.0, ""control_output_scale"": 1.0, ""current_bias_raw"": -0.10995073128412278, ""current_limit_raw"": 0.0, ""default_mode"": 3.0, ""device"": ""/dev/ttyAMA0"", ""disable_anti_windup"": false, ""disable_freeze_nn_on_saturation"": false, ""disable_freeze_zeta_on_saturation"": false, ""disturb_interval_sec"": 30.0, ""disturb_jitter_sec"": 3.0, ""disturb_mode"": ""mixed"", ""disturb_seed"": -1.0, ""disturbance_placement"": ""mid_move"", ""duration"": 14.0, ""dxl_id"": 6.0, ""enable_disturbance"": false, ""frequency_hz"": 1.5, ""fric_coulomb"": 0.006, ""fric_vel_scale"": 0.862, ""gamma_adapt"": 8.72, ""gamma_link"": 0.993, ""integral_limit"": 0.55, ""k_delta"": 0.099, ""max_abs_e_dot"": 6.0, ""max_control"": 0.034831730606309654, ""max_current_raw"": 25.0, ""max_current_slew"": 40.64992907374287, ""mid_disturbance_offset_sec"": 0.0, ""no_set_current_mode"": false, ""predict_horizon_sec"": 0.0030561208088822718, ""pulse_current_raw_max"": 12.0, ""pulse_current_raw_min"": 4.0, ""pulse_duration_max"": 0.6, ""pulse_duration_min"": 0.15, ""q_abs_guard_deg"": 28.0, ""qd_lpf_alpha"": 0.09310459957562495, ""rate"": 120.0, ""rbf_center_max"": 3.2, ""rbf_center_min"": -3.2, ""rbf_nodes"": 11.0, ""rbf_width"": 1.463, ""ref_jump_deg_max"": 8.0, ""ref_jump_deg_min"": 2.0, ""ref_jump_duration_max"": 0.6, ""ref_jump_duration_min"": 0.15, ""reference_shape"": ""sine"", ""reset_zeta_after_motion"": false, ""reset_zeta_on_segment"": false, ""restore_mode"": false, ""sigma_mod"": 0.246, ""sine_center_mode"": ""lock"", ""soft_start_sec"": 1.5, ""step_absolute_target_deg"": null, ""step_absolute_target_rad"": null, ""step_delta_deg"": 40.0, ""step_ramp_sec"": 1.0, ""step_segment_sec"": 1.5, ""step_sequence_deg"": """", ""step_shape"": ""smoothstep"", ""step_start_sec"": 0.0, ""tail_err_full_deg"": 2.0, ""tail_err_thresh_deg"": 0.8, ""tail_kd"": 0.0014977996309608918, ""tail_kp"": 0.0, ""tail_max_control_boost"": 0.0, ""tail_u_max"": 0.0, ""torque_to_current"": 210.0, ""zeta0"": 0.886, ""zeta_leak"": 0.07888824418700849, ""zeta_reset_delay_sec"": 0.0, ""zeta_reset_value"": null, ""zeta_soft"": 0.9332072779003684}"
9,2,1.0,66.36967220236335,1680.0,13.991758,10.121403215927698,11.5780986054806,17.3506103369305,22.991263645038806,1.0012372309104085,0.0,0.13672740476190476,0.9449886498626388,0.8934328531,0.886,0.8934328531,0.00743285309999997,0.000530918080952381,0.0024925535449999902,0.0242215995,0.0,0.0,0.0,0.0,0.0,0.0,0.0,0.0,0.0,0.0,0.0,0.0,0.0,0.0,0.0,0.0,10.491327908198437,16.63678340738332,17.33345502886139,0.0,0,14.984413750000385,/tmp/nussbaum_sine_15hz_amp10_optuna_v5_runs/optuna_t0009_r02.csv,,"{""alpha"": 7.11, ""amplitude_deg"": 10.0, ""baudrate"": 1000000.0, ""command_sign"": -1.0, ""control_output_scale"": 1.0, ""current_bias_raw"": -0.10995073128412278, ""current_limit_raw"": 0.0, ""default_mode"": 3.0, ""device"": ""/dev/ttyAMA0"", ""disable_anti_windup"": false, ""disable_freeze_nn_on_saturation"": false, ""disable_freeze_zeta_on_saturation"": false, ""disturb_interval_sec"": 30.0, ""disturb_jitter_sec"": 3.0, ""disturb_mode"": ""mixed"", ""disturb_seed"": -1.0, ""disturbance_placement"": ""mid_move"", ""duration"": 14.0, ""dxl_id"": 6.0, ""enable_disturbance"": false, ""frequency_hz"": 1.5, ""fric_coulomb"": 0.006, ""fric_vel_scale"": 0.862, ""gamma_adapt"": 8.72, ""gamma_link"": 0.993, ""integral_limit"": 0.55, ""k_delta"": 0.099, ""max_abs_e_dot"": 6.0, ""max_control"": 0.034831730606309654, ""max_current_raw"": 25.0, ""max_current_slew"": 40.64992907374287, ""mid_disturbance_offset_sec"": 0.0, ""no_set_current_mode"": false, ""predict_horizon_sec"": 0.0030561208088822718, ""pulse_current_raw_max"": 12.0, ""pulse_current_raw_min"": 4.0, ""pulse_duration_max"": 0.6, ""pulse_duration_min"": 0.15, ""q_abs_guard_deg"": 28.0, ""qd_lpf_alpha"": 0.09310459957562495, ""rate"": 120.0, ""rbf_center_max"": 3.2, ""rbf_center_min"": -3.2, ""rbf_nodes"": 11.0, ""rbf_width"": 1.463, ""ref_jump_deg_max"": 8.0, ""ref_jump_deg_min"": 2.0, ""ref_jump_duration_max"": 0.6, ""ref_jump_duration_min"": 0.15, ""reference_shape"": ""sine"", ""reset_zeta_after_motion"": false, ""reset_zeta_on_segment"": false, ""restore_mode"": false, ""sigma_mod"": 0.246, ""sine_center_mode"": ""lock"", ""soft_start_sec"": 1.5, ""step_absolute_target_deg"": null, ""step_absolute_target_rad"": null, ""step_delta_deg"": 40.0, ""step_ramp_sec"": 1.0, ""step_segment_sec"": 1.5, ""step_sequence_deg"": """", ""step_shape"": ""smoothstep"", ""step_start_sec"": 0.0, ""tail_err_full_deg"": 2.0, ""tail_err_thresh_deg"": 0.8, ""tail_kd"": 0.0014977996309608918, ""tail_kp"": 0.0, ""tail_max_control_boost"": 0.0, ""tail_u_max"": 0.0, ""torque_to_current"": 210.0, ""zeta0"": 0.886, ""zeta_leak"": 0.07888824418700849, ""zeta_reset_delay_sec"": 0.0, ""zeta_reset_value"": null, ""zeta_soft"": 0.9332072779003684}"
10,1,1.0,66.55426753434541,1680.0,13.991760000000001,10.088793263266517,11.54596528310399,17.34411819312036,23.795835096755102,0.9923372810559574,0.0,0.1385064761904762,0.9454770325229772,0.8933572829,0.8860000077,0.8933572829,0.0073572752000000685,0.0005255202042261905,0.002751849554999995,0.0265234172,0.0,0.0,0.0,0.0,0.0,0.0,0.0,0.0,0.0,0.0,0.0,0.0,0.0,0.0,0.0,0.0,10.53737388592471,16.439440556682552,17.356221529769225,0.0,0,15.073878454000806,/tmp/nussbaum_sine_15hz_amp10_optuna_v5_runs/optuna_t0010_r01.csv,,"{""alpha"": 7.11, ""amplitude_deg"": 10.0, ""baudrate"": 1000000.0, ""command_sign"": -1.0, ""control_output_scale"": 1.0, ""current_bias_raw"": -0.1095323150988507, ""current_limit_raw"": 0.0, ""default_mode"": 3.0, ""device"": ""/dev/ttyAMA0"", ""disable_anti_windup"": false, ""disable_freeze_nn_on_saturation"": false, ""disable_freeze_zeta_on_saturation"": false, ""disturb_interval_sec"": 30.0, ""disturb_jitter_sec"": 3.0, ""disturb_mode"": ""mixed"", ""disturb_seed"": -1.0, ""disturbance_placement"": ""mid_move"", ""duration"": 14.0, ""dxl_id"": 6.0, ""enable_disturbance"": false, ""frequency_hz"": 1.5, ""fric_coulomb"": 0.006, ""fric_vel_scale"": 0.862, ""gamma_adapt"": 8.72, ""gamma_link"": 0.993, ""integral_limit"": 0.55, ""k_delta"": 0.099, ""max_abs_e_dot"": 6.0, ""max_control"": 0.03500535682565535, ""max_current_raw"": 25.0, ""max_current_slew"": 41.31537388306004, ""mid_disturbance_offset_sec"": 0.0, ""no_set_current_mode"": false, ""predict_horizon_sec"": 0.0032247839827241995, ""pulse_current_raw_max"": 12.0, ""pulse_current_raw_min"": 4.0, ""pulse_duration_max"": 0.6, ""pulse_duration_min"": 0.15, ""q_abs_guard_deg"": 28.0, ""qd_lpf_alpha"": 0.09323478660820834, ""rate"": 120.0, ""rbf_center_max"": 3.2, ""rbf_center_min"": -3.2, ""rbf_nodes"": 11.0, ""rbf_width"": 1.463, ""ref_jump_deg_max"": 8.0, ""ref_jump_deg_min"": 2.0, ""ref_jump_duration_max"": 0.6, ""ref_jump_duration_min"": 0.15, ""reference_shape"": ""sine"", ""reset_zeta_after_motion"": false, ""reset_zeta_on_segment"": false, ""restore_mode"": false, ""sigma_mod"": 0.246, ""sine_center_mode"": ""lock"", ""soft_start_sec"": 1.5, ""step_absolute_target_deg"": null, ""step_absolute_target_rad"": null, ""step_delta_deg"": 40.0, ""step_ramp_sec"": 1.0, ""step_segment_sec"": 1.5, ""step_sequence_deg"": """", ""step_shape"": ""smoothstep"", ""step_start_sec"": 0.0, ""tail_err_full_deg"": 2.0, ""tail_err_thresh_deg"": 0.8, ""tail_kd"": 0.001419426547271589, ""tail_kp"": 0.0, ""tail_max_control_boost"": 0.0, ""tail_u_max"": 0.0, ""torque_to_current"": 210.0, ""zeta0"": 0.886, ""zeta_leak"": 0.07977542938781541, ""zeta_reset_delay_sec"": 0.0, ""zeta_reset_value"": null, ""zeta_soft"": 0.933432908449416}"
10,2,1.0,67.14899707625038,1680.0,13.991779,10.193448033927424,11.661131450324921,17.431614346253358,23.447872992008364,1.019034866643051,0.0,0.13847438095238096,0.945302694629238,0.8934292055,0.886,0.8934292055,0.007429205500000036,0.0005306575323809524,0.0027798599949999973,0.0244265948,0.0,0.0,0.0,0.0,0.0,0.0,0.0,0.0,0.0,0.0,0.0,0.0,0.0,0.0,0.0,0.0,10.731027655343437,16.839725092796122,17.431161957112973,0.0,0,14.991764823998892,/tmp/nussbaum_sine_15hz_amp10_optuna_v5_runs/optuna_t0010_r02.csv,,"{""alpha"": 7.11, ""amplitude_deg"": 10.0, ""baudrate"": 1000000.0, ""command_sign"": -1.0, ""control_output_scale"": 1.0, ""current_bias_raw"": -0.1095323150988507, ""current_limit_raw"": 0.0, ""default_mode"": 3.0, ""device"": ""/dev/ttyAMA0"", ""disable_anti_windup"": false, ""disable_freeze_nn_on_saturation"": false, ""disable_freeze_zeta_on_saturation"": false, ""disturb_interval_sec"": 30.0, ""disturb_jitter_sec"": 3.0, ""disturb_mode"": ""mixed"", ""disturb_seed"": -1.0, ""disturbance_placement"": ""mid_move"", ""duration"": 14.0, ""dxl_id"": 6.0, ""enable_disturbance"": false, ""frequency_hz"": 1.5, ""fric_coulomb"": 0.006, ""fric_vel_scale"": 0.862, ""gamma_adapt"": 8.72, ""gamma_link"": 0.993, ""integral_limit"": 0.55, ""k_delta"": 0.099, ""max_abs_e_dot"": 6.0, ""max_control"": 0.03500535682565535, ""max_current_raw"": 25.0, ""max_current_slew"": 41.31537388306004, ""mid_disturbance_offset_sec"": 0.0, ""no_set_current_mode"": false, ""predict_horizon_sec"": 0.0032247839827241995, ""pulse_current_raw_max"": 12.0, ""pulse_current_raw_min"": 4.0, ""pulse_duration_max"": 0.6, ""pulse_duration_min"": 0.15, ""q_abs_guard_deg"": 28.0, ""qd_lpf_alpha"": 0.09323478660820834, ""rate"": 120.0, ""rbf_center_max"": 3.2, ""rbf_center_min"": -3.2, ""rbf_nodes"": 11.0, ""rbf_width"": 1.463, ""ref_jump_deg_max"": 8.0, ""ref_jump_deg_min"": 2.0, ""ref_jump_duration_max"": 0.6, ""ref_jump_duration_min"": 0.15, ""reference_shape"": ""sine"", ""reset_zeta_after_motion"": false, ""reset_zeta_on_segment"": false, ""restore_mode"": false, ""sigma_mod"": 0.246, ""sine_center_mode"": ""lock"", ""soft_start_sec"": 1.5, ""step_absolute_target_deg"": null, ""step_absolute_target_rad"": null, ""step_delta_deg"": 40.0, ""step_ramp_sec"": 1.0, ""step_segment_sec"": 1.5, ""step_sequence_deg"": """", ""step_shape"": ""smoothstep"", ""step_start_sec"": 0.0, ""tail_err_full_deg"": 2.0, ""tail_err_thresh_deg"": 0.8, ""tail_kd"": 0.001419426547271589, ""tail_kp"": 0.0, ""tail_max_control_boost"": 0.0, ""tail_u_max"": 0.0, ""torque_to_current"": 210.0, ""zeta0"": 0.886, ""zeta_leak"": 0.07977542938781541, ""zeta_reset_delay_sec"": 0.0, ""zeta_reset_value"": null, ""zeta_soft"": 0.933432908449416}"
11,1,1.0,65.69744150326491,1680.0,13.991786,10.01442152794139,11.465465156186198,17.318716433280866,22.990510744118534,0.9923412567776944,0.0,0.1378672857142857,0.9448941723864759,0.8934615299,0.886,0.8934615299,0.007461529900000041,0.0005329664213095238,0.0023088385899999917,0.0223930891,0.0,0.0,0.0,0.0,0.0,0.0,0.0,0.0,0.0,0.0,0.0,0.0,0.0,0.0,0.0,0.0,10.182503861790266,15.823038383126649,16.722676891279665,0.0,0,14.997645269000714,/tmp/nussbaum_sine_15hz_amp10_optuna_v5_runs/optuna_t0011_r01.csv,,"{""alpha"": 7.11, ""amplitude_deg"": 10.0, ""baudrate"": 1000000.0, ""command_sign"": -1.0, ""control_output_scale"": 1.0, ""current_bias_raw"": -0.1053113157365096, ""current_limit_raw"": 0.0, ""default_mode"": 3.0, ""device"": ""/dev/ttyAMA0"", ""disable_anti_windup"": false, ""disable_freeze_nn_on_saturation"": false, ""disable_freeze_zeta_on_saturation"": false, ""disturb_interval_sec"": 30.0, ""disturb_jitter_sec"": 3.0, ""disturb_mode"": ""mixed"", ""disturb_seed"": -1.0, ""disturbance_placement"": ""mid_move"", ""duration"": 14.0, ""dxl_id"": 6.0, ""enable_disturbance"": false, ""frequency_hz"": 1.5, ""fric_coulomb"": 0.006, ""fric_vel_scale"": 0.862, ""gamma_adapt"": 8.72, ""gamma_link"": 0.993, ""integral_limit"": 0.55, ""k_delta"": 0.099, ""max_abs_e_dot"": 6.0, ""max_control"": 0.03493102943044262, ""max_current_raw"": 25.0, ""max_current_slew"": 41.078050556699246, ""mid_disturbance_offset_sec"": 0.0, ""no_set_current_mode"": false, ""predict_horizon_sec"": 0.0029827240747331927, ""pulse_current_raw_max"": 12.0, ""pulse_current_raw_min"": 4.0, ""pulse_duration_max"": 0.6, ""pulse_duration_min"": 0.15, ""q_abs_guard_deg"": 28.0, ""qd_lpf_alpha"": 0.0939866083689, ""rate"": 120.0, ""rbf_center_max"": 3.2, ""rbf_center_min"": -3.2, ""rbf_nodes"": 11.0, ""rbf_width"": 1.463, ""ref_jump_deg_max"": 8.0, ""ref_jump_deg_min"": 2.0, ""ref_jump_duration_max"": 0.6, ""ref_jump_duration_min"": 0.15, ""reference_shape"": ""sine"", ""reset_zeta_after_motion"": false, ""reset_zeta_on_segment"": false, ""restore_mode"": false, ""sigma_mod"": 0.246, ""sine_center_mode"": ""lock"", ""soft_start_sec"": 1.5, ""step_absolute_target_deg"": null, ""step_absolute_target_rad"": null, ""step_delta_deg"": 40.0, ""step_ramp_sec"": 1.0, ""step_segment_sec"": 1.5, ""step_sequence_deg"": """", ""step_shape"": ""smoothstep"", ""step_start_sec"": 0.0, ""tail_err_full_deg"": 2.0, ""tail_err_thresh_deg"": 0.8, ""tail_kd"": 0.0013750676837162874, ""tail_kp"": 0.0, ""tail_max_control_boost"": 0.0, ""tail_u_max"": 0.0, ""torque_to_current"": 210.0, ""zeta0"": 0.886, ""zeta_leak"": 0.080110756675756, ""zeta_reset_delay_sec"": 0.0, ""zeta_reset_value"": null, ""zeta_soft"": 0.9337317016961769}"
11,2,1.0,67.00796368435711,1680.0,13.991755000000001,10.226579423606134,11.684368235405627,17.323482370705282,23.614351053192518,1.0146085575107335,0.0,0.1377922380952381,0.9457898650447596,0.8935580566,0.886,0.8935580566,0.007558056599999974,0.0005398611836904762,0.002482543044999999,0.0244399921,0.0,0.0,0.0,0.0,0.0,0.0,0.0,0.0,0.0,0.0,0.0,0.0,0.0,0.0,0.0,0.0,10.66609688489431,16.80620130355513,17.342460808133147,0.0,0,15.055998509998972,/tmp/nussbaum_sine_15hz_amp10_optuna_v5_runs/optuna_t0011_r02.csv,,"{""alpha"": 7.11, ""amplitude_deg"": 10.0, ""baudrate"": 1000000.0, ""command_sign"": -1.0, ""control_output_scale"": 1.0, ""current_bias_raw"": -0.1053113157365096, ""current_limit_raw"": 0.0, ""default_mode"": 3.0, ""device"": ""/dev/ttyAMA0"", ""disable_anti_windup"": false, ""disable_freeze_nn_on_saturation"": false, ""disable_freeze_zeta_on_saturation"": false, ""disturb_interval_sec"": 30.0, ""disturb_jitter_sec"": 3.0, ""disturb_mode"": ""mixed"", ""disturb_seed"": -1.0, ""disturbance_placement"": ""mid_move"", ""duration"": 14.0, ""dxl_id"": 6.0, ""enable_disturbance"": false, ""frequency_hz"": 1.5, ""fric_coulomb"": 0.006, ""fric_vel_scale"": 0.862, ""gamma_adapt"": 8.72, ""gamma_link"": 0.993, ""integral_limit"": 0.55, ""k_delta"": 0.099, ""max_abs_e_dot"": 6.0, ""max_control"": 0.03493102943044262, ""max_current_raw"": 25.0, ""max_current_slew"": 41.078050556699246, ""mid_disturbance_offset_sec"": 0.0, ""no_set_current_mode"": false, ""predict_horizon_sec"": 0.0029827240747331927, ""pulse_current_raw_max"": 12.0, ""pulse_current_raw_min"": 4.0, ""pulse_duration_max"": 0.6, ""pulse_duration_min"": 0.15, ""q_abs_guard_deg"": 28.0, ""qd_lpf_alpha"": 0.0939866083689, ""rate"": 120.0, ""rbf_center_max"": 3.2, ""rbf_center_min"": -3.2, ""rbf_nodes"": 11.0, ""rbf_width"": 1.463, ""ref_jump_deg_max"": 8.0, ""ref_jump_deg_min"": 2.0, ""ref_jump_duration_max"": 0.6, ""ref_jump_duration_min"": 0.15, ""reference_shape"": ""sine"", ""reset_zeta_after_motion"": false, ""reset_zeta_on_segment"": false, ""restore_mode"": false, ""sigma_mod"": 0.246, ""sine_center_mode"": ""lock"", ""soft_start_sec"": 1.5, ""step_absolute_target_deg"": null, ""step_absolute_target_rad"": null, ""step_delta_deg"": 40.0, ""step_ramp_sec"": 1.0, ""step_segment_sec"": 1.5, ""step_sequence_deg"": """", ""step_shape"": ""smoothstep"", ""step_start_sec"": 0.0, ""tail_err_full_deg"": 2.0, ""tail_err_thresh_deg"": 0.8, ""tail_kd"": 0.0013750676837162874, ""tail_kp"": 0.0, ""tail_max_control_boost"": 0.0, ""tail_u_max"": 0.0, ""torque_to_current"": 210.0, ""zeta0"": 0.886, ""zeta_leak"": 0.080110756675756, ""zeta_reset_delay_sec"": 0.0, ""zeta_reset_value"": null, ""zeta_soft"": 0.9337317016961769}"
12,1,1.0,65.89773314578463,1680.0,13.991761,10.017139602994213,11.470040233417489,17.436077070688363,22.904207389133862,1.0014699915540304,0.0,0.13808116666666664,0.9456236012652501,0.8931419502,0.886,0.8931419502,0.007141950199999969,0.0005101393032142857,0.0019777435149999885,0.0223039094,0.0,0.0,0.0,0.0,0.0,0.0,0.0,0.0,0.0,0.0,0.0,0.0,0.0,0.0,0.0,0.0,10.227636205379737,16.08023104404554,16.81178610080119,0.0,0,14.99420632500005,/tmp/nussbaum_sine_15hz_amp10_optuna_v5_runs/optuna_t0012_r01.csv,,"{""alpha"": 7.11, ""amplitude_deg"": 10.0, ""baudrate"": 1000000.0, ""command_sign"": -1.0, ""control_output_scale"": 1.0, ""current_bias_raw"": -0.10905369631695865, ""current_limit_raw"": 0.0, ""default_mode"": 3.0, ""device"": ""/dev/ttyAMA0"", ""disable_anti_windup"": false, ""disable_freeze_nn_on_saturation"": false, ""disable_freeze_zeta_on_saturation"": false, ""disturb_interval_sec"": 30.0, ""disturb_jitter_sec"": 3.0, ""disturb_mode"": ""mixed"", ""disturb_seed"": -1.0, ""disturbance_placement"": ""mid_move"", ""duration"": 14.0, ""dxl_id"": 6.0, ""enable_disturbance"": false, ""frequency_hz"": 1.5, ""fric_coulomb"": 0.006, ""fric_vel_scale"": 0.862, ""gamma_adapt"": 8.72, ""gamma_link"": 0.993, ""integral_limit"": 0.55, ""k_delta"": 0.099, ""max_abs_e_dot"": 6.0, ""max_control"": 0.034864511431984505, ""max_current_raw"": 25.0, ""max_current_slew"": 41.20700543024103, ""mid_disturbance_offset_sec"": 0.0, ""no_set_current_mode"": false, ""predict_horizon_sec"": 0.0030749665700227097, ""pulse_current_raw_max"": 12.0, ""pulse_current_raw_min"": 4.0, ""pulse_duration_max"": 0.6, ""pulse_duration_min"": 0.15, ""q_abs_guard_deg"": 28.0, ""qd_lpf_alpha"": 0.09426823079267017, ""rate"": 120.0, ""rbf_center_max"": 3.2, ""rbf_center_min"": -3.2, ""rbf_nodes"": 11.0, ""rbf_width"": 1.463, ""ref_jump_deg_max"": 8.0, ""ref_jump_deg_min"": 2.0, ""ref_jump_duration_max"": 0.6, ""ref_jump_duration_min"": 0.15, ""reference_shape"": ""sine"", ""reset_zeta_after_motion"": false, ""reset_zeta_on_segment"": false, ""restore_mode"": false, ""sigma_mod"": 0.246, ""sine_center_mode"": ""lock"", ""soft_start_sec"": 1.5, ""step_absolute_target_deg"": null, ""step_absolute_target_rad"": null, ""step_delta_deg"": 40.0, ""step_ramp_sec"": 1.0, ""step_segment_sec"": 1.5, ""step_sequence_deg"": """", ""step_shape"": ""smoothstep"", ""step_start_sec"": 0.0, ""tail_err_full_deg"": 2.0, ""tail_err_thresh_deg"": 0.8, ""tail_kd"": 0.0013377610342701308, ""tail_kp"": 0.0, ""tail_max_control_boost"": 0.0, ""tail_u_max"": 0.0, ""torque_to_current"": 210.0, ""zeta0"": 0.886, ""zeta_leak"": 0.07998312796964178, ""zeta_reset_delay_sec"": 0.0, ""zeta_reset_value"": null, ""zeta_soft"": 0.934054033515713}"
12,2,1.0,65.39348041667253,1680.0,13.991761,10.004071866110518,11.426228302801752,17.336941345550944,22.537765017719305,0.9878884641063335,0.0,0.13816835714285713,0.9458935122166983,0.8938732681,0.8860000077,0.8938732681,0.007873260400000026,0.0005623762900595238,0.0024275073899999965,0.0232709657,0.0,0.0,0.0,0.0,0.0,0.0,0.0,0.0,0.0,0.0,0.0,0.0,0.0,0.0,0.0,0.0,10.096504102954533,15.57180012249534,16.09832390530018,0.0,0,15.059029398000348,/tmp/nussbaum_sine_15hz_amp10_optuna_v5_runs/optuna_t0012_r02.csv,,"{""alpha"": 7.11, ""amplitude_deg"": 10.0, ""baudrate"": 1000000.0, ""command_sign"": -1.0, ""control_output_scale"": 1.0, ""current_bias_raw"": -0.10905369631695865, ""current_limit_raw"": 0.0, ""default_mode"": 3.0, ""device"": ""/dev/ttyAMA0"", ""disable_anti_windup"": false, ""disable_freeze_nn_on_saturation"": false, ""disable_freeze_zeta_on_saturation"": false, ""disturb_interval_sec"": 30.0, ""disturb_jitter_sec"": 3.0, ""disturb_mode"": ""mixed"", ""disturb_seed"": -1.0, ""disturbance_placement"": ""mid_move"", ""duration"": 14.0, ""dxl_id"": 6.0, ""enable_disturbance"": false, ""frequency_hz"": 1.5, ""fric_coulomb"": 0.006, ""fric_vel_scale"": 0.862, ""gamma_adapt"": 8.72, ""gamma_link"": 0.993, ""integral_limit"": 0.55, ""k_delta"": 0.099, ""max_abs_e_dot"": 6.0, ""max_control"": 0.034864511431984505, ""max_current_raw"": 25.0, ""max_current_slew"": 41.20700543024103, ""mid_disturbance_offset_sec"": 0.0, ""no_set_current_mode"": false, ""predict_horizon_sec"": 0.0030749665700227097, ""pulse_current_raw_max"": 12.0, ""pulse_current_raw_min"": 4.0, ""pulse_duration_max"": 0.6, ""pulse_duration_min"": 0.15, ""q_abs_guard_deg"": 28.0, ""qd_lpf_alpha"": 0.09426823079267017, ""rate"": 120.0, ""rbf_center_max"": 3.2, ""rbf_center_min"": -3.2, ""rbf_nodes"": 11.0, ""rbf_width"": 1.463, ""ref_jump_deg_max"": 8.0, ""ref_jump_deg_min"": 2.0, ""ref_jump_duration_max"": 0.6, ""ref_jump_duration_min"": 0.15, ""reference_shape"": ""sine"", ""reset_zeta_after_motion"": false, ""reset_zeta_on_segment"": false, ""restore_mode"": false, ""sigma_mod"": 0.246, ""sine_center_mode"": ""lock"", ""soft_start_sec"": 1.5, ""step_absolute_target_deg"": null, ""step_absolute_target_rad"": null, ""step_delta_deg"": 40.0, ""step_ramp_sec"": 1.0, ""step_segment_sec"": 1.5, ""step_sequence_deg"": """", ""step_shape"": ""smoothstep"", ""step_start_sec"": 0.0, ""tail_err_full_deg"": 2.0, ""tail_err_thresh_deg"": 0.8, ""tail_kd"": 0.0013377610342701308, ""tail_kp"": 0.0, ""tail_max_control_boost"": 0.0, ""tail_u_max"": 0.0, ""torque_to_current"": 210.0, ""zeta0"": 0.886, ""zeta_leak"": 0.07998312796964178, ""zeta_reset_delay_sec"": 0.0, ""zeta_reset_value"": null, ""zeta_soft"": 0.934054033515713}"
13,1,1.0,66.2677513864914,1680.0,13.991755,10.112109684189155,11.556621358495413,17.24909368682134,23.249736279634554,0.9967876231242049,0.0,0.13726449999999998,0.9447451381208901,0.8935036995,0.886,0.8935036995,0.007503699499999961,0.0005359785351785714,0.003065154634999993,0.0239270736,0.0,0.0,0.0,0.0,0.0,0.0,0.0,0.0,0.0,0.0,0.0,0.0,0.0,0.0,0.0,0.0,10.589949331403005,16.467754417774106,17.35251644662081,0.0,0,14.986219768999945,/tmp/nussbaum_sine_15hz_amp10_optuna_v5_runs/optuna_t0013_r01.csv,,"{""alpha"": 7.11, ""amplitude_deg"": 10.0, ""baudrate"": 1000000.0, ""command_sign"": -1.0, ""control_output_scale"": 1.0, ""current_bias_raw"": -0.11137895462992518, ""current_limit_raw"": 0.0, ""default_mode"": 3.0, ""device"": ""/dev/ttyAMA0"", ""disable_anti_windup"": false, ""disable_freeze_nn_on_saturation"": false, ""disable_freeze_zeta_on_saturation"": false, ""disturb_interval_sec"": 30.0, ""disturb_jitter_sec"": 3.0, ""disturb_mode"": ""mixed"", ""disturb_seed"": -1.0, ""disturbance_placement"": ""mid_move"", ""duration"": 14.0, ""dxl_id"": 6.0, ""enable_disturbance"": false, ""frequency_hz"": 1.5, ""fric_coulomb"": 0.006, ""fric_vel_scale"": 0.862, ""gamma_adapt"": 8.72, ""gamma_link"": 0.993, ""integral_limit"": 0.55, ""k_delta"": 0.099, ""max_abs_e_dot"": 6.0, ""max_control"": 0.0348707514858399, ""max_current_raw"": 25.0, ""max_current_slew"": 40.884430404115555, ""mid_disturbance_offset_sec"": 0.0, ""no_set_current_mode"": false, ""predict_horizon_sec"": 0.0031801569909554613, ""pulse_current_raw_max"": 12.0, ""pulse_current_raw_min"": 4.0, ""pulse_duration_max"": 0.6, ""pulse_duration_min"": 0.15, ""q_abs_guard_deg"": 28.0, ""qd_lpf_alpha"": 0.09331960702857238, ""rate"": 120.0, ""rbf_center_max"": 3.2, ""rbf_center_min"": -3.2, ""rbf_nodes"": 11.0, ""rbf_width"": 1.463, ""ref_jump_deg_max"": 8.0, ""ref_jump_deg_min"": 2.0, ""ref_jump_duration_max"": 0.6, ""ref_jump_duration_min"": 0.15, ""reference_shape"": ""sine"", ""reset_zeta_after_motion"": false, ""reset_zeta_on_segment"": false, ""restore_mode"": false, ""sigma_mod"": 0.246, ""sine_center_mode"": ""lock"", ""soft_start_sec"": 1.5, ""step_absolute_target_deg"": null, ""step_absolute_target_rad"": null, ""step_delta_deg"": 40.0, ""step_ramp_sec"": 1.0, ""step_segment_sec"": 1.5, ""step_sequence_deg"": """", ""step_shape"": ""smoothstep"", ""step_start_sec"": 0.0, ""tail_err_full_deg"": 2.0, ""tail_err_thresh_deg"": 0.8, ""tail_kd"": 0.0014063808225763985, ""tail_kp"": 0.0, ""tail_max_control_boost"": 0.0, ""tail_u_max"": 0.0, ""torque_to_current"": 210.0, ""zeta0"": 0.886, ""zeta_leak"": 0.07991935600300094, ""zeta_reset_delay_sec"": 0.0, ""zeta_reset_value"": null, ""zeta_soft"": 0.93267247158199}"
13,2,1.0,66.71246026785649,1680.0,13.991840000000002,10.168920890734684,11.622597861002106,17.33737799611366,23.68444310021471,1.0056845032828017,0.0,0.13731426190476193,0.9460512927562145,0.8939216211,0.886,0.8939216211,0.007921621099999943,0.0005658300781547619,0.0032779102249999984,0.026994398,0.0,0.0,0.0,0.0,0.0,0.0,0.0,0.0,0.0,0.0,0.0,0.0,0.0,0.0,0.0,0.0,10.540165322427319,16.422522808947413,17.884749816879488,0.0,0,14.980288528000528,/tmp/nussbaum_sine_15hz_amp10_optuna_v5_runs/optuna_t0013_r02.csv,,"{""alpha"": 7.11, ""amplitude_deg"": 10.0, ""baudrate"": 1000000.0, ""command_sign"": -1.0, ""control_output_scale"": 1.0, ""current_bias_raw"": -0.11137895462992518, ""current_limit_raw"": 0.0, ""default_mode"": 3.0, ""device"": ""/dev/ttyAMA0"", ""disable_anti_windup"": false, ""disable_freeze_nn_on_saturation"": false, ""disable_freeze_zeta_on_saturation"": false, ""disturb_interval_sec"": 30.0, ""disturb_jitter_sec"": 3.0, ""disturb_mode"": ""mixed"", ""disturb_seed"": -1.0, ""disturbance_placement"": ""mid_move"", ""duration"": 14.0, ""dxl_id"": 6.0, ""enable_disturbance"": false, ""frequency_hz"": 1.5, ""fric_coulomb"": 0.006, ""fric_vel_scale"": 0.862, ""gamma_adapt"": 8.72, ""gamma_link"": 0.993, ""integral_limit"": 0.55, ""k_delta"": 0.099, ""max_abs_e_dot"": 6.0, ""max_control"": 0.0348707514858399, ""max_current_raw"": 25.0, ""max_current_slew"": 40.884430404115555, ""mid_disturbance_offset_sec"": 0.0, ""no_set_current_mode"": false, ""predict_horizon_sec"": 0.0031801569909554613, ""pulse_current_raw_max"": 12.0, ""pulse_current_raw_min"": 4.0, ""pulse_duration_max"": 0.6, ""pulse_duration_min"": 0.15, ""q_abs_guard_deg"": 28.0, ""qd_lpf_alpha"": 0.09331960702857238, ""rate"": 120.0, ""rbf_center_max"": 3.2, ""rbf_center_min"": -3.2, ""rbf_nodes"": 11.0, ""rbf_width"": 1.463, ""ref_jump_deg_max"": 8.0, ""ref_jump_deg_min"": 2.0, ""ref_jump_duration_max"": 0.6, ""ref_jump_duration_min"": 0.15, ""reference_shape"": ""sine"", ""reset_zeta_after_motion"": false, ""reset_zeta_on_segment"": false, ""restore_mode"": false, ""sigma_mod"": 0.246, ""sine_center_mode"": ""lock"", ""soft_start_sec"": 1.5, ""step_absolute_target_deg"": null, ""step_absolute_target_rad"": null, ""step_delta_deg"": 40.0, ""step_ramp_sec"": 1.0, ""step_segment_sec"": 1.5, ""step_sequence_deg"": """", ""step_shape"": ""smoothstep"", ""step_start_sec"": 0.0, ""tail_err_full_deg"": 2.0, ""tail_err_thresh_deg"": 0.8, ""tail_kd"": 0.0014063808225763985, ""tail_kp"": 0.0, ""tail_max_control_boost"": 0.0, ""tail_u_max"": 0.0, ""torque_to_current"": 210.0, ""zeta0"": 0.886, ""zeta_leak"": 0.07991935600300094, ""zeta_reset_delay_sec"": 0.0, ""zeta_reset_value"": null, ""zeta_soft"": 0.93267247158199}"
14,1,1.0,66.38445668037345,1680.0,13.99176,10.027871068631116,11.460803169854197,17.49604070355615,21.783035926635304,1.050405949689265,0.0,0.13877942857142858,0.9452465361755812,0.8930327949,0.886,0.8930327949,0.007032794899999972,0.0005023424925,0.0029600169500000003,0.0243393125,0.0,0.0,0.0,0.0,0.0,0.0,0.0,0.0,0.0,0.0,0.0,0.0,0.0,0.0,0.0,0.0,10.531390210756472,16.333063174427686,16.814878142027123,0.0,0,15.030342286998348,/tmp/nussbaum_sine_15hz_amp10_optuna_v5_runs/optuna_t0014_r01.csv,,"{""alpha"": 7.11, ""amplitude_deg"": 10.0, ""baudrate"": 1000000.0, ""command_sign"": -1.0, ""control_output_scale"": 1.0, ""current_bias_raw"": -0.10719909947750152, ""current_limit_raw"": 0.0, ""default_mode"": 3.0, ""device"": ""/dev/ttyAMA0"", ""disable_anti_windup"": false, ""disable_freeze_nn_on_saturation"": false, ""disable_freeze_zeta_on_saturation"": false, ""disturb_interval_sec"": 30.0, ""disturb_jitter_sec"": 3.0, ""disturb_mode"": ""mixed"", ""disturb_seed"": -1.0, ""disturbance_placement"": ""mid_move"", ""duration"": 14.0, ""dxl_id"": 6.0, ""enable_disturbance"": false, ""frequency_hz"": 1.5, ""fric_coulomb"": 0.006, ""fric_vel_scale"": 0.862, ""gamma_adapt"": 8.72, ""gamma_link"": 0.993, ""integral_limit"": 0.55, ""k_delta"": 0.099, ""max_abs_e_dot"": 6.0, ""max_control"": 0.034419196199952026, ""max_current_raw"": 25.0, ""max_current_slew"": 41.477133312854626, ""mid_disturbance_offset_sec"": 0.0, ""no_set_current_mode"": false, ""predict_horizon_sec"": 0.002987132876695294, ""pulse_current_raw_max"": 12.0, ""pulse_current_raw_min"": 4.0, ""pulse_duration_max"": 0.6, ""pulse_duration_min"": 0.15, ""q_abs_guard_deg"": 28.0, ""qd_lpf_alpha"": 0.0938761205617208, ""rate"": 120.0, ""rbf_center_max"": 3.2, ""rbf_center_min"": -3.2, ""rbf_nodes"": 11.0, ""rbf_width"": 1.463, ""ref_jump_deg_max"": 8.0, ""ref_jump_deg_min"": 2.0, ""ref_jump_duration_max"": 0.6, ""ref_jump_duration_min"": 0.15, ""reference_shape"": ""sine"", ""reset_zeta_after_motion"": false, ""reset_zeta_on_segment"": false, ""restore_mode"": false, ""sigma_mod"": 0.246, ""sine_center_mode"": ""lock"", ""soft_start_sec"": 1.5, ""step_absolute_target_deg"": null, ""step_absolute_target_rad"": null, ""step_delta_deg"": 40.0, ""step_ramp_sec"": 1.0, ""step_segment_sec"": 1.5, ""step_sequence_deg"": """", ""step_shape"": ""smoothstep"", ""step_start_sec"": 0.0, ""tail_err_full_deg"": 2.0, ""tail_err_thresh_deg"": 0.8, ""tail_kd"": 0.0014520643897312508, ""tail_kp"": 0.0, ""tail_max_control_boost"": 0.0, ""tail_u_max"": 0.0, ""torque_to_current"": 210.0, ""zeta0"": 0.886, ""zeta_leak"": 0.07987065738370652, ""zeta_reset_delay_sec"": 0.0, ""zeta_reset_value"": null, ""zeta_soft"": 0.9341557927346456}"
14,2,1.0,67.19451977450922,1680.0,13.991750000000001,10.095904013725539,11.537558098655062,17.67052296623067,23.023498491235138,1.0590871182760508,0.0,0.13880897619047622,0.9453739995918635,0.8924318987,0.8860000077,0.8924318987,0.006431890999999967,0.0004594213383333333,0.0024151956299999994,0.0254909092,0.0,0.0,0.0,0.0,0.0,0.0,0.0,0.0,0.0,0.0,0.0,0.0,0.0,0.0,0.0,0.0,10.486755588608265,16.260721424092768,16.638141070985927,0.0,0,14.997558343000492,/tmp/nussbaum_sine_15hz_amp10_optuna_v5_runs/optuna_t0014_r02.csv,,"{""alpha"": 7.11, ""amplitude_deg"": 10.0, ""baudrate"": 1000000.0, ""command_sign"": -1.0, ""control_output_scale"": 1.0, ""current_bias_raw"": -0.10719909947750152, ""current_limit_raw"": 0.0, ""default_mode"": 3.0, ""device"": ""/dev/ttyAMA0"", ""disable_anti_windup"": false, ""disable_freeze_nn_on_saturation"": false, ""disable_freeze_zeta_on_saturation"": false, ""disturb_interval_sec"": 30.0, ""disturb_jitter_sec"": 3.0, ""disturb_mode"": ""mixed"", ""disturb_seed"": -1.0, ""disturbance_placement"": ""mid_move"", ""duration"": 14.0, ""dxl_id"": 6.0, ""enable_disturbance"": false, ""frequency_hz"": 1.5, ""fric_coulomb"": 0.006, ""fric_vel_scale"": 0.862, ""gamma_adapt"": 8.72, ""gamma_link"": 0.993, ""integral_limit"": 0.55, ""k_delta"": 0.099, ""max_abs_e_dot"": 6.0, ""max_control"": 0.034419196199952026, ""max_current_raw"": 25.0, ""max_current_slew"": 41.477133312854626, ""mid_disturbance_offset_sec"": 0.0, ""no_set_current_mode"": false, ""predict_horizon_sec"": 0.002987132876695294, ""pulse_current_raw_max"": 12.0, ""pulse_current_raw_min"": 4.0, ""pulse_duration_max"": 0.6, ""pulse_duration_min"": 0.15, ""q_abs_guard_deg"": 28.0, ""qd_lpf_alpha"": 0.0938761205617208, ""rate"": 120.0, ""rbf_center_max"": 3.2, ""rbf_center_min"": -3.2, ""rbf_nodes"": 11.0, ""rbf_width"": 1.463, ""ref_jump_deg_max"": 8.0, ""ref_jump_deg_min"": 2.0, ""ref_jump_duration_max"": 0.6, ""ref_jump_duration_min"": 0.15, ""reference_shape"": ""sine"", ""reset_zeta_after_motion"": false, ""reset_zeta_on_segment"": false, ""restore_mode"": false, ""sigma_mod"": 0.246, ""sine_center_mode"": ""lock"", ""soft_start_sec"": 1.5, ""step_absolute_target_deg"": null, ""step_absolute_target_rad"": null, ""step_delta_deg"": 40.0, ""step_ramp_sec"": 1.0, ""step_segment_sec"": 1.5, ""step_sequence_deg"": """", ""step_shape"": ""smoothstep"", ""step_start_sec"": 0.0, ""tail_err_full_deg"": 2.0, ""tail_err_thresh_deg"": 0.8, ""tail_kd"": 0.0014520643897312508, ""tail_kp"": 0.0, ""tail_max_control_boost"": 0.0, ""tail_u_max"": 0.0, ""torque_to_current"": 210.0, ""zeta0"": 0.886, ""zeta_leak"": 0.07987065738370652, ""zeta_reset_delay_sec"": 0.0, ""zeta_reset_value"": null, ""zeta_soft"": 0.9341557927346456}"
15,1,1.0,66.46206613785289,1680.0,13.991757,10.201974054915343,11.663072275972661,17.164919499726196,22.818728686574143,1.0056885305286127,0.0,0.1362717619047619,0.9454155553490304,0.8932512105,0.8860000077,0.8932512105,0.007251202800000023,0.0005179436105952382,0.0027404531049999964,0.024942532,0.0,0.0,0.0,0.0,0.0,0.0,0.0,0.0,0.0,0.0,0.0,0.0,0.0,0.0,0.0,0.0,10.807506373186891,16.894649440102206,17.249831471969056,0.0,0,15.087799823999376,/tmp/nussbaum_sine_15hz_amp10_optuna_v5_runs/optuna_t0015_r01.csv,,"{""alpha"": 7.11, ""amplitude_deg"": 10.0, ""baudrate"": 1000000.0, ""command_sign"": -1.0, ""control_output_scale"": 1.0, ""current_bias_raw"": -0.1112782729403452, ""current_limit_raw"": 0.0, ""default_mode"": 3.0, ""device"": ""/dev/ttyAMA0"", ""disable_anti_windup"": false, ""disable_freeze_nn_on_saturation"": false, ""disable_freeze_zeta_on_saturation"": false, ""disturb_interval_sec"": 30.0, ""disturb_jitter_sec"": 3.0, ""disturb_mode"": ""mixed"", ""disturb_seed"": -1.0, ""disturbance_placement"": ""mid_move"", ""duration"": 14.0, ""dxl_id"": 6.0, ""enable_disturbance"": false, ""frequency_hz"": 1.5, ""fric_coulomb"": 0.006, ""fric_vel_scale"": 0.862, ""gamma_adapt"": 8.72, ""gamma_link"": 0.993, ""integral_limit"": 0.55, ""k_delta"": 0.099, ""max_abs_e_dot"": 6.0, ""max_control"": 0.03501483555095082, ""max_current_raw"": 25.0, ""max_current_slew"": 40.50617727058689, ""mid_disturbance_offset_sec"": 0.0, ""no_set_current_mode"": false, ""predict_horizon_sec"": 0.002969043626472532, ""pulse_current_raw_max"": 12.0, ""pulse_current_raw_min"": 4.0, ""pulse_duration_max"": 0.6, ""pulse_duration_min"": 0.15, ""q_abs_guard_deg"": 28.0, ""qd_lpf_alpha"": 0.0933905802615182, ""rate"": 120.0, ""rbf_center_max"": 3.2, ""rbf_center_min"": -3.2, ""rbf_nodes"": 11.0, ""rbf_width"": 1.463, ""ref_jump_deg_max"": 8.0, ""ref_jump_deg_min"": 2.0, ""ref_jump_duration_max"": 0.6, ""ref_jump_duration_min"": 0.15, ""reference_shape"": ""sine"", ""reset_zeta_after_motion"": false, ""reset_zeta_on_segment"": false, ""restore_mode"": false, ""sigma_mod"": 0.246, ""sine_center_mode"": ""lock"", ""soft_start_sec"": 1.5, ""step_absolute_target_deg"": null, ""step_absolute_target_rad"": null, ""step_delta_deg"": 40.0, ""step_ramp_sec"": 1.0, ""step_segment_sec"": 1.5, ""step_sequence_deg"": """", ""step_shape"": ""smoothstep"", ""step_start_sec"": 0.0, ""tail_err_full_deg"": 2.0, ""tail_err_thresh_deg"": 0.8, ""tail_kd"": 0.0015115356720257066, ""tail_kp"": 0.0, ""tail_max_control_boost"": 0.0, ""tail_u_max"": 0.0, ""torque_to_current"": 210.0, ""zeta0"": 0.886, ""zeta_leak"": 0.07984232284731642, ""zeta_reset_delay_sec"": 0.0, ""zeta_reset_value"": null, ""zeta_soft"": 0.9333981070379604}"
15,2,1.0,67.00253631335659,1680.0,13.991765000000001,10.29126485693697,11.754636170643666,17.23476409744935,22.882068506194813,1.0234877187665736,0.0,0.13624309523809525,0.9461934900100846,0.8933835314,0.886,0.8933835314,0.007383531400000032,0.0005273950973809524,0.003255234239999998,0.02581045,0.0,0.0,0.0,0.0,0.0,0.0,0.0,0.0,0.0,0.0,0.0,0.0,0.0,0.0,0.0,0.0,10.874255314438578,16.890611409173687,17.355350462033286,0.0,0,14.992833897998935,/tmp/nussbaum_sine_15hz_amp10_optuna_v5_runs/optuna_t0015_r02.csv,,"{""alpha"": 7.11, ""amplitude_deg"": 10.0, ""baudrate"": 1000000.0, ""command_sign"": -1.0, ""control_output_scale"": 1.0, ""current_bias_raw"": -0.1112782729403452, ""current_limit_raw"": 0.0, ""default_mode"": 3.0, ""device"": ""/dev/ttyAMA0"", ""disable_anti_windup"": false, ""disable_freeze_nn_on_saturation"": false, ""disable_freeze_zeta_on_saturation"": false, ""disturb_interval_sec"": 30.0, ""disturb_jitter_sec"": 3.0, ""disturb_mode"": ""mixed"", ""disturb_seed"": -1.0, ""disturbance_placement"": ""mid_move"", ""duration"": 14.0, ""dxl_id"": 6.0, ""enable_disturbance"": false, ""frequency_hz"": 1.5, ""fric_coulomb"": 0.006, ""fric_vel_scale"": 0.862, ""gamma_adapt"": 8.72, ""gamma_link"": 0.993, ""integral_limit"": 0.55, ""k_delta"": 0.099, ""max_abs_e_dot"": 6.0, ""max_control"": 0.03501483555095082, ""max_current_raw"": 25.0, ""max_current_slew"": 40.50617727058689, ""mid_disturbance_offset_sec"": 0.0, ""no_set_current_mode"": false, ""predict_horizon_sec"": 0.002969043626472532, ""pulse_current_raw_max"": 12.0, ""pulse_current_raw_min"": 4.0, ""pulse_duration_max"": 0.6, ""pulse_duration_min"": 0.15, ""q_abs_guard_deg"": 28.0, ""qd_lpf_alpha"": 0.0933905802615182, ""rate"": 120.0, ""rbf_center_max"": 3.2, ""rbf_center_min"": -3.2, ""rbf_nodes"": 11.0, ""rbf_width"": 1.463, ""ref_jump_deg_max"": 8.0, ""ref_jump_deg_min"": 2.0, ""ref_jump_duration_max"": 0.6, ""ref_jump_duration_min"": 0.15, ""reference_shape"": ""sine"", ""reset_zeta_after_motion"": false, ""reset_zeta_on_segment"": false, ""restore_mode"": false, ""sigma_mod"": 0.246, ""sine_center_mode"": ""lock"", ""soft_start_sec"": 1.5, ""step_absolute_target_deg"": null, ""step_absolute_target_rad"": null, ""step_delta_deg"": 40.0, ""step_ramp_sec"": 1.0, ""step_segment_sec"": 1.5, ""step_sequence_deg"": """", ""step_shape"": ""smoothstep"", ""step_start_sec"": 0.0, ""tail_err_full_deg"": 2.0, ""tail_err_thresh_deg"": 0.8, ""tail_kd"": 0.0015115356720257066, ""tail_kp"": 0.0, ""tail_max_control_boost"": 0.0, ""tail_u_max"": 0.0, ""torque_to_current"": 210.0, ""zeta0"": 0.886, ""zeta_leak"": 0.07984232284731642, ""zeta_reset_delay_sec"": 0.0, ""zeta_reset_value"": null, ""zeta_soft"": 0.9333981070379604}"
16,1,1.0,65.48208545763055,1680.0,13.991758,10.001901636279781,11.428278048042767,17.309676402019157,22.536768220124802,0.9967852950204581,0.0,0.13697626190476192,0.945244514910276,0.8933150109,0.886,0.8933150109,0.007315010899999974,0.0005225007752976191,0.0031821873349999973,0.0232743927,0.0,0.0,0.0,0.0,0.0,0.0,0.0,0.0,0.0,0.0,0.0,0.0,0.0,0.0,0.0,0.0,10.226319506553349,15.82165281103632,16.880508274490158,0.0,0,14.992598769000324,/tmp/nussbaum_sine_15hz_amp10_optuna_v5_runs/optuna_t0016_r01.csv,,"{""alpha"": 7.11, ""amplitude_deg"": 10.0, ""baudrate"": 1000000.0, ""command_sign"": -1.0, ""control_output_scale"": 1.0, ""current_bias_raw"": -0.10642786141476628, ""current_limit_raw"": 0.0, ""default_mode"": 3.0, ""device"": ""/dev/ttyAMA0"", ""disable_anti_windup"": false, ""disable_freeze_nn_on_saturation"": false, ""disable_freeze_zeta_on_saturation"": false, ""disturb_interval_sec"": 30.0, ""disturb_jitter_sec"": 3.0, ""disturb_mode"": ""mixed"", ""disturb_seed"": -1.0, ""disturbance_placement"": ""mid_move"", ""duration"": 14.0, ""dxl_id"": 6.0, ""enable_disturbance"": false, ""frequency_hz"": 1.5, ""fric_coulomb"": 0.006, ""fric_vel_scale"": 0.862, ""gamma_adapt"": 8.72, ""gamma_link"": 0.993, ""integral_limit"": 0.55, ""k_delta"": 0.099, ""max_abs_e_dot"": 6.0, ""max_control"": 0.03479094597659554, ""max_current_raw"": 25.0, ""max_current_slew"": 40.76889901034688, ""mid_disturbance_offset_sec"": 0.0, ""no_set_current_mode"": false, ""predict_horizon_sec"": 0.003045456583648404, ""pulse_current_raw_max"": 12.0, ""pulse_current_raw_min"": 4.0, ""pulse_duration_max"": 0.6, ""pulse_duration_min"": 0.15, ""q_abs_guard_deg"": 28.0, ""qd_lpf_alpha"": 0.09397387057967678, ""rate"": 120.0, ""rbf_center_max"": 3.2, ""rbf_center_min"": -3.2, ""rbf_nodes"": 11.0, ""rbf_width"": 1.463, ""ref_jump_deg_max"": 8.0, ""ref_jump_deg_min"": 2.0, ""ref_jump_duration_max"": 0.6, ""ref_jump_duration_min"": 0.15, ""reference_shape"": ""sine"", ""reset_zeta_after_motion"": false, ""reset_zeta_on_segment"": false, ""restore_mode"": false, ""sigma_mod"": 0.246, ""sine_center_mode"": ""lock"", ""soft_start_sec"": 1.5, ""step_absolute_target_deg"": null, ""step_absolute_target_rad"": null, ""step_delta_deg"": 40.0, ""step_ramp_sec"": 1.0, ""step_segment_sec"": 1.5, ""step_sequence_deg"": """", ""step_shape"": ""smoothstep"", ""step_start_sec"": 0.0, ""tail_err_full_deg"": 2.0, ""tail_err_thresh_deg"": 0.8, ""tail_kd"": 0.001430236505086658, ""tail_kp"": 0.0, ""tail_max_control_boost"": 0.0, ""tail_u_max"": 0.0, ""torque_to_current"": 210.0, ""zeta0"": 0.886, ""zeta_leak"": 0.07914770036446715, ""zeta_reset_delay_sec"": 0.0, ""zeta_reset_value"": null, ""zeta_soft"": 0.934198395678237}"
16,2,1.0,66.4335028181975,1680.0,13.991749,10.055898732553231,11.505738795859397,17.2171869990509,22.99856553950109,0.9747590199238239,0.0,0.13684776190476192,0.9461933497145629,0.8940624774,0.886,0.8940624774,0.00806247739999999,0.000575891240952381,0.002641310424999997,0.0255989953,0.0,0.0,0.0,0.0,0.0,0.0,0.0,0.0,0.0,0.0,0.0,0.0,0.0,0.0,0.0,0.0,10.6473607666847,16.86100791376389,17.353217374539483,0.0,0,15.015522806001172,/tmp/nussbaum_sine_15hz_amp10_optuna_v5_runs/optuna_t0016_r02.csv,,"{""alpha"": 7.11, ""amplitude_deg"": 10.0, ""baudrate"": 1000000.0, ""command_sign"": -1.0, ""control_output_scale"": 1.0, ""current_bias_raw"": -0.10642786141476628, ""current_limit_raw"": 0.0, ""default_mode"": 3.0, ""device"": ""/dev/ttyAMA0"", ""disable_anti_windup"": false, ""disable_freeze_nn_on_saturation"": false, ""disable_freeze_zeta_on_saturation"": false, ""disturb_interval_sec"": 30.0, ""disturb_jitter_sec"": 3.0, ""disturb_mode"": ""mixed"", ""disturb_seed"": -1.0, ""disturbance_placement"": ""mid_move"", ""duration"": 14.0, ""dxl_id"": 6.0, ""enable_disturbance"": false, ""frequency_hz"": 1.5, ""fric_coulomb"": 0.006, ""fric_vel_scale"": 0.862, ""gamma_adapt"": 8.72, ""gamma_link"": 0.993, ""integral_limit"": 0.55, ""k_delta"": 0.099, ""max_abs_e_dot"": 6.0, ""max_control"": 0.03479094597659554, ""max_current_raw"": 25.0, ""max_current_slew"": 40.76889901034688, ""mid_disturbance_offset_sec"": 0.0, ""no_set_current_mode"": false, ""predict_horizon_sec"": 0.003045456583648404, ""pulse_current_raw_max"": 12.0, ""pulse_current_raw_min"": 4.0, ""pulse_duration_max"": 0.6, ""pulse_duration_min"": 0.15, ""q_abs_guard_deg"": 28.0, ""qd_lpf_alpha"": 0.09397387057967678, ""rate"": 120.0, ""rbf_center_max"": 3.2, ""rbf_center_min"": -3.2, ""rbf_nodes"": 11.0, ""rbf_width"": 1.463, ""ref_jump_deg_max"": 8.0, ""ref_jump_deg_min"": 2.0, ""ref_jump_duration_max"": 0.6, ""ref_jump_duration_min"": 0.15, ""reference_shape"": ""sine"", ""reset_zeta_after_motion"": false, ""reset_zeta_on_segment"": false, ""restore_mode"": false, ""sigma_mod"": 0.246, ""sine_center_mode"": ""lock"", ""soft_start_sec"": 1.5, ""step_absolute_target_deg"": null, ""step_absolute_target_rad"": null, ""step_delta_deg"": 40.0, ""step_ramp_sec"": 1.0, ""step_segment_sec"": 1.5, ""step_sequence_deg"": """", ""step_shape"": ""smoothstep"", ""step_start_sec"": 0.0, ""tail_err_full_deg"": 2.0, ""tail_err_thresh_deg"": 0.8, ""tail_kd"": 0.001430236505086658, ""tail_kp"": 0.0, ""tail_max_control_boost"": 0.0, ""tail_u_max"": 0.0, ""torque_to_current"": 210.0, ""zeta0"": 0.886, ""zeta_leak"": 0.07914770036446715, ""zeta_reset_delay_sec"": 0.0, ""zeta_reset_value"": null, ""zeta_soft"": 0.934198395678237}"
17,1,1.0,66.26162206119017,1680.0,13.99175,10.070669955249501,11.528483558778365,17.256516667892214,23.25329478871982,1.0056868867851498,0.0,0.13741909523809523,0.9457630642481183,0.8935587497,0.8860000077,0.8935587497,0.007558742000000063,0.0005399106932738096,0.0028524488699999888,0.0270204779,0.0,0.0,0.0,0.0,0.0,0.0,0.0,0.0,0.0,0.0,0.0,0.0,0.0,0.0,0.0,0.0,10.503655074480234,16.642918484754976,17.331070968664584,0.0,0,14.983390897999925,/tmp/nussbaum_sine_15hz_amp10_optuna_v5_runs/optuna_t0017_r01.csv,,"{""alpha"": 7.11, ""amplitude_deg"": 10.0, ""baudrate"": 1000000.0, ""command_sign"": -1.0, ""control_output_scale"": 1.0, ""current_bias_raw"": -0.10913488174867074, ""current_limit_raw"": 0.0, ""default_mode"": 3.0, ""device"": ""/dev/ttyAMA0"", ""disable_anti_windup"": false, ""disable_freeze_nn_on_saturation"": false, ""disable_freeze_zeta_on_saturation"": false, ""disturb_interval_sec"": 30.0, ""disturb_jitter_sec"": 3.0, ""disturb_mode"": ""mixed"", ""disturb_seed"": -1.0, ""disturbance_placement"": ""mid_move"", ""duration"": 14.0, ""dxl_id"": 6.0, ""enable_disturbance"": false, ""frequency_hz"": 1.5, ""fric_coulomb"": 0.006, ""fric_vel_scale"": 0.862, ""gamma_adapt"": 8.72, ""gamma_link"": 0.993, ""integral_limit"": 0.55, ""k_delta"": 0.099, ""max_abs_e_dot"": 6.0, ""max_control"": 0.0345866269423967, ""max_current_raw"": 25.0, ""max_current_slew"": 41.008351536300616, ""mid_disturbance_offset_sec"": 0.0, ""no_set_current_mode"": false, ""predict_horizon_sec"": 0.0029872319667785677, ""pulse_current_raw_max"": 12.0, ""pulse_current_raw_min"": 4.0, ""pulse_duration_max"": 0.6, ""pulse_duration_min"": 0.15, ""q_abs_guard_deg"": 28.0, ""qd_lpf_alpha"": 0.09307204206914464, ""rate"": 120.0, ""rbf_center_max"": 3.2, ""rbf_center_min"": -3.2, ""rbf_nodes"": 11.0, ""rbf_width"": 1.463, ""ref_jump_deg_max"": 8.0, ""ref_jump_deg_min"": 2.0, ""ref_jump_duration_max"": 0.6, ""ref_jump_duration_min"": 0.15, ""reference_shape"": ""sine"", ""reset_zeta_after_motion"": false, ""reset_zeta_on_segment"": false, ""restore_mode"": false, ""sigma_mod"": 0.246, ""sine_center_mode"": ""lock"", ""soft_start_sec"": 1.5, ""step_absolute_target_deg"": null, ""step_absolute_target_rad"": null, ""step_delta_deg"": 40.0, ""step_ramp_sec"": 1.0, ""step_segment_sec"": 1.5, ""step_sequence_deg"": """", ""step_shape"": ""smoothstep"", ""step_start_sec"": 0.0, ""tail_err_full_deg"": 2.0, ""tail_err_thresh_deg"": 0.8, ""tail_kd"": 0.00143982741499007, ""tail_kp"": 0.0, ""tail_max_control_boost"": 0.0, ""tail_u_max"": 0.0, ""torque_to_current"": 210.0, ""zeta0"": 0.886, ""zeta_leak"": 0.07998678281444717, ""zeta_reset_delay_sec"": 0.0, ""zeta_reset_value"": null, ""zeta_soft"": 0.93341953687158}"
17,2,1.0,66.15228895722043,1680.0,13.991759,10.03549755412377,11.474737148966888,17.302918416678274,22.63631833641459,0.9834367240350083,0.0,0.13745866666666667,0.9453263921297322,0.8932166529,0.886,0.8932166529,0.0072166528999999535,0.0005154752037500001,0.00257016634,0.0253253486,0.0,0.0,0.0,0.0,0.0,0.0,0.0,0.0,0.0,0.0,0.0,0.0,0.0,0.0,0.0,0.0,10.36309088832897,16.69421345955569,17.43539986236297,0.0,0,15.066860639000879,/tmp/nussbaum_sine_15hz_amp10_optuna_v5_runs/optuna_t0017_r02.csv,,"{""alpha"": 7.11, ""amplitude_deg"": 10.0, ""baudrate"": 1000000.0, ""command_sign"": -1.0, ""control_output_scale"": 1.0, ""current_bias_raw"": -0.10913488174867074, ""current_limit_raw"": 0.0, ""default_mode"": 3.0, ""device"": ""/dev/ttyAMA0"", ""disable_anti_windup"": false, ""disable_freeze_nn_on_saturation"": false, ""disable_freeze_zeta_on_saturation"": false, ""disturb_interval_sec"": 30.0, ""disturb_jitter_sec"": 3.0, ""disturb_mode"": ""mixed"", ""disturb_seed"": -1.0, ""disturbance_placement"": ""mid_move"", ""duration"": 14.0, ""dxl_id"": 6.0, ""enable_disturbance"": false, ""frequency_hz"": 1.5, ""fric_coulomb"": 0.006, ""fric_vel_scale"": 0.862, ""gamma_adapt"": 8.72, ""gamma_link"": 0.993, ""integral_limit"": 0.55, ""k_delta"": 0.099, ""max_abs_e_dot"": 6.0, ""max_control"": 0.0345866269423967, ""max_current_raw"": 25.0, ""max_current_slew"": 41.008351536300616, ""mid_disturbance_offset_sec"": 0.0, ""no_set_current_mode"": false, ""predict_horizon_sec"": 0.0029872319667785677, ""pulse_current_raw_max"": 12.0, ""pulse_current_raw_min"": 4.0, ""pulse_duration_max"": 0.6, ""pulse_duration_min"": 0.15, ""q_abs_guard_deg"": 28.0, ""qd_lpf_alpha"": 0.09307204206914464, ""rate"": 120.0, ""rbf_center_max"": 3.2, ""rbf_center_min"": -3.2, ""rbf_nodes"": 11.0, ""rbf_width"": 1.463, ""ref_jump_deg_max"": 8.0, ""ref_jump_deg_min"": 2.0, ""ref_jump_duration_max"": 0.6, ""ref_jump_duration_min"": 0.15, ""reference_shape"": ""sine"", ""reset_zeta_after_motion"": false, ""reset_zeta_on_segment"": false, ""restore_mode"": false, ""sigma_mod"": 0.246, ""sine_center_mode"": ""lock"", ""soft_start_sec"": 1.5, ""step_absolute_target_deg"": null, ""step_absolute_target_rad"": null, ""step_delta_deg"": 40.0, ""step_ramp_sec"": 1.0, ""step_segment_sec"": 1.5, ""step_sequence_deg"": """", ""step_shape"": ""smoothstep"", ""step_start_sec"": 0.0, ""tail_err_full_deg"": 2.0, ""tail_err_thresh_deg"": 0.8, ""tail_kd"": 0.00143982741499007, ""tail_kp"": 0.0, ""tail_max_control_boost"": 0.0, ""tail_u_max"": 0.0, ""torque_to_current"": 210.0, ""zeta0"": 0.886, ""zeta_leak"": 0.07998678281444717, ""zeta_reset_delay_sec"": 0.0, ""zeta_reset_value"": null, ""zeta_soft"": 0.93341953687158}"
18,1,1.0,66.39155328210025,1680.0,13.991753000000001,10.150900865590422,11.612040579329122,17.182943435017513,23.288048477704685,1.0012360070568074,0.0,0.13715638095238095,0.9455923451614489,0.8933885118,0.886,0.8933885118,0.007388511799999997,0.000527750844047619,0.0030028592399999874,0.0249183076,0.0,0.0,0.0,0.0,0.0,0.0,0.0,0.0,0.0,0.0,0.0,0.0,0.0,0.0,0.0,0.0,10.683067594927591,16.774901959928375,17.284152669491846,0.0,0,15.000974565000433,/tmp/nussbaum_sine_15hz_amp10_optuna_v5_runs/optuna_t0018_r01.csv,,"{""alpha"": 7.11, ""amplitude_deg"": 10.0, ""baudrate"": 1000000.0, ""command_sign"": -1.0, ""control_output_scale"": 1.0, ""current_bias_raw"": -0.11133091873964858, ""current_limit_raw"": 0.0, ""default_mode"": 3.0, ""device"": ""/dev/ttyAMA0"", ""disable_anti_windup"": false, ""disable_freeze_nn_on_saturation"": false, ""disable_freeze_zeta_on_saturation"": false, ""disturb_interval_sec"": 30.0, ""disturb_jitter_sec"": 3.0, ""disturb_mode"": ""mixed"", ""disturb_seed"": -1.0, ""disturbance_placement"": ""mid_move"", ""duration"": 14.0, ""dxl_id"": 6.0, ""enable_disturbance"": false, ""frequency_hz"": 1.5, ""fric_coulomb"": 0.006, ""fric_vel_scale"": 0.862, ""gamma_adapt"": 8.72, ""gamma_link"": 0.993, ""integral_limit"": 0.55, ""k_delta"": 0.099, ""max_abs_e_dot"": 6.0, ""max_control"": 0.034617037226210755, ""max_current_raw"": 25.0, ""max_current_slew"": 40.90846436456554, ""mid_disturbance_offset_sec"": 0.0, ""no_set_current_mode"": false, ""predict_horizon_sec"": 0.0031351745547208453, ""pulse_current_raw_max"": 12.0, ""pulse_current_raw_min"": 4.0, ""pulse_duration_max"": 0.6, ""pulse_duration_min"": 0.15, ""q_abs_guard_deg"": 28.0, ""qd_lpf_alpha"": 0.09291255236155628, ""rate"": 120.0, ""rbf_center_max"": 3.2, ""rbf_center_min"": -3.2, ""rbf_nodes"": 11.0, ""rbf_width"": 1.463, ""ref_jump_deg_max"": 8.0, ""ref_jump_deg_min"": 2.0, ""ref_jump_duration_max"": 0.6, ""ref_jump_duration_min"": 0.15, ""reference_shape"": ""sine"", ""reset_zeta_after_motion"": false, ""reset_zeta_on_segment"": false, ""restore_mode"": false, ""sigma_mod"": 0.246, ""sine_center_mode"": ""lock"", ""soft_start_sec"": 1.5, ""step_absolute_target_deg"": null, ""step_absolute_target_rad"": null, ""step_delta_deg"": 40.0, ""step_ramp_sec"": 1.0, ""step_segment_sec"": 1.5, ""step_sequence_deg"": """", ""step_shape"": ""smoothstep"", ""step_start_sec"": 0.0, ""tail_err_full_deg"": 2.0, ""tail_err_thresh_deg"": 0.8, ""tail_kd"": 0.001463810375059364, ""tail_kp"": 0.0, ""tail_max_control_boost"": 0.0, ""tail_u_max"": 0.0, ""torque_to_current"": 210.0, ""zeta0"": 0.886, ""zeta_leak"": 0.08001991730630598, ""zeta_reset_delay_sec"": 0.0, ""zeta_reset_value"": null, ""zeta_soft"": 0.9338903501701592}"
18,2,1.0,66.18278759231656,1680.0,13.991750999999999,10.080501378968066,11.524796218293972,17.31284239146997,22.73158244764748,1.0056907996429838,0.0,0.13716295238095239,0.9459887822496605,0.893532674,0.886,0.893532674,0.007532674000000017,0.0005380481410714286,0.0023824951149999944,0.0236973719,0.0,0.0,0.0,0.0,0.0,0.0,0.0,0.0,0.0,0.0,0.0,0.0,0.0,0.0,0.0,0.0,10.552684657896547,16.60755474468732,17.19847606730969,0.0,0,14.995055343000786,/tmp/nussbaum_sine_15hz_amp10_optuna_v5_runs/optuna_t0018_r02.csv,,"{""alpha"": 7.11, ""amplitude_deg"": 10.0, ""baudrate"": 1000000.0, ""command_sign"": -1.0, ""control_output_scale"": 1.0, ""current_bias_raw"": -0.11133091873964858, ""current_limit_raw"": 0.0, ""default_mode"": 3.0, ""device"": ""/dev/ttyAMA0"", ""disable_anti_windup"": false, ""disable_freeze_nn_on_saturation"": false, ""disable_freeze_zeta_on_saturation"": false, ""disturb_interval_sec"": 30.0, ""disturb_jitter_sec"": 3.0, ""disturb_mode"": ""mixed"", ""disturb_seed"": -1.0, ""disturbance_placement"": ""mid_move"", ""duration"": 14.0, ""dxl_id"": 6.0, ""enable_disturbance"": false, ""frequency_hz"": 1.5, ""fric_coulomb"": 0.006, ""fric_vel_scale"": 0.862, ""gamma_adapt"": 8.72, ""gamma_link"": 0.993, ""integral_limit"": 0.55, ""k_delta"": 0.099, ""max_abs_e_dot"": 6.0, ""max_control"": 0.034617037226210755, ""max_current_raw"": 25.0, ""max_current_slew"": 40.90846436456554, ""mid_disturbance_offset_sec"": 0.0, ""no_set_current_mode"": false, ""predict_horizon_sec"": 0.0031351745547208453, ""pulse_current_raw_max"": 12.0, ""pulse_current_raw_min"": 4.0, ""pulse_duration_max"": 0.6, ""pulse_duration_min"": 0.15, ""q_abs_guard_deg"": 28.0, ""qd_lpf_alpha"": 0.09291255236155628, ""rate"": 120.0, ""rbf_center_max"": 3.2, ""rbf_center_min"": -3.2, ""rbf_nodes"": 11.0, ""rbf_width"": 1.463, ""ref_jump_deg_max"": 8.0, ""ref_jump_deg_min"": 2.0, ""ref_jump_duration_max"": 0.6, ""ref_jump_duration_min"": 0.15, ""reference_shape"": ""sine"", ""reset_zeta_after_motion"": false, ""reset_zeta_on_segment"": false, ""restore_mode"": false, ""sigma_mod"": 0.246, ""sine_center_mode"": ""lock"", ""soft_start_sec"": 1.5, ""step_absolute_target_deg"": null, ""step_absolute_target_rad"": null, ""step_delta_deg"": 40.0, ""step_ramp_sec"": 1.0, ""step_segment_sec"": 1.5, ""step_sequence_deg"": """", ""step_shape"": ""smoothstep"", ""step_start_sec"": 0.0, ""tail_err_full_deg"": 2.0, ""tail_err_thresh_deg"": 0.8, ""tail_kd"": 0.001463810375059364, ""tail_kp"": 0.0, ""tail_max_control_boost"": 0.0, ""tail_u_max"": 0.0, ""torque_to_current"": 210.0, ""zeta0"": 0.886, ""zeta_leak"": 0.08001991730630598, ""zeta_reset_delay_sec"": 0.0, ""zeta_reset_value"": null, ""zeta_soft"": 0.9338903501701592}"
19,1,1.0,66.50299765549455,1680.0,13.991763,10.225394182996215,11.689822201281718,17.16311758384333,22.736864923712933,1.005910406447469,0.0,0.13650371428571428,0.9462898373781684,0.8937924034,0.8860000077,0.8937924034,0.00779239570000001,0.0005566002394642857,0.0025969448399999974,0.0239842275,0.0,0.0,0.0,0.0,0.0,0.0,0.0,0.0,0.0,0.0,0.0,0.0,0.0,0.0,0.0,0.0,10.820416201121457,16.89110191461787,17.331940741515904,0.0,0,14.997795658000541,/tmp/nussbaum_sine_15hz_amp10_optuna_v5_runs/optuna_t0019_r01.csv,,"{""alpha"": 7.11, ""amplitude_deg"": 10.0, ""baudrate"": 1000000.0, ""command_sign"": -1.0, ""control_output_scale"": 1.0, ""current_bias_raw"": -0.10858360221534172, ""current_limit_raw"": 0.0, ""default_mode"": 3.0, ""device"": ""/dev/ttyAMA0"", ""disable_anti_windup"": false, ""disable_freeze_nn_on_saturation"": false, ""disable_freeze_zeta_on_saturation"": false, ""disturb_interval_sec"": 30.0, ""disturb_jitter_sec"": 3.0, ""disturb_mode"": ""mixed"", ""disturb_seed"": -1.0, ""disturbance_placement"": ""mid_move"", ""duration"": 14.0, ""dxl_id"": 6.0, ""enable_disturbance"": false, ""frequency_hz"": 1.5, ""fric_coulomb"": 0.006, ""fric_vel_scale"": 0.862, ""gamma_adapt"": 8.72, ""gamma_link"": 0.993, ""integral_limit"": 0.55, ""k_delta"": 0.099, ""max_abs_e_dot"": 6.0, ""max_control"": 0.03486824364389155, ""max_current_raw"": 25.0, ""max_current_slew"": 40.62892844979275, ""mid_disturbance_offset_sec"": 0.0, ""no_set_current_mode"": false, ""predict_horizon_sec"": 0.0029713071805303327, ""pulse_current_raw_max"": 12.0, ""pulse_current_raw_min"": 4.0, ""pulse_duration_max"": 0.6, ""pulse_duration_min"": 0.15, ""q_abs_guard_deg"": 28.0, ""qd_lpf_alpha"": 0.09429334937749988, ""rate"": 120.0, ""rbf_center_max"": 3.2, ""rbf_center_min"": -3.2, ""rbf_nodes"": 11.0, ""rbf_width"": 1.463, ""ref_jump_deg_max"": 8.0, ""ref_jump_deg_min"": 2.0, ""ref_jump_duration_max"": 0.6, ""ref_jump_duration_min"": 0.15, ""reference_shape"": ""sine"", ""reset_zeta_after_motion"": false, ""reset_zeta_on_segment"": false, ""restore_mode"": false, ""sigma_mod"": 0.246, ""sine_center_mode"": ""lock"", ""soft_start_sec"": 1.5, ""step_absolute_target_deg"": null, ""step_absolute_target_rad"": null, ""step_delta_deg"": 40.0, ""step_ramp_sec"": 1.0, ""step_segment_sec"": 1.5, ""step_sequence_deg"": """", ""step_shape"": ""smoothstep"", ""step_start_sec"": 0.0, ""tail_err_full_deg"": 2.0, ""tail_err_thresh_deg"": 0.8, ""tail_kd"": 0.0013437944561704713, ""tail_kp"": 0.0, ""tail_max_control_boost"": 0.0, ""tail_u_max"": 0.0, ""torque_to_current"": 210.0, ""zeta0"": 0.886, ""zeta_leak"": 0.08010625042131773, ""zeta_reset_delay_sec"": 0.0, ""zeta_reset_value"": null, ""zeta_soft"": 0.9332401572012514}"
19,2,1.0,66.89143549661432,1680.0,13.991752,10.198213045748746,11.648541788347615,17.336997707409257,22.906602902756994,1.0190357698931412,0.0,0.13661640476190473,0.9458997877617199,0.893818196,0.886,0.893818196,0.007818196,0.0005584425728571428,0.003010582579999999,0.0245455153,0.0,0.0,0.0,0.0,0.0,0.0,0.0,0.0,0.0,0.0,0.0,0.0,0.0,0.0,0.0,0.0,10.780937392796874,16.905306970753657,17.507083815323156,0.0,0,14.994472713000505,/tmp/nussbaum_sine_15hz_amp10_optuna_v5_runs/optuna_t0019_r02.csv,,"{""alpha"": 7.11, ""amplitude_deg"": 10.0, ""baudrate"": 1000000.0, ""command_sign"": -1.0, ""control_output_scale"": 1.0, ""current_bias_raw"": -0.10858360221534172, ""current_limit_raw"": 0.0, ""default_mode"": 3.0, ""device"": ""/dev/ttyAMA0"", ""disable_anti_windup"": false, ""disable_freeze_nn_on_saturation"": false, ""disable_freeze_zeta_on_saturation"": false, ""disturb_interval_sec"": 30.0, ""disturb_jitter_sec"": 3.0, ""disturb_mode"": ""mixed"", ""disturb_seed"": -1.0, ""disturbance_placement"": ""mid_move"", ""duration"": 14.0, ""dxl_id"": 6.0, ""enable_disturbance"": false, ""frequency_hz"": 1.5, ""fric_coulomb"": 0.006, ""fric_vel_scale"": 0.862, ""gamma_adapt"": 8.72, ""gamma_link"": 0.993, ""integral_limit"": 0.55, ""k_delta"": 0.099, ""max_abs_e_dot"": 6.0, ""max_control"": 0.03486824364389155, ""max_current_raw"": 25.0, ""max_current_slew"": 40.62892844979275, ""mid_disturbance_offset_sec"": 0.0, ""no_set_current_mode"": false, ""predict_horizon_sec"": 0.0029713071805303327, ""pulse_current_raw_max"": 12.0, ""pulse_current_raw_min"": 4.0, ""pulse_duration_max"": 0.6, ""pulse_duration_min"": 0.15, ""q_abs_guard_deg"": 28.0, ""qd_lpf_alpha"": 0.09429334937749988, ""rate"": 120.0, ""rbf_center_max"": 3.2, ""rbf_center_min"": -3.2, ""rbf_nodes"": 11.0, ""rbf_width"": 1.463, ""ref_jump_deg_max"": 8.0, ""ref_jump_deg_min"": 2.0, ""ref_jump_duration_max"": 0.6, ""ref_jump_duration_min"": 0.15, ""reference_shape"": ""sine"", ""reset_zeta_after_motion"": false, ""reset_zeta_on_segment"": false, ""restore_mode"": false, ""sigma_mod"": 0.246, ""sine_center_mode"": ""lock"", ""soft_start_sec"": 1.5, ""step_absolute_target_deg"": null, ""step_absolute_target_rad"": null, ""step_delta_deg"": 40.0, ""step_ramp_sec"": 1.0, ""step_segment_sec"": 1.5, ""step_sequence_deg"": """", ""step_shape"": ""smoothstep"", ""step_start_sec"": 0.0, ""tail_err_full_deg"": 2.0, ""tail_err_thresh_deg"": 0.8, ""tail_kd"": 0.0013437944561704713, ""tail_kp"": 0.0, ""tail_max_control_boost"": 0.0, ""tail_u_max"": 0.0, ""torque_to_current"": 210.0, ""zeta0"": 0.886, ""zeta_leak"": 0.08010625042131773, ""zeta_reset_delay_sec"": 0.0, ""zeta_reset_value"": null, ""zeta_soft"": 0.9332401572012514}"
20,1,1.0,67.24892326005006,1680.0,13.991762999999999,10.298183910812451,11.747781415735334,17.229402124922213,23.455507064481953,1.0279374629004299,0.0,0.13727159523809523,0.9458870258088471,0.8929160925,0.8860000077,0.8929160925,0.006916084800000055,0.0004940066077380953,0.0029393931099999963,0.0244587496,0.0,0.0,0.0,0.0,0.0,0.0,0.0,0.0,0.0,0.0,0.0,0.0,0.0,0.0,0.0,0.0,10.90811549111507,16.924372932068387,17.42754261136902,0.0,0,15.120557491,/tmp/nussbaum_sine_15hz_amp10_optuna_v5_runs/optuna_t0020_r01.csv,,"{""alpha"": 7.11, ""amplitude_deg"": 10.0, ""baudrate"": 1000000.0, ""command_sign"": -1.0, ""control_output_scale"": 1.0, ""current_bias_raw"": -0.10983992518862312, ""current_limit_raw"": 0.0, ""default_mode"": 3.0, ""device"": ""/dev/ttyAMA0"", ""disable_anti_windup"": false, ""disable_freeze_nn_on_saturation"": false, ""disable_freeze_zeta_on_saturation"": false, ""disturb_interval_sec"": 30.0, ""disturb_jitter_sec"": 3.0, ""disturb_mode"": ""mixed"", ""disturb_seed"": -1.0, ""disturbance_placement"": ""mid_move"", ""duration"": 14.0, ""dxl_id"": 6.0, ""enable_disturbance"": false, ""frequency_hz"": 1.5, ""fric_coulomb"": 0.006, ""fric_vel_scale"": 0.862, ""gamma_adapt"": 8.72, ""gamma_link"": 0.993, ""integral_limit"": 0.55, ""k_delta"": 0.099, ""max_abs_e_dot"": 6.0, ""max_control"": 0.03518051892028121, ""max_current_raw"": 25.0, ""max_current_slew"": 40.79491224650613, ""mid_disturbance_offset_sec"": 0.0, ""no_set_current_mode"": false, ""predict_horizon_sec"": 0.0031288404862923652, ""pulse_current_raw_max"": 12.0, ""pulse_current_raw_min"": 4.0, ""pulse_duration_max"": 0.6, ""pulse_duration_min"": 0.15, ""q_abs_guard_deg"": 28.0, ""qd_lpf_alpha"": 0.0934011669453986, ""rate"": 120.0, ""rbf_center_max"": 3.2, ""rbf_center_min"": -3.2, ""rbf_nodes"": 11.0, ""rbf_width"": 1.463, ""ref_jump_deg_max"": 8.0, ""ref_jump_deg_min"": 2.0, ""ref_jump_duration_max"": 0.6, ""ref_jump_duration_min"": 0.15, ""reference_shape"": ""sine"", ""reset_zeta_after_motion"": false, ""reset_zeta_on_segment"": false, ""restore_mode"": false, ""sigma_mod"": 0.246, ""sine_center_mode"": ""lock"", ""soft_start_sec"": 1.5, ""step_absolute_target_deg"": null, ""step_absolute_target_rad"": null, ""step_delta_deg"": 40.0, ""step_ramp_sec"": 1.0, ""step_segment_sec"": 1.5, ""step_sequence_deg"": """", ""step_shape"": ""smoothstep"", ""step_start_sec"": 0.0, ""tail_err_full_deg"": 2.0, ""tail_err_thresh_deg"": 0.8, ""tail_kd"": 0.001521272403652296, ""tail_kp"": 0.0, ""tail_max_control_boost"": 0.0, ""tail_u_max"": 0.0, ""torque_to_current"": 210.0, ""zeta0"": 0.886, ""zeta_leak"": 0.0794586037169009, ""zeta_reset_delay_sec"": 0.0, ""zeta_reset_value"": null, ""zeta_soft"": 0.9327459604141711}"
20,2,1.0,67.33260337802643,1680.0,13.991841,10.323048947383047,11.788859579675103,17.21554261075183,23.464780185860917,1.023504688311909,0.0,0.13719190476190476,0.9454864475196167,0.8929556003,0.886,0.8929556003,0.0069556002999999755,0.0004968285925,0.002747034369999998,0.0267735486,0.0,0.0,0.0,0.0,0.0,0.0,0.0,0.0,0.0,0.0,0.0,0.0,0.0,0.0,0.0,0.0,10.99901483461448,17.066823043252803,17.424748811864188,0.0,0,14.981069972000114,/tmp/nussbaum_sine_15hz_amp10_optuna_v5_runs/optuna_t0020_r02.csv,,"{""alpha"": 7.11, ""amplitude_deg"": 10.0, ""baudrate"": 1000000.0, ""command_sign"": -1.0, ""control_output_scale"": 1.0, ""current_bias_raw"": -0.10983992518862312, ""current_limit_raw"": 0.0, ""default_mode"": 3.0, ""device"": ""/dev/ttyAMA0"", ""disable_anti_windup"": false, ""disable_freeze_nn_on_saturation"": false, ""disable_freeze_zeta_on_saturation"": false, ""disturb_interval_sec"": 30.0, ""disturb_jitter_sec"": 3.0, ""disturb_mode"": ""mixed"", ""disturb_seed"": -1.0, ""disturbance_placement"": ""mid_move"", ""duration"": 14.0, ""dxl_id"": 6.0, ""enable_disturbance"": false, ""frequency_hz"": 1.5, ""fric_coulomb"": 0.006, ""fric_vel_scale"": 0.862, ""gamma_adapt"": 8.72, ""gamma_link"": 0.993, ""integral_limit"": 0.55, ""k_delta"": 0.099, ""max_abs_e_dot"": 6.0, ""max_control"": 0.03518051892028121, ""max_current_raw"": 25.0, ""max_current_slew"": 40.79491224650613, ""mid_disturbance_offset_sec"": 0.0, ""no_set_current_mode"": false, ""predict_horizon_sec"": 0.0031288404862923652, ""pulse_current_raw_max"": 12.0, ""pulse_current_raw_min"": 4.0, ""pulse_duration_max"": 0.6, ""pulse_duration_min"": 0.15, ""q_abs_guard_deg"": 28.0, ""qd_lpf_alpha"": 0.0934011669453986, ""rate"": 120.0, ""rbf_center_max"": 3.2, ""rbf_center_min"": -3.2, ""rbf_nodes"": 11.0, ""rbf_width"": 1.463, ""ref_jump_deg_max"": 8.0, ""ref_jump_deg_min"": 2.0, ""ref_jump_duration_max"": 0.6, ""ref_jump_duration_min"": 0.15, ""reference_shape"": ""sine"", ""reset_zeta_after_motion"": false, ""reset_zeta_on_segment"": false, ""restore_mode"": false, ""sigma_mod"": 0.246, ""sine_center_mode"": ""lock"", ""soft_start_sec"": 1.5, ""step_absolute_target_deg"": null, ""step_absolute_target_rad"": null, ""step_delta_deg"": 40.0, ""step_ramp_sec"": 1.0, ""step_segment_sec"": 1.5, ""step_sequence_deg"": """", ""step_shape"": ""smoothstep"", ""step_start_sec"": 0.0, ""tail_err_full_deg"": 2.0, ""tail_err_thresh_deg"": 0.8, ""tail_kd"": 0.001521272403652296, ""tail_kp"": 0.0, ""tail_max_control_boost"": 0.0, ""tail_u_max"": 0.0, ""torque_to_current"": 210.0, ""zeta0"": 0.886, ""zeta_leak"": 0.0794586037169009, ""zeta_reset_delay_sec"": 0.0, ""zeta_reset_value"": null, ""zeta_soft"": 0.9327459604141711}"
21,1,1.0,66.4919082237599,1680.0,13.991783000000002,10.16334856503026,11.626210669549897,17.2445217428796,22.91236466947723,1.001236930890419,0.0,0.13564559523809522,0.945566144186286,0.8933081002,0.886,0.8933081002,0.007308100199999945,0.0005220071579761905,0.002973373719999997,0.0239998139,0.0,0.0,0.0,0.0,0.0,0.0,0.0,0.0,0.0,0.0,0.0,0.0,0.0,0.0,0.0,0.0,10.81675840535436,16.86616177799307,17.428465233847366,0.0,0,14.990654269000515,/tmp/nussbaum_sine_15hz_amp10_optuna_v5_runs/optuna_t0021_r01.csv,,"{""alpha"": 7.11, ""amplitude_deg"": 10.0, ""baudrate"": 1000000.0, ""command_sign"": -1.0, ""control_output_scale"": 1.0, ""current_bias_raw"": -0.10864649669029816, ""current_limit_raw"": 0.0, ""default_mode"": 3.0, ""device"": ""/dev/ttyAMA0"", ""disable_anti_windup"": false, ""disable_freeze_nn_on_saturation"": false, ""disable_freeze_zeta_on_saturation"": false, ""disturb_interval_sec"": 30.0, ""disturb_jitter_sec"": 3.0, ""disturb_mode"": ""mixed"", ""disturb_seed"": -1.0, ""disturbance_placement"": ""mid_move"", ""duration"": 14.0, ""dxl_id"": 6.0, ""enable_disturbance"": false, ""frequency_hz"": 1.5, ""fric_coulomb"": 0.006, ""fric_vel_scale"": 0.862, ""gamma_adapt"": 8.72, ""gamma_link"": 0.993, ""integral_limit"": 0.55, ""k_delta"": 0.099, ""max_abs_e_dot"": 6.0, ""max_control"": 0.03480274443726232, ""max_current_raw"": 25.0, ""max_current_slew"": 40.29115136674361, ""mid_disturbance_offset_sec"": 0.0, ""no_set_current_mode"": false, ""predict_horizon_sec"": 0.003195104085339101, ""pulse_current_raw_max"": 12.0, ""pulse_current_raw_min"": 4.0, ""pulse_duration_max"": 0.6, ""pulse_duration_min"": 0.15, ""q_abs_guard_deg"": 28.0, ""qd_lpf_alpha"": 0.0939378246193894, ""rate"": 120.0, ""rbf_center_max"": 3.2, ""rbf_center_min"": -3.2, ""rbf_nodes"": 11.0, ""rbf_width"": 1.463, ""ref_jump_deg_max"": 8.0, ""ref_jump_deg_min"": 2.0, ""ref_jump_duration_max"": 0.6, ""ref_jump_duration_min"": 0.15, ""reference_shape"": ""sine"", ""reset_zeta_after_motion"": false, ""reset_zeta_on_segment"": false, ""restore_mode"": false, ""sigma_mod"": 0.246, ""sine_center_mode"": ""lock"", ""soft_start_sec"": 1.5, ""step_absolute_target_deg"": null, ""step_absolute_target_rad"": null, ""step_delta_deg"": 40.0, ""step_ramp_sec"": 1.0, ""step_segment_sec"": 1.5, ""step_sequence_deg"": """", ""step_shape"": ""smoothstep"", ""step_start_sec"": 0.0, ""tail_err_full_deg"": 2.0, ""tail_err_thresh_deg"": 0.8, ""tail_kd"": 0.0014605911715401857, ""tail_kp"": 0.0, ""tail_max_control_boost"": 0.0, ""tail_u_max"": 0.0, ""torque_to_current"": 210.0, ""zeta0"": 0.886, ""zeta_leak"": 0.0787737782948115, ""zeta_reset_delay_sec"": 0.0, ""zeta_reset_value"": null, ""zeta_soft"": 0.9333803655545265}"
21,2,1.0,66.86002784163746,1680.0,13.991752,10.235330699076924,11.69724378582114,17.265984222498954,23.103310010947443,1.005688309462973,0.0,0.13560233333333335,0.9452063491259198,0.8929964248,0.886,0.8929964248,0.006996424799999956,0.0004997446315476191,0.002618237244999997,0.0272551764,0.0,0.0,0.0,0.0,0.0,0.0,0.0,0.0,0.0,0.0,0.0,0.0,0.0,0.0,0.0,0.0,10.924050210685367,16.980923104413936,17.4520491507232,0.0,0,15.00400365799942,/tmp/nussbaum_sine_15hz_amp10_optuna_v5_runs/optuna_t0021_r02.csv,,"{""alpha"": 7.11, ""amplitude_deg"": 10.0, ""baudrate"": 1000000.0, ""command_sign"": -1.0, ""control_output_scale"": 1.0, ""current_bias_raw"": -0.10864649669029816, ""current_limit_raw"": 0.0, ""default_mode"": 3.0, ""device"": ""/dev/ttyAMA0"", ""disable_anti_windup"": false, ""disable_freeze_nn_on_saturation"": false, ""disable_freeze_zeta_on_saturation"": false, ""disturb_interval_sec"": 30.0, ""disturb_jitter_sec"": 3.0, ""disturb_mode"": ""mixed"", ""disturb_seed"": -1.0, ""disturbance_placement"": ""mid_move"", ""duration"": 14.0, ""dxl_id"": 6.0, ""enable_disturbance"": false, ""frequency_hz"": 1.5, ""fric_coulomb"": 0.006, ""fric_vel_scale"": 0.862, ""gamma_adapt"": 8.72, ""gamma_link"": 0.993, ""integral_limit"": 0.55, ""k_delta"": 0.099, ""max_abs_e_dot"": 6.0, ""max_control"": 0.03480274443726232, ""max_current_raw"": 25.0, ""max_current_slew"": 40.29115136674361, ""mid_disturbance_offset_sec"": 0.0, ""no_set_current_mode"": false, ""predict_horizon_sec"": 0.003195104085339101, ""pulse_current_raw_max"": 12.0, ""pulse_current_raw_min"": 4.0, ""pulse_duration_max"": 0.6, ""pulse_duration_min"": 0.15, ""q_abs_guard_deg"": 28.0, ""qd_lpf_alpha"": 0.0939378246193894, ""rate"": 120.0, ""rbf_center_max"": 3.2, ""rbf_center_min"": -3.2, ""rbf_nodes"": 11.0, ""rbf_width"": 1.463, ""ref_jump_deg_max"": 8.0, ""ref_jump_deg_min"": 2.0, ""ref_jump_duration_max"": 0.6, ""ref_jump_duration_min"": 0.15, ""reference_shape"": ""sine"", ""reset_zeta_after_motion"": false, ""reset_zeta_on_segment"": false, ""restore_mode"": false, ""sigma_mod"": 0.246, ""sine_center_mode"": ""lock"", ""soft_start_sec"": 1.5, ""step_absolute_target_deg"": null, ""step_absolute_target_rad"": null, ""step_delta_deg"": 40.0, ""step_ramp_sec"": 1.0, ""step_segment_sec"": 1.5, ""step_sequence_deg"": """", ""step_shape"": ""smoothstep"", ""step_start_sec"": 0.0, ""tail_err_full_deg"": 2.0, ""tail_err_thresh_deg"": 0.8, ""tail_kd"": 0.0014605911715401857, ""tail_kp"": 0.0, ""tail_max_control_boost"": 0.0, ""tail_u_max"": 0.0, ""torque_to_current"": 210.0, ""zeta0"": 0.886, ""zeta_leak"": 0.0787737782948115, ""zeta_reset_delay_sec"": 0.0, ""zeta_reset_value"": null, ""zeta_soft"": 0.9333803655545265}"
22,1,1.0,66.62377573900191,1680.0,13.991835,10.212085144565362,11.667142097353565,17.184305022808065,23.105512122666823,1.0059089120237825,0.0,0.1367185238095238,0.9457272828923596,0.8935791043,0.886,0.8935791043,0.0075791042999999725,0.0005413645938690476,0.002786186304999996,0.0262208069,0.0,0.0,0.0,0.0,0.0,0.0,0.0,0.0,0.0,0.0,0.0,0.0,0.0,0.0,0.0,0.0,10.727060546087053,16.896922926320045,17.727028871284006,0.0,0,14.990186029001052,/tmp/nussbaum_sine_15hz_amp10_optuna_v5_runs/optuna_t0022_r01.csv,,"{""alpha"": 7.11, ""amplitude_deg"": 10.0, ""baudrate"": 1000000.0, ""command_sign"": -1.0, ""control_output_scale"": 1.0, ""current_bias_raw"": -0.10720513095611509, ""current_limit_raw"": 0.0, ""default_mode"": 3.0, ""device"": ""/dev/ttyAMA0"", ""disable_anti_windup"": false, ""disable_freeze_nn_on_saturation"": false, ""disable_freeze_zeta_on_saturation"": false, ""disturb_interval_sec"": 30.0, ""disturb_jitter_sec"": 3.0, ""disturb_mode"": ""mixed"", ""disturb_seed"": -1.0, ""disturbance_placement"": ""mid_move"", ""duration"": 14.0, ""dxl_id"": 6.0, ""enable_disturbance"": false, ""frequency_hz"": 1.5, ""fric_coulomb"": 0.006, ""fric_vel_scale"": 0.862, ""gamma_adapt"": 8.72, ""gamma_link"": 0.993, ""integral_limit"": 0.55, ""k_delta"": 0.099, ""max_abs_e_dot"": 6.0, ""max_control"": 0.034973598793999514, ""max_current_raw"": 25.0, ""max_current_slew"": 40.65731898218052, ""mid_disturbance_offset_sec"": 0.0, ""no_set_current_mode"": false, ""predict_horizon_sec"": 0.0030557661141849784, ""pulse_current_raw_max"": 12.0, ""pulse_current_raw_min"": 4.0, ""pulse_duration_max"": 0.6, ""pulse_duration_min"": 0.15, ""q_abs_guard_deg"": 28.0, ""qd_lpf_alpha"": 0.09407798446363484, ""rate"": 120.0, ""rbf_center_max"": 3.2, ""rbf_center_min"": -3.2, ""rbf_nodes"": 11.0, ""rbf_width"": 1.463, ""ref_jump_deg_max"": 8.0, ""ref_jump_deg_min"": 2.0, ""ref_jump_duration_max"": 0.6, ""ref_jump_duration_min"": 0.15, ""reference_shape"": ""sine"", ""reset_zeta_after_motion"": false, ""reset_zeta_on_segment"": false, ""restore_mode"": false, ""sigma_mod"": 0.246, ""sine_center_mode"": ""lock"", ""soft_start_sec"": 1.5, ""step_absolute_target_deg"": null, ""step_absolute_target_rad"": null, ""step_delta_deg"": 40.0, ""step_ramp_sec"": 1.0, ""step_segment_sec"": 1.5, ""step_sequence_deg"": """", ""step_shape"": ""smoothstep"", ""step_start_sec"": 0.0, ""tail_err_full_deg"": 2.0, ""tail_err_thresh_deg"": 0.8, ""tail_kd"": 0.0014598205875807936, ""tail_kp"": 0.0, ""tail_max_control_boost"": 0.0, ""tail_u_max"": 0.0, ""torque_to_current"": 210.0, ""zeta0"": 0.886, ""zeta_leak"": 0.078948087456336, ""zeta_reset_delay_sec"": 0.0, ""zeta_reset_value"": null, ""zeta_soft"": 0.9329249810940355}"
22,2,1.0,66.79241052421139,1680.0,13.991754,10.195616450128473,11.659260180136808,17.338921826595456,22.99212214208072,1.0101352934037073,0.0,0.13686540476190479,0.9454306256109856,0.8936531098,0.886,0.8936531098,0.007653109800000002,0.0005466507014285715,0.002912017499999996,0.0272428311,0.0,0.0,0.0,0.0,0.0,0.0,0.0,0.0,0.0,0.0,0.0,0.0,0.0,0.0,0.0,0.0,10.736417459180403,16.888939359904665,17.372584854893905,0.0,0,15.131503213999167,/tmp/nussbaum_sine_15hz_amp10_optuna_v5_runs/optuna_t0022_r02.csv,,"{""alpha"": 7.11, ""amplitude_deg"": 10.0, ""baudrate"": 1000000.0, ""command_sign"": -1.0, ""control_output_scale"": 1.0, ""current_bias_raw"": -0.10720513095611509, ""current_limit_raw"": 0.0, ""default_mode"": 3.0, ""device"": ""/dev/ttyAMA0"", ""disable_anti_windup"": false, ""disable_freeze_nn_on_saturation"": false, ""disable_freeze_zeta_on_saturation"": false, ""disturb_interval_sec"": 30.0, ""disturb_jitter_sec"": 3.0, ""disturb_mode"": ""mixed"", ""disturb_seed"": -1.0, ""disturbance_placement"": ""mid_move"", ""duration"": 14.0, ""dxl_id"": 6.0, ""enable_disturbance"": false, ""frequency_hz"": 1.5, ""fric_coulomb"": 0.006, ""fric_vel_scale"": 0.862, ""gamma_adapt"": 8.72, ""gamma_link"": 0.993, ""integral_limit"": 0.55, ""k_delta"": 0.099, ""max_abs_e_dot"": 6.0, ""max_control"": 0.034973598793999514, ""max_current_raw"": 25.0, ""max_current_slew"": 40.65731898218052, ""mid_disturbance_offset_sec"": 0.0, ""no_set_current_mode"": false, ""predict_horizon_sec"": 0.0030557661141849784, ""pulse_current_raw_max"": 12.0, ""pulse_current_raw_min"": 4.0, ""pulse_duration_max"": 0.6, ""pulse_duration_min"": 0.15, ""q_abs_guard_deg"": 28.0, ""qd_lpf_alpha"": 0.09407798446363484, ""rate"": 120.0, ""rbf_center_max"": 3.2, ""rbf_center_min"": -3.2, ""rbf_nodes"": 11.0, ""rbf_width"": 1.463, ""ref_jump_deg_max"": 8.0, ""ref_jump_deg_min"": 2.0, ""ref_jump_duration_max"": 0.6, ""ref_jump_duration_min"": 0.15, ""reference_shape"": ""sine"", ""reset_zeta_after_motion"": false, ""reset_zeta_on_segment"": false, ""restore_mode"": false, ""sigma_mod"": 0.246, ""sine_center_mode"": ""lock"", ""soft_start_sec"": 1.5, ""step_absolute_target_deg"": null, ""step_absolute_target_rad"": null, ""step_delta_deg"": 40.0, ""step_ramp_sec"": 1.0, ""step_segment_sec"": 1.5, ""step_sequence_deg"": """", ""step_shape"": ""smoothstep"", ""step_start_sec"": 0.0, ""tail_err_full_deg"": 2.0, ""tail_err_thresh_deg"": 0.8, ""tail_kd"": 0.0014598205875807936, ""tail_kp"": 0.0, ""tail_max_control_boost"": 0.0, ""tail_u_max"": 0.0, ""torque_to_current"": 210.0, ""zeta0"": 0.886, ""zeta_leak"": 0.078948087456336, ""zeta_reset_delay_sec"": 0.0, ""zeta_reset_value"": null, ""zeta_soft"": 0.9329249810940355}"
23,1,1.0,67.09614670455032,1680.0,13.991752,10.243894992902074,11.696455195768733,17.329555466362095,23.62481719302208,1.0148069783075588,0.0,0.13663014285714287,0.9450101532869069,0.8933656705,0.886,0.8933656705,0.007365670500000032,0.0005261193230357142,0.002488310154999995,0.0255736204,0.0,0.0,0.0,0.0,0.0,0.0,0.0,0.0,0.0,0.0,0.0,0.0,0.0,0.0,0.0,0.0,10.678665033606057,16.784582030310904,17.727500066045145,0.0,0,14.993076843000381,/tmp/nussbaum_sine_15hz_amp10_optuna_v5_runs/optuna_t0023_r01.csv,,"{""alpha"": 7.11, ""amplitude_deg"": 10.0, ""baudrate"": 1000000.0, ""command_sign"": -1.0, ""control_output_scale"": 1.0, ""current_bias_raw"": -0.10774641367596624, ""current_limit_raw"": 0.0, ""default_mode"": 3.0, ""device"": ""/dev/ttyAMA0"", ""disable_anti_windup"": false, ""disable_freeze_nn_on_saturation"": false, ""disable_freeze_zeta_on_saturation"": false, ""disturb_interval_sec"": 30.0, ""disturb_jitter_sec"": 3.0, ""disturb_mode"": ""mixed"", ""disturb_seed"": -1.0, ""disturbance_placement"": ""mid_move"", ""duration"": 14.0, ""dxl_id"": 6.0, ""enable_disturbance"": false, ""frequency_hz"": 1.5, ""fric_coulomb"": 0.006, ""fric_vel_scale"": 0.862, ""gamma_adapt"": 8.72, ""gamma_link"": 0.993, ""integral_limit"": 0.55, ""k_delta"": 0.099, ""max_abs_e_dot"": 6.0, ""max_control"": 0.03494395144065219, ""max_current_raw"": 25.0, ""max_current_slew"": 40.58546876204246, ""mid_disturbance_offset_sec"": 0.0, ""no_set_current_mode"": false, ""predict_horizon_sec"": 0.0031780836260958505, ""pulse_current_raw_max"": 12.0, ""pulse_current_raw_min"": 4.0, ""pulse_duration_max"": 0.6, ""pulse_duration_min"": 0.15, ""q_abs_guard_deg"": 28.0, ""qd_lpf_alpha"": 0.09427413696805137, ""rate"": 120.0, ""rbf_center_max"": 3.2, ""rbf_center_min"": -3.2, ""rbf_nodes"": 11.0, ""rbf_width"": 1.463, ""ref_jump_deg_max"": 8.0, ""ref_jump_deg_min"": 2.0, ""ref_jump_duration_max"": 0.6, ""ref_jump_duration_min"": 0.15, ""reference_shape"": ""sine"", ""reset_zeta_after_motion"": false, ""reset_zeta_on_segment"": false, ""restore_mode"": false, ""sigma_mod"": 0.246, ""sine_center_mode"": ""lock"", ""soft_start_sec"": 1.5, ""step_absolute_target_deg"": null, ""step_absolute_target_rad"": null, ""step_delta_deg"": 40.0, ""step_ramp_sec"": 1.0, ""step_segment_sec"": 1.5, ""step_sequence_deg"": """", ""step_shape"": ""smoothstep"", ""step_start_sec"": 0.0, ""tail_err_full_deg"": 2.0, ""tail_err_thresh_deg"": 0.8, ""tail_kd"": 0.001376557162094171, ""tail_kp"": 0.0, ""tail_max_control_boost"": 0.0, ""tail_u_max"": 0.0, ""torque_to_current"": 210.0, ""zeta0"": 0.886, ""zeta_leak"": 0.07942701747759064, ""zeta_reset_delay_sec"": 0.0, ""zeta_reset_value"": null, ""zeta_soft"": 0.9331694754869728}"
23,2,1.0,67.21626535689714,1680.0,13.991760000000001,10.286289532949178,11.74389843628171,17.33146234352937,23.09795293577706,1.0192582709569575,0.0,0.13648940476190477,0.9460930305732317,0.8939441421,0.886,0.8939441421,0.00794414209999994,0.000567438720654762,0.003018556039999994,0.0274965184,0.0,0.0,0.0,0.0,0.0,0.0,0.0,0.0,0.0,0.0,0.0,0.0,0.0,0.0,0.0,0.0,10.872635098935353,16.99902886867812,17.63940198379258,0.0,0,15.03236575000119,/tmp/nussbaum_sine_15hz_amp10_optuna_v5_runs/optuna_t0023_r02.csv,,"{""alpha"": 7.11, ""amplitude_deg"": 10.0, ""baudrate"": 1000000.0, ""command_sign"": -1.0, ""control_output_scale"": 1.0, ""current_bias_raw"": -0.10774641367596624, ""current_limit_raw"": 0.0, ""default_mode"": 3.0, ""device"": ""/dev/ttyAMA0"", ""disable_anti_windup"": false, ""disable_freeze_nn_on_saturation"": false, ""disable_freeze_zeta_on_saturation"": false, ""disturb_interval_sec"": 30.0, ""disturb_jitter_sec"": 3.0, ""disturb_mode"": ""mixed"", ""disturb_seed"": -1.0, ""disturbance_placement"": ""mid_move"", ""duration"": 14.0, ""dxl_id"": 6.0, ""enable_disturbance"": false, ""frequency_hz"": 1.5, ""fric_coulomb"": 0.006, ""fric_vel_scale"": 0.862, ""gamma_adapt"": 8.72, ""gamma_link"": 0.993, ""integral_limit"": 0.55, ""k_delta"": 0.099, ""max_abs_e_dot"": 6.0, ""max_control"": 0.03494395144065219, ""max_current_raw"": 25.0, ""max_current_slew"": 40.58546876204246, ""mid_disturbance_offset_sec"": 0.0, ""no_set_current_mode"": false, ""predict_horizon_sec"": 0.0031780836260958505, ""pulse_current_raw_max"": 12.0, ""pulse_current_raw_min"": 4.0, ""pulse_duration_max"": 0.6, ""pulse_duration_min"": 0.15, ""q_abs_guard_deg"": 28.0, ""qd_lpf_alpha"": 0.09427413696805137, ""rate"": 120.0, ""rbf_center_max"": 3.2, ""rbf_center_min"": -3.2, ""rbf_nodes"": 11.0, ""rbf_width"": 1.463, ""ref_jump_deg_max"": 8.0, ""ref_jump_deg_min"": 2.0, ""ref_jump_duration_max"": 0.6, ""ref_jump_duration_min"": 0.15, ""reference_shape"": ""sine"", ""reset_zeta_after_motion"": false, ""reset_zeta_on_segment"": false, ""restore_mode"": false, ""sigma_mod"": 0.246, ""sine_center_mode"": ""lock"", ""soft_start_sec"": 1.5, ""step_absolute_target_deg"": null, ""step_absolute_target_rad"": null, ""step_delta_deg"": 40.0, ""step_ramp_sec"": 1.0, ""step_segment_sec"": 1.5, ""step_sequence_deg"": """", ""step_shape"": ""smoothstep"", ""step_start_sec"": 0.0, ""tail_err_full_deg"": 2.0, ""tail_err_thresh_deg"": 0.8, ""tail_kd"": 0.001376557162094171, ""tail_kp"": 0.0, ""tail_max_control_boost"": 0.0, ""tail_u_max"": 0.0, ""torque_to_current"": 210.0, ""zeta0"": 0.886, ""zeta_leak"": 0.07942701747759064, ""zeta_reset_delay_sec"": 0.0, ""zeta_reset_value"": null, ""zeta_soft"": 0.9331694754869728}"
