trial_number,repeat,ok,score,samples,duration_s,mean_abs_e_deg,rms_e_deg,p95_abs_e_deg,max_abs_e_deg,span_ratio,sat_ratio,effort_ratio,u_activity_ratio,zeta_abs_max,zeta_start,zeta_end,zeta_growth,zeta_dot_mean,zeta_dot_p95,zeta_dot_abs_max,low_speed_frac,low_speed_qd_rms_deg_s,low_speed_sign_rate_hz,step_settle_segments,step_settle_pp_deg,step_settle_std_deg,step_settle_extrema_rate_hz,hold_segments,hold_mean_abs_e_deg,hold_p95_abs_e_deg,hold_max_abs_e_deg,upstep_segments,upstep_hold_mean_abs_e_deg,upstep_hold_p95_abs_e_deg,upstep_peak_shortfall_deg,upstep_peak_overshoot_deg,tail_mean_abs_e_deg,tail_p95_abs_e_deg,tail_max_abs_e_deg,tail_sat_ratio,returncode,elapsed_s,csv_path,error,params_json
0,1,1.0,1000015.5052230327,1200.0,9.991741000000001,8.28270903212477,9.534755841835345,15.881741426052749,21.290773599043952,0.534494776967359,0.0,0.09072010057471265,0.8349040001727217,1.1472316204,0.885692967,1.1472316204,0.26153865339999993,0.02615386533916667,0.172100809345,0.7832183724,0.0,0.0,0.0,0.0,0.0,0.0,0.0,0.0,0.0,0.0,0.0,0.0,0.0,0.0,0.0,0.0,8.143402247265357,14.282957523066251,15.890237379743468,0.0,0,11.108530363999307,/tmp/nussbaum_sine_3hz_struct_runs/optuna_t0000_r01.csv,,"{""alpha"": 8.300274954776523, ""amplitude_deg"": 10.0, ""baudrate"": 1000000.0, ""command_sign"": -1.0, ""control_output_scale"": 1.0, ""current_bias_raw"": -1.7545357628721638, ""current_limit_raw"": 0.0, ""default_mode"": 3.0, ""device"": ""/dev/ttyAMA0"", ""disable_anti_windup"": false, ""disable_freeze_nn_on_saturation"": false, ""disable_freeze_zeta_on_saturation"": false, ""disturb_interval_sec"": 30.0, ""disturb_jitter_sec"": 3.0, ""disturb_mode"": ""mixed"", ""disturb_seed"": -1.0, ""disturbance_placement"": ""mid_move"", ""duration"": 10.0, ""dxl_id"": 6.0, ""enable_disturbance"": false, ""frequency_hz"": 3.0, ""fric_coulomb"": 0.01934008629077797, ""fric_vel_scale"": 0.5048999017302063, ""gamma_adapt"": 11.677856605180358, ""gamma_link"": 0.81611434777102, ""integral_limit"": 1.6504936083, ""k_delta"": 0.11231149738342545, ""max_abs_e_dot"": 10.0, ""max_control"": 0.14068873322186343, ""max_current_raw"": 58.0, ""max_current_slew"": 123.67979333652362, ""mid_disturbance_offset_sec"": 0.0, ""no_set_current_mode"": false, ""predict_horizon_sec"": 0.0024812243790221654, ""pulse_current_raw_max"": 12.0, ""pulse_current_raw_min"": 4.0, ""pulse_duration_max"": 0.6, ""pulse_duration_min"": 0.15, ""q_abs_guard_deg"": 35.0, ""qd_lpf_alpha"": 0.03033150877948476, ""rate"": 120.0, ""rbf_center_max"": 3.2, ""rbf_center_min"": -3.2, ""rbf_nodes"": 11.0, ""rbf_width"": 0.7190731790942894, ""ref_jump_deg_max"": 8.0, ""ref_jump_deg_min"": 2.0, ""ref_jump_duration_max"": 0.6, ""ref_jump_duration_min"": 0.15, ""reference_shape"": ""sine"", ""reset_zeta_after_motion"": false, ""reset_zeta_on_segment"": false, ""restore_mode"": false, ""sigma_mod"": 0.3473297162072675, ""sine_center_mode"": ""lock"", ""soft_start_sec"": 0.5, ""step_absolute_target_deg"": null, ""step_absolute_target_rad"": null, ""step_delta_deg"": 40.0, ""step_ramp_sec"": 1.0, ""step_segment_sec"": 1.5, ""step_sequence_deg"": """", ""step_shape"": ""smoothstep"", ""step_start_sec"": 0.0, ""tail_err_full_deg"": 4.0, ""tail_err_thresh_deg"": 1.5, ""tail_kd"": 0.05214415491621938, ""tail_kp"": 0.0, ""tail_max_control_boost"": 0.0, ""tail_u_max"": 0.0, ""torque_to_current"": 210.0, ""zeta0"": 0.885692967, ""zeta_leak"": 0.042849031809197906, ""zeta_reset_delay_sec"": 0.0, ""zeta_reset_value"": null, ""zeta_soft"": 1.0661079142557852}"
1,1,0.0,1000000.0,0.0,0.0,inf,inf,inf,inf,0.0,1.0,1.0,0.0,0.0,0.0,0.0,0.0,0.0,0.0,0.0,0.0,0.0,0.0,0.0,0.0,0.0,0.0,0.0,0.0,0.0,0.0,0.0,0.0,0.0,0.0,0.0,inf,inf,inf,1.0,1,3.5842662760005624,/tmp/nussbaum_sine_3hz_struct_runs/optuna_t0001_r01.csv,[DBG] t=   1.00s e= 11.37deg u=-0.2989 u_aux=-0.0790 u_rob=-0.0000 u_fric= 0.0028 ta=1.00 cmd=  -5.19 slewB=1.00 raw q= 128.14deg | [DBG] t=   2.00s e=  2.36deg u= 0.1745 u_aux=-0.0744 u_rob=-0.0000 u_fric= 0.0028 ta=0.27 cmd=  -6.44 slewB=1.00 raw q= 137.11deg | [ERROR] q guard hit: |q-q_center|=35.16 deg > 35.00,"{""alpha"": 4.751661601042493, ""amplitude_deg"": 10.0, ""baudrate"": 1000000.0, ""command_sign"": -1.0, ""control_output_scale"": 1.0, ""current_bias_raw"": -0.030557186428283423, ""current_limit_raw"": 0.0, ""default_mode"": 3.0, ""device"": ""/dev/ttyAMA0"", ""disable_anti_windup"": false, ""disable_freeze_nn_on_saturation"": false, ""disable_freeze_zeta_on_saturation"": false, ""disturb_interval_sec"": 30.0, ""disturb_jitter_sec"": 3.0, ""disturb_mode"": ""mixed"", ""disturb_seed"": -1.0, ""disturbance_placement"": ""mid_move"", ""duration"": 10.0, ""dxl_id"": 6.0, ""enable_disturbance"": false, ""frequency_hz"": 3.0, ""fric_coulomb"": 0.0027682272723631796, ""fric_vel_scale"": 0.6919983101242363, ""gamma_adapt"": 11.378025876502056, ""gamma_link"": 1.10260938666132, ""integral_limit"": 1.6504936083, ""k_delta"": 0.18939374285489222, ""max_abs_e_dot"": 10.0, ""max_control"": 0.2988840428804469, ""max_current_raw"": 63.0, ""max_current_slew"": 207.8948977358634, ""mid_disturbance_offset_sec"": 0.0, ""no_set_current_mode"": false, ""predict_horizon_sec"": 0.004413707762687322, ""pulse_current_raw_max"": 12.0, ""pulse_current_raw_min"": 4.0, ""pulse_duration_max"": 0.6, ""pulse_duration_min"": 0.15, ""q_abs_guard_deg"": 35.0, ""qd_lpf_alpha"": 0.024673670895333587, ""rate"": 120.0, ""rbf_center_max"": 3.2, ""rbf_center_min"": -3.2, ""rbf_nodes"": 11.0, ""rbf_width"": 0.6649826129038316, ""ref_jump_deg_max"": 8.0, ""ref_jump_deg_min"": 2.0, ""ref_jump_duration_max"": 0.6, ""ref_jump_duration_min"": 0.15, ""reference_shape"": ""sine"", ""reset_zeta_after_motion"": false, ""reset_zeta_on_segment"": false, ""restore_mode"": false, ""sigma_mod"": 0.12821951897908065, ""sine_center_mode"": ""lock"", ""soft_start_sec"": 0.5, ""step_absolute_target_deg"": null, ""step_absolute_target_rad"": null, ""step_delta_deg"": 40.0, ""step_ramp_sec"": 1.0, ""step_segment_sec"": 1.5, ""step_sequence_deg"": """", ""step_shape"": ""smoothstep"", ""step_start_sec"": 0.0, ""tail_err_full_deg"": 4.0, ""tail_err_thresh_deg"": 1.5, ""tail_kd"": 0.021338750264845583, ""tail_kp"": 0.0, ""tail_max_control_boost"": 0.0, ""tail_u_max"": 0.0, ""torque_to_current"": 210.0, ""zeta0"": 0.885692967, ""zeta_leak"": 0.02493534460802043, ""zeta_reset_delay_sec"": 0.0, ""zeta_reset_value"": null, ""zeta_soft"": 0.899299503203019}"
2,1,1.0,1000002.8767633591,1200.0,9.991745,9.626421078411658,11.108945603781216,18.062093743617847,28.287676335903413,0.8279973788677099,0.0,0.1269171458333333,0.8792769224980126,1.0461424241,0.8856759668,1.0461424241,0.16046645729999987,0.016044945705833334,0.13180077314,0.2687649424,0.0,0.0,0.0,0.0,0.0,0.0,0.0,0.0,0.0,0.0,0.0,0.0,0.0,0.0,0.0,0.0,9.43801914246249,16.23310874932385,17.828057212955652,0.0,0,11.35073473400007,/tmp/nussbaum_sine_3hz_struct_runs/optuna_t0002_r01.csv,,"{""alpha"": 6.189053514075945, ""amplitude_deg"": 10.0, ""baudrate"": 1000000.0, ""command_sign"": -1.0, ""control_output_scale"": 1.0, ""current_bias_raw"": -1.2318259328181087, ""current_limit_raw"": 0.0, ""default_mode"": 3.0, ""device"": ""/dev/ttyAMA0"", ""disable_anti_windup"": false, ""disable_freeze_nn_on_saturation"": false, ""disable_freeze_zeta_on_saturation"": false, ""disturb_interval_sec"": 30.0, ""disturb_jitter_sec"": 3.0, ""disturb_mode"": ""mixed"", ""disturb_seed"": -1.0, ""disturbance_placement"": ""mid_move"", ""duration"": 10.0, ""dxl_id"": 6.0, ""enable_disturbance"": false, ""frequency_hz"": 3.0, ""fric_coulomb"": 0.0008672589261811647, ""fric_vel_scale"": 0.4251446436654701, ""gamma_adapt"": 9.35437613264531, ""gamma_link"": 0.8510408280957086, ""integral_limit"": 1.6504936083, ""k_delta"": 0.16970822798585056, ""max_abs_e_dot"": 10.0, ""max_control"": 0.13721792222406784, ""max_current_raw"": 80.0, ""max_current_slew"": 238.92382042509215, ""mid_disturbance_offset_sec"": 0.0, ""no_set_current_mode"": false, ""predict_horizon_sec"": 0.0009812301912266452, ""pulse_current_raw_max"": 12.0, ""pulse_current_raw_min"": 4.0, ""pulse_duration_max"": 0.6, ""pulse_duration_min"": 0.15, ""q_abs_guard_deg"": 35.0, ""qd_lpf_alpha"": 0.049633435468005443, ""rate"": 120.0, ""rbf_center_max"": 3.2, ""rbf_center_min"": -3.2, ""rbf_nodes"": 11.0, ""rbf_width"": 0.7860641367780199, ""ref_jump_deg_max"": 8.0, ""ref_jump_deg_min"": 2.0, ""ref_jump_duration_max"": 0.6, ""ref_jump_duration_min"": 0.15, ""reference_shape"": ""sine"", ""reset_zeta_after_motion"": false, ""reset_zeta_on_segment"": false, ""restore_mode"": false, ""sigma_mod"": 0.16937849265541183, ""sine_center_mode"": ""lock"", ""soft_start_sec"": 0.5, ""step_absolute_target_deg"": null, ""step_absolute_target_rad"": null, ""step_delta_deg"": 40.0, ""step_ramp_sec"": 1.0, ""step_segment_sec"": 1.5, ""step_sequence_deg"": """", ""step_shape"": ""smoothstep"", ""step_start_sec"": 0.0, ""tail_err_full_deg"": 4.0, ""tail_err_thresh_deg"": 1.5, ""tail_kd"": 0.034641143306177916, ""tail_kp"": 0.0, ""tail_max_control_boost"": 0.0, ""tail_u_max"": 0.0, ""torque_to_current"": 210.0, ""zeta0"": 0.885692967, ""zeta_leak"": 0.030177234546698576, ""zeta_reset_delay_sec"": 0.0, ""zeta_reset_value"": null, ""zeta_soft"": 0.8180529112041608}"
3,1,1.0,1000042.6512758706,1200.0,9.992073,8.917917471062495,10.10521578366675,14.796717807823635,23.698092948787853,0.5073487241294067,0.0,0.17023096296296297,0.9800660725447664,0.8927912103,0.885692967,0.8927912103,0.007098243299999973,0.000709824328,0.0,0.0570281687,0.0,0.0,0.0,0.0,0.0,0.0,0.0,0.0,0.0,0.0,0.0,0.0,0.0,0.0,0.0,0.0,9.053353431356014,14.324618499020739,16.61619092607417,0.0,0,11.087372586000129,/tmp/nussbaum_sine_3hz_struct_runs/optuna_t0003_r01.csv,,"{""alpha"": 12.704619186231364, ""amplitude_deg"": 10.0, ""baudrate"": 1000000.0, ""command_sign"": -1.0, ""control_output_scale"": 1.0, ""current_bias_raw"": 0.544965453944644, ""current_limit_raw"": 0.0, ""default_mode"": 3.0, ""device"": ""/dev/ttyAMA0"", ""disable_anti_windup"": false, ""disable_freeze_nn_on_saturation"": false, ""disable_freeze_zeta_on_saturation"": false, ""disturb_interval_sec"": 30.0, ""disturb_jitter_sec"": 3.0, ""disturb_mode"": ""mixed"", ""disturb_seed"": -1.0, ""disturbance_placement"": ""mid_move"", ""duration"": 10.0, ""dxl_id"": 6.0, ""enable_disturbance"": false, ""frequency_hz"": 3.0, ""fric_coulomb"": 0.016647270941683657, ""fric_vel_scale"": 0.5394501070866832, ""gamma_adapt"": 8.636932986156873, ""gamma_link"": 1.018693113944948, ""integral_limit"": 1.6504936083, ""k_delta"": 0.12508458450703316, ""max_abs_e_dot"": 10.0, ""max_control"": 0.15289812627385074, ""max_current_raw"": 45.0, ""max_current_slew"": 179.6825330223259, ""mid_disturbance_offset_sec"": 0.0, ""no_set_current_mode"": false, ""predict_horizon_sec"": 0.0026100162658378753, ""pulse_current_raw_max"": 12.0, ""pulse_current_raw_min"": 4.0, ""pulse_duration_max"": 0.6, ""pulse_duration_min"": 0.15, ""q_abs_guard_deg"": 35.0, ""qd_lpf_alpha"": 0.05496399748417999, ""rate"": 120.0, ""rbf_center_max"": 3.2, ""rbf_center_min"": -3.2, ""rbf_nodes"": 11.0, ""rbf_width"": 2.192646346044436, ""ref_jump_deg_max"": 8.0, ""ref_jump_deg_min"": 2.0, ""ref_jump_duration_max"": 0.6, ""ref_jump_duration_min"": 0.15, ""reference_shape"": ""sine"", ""reset_zeta_after_motion"": false, ""reset_zeta_on_segment"": false, ""restore_mode"": false, ""sigma_mod"": 0.22920455062468753, ""sine_center_mode"": ""lock"", ""soft_start_sec"": 0.5, ""step_absolute_target_deg"": null, ""step_absolute_target_rad"": null, ""step_delta_deg"": 40.0, ""step_ramp_sec"": 1.0, ""step_segment_sec"": 1.5, ""step_sequence_deg"": """", ""step_shape"": ""smoothstep"", ""step_start_sec"": 0.0, ""tail_err_full_deg"": 4.0, ""tail_err_thresh_deg"": 1.5, ""tail_kd"": 0.015165090609538048, ""tail_kp"": 0.0, ""tail_max_control_boost"": 0.0, ""tail_u_max"": 0.0, ""torque_to_current"": 210.0, ""zeta0"": 0.885692967, ""zeta_leak"": 0.001382761504532457, ""zeta_reset_delay_sec"": 0.0, ""zeta_reset_value"": null, ""zeta_soft"": 1.0942174872169856}"
4,1,1.0,1000096.0650288619,1200.0,9.991787,7.425569504827032,8.482264105264367,13.147956107295311,19.616233315793433,0.453934971138134,0.0,0.05154490049751244,0.8486128828954539,1.2212892215,0.8856929543,1.2212892215,0.3355962672,0.03355962545133333,0.23184240618499993,0.5170245848,0.0,0.0,0.0,0.0,0.0,0.0,0.0,0.0,0.0,0.0,0.0,0.0,0.0,0.0,0.0,0.0,7.234858570823894,13.061713555737773,13.62595701230891,0.0,0,11.10432056800073,/tmp/nussbaum_sine_3hz_struct_runs/optuna_t0004_r01.csv,,"{""alpha"": 2.331007298628057, ""amplitude_deg"": 10.0, ""baudrate"": 1000000.0, ""command_sign"": -1.0, ""control_output_scale"": 1.0, ""current_bias_raw"": -0.47338969506910455, ""current_limit_raw"": 0.0, ""default_mode"": 3.0, ""device"": ""/dev/ttyAMA0"", ""disable_anti_windup"": false, ""disable_freeze_nn_on_saturation"": false, ""disable_freeze_zeta_on_saturation"": false, ""disturb_interval_sec"": 30.0, ""disturb_jitter_sec"": 3.0, ""disturb_mode"": ""mixed"", ""disturb_seed"": -1.0, ""disturbance_placement"": ""mid_move"", ""duration"": 10.0, ""dxl_id"": 6.0, ""enable_disturbance"": false, ""frequency_hz"": 3.0, ""fric_coulomb"": 0.00949704746128178, ""fric_vel_scale"": 0.4821903467141304, ""gamma_adapt"": 6.481384395678718, ""gamma_link"": 1.083858379557227, ""integral_limit"": 1.6504936083, ""k_delta"": 0.1929429276786957, ""max_abs_e_dot"": 10.0, ""max_control"": 0.1652140077151124, ""max_current_raw"": 67.0, ""max_current_slew"": 76.30607724783286, ""mid_disturbance_offset_sec"": 0.0, ""no_set_current_mode"": false, ""predict_horizon_sec"": 0.004308189554750518, ""pulse_current_raw_max"": 12.0, ""pulse_current_raw_min"": 4.0, ""pulse_duration_max"": 0.6, ""pulse_duration_min"": 0.15, ""q_abs_guard_deg"": 35.0, ""qd_lpf_alpha"": 0.02979616140707548, ""rate"": 120.0, ""rbf_center_max"": 3.2, ""rbf_center_min"": -3.2, ""rbf_nodes"": 11.0, ""rbf_width"": 0.6022768921599781, ""ref_jump_deg_max"": 8.0, ""ref_jump_deg_min"": 2.0, ""ref_jump_duration_max"": 0.6, ""ref_jump_duration_min"": 0.15, ""reference_shape"": ""sine"", ""reset_zeta_after_motion"": false, ""reset_zeta_on_segment"": false, ""restore_mode"": false, ""sigma_mod"": 0.14137632440701778, ""sine_center_mode"": ""lock"", ""soft_start_sec"": 0.5, ""step_absolute_target_deg"": null, ""step_absolute_target_rad"": null, ""step_delta_deg"": 40.0, ""step_ramp_sec"": 1.0, ""step_segment_sec"": 1.5, ""step_sequence_deg"": """", ""step_shape"": ""smoothstep"", ""step_start_sec"": 0.0, ""tail_err_full_deg"": 4.0, ""tail_err_thresh_deg"": 1.5, ""tail_kd"": 0.024720985974278655, ""tail_kp"": 0.0, ""tail_max_control_boost"": 0.0, ""tail_u_max"": 0.0, ""torque_to_current"": 210.0, ""zeta0"": 0.885692967, ""zeta_leak"": 0.0017103490228880958, ""zeta_reset_delay_sec"": 0.0, ""zeta_reset_value"": null, ""zeta_soft"": 0.8848044443479756}"
5,1,0.0,1000000.0,0.0,0.0,inf,inf,inf,inf,0.0,1.0,1.0,0.0,0.0,0.0,0.0,0.0,0.0,0.0,0.0,0.0,0.0,0.0,0.0,0.0,0.0,0.0,0.0,0.0,0.0,0.0,0.0,0.0,0.0,0.0,0.0,inf,inf,inf,1.0,1,9.196120308999525,/tmp/nussbaum_sine_3hz_struct_runs/optuna_t0005_r01.csv,[DBG] t=   7.00s e=  3.38deg u=-0.2040 u_aux=-0.0844 u_rob=-0.0000 u_fric= 0.0143 ta=0.84 cmd=   1.36 slewB=1.00 raw q= 136.58deg | [DBG] t=   8.00s e= 28.86deg u= 0.2040 u_aux=-0.1054 u_rob=-0.0000 u_fric= 0.0143 ta=1.00 cmd= -17.61 slewB=1.00 raw q= 111.18deg | [ERROR] q guard hit: |q-q_center|=35.60 deg > 35.00,"{""alpha"": 20.796238222318202, ""amplitude_deg"": 10.0, ""baudrate"": 1000000.0, ""command_sign"": -1.0, ""control_output_scale"": 1.0, ""current_bias_raw"": -0.1408086269835902, ""current_limit_raw"": 0.0, ""default_mode"": 3.0, ""device"": ""/dev/ttyAMA0"", ""disable_anti_windup"": false, ""disable_freeze_nn_on_saturation"": false, ""disable_freeze_zeta_on_saturation"": false, ""disturb_interval_sec"": 30.0, ""disturb_jitter_sec"": 3.0, ""disturb_mode"": ""mixed"", ""disturb_seed"": -1.0, ""disturbance_placement"": ""mid_move"", ""duration"": 10.0, ""dxl_id"": 6.0, ""enable_disturbance"": false, ""frequency_hz"": 3.0, ""fric_coulomb"": 0.014278580365059195, ""fric_vel_scale"": 0.5176672390356994, ""gamma_adapt"": 16.438330885273636, ""gamma_link"": 0.89027706548115, ""integral_limit"": 1.6504936083, ""k_delta"": 0.19068317405652369, ""max_abs_e_dot"": 10.0, ""max_control"": 0.20401595396050992, ""max_current_raw"": 72.0, ""max_current_slew"": 136.5367932979526, ""mid_disturbance_offset_sec"": 0.0, ""no_set_current_mode"": false, ""predict_horizon_sec"": 0.0022524451416861316, ""pulse_current_raw_max"": 12.0, ""pulse_current_raw_min"": 4.0, ""pulse_duration_max"": 0.6, ""pulse_duration_min"": 0.15, ""q_abs_guard_deg"": 35.0, ""qd_lpf_alpha"": 0.04770871410432871, ""rate"": 120.0, ""rbf_center_max"": 3.2, ""rbf_center_min"": -3.2, ""rbf_nodes"": 11.0, ""rbf_width"": 0.7118309343508515, ""ref_jump_deg_max"": 8.0, ""ref_jump_deg_min"": 2.0, ""ref_jump_duration_max"": 0.6, ""ref_jump_duration_min"": 0.15, ""reference_shape"": ""sine"", ""reset_zeta_after_motion"": false, ""reset_zeta_on_segment"": false, ""restore_mode"": false, ""sigma_mod"": 0.2348338069093749, ""sine_center_mode"": ""lock"", ""soft_start_sec"": 0.5, ""step_absolute_target_deg"": null, ""step_absolute_target_rad"": null, ""step_delta_deg"": 40.0, ""step_ramp_sec"": 1.0, ""step_segment_sec"": 1.5, ""step_sequence_deg"": """", ""step_shape"": ""smoothstep"", ""step_start_sec"": 0.0, ""tail_err_full_deg"": 4.0, ""tail_err_thresh_deg"": 1.5, ""tail_kd"": 0.025901695232416408, ""tail_kp"": 0.0, ""tail_max_control_boost"": 0.0, ""tail_u_max"": 0.0, ""torque_to_current"": 210.0, ""zeta0"": 0.885692967, ""zeta_leak"": 0.0662446793215017, ""zeta_reset_delay_sec"": 0.0, ""zeta_reset_value"": null, ""zeta_soft"": 0.9116076074805702}"
6,1,1.0,1000163.0650941837,1200.0,9.994929,9.558430718432643,10.936202565232135,17.666602998985418,24.42461089865381,0.6944748301124866,0.0,0.21193541666666665,0.9897070703940569,0.8884325175,0.8856929758,0.8884325175,0.0027395417000000144,0.00027395505458333334,0.0,0.058293273,0.0,0.0,0.0,0.0,0.0,0.0,0.0,0.0,0.0,0.0,0.0,0.0,0.0,0.0,0.0,0.0,9.712777179111091,15.630650941836523,19.113417793165127,0.0,0,11.235090196999408,/tmp/nussbaum_sine_3hz_struct_runs/optuna_t0006_r01.csv,,"{""alpha"": 22.611891390238846, ""amplitude_deg"": 10.0, ""baudrate"": 1000000.0, ""command_sign"": -1.0, ""control_output_scale"": 1.0, ""current_bias_raw"": 0.9368646583539681, ""current_limit_raw"": 0.0, ""default_mode"": 3.0, ""device"": ""/dev/ttyAMA0"", ""disable_anti_windup"": false, ""disable_freeze_nn_on_saturation"": false, ""disable_freeze_zeta_on_saturation"": false, ""disturb_interval_sec"": 30.0, ""disturb_jitter_sec"": 3.0, ""disturb_mode"": ""mixed"", ""disturb_seed"": -1.0, ""disturbance_placement"": ""mid_move"", ""duration"": 10.0, ""dxl_id"": 6.0, ""enable_disturbance"": false, ""frequency_hz"": 3.0, ""fric_coulomb"": 0.007446863466155334, ""fric_vel_scale"": 0.761015296330003, ""gamma_adapt"": 17.889342876138386, ""gamma_link"": 1.1179254759043302, ""integral_limit"": 1.6504936083, ""k_delta"": 0.08823443676575687, ""max_abs_e_dot"": 10.0, ""max_control"": 0.18560311289012196, ""max_current_raw"": 46.0, ""max_current_slew"": 229.63532989046786, ""mid_disturbance_offset_sec"": 0.0, ""no_set_current_mode"": false, ""predict_horizon_sec"": 0.0029210889116101655, ""pulse_current_raw_max"": 12.0, ""pulse_current_raw_min"": 4.0, ""pulse_duration_max"": 0.6, ""pulse_duration_min"": 0.15, ""q_abs_guard_deg"": 35.0, ""qd_lpf_alpha"": 0.028506148704423216, ""rate"": 120.0, ""rbf_center_max"": 3.2, ""rbf_center_min"": -3.2, ""rbf_nodes"": 11.0, ""rbf_width"": 2.0679256401636055, ""ref_jump_deg_max"": 8.0, ""ref_jump_deg_min"": 2.0, ""ref_jump_duration_max"": 0.6, ""ref_jump_duration_min"": 0.15, ""reference_shape"": ""sine"", ""reset_zeta_after_motion"": false, ""reset_zeta_on_segment"": false, ""restore_mode"": false, ""sigma_mod"": 0.18985031363865554, ""sine_center_mode"": ""lock"", ""soft_start_sec"": 0.5, ""step_absolute_target_deg"": null, ""step_absolute_target_rad"": null, ""step_delta_deg"": 40.0, ""step_ramp_sec"": 1.0, ""step_segment_sec"": 1.5, ""step_sequence_deg"": """", ""step_shape"": ""smoothstep"", ""step_start_sec"": 0.0, ""tail_err_full_deg"": 4.0, ""tail_err_thresh_deg"": 1.5, ""tail_kd"": 0.05183332262044452, ""tail_kp"": 0.0, ""tail_max_control_boost"": 0.0, ""tail_u_max"": 0.0, ""torque_to_current"": 210.0, ""zeta0"": 0.885692967, ""zeta_leak"": 0.006274504680266029, ""zeta_reset_delay_sec"": 0.0, ""zeta_reset_value"": null, ""zeta_soft"": 0.9474851367366532}"
7,1,1.0,1000064.6023823372,1200.0,9.991749,9.318051670045485,10.951130470813167,19.748858119529167,34.46023823371718,1.019368827030113,0.0,0.12032748484848485,0.9352575585779734,0.9879917242,0.8856734564,0.9879635113,0.1022900549000001,0.01022705442525,0.06128551211499984,1.0749211717,0.0,0.0,0.0,0.0,0.0,0.0,0.0,0.0,0.0,0.0,0.0,0.0,0.0,0.0,0.0,0.0,8.39064343666537,14.11407316376087,14.737370533731,0.0,0,11.128199937999852,/tmp/nussbaum_sine_3hz_struct_runs/optuna_t0007_r01.csv,,"{""alpha"": 12.048351653469156, ""amplitude_deg"": 10.0, ""baudrate"": 1000000.0, ""command_sign"": -1.0, ""control_output_scale"": 1.0, ""current_bias_raw"": -1.45802063363308, ""current_limit_raw"": 0.0, ""default_mode"": 3.0, ""device"": ""/dev/ttyAMA0"", ""disable_anti_windup"": false, ""disable_freeze_nn_on_saturation"": false, ""disable_freeze_zeta_on_saturation"": false, ""disturb_interval_sec"": 30.0, ""disturb_jitter_sec"": 3.0, ""disturb_mode"": ""mixed"", ""disturb_seed"": -1.0, ""disturbance_placement"": ""mid_move"", ""duration"": 10.0, ""dxl_id"": 6.0, ""enable_disturbance"": false, ""frequency_hz"": 3.0, ""fric_coulomb"": 0.0039005184002717354, ""fric_vel_scale"": 0.4956933460828524, ""gamma_adapt"": 7.1662267940354445, ""gamma_link"": 1.139164424592656, ""integral_limit"": 1.6504936083, ""k_delta"": 0.1164488387939914, ""max_abs_e_dot"": 10.0, ""max_control"": 0.1828941749930864, ""max_current_raw"": 55.0, ""max_current_slew"": 147.54082647423627, ""mid_disturbance_offset_sec"": 0.0, ""no_set_current_mode"": false, ""predict_horizon_sec"": 0.0030632439978244396, ""pulse_current_raw_max"": 12.0, ""pulse_current_raw_min"": 4.0, ""pulse_duration_max"": 0.6, ""pulse_duration_min"": 0.15, ""q_abs_guard_deg"": 35.0, ""qd_lpf_alpha"": 0.02017125905127548, ""rate"": 120.0, ""rbf_center_max"": 3.2, ""rbf_center_min"": -3.2, ""rbf_nodes"": 11.0, ""rbf_width"": 1.2874022122847206, ""ref_jump_deg_max"": 8.0, ""ref_jump_deg_min"": 2.0, ""ref_jump_duration_max"": 0.6, ""ref_jump_duration_min"": 0.15, ""reference_shape"": ""sine"", ""reset_zeta_after_motion"": false, ""reset_zeta_on_segment"": false, ""restore_mode"": false, ""sigma_mod"": 0.22303173654864128, ""sine_center_mode"": ""lock"", ""soft_start_sec"": 0.5, ""step_absolute_target_deg"": null, ""step_absolute_target_rad"": null, ""step_delta_deg"": 40.0, ""step_ramp_sec"": 1.0, ""step_segment_sec"": 1.5, ""step_sequence_deg"": """", ""step_shape"": ""smoothstep"", ""step_start_sec"": 0.0, ""tail_err_full_deg"": 4.0, ""tail_err_thresh_deg"": 1.5, ""tail_kd"": 0.04606701234945708, ""tail_kp"": 0.0, ""tail_max_control_boost"": 0.0, ""tail_u_max"": 0.0, ""torque_to_current"": 210.0, ""zeta0"": 0.885692967, ""zeta_leak"": 0.0782184209820327, ""zeta_reset_delay_sec"": 0.0, ""zeta_reset_value"": null, ""zeta_soft"": 0.8557604916432354}"
8,1,1.0,1000117.7805194069,1200.0,9.991765000000001,10.343332892564723,12.507046080054188,23.16097806062058,35.6480966493319,1.3177805194069032,0.0,0.15480094527363183,0.9274171682128882,0.9772039853,0.885692967,0.9772039853,0.09151101829999997,0.009151101831416666,0.080154705365,0.2840687181,0.0,0.0,0.0,0.0,0.0,0.0,0.0,0.0,0.0,0.0,0.0,0.0,0.0,0.0,0.0,0.0,9.728077776881166,18.195075919178585,21.839170297779344,0.0,0,11.1252060300003,/tmp/nussbaum_sine_3hz_struct_runs/optuna_t0008_r01.csv,,"{""alpha"": 4.2657757992906316, ""amplitude_deg"": 10.0, ""baudrate"": 1000000.0, ""command_sign"": -1.0, ""control_output_scale"": 1.0, ""current_bias_raw"": -1.49232444182118, ""current_limit_raw"": 0.0, ""default_mode"": 3.0, ""device"": ""/dev/ttyAMA0"", ""disable_anti_windup"": false, ""disable_freeze_nn_on_saturation"": false, ""disable_freeze_zeta_on_saturation"": false, ""disturb_interval_sec"": 30.0, ""disturb_jitter_sec"": 3.0, ""disturb_mode"": ""mixed"", ""disturb_seed"": -1.0, ""disturbance_placement"": ""mid_move"", ""duration"": 10.0, ""dxl_id"": 6.0, ""enable_disturbance"": false, ""frequency_hz"": 3.0, ""fric_coulomb"": 0.01258321784939252, ""fric_vel_scale"": 0.48371595823305114, ""gamma_adapt"": 5.066936317808482, ""gamma_link"": 1.008683907521236, ""integral_limit"": 1.6504936083, ""k_delta"": 0.13794711607360072, ""max_abs_e_dot"": 10.0, ""max_control"": 0.1337717522233262, ""max_current_raw"": 67.0, ""max_current_slew"": 237.81967477063404, ""mid_disturbance_offset_sec"": 0.0, ""no_set_current_mode"": false, ""predict_horizon_sec"": 0.0042462572438836475, ""pulse_current_raw_max"": 12.0, ""pulse_current_raw_min"": 4.0, ""pulse_duration_max"": 0.6, ""pulse_duration_min"": 0.15, ""q_abs_guard_deg"": 35.0, ""qd_lpf_alpha"": 0.035038364530365115, ""rate"": 120.0, ""rbf_center_max"": 3.2, ""rbf_center_min"": -3.2, ""rbf_nodes"": 11.0, ""rbf_width"": 1.4195921033052463, ""ref_jump_deg_max"": 8.0, ""ref_jump_deg_min"": 2.0, ""ref_jump_duration_max"": 0.6, ""ref_jump_duration_min"": 0.15, ""reference_shape"": ""sine"", ""reset_zeta_after_motion"": false, ""reset_zeta_on_segment"": false, ""restore_mode"": false, ""sigma_mod"": 0.08126807883354949, ""sine_center_mode"": ""lock"", ""soft_start_sec"": 0.5, ""step_absolute_target_deg"": null, ""step_absolute_target_rad"": null, ""step_delta_deg"": 40.0, ""step_ramp_sec"": 1.0, ""step_segment_sec"": 1.5, ""step_sequence_deg"": """", ""step_shape"": ""smoothstep"", ""step_start_sec"": 0.0, ""tail_err_full_deg"": 4.0, ""tail_err_thresh_deg"": 1.5, ""tail_kd"": 0.009324566868806823, ""tail_kp"": 0.0, ""tail_max_control_boost"": 0.0, ""tail_u_max"": 0.0, ""torque_to_current"": 210.0, ""zeta0"": 0.885692967, ""zeta_leak"": 0.04052625332861804, ""zeta_reset_delay_sec"": 0.0, ""zeta_reset_value"": null, ""zeta_soft"": 1.0607071117897695}"
9,1,0.0,1000000.0,0.0,0.0,inf,inf,inf,inf,0.0,1.0,1.0,0.0,0.0,0.0,0.0,0.0,0.0,0.0,0.0,0.0,0.0,0.0,0.0,0.0,0.0,0.0,0.0,0.0,0.0,0.0,0.0,0.0,0.0,0.0,0.0,inf,inf,inf,1.0,1,5.295809738000571,/tmp/nussbaum_sine_3hz_struct_runs/optuna_t0009_r01.csv,[DBG] t=   3.00s e=  3.27deg u=-0.1957 u_aux=-0.1110 u_rob=-0.0000 u_fric= 0.0092 ta=0.79 cmd=   1.11 slewB=1.00 raw q= 136.41deg | [DBG] t=   4.00s e= 22.57deg u= 0.1957 u_aux=-0.1405 u_rob=-0.0000 u_fric= 0.0092 ta=1.00 cmd= -14.67 slewB=1.00 raw q= 117.16deg | [ERROR] q guard hit: |q-q_center|=35.77 deg > 35.00,"{""alpha"": 4.591124849226696, ""amplitude_deg"": 10.0, ""baudrate"": 1000000.0, ""command_sign"": -1.0, ""control_output_scale"": 1.0, ""current_bias_raw"": -0.8056680245622985, ""current_limit_raw"": 0.0, ""default_mode"": 3.0, ""device"": ""/dev/ttyAMA0"", ""disable_anti_windup"": false, ""disable_freeze_nn_on_saturation"": false, ""disable_freeze_zeta_on_saturation"": false, ""disturb_interval_sec"": 30.0, ""disturb_jitter_sec"": 3.0, ""disturb_mode"": ""mixed"", ""disturb_seed"": -1.0, ""disturbance_placement"": ""mid_move"", ""duration"": 10.0, ""dxl_id"": 6.0, ""enable_disturbance"": false, ""frequency_hz"": 3.0, ""fric_coulomb"": 0.009168039596632135, ""fric_vel_scale"": 0.6352607010501591, ""gamma_adapt"": 21.33177298270191, ""gamma_link"": 0.9598167752042439, ""integral_limit"": 1.6504936083, ""k_delta"": 0.11448581190901282, ""max_abs_e_dot"": 10.0, ""max_control"": 0.19574885628027275, ""max_current_raw"": 61.0, ""max_current_slew"": 120.84018968676325, ""mid_disturbance_offset_sec"": 0.0, ""no_set_current_mode"": false, ""predict_horizon_sec"": 0.0010737268635287425, ""pulse_current_raw_max"": 12.0, ""pulse_current_raw_min"": 4.0, ""pulse_duration_max"": 0.6, ""pulse_duration_min"": 0.15, ""q_abs_guard_deg"": 35.0, ""qd_lpf_alpha"": 0.0747764677384946, ""rate"": 120.0, ""rbf_center_max"": 3.2, ""rbf_center_min"": -3.2, ""rbf_nodes"": 11.0, ""rbf_width"": 1.0432180203872685, ""ref_jump_deg_max"": 8.0, ""ref_jump_deg_min"": 2.0, ""ref_jump_duration_max"": 0.6, ""ref_jump_duration_min"": 0.15, ""reference_shape"": ""sine"", ""reset_zeta_after_motion"": false, ""reset_zeta_on_segment"": false, ""restore_mode"": false, ""sigma_mod"": 0.2947998301289757, ""sine_center_mode"": ""lock"", ""soft_start_sec"": 0.5, ""step_absolute_target_deg"": null, ""step_absolute_target_rad"": null, ""step_delta_deg"": 40.0, ""step_ramp_sec"": 1.0, ""step_segment_sec"": 1.5, ""step_sequence_deg"": """", ""step_shape"": ""smoothstep"", ""step_start_sec"": 0.0, ""tail_err_full_deg"": 4.0, ""tail_err_thresh_deg"": 1.5, ""tail_kd"": 0.03312025878287281, ""tail_kp"": 0.0, ""tail_max_control_boost"": 0.0, ""tail_u_max"": 0.0, ""torque_to_current"": 210.0, ""zeta0"": 0.885692967, ""zeta_leak"": 0.07677288624145626, ""zeta_reset_delay_sec"": 0.0, ""zeta_reset_value"": null, ""zeta_soft"": 0.8240387775104953}"
10,1,1.0,1000019.9542141876,1200.0,9.991745,8.31163737379763,9.47349520108042,14.969040084068263,22.084777142167116,0.5300457858124327,0.0,0.10129040229885058,0.8907810949582622,1.1137216019,0.8856847966,1.1137216019,0.22803680530000003,0.022802863488499997,0.18323886634499997,0.4173453087,0.0,0.0,0.0,0.0,0.0,0.0,0.0,0.0,0.0,0.0,0.0,0.0,0.0,0.0,0.0,0.0,8.28384619074788,14.967873230881295,16.30782334477969,0.0,0,11.265289140999812,/tmp/nussbaum_sine_3hz_struct_runs/optuna_t0010_r01.csv,,"{""alpha"": 14.711266139974185, ""amplitude_deg"": 10.0, ""baudrate"": 1000000.0, ""command_sign"": -1.0, ""control_output_scale"": 1.0, ""current_bias_raw"": -1.511095431741623, ""current_limit_raw"": 0.0, ""default_mode"": 3.0, ""device"": ""/dev/ttyAMA0"", ""disable_anti_windup"": false, ""disable_freeze_nn_on_saturation"": false, ""disable_freeze_zeta_on_saturation"": false, ""disturb_interval_sec"": 30.0, ""disturb_jitter_sec"": 3.0, ""disturb_mode"": ""mixed"", ""disturb_seed"": -1.0, ""disturbance_placement"": ""mid_move"", ""duration"": 10.0, ""dxl_id"": 6.0, ""enable_disturbance"": false, ""frequency_hz"": 3.0, ""fric_coulomb"": 0.006337145712251695, ""fric_vel_scale"": 0.3630712242110985, ""gamma_adapt"": 9.168220747321216, ""gamma_link"": 0.9755169268313646, ""integral_limit"": 1.6504936083, ""k_delta"": 0.12730074824211954, ""max_abs_e_dot"": 10.0, ""max_control"": 0.1550394950501889, ""max_current_raw"": 58.0, ""max_current_slew"": 135.09980242335564, ""mid_disturbance_offset_sec"": 0.0, ""no_set_current_mode"": false, ""predict_horizon_sec"": 0.001063263319685802, ""pulse_current_raw_max"": 12.0, ""pulse_current_raw_min"": 4.0, ""pulse_duration_max"": 0.6, ""pulse_duration_min"": 0.15, ""q_abs_guard_deg"": 35.0, ""qd_lpf_alpha"": 0.03449990515649124, ""rate"": 120.0, ""rbf_center_max"": 3.2, ""rbf_center_min"": -3.2, ""rbf_nodes"": 11.0, ""rbf_width"": 1.0392741722702512, ""ref_jump_deg_max"": 8.0, ""ref_jump_deg_min"": 2.0, ""ref_jump_duration_max"": 0.6, ""ref_jump_duration_min"": 0.15, ""reference_shape"": ""sine"", ""reset_zeta_after_motion"": false, ""reset_zeta_on_segment"": false, ""restore_mode"": false, ""sigma_mod"": 0.09323923955802334, ""sine_center_mode"": ""lock"", ""soft_start_sec"": 0.5, ""step_absolute_target_deg"": null, ""step_absolute_target_rad"": null, ""step_delta_deg"": 40.0, ""step_ramp_sec"": 1.0, ""step_segment_sec"": 1.5, ""step_sequence_deg"": """", ""step_shape"": ""smoothstep"", ""step_start_sec"": 0.0, ""tail_err_full_deg"": 4.0, ""tail_err_thresh_deg"": 1.5, ""tail_kd"": 0.02667201497285482, ""tail_kp"": 0.0, ""tail_max_control_boost"": 0.0, ""tail_u_max"": 0.0, ""torque_to_current"": 210.0, ""zeta0"": 0.885692967, ""zeta_leak"": 0.06970636553202599, ""zeta_reset_delay_sec"": 0.0, ""zeta_reset_value"": null, ""zeta_soft"": 0.8716275338194794}"
11,1,1.0,1000066.0932810298,1200.0,9.991749,9.180665189146438,10.790702780838481,16.84190427617694,34.60932810297977,0.72653025919016,0.0,0.17303980496453902,0.9510122950080571,0.9805193085,0.885692967,0.9805193085,0.09482634150000002,0.009482634145083333,0.018183686414999966,1.5197729476,0.0,0.0,0.0,0.0,0.0,0.0,0.0,0.0,0.0,0.0,0.0,0.0,0.0,0.0,0.0,0.0,9.010747916029887,16.70299003279108,17.285146201226915,0.0,0,11.127214011999968,/tmp/nussbaum_sine_3hz_struct_runs/optuna_t0011_r01.csv,,"{""alpha"": 11.28873136504041, ""amplitude_deg"": 10.0, ""baudrate"": 1000000.0, ""command_sign"": -1.0, ""control_output_scale"": 1.0, ""current_bias_raw"": -0.28408816598116915, ""current_limit_raw"": 0.0, ""default_mode"": 3.0, ""device"": ""/dev/ttyAMA0"", ""disable_anti_windup"": false, ""disable_freeze_nn_on_saturation"": false, ""disable_freeze_zeta_on_saturation"": false, ""disturb_interval_sec"": 30.0, ""disturb_jitter_sec"": 3.0, ""disturb_mode"": ""mixed"", ""disturb_seed"": -1.0, ""disturbance_placement"": ""mid_move"", ""duration"": 10.0, ""dxl_id"": 6.0, ""enable_disturbance"": false, ""frequency_hz"": 3.0, ""fric_coulomb"": 0.002118081553296791, ""fric_vel_scale"": 0.5959057296697393, ""gamma_adapt"": 12.181399154450835, ""gamma_link"": 1.0169854968729588, ""integral_limit"": 1.6504936083, ""k_delta"": 0.11901992759275408, ""max_abs_e_dot"": 10.0, ""max_control"": 0.2323735718105282, ""max_current_raw"": 47.0, ""max_current_slew"": 186.46958759628905, ""mid_disturbance_offset_sec"": 0.0, ""no_set_current_mode"": false, ""predict_horizon_sec"": 0.0008523453667843328, ""pulse_current_raw_max"": 12.0, ""pulse_current_raw_min"": 4.0, ""pulse_duration_max"": 0.6, ""pulse_duration_min"": 0.15, ""q_abs_guard_deg"": 35.0, ""qd_lpf_alpha"": 0.06700498774468773, ""rate"": 120.0, ""rbf_center_max"": 3.2, ""rbf_center_min"": -3.2, ""rbf_nodes"": 11.0, ""rbf_width"": 1.4441676594376642, ""ref_jump_deg_max"": 8.0, ""ref_jump_deg_min"": 2.0, ""ref_jump_duration_max"": 0.6, ""ref_jump_duration_min"": 0.15, ""reference_shape"": ""sine"", ""reset_zeta_after_motion"": false, ""reset_zeta_on_segment"": false, ""restore_mode"": false, ""sigma_mod"": 0.2193424570752695, ""sine_center_mode"": ""lock"", ""soft_start_sec"": 0.5, ""step_absolute_target_deg"": null, ""step_absolute_target_rad"": null, ""step_delta_deg"": 40.0, ""step_ramp_sec"": 1.0, ""step_segment_sec"": 1.5, ""step_sequence_deg"": """", ""step_shape"": ""smoothstep"", ""step_start_sec"": 0.0, ""tail_err_full_deg"": 4.0, ""tail_err_thresh_deg"": 1.5, ""tail_kd"": 0.018776664332919496, ""tail_kp"": 0.0, ""tail_max_control_boost"": 0.0, ""tail_u_max"": 0.0, ""torque_to_current"": 210.0, ""zeta0"": 0.885692967, ""zeta_leak"": 0.020409508494126927, ""zeta_reset_delay_sec"": 0.0, ""zeta_reset_value"": null, ""zeta_soft"": 1.0244433310944312}"
12,1,0.0,1000000.0,0.0,0.0,inf,inf,inf,inf,0.0,1.0,1.0,0.0,0.0,0.0,0.0,0.0,0.0,0.0,0.0,0.0,0.0,0.0,0.0,0.0,0.0,0.0,0.0,0.0,0.0,0.0,0.0,0.0,0.0,0.0,0.0,inf,inf,inf,1.0,1,7.0130397920002,/tmp/nussbaum_sine_3hz_struct_runs/optuna_t0012_r01.csv,[DBG] t=   4.00s e=  2.92deg u=-0.2085 u_aux=-0.1009 u_rob=-0.0000 u_fric= 0.0036 ta=0.60 cmd=   2.25 slewB=1.00 raw q= 136.76deg | [DBG] t=   5.00s e=  0.29deg u= 0.2085 u_aux=-0.1001 u_rob=-0.0000 u_fric= 0.0036 ta=0.00 cmd=  -3.84 slewB=1.00 raw q= 139.39deg | [ERROR] q guard hit: |q-q_center|=35.42 deg > 35.00,"{""alpha"": 14.899237776503087, ""amplitude_deg"": 10.0, ""baudrate"": 1000000.0, ""command_sign"": -1.0, ""control_output_scale"": 1.0, ""current_bias_raw"": -1.4553580500594356, ""current_limit_raw"": 0.0, ""default_mode"": 3.0, ""device"": ""/dev/ttyAMA0"", ""disable_anti_windup"": false, ""disable_freeze_nn_on_saturation"": false, ""disable_freeze_zeta_on_saturation"": false, ""disturb_interval_sec"": 30.0, ""disturb_jitter_sec"": 3.0, ""disturb_mode"": ""mixed"", ""disturb_seed"": -1.0, ""disturbance_placement"": ""mid_move"", ""duration"": 10.0, ""dxl_id"": 6.0, ""enable_disturbance"": false, ""frequency_hz"": 3.0, ""fric_coulomb"": 0.003654244067552479, ""fric_vel_scale"": 1.1848944583794954, ""gamma_adapt"": 20.419351216692057, ""gamma_link"": 1.0548995794042524, ""integral_limit"": 1.6504936083, ""k_delta"": 0.13845030480902665, ""max_abs_e_dot"": 10.0, ""max_control"": 0.20854497019650953, ""max_current_raw"": 72.0, ""max_current_slew"": 122.6387724385889, ""mid_disturbance_offset_sec"": 0.0, ""no_set_current_mode"": false, ""predict_horizon_sec"": 0.004064396478924657, ""pulse_current_raw_max"": 12.0, ""pulse_current_raw_min"": 4.0, ""pulse_duration_max"": 0.6, ""pulse_duration_min"": 0.15, ""q_abs_guard_deg"": 35.0, ""qd_lpf_alpha"": 0.01962828044139235, ""rate"": 120.0, ""rbf_center_max"": 3.2, ""rbf_center_min"": -3.2, ""rbf_nodes"": 11.0, ""rbf_width"": 0.6019954201049522, ""ref_jump_deg_max"": 8.0, ""ref_jump_deg_min"": 2.0, ""ref_jump_duration_max"": 0.6, ""ref_jump_duration_min"": 0.15, ""reference_shape"": ""sine"", ""reset_zeta_after_motion"": false, ""reset_zeta_on_segment"": false, ""restore_mode"": false, ""sigma_mod"": 0.14697382968215078, ""sine_center_mode"": ""lock"", ""soft_start_sec"": 0.5, ""step_absolute_target_deg"": null, ""step_absolute_target_rad"": null, ""step_delta_deg"": 40.0, ""step_ramp_sec"": 1.0, ""step_segment_sec"": 1.5, ""step_sequence_deg"": """", ""step_shape"": ""smoothstep"", ""step_start_sec"": 0.0, ""tail_err_full_deg"": 4.0, ""tail_err_thresh_deg"": 1.5, ""tail_kd"": 0.030751801065301558, ""tail_kp"": 0.0, ""tail_max_control_boost"": 0.0, ""tail_u_max"": 0.0, ""torque_to_current"": 210.0, ""zeta0"": 0.885692967, ""zeta_leak"": 0.06416801730649443, ""zeta_reset_delay_sec"": 0.0, ""zeta_reset_value"": null, ""zeta_soft"": 1.0799696734295208}"
13,1,0.0,1000000.0,0.0,0.0,inf,inf,inf,inf,0.0,1.0,1.0,0.0,0.0,0.0,0.0,0.0,0.0,0.0,0.0,0.0,0.0,0.0,0.0,0.0,0.0,0.0,0.0,0.0,0.0,0.0,0.0,0.0,0.0,0.0,0.0,inf,inf,inf,1.0,1,9.159116050000193,/tmp/nussbaum_sine_3hz_struct_runs/optuna_t0013_r01.csv,[DBG] t=   6.00s e=  2.73deg u=-0.1464 u_aux=-0.1555 u_rob=-0.0000 u_fric= 0.0111 ta=0.49 cmd=   0.93 slewB=1.00 raw q= 136.41deg | [DBG] t=   7.00s e=  4.54deg u=-0.1464 u_aux=-0.1685 u_rob=-0.0000 u_fric= 0.0111 ta=1.00 cmd=   4.00 slewB=1.00 raw q= 134.65deg | [ERROR] q guard hit: |q-q_center|=35.24 deg > 35.00,"{""alpha"": 3.0668357316519415, ""amplitude_deg"": 10.0, ""baudrate"": 1000000.0, ""command_sign"": -1.0, ""control_output_scale"": 1.0, ""current_bias_raw"": -2.032825547610435, ""current_limit_raw"": 0.0, ""default_mode"": 3.0, ""device"": ""/dev/ttyAMA0"", ""disable_anti_windup"": false, ""disable_freeze_nn_on_saturation"": false, ""disable_freeze_zeta_on_saturation"": false, ""disturb_interval_sec"": 30.0, ""disturb_jitter_sec"": 3.0, ""disturb_mode"": ""mixed"", ""disturb_seed"": -1.0, ""disturbance_placement"": ""mid_move"", ""duration"": 10.0, ""dxl_id"": 6.0, ""enable_disturbance"": false, ""frequency_hz"": 3.0, ""fric_coulomb"": 0.011072363734619705, ""fric_vel_scale"": 0.7980550843995956, ""gamma_adapt"": 15.071683681150667, ""gamma_link"": 0.8839211463333959, ""integral_limit"": 1.6504936083, ""k_delta"": 0.0848706377938473, ""max_abs_e_dot"": 10.0, ""max_control"": 0.1463684278287191, ""max_current_raw"": 85.0, ""max_current_slew"": 200.574939632132, ""mid_disturbance_offset_sec"": 0.0, ""no_set_current_mode"": false, ""predict_horizon_sec"": 0.003383920415453326, ""pulse_current_raw_max"": 12.0, ""pulse_current_raw_min"": 4.0, ""pulse_duration_max"": 0.6, ""pulse_duration_min"": 0.15, ""q_abs_guard_deg"": 35.0, ""qd_lpf_alpha"": 0.07434238446093616, ""rate"": 120.0, ""rbf_center_max"": 3.2, ""rbf_center_min"": -3.2, ""rbf_nodes"": 11.0, ""rbf_width"": 1.0930325555148697, ""ref_jump_deg_max"": 8.0, ""ref_jump_deg_min"": 2.0, ""ref_jump_duration_max"": 0.6, ""ref_jump_duration_min"": 0.15, ""reference_shape"": ""sine"", ""reset_zeta_after_motion"": false, ""reset_zeta_on_segment"": false, ""restore_mode"": false, ""sigma_mod"": 0.17303185709144459, ""sine_center_mode"": ""lock"", ""soft_start_sec"": 0.5, ""step_absolute_target_deg"": null, ""step_absolute_target_rad"": null, ""step_delta_deg"": 40.0, ""step_ramp_sec"": 1.0, ""step_segment_sec"": 1.5, ""step_sequence_deg"": """", ""step_shape"": ""smoothstep"", ""step_start_sec"": 0.0, ""tail_err_full_deg"": 4.0, ""tail_err_thresh_deg"": 1.5, ""tail_kd"": 0.047965902488001, ""tail_kp"": 0.0, ""tail_max_control_boost"": 0.0, ""tail_u_max"": 0.0, ""torque_to_current"": 210.0, ""zeta0"": 0.885692967, ""zeta_leak"": 0.07715596361732209, ""zeta_reset_delay_sec"": 0.0, ""zeta_reset_value"": null, ""zeta_soft"": 0.8294851126467188}"
14,1,0.0,1000000.0,0.0,0.0,inf,inf,inf,inf,0.0,1.0,1.0,0.0,0.0,0.0,0.0,0.0,0.0,0.0,0.0,0.0,0.0,0.0,0.0,0.0,0.0,0.0,0.0,0.0,0.0,0.0,0.0,0.0,0.0,0.0,0.0,inf,inf,inf,1.0,1,3.3674771649994,/tmp/nussbaum_sine_3hz_struct_runs/optuna_t0014_r01.csv,[DBG] t=   1.00s e=  3.45deg u=-0.2963 u_aux=-0.0382 u_rob=-0.0000 u_fric= 0.0094 ta=0.87 cmd=   1.25 slewB=1.00 raw q= 135.70deg | [DBG] t=   2.00s e= 29.27deg u= 0.2998 u_aux=-0.0448 u_rob=-0.0000 u_fric= 0.0094 ta=1.00 cmd= -14.01 slewB=1.00 raw q= 109.95deg | [ERROR] q guard hit: |q-q_center|=35.16 deg > 35.00,"{""alpha"": 17.327286913459048, ""amplitude_deg"": 10.0, ""baudrate"": 1000000.0, ""command_sign"": -1.0, ""control_output_scale"": 1.0, ""current_bias_raw"": 0.4020661045731271, ""current_limit_raw"": 0.0, ""default_mode"": 3.0, ""device"": ""/dev/ttyAMA0"", ""disable_anti_windup"": false, ""disable_freeze_nn_on_saturation"": false, ""disable_freeze_zeta_on_saturation"": false, ""disturb_interval_sec"": 30.0, ""disturb_jitter_sec"": 3.0, ""disturb_mode"": ""mixed"", ""disturb_seed"": -1.0, ""disturbance_placement"": ""mid_move"", ""duration"": 10.0, ""dxl_id"": 6.0, ""enable_disturbance"": false, ""frequency_hz"": 3.0, ""fric_coulomb"": 0.009387064080258226, ""fric_vel_scale"": 0.9504192333453184, ""gamma_adapt"": 13.938661743540184, ""gamma_link"": 1.0241956084935335, ""integral_limit"": 1.6504936083, ""k_delta"": 0.15551588715187623, ""max_abs_e_dot"": 10.0, ""max_control"": 0.2998159615111987, ""max_current_raw"": 58.0, ""max_current_slew"": 57.86857051548836, ""mid_disturbance_offset_sec"": 0.0, ""no_set_current_mode"": false, ""predict_horizon_sec"": 0.0012834063482976906, ""pulse_current_raw_max"": 12.0, ""pulse_current_raw_min"": 4.0, ""pulse_duration_max"": 0.6, ""pulse_duration_min"": 0.15, ""q_abs_guard_deg"": 35.0, ""qd_lpf_alpha"": 0.06297624533695624, ""rate"": 120.0, ""rbf_center_max"": 3.2, ""rbf_center_min"": -3.2, ""rbf_nodes"": 11.0, ""rbf_width"": 1.0264195173339048, ""ref_jump_deg_max"": 8.0, ""ref_jump_deg_min"": 2.0, ""ref_jump_duration_max"": 0.6, ""ref_jump_duration_min"": 0.15, ""reference_shape"": ""sine"", ""reset_zeta_after_motion"": false, ""reset_zeta_on_segment"": false, ""restore_mode"": false, ""sigma_mod"": 0.2520918934563787, ""sine_center_mode"": ""lock"", ""soft_start_sec"": 0.5, ""step_absolute_target_deg"": null, ""step_absolute_target_rad"": null, ""step_delta_deg"": 40.0, ""step_ramp_sec"": 1.0, ""step_segment_sec"": 1.5, ""step_sequence_deg"": """", ""step_shape"": ""smoothstep"", ""step_start_sec"": 0.0, ""tail_err_full_deg"": 4.0, ""tail_err_thresh_deg"": 1.5, ""tail_kd"": 0.011676576814323401, ""tail_kp"": 0.0, ""tail_max_control_boost"": 0.0, ""tail_u_max"": 0.0, ""torque_to_current"": 210.0, ""zeta0"": 0.885692967, ""zeta_leak"": 0.05741045027928159, ""zeta_reset_delay_sec"": 0.0, ""zeta_reset_value"": null, ""zeta_soft"": 0.9097899471757517}"
15,1,1.0,1000024.8452316155,1200.0,9.991750999999999,8.31725860171998,9.579242179119579,14.731155559686643,27.581977712796853,0.5251547683845305,0.0,0.10610455882352941,0.9519563529600741,0.9379809457,0.885692967,0.9379809457,0.052287978700000015,0.005228797869083334,0.03949066951499999,0.3095586723,0.0,0.0,0.0,0.0,0.0,0.0,0.0,0.0,0.0,0.0,0.0,0.0,0.0,0.0,0.0,0.0,8.403110608256156,13.690906609567119,15.757662073545166,0.0,0,11.193915862999347,/tmp/nussbaum_sine_3hz_struct_runs/optuna_t0015_r01.csv,,"{""alpha"": 17.6540971779752, ""amplitude_deg"": 10.0, ""baudrate"": 1000000.0, ""command_sign"": -1.0, ""control_output_scale"": 1.0, ""current_bias_raw"": 0.05550989537183648, ""current_limit_raw"": 0.0, ""default_mode"": 3.0, ""device"": ""/dev/ttyAMA0"", ""disable_anti_windup"": false, ""disable_freeze_nn_on_saturation"": false, ""disable_freeze_zeta_on_saturation"": false, ""disturb_interval_sec"": 30.0, ""disturb_jitter_sec"": 3.0, ""disturb_mode"": ""mixed"", ""disturb_seed"": -1.0, ""disturbance_placement"": ""mid_move"", ""duration"": 10.0, ""dxl_id"": 6.0, ""enable_disturbance"": false, ""frequency_hz"": 3.0, ""fric_coulomb"": 0.011929024609235436, ""fric_vel_scale"": 0.47734388628849544, ""gamma_adapt"": 4.654085524709673, ""gamma_link"": 1.144300979901406, ""integral_limit"": 1.6504936083, ""k_delta"": 0.1039190041792395, ""max_abs_e_dot"": 10.0, ""max_control"": 0.14028310679467423, ""max_current_raw"": 51.0, ""max_current_slew"": 122.19859128574004, ""mid_disturbance_offset_sec"": 0.0, ""no_set_current_mode"": false, ""predict_horizon_sec"": 0.0037565367676330053, ""pulse_current_raw_max"": 12.0, ""pulse_current_raw_min"": 4.0, ""pulse_duration_max"": 0.6, ""pulse_duration_min"": 0.15, ""q_abs_guard_deg"": 35.0, ""qd_lpf_alpha"": 0.06691244084973227, ""rate"": 120.0, ""rbf_center_max"": 3.2, ""rbf_center_min"": -3.2, ""rbf_nodes"": 11.0, ""rbf_width"": 1.2367298902598656, ""ref_jump_deg_max"": 8.0, ""ref_jump_deg_min"": 2.0, ""ref_jump_duration_max"": 0.6, ""ref_jump_duration_min"": 0.15, ""reference_shape"": ""sine"", ""reset_zeta_after_motion"": false, ""reset_zeta_on_segment"": false, ""restore_mode"": false, ""sigma_mod"": 0.1787278153499795, ""sine_center_mode"": ""lock"", ""soft_start_sec"": 0.5, ""step_absolute_target_deg"": null, ""step_absolute_target_rad"": null, ""step_delta_deg"": 40.0, ""step_ramp_sec"": 1.0, ""step_segment_sec"": 1.5, ""step_sequence_deg"": """", ""step_shape"": ""smoothstep"", ""step_start_sec"": 0.0, ""tail_err_full_deg"": 4.0, ""tail_err_thresh_deg"": 1.5, ""tail_kd"": 0.047228528975712676, ""tail_kp"": 0.0, ""tail_max_control_boost"": 0.0, ""tail_u_max"": 0.0, ""torque_to_current"": 210.0, ""zeta0"": 0.885692967, ""zeta_leak"": 0.012518612618721852, ""zeta_reset_delay_sec"": 0.0, ""zeta_reset_value"": null, ""zeta_soft"": 0.9336066354543935}"
16,1,0.0,1000000.0,0.0,0.0,inf,inf,inf,inf,0.0,1.0,1.0,0.0,0.0,0.0,0.0,0.0,0.0,0.0,0.0,0.0,0.0,0.0,0.0,0.0,0.0,0.0,0.0,0.0,0.0,0.0,0.0,0.0,0.0,0.0,0.0,inf,inf,inf,1.0,1,3.609665238999696,/tmp/nussbaum_sine_3hz_struct_runs/optuna_t0016_r01.csv,[DBG] t=   1.00s e=  4.54deg u=-0.1811 u_aux=-0.0280 u_rob=-0.0000 u_fric= 0.0025 ta=1.00 cmd=   4.56 slewB=1.00 raw q= 135.26deg | [DBG] t=   2.00s e=  1.33deg u= 0.0765 u_aux=-0.0212 u_rob=-0.0000 u_fric= 0.0025 ta=0.00 cmd= -12.37 slewB=1.00 raw q= 138.34deg | [ERROR] q guard hit: |q-q_center|=36.12 deg > 35.00,"{""alpha"": 23.41667362499646, ""amplitude_deg"": 10.0, ""baudrate"": 1000000.0, ""command_sign"": -1.0, ""control_output_scale"": 1.0, ""current_bias_raw"": 0.05107728964028402, ""current_limit_raw"": 0.0, ""default_mode"": 3.0, ""device"": ""/dev/ttyAMA0"", ""disable_anti_windup"": false, ""disable_freeze_nn_on_saturation"": false, ""disable_freeze_zeta_on_saturation"": false, ""disturb_interval_sec"": 30.0, ""disturb_jitter_sec"": 3.0, ""disturb_mode"": ""mixed"", ""disturb_seed"": -1.0, ""disturbance_placement"": ""mid_move"", ""duration"": 10.0, ""dxl_id"": 6.0, ""enable_disturbance"": false, ""frequency_hz"": 3.0, ""fric_coulomb"": 0.0024681570374272344, ""fric_vel_scale"": 0.8449671119722993, ""gamma_adapt"": 13.709583316098994, ""gamma_link"": 0.8263001498600552, ""integral_limit"": 1.6504936083, ""k_delta"": 0.08403209636066976, ""max_abs_e_dot"": 10.0, ""max_control"": 0.18112481559600105, ""max_current_raw"": 69.0, ""max_current_slew"": 197.18748811875366, ""mid_disturbance_offset_sec"": 0.0, ""no_set_current_mode"": false, ""predict_horizon_sec"": 0.0020446972702692226, ""pulse_current_raw_max"": 12.0, ""pulse_current_raw_min"": 4.0, ""pulse_duration_max"": 0.6, ""pulse_duration_min"": 0.15, ""q_abs_guard_deg"": 35.0, ""qd_lpf_alpha"": 0.07153064266481274, ""rate"": 120.0, ""rbf_center_max"": 3.2, ""rbf_center_min"": -3.2, ""rbf_nodes"": 11.0, ""rbf_width"": 0.9053326730789868, ""ref_jump_deg_max"": 8.0, ""ref_jump_deg_min"": 2.0, ""ref_jump_duration_max"": 0.6, ""ref_jump_duration_min"": 0.15, ""reference_shape"": ""sine"", ""reset_zeta_after_motion"": false, ""reset_zeta_on_segment"": false, ""restore_mode"": false, ""sigma_mod"": 0.13958992461619077, ""sine_center_mode"": ""lock"", ""soft_start_sec"": 0.5, ""step_absolute_target_deg"": null, ""step_absolute_target_rad"": null, ""step_delta_deg"": 40.0, ""step_ramp_sec"": 1.0, ""step_segment_sec"": 1.5, ""step_sequence_deg"": """", ""step_shape"": ""smoothstep"", ""step_start_sec"": 0.0, ""tail_err_full_deg"": 4.0, ""tail_err_thresh_deg"": 1.5, ""tail_kd"": 0.006449330184049362, ""tail_kp"": 0.0, ""tail_max_control_boost"": 0.0, ""tail_u_max"": 0.0, ""torque_to_current"": 210.0, ""zeta0"": 0.885692967, ""zeta_leak"": 0.028816319434749788, ""zeta_reset_delay_sec"": 0.0, ""zeta_reset_value"": null, ""zeta_soft"": 1.0495121140830928}"
17,1,0.0,1000000.0,0.0,0.0,inf,inf,inf,inf,0.0,1.0,1.0,0.0,0.0,0.0,0.0,0.0,0.0,0.0,0.0,0.0,0.0,0.0,0.0,0.0,0.0,0.0,0.0,0.0,0.0,0.0,0.0,0.0,0.0,0.0,0.0,inf,inf,inf,1.0,1,5.4078744970001935,/tmp/nussbaum_sine_3hz_struct_runs/optuna_t0017_r01.csv,[DBG] t=   3.00s e=  9.30deg u= 0.2248 u_aux=-0.1108 u_rob=-0.0000 u_fric= 0.0078 ta=1.00 cmd=  -3.51 slewB=1.00 raw q= 129.90deg | [DBG] t=   4.00s e= 30.84deg u= 0.2248 u_aux=-0.1158 u_rob=-0.0000 u_fric= 0.0078 ta=1.00 cmd= -14.46 slewB=1.00 raw q= 108.37deg | [ERROR] q guard hit: |q-q_center|=35.33 deg > 35.00,"{""alpha"": 19.702987634169496, ""amplitude_deg"": 10.0, ""baudrate"": 1000000.0, ""command_sign"": -1.0, ""control_output_scale"": 1.0, ""current_bias_raw"": -1.0633975547976633, ""current_limit_raw"": 0.0, ""default_mode"": 3.0, ""device"": ""/dev/ttyAMA0"", ""disable_anti_windup"": false, ""disable_freeze_nn_on_saturation"": false, ""disable_freeze_zeta_on_saturation"": false, ""disturb_interval_sec"": 30.0, ""disturb_jitter_sec"": 3.0, ""disturb_mode"": ""mixed"", ""disturb_seed"": -1.0, ""disturbance_placement"": ""mid_move"", ""duration"": 10.0, ""dxl_id"": 6.0, ""enable_disturbance"": false, ""frequency_hz"": 3.0, ""fric_coulomb"": 0.00778472879520548, ""fric_vel_scale"": 0.9732590879041457, ""gamma_adapt"": 6.620297810810537, ""gamma_link"": 1.117996015695745, ""integral_limit"": 1.6504936083, ""k_delta"": 0.09741747087085074, ""max_abs_e_dot"": 10.0, ""max_control"": 0.22478604456487075, ""max_current_raw"": 73.0, ""max_current_slew"": 41.067920916074236, ""mid_disturbance_offset_sec"": 0.0, ""no_set_current_mode"": false, ""predict_horizon_sec"": 0.002172031075488819, ""pulse_current_raw_max"": 12.0, ""pulse_current_raw_min"": 4.0, ""pulse_duration_max"": 0.6, ""pulse_duration_min"": 0.15, ""q_abs_guard_deg"": 35.0, ""qd_lpf_alpha"": 0.07272636706428537, ""rate"": 120.0, ""rbf_center_max"": 3.2, ""rbf_center_min"": -3.2, ""rbf_nodes"": 11.0, ""rbf_width"": 1.0410754712315227, ""ref_jump_deg_max"": 8.0, ""ref_jump_deg_min"": 2.0, ""ref_jump_duration_max"": 0.6, ""ref_jump_duration_min"": 0.15, ""reference_shape"": ""sine"", ""reset_zeta_after_motion"": false, ""reset_zeta_on_segment"": false, ""restore_mode"": false, ""sigma_mod"": 0.24272411633835617, ""sine_center_mode"": ""lock"", ""soft_start_sec"": 0.5, ""step_absolute_target_deg"": null, ""step_absolute_target_rad"": null, ""step_delta_deg"": 40.0, ""step_ramp_sec"": 1.0, ""step_segment_sec"": 1.5, ""step_sequence_deg"": """", ""step_shape"": ""smoothstep"", ""step_start_sec"": 0.0, ""tail_err_full_deg"": 4.0, ""tail_err_thresh_deg"": 1.5, ""tail_kd"": 0.03058417248804734, ""tail_kp"": 0.0, ""tail_max_control_boost"": 0.0, ""tail_u_max"": 0.0, ""torque_to_current"": 210.0, ""zeta0"": 0.885692967, ""zeta_leak"": 0.06039008327242241, ""zeta_reset_delay_sec"": 0.0, ""zeta_reset_value"": null, ""zeta_soft"": 0.8922305203879181}"
18,1,1.0,1000184.8428378619,1200.0,9.991681999999999,7.27425980110022,8.259294539279454,12.87000203275856,17.425628353645912,0.3651571621381119,0.0,0.041547044573643416,0.9772285095276428,0.8909074756,0.885692967,0.8909074756,0.005214508600000056,0.0005214508612499999,0.0,0.0481230946,0.0,0.0,0.0,0.0,0.0,0.0,0.0,0.0,0.0,0.0,0.0,0.0,0.0,0.0,0.0,0.0,7.581752019990179,12.698211374544707,13.143805854274728,0.0,0,11.24240964099954,/tmp/nussbaum_sine_3hz_struct_runs/optuna_t0018_r01.csv,,"{""alpha"": 12.520515601341513, ""amplitude_deg"": 10.0, ""baudrate"": 1000000.0, ""command_sign"": -1.0, ""control_output_scale"": 1.0, ""current_bias_raw"": -0.30100529693046174, ""current_limit_raw"": 0.0, ""default_mode"": 3.0, ""device"": ""/dev/ttyAMA0"", ""disable_anti_windup"": false, ""disable_freeze_nn_on_saturation"": false, ""disable_freeze_zeta_on_saturation"": false, ""disturb_interval_sec"": 30.0, ""disturb_jitter_sec"": 3.0, ""disturb_mode"": ""mixed"", ""disturb_seed"": -1.0, ""disturbance_placement"": ""mid_move"", ""duration"": 10.0, ""dxl_id"": 6.0, ""enable_disturbance"": false, ""frequency_hz"": 3.0, ""fric_coulomb"": 0.009114009687926049, ""fric_vel_scale"": 0.4502512227254069, ""gamma_adapt"": 21.508633090199304, ""gamma_link"": 0.8135910352085359, ""integral_limit"": 1.6504936083, ""k_delta"": 0.1766363955861112, ""max_abs_e_dot"": 10.0, ""max_control"": 0.1494590098793079, ""max_current_raw"": 86.0, ""max_current_slew"": 78.82901767521963, ""mid_disturbance_offset_sec"": 0.0, ""no_set_current_mode"": false, ""predict_horizon_sec"": 0.0013685194607517093, ""pulse_current_raw_max"": 12.0, ""pulse_current_raw_min"": 4.0, ""pulse_duration_max"": 0.6, ""pulse_duration_min"": 0.15, ""q_abs_guard_deg"": 35.0, ""qd_lpf_alpha"": 0.0397512135394006, ""rate"": 120.0, ""rbf_center_max"": 3.2, ""rbf_center_min"": -3.2, ""rbf_nodes"": 11.0, ""rbf_width"": 2.046281627080599, ""ref_jump_deg_max"": 8.0, ""ref_jump_deg_min"": 2.0, ""ref_jump_duration_max"": 0.6, ""ref_jump_duration_min"": 0.15, ""reference_shape"": ""sine"", ""reset_zeta_after_motion"": false, ""reset_zeta_on_segment"": false, ""restore_mode"": false, ""sigma_mod"": 0.11601327141648993, ""sine_center_mode"": ""lock"", ""soft_start_sec"": 0.5, ""step_absolute_target_deg"": null, ""step_absolute_target_rad"": null, ""step_delta_deg"": 40.0, ""step_ramp_sec"": 1.0, ""step_segment_sec"": 1.5, ""step_sequence_deg"": """", ""step_shape"": ""smoothstep"", ""step_start_sec"": 0.0, ""tail_err_full_deg"": 4.0, ""tail_err_thresh_deg"": 1.5, ""tail_kd"": 0.05977804332691019, ""tail_kp"": 0.0, ""tail_max_control_boost"": 0.0, ""tail_u_max"": 0.0, ""torque_to_current"": 210.0, ""zeta0"": 0.885692967, ""zeta_leak"": 0.06116993252047042, ""zeta_reset_delay_sec"": 0.0, ""zeta_reset_value"": null, ""zeta_soft"": 0.9195188116621307}"
19,1,0.0,1000000.0,0.0,0.0,inf,inf,inf,inf,0.0,1.0,1.0,0.0,0.0,0.0,0.0,0.0,0.0,0.0,0.0,0.0,0.0,0.0,0.0,0.0,0.0,0.0,0.0,0.0,0.0,0.0,0.0,0.0,0.0,0.0,0.0,inf,inf,inf,1.0,1,6.925427662999937,/tmp/nussbaum_sine_3hz_struct_runs/optuna_t0019_r01.csv,[DBG] t=   4.00s e=  1.76deg u=-0.1454 u_aux=-0.2556 u_rob=-0.0000 u_fric= 0.0038 ta=0.03 cmd=   2.05 slewB=1.00 raw q= 137.55deg | [DBG] t=   5.00s e=  1.98deg u=-0.0235 u_aux=-0.2538 u_rob=-0.0000 u_fric= 0.0038 ta=0.10 cmd=   0.69 slewB=1.00 raw q= 137.72deg | [ERROR] q guard hit: |q-q_center|=35.16 deg > 35.00,"{""alpha"": 18.18083626072708, ""amplitude_deg"": 10.0, ""baudrate"": 1000000.0, ""command_sign"": -1.0, ""control_output_scale"": 1.0, ""current_bias_raw"": -1.9068408498862424, ""current_limit_raw"": 0.0, ""default_mode"": 3.0, ""device"": ""/dev/ttyAMA0"", ""disable_anti_windup"": false, ""disable_freeze_nn_on_saturation"": false, ""disable_freeze_zeta_on_saturation"": false, ""disturb_interval_sec"": 30.0, ""disturb_jitter_sec"": 3.0, ""disturb_mode"": ""mixed"", ""disturb_seed"": -1.0, ""disturbance_placement"": ""mid_move"", ""duration"": 10.0, ""dxl_id"": 6.0, ""enable_disturbance"": false, ""frequency_hz"": 3.0, ""fric_coulomb"": 0.0037698378638375465, ""fric_vel_scale"": 0.6321466325553836, ""gamma_adapt"": 20.092483239314742, ""gamma_link"": 1.0196133553727522, ""integral_limit"": 1.6504936083, ""k_delta"": 0.0913752994224184, ""max_abs_e_dot"": 10.0, ""max_control"": 0.19107908541991872, ""max_current_raw"": 61.0, ""max_current_slew"": 97.08572448349528, ""mid_disturbance_offset_sec"": 0.0, ""no_set_current_mode"": false, ""predict_horizon_sec"": 0.004229698057607921, ""pulse_current_raw_max"": 12.0, ""pulse_current_raw_min"": 4.0, ""pulse_duration_max"": 0.6, ""pulse_duration_min"": 0.15, ""q_abs_guard_deg"": 35.0, ""qd_lpf_alpha"": 0.04436533529695321, ""rate"": 120.0, ""rbf_center_max"": 3.2, ""rbf_center_min"": -3.2, ""rbf_nodes"": 11.0, ""rbf_width"": 0.9992672592714917, ""ref_jump_deg_max"": 8.0, ""ref_jump_deg_min"": 2.0, ""ref_jump_duration_max"": 0.6, ""ref_jump_duration_min"": 0.15, ""reference_shape"": ""sine"", ""reset_zeta_after_motion"": false, ""reset_zeta_on_segment"": false, ""restore_mode"": false, ""sigma_mod"": 0.15040495643830273, ""sine_center_mode"": ""lock"", ""soft_start_sec"": 0.5, ""step_absolute_target_deg"": null, ""step_absolute_target_rad"": null, ""step_delta_deg"": 40.0, ""step_ramp_sec"": 1.0, ""step_segment_sec"": 1.5, ""step_sequence_deg"": """", ""step_shape"": ""smoothstep"", ""step_start_sec"": 0.0, ""tail_err_full_deg"": 4.0, ""tail_err_thresh_deg"": 1.5, ""tail_kd"": 0.07656086004214764, ""tail_kp"": 0.0, ""tail_max_control_boost"": 0.0, ""tail_u_max"": 0.0, ""torque_to_current"": 210.0, ""zeta0"": 0.885692967, ""zeta_leak"": 0.0329549514797839, ""zeta_reset_delay_sec"": 0.0, ""zeta_reset_value"": null, ""zeta_soft"": 0.885279279745096}"
20,1,1.0,1000100.290829286,1200.0,9.991757000000002,7.485509437677597,8.569069402941397,13.247195471903495,21.79957436485091,0.44970917071399796,0.0,0.04748474444444445,0.9287267848122238,1.0046491302,0.885692977,1.0046483312,0.11895535420000003,0.011895536420583332,0.12459449119499999,0.4123126319,0.0,0.0,0.0,0.0,0.0,0.0,0.0,0.0,0.0,0.0,0.0,0.0,0.0,0.0,0.0,0.0,7.362482793079452,12.002818199524489,12.442340403786778,0.0,0,11.182917049000025,/tmp/nussbaum_sine_3hz_struct_runs/optuna_t0020_r01.csv,,"{""alpha"": 24.39811950477171, ""amplitude_deg"": 10.0, ""baudrate"": 1000000.0, ""command_sign"": -1.0, ""control_output_scale"": 1.0, ""current_bias_raw"": 0.37718542929473964, ""current_limit_raw"": 0.0, ""default_mode"": 3.0, ""device"": ""/dev/ttyAMA0"", ""disable_anti_windup"": false, ""disable_freeze_nn_on_saturation"": false, ""disable_freeze_zeta_on_saturation"": false, ""disturb_interval_sec"": 30.0, ""disturb_jitter_sec"": 3.0, ""disturb_mode"": ""mixed"", ""disturb_seed"": -1.0, ""disturbance_placement"": ""mid_move"", ""duration"": 10.0, ""dxl_id"": 6.0, ""enable_disturbance"": false, ""frequency_hz"": 3.0, ""fric_coulomb"": 0.010674635011020965, ""fric_vel_scale"": 0.3863418973117269, ""gamma_adapt"": 7.1056091702435165, ""gamma_link"": 0.8142812081901737, ""integral_limit"": 1.6504936083, ""k_delta"": 0.19138501541967298, ""max_abs_e_dot"": 10.0, ""max_control"": 0.22946156330833162, ""max_current_raw"": 75.0, ""max_current_slew"": 79.67317200734843, ""mid_disturbance_offset_sec"": 0.0, ""no_set_current_mode"": false, ""predict_horizon_sec"": 0.0008767741591715877, ""pulse_current_raw_max"": 12.0, ""pulse_current_raw_min"": 4.0, ""pulse_duration_max"": 0.6, ""pulse_duration_min"": 0.15, ""q_abs_guard_deg"": 35.0, ""qd_lpf_alpha"": 0.07057203273513499, ""rate"": 120.0, ""rbf_center_max"": 3.2, ""rbf_center_min"": -3.2, ""rbf_nodes"": 11.0, ""rbf_width"": 1.1323138831319006, ""ref_jump_deg_max"": 8.0, ""ref_jump_deg_min"": 2.0, ""ref_jump_duration_max"": 0.6, ""ref_jump_duration_min"": 0.15, ""reference_shape"": ""sine"", ""reset_zeta_after_motion"": false, ""reset_zeta_on_segment"": false, ""restore_mode"": false, ""sigma_mod"": 0.2356432447683181, ""sine_center_mode"": ""lock"", ""soft_start_sec"": 0.5, ""step_absolute_target_deg"": null, ""step_absolute_target_rad"": null, ""step_delta_deg"": 40.0, ""step_ramp_sec"": 1.0, ""step_segment_sec"": 1.5, ""step_sequence_deg"": """", ""step_shape"": ""smoothstep"", ""step_start_sec"": 0.0, ""tail_err_full_deg"": 4.0, ""tail_err_thresh_deg"": 1.5, ""tail_kd"": 0.052403503669549795, ""tail_kp"": 0.0, ""tail_max_control_boost"": 0.0, ""tail_u_max"": 0.0, ""torque_to_current"": 210.0, ""zeta0"": 0.885692967, ""zeta_leak"": 0.03205242061167846, ""zeta_reset_delay_sec"": 0.0, ""zeta_reset_value"": null, ""zeta_soft"": 0.8989227733667807}"
21,1,0.0,1000000.0,0.0,0.0,inf,inf,inf,inf,0.0,1.0,1.0,0.0,0.0,0.0,0.0,0.0,0.0,0.0,0.0,0.0,0.0,0.0,0.0,0.0,0.0,0.0,0.0,0.0,0.0,0.0,0.0,0.0,0.0,0.0,0.0,inf,inf,inf,1.0,1,5.365620071000194,/tmp/nussbaum_sine_3hz_struct_runs/optuna_t0021_r01.csv,[DBG] t=   3.00s e=  4.23deg u=-0.2483 u_aux=-0.1911 u_rob=-0.0000 u_fric= 0.0005 ta=1.00 cmd=   1.32 slewB=1.00 raw q= 135.09deg | [DBG] t=   4.00s e= 22.68deg u= 0.2483 u_aux=-0.2462 u_rob=-0.0000 u_fric= 0.0005 ta=1.00 cmd= -14.49 slewB=1.00 raw q= 116.72deg | [ERROR] q guard hit: |q-q_center|=35.68 deg > 35.00,"{""alpha"": 19.78397483717057, ""amplitude_deg"": 10.0, ""baudrate"": 1000000.0, ""command_sign"": -1.0, ""control_output_scale"": 1.0, ""current_bias_raw"": -1.2074288488108738, ""current_limit_raw"": 0.0, ""default_mode"": 3.0, ""device"": ""/dev/ttyAMA0"", ""disable_anti_windup"": false, ""disable_freeze_nn_on_saturation"": false, ""disable_freeze_zeta_on_saturation"": false, ""disturb_interval_sec"": 30.0, ""disturb_jitter_sec"": 3.0, ""disturb_mode"": ""mixed"", ""disturb_seed"": -1.0, ""disturbance_placement"": ""mid_move"", ""duration"": 10.0, ""dxl_id"": 6.0, ""enable_disturbance"": false, ""frequency_hz"": 3.0, ""fric_coulomb"": 0.000475837046322245, ""fric_vel_scale"": 0.9511286674793646, ""gamma_adapt"": 11.23848466127059, ""gamma_link"": 1.001034988076801, ""integral_limit"": 1.6504936083, ""k_delta"": 0.14727843000083018, ""max_abs_e_dot"": 10.0, ""max_control"": 0.24833398110465016, ""max_current_raw"": 90.0, ""max_current_slew"": 111.65845570789435, ""mid_disturbance_offset_sec"": 0.0, ""no_set_current_mode"": false, ""predict_horizon_sec"": 0.0013564413441122713, ""pulse_current_raw_max"": 12.0, ""pulse_current_raw_min"": 4.0, ""pulse_duration_max"": 0.6, ""pulse_duration_min"": 0.15, ""q_abs_guard_deg"": 35.0, ""qd_lpf_alpha"": 0.04643565506147013, ""rate"": 120.0, ""rbf_center_max"": 3.2, ""rbf_center_min"": -3.2, ""rbf_nodes"": 11.0, ""rbf_width"": 0.7079201059250502, ""ref_jump_deg_max"": 8.0, ""ref_jump_deg_min"": 2.0, ""ref_jump_duration_max"": 0.6, ""ref_jump_duration_min"": 0.15, ""reference_shape"": ""sine"", ""reset_zeta_after_motion"": false, ""reset_zeta_on_segment"": false, ""restore_mode"": false, ""sigma_mod"": 0.09053071615050765, ""sine_center_mode"": ""lock"", ""soft_start_sec"": 0.5, ""step_absolute_target_deg"": null, ""step_absolute_target_rad"": null, ""step_delta_deg"": 40.0, ""step_ramp_sec"": 1.0, ""step_segment_sec"": 1.5, ""step_sequence_deg"": """", ""step_shape"": ""smoothstep"", ""step_start_sec"": 0.0, ""tail_err_full_deg"": 4.0, ""tail_err_thresh_deg"": 1.5, ""tail_kd"": 0.05801324051233474, ""tail_kp"": 0.0, ""tail_max_control_boost"": 0.0, ""tail_u_max"": 0.0, ""torque_to_current"": 210.0, ""zeta0"": 0.885692967, ""zeta_leak"": 0.02609151974857184, ""zeta_reset_delay_sec"": 0.0, ""zeta_reset_value"": null, ""zeta_soft"": 0.9224662945943335}"
22,1,1.0,1000095.3803002221,1200.0,9.991750000000001,9.977197447913538,12.04850139257862,21.061354318674642,37.538030022207444,1.1620061896589458,0.0,0.17888166666666663,0.9553091918405945,1.0755241125,0.885692967,1.0755241125,0.1898311454999999,0.01898311454916667,0.02386483095499992,1.1229744988,0.0,0.0,0.0,0.0,0.0,0.0,0.0,0.0,0.0,0.0,0.0,0.0,0.0,0.0,0.0,0.0,9.325625785218355,16.47775799158693,17.978082114962426,0.0,0,11.235951493000357,/tmp/nussbaum_sine_3hz_struct_runs/optuna_t0022_r01.csv,,"{""alpha"": 25.367672102592977, ""amplitude_deg"": 10.0, ""baudrate"": 1000000.0, ""command_sign"": -1.0, ""control_output_scale"": 1.0, ""current_bias_raw"": -0.6335902400389746, ""current_limit_raw"": 0.0, ""default_mode"": 3.0, ""device"": ""/dev/ttyAMA0"", ""disable_anti_windup"": false, ""disable_freeze_nn_on_saturation"": false, ""disable_freeze_zeta_on_saturation"": false, ""disturb_interval_sec"": 30.0, ""disturb_jitter_sec"": 3.0, ""disturb_mode"": ""mixed"", ""disturb_seed"": -1.0, ""disturbance_placement"": ""mid_move"", ""duration"": 10.0, ""dxl_id"": 6.0, ""enable_disturbance"": false, ""frequency_hz"": 3.0, ""fric_coulomb"": 0.01477824977177693, ""fric_vel_scale"": 0.7369747680324403, ""gamma_adapt"": 11.912205005077384, ""gamma_link"": 1.0025772798189005, ""integral_limit"": 1.6504936083, ""k_delta"": 0.08536017309392922, ""max_abs_e_dot"": 10.0, ""max_control"": 0.15503550068788985, ""max_current_raw"": 54.0, ""max_current_slew"": 219.7148326396338, ""mid_disturbance_offset_sec"": 0.0, ""no_set_current_mode"": false, ""predict_horizon_sec"": 0.003338954752356938, ""pulse_current_raw_max"": 12.0, ""pulse_current_raw_min"": 4.0, ""pulse_duration_max"": 0.6, ""pulse_duration_min"": 0.15, ""q_abs_guard_deg"": 35.0, ""qd_lpf_alpha"": 0.07952172524406581, ""rate"": 120.0, ""rbf_center_max"": 3.2, ""rbf_center_min"": -3.2, ""rbf_nodes"": 11.0, ""rbf_width"": 1.263980753891825, ""ref_jump_deg_max"": 8.0, ""ref_jump_deg_min"": 2.0, ""ref_jump_duration_max"": 0.6, ""ref_jump_duration_min"": 0.15, ""reference_shape"": ""sine"", ""reset_zeta_after_motion"": false, ""reset_zeta_on_segment"": false, ""restore_mode"": false, ""sigma_mod"": 0.2796499356854408, ""sine_center_mode"": ""lock"", ""soft_start_sec"": 0.5, ""step_absolute_target_deg"": null, ""step_absolute_target_rad"": null, ""step_delta_deg"": 40.0, ""step_ramp_sec"": 1.0, ""step_segment_sec"": 1.5, ""step_sequence_deg"": """", ""step_shape"": ""smoothstep"", ""step_start_sec"": 0.0, ""tail_err_full_deg"": 4.0, ""tail_err_thresh_deg"": 1.5, ""tail_kd"": 0.03226935997798385, ""tail_kp"": 0.0, ""tail_max_control_boost"": 0.0, ""tail_u_max"": 0.0, ""torque_to_current"": 210.0, ""zeta0"": 0.885692967, ""zeta_leak"": 0.027315461526407417, ""zeta_reset_delay_sec"": 0.0, ""zeta_reset_value"": null, ""zeta_soft"": 0.9119317866839407}"
23,1,1.0,1000216.2178057107,1199.0,9.995187999999999,6.874054723479702,7.8171866098480205,12.033222968675846,16.67761321638272,0.33378219428931893,0.0,0.03194383896692937,0.9535020175515964,0.9424313269,0.8856929731,0.9424313269,0.05673835380000003,0.005678568130108423,0.00638432449999998,1.4391879222,0.0,0.0,0.0,0.0,0.0,0.0,0.0,0.0,0.0,0.0,0.0,0.0,0.0,0.0,0.0,0.0,6.738856288413034,11.821476843652324,12.208867201218048,0.0,0,11.141029419000006,/tmp/nussbaum_sine_3hz_struct_runs/optuna_t0023_r01.csv,,"{""alpha"": 9.571641668097929, ""amplitude_deg"": 10.0, ""baudrate"": 1000000.0, ""command_sign"": -1.0, ""control_output_scale"": 1.0, ""current_bias_raw"": -0.9696098296157274, ""current_limit_raw"": 0.0, ""default_mode"": 3.0, ""device"": ""/dev/ttyAMA0"", ""disable_anti_windup"": false, ""disable_freeze_nn_on_saturation"": false, ""disable_freeze_zeta_on_saturation"": false, ""disturb_interval_sec"": 30.0, ""disturb_jitter_sec"": 3.0, ""disturb_mode"": ""mixed"", ""disturb_seed"": -1.0, ""disturbance_placement"": ""mid_move"", ""duration"": 10.0, ""dxl_id"": 6.0, ""enable_disturbance"": false, ""frequency_hz"": 3.0, ""fric_coulomb"": 0.0038537357230936653, ""fric_vel_scale"": 0.4248396356665775, ""gamma_adapt"": 15.644293254444626, ""gamma_link"": 0.9443499430282143, ""integral_limit"": 1.6504936083, ""k_delta"": 0.08768789817450022, ""max_abs_e_dot"": 10.0, ""max_control"": 0.21905046776543863, ""max_current_raw"": 89.0, ""max_current_slew"": 60.1922869815278, ""mid_disturbance_offset_sec"": 0.0, ""no_set_current_mode"": false, ""predict_horizon_sec"": 0.0022569111573125995, ""pulse_current_raw_max"": 12.0, ""pulse_current_raw_min"": 4.0, ""pulse_duration_max"": 0.6, ""pulse_duration_min"": 0.15, ""q_abs_guard_deg"": 35.0, ""qd_lpf_alpha"": 0.07637448947420589, ""rate"": 120.0, ""rbf_center_max"": 3.2, ""rbf_center_min"": -3.2, ""rbf_nodes"": 11.0, ""rbf_width"": 1.6008863263165547, ""ref_jump_deg_max"": 8.0, ""ref_jump_deg_min"": 2.0, ""ref_jump_duration_max"": 0.6, ""ref_jump_duration_min"": 0.15, ""reference_shape"": ""sine"", ""reset_zeta_after_motion"": false, ""reset_zeta_on_segment"": false, ""restore_mode"": false, ""sigma_mod"": 0.28596200654691833, ""sine_center_mode"": ""lock"", ""soft_start_sec"": 0.5, ""step_absolute_target_deg"": null, ""step_absolute_target_rad"": null, ""step_delta_deg"": 40.0, ""step_ramp_sec"": 1.0, ""step_segment_sec"": 1.5, ""step_sequence_deg"": """", ""step_shape"": ""smoothstep"", ""step_start_sec"": 0.0, ""tail_err_full_deg"": 4.0, ""tail_err_thresh_deg"": 1.5, ""tail_kd"": 0.04162714955236379, ""tail_kp"": 0.0, ""tail_max_control_boost"": 0.0, ""tail_u_max"": 0.0, ""torque_to_current"": 210.0, ""zeta0"": 0.885692967, ""zeta_leak"": 0.04890088490195029, ""zeta_reset_delay_sec"": 0.0, ""zeta_reset_value"": null, ""zeta_soft"": 0.9325665937746164}"
24,1,1.0,1000145.0144874124,1200.0,9.992493000000001,8.04270793891383,9.078544839585335,13.40094814131723,19.3852164176699,0.4049855125875695,0.0,0.06608208874458875,0.964417496815079,0.8967346481,0.8856923069,0.8967346481,0.011042341200000028,0.0011041681065833333,0.0022583266149999973,0.0767652479,0.0,0.0,0.0,0.0,0.0,0.0,0.0,0.0,0.0,0.0,0.0,0.0,0.0,0.0,0.0,0.0,8.117268051533538,13.664264036570152,14.685897976391262,0.0,0,11.044543660000272,/tmp/nussbaum_sine_3hz_struct_runs/optuna_t0024_r01.csv,,"{""alpha"": 20.613420928230102, ""amplitude_deg"": 10.0, ""baudrate"": 1000000.0, ""command_sign"": -1.0, ""control_output_scale"": 1.0, ""current_bias_raw"": 0.6702385850881303, ""current_limit_raw"": 0.0, ""default_mode"": 3.0, ""device"": ""/dev/ttyAMA0"", ""disable_anti_windup"": false, ""disable_freeze_nn_on_saturation"": false, ""disable_freeze_zeta_on_saturation"": false, ""disturb_interval_sec"": 30.0, ""disturb_jitter_sec"": 3.0, ""disturb_mode"": ""mixed"", ""disturb_seed"": -1.0, ""disturbance_placement"": ""mid_move"", ""duration"": 10.0, ""dxl_id"": 6.0, ""enable_disturbance"": false, ""frequency_hz"": 3.0, ""fric_coulomb"": 0.015151598783712318, ""fric_vel_scale"": 0.4130567469276726, ""gamma_adapt"": 20.76727315798267, ""gamma_link"": 1.046625816765736, ""integral_limit"": 1.6504936083, ""k_delta"": 0.11970343432932432, ""max_abs_e_dot"": 10.0, ""max_control"": 0.15356646016526077, ""max_current_raw"": 77.0, ""max_current_slew"": 117.00364218649094, ""mid_disturbance_offset_sec"": 0.0, ""no_set_current_mode"": false, ""predict_horizon_sec"": 0.0022503229134480003, ""pulse_current_raw_max"": 12.0, ""pulse_current_raw_min"": 4.0, ""pulse_duration_max"": 0.6, ""pulse_duration_min"": 0.15, ""q_abs_guard_deg"": 35.0, ""qd_lpf_alpha"": 0.030788665809420614, ""rate"": 120.0, ""rbf_center_max"": 3.2, ""rbf_center_min"": -3.2, ""rbf_nodes"": 11.0, ""rbf_width"": 1.4941426301867757, ""ref_jump_deg_max"": 8.0, ""ref_jump_deg_min"": 2.0, ""ref_jump_duration_max"": 0.6, ""ref_jump_duration_min"": 0.15, ""reference_shape"": ""sine"", ""reset_zeta_after_motion"": false, ""reset_zeta_on_segment"": false, ""restore_mode"": false, ""sigma_mod"": 0.3176527598522216, ""sine_center_mode"": ""lock"", ""soft_start_sec"": 0.5, ""step_absolute_target_deg"": null, ""step_absolute_target_rad"": null, ""step_delta_deg"": 40.0, ""step_ramp_sec"": 1.0, ""step_segment_sec"": 1.5, ""step_sequence_deg"": """", ""step_shape"": ""smoothstep"", ""step_start_sec"": 0.0, ""tail_err_full_deg"": 4.0, ""tail_err_thresh_deg"": 1.5, ""tail_kd"": 0.025771536601790483, ""tail_kp"": 0.0, ""tail_max_control_boost"": 0.0, ""tail_u_max"": 0.0, ""torque_to_current"": 210.0, ""zeta0"": 0.885692967, ""zeta_leak"": 0.04588456972613393, ""zeta_reset_delay_sec"": 0.0, ""zeta_reset_value"": null, ""zeta_soft"": 0.8839393422094242}"
25,1,1.0,1000021.6488130239,1200.0,9.991753000000001,8.692259865613572,10.049884620596565,15.5160682742559,30.1648813023911,0.7966198919636935,0.0,0.07834709915611814,0.938085276879632,1.7787472686,0.885692967,1.7782905386,0.8925975716000001,0.08925975715841666,0.5393488572499944,8.7501729665,0.0,0.0,0.0,0.0,0.0,0.0,0.0,0.0,0.0,0.0,0.0,0.0,0.0,0.0,0.0,0.0,8.689569955577353,14.203732156367103,17.471785885187852,0.0,0,11.138856290000149,/tmp/nussbaum_sine_3hz_struct_runs/optuna_t0025_r01.csv,,"{""alpha"": 11.26799704058132, ""amplitude_deg"": 10.0, ""baudrate"": 1000000.0, ""command_sign"": -1.0, ""control_output_scale"": 1.0, ""current_bias_raw"": 0.4394889384926741, ""current_limit_raw"": 0.0, ""default_mode"": 3.0, ""device"": ""/dev/ttyAMA0"", ""disable_anti_windup"": false, ""disable_freeze_nn_on_saturation"": false, ""disable_freeze_zeta_on_saturation"": false, ""disturb_interval_sec"": 30.0, ""disturb_jitter_sec"": 3.0, ""disturb_mode"": ""mixed"", ""disturb_seed"": -1.0, ""disturbance_placement"": ""mid_move"", ""duration"": 10.0, ""dxl_id"": 6.0, ""enable_disturbance"": false, ""frequency_hz"": 3.0, ""fric_coulomb"": 0.00935352395498363, ""fric_vel_scale"": 0.6376765020829297, ""gamma_adapt"": 6.5642228727146605, ""gamma_link"": 1.068889579919629, ""integral_limit"": 1.6504936083, ""k_delta"": 0.1072868745787169, ""max_abs_e_dot"": 10.0, ""max_control"": 0.2357121304280658, ""max_current_raw"": 79.0, ""max_current_slew"": 140.2424571763485, ""mid_disturbance_offset_sec"": 0.0, ""no_set_current_mode"": false, ""predict_horizon_sec"": 0.000994913913051284, ""pulse_current_raw_max"": 12.0, ""pulse_current_raw_min"": 4.0, ""pulse_duration_max"": 0.6, ""pulse_duration_min"": 0.15, ""q_abs_guard_deg"": 35.0, ""qd_lpf_alpha"": 0.04022925193601732, ""rate"": 120.0, ""rbf_center_max"": 3.2, ""rbf_center_min"": -3.2, ""rbf_nodes"": 11.0, ""rbf_width"": 1.4176423691056925, ""ref_jump_deg_max"": 8.0, ""ref_jump_deg_min"": 2.0, ""ref_jump_duration_max"": 0.6, ""ref_jump_duration_min"": 0.15, ""reference_shape"": ""sine"", ""reset_zeta_after_motion"": false, ""reset_zeta_on_segment"": false, ""restore_mode"": false, ""sigma_mod"": 0.3317255939737083, ""sine_center_mode"": ""lock"", ""soft_start_sec"": 0.5, ""step_absolute_target_deg"": null, ""step_absolute_target_rad"": null, ""step_delta_deg"": 40.0, ""step_ramp_sec"": 1.0, ""step_segment_sec"": 1.5, ""step_sequence_deg"": """", ""step_shape"": ""smoothstep"", ""step_start_sec"": 0.0, ""tail_err_full_deg"": 4.0, ""tail_err_thresh_deg"": 1.5, ""tail_kd"": 0.0742132805559128, ""tail_kp"": 0.0, ""tail_max_control_boost"": 0.0, ""tail_u_max"": 0.0, ""torque_to_current"": 210.0, ""zeta0"": 0.885692967, ""zeta_leak"": 0.06479077053575258, ""zeta_reset_delay_sec"": 0.0, ""zeta_reset_value"": null, ""zeta_soft"": 0.9328049202024975}"
26,1,0.0,1000000.0,0.0,0.0,inf,inf,inf,inf,0.0,1.0,1.0,0.0,0.0,0.0,0.0,0.0,0.0,0.0,0.0,0.0,0.0,0.0,0.0,0.0,0.0,0.0,0.0,0.0,0.0,0.0,0.0,0.0,0.0,0.0,0.0,inf,inf,inf,1.0,1,7.809041272999821,/tmp/nussbaum_sine_3hz_struct_runs/optuna_t0026_r01.csv,[DBG] t=   5.00s e=  2.53deg u=-0.2016 u_aux=-0.1137 u_rob=-0.0000 u_fric= 0.0185 ta=0.37 cmd=   1.00 slewB=1.00 raw q= 136.67deg | [DBG] t=   6.00s e=  2.42deg u= 0.2016 u_aux=-0.1241 u_rob=-0.0000 u_fric= 0.0185 ta=0.30 cmd=  -5.12 slewB=1.00 raw q= 136.85deg | [ERROR] q guard hit: |q-q_center|=35.16 deg > 35.00,"{""alpha"": 3.407659490627058, ""amplitude_deg"": 10.0, ""baudrate"": 1000000.0, ""command_sign"": -1.0, ""control_output_scale"": 1.0, ""current_bias_raw"": -1.8349621820070052, ""current_limit_raw"": 0.0, ""default_mode"": 3.0, ""device"": ""/dev/ttyAMA0"", ""disable_anti_windup"": false, ""disable_freeze_nn_on_saturation"": false, ""disable_freeze_zeta_on_saturation"": false, ""disturb_interval_sec"": 30.0, ""disturb_jitter_sec"": 3.0, ""disturb_mode"": ""mixed"", ""disturb_seed"": -1.0, ""disturbance_placement"": ""mid_move"", ""duration"": 10.0, ""dxl_id"": 6.0, ""enable_disturbance"": false, ""frequency_hz"": 3.0, ""fric_coulomb"": 0.018548617499500958, ""fric_vel_scale"": 0.7201194638716399, ""gamma_adapt"": 14.963082403245986, ""gamma_link"": 0.9553848321898842, ""integral_limit"": 1.6504936083, ""k_delta"": 0.13433692912295586, ""max_abs_e_dot"": 10.0, ""max_control"": 0.2016344152361774, ""max_current_raw"": 52.0, ""max_current_slew"": 155.54758389208865, ""mid_disturbance_offset_sec"": 0.0, ""no_set_current_mode"": false, ""predict_horizon_sec"": 0.003979229304508759, ""pulse_current_raw_max"": 12.0, ""pulse_current_raw_min"": 4.0, ""pulse_duration_max"": 0.6, ""pulse_duration_min"": 0.15, ""q_abs_guard_deg"": 35.0, ""qd_lpf_alpha"": 0.06786258964285773, ""rate"": 120.0, ""rbf_center_max"": 3.2, ""rbf_center_min"": -3.2, ""rbf_nodes"": 11.0, ""rbf_width"": 1.1758424196686232, ""ref_jump_deg_max"": 8.0, ""ref_jump_deg_min"": 2.0, ""ref_jump_duration_max"": 0.6, ""ref_jump_duration_min"": 0.15, ""reference_shape"": ""sine"", ""reset_zeta_after_motion"": false, ""reset_zeta_on_segment"": false, ""restore_mode"": false, ""sigma_mod"": 0.23468306412683515, ""sine_center_mode"": ""lock"", ""soft_start_sec"": 0.5, ""step_absolute_target_deg"": null, ""step_absolute_target_rad"": null, ""step_delta_deg"": 40.0, ""step_ramp_sec"": 1.0, ""step_segment_sec"": 1.5, ""step_sequence_deg"": """", ""step_shape"": ""smoothstep"", ""step_start_sec"": 0.0, ""tail_err_full_deg"": 4.0, ""tail_err_thresh_deg"": 1.5, ""tail_kd"": 0.036367673695536756, ""tail_kp"": 0.0, ""tail_max_control_boost"": 0.0, ""tail_u_max"": 0.0, ""torque_to_current"": 210.0, ""zeta0"": 0.885692967, ""zeta_leak"": 0.056115538381219646, ""zeta_reset_delay_sec"": 0.0, ""zeta_reset_value"": null, ""zeta_soft"": 1.0182753139489886}"
27,1,1.0,1000278.52825626,1200.0,9.991805000000001,7.276572116562793,8.185740797856667,12.233369272074384,13.615515830520904,0.27147174373997085,0.0,0.04795314285714286,0.9665274768906761,0.8973070388,0.885692967,0.8973070388,0.011614071799999959,0.0011614071820833334,0.0002950988249999967,0.0757886846,0.0,0.0,0.0,0.0,0.0,0.0,0.0,0.0,0.0,0.0,0.0,0.0,0.0,0.0,0.0,0.0,7.477749755579828,12.019182533054888,12.73082914562426,0.0,0,11.203925030000391,/tmp/nussbaum_sine_3hz_struct_runs/optuna_t0027_r01.csv,,"{""alpha"": 13.824416334945411, ""amplitude_deg"": 10.0, ""baudrate"": 1000000.0, ""command_sign"": -1.0, ""control_output_scale"": 1.0, ""current_bias_raw"": 1.0347447606106028, ""current_limit_raw"": 0.0, ""default_mode"": 3.0, ""device"": ""/dev/ttyAMA0"", ""disable_anti_windup"": false, ""disable_freeze_nn_on_saturation"": false, ""disable_freeze_zeta_on_saturation"": false, ""disturb_interval_sec"": 30.0, ""disturb_jitter_sec"": 3.0, ""disturb_mode"": ""mixed"", ""disturb_seed"": -1.0, ""disturbance_placement"": ""mid_move"", ""duration"": 10.0, ""dxl_id"": 6.0, ""enable_disturbance"": false, ""frequency_hz"": 3.0, ""fric_coulomb"": 0.012832933704924956, ""fric_vel_scale"": 0.4876661816433685, ""gamma_adapt"": 15.171739037198815, ""gamma_link"": 1.0546625849711402, ""integral_limit"": 1.6504936083, ""k_delta"": 0.14153462084196003, ""max_abs_e_dot"": 10.0, ""max_control"": 0.21891015272745187, ""max_current_raw"": 70.0, ""max_current_slew"": 74.7531818940021, ""mid_disturbance_offset_sec"": 0.0, ""no_set_current_mode"": false, ""predict_horizon_sec"": 0.003371845698404779, ""pulse_current_raw_max"": 12.0, ""pulse_current_raw_min"": 4.0, ""pulse_duration_max"": 0.6, ""pulse_duration_min"": 0.15, ""q_abs_guard_deg"": 35.0, ""qd_lpf_alpha"": 0.03991395948387607, ""rate"": 120.0, ""rbf_center_max"": 3.2, ""rbf_center_min"": -3.2, ""rbf_nodes"": 11.0, ""rbf_width"": 1.994664704497527, ""ref_jump_deg_max"": 8.0, ""ref_jump_deg_min"": 2.0, ""ref_jump_duration_max"": 0.6, ""ref_jump_duration_min"": 0.15, ""reference_shape"": ""sine"", ""reset_zeta_after_motion"": false, ""reset_zeta_on_segment"": false, ""restore_mode"": false, ""sigma_mod"": 0.09708200306055145, ""sine_center_mode"": ""lock"", ""soft_start_sec"": 0.5, ""step_absolute_target_deg"": null, ""step_absolute_target_rad"": null, ""step_delta_deg"": 40.0, ""step_ramp_sec"": 1.0, ""step_segment_sec"": 1.5, ""step_sequence_deg"": """", ""step_shape"": ""smoothstep"", ""step_start_sec"": 0.0, ""tail_err_full_deg"": 4.0, ""tail_err_thresh_deg"": 1.5, ""tail_kd"": 0.07672673648838245, ""tail_kp"": 0.0, ""tail_max_control_boost"": 0.0, ""tail_u_max"": 0.0, ""torque_to_current"": 210.0, ""zeta0"": 0.885692967, ""zeta_leak"": 0.07834710630967213, ""zeta_reset_delay_sec"": 0.0, ""zeta_reset_value"": null, ""zeta_soft"": 1.0652253491760024}"
28,1,1.0,1000007.0536204695,1200.0,9.991757,8.305976877401106,9.501765331369473,14.75176881444009,24.004425263672896,0.5429463795304409,0.0,0.11066350628930818,0.9037349706954337,1.0720748105,0.885692967,1.0720748105,0.18638184349999998,0.018638184354,0.15036770643999983,0.3467152811,0.0,0.0,0.0,0.0,0.0,0.0,0.0,0.0,0.0,0.0,0.0,0.0,0.0,0.0,0.0,0.0,8.301583351934259,13.42306584487138,15.01885148034244,0.0,0,11.176021142000536,/tmp/nussbaum_sine_3hz_struct_runs/optuna_t0028_r01.csv,,"{""alpha"": 7.4420920279820635, ""amplitude_deg"": 10.0, ""baudrate"": 1000000.0, ""command_sign"": -1.0, ""control_output_scale"": 1.0, ""current_bias_raw"": 0.012425158140820791, ""current_limit_raw"": 0.0, ""default_mode"": 3.0, ""device"": ""/dev/ttyAMA0"", ""disable_anti_windup"": false, ""disable_freeze_nn_on_saturation"": false, ""disable_freeze_zeta_on_saturation"": false, ""disturb_interval_sec"": 30.0, ""disturb_jitter_sec"": 3.0, ""disturb_mode"": ""mixed"", ""disturb_seed"": -1.0, ""disturbance_placement"": ""mid_move"", ""duration"": 10.0, ""dxl_id"": 6.0, ""enable_disturbance"": false, ""frequency_hz"": 3.0, ""fric_coulomb"": 0.01526568930927293, ""fric_vel_scale"": 0.5831902330843831, ""gamma_adapt"": 14.005643489811446, ""gamma_link"": 0.9303704568701754, ""integral_limit"": 1.6504936083, ""k_delta"": 0.18369831080220067, ""max_abs_e_dot"": 10.0, ""max_control"": 0.14916599770147757, ""max_current_raw"": 53.0, ""max_current_slew"": 135.01196674920163, ""mid_disturbance_offset_sec"": 0.0, ""no_set_current_mode"": false, ""predict_horizon_sec"": 0.002954963793841971, ""pulse_current_raw_max"": 12.0, ""pulse_current_raw_min"": 4.0, ""pulse_duration_max"": 0.6, ""pulse_duration_min"": 0.15, ""q_abs_guard_deg"": 35.0, ""qd_lpf_alpha"": 0.028442423520455562, ""rate"": 120.0, ""rbf_center_max"": 3.2, ""rbf_center_min"": -3.2, ""rbf_nodes"": 11.0, ""rbf_width"": 1.1175969936332006, ""ref_jump_deg_max"": 8.0, ""ref_jump_deg_min"": 2.0, ""ref_jump_duration_max"": 0.6, ""ref_jump_duration_min"": 0.15, ""reference_shape"": ""sine"", ""reset_zeta_after_motion"": false, ""reset_zeta_on_segment"": false, ""restore_mode"": false, ""sigma_mod"": 0.0807302892270812, ""sine_center_mode"": ""lock"", ""soft_start_sec"": 0.5, ""step_absolute_target_deg"": null, ""step_absolute_target_rad"": null, ""step_delta_deg"": 40.0, ""step_ramp_sec"": 1.0, ""step_segment_sec"": 1.5, ""step_sequence_deg"": """", ""step_shape"": ""smoothstep"", ""step_start_sec"": 0.0, ""tail_err_full_deg"": 4.0, ""tail_err_thresh_deg"": 1.5, ""tail_kd"": 0.017261777543511096, ""tail_kp"": 0.0, ""tail_max_control_boost"": 0.0, ""tail_u_max"": 0.0, ""torque_to_current"": 210.0, ""zeta0"": 0.885692967, ""zeta_leak"": 0.07288083807918891, ""zeta_reset_delay_sec"": 0.0, ""zeta_reset_value"": null, ""zeta_soft"": 1.0282634013781338}"
29,1,0.0,1000000.0,0.0,0.0,inf,inf,inf,inf,0.0,1.0,1.0,0.0,0.0,0.0,0.0,0.0,0.0,0.0,0.0,0.0,0.0,0.0,0.0,0.0,0.0,0.0,0.0,0.0,0.0,0.0,0.0,0.0,0.0,0.0,0.0,inf,inf,inf,1.0,1,7.296885440000551,/tmp/nussbaum_sine_3hz_struct_runs/optuna_t0029_r01.csv,[DBG] t=   5.00s e=-10.10deg u= 0.2366 u_aux=-0.0356 u_rob=-0.0000 u_fric= 0.0110 ta=1.00 cmd=   7.40 slewB=1.00 raw q= 149.59deg | [DBG] t=   6.00s e=-25.06deg u= 0.2366 u_aux=-0.0341 u_rob=-0.0000 u_fric= 0.0110 ta=1.00 cmd=  20.32 slewB=1.00 raw q= 164.53deg | [ERROR] q guard hit: |q-q_center|=35.33 deg > 35.00,"{""alpha"": 25.532838024843496, ""amplitude_deg"": 10.0, ""baudrate"": 1000000.0, ""command_sign"": -1.0, ""control_output_scale"": 1.0, ""current_bias_raw"": -2.064804588365311, ""current_limit_raw"": 0.0, ""default_mode"": 3.0, ""device"": ""/dev/ttyAMA0"", ""disable_anti_windup"": false, ""disable_freeze_nn_on_saturation"": false, ""disable_freeze_zeta_on_saturation"": false, ""disturb_interval_sec"": 30.0, ""disturb_jitter_sec"": 3.0, ""disturb_mode"": ""mixed"", ""disturb_seed"": -1.0, ""disturbance_placement"": ""mid_move"", ""duration"": 10.0, ""dxl_id"": 6.0, ""enable_disturbance"": false, ""frequency_hz"": 3.0, ""fric_coulomb"": 0.010989755592636851, ""fric_vel_scale"": 0.49442483752355293, ""gamma_adapt"": 4.413411468840813, ""gamma_link"": 0.9896015622213373, ""integral_limit"": 1.6504936083, ""k_delta"": 0.1476721822052066, ""max_abs_e_dot"": 10.0, ""max_control"": 0.23664404426180466, ""max_current_raw"": 88.0, ""max_current_slew"": 134.66899600327088, ""mid_disturbance_offset_sec"": 0.0, ""no_set_current_mode"": false, ""predict_horizon_sec"": 0.002052671549525195, ""pulse_current_raw_max"": 12.0, ""pulse_current_raw_min"": 4.0, ""pulse_duration_max"": 0.6, ""pulse_duration_min"": 0.15, ""q_abs_guard_deg"": 35.0, ""qd_lpf_alpha"": 0.02107592149894521, ""rate"": 120.0, ""rbf_center_max"": 3.2, ""rbf_center_min"": -3.2, ""rbf_nodes"": 11.0, ""rbf_width"": 0.9446862977967201, ""ref_jump_deg_max"": 8.0, ""ref_jump_deg_min"": 2.0, ""ref_jump_duration_max"": 0.6, ""ref_jump_duration_min"": 0.15, ""reference_shape"": ""sine"", ""reset_zeta_after_motion"": false, ""reset_zeta_on_segment"": false, ""restore_mode"": false, ""sigma_mod"": 0.1392240222137729, ""sine_center_mode"": ""lock"", ""soft_start_sec"": 0.5, ""step_absolute_target_deg"": null, ""step_absolute_target_rad"": null, ""step_delta_deg"": 40.0, ""step_ramp_sec"": 1.0, ""step_segment_sec"": 1.5, ""step_sequence_deg"": """", ""step_shape"": ""smoothstep"", ""step_start_sec"": 0.0, ""tail_err_full_deg"": 4.0, ""tail_err_thresh_deg"": 1.5, ""tail_kd"": 0.01124359160114122, ""tail_kp"": 0.0, ""tail_max_control_boost"": 0.0, ""tail_u_max"": 0.0, ""torque_to_current"": 210.0, ""zeta0"": 0.885692967, ""zeta_leak"": 0.01936957393222982, ""zeta_reset_delay_sec"": 0.0, ""zeta_reset_value"": null, ""zeta_soft"": 1.0860738189932684}"
30,1,0.0,1000000.0,0.0,0.0,inf,inf,inf,inf,0.0,1.0,1.0,0.0,0.0,0.0,0.0,0.0,0.0,0.0,0.0,0.0,0.0,0.0,0.0,0.0,0.0,0.0,0.0,0.0,0.0,0.0,0.0,0.0,0.0,0.0,0.0,inf,inf,inf,1.0,1,2.427677257999676,/tmp/nussbaum_sine_3hz_struct_runs/optuna_t0030_r01.csv,[DBG] t=   0.00s e= -0.09deg u= 0.0003 u_aux=-0.0000 u_rob=-0.0000 u_fric= 0.0000 ta=0.00 cmd=  -0.07 slewB=1.00 raw q= 140.10deg | [DBG] t=   1.00s e= 19.92deg u=-0.2065 u_aux=-0.2443 u_rob=-0.0000 u_fric= 0.0118 ta=1.00 cmd=  -9.95 slewB=1.00 raw q= 120.41deg | [ERROR] q guard hit: |q-q_center|=35.24 deg > 35.00,"{""alpha"": 21.407775770066777, ""amplitude_deg"": 10.0, ""baudrate"": 1000000.0, ""command_sign"": -1.0, ""control_output_scale"": 1.0, ""current_bias_raw"": -0.005976356668290883, ""current_limit_raw"": 0.0, ""default_mode"": 3.0, ""device"": ""/dev/ttyAMA0"", ""disable_anti_windup"": false, ""disable_freeze_nn_on_saturation"": false, ""disable_freeze_zeta_on_saturation"": false, ""disturb_interval_sec"": 30.0, ""disturb_jitter_sec"": 3.0, ""disturb_mode"": ""mixed"", ""disturb_seed"": -1.0, ""disturbance_placement"": ""mid_move"", ""duration"": 10.0, ""dxl_id"": 6.0, ""enable_disturbance"": false, ""frequency_hz"": 3.0, ""fric_coulomb"": 0.011804790655767637, ""fric_vel_scale"": 0.412779849832967, ""gamma_adapt"": 21.273072419131992, ""gamma_link"": 1.1130604961949015, ""integral_limit"": 1.6504936083, ""k_delta"": 0.17496931373714023, ""max_abs_e_dot"": 10.0, ""max_control"": 0.2064689860225116, ""max_current_raw"": 90.0, ""max_current_slew"": 226.38831375700434, ""mid_disturbance_offset_sec"": 0.0, ""no_set_current_mode"": false, ""predict_horizon_sec"": 0.003603169642607745, ""pulse_current_raw_max"": 12.0, ""pulse_current_raw_min"": 4.0, ""pulse_duration_max"": 0.6, ""pulse_duration_min"": 0.15, ""q_abs_guard_deg"": 35.0, ""qd_lpf_alpha"": 0.039406358040782845, ""rate"": 120.0, ""rbf_center_max"": 3.2, ""rbf_center_min"": -3.2, ""rbf_nodes"": 11.0, ""rbf_width"": 0.9443715603363669, ""ref_jump_deg_max"": 8.0, ""ref_jump_deg_min"": 2.0, ""ref_jump_duration_max"": 0.6, ""ref_jump_duration_min"": 0.15, ""reference_shape"": ""sine"", ""reset_zeta_after_motion"": false, ""reset_zeta_on_segment"": false, ""restore_mode"": false, ""sigma_mod"": 0.142220008724425, ""sine_center_mode"": ""lock"", ""soft_start_sec"": 0.5, ""step_absolute_target_deg"": null, ""step_absolute_target_rad"": null, ""step_delta_deg"": 40.0, ""step_ramp_sec"": 1.0, ""step_segment_sec"": 1.5, ""step_sequence_deg"": """", ""step_shape"": ""smoothstep"", ""step_start_sec"": 0.0, ""tail_err_full_deg"": 4.0, ""tail_err_thresh_deg"": 1.5, ""tail_kd"": 0.051309344591083994, ""tail_kp"": 0.0, ""tail_max_control_boost"": 0.0, ""tail_u_max"": 0.0, ""torque_to_current"": 210.0, ""zeta0"": 0.885692967, ""zeta_leak"": 0.038116189589274346, ""zeta_reset_delay_sec"": 0.0, ""zeta_reset_value"": null, ""zeta_soft"": 1.0838409608265756}"
31,1,1.0,1000030.5038304267,1200.0,9.992957,9.468631220331691,10.97291602054796,16.78028546965255,31.05038304266963,0.7387689239474784,0.0,0.18458975694444443,0.900875763291898,1.070754327,0.885692967,1.070754327,0.18506135999999995,0.01850613599591667,0.14447350787000002,0.835014877,0.0,0.0,0.0,0.0,0.0,0.0,0.0,0.0,0.0,0.0,0.0,0.0,0.0,0.0,0.0,0.0,9.297169294282975,15.506155335204298,16.614693477958287,0.0,0,11.295763659999466,/tmp/nussbaum_sine_3hz_struct_runs/optuna_t0031_r01.csv,,"{""alpha"": 6.106656393671627, ""amplitude_deg"": 10.0, ""baudrate"": 1000000.0, ""command_sign"": -1.0, ""control_output_scale"": 1.0, ""current_bias_raw"": -0.28539644615283444, ""current_limit_raw"": 0.0, ""default_mode"": 3.0, ""device"": ""/dev/ttyAMA0"", ""disable_anti_windup"": false, ""disable_freeze_nn_on_saturation"": false, ""disable_freeze_zeta_on_saturation"": false, ""disturb_interval_sec"": 30.0, ""disturb_jitter_sec"": 3.0, ""disturb_mode"": ""mixed"", ""disturb_seed"": -1.0, ""disturbance_placement"": ""mid_move"", ""duration"": 10.0, ""dxl_id"": 6.0, ""enable_disturbance"": false, ""frequency_hz"": 3.0, ""fric_coulomb"": 0.008375466306074589, ""fric_vel_scale"": 0.3546489483735433, ""gamma_adapt"": 7.944109395730761, ""gamma_link"": 1.131411994892436, ""integral_limit"": 1.6504936083, ""k_delta"": 0.11171966041179464, ""max_abs_e_dot"": 10.0, ""max_control"": 0.15733548798798952, ""max_current_raw"": 48.0, ""max_current_slew"": 206.89581938839936, ""mid_disturbance_offset_sec"": 0.0, ""no_set_current_mode"": false, ""predict_horizon_sec"": 0.0015076386264486201, ""pulse_current_raw_max"": 12.0, ""pulse_current_raw_min"": 4.0, ""pulse_duration_max"": 0.6, ""pulse_duration_min"": 0.15, ""q_abs_guard_deg"": 35.0, ""qd_lpf_alpha"": 0.06427059370318033, ""rate"": 120.0, ""rbf_center_max"": 3.2, ""rbf_center_min"": -3.2, ""rbf_nodes"": 11.0, ""rbf_width"": 1.222764579514252, ""ref_jump_deg_max"": 8.0, ""ref_jump_deg_min"": 2.0, ""ref_jump_duration_max"": 0.6, ""ref_jump_duration_min"": 0.15, ""reference_shape"": ""sine"", ""reset_zeta_after_motion"": false, ""reset_zeta_on_segment"": false, ""restore_mode"": false, ""sigma_mod"": 0.29550745891457336, ""sine_center_mode"": ""lock"", ""soft_start_sec"": 0.5, ""step_absolute_target_deg"": null, ""step_absolute_target_rad"": null, ""step_delta_deg"": 40.0, ""step_ramp_sec"": 1.0, ""step_segment_sec"": 1.5, ""step_sequence_deg"": """", ""step_shape"": ""smoothstep"", ""step_start_sec"": 0.0, ""tail_err_full_deg"": 4.0, ""tail_err_thresh_deg"": 1.5, ""tail_kd"": 0.050629804278114796, ""tail_kp"": 0.0, ""tail_max_control_boost"": 0.0, ""tail_u_max"": 0.0, ""torque_to_current"": 210.0, ""zeta0"": 0.885692967, ""zeta_leak"": 0.05411315182193646, ""zeta_reset_delay_sec"": 0.0, ""zeta_reset_value"": null, ""zeta_soft"": 1.0026076363651661}"
32,1,1.0,55.86146127977752,1200.0,9.993062,7.054973478158954,8.22159430329697,13.043443955051503,21.31475092020108,0.5698682922006014,0.0,0.06845507246376811,0.9268389382088519,0.9954014716,0.8856695547,0.9953914674,0.10972191269999998,0.010969850041500001,0.08948008494499986,0.3999993133,0.0,0.0,0.0,0.0,0.0,0.0,0.0,0.0,0.0,0.0,0.0,0.0,0.0,0.0,0.0,0.0,6.671765528672133,12.960886070723747,13.168757461514588,0.0,0,11.124383510999905,/tmp/nussbaum_sine_3hz_struct_runs/optuna_t0032_r01.csv,,"{""alpha"": 14.864096811537426, ""amplitude_deg"": 10.0, ""baudrate"": 1000000.0, ""command_sign"": -1.0, ""control_output_scale"": 1.0, ""current_bias_raw"": -2.135640288377662, ""current_limit_raw"": 0.0, ""default_mode"": 3.0, ""device"": ""/dev/ttyAMA0"", ""disable_anti_windup"": false, ""disable_freeze_nn_on_saturation"": false, ""disable_freeze_zeta_on_saturation"": false, ""disturb_interval_sec"": 30.0, ""disturb_jitter_sec"": 3.0, ""disturb_mode"": ""mixed"", ""disturb_seed"": -1.0, ""disturbance_placement"": ""mid_move"", ""duration"": 10.0, ""dxl_id"": 6.0, ""enable_disturbance"": false, ""frequency_hz"": 3.0, ""fric_coulomb"": 0.011328693070906415, ""fric_vel_scale"": 0.7448729187879358, ""gamma_adapt"": 4.646014298062543, ""gamma_link"": 1.049823379130188, ""integral_limit"": 1.6504936083, ""k_delta"": 0.1927313998500248, ""max_abs_e_dot"": 10.0, ""max_control"": 0.2306575335440429, ""max_current_raw"": 46.0, ""max_current_slew"": 55.81594334444863, ""mid_disturbance_offset_sec"": 0.0, ""no_set_current_mode"": false, ""predict_horizon_sec"": 0.0038472168094865846, ""pulse_current_raw_max"": 12.0, ""pulse_current_raw_min"": 4.0, ""pulse_duration_max"": 0.6, ""pulse_duration_min"": 0.15, ""q_abs_guard_deg"": 35.0, ""qd_lpf_alpha"": 0.021251156645137527, ""rate"": 120.0, ""rbf_center_max"": 3.2, ""rbf_center_min"": -3.2, ""rbf_nodes"": 11.0, ""rbf_width"": 1.2278969937701412, ""ref_jump_deg_max"": 8.0, ""ref_jump_deg_min"": 2.0, ""ref_jump_duration_max"": 0.6, ""ref_jump_duration_min"": 0.15, ""reference_shape"": ""sine"", ""reset_zeta_after_motion"": false, ""reset_zeta_on_segment"": false, ""restore_mode"": false, ""sigma_mod"": 0.18760329126445627, ""sine_center_mode"": ""lock"", ""soft_start_sec"": 0.5, ""step_absolute_target_deg"": null, ""step_absolute_target_rad"": null, ""step_delta_deg"": 40.0, ""step_ramp_sec"": 1.0, ""step_segment_sec"": 1.5, ""step_sequence_deg"": """", ""step_shape"": ""smoothstep"", ""step_start_sec"": 0.0, ""tail_err_full_deg"": 4.0, ""tail_err_thresh_deg"": 1.5, ""tail_kd"": 0.05551991268546063, ""tail_kp"": 0.0, ""tail_max_control_boost"": 0.0, ""tail_u_max"": 0.0, ""torque_to_current"": 210.0, ""zeta0"": 0.885692967, ""zeta_leak"": 0.05124176552621177, ""zeta_reset_delay_sec"": 0.0, ""zeta_reset_value"": null, ""zeta_soft"": 0.8308260097831847}"
33,1,1.0,1000140.3586503228,1200.0,9.991788000000001,8.110177376408473,9.14089001622055,13.717483060369736,18.258774998233708,0.40964134967721827,0.0,0.06850049342105265,0.9851323284258029,0.8881605264,0.885681084,0.8881605264,0.002479442399999976,0.00024675594191666666,0.0,0.0411227681,0.0,0.0,0.0,0.0,0.0,0.0,0.0,0.0,0.0,0.0,0.0,0.0,0.0,0.0,0.0,0.0,8.243900374142559,13.160992376511564,15.587441234319257,0.0,0,11.101667678999547,/tmp/nussbaum_sine_3hz_struct_runs/optuna_t0033_r01.csv,,"{""alpha"": 23.741870065373476, ""amplitude_deg"": 10.0, ""baudrate"": 1000000.0, ""command_sign"": -1.0, ""control_output_scale"": 1.0, ""current_bias_raw"": 0.7870836055566865, ""current_limit_raw"": 0.0, ""default_mode"": 3.0, ""device"": ""/dev/ttyAMA0"", ""disable_anti_windup"": false, ""disable_freeze_nn_on_saturation"": false, ""disable_freeze_zeta_on_saturation"": false, ""disturb_interval_sec"": 30.0, ""disturb_jitter_sec"": 3.0, ""disturb_mode"": ""mixed"", ""disturb_seed"": -1.0, ""disturbance_placement"": ""mid_move"", ""duration"": 10.0, ""dxl_id"": 6.0, ""enable_disturbance"": false, ""frequency_hz"": 3.0, ""fric_coulomb"": 0.0023429042810684964, ""fric_vel_scale"": 0.608390548357485, ""gamma_adapt"": 16.56222505609628, ""gamma_link"": 0.8265020917922665, ""integral_limit"": 1.6504936083, ""k_delta"": 0.08631407817932903, ""max_abs_e_dot"": 10.0, ""max_control"": 0.1277761185237366, ""max_current_raw"": 76.0, ""max_current_slew"": 120.13143527952724, ""mid_disturbance_offset_sec"": 0.0, ""no_set_current_mode"": false, ""predict_horizon_sec"": 0.0019650459638340086, ""pulse_current_raw_max"": 12.0, ""pulse_current_raw_min"": 4.0, ""pulse_duration_max"": 0.6, ""pulse_duration_min"": 0.15, ""q_abs_guard_deg"": 35.0, ""qd_lpf_alpha"": 0.052774931442272716, ""rate"": 120.0, ""rbf_center_max"": 3.2, ""rbf_center_min"": -3.2, ""rbf_nodes"": 11.0, ""rbf_width"": 1.82928546057796, ""ref_jump_deg_max"": 8.0, ""ref_jump_deg_min"": 2.0, ""ref_jump_duration_max"": 0.6, ""ref_jump_duration_min"": 0.15, ""reference_shape"": ""sine"", ""reset_zeta_after_motion"": false, ""reset_zeta_on_segment"": false, ""restore_mode"": false, ""sigma_mod"": 0.12225728673054115, ""sine_center_mode"": ""lock"", ""soft_start_sec"": 0.5, ""step_absolute_target_deg"": null, ""step_absolute_target_rad"": null, ""step_delta_deg"": 40.0, ""step_ramp_sec"": 1.0, ""step_segment_sec"": 1.5, ""step_sequence_deg"": """", ""step_shape"": ""smoothstep"", ""step_start_sec"": 0.0, ""tail_err_full_deg"": 4.0, ""tail_err_thresh_deg"": 1.5, ""tail_kd"": 0.05927314463948527, ""tail_kp"": 0.0, ""tail_max_control_boost"": 0.0, ""tail_u_max"": 0.0, ""torque_to_current"": 210.0, ""zeta0"": 0.885692967, ""zeta_leak"": 0.03321752502366712, ""zeta_reset_delay_sec"": 0.0, ""zeta_reset_value"": null, ""zeta_soft"": 0.8427649297428963}"
34,1,1.0,1000104.5168695939,1199.0,9.994677,7.591650853158813,8.655447279465717,13.65717239126262,17.8940912692051,0.4454831304061337,0.0,0.054512197664720596,0.9593300535831432,0.9025958091,0.8856791695,0.9025958091,0.016916639600000005,0.001691693951292744,0.0,0.2902715183,0.0,0.0,0.0,0.0,0.0,0.0,0.0,0.0,0.0,0.0,0.0,0.0,0.0,0.0,0.0,0.0,7.758833267838184,12.703768222909517,13.441946368109244,0.0,0,11.104813790000662,/tmp/nussbaum_sine_3hz_struct_runs/optuna_t0034_r01.csv,,"{""alpha"": 15.556904091223927, ""amplitude_deg"": 10.0, ""baudrate"": 1000000.0, ""command_sign"": -1.0, ""control_output_scale"": 1.0, ""current_bias_raw"": 0.33910025367314756, ""current_limit_raw"": 0.0, ""default_mode"": 3.0, ""device"": ""/dev/ttyAMA0"", ""disable_anti_windup"": false, ""disable_freeze_nn_on_saturation"": false, ""disable_freeze_zeta_on_saturation"": false, ""disturb_interval_sec"": 30.0, ""disturb_jitter_sec"": 3.0, ""disturb_mode"": ""mixed"", ""disturb_seed"": -1.0, ""disturbance_placement"": ""mid_move"", ""duration"": 10.0, ""dxl_id"": 6.0, ""enable_disturbance"": false, ""frequency_hz"": 3.0, ""fric_coulomb"": 0.007075726745865005, ""fric_vel_scale"": 0.6586941133758408, ""gamma_adapt"": 4.861987685681539, ""gamma_link"": 0.9693000412279714, ""integral_limit"": 1.6504936083, ""k_delta"": 0.09721106868269573, ""max_abs_e_dot"": 10.0, ""max_control"": 0.27384494446399976, ""max_current_raw"": 80.0, ""max_current_slew"": 97.8616299742379, ""mid_disturbance_offset_sec"": 0.0, ""no_set_current_mode"": false, ""predict_horizon_sec"": 0.0021749635002527045, ""pulse_current_raw_max"": 12.0, ""pulse_current_raw_min"": 4.0, ""pulse_duration_max"": 0.6, ""pulse_duration_min"": 0.15, ""q_abs_guard_deg"": 35.0, ""qd_lpf_alpha"": 0.012553236745657897, ""rate"": 120.0, ""rbf_center_max"": 3.2, ""rbf_center_min"": -3.2, ""rbf_nodes"": 11.0, ""rbf_width"": 1.8285721431917887, ""ref_jump_deg_max"": 8.0, ""ref_jump_deg_min"": 2.0, ""ref_jump_duration_max"": 0.6, ""ref_jump_duration_min"": 0.15, ""reference_shape"": ""sine"", ""reset_zeta_after_motion"": false, ""reset_zeta_on_segment"": false, ""restore_mode"": false, ""sigma_mod"": 0.25939658985350916, ""sine_center_mode"": ""lock"", ""soft_start_sec"": 0.5, ""step_absolute_target_deg"": null, ""step_absolute_target_rad"": null, ""step_delta_deg"": 40.0, ""step_ramp_sec"": 1.0, ""step_segment_sec"": 1.5, ""step_sequence_deg"": """", ""step_shape"": ""smoothstep"", ""step_start_sec"": 0.0, ""tail_err_full_deg"": 4.0, ""tail_err_thresh_deg"": 1.5, ""tail_kd"": 0.07099240267593927, ""tail_kp"": 0.0, ""tail_max_control_boost"": 0.0, ""tail_u_max"": 0.0, ""torque_to_current"": 210.0, ""zeta0"": 0.885692967, ""zeta_leak"": 0.032000703448375765, ""zeta_reset_delay_sec"": 0.0, ""zeta_reset_value"": null, ""zeta_soft"": 0.8339534359233587}"
35,1,0.0,1000000.0,0.0,0.0,inf,inf,inf,inf,0.0,1.0,1.0,0.0,0.0,0.0,0.0,0.0,0.0,0.0,0.0,0.0,0.0,0.0,0.0,0.0,0.0,0.0,0.0,0.0,0.0,0.0,0.0,0.0,0.0,0.0,0.0,inf,inf,inf,1.0,1,7.926374958999986,/tmp/nussbaum_sine_3hz_struct_runs/optuna_t0035_r01.csv,[DBG] t=   5.00s e= 11.33deg u= 0.2239 u_aux=-0.0623 u_rob=-0.0000 u_fric= 0.0028 ta=1.00 cmd=  -3.36 slewB=1.00 raw q= 129.02deg | [DBG] t=   6.00s e= 16.67deg u= 0.2239 u_aux=-0.0623 u_rob=-0.0000 u_fric= 0.0028 ta=1.00 cmd=  -7.86 slewB=1.00 raw q= 123.13deg | [ERROR] q guard hit: |q-q_center|=35.07 deg > 35.00,"{""alpha"": 19.09587310758646, ""amplitude_deg"": 10.0, ""baudrate"": 1000000.0, ""command_sign"": -1.0, ""control_output_scale"": 1.0, ""current_bias_raw"": -0.026505372674514138, ""current_limit_raw"": 0.0, ""default_mode"": 3.0, ""device"": ""/dev/ttyAMA0"", ""disable_anti_windup"": false, ""disable_freeze_nn_on_saturation"": false, ""disable_freeze_zeta_on_saturation"": false, ""disturb_interval_sec"": 30.0, ""disturb_jitter_sec"": 3.0, ""disturb_mode"": ""mixed"", ""disturb_seed"": -1.0, ""disturbance_placement"": ""mid_move"", ""duration"": 10.0, ""dxl_id"": 6.0, ""enable_disturbance"": false, ""frequency_hz"": 3.0, ""fric_coulomb"": 0.0027595436006021723, ""fric_vel_scale"": 0.9508703443013345, ""gamma_adapt"": 21.677753765314428, ""gamma_link"": 0.8576408248747623, ""integral_limit"": 1.6504936083, ""k_delta"": 0.14294341559777726, ""max_abs_e_dot"": 10.0, ""max_control"": 0.22390009344683426, ""max_current_raw"": 53.0, ""max_current_slew"": 44.949300246975376, ""mid_disturbance_offset_sec"": 0.0, ""no_set_current_mode"": false, ""predict_horizon_sec"": 0.0026608424826133057, ""pulse_current_raw_max"": 12.0, ""pulse_current_raw_min"": 4.0, ""pulse_duration_max"": 0.6, ""pulse_duration_min"": 0.15, ""q_abs_guard_deg"": 35.0, ""qd_lpf_alpha"": 0.019631608028951968, ""rate"": 120.0, ""rbf_center_max"": 3.2, ""rbf_center_min"": -3.2, ""rbf_nodes"": 11.0, ""rbf_width"": 1.0115072703421688, ""ref_jump_deg_max"": 8.0, ""ref_jump_deg_min"": 2.0, ""ref_jump_duration_max"": 0.6, ""ref_jump_duration_min"": 0.15, ""reference_shape"": ""sine"", ""reset_zeta_after_motion"": false, ""reset_zeta_on_segment"": false, ""restore_mode"": false, ""sigma_mod"": 0.12009903942361272, ""sine_center_mode"": ""lock"", ""soft_start_sec"": 0.5, ""step_absolute_target_deg"": null, ""step_absolute_target_rad"": null, ""step_delta_deg"": 40.0, ""step_ramp_sec"": 1.0, ""step_segment_sec"": 1.5, ""step_sequence_deg"": """", ""step_shape"": ""smoothstep"", ""step_start_sec"": 0.0, ""tail_err_full_deg"": 4.0, ""tail_err_thresh_deg"": 1.5, ""tail_kd"": 0.018147241744797996, ""tail_kp"": 0.0, ""tail_max_control_boost"": 0.0, ""tail_u_max"": 0.0, ""torque_to_current"": 210.0, ""zeta0"": 0.885692967, ""zeta_leak"": 0.06935618042645626, ""zeta_reset_delay_sec"": 0.0, ""zeta_reset_value"": null, ""zeta_soft"": 0.8275041120481494}"
36,1,1.0,1000029.0780133337,1200.0,9.991752,8.481228160304024,9.65358593159882,14.617938981625965,23.10052541887437,0.5209219866663031,0.0,0.08380459956709957,0.8941573714225647,1.0215397282,0.8856841468,1.0215397282,0.1358555814000001,0.013584676123916667,0.09982422889999999,0.3512622446,0.0,0.0,0.0,0.0,0.0,0.0,0.0,0.0,0.0,0.0,0.0,0.0,0.0,0.0,0.0,0.0,8.458489500074357,14.475493197418825,15.063336215764872,0.0,0,11.214965641999697,/tmp/nussbaum_sine_3hz_struct_runs/optuna_t0036_r01.csv,,"{""alpha"": 6.161906806345609, ""amplitude_deg"": 10.0, ""baudrate"": 1000000.0, ""command_sign"": -1.0, ""control_output_scale"": 1.0, ""current_bias_raw"": 0.34593502797236697, ""current_limit_raw"": 0.0, ""default_mode"": 3.0, ""device"": ""/dev/ttyAMA0"", ""disable_anti_windup"": false, ""disable_freeze_nn_on_saturation"": false, ""disable_freeze_zeta_on_saturation"": false, ""disturb_interval_sec"": 30.0, ""disturb_jitter_sec"": 3.0, ""disturb_mode"": ""mixed"", ""disturb_seed"": -1.0, ""disturbance_placement"": ""mid_move"", ""duration"": 10.0, ""dxl_id"": 6.0, ""enable_disturbance"": false, ""frequency_hz"": 3.0, ""fric_coulomb"": 0.0011663378304245932, ""fric_vel_scale"": 0.41782178389819064, ""gamma_adapt"": 14.218846993224586, ""gamma_link"": 1.1485497566113358, ""integral_limit"": 1.6504936083, ""k_delta"": 0.17779872600380034, ""max_abs_e_dot"": 10.0, ""max_control"": 0.17078547608334307, ""max_current_raw"": 77.0, ""max_current_slew"": 150.54642283442342, ""mid_disturbance_offset_sec"": 0.0, ""no_set_current_mode"": false, ""predict_horizon_sec"": 0.004495055913950451, ""pulse_current_raw_max"": 12.0, ""pulse_current_raw_min"": 4.0, ""pulse_duration_max"": 0.6, ""pulse_duration_min"": 0.15, ""q_abs_guard_deg"": 35.0, ""qd_lpf_alpha"": 0.051380309630457734, ""rate"": 120.0, ""rbf_center_max"": 3.2, ""rbf_center_min"": -3.2, ""rbf_nodes"": 11.0, ""rbf_width"": 1.0563582517517414, ""ref_jump_deg_max"": 8.0, ""ref_jump_deg_min"": 2.0, ""ref_jump_duration_max"": 0.6, ""ref_jump_duration_min"": 0.15, ""reference_shape"": ""sine"", ""reset_zeta_after_motion"": false, ""reset_zeta_on_segment"": false, ""restore_mode"": false, ""sigma_mod"": 0.24112709843707875, ""sine_center_mode"": ""lock"", ""soft_start_sec"": 0.5, ""step_absolute_target_deg"": null, ""step_absolute_target_rad"": null, ""step_delta_deg"": 40.0, ""step_ramp_sec"": 1.0, ""step_segment_sec"": 1.5, ""step_sequence_deg"": """", ""step_shape"": ""smoothstep"", ""step_start_sec"": 0.0, ""tail_err_full_deg"": 4.0, ""tail_err_thresh_deg"": 1.5, ""tail_kd"": 0.07146778369450704, ""tail_kp"": 0.0, ""tail_max_control_boost"": 0.0, ""tail_u_max"": 0.0, ""torque_to_current"": 210.0, ""zeta0"": 0.885692967, ""zeta_leak"": 0.015915323981539872, ""zeta_reset_delay_sec"": 0.0, ""zeta_reset_value"": null, ""zeta_soft"": 0.8191896404158003}"
37,1,0.0,1000000.0,0.0,0.0,inf,inf,inf,inf,0.0,1.0,1.0,0.0,0.0,0.0,0.0,0.0,0.0,0.0,0.0,0.0,0.0,0.0,0.0,0.0,0.0,0.0,0.0,0.0,0.0,0.0,0.0,0.0,0.0,0.0,0.0,inf,inf,inf,1.0,1,6.910672754999723,/tmp/nussbaum_sine_3hz_struct_runs/optuna_t0037_r01.csv,[DBG] t=   4.00s e=  3.14deg u=-0.2541 u_aux=-0.1349 u_rob=-0.0000 u_fric= 0.0138 ta=0.73 cmd=   1.36 slewB=1.00 raw q= 136.58deg | [DBG] t=   5.00s e= -0.09deg u=-0.1904 u_aux=-0.1208 u_rob=-0.0000 u_fric= 0.0138 ta=0.00 cmd=   1.36 slewB=1.00 raw q= 139.75deg | [ERROR] q guard hit: |q-q_center|=36.04 deg > 35.00,"{""alpha"": 14.885250332020881, ""amplitude_deg"": 10.0, ""baudrate"": 1000000.0, ""command_sign"": -1.0, ""control_output_scale"": 1.0, ""current_bias_raw"": 1.081352160351377, ""current_limit_raw"": 0.0, ""default_mode"": 3.0, ""device"": ""/dev/ttyAMA0"", ""disable_anti_windup"": false, ""disable_freeze_nn_on_saturation"": false, ""disable_freeze_zeta_on_saturation"": false, ""disturb_interval_sec"": 30.0, ""disturb_jitter_sec"": 3.0, ""disturb_mode"": ""mixed"", ""disturb_seed"": -1.0, ""disturbance_placement"": ""mid_move"", ""duration"": 10.0, ""dxl_id"": 6.0, ""enable_disturbance"": false, ""frequency_hz"": 3.0, ""fric_coulomb"": 0.013814875838945513, ""fric_vel_scale"": 0.942345616558265, ""gamma_adapt"": 13.786923781657856, ""gamma_link"": 1.0876463350772054, ""integral_limit"": 1.6504936083, ""k_delta"": 0.18873744451361835, ""max_abs_e_dot"": 10.0, ""max_control"": 0.254112655375239, ""max_current_raw"": 63.0, ""max_current_slew"": 165.47854740465613, ""mid_disturbance_offset_sec"": 0.0, ""no_set_current_mode"": false, ""predict_horizon_sec"": 0.0024563945005185482, ""pulse_current_raw_max"": 12.0, ""pulse_current_raw_min"": 4.0, ""pulse_duration_max"": 0.6, ""pulse_duration_min"": 0.15, ""q_abs_guard_deg"": 35.0, ""qd_lpf_alpha"": 0.06912298707115326, ""rate"": 120.0, ""rbf_center_max"": 3.2, ""rbf_center_min"": -3.2, ""rbf_nodes"": 11.0, ""rbf_width"": 0.9833426790211242, ""ref_jump_deg_max"": 8.0, ""ref_jump_deg_min"": 2.0, ""ref_jump_duration_max"": 0.6, ""ref_jump_duration_min"": 0.15, ""reference_shape"": ""sine"", ""reset_zeta_after_motion"": false, ""reset_zeta_on_segment"": false, ""restore_mode"": false, ""sigma_mod"": 0.1435049366152597, ""sine_center_mode"": ""lock"", ""soft_start_sec"": 0.5, ""step_absolute_target_deg"": null, ""step_absolute_target_rad"": null, ""step_delta_deg"": 40.0, ""step_ramp_sec"": 1.0, ""step_segment_sec"": 1.5, ""step_sequence_deg"": """", ""step_shape"": ""smoothstep"", ""step_start_sec"": 0.0, ""tail_err_full_deg"": 4.0, ""tail_err_thresh_deg"": 1.5, ""tail_kd"": 0.038717397911808386, ""tail_kp"": 0.0, ""tail_max_control_boost"": 0.0, ""tail_u_max"": 0.0, ""torque_to_current"": 210.0, ""zeta0"": 0.885692967, ""zeta_leak"": 0.029147771694651662, ""zeta_reset_delay_sec"": 0.0, ""zeta_reset_value"": null, ""zeta_soft"": 1.0481347578337799}"
38,1,1.0,1000006.8228253615,1200.0,9.991748000000001,7.408127680618094,8.538848484630888,13.146103337683899,22.24894844662018,0.5431771746385317,0.0,0.08067378472222221,0.9411909335040005,0.9945726325,0.885692967,0.9945726325,0.10887966550000006,0.010887966554916667,0.02242552377999996,0.4338739089,0.0,0.0,0.0,0.0,0.0,0.0,0.0,0.0,0.0,0.0,0.0,0.0,0.0,0.0,0.0,0.0,7.340943128765669,13.145850832318796,14.417611004483271,0.0,0,11.210035289999723,/tmp/nussbaum_sine_3hz_struct_runs/optuna_t0038_r01.csv,,"{""alpha"": 22.63914202569056, ""amplitude_deg"": 10.0, ""baudrate"": 1000000.0, ""command_sign"": -1.0, ""control_output_scale"": 1.0, ""current_bias_raw"": -1.9746468395999828, ""current_limit_raw"": 0.0, ""default_mode"": 3.0, ""device"": ""/dev/ttyAMA0"", ""disable_anti_windup"": false, ""disable_freeze_nn_on_saturation"": false, ""disable_freeze_zeta_on_saturation"": false, ""disturb_interval_sec"": 30.0, ""disturb_jitter_sec"": 3.0, ""disturb_mode"": ""mixed"", ""disturb_seed"": -1.0, ""disturbance_placement"": ""mid_move"", ""duration"": 10.0, ""dxl_id"": 6.0, ""enable_disturbance"": false, ""frequency_hz"": 3.0, ""fric_coulomb"": 0.015410758752181572, ""fric_vel_scale"": 0.9840831845324597, ""gamma_adapt"": 19.799355320144, ""gamma_link"": 1.026081039578956, ""integral_limit"": 1.6504936083, ""k_delta"": 0.1976286134139861, ""max_abs_e_dot"": 10.0, ""max_control"": 0.29058355315859774, ""max_current_raw"": 48.0, ""max_current_slew"": 84.04883021603248, ""mid_disturbance_offset_sec"": 0.0, ""no_set_current_mode"": false, ""predict_horizon_sec"": 0.004109590043778545, ""pulse_current_raw_max"": 12.0, ""pulse_current_raw_min"": 4.0, ""pulse_duration_max"": 0.6, ""pulse_duration_min"": 0.15, ""q_abs_guard_deg"": 35.0, ""qd_lpf_alpha"": 0.02428197191561901, ""rate"": 120.0, ""rbf_center_max"": 3.2, ""rbf_center_min"": -3.2, ""rbf_nodes"": 11.0, ""rbf_width"": 1.2087043406665121, ""ref_jump_deg_max"": 8.0, ""ref_jump_deg_min"": 2.0, ""ref_jump_duration_max"": 0.6, ""ref_jump_duration_min"": 0.15, ""reference_shape"": ""sine"", ""reset_zeta_after_motion"": false, ""reset_zeta_on_segment"": false, ""restore_mode"": false, ""sigma_mod"": 0.21207161146108727, ""sine_center_mode"": ""lock"", ""soft_start_sec"": 0.5, ""step_absolute_target_deg"": null, ""step_absolute_target_rad"": null, ""step_delta_deg"": 40.0, ""step_ramp_sec"": 1.0, ""step_segment_sec"": 1.5, ""step_sequence_deg"": """", ""step_shape"": ""smoothstep"", ""step_start_sec"": 0.0, ""tail_err_full_deg"": 4.0, ""tail_err_thresh_deg"": 1.5, ""tail_kd"": 0.03647133653624009, ""tail_kp"": 0.0, ""tail_max_control_boost"": 0.0, ""tail_u_max"": 0.0, ""torque_to_current"": 210.0, ""zeta0"": 0.885692967, ""zeta_leak"": 0.006857928437982963, ""zeta_reset_delay_sec"": 0.0, ""zeta_reset_value"": null, ""zeta_soft"": 0.9979818216258738}"
39,1,1.0,1000095.64592231,1200.0,9.99176,9.155925012672196,10.787420571525995,16.809746329797548,37.564592230998144,0.8546902364425998,0.0,0.07633940340909091,0.9290091627973842,1.0945963952,0.885692967,1.0945963952,0.20890342819999996,0.020890342820833335,0.18117274643999975,1.4370670774,0.0,0.0,0.0,0.0,0.0,0.0,0.0,0.0,0.0,0.0,0.0,0.0,0.0,0.0,0.0,0.0,8.584574556217113,14.94130316683922,16.16647413532932,0.0,0,11.140940012000101,/tmp/nussbaum_sine_3hz_struct_runs/optuna_t0039_r01.csv,,"{""alpha"": 22.9962018413808, ""amplitude_deg"": 10.0, ""baudrate"": 1000000.0, ""command_sign"": -1.0, ""control_output_scale"": 1.0, ""current_bias_raw"": -1.850499592106869, ""current_limit_raw"": 0.0, ""default_mode"": 3.0, ""device"": ""/dev/ttyAMA0"", ""disable_anti_windup"": false, ""disable_freeze_nn_on_saturation"": false, ""disable_freeze_zeta_on_saturation"": false, ""disturb_interval_sec"": 30.0, ""disturb_jitter_sec"": 3.0, ""disturb_mode"": ""mixed"", ""disturb_seed"": -1.0, ""disturbance_placement"": ""mid_move"", ""duration"": 10.0, ""dxl_id"": 6.0, ""enable_disturbance"": false, ""frequency_hz"": 3.0, ""fric_coulomb"": 0.014890585663955855, ""fric_vel_scale"": 0.9769574590932307, ""gamma_adapt"": 11.876578395023158, ""gamma_link"": 0.8270717582485057, ""integral_limit"": 1.6504936083, ""k_delta"": 0.1802065773987417, ""max_abs_e_dot"": 10.0, ""max_control"": 0.2542390527169783, ""max_current_raw"": 88.0, ""max_current_slew"": 151.52527114427147, ""mid_disturbance_offset_sec"": 0.0, ""no_set_current_mode"": false, ""predict_horizon_sec"": 0.003354287051713666, ""pulse_current_raw_max"": 12.0, ""pulse_current_raw_min"": 4.0, ""pulse_duration_max"": 0.6, ""pulse_duration_min"": 0.15, ""q_abs_guard_deg"": 35.0, ""qd_lpf_alpha"": 0.06583488230511278, ""rate"": 120.0, ""rbf_center_max"": 3.2, ""rbf_center_min"": -3.2, ""rbf_nodes"": 11.0, ""rbf_width"": 1.128835863504135, ""ref_jump_deg_max"": 8.0, ""ref_jump_deg_min"": 2.0, ""ref_jump_duration_max"": 0.6, ""ref_jump_duration_min"": 0.15, ""reference_shape"": ""sine"", ""reset_zeta_after_motion"": false, ""reset_zeta_on_segment"": false, ""restore_mode"": false, ""sigma_mod"": 0.2166448578369689, ""sine_center_mode"": ""lock"", ""soft_start_sec"": 0.5, ""step_absolute_target_deg"": null, ""step_absolute_target_rad"": null, ""step_delta_deg"": 40.0, ""step_ramp_sec"": 1.0, ""step_segment_sec"": 1.5, ""step_sequence_deg"": """", ""step_shape"": ""smoothstep"", ""step_start_sec"": 0.0, ""tail_err_full_deg"": 4.0, ""tail_err_thresh_deg"": 1.5, ""tail_kd"": 0.048103098194298956, ""tail_kp"": 0.0, ""tail_max_control_boost"": 0.0, ""tail_u_max"": 0.0, ""torque_to_current"": 210.0, ""zeta0"": 0.885692967, ""zeta_leak"": 0.054140249268600775, ""zeta_reset_delay_sec"": 0.0, ""zeta_reset_value"": null, ""zeta_soft"": 1.0262259024755251}"
40,1,0.0,1000000.0,0.0,0.0,inf,inf,inf,inf,0.0,1.0,1.0,0.0,0.0,0.0,0.0,0.0,0.0,0.0,0.0,0.0,0.0,0.0,0.0,0.0,0.0,0.0,0.0,0.0,0.0,0.0,0.0,0.0,0.0,0.0,0.0,inf,inf,inf,1.0,1,5.613740125999357,/tmp/nussbaum_sine_3hz_struct_runs/optuna_t0040_r01.csv,[DBG] t=   3.00s e=  4.15deg u=-0.2104 u_aux=-0.1506 u_rob=-0.0000 u_fric= 0.0019 ta=1.00 cmd=   2.94 slewB=1.00 raw q= 135.53deg | [DBG] t=   4.00s e=  6.09deg u= 0.0997 u_aux=-0.1537 u_rob=-0.0000 u_fric= 0.0019 ta=1.00 cmd= -14.18 slewB=1.00 raw q= 133.59deg | [ERROR] q guard hit: |q-q_center|=35.86 deg > 35.00,"{""alpha"": 7.1258420003269665, ""amplitude_deg"": 10.0, ""baudrate"": 1000000.0, ""command_sign"": -1.0, ""control_output_scale"": 1.0, ""current_bias_raw"": -0.5635073455346762, ""current_limit_raw"": 0.0, ""default_mode"": 3.0, ""device"": ""/dev/ttyAMA0"", ""disable_anti_windup"": false, ""disable_freeze_nn_on_saturation"": false, ""disable_freeze_zeta_on_saturation"": false, ""disturb_interval_sec"": 30.0, ""disturb_jitter_sec"": 3.0, ""disturb_mode"": ""mixed"", ""disturb_seed"": -1.0, ""disturbance_placement"": ""mid_move"", ""duration"": 10.0, ""dxl_id"": 6.0, ""enable_disturbance"": false, ""frequency_hz"": 3.0, ""fric_coulomb"": 0.0019319460893464457, ""fric_vel_scale"": 0.6606064827585909, ""gamma_adapt"": 13.00229847142848, ""gamma_link"": 1.0899894216716586, ""integral_limit"": 1.6504936083, ""k_delta"": 0.10072890134266953, ""max_abs_e_dot"": 10.0, ""max_control"": 0.21042047349198417, ""max_current_raw"": 90.0, ""max_current_slew"": 224.6973987156397, ""mid_disturbance_offset_sec"": 0.0, ""no_set_current_mode"": false, ""predict_horizon_sec"": 0.0035573766101737584, ""pulse_current_raw_max"": 12.0, ""pulse_current_raw_min"": 4.0, ""pulse_duration_max"": 0.6, ""pulse_duration_min"": 0.15, ""q_abs_guard_deg"": 35.0, ""qd_lpf_alpha"": 0.04885099205093876, ""rate"": 120.0, ""rbf_center_max"": 3.2, ""rbf_center_min"": -3.2, ""rbf_nodes"": 11.0, ""rbf_width"": 0.7570010695090537, ""ref_jump_deg_max"": 8.0, ""ref_jump_deg_min"": 2.0, ""ref_jump_duration_max"": 0.6, ""ref_jump_duration_min"": 0.15, ""reference_shape"": ""sine"", ""reset_zeta_after_motion"": false, ""reset_zeta_on_segment"": false, ""restore_mode"": false, ""sigma_mod"": 0.0981985809641272, ""sine_center_mode"": ""lock"", ""soft_start_sec"": 0.5, ""step_absolute_target_deg"": null, ""step_absolute_target_rad"": null, ""step_delta_deg"": 40.0, ""step_ramp_sec"": 1.0, ""step_segment_sec"": 1.5, ""step_sequence_deg"": """", ""step_shape"": ""smoothstep"", ""step_start_sec"": 0.0, ""tail_err_full_deg"": 4.0, ""tail_err_thresh_deg"": 1.5, ""tail_kd"": 0.04602554028851537, ""tail_kp"": 0.0, ""tail_max_control_boost"": 0.0, ""tail_u_max"": 0.0, ""torque_to_current"": 210.0, ""zeta0"": 0.885692967, ""zeta_leak"": 0.058758696781878984, ""zeta_reset_delay_sec"": 0.0, ""zeta_reset_value"": null, ""zeta_soft"": 1.0393813923616926}"
41,1,1.0,1000006.8415075317,1200.0,9.991714,8.54279338787864,9.754118614702733,15.17639740738503,23.04426477929144,0.5431584924682532,0.0,0.0833213247863248,0.9770824208301905,0.8933786407,0.8856895457,0.8933768433,0.007687297599999976,0.0007683876294166667,0.0,0.091589344,0.0,0.0,0.0,0.0,0.0,0.0,0.0,0.0,0.0,0.0,0.0,0.0,0.0,0.0,0.0,0.0,8.47324352529059,14.093950056639468,15.175759713953418,0.0,0,11.25737067800037,/tmp/nussbaum_sine_3hz_struct_runs/optuna_t0041_r01.csv,,"{""alpha"": 25.239794329544715, ""amplitude_deg"": 10.0, ""baudrate"": 1000000.0, ""command_sign"": -1.0, ""control_output_scale"": 1.0, ""current_bias_raw"": -0.4570200985479731, ""current_limit_raw"": 0.0, ""default_mode"": 3.0, ""device"": ""/dev/ttyAMA0"", ""disable_anti_windup"": false, ""disable_freeze_nn_on_saturation"": false, ""disable_freeze_zeta_on_saturation"": false, ""disturb_interval_sec"": 30.0, ""disturb_jitter_sec"": 3.0, ""disturb_mode"": ""mixed"", ""disturb_seed"": -1.0, ""disturbance_placement"": ""mid_move"", ""duration"": 10.0, ""dxl_id"": 6.0, ""enable_disturbance"": false, ""frequency_hz"": 3.0, ""fric_coulomb"": 0.010372015387564338, ""fric_vel_scale"": 0.4858977781839845, ""gamma_adapt"": 8.669360395263427, ""gamma_link"": 0.815348876471012, ""integral_limit"": 1.6504936083, ""k_delta"": 0.18571176004188605, ""max_abs_e_dot"": 10.0, ""max_control"": 0.2771804117701461, ""max_current_raw"": 78.0, ""max_current_slew"": 151.8166672052661, ""mid_disturbance_offset_sec"": 0.0, ""no_set_current_mode"": false, ""predict_horizon_sec"": 0.004019327547982976, ""pulse_current_raw_max"": 12.0, ""pulse_current_raw_min"": 4.0, ""pulse_duration_max"": 0.6, ""pulse_duration_min"": 0.15, ""q_abs_guard_deg"": 35.0, ""qd_lpf_alpha"": 0.03967908880469879, ""rate"": 120.0, ""rbf_center_max"": 3.2, ""rbf_center_min"": -3.2, ""rbf_nodes"": 11.0, ""rbf_width"": 1.8787398204647545, ""ref_jump_deg_max"": 8.0, ""ref_jump_deg_min"": 2.0, ""ref_jump_duration_max"": 0.6, ""ref_jump_duration_min"": 0.15, ""reference_shape"": ""sine"", ""reset_zeta_after_motion"": false, ""reset_zeta_on_segment"": false, ""restore_mode"": false, ""sigma_mod"": 0.11879773148223882, ""sine_center_mode"": ""lock"", ""soft_start_sec"": 0.5, ""step_absolute_target_deg"": null, ""step_absolute_target_rad"": null, ""step_delta_deg"": 40.0, ""step_ramp_sec"": 1.0, ""step_segment_sec"": 1.5, ""step_sequence_deg"": """", ""step_shape"": ""smoothstep"", ""step_start_sec"": 0.0, ""tail_err_full_deg"": 4.0, ""tail_err_thresh_deg"": 1.5, ""tail_kd"": 0.07578589021273067, ""tail_kp"": 0.0, ""tail_max_control_boost"": 0.0, ""tail_u_max"": 0.0, ""torque_to_current"": 210.0, ""zeta0"": 0.885692967, ""zeta_leak"": 0.016661785561394853, ""zeta_reset_delay_sec"": 0.0, ""zeta_reset_value"": null, ""zeta_soft"": 0.8610526001053037}"
42,1,1.0,1000024.1668256539,1200.0,9.991821999999999,9.212301451604409,10.674368152684584,16.57888747606575,30.416682565389376,0.7567923723142301,0.0,0.18086425724637678,0.8830587398734114,1.1500492237,0.885692967,1.1500492237,0.26435625669999996,0.02643562567366667,0.19204633562,0.6708789552,0.0,0.0,0.0,0.0,0.0,0.0,0.0,0.0,0.0,0.0,0.0,0.0,0.0,0.0,0.0,0.0,8.944399405766191,14.300407474108553,17.032482590910348,0.0,0,11.209165973999916,/tmp/nussbaum_sine_3hz_struct_runs/optuna_t0042_r01.csv,,"{""alpha"": 2.452591637018251, ""amplitude_deg"": 10.0, ""baudrate"": 1000000.0, ""command_sign"": -1.0, ""control_output_scale"": 1.0, ""current_bias_raw"": -0.6007687417158674, ""current_limit_raw"": 0.0, ""default_mode"": 3.0, ""device"": ""/dev/ttyAMA0"", ""disable_anti_windup"": false, ""disable_freeze_nn_on_saturation"": false, ""disable_freeze_zeta_on_saturation"": false, ""disturb_interval_sec"": 30.0, ""disturb_jitter_sec"": 3.0, ""disturb_mode"": ""mixed"", ""disturb_seed"": -1.0, ""disturbance_placement"": ""mid_move"", ""duration"": 10.0, ""dxl_id"": 6.0, ""enable_disturbance"": false, ""frequency_hz"": 3.0, ""fric_coulomb"": 0.017718942892644637, ""fric_vel_scale"": 0.3523868591803838, ""gamma_adapt"": 17.245324829493068, ""gamma_link"": 0.8275580759365326, ""integral_limit"": 1.6504936083, ""k_delta"": 0.19722713999499422, ""max_abs_e_dot"": 10.0, ""max_control"": 0.18074542478393185, ""max_current_raw"": 46.0, ""max_current_slew"": 193.08795057335664, ""mid_disturbance_offset_sec"": 0.0, ""no_set_current_mode"": false, ""predict_horizon_sec"": 0.001250188894389249, ""pulse_current_raw_max"": 12.0, ""pulse_current_raw_min"": 4.0, ""pulse_duration_max"": 0.6, ""pulse_duration_min"": 0.15, ""q_abs_guard_deg"": 35.0, ""qd_lpf_alpha"": 0.04722223357980504, ""rate"": 120.0, ""rbf_center_max"": 3.2, ""rbf_center_min"": -3.2, ""rbf_nodes"": 11.0, ""rbf_width"": 1.2220792063313437, ""ref_jump_deg_max"": 8.0, ""ref_jump_deg_min"": 2.0, ""ref_jump_duration_max"": 0.6, ""ref_jump_duration_min"": 0.15, ""reference_shape"": ""sine"", ""reset_zeta_after_motion"": false, ""reset_zeta_on_segment"": false, ""restore_mode"": false, ""sigma_mod"": 0.11892534364372806, ""sine_center_mode"": ""lock"", ""soft_start_sec"": 0.5, ""step_absolute_target_deg"": null, ""step_absolute_target_rad"": null, ""step_delta_deg"": 40.0, ""step_ramp_sec"": 1.0, ""step_segment_sec"": 1.5, ""step_sequence_deg"": """", ""step_shape"": ""smoothstep"", ""step_start_sec"": 0.0, ""tail_err_full_deg"": 4.0, ""tail_err_thresh_deg"": 1.5, ""tail_kd"": 0.0447933290913121, ""tail_kp"": 0.0, ""tail_max_control_boost"": 0.0, ""tail_u_max"": 0.0, ""torque_to_current"": 210.0, ""zeta0"": 0.885692967, ""zeta_leak"": 0.0459925842814121, ""zeta_reset_delay_sec"": 0.0, ""zeta_reset_value"": null, ""zeta_soft"": 1.0719895050624728}"
43,1,1.0,1000033.2993845575,1200.0,9.991748000000001,9.266541860961837,10.911894187738511,17.41541341512951,31.32993845574855,0.5656473067518009,0.0,0.13198362068965516,0.860102643103574,1.1042232798,0.885692967,1.1042232798,0.21853031280000002,0.021853031284583335,0.138411795155,0.8076379228,0.0,0.0,0.0,0.0,0.0,0.0,0.0,0.0,0.0,0.0,0.0,0.0,0.0,0.0,0.0,0.0,9.225544983864333,17.14431997619279,17.76142908541632,0.0,0,11.12493769699995,/tmp/nussbaum_sine_3hz_struct_runs/optuna_t0043_r01.csv,,"{""alpha"": 23.262126115820056, ""amplitude_deg"": 10.0, ""baudrate"": 1000000.0, ""command_sign"": -1.0, ""control_output_scale"": 1.0, ""current_bias_raw"": -1.4449714411000907, ""current_limit_raw"": 0.0, ""default_mode"": 3.0, ""device"": ""/dev/ttyAMA0"", ""disable_anti_windup"": false, ""disable_freeze_nn_on_saturation"": false, ""disable_freeze_zeta_on_saturation"": false, ""disturb_interval_sec"": 30.0, ""disturb_jitter_sec"": 3.0, ""disturb_mode"": ""mixed"", ""disturb_seed"": -1.0, ""disturbance_placement"": ""mid_move"", ""duration"": 10.0, ""dxl_id"": 6.0, ""enable_disturbance"": false, ""frequency_hz"": 3.0, ""fric_coulomb"": 0.014141794071055513, ""fric_vel_scale"": 0.6053451495979879, ""gamma_adapt"": 10.861062910919536, ""gamma_link"": 1.0761593196654606, ""integral_limit"": 1.6504936083, ""k_delta"": 0.11846121535118512, ""max_abs_e_dot"": 10.0, ""max_control"": 0.15845172927896142, ""max_current_raw"": 58.0, ""max_current_slew"": 181.19013902922345, ""mid_disturbance_offset_sec"": 0.0, ""no_set_current_mode"": false, ""predict_horizon_sec"": 0.002145236938062337, ""pulse_current_raw_max"": 12.0, ""pulse_current_raw_min"": 4.0, ""pulse_duration_max"": 0.6, ""pulse_duration_min"": 0.15, ""q_abs_guard_deg"": 35.0, ""qd_lpf_alpha"": 0.06775213860261586, ""rate"": 120.0, ""rbf_center_max"": 3.2, ""rbf_center_min"": -3.2, ""rbf_nodes"": 11.0, ""rbf_width"": 0.6639035068656867, ""ref_jump_deg_max"": 8.0, ""ref_jump_deg_min"": 2.0, ""ref_jump_duration_max"": 0.6, ""ref_jump_duration_min"": 0.15, ""reference_shape"": ""sine"", ""reset_zeta_after_motion"": false, ""reset_zeta_on_segment"": false, ""restore_mode"": false, ""sigma_mod"": 0.14884082286521882, ""sine_center_mode"": ""lock"", ""soft_start_sec"": 0.5, ""step_absolute_target_deg"": null, ""step_absolute_target_rad"": null, ""step_delta_deg"": 40.0, ""step_ramp_sec"": 1.0, ""step_segment_sec"": 1.5, ""step_sequence_deg"": """", ""step_shape"": ""smoothstep"", ""step_start_sec"": 0.0, ""tail_err_full_deg"": 4.0, ""tail_err_thresh_deg"": 1.5, ""tail_kd"": 0.07515731147585342, ""tail_kp"": 0.0, ""tail_max_control_boost"": 0.0, ""tail_u_max"": 0.0, ""torque_to_current"": 210.0, ""zeta0"": 0.885692967, ""zeta_leak"": 0.03267027142225675, ""zeta_reset_delay_sec"": 0.0, ""zeta_reset_value"": null, ""zeta_soft"": 0.919619350036194}"
44,1,1.0,1000175.9438029717,1200.0,9.991755000000001,7.58201054844655,8.588733961202937,13.254762086904597,18.623180281233036,0.37405619702820625,0.0,0.07734110544217686,0.9646273024823064,0.9037975876,0.8856867033,0.9037975876,0.018110884299999963,0.0018104620548333335,0.0,0.1173862175,0.0,0.0,0.0,0.0,0.0,0.0,0.0,0.0,0.0,0.0,0.0,0.0,0.0,0.0,0.0,0.0,7.91143343614045,13.240699996057295,14.407209901093031,0.0,0,11.1258347160001,/tmp/nussbaum_sine_3hz_struct_runs/optuna_t0044_r01.csv,,"{""alpha"": 5.407183863682706, ""amplitude_deg"": 10.0, ""baudrate"": 1000000.0, ""command_sign"": -1.0, ""control_output_scale"": 1.0, ""current_bias_raw"": -1.6400790772202323, ""current_limit_raw"": 0.0, ""default_mode"": 3.0, ""device"": ""/dev/ttyAMA0"", ""disable_anti_windup"": false, ""disable_freeze_nn_on_saturation"": false, ""disable_freeze_zeta_on_saturation"": false, ""disturb_interval_sec"": 30.0, ""disturb_jitter_sec"": 3.0, ""disturb_mode"": ""mixed"", ""disturb_seed"": -1.0, ""disturbance_placement"": ""mid_move"", ""duration"": 10.0, ""dxl_id"": 6.0, ""enable_disturbance"": false, ""frequency_hz"": 3.0, ""fric_coulomb"": 0.001599698009496222, ""fric_vel_scale"": 1.0211577117438821, ""gamma_adapt"": 20.178991191243433, ""gamma_link"": 1.1097075798682732, ""integral_limit"": 1.6504936083, ""k_delta"": 0.1388862394570923, ""max_abs_e_dot"": 10.0, ""max_control"": 0.21630331310184314, ""max_current_raw"": 49.0, ""max_current_slew"": 86.12284193544984, ""mid_disturbance_offset_sec"": 0.0, ""no_set_current_mode"": false, ""predict_horizon_sec"": 0.0024552971310281765, ""pulse_current_raw_max"": 12.0, ""pulse_current_raw_min"": 4.0, ""pulse_duration_max"": 0.6, ""pulse_duration_min"": 0.15, ""q_abs_guard_deg"": 35.0, ""qd_lpf_alpha"": 0.053286854086344794, ""rate"": 120.0, ""rbf_center_max"": 3.2, ""rbf_center_min"": -3.2, ""rbf_nodes"": 11.0, ""rbf_width"": 2.100853197008601, ""ref_jump_deg_max"": 8.0, ""ref_jump_deg_min"": 2.0, ""ref_jump_duration_max"": 0.6, ""ref_jump_duration_min"": 0.15, ""reference_shape"": ""sine"", ""reset_zeta_after_motion"": false, ""reset_zeta_on_segment"": false, ""restore_mode"": false, ""sigma_mod"": 0.12616064310843747, ""sine_center_mode"": ""lock"", ""soft_start_sec"": 0.5, ""step_absolute_target_deg"": null, ""step_absolute_target_rad"": null, ""step_delta_deg"": 40.0, ""step_ramp_sec"": 1.0, ""step_segment_sec"": 1.5, ""step_sequence_deg"": """", ""step_shape"": ""smoothstep"", ""step_start_sec"": 0.0, ""tail_err_full_deg"": 4.0, ""tail_err_thresh_deg"": 1.5, ""tail_kd"": 0.07170546563201788, ""tail_kp"": 0.0, ""tail_max_control_boost"": 0.0, ""tail_u_max"": 0.0, ""torque_to_current"": 210.0, ""zeta0"": 0.885692967, ""zeta_leak"": 0.020366034941140372, ""zeta_reset_delay_sec"": 0.0, ""zeta_reset_value"": null, ""zeta_soft"": 0.8487863397847399}"
45,1,1.0,1000158.1405098293,1200.0,9.991757,8.099408203813375,9.216569502821244,14.040815733190737,21.627562660092654,0.3918594901706998,0.0,0.06943964285714285,0.8342591722599771,1.1344030825,0.8856810908,1.1344030825,0.24872199169999998,0.024871011545666667,0.13590014354499988,0.7712882242,0.0,0.0,0.0,0.0,0.0,0.0,0.0,0.0,0.0,0.0,0.0,0.0,0.0,0.0,0.0,0.0,8.193898729624332,13.686507484306812,14.22126112974851,0.0,0,11.138041252000221,/tmp/nussbaum_sine_3hz_struct_runs/optuna_t0045_r01.csv,,"{""alpha"": 19.450823977096785, ""amplitude_deg"": 10.0, ""baudrate"": 1000000.0, ""command_sign"": -1.0, ""control_output_scale"": 1.0, ""current_bias_raw"": 1.0265341842260276, ""current_limit_raw"": 0.0, ""default_mode"": 3.0, ""device"": ""/dev/ttyAMA0"", ""disable_anti_windup"": false, ""disable_freeze_nn_on_saturation"": false, ""disable_freeze_zeta_on_saturation"": false, ""disturb_interval_sec"": 30.0, ""disturb_jitter_sec"": 3.0, ""disturb_mode"": ""mixed"", ""disturb_seed"": -1.0, ""disturbance_placement"": ""mid_move"", ""duration"": 10.0, ""dxl_id"": 6.0, ""enable_disturbance"": false, ""frequency_hz"": 3.0, ""fric_coulomb"": 0.00609987591064971, ""fric_vel_scale"": 0.5716841289530509, ""gamma_adapt"": 17.92396804208474, ""gamma_link"": 0.9304104563688564, ""integral_limit"": 1.6504936083, ""k_delta"": 0.09352539394867976, ""max_abs_e_dot"": 10.0, ""max_control"": 0.14359804406631618, ""max_current_raw"": 77.0, ""max_current_slew"": 125.75375350134833, ""mid_disturbance_offset_sec"": 0.0, ""no_set_current_mode"": false, ""predict_horizon_sec"": 0.0033654906562310127, ""pulse_current_raw_max"": 12.0, ""pulse_current_raw_min"": 4.0, ""pulse_duration_max"": 0.6, ""pulse_duration_min"": 0.15, ""q_abs_guard_deg"": 35.0, ""qd_lpf_alpha"": 0.02842690691402009, ""rate"": 120.0, ""rbf_center_max"": 3.2, ""rbf_center_min"": -3.2, ""rbf_nodes"": 11.0, ""rbf_width"": 0.6154228633892272, ""ref_jump_deg_max"": 8.0, ""ref_jump_deg_min"": 2.0, ""ref_jump_duration_max"": 0.6, ""ref_jump_duration_min"": 0.15, ""reference_shape"": ""sine"", ""reset_zeta_after_motion"": false, ""reset_zeta_on_segment"": false, ""restore_mode"": false, ""sigma_mod"": 0.32653839510005567, ""sine_center_mode"": ""lock"", ""soft_start_sec"": 0.5, ""step_absolute_target_deg"": null, ""step_absolute_target_rad"": null, ""step_delta_deg"": 40.0, ""step_ramp_sec"": 1.0, ""step_segment_sec"": 1.5, ""step_sequence_deg"": """", ""step_shape"": ""smoothstep"", ""step_start_sec"": 0.0, ""tail_err_full_deg"": 4.0, ""tail_err_thresh_deg"": 1.5, ""tail_kd"": 0.052962627841408025, ""tail_kp"": 0.0, ""tail_max_control_boost"": 0.0, ""tail_u_max"": 0.0, ""torque_to_current"": 210.0, ""zeta0"": 0.885692967, ""zeta_leak"": 0.039152330810611334, ""zeta_reset_delay_sec"": 0.0, ""zeta_reset_value"": null, ""zeta_soft"": 0.849292853017884}"
46,1,1.0,1000000.4715596786,1200.0,9.992131,8.964158385238303,10.150340564697153,14.862758971614529,21.225101273968882,0.6813621954070219,0.0,0.10472281690140843,0.8179446163501215,1.728908461,0.8856929812,1.728908461,0.8432154798000001,0.08432154939508334,0.434855738845,2.2535312392,0.0,0.0,0.0,0.0,0.0,0.0,0.0,0.0,0.0,0.0,0.0,0.0,0.0,0.0,0.0,0.0,9.292220867047435,14.332662987465515,20.047155967860714,0.0,0,11.180712251999466,/tmp/nussbaum_sine_3hz_struct_runs/optuna_t0046_r01.csv,,"{""alpha"": 17.070700086600127, ""amplitude_deg"": 10.0, ""baudrate"": 1000000.0, ""command_sign"": -1.0, ""control_output_scale"": 1.0, ""current_bias_raw"": 0.3999647429119695, ""current_limit_raw"": 0.0, ""default_mode"": 3.0, ""device"": ""/dev/ttyAMA0"", ""disable_anti_windup"": false, ""disable_freeze_nn_on_saturation"": false, ""disable_freeze_zeta_on_saturation"": false, ""disturb_interval_sec"": 30.0, ""disturb_jitter_sec"": 3.0, ""disturb_mode"": ""mixed"", ""disturb_seed"": -1.0, ""disturbance_placement"": ""mid_move"", ""duration"": 10.0, ""dxl_id"": 6.0, ""enable_disturbance"": false, ""frequency_hz"": 3.0, ""fric_coulomb"": 0.006023058833168587, ""fric_vel_scale"": 0.4606368073559326, ""gamma_adapt"": 13.749177619402904, ""gamma_link"": 0.9583821804466186, ""integral_limit"": 1.6504936083, ""k_delta"": 0.19705457746089713, ""max_abs_e_dot"": 10.0, ""max_control"": 0.15881244269801068, ""max_current_raw"": 71.0, ""max_current_slew"": 173.95959185056373, ""mid_disturbance_offset_sec"": 0.0, ""no_set_current_mode"": false, ""predict_horizon_sec"": 0.0030555140070453197, ""pulse_current_raw_max"": 12.0, ""pulse_current_raw_min"": 4.0, ""pulse_duration_max"": 0.6, ""pulse_duration_min"": 0.15, ""q_abs_guard_deg"": 35.0, ""qd_lpf_alpha"": 0.07696259186203178, ""rate"": 120.0, ""rbf_center_max"": 3.2, ""rbf_center_min"": -3.2, ""rbf_nodes"": 11.0, ""rbf_width"": 0.6286308898965428, ""ref_jump_deg_max"": 8.0, ""ref_jump_deg_min"": 2.0, ""ref_jump_duration_max"": 0.6, ""ref_jump_duration_min"": 0.15, ""reference_shape"": ""sine"", ""reset_zeta_after_motion"": false, ""reset_zeta_on_segment"": false, ""restore_mode"": false, ""sigma_mod"": 0.22109485893473513, ""sine_center_mode"": ""lock"", ""soft_start_sec"": 0.5, ""step_absolute_target_deg"": null, ""step_absolute_target_rad"": null, ""step_delta_deg"": 40.0, ""step_ramp_sec"": 1.0, ""step_segment_sec"": 1.5, ""step_sequence_deg"": """", ""step_shape"": ""smoothstep"", ""step_start_sec"": 0.0, ""tail_err_full_deg"": 4.0, ""tail_err_thresh_deg"": 1.5, ""tail_kd"": 0.00036542193488825703, ""tail_kp"": 0.0, ""tail_max_control_boost"": 0.0, ""tail_u_max"": 0.0, ""torque_to_current"": 210.0, ""zeta0"": 0.885692967, ""zeta_leak"": 0.06359222980448628, ""zeta_reset_delay_sec"": 0.0, ""zeta_reset_value"": null, ""zeta_soft"": 1.0743577270508293}"
47,1,0.0,1000000.0,0.0,0.0,inf,inf,inf,inf,0.0,1.0,1.0,0.0,0.0,0.0,0.0,0.0,0.0,0.0,0.0,0.0,0.0,0.0,0.0,0.0,0.0,0.0,0.0,0.0,0.0,0.0,0.0,0.0,0.0,0.0,0.0,inf,inf,inf,1.0,1,4.762604331000148,/tmp/nussbaum_sine_3hz_struct_runs/optuna_t0047_r01.csv,[DBG] t=   2.00s e=  6.36deg u=-0.2272 u_aux=-0.1668 u_rob=-0.0000 u_fric= 0.0141 ta=1.00 cmd=   0.18 slewB=1.00 raw q= 132.98deg | [DBG] t=   3.00s e= 18.79deg u= 0.2873 u_aux=-0.1736 u_rob=-0.0000 u_fric= 0.0141 ta=1.00 cmd=  -9.78 slewB=1.00 raw q= 120.59deg | [ERROR] q guard hit: |q-q_center|=35.42 deg > 35.00,"{""alpha"": 5.949641200497631, ""amplitude_deg"": 10.0, ""baudrate"": 1000000.0, ""command_sign"": -1.0, ""control_output_scale"": 1.0, ""current_bias_raw"": -1.4569991616963487, ""current_limit_raw"": 0.0, ""default_mode"": 3.0, ""device"": ""/dev/ttyAMA0"", ""disable_anti_windup"": false, ""disable_freeze_nn_on_saturation"": false, ""disable_freeze_zeta_on_saturation"": false, ""disturb_interval_sec"": 30.0, ""disturb_jitter_sec"": 3.0, ""disturb_mode"": ""mixed"", ""disturb_seed"": -1.0, ""disturbance_placement"": ""mid_move"", ""duration"": 10.0, ""dxl_id"": 6.0, ""enable_disturbance"": false, ""frequency_hz"": 3.0, ""fric_coulomb"": 0.014216158177379269, ""fric_vel_scale"": 1.1982881142852246, ""gamma_adapt"": 5.92468364428395, ""gamma_link"": 0.8483190414288239, ""integral_limit"": 1.6504936083, ""k_delta"": 0.15796770856218353, ""max_abs_e_dot"": 10.0, ""max_control"": 0.28728697186327273, ""max_current_raw"": 93.0, ""max_current_slew"": 54.31628898618027, ""mid_disturbance_offset_sec"": 0.0, ""no_set_current_mode"": false, ""predict_horizon_sec"": 0.002561959267060461, ""pulse_current_raw_max"": 12.0, ""pulse_current_raw_min"": 4.0, ""pulse_duration_max"": 0.6, ""pulse_duration_min"": 0.15, ""q_abs_guard_deg"": 35.0, ""qd_lpf_alpha"": 0.06871390853060146, ""rate"": 120.0, ""rbf_center_max"": 3.2, ""rbf_center_min"": -3.2, ""rbf_nodes"": 11.0, ""rbf_width"": 0.7562470362332576, ""ref_jump_deg_max"": 8.0, ""ref_jump_deg_min"": 2.0, ""ref_jump_duration_max"": 0.6, ""ref_jump_duration_min"": 0.15, ""reference_shape"": ""sine"", ""reset_zeta_after_motion"": false, ""reset_zeta_on_segment"": false, ""restore_mode"": false, ""sigma_mod"": 0.19550669658926584, ""sine_center_mode"": ""lock"", ""soft_start_sec"": 0.5, ""step_absolute_target_deg"": null, ""step_absolute_target_rad"": null, ""step_delta_deg"": 40.0, ""step_ramp_sec"": 1.0, ""step_segment_sec"": 1.5, ""step_sequence_deg"": """", ""step_shape"": ""smoothstep"", ""step_start_sec"": 0.0, ""tail_err_full_deg"": 4.0, ""tail_err_thresh_deg"": 1.5, ""tail_kd"": 0.04965888234492804, ""tail_kp"": 0.0, ""tail_max_control_boost"": 0.0, ""tail_u_max"": 0.0, ""torque_to_current"": 210.0, ""zeta0"": 0.885692967, ""zeta_leak"": 0.019662486742425635, ""zeta_reset_delay_sec"": 0.0, ""zeta_reset_value"": null, ""zeta_soft"": 0.8359094713441783}"
48,1,0.0,1000000.0,0.0,0.0,inf,inf,inf,inf,0.0,1.0,1.0,0.0,0.0,0.0,0.0,0.0,0.0,0.0,0.0,0.0,0.0,0.0,0.0,0.0,0.0,0.0,0.0,0.0,0.0,0.0,0.0,0.0,0.0,0.0,0.0,inf,inf,inf,1.0,1,3.777334774999872,/tmp/nussbaum_sine_3hz_struct_runs/optuna_t0048_r01.csv,[DBG] t=   1.00s e=  5.85deg u=-0.2138 u_aux=-0.0337 u_rob=-0.0000 u_fric= 0.0197 ta=1.00 cmd=   0.71 slewB=1.00 raw q= 133.33deg | [DBG] t=   2.00s e= 12.61deg u= 0.2213 u_aux=-0.0335 u_rob=-0.0000 u_fric= 0.0197 ta=1.00 cmd=  -8.91 slewB=1.00 raw q= 126.56deg | [ERROR] q guard hit: |q-q_center|=35.24 deg > 35.00,"{""alpha"": 9.809075865392051, ""amplitude_deg"": 10.0, ""baudrate"": 1000000.0, ""command_sign"": -1.0, ""control_output_scale"": 1.0, ""current_bias_raw"": -0.9961609835079779, ""current_limit_raw"": 0.0, ""default_mode"": 3.0, ""device"": ""/dev/ttyAMA0"", ""disable_anti_windup"": false, ""disable_freeze_nn_on_saturation"": false, ""disable_freeze_zeta_on_saturation"": false, ""disturb_interval_sec"": 30.0, ""disturb_jitter_sec"": 3.0, ""disturb_mode"": ""mixed"", ""disturb_seed"": -1.0, ""disturbance_placement"": ""mid_move"", ""duration"": 10.0, ""dxl_id"": 6.0, ""enable_disturbance"": false, ""frequency_hz"": 3.0, ""fric_coulomb"": 0.019708810941671897, ""fric_vel_scale"": 0.8043763807484023, ""gamma_adapt"": 6.276915461451874, ""gamma_link"": 0.8208804300298321, ""integral_limit"": 1.6504936083, ""k_delta"": 0.10641291679392037, ""max_abs_e_dot"": 10.0, ""max_control"": 0.22130649848869688, ""max_current_raw"": 81.0, ""max_current_slew"": 134.38178771132334, ""mid_disturbance_offset_sec"": 0.0, ""no_set_current_mode"": false, ""predict_horizon_sec"": 0.003777926714862478, ""pulse_current_raw_max"": 12.0, ""pulse_current_raw_min"": 4.0, ""pulse_duration_max"": 0.6, ""pulse_duration_min"": 0.15, ""q_abs_guard_deg"": 35.0, ""qd_lpf_alpha"": 0.047393816361707794, ""rate"": 120.0, ""rbf_center_max"": 3.2, ""rbf_center_min"": -3.2, ""rbf_nodes"": 11.0, ""rbf_width"": 0.9754899140135201, ""ref_jump_deg_max"": 8.0, ""ref_jump_deg_min"": 2.0, ""ref_jump_duration_max"": 0.6, ""ref_jump_duration_min"": 0.15, ""reference_shape"": ""sine"", ""reset_zeta_after_motion"": false, ""reset_zeta_on_segment"": false, ""restore_mode"": false, ""sigma_mod"": 0.21418660699005238, ""sine_center_mode"": ""lock"", ""soft_start_sec"": 0.5, ""step_absolute_target_deg"": null, ""step_absolute_target_rad"": null, ""step_delta_deg"": 40.0, ""step_ramp_sec"": 1.0, ""step_segment_sec"": 1.5, ""step_sequence_deg"": """", ""step_shape"": ""smoothstep"", ""step_start_sec"": 0.0, ""tail_err_full_deg"": 4.0, ""tail_err_thresh_deg"": 1.5, ""tail_kd"": 0.008776415496222479, ""tail_kp"": 0.0, ""tail_max_control_boost"": 0.0, ""tail_u_max"": 0.0, ""torque_to_current"": 210.0, ""zeta0"": 0.885692967, ""zeta_leak"": 0.02263529142590028, ""zeta_reset_delay_sec"": 0.0, ""zeta_reset_value"": null, ""zeta_soft"": 0.9834403971590622}"
49,1,1.0,1000026.8426453945,1200.0,9.991700000000002,8.44684820814136,9.697822469425297,15.13893795099576,26.05678979369318,0.5965694036449728,0.0,0.09122801767676768,0.9064399248239783,0.9632231588,0.8856667115,0.9632231588,0.0775564473,0.007753019183083333,0.065499670835,0.1884566528,0.0,0.0,0.0,0.0,0.0,0.0,0.0,0.0,0.0,0.0,0.0,0.0,0.0,0.0,0.0,0.0,8.306789715330751,14.26842645394504,16.198313503137147,0.0,0,11.259971548999602,/tmp/nussbaum_sine_3hz_struct_runs/optuna_t0049_r01.csv,,"{""alpha"": 11.907004451046554, ""amplitude_deg"": 10.0, ""baudrate"": 1000000.0, ""command_sign"": -1.0, ""control_output_scale"": 1.0, ""current_bias_raw"": -1.7514129575247788, ""current_limit_raw"": 0.0, ""default_mode"": 3.0, ""device"": ""/dev/ttyAMA0"", ""disable_anti_windup"": false, ""disable_freeze_nn_on_saturation"": false, ""disable_freeze_zeta_on_saturation"": false, ""disturb_interval_sec"": 30.0, ""disturb_jitter_sec"": 3.0, ""disturb_mode"": ""mixed"", ""disturb_seed"": -1.0, ""disturbance_placement"": ""mid_move"", ""duration"": 10.0, ""dxl_id"": 6.0, ""enable_disturbance"": false, ""frequency_hz"": 3.0, ""fric_coulomb"": 0.007743187868806107, ""fric_vel_scale"": 0.7174792274171127, ""gamma_adapt"": 6.03963108896293, ""gamma_link"": 0.8327781935097923, ""integral_limit"": 1.6504936083, ""k_delta"": 0.17039451335135175, ""max_abs_e_dot"": 10.0, ""max_control"": 0.1278439808935343, ""max_current_raw"": 66.0, ""max_current_slew"": 138.47010395929343, ""mid_disturbance_offset_sec"": 0.0, ""no_set_current_mode"": false, ""predict_horizon_sec"": 0.0038473396216774326, ""pulse_current_raw_max"": 12.0, ""pulse_current_raw_min"": 4.0, ""pulse_duration_max"": 0.6, ""pulse_duration_min"": 0.15, ""q_abs_guard_deg"": 35.0, ""qd_lpf_alpha"": 0.056674709405049026, ""rate"": 120.0, ""rbf_center_max"": 3.2, ""rbf_center_min"": -3.2, ""rbf_nodes"": 11.0, ""rbf_width"": 1.025608514289332, ""ref_jump_deg_max"": 8.0, ""ref_jump_deg_min"": 2.0, ""ref_jump_duration_max"": 0.6, ""ref_jump_duration_min"": 0.15, ""reference_shape"": ""sine"", ""reset_zeta_after_motion"": false, ""reset_zeta_on_segment"": false, ""restore_mode"": false, ""sigma_mod"": 0.16283367804311477, ""sine_center_mode"": ""lock"", ""soft_start_sec"": 0.5, ""step_absolute_target_deg"": null, ""step_absolute_target_rad"": null, ""step_delta_deg"": 40.0, ""step_ramp_sec"": 1.0, ""step_segment_sec"": 1.5, ""step_sequence_deg"": """", ""step_shape"": ""smoothstep"", ""step_start_sec"": 0.0, ""tail_err_full_deg"": 4.0, ""tail_err_thresh_deg"": 1.5, ""tail_kd"": 0.04932335327218004, ""tail_kp"": 0.0, ""tail_max_control_boost"": 0.0, ""tail_u_max"": 0.0, ""torque_to_current"": 210.0, ""zeta0"": 0.885692967, ""zeta_leak"": 0.06679917097666364, ""zeta_reset_delay_sec"": 0.0, ""zeta_reset_value"": null, ""zeta_soft"": 0.8385268730865313}"
50,1,0.0,1000000.0,0.0,0.0,inf,inf,inf,inf,0.0,1.0,1.0,0.0,0.0,0.0,0.0,0.0,0.0,0.0,0.0,0.0,0.0,0.0,0.0,0.0,0.0,0.0,0.0,0.0,0.0,0.0,0.0,0.0,0.0,0.0,0.0,inf,inf,inf,1.0,1,6.66919760699966,/tmp/nussbaum_sine_3hz_struct_runs/optuna_t0050_r01.csv,[DBG] t=   4.00s e=  4.77deg u=-0.1685 u_aux=-0.0518 u_rob=-0.0000 u_fric= 0.0039 ta=1.00 cmd=   1.74 slewB=1.00 raw q= 134.56deg | [DBG] t=   5.01s e= 19.26deg u= 0.1685 u_aux=-0.0564 u_rob=-0.0000 u_fric= 0.0039 ta=1.00 cmd= -11.32 slewB=1.00 raw q= 122.43deg | [ERROR] q guard hit: |q-q_center|=35.16 deg > 35.00,"{""alpha"": 13.05394901227469, ""amplitude_deg"": 10.0, ""baudrate"": 1000000.0, ""command_sign"": -1.0, ""control_output_scale"": 1.0, ""current_bias_raw"": -0.9298333385403601, ""current_limit_raw"": 0.0, ""default_mode"": 3.0, ""device"": ""/dev/ttyAMA0"", ""disable_anti_windup"": false, ""disable_freeze_nn_on_saturation"": false, ""disable_freeze_zeta_on_saturation"": false, ""disturb_interval_sec"": 30.0, ""disturb_jitter_sec"": 3.0, ""disturb_mode"": ""mixed"", ""disturb_seed"": -1.0, ""disturbance_placement"": ""mid_move"", ""duration"": 10.0, ""dxl_id"": 6.0, ""enable_disturbance"": false, ""frequency_hz"": 3.0, ""fric_coulomb"": 0.003935947619323874, ""fric_vel_scale"": 0.40340760275485277, ""gamma_adapt"": 14.214299877291777, ""gamma_link"": 0.8825041507809728, ""integral_limit"": 1.6504936083, ""k_delta"": 0.11320312492442836, ""max_abs_e_dot"": 10.0, ""max_control"": 0.16848621535607014, ""max_current_raw"": 87.0, ""max_current_slew"": 127.48292678636727, ""mid_disturbance_offset_sec"": 0.0, ""no_set_current_mode"": false, ""predict_horizon_sec"": 0.0008906945450178766, ""pulse_current_raw_max"": 12.0, ""pulse_current_raw_min"": 4.0, ""pulse_duration_max"": 0.6, ""pulse_duration_min"": 0.15, ""q_abs_guard_deg"": 35.0, ""qd_lpf_alpha"": 0.0665571417146724, ""rate"": 120.0, ""rbf_center_max"": 3.2, ""rbf_center_min"": -3.2, ""rbf_nodes"": 11.0, ""rbf_width"": 0.8258848375595715, ""ref_jump_deg_max"": 8.0, ""ref_jump_deg_min"": 2.0, ""ref_jump_duration_max"": 0.6, ""ref_jump_duration_min"": 0.15, ""reference_shape"": ""sine"", ""reset_zeta_after_motion"": false, ""reset_zeta_on_segment"": false, ""restore_mode"": false, ""sigma_mod"": 0.23369488124427568, ""sine_center_mode"": ""lock"", ""soft_start_sec"": 0.5, ""step_absolute_target_deg"": null, ""step_absolute_target_rad"": null, ""step_delta_deg"": 40.0, ""step_ramp_sec"": 1.0, ""step_segment_sec"": 1.5, ""step_sequence_deg"": """", ""step_shape"": ""smoothstep"", ""step_start_sec"": 0.0, ""tail_err_full_deg"": 4.0, ""tail_err_thresh_deg"": 1.5, ""tail_kd"": 0.015055403151845006, ""tail_kp"": 0.0, ""tail_max_control_boost"": 0.0, ""tail_u_max"": 0.0, ""torque_to_current"": 210.0, ""zeta0"": 0.885692967, ""zeta_leak"": 0.0773221145302713, ""zeta_reset_delay_sec"": 0.0, ""zeta_reset_value"": null, ""zeta_soft"": 1.0015672570516807}"
51,1,1.0,1000015.3884746219,1200.0,9.991767000000001,9.1903448121683,10.60404567754868,17.48056488260768,27.190781914514194,0.6898087139760142,0.0,0.13279292349726776,0.8483978542890753,1.1629543484,0.885692967,1.1629543484,0.2772613814,0.027726138136333334,0.1902028578699999,0.6216008962,0.0,0.0,0.0,0.0,0.0,0.0,0.0,0.0,0.0,0.0,0.0,0.0,0.0,0.0,0.0,0.0,9.22578745865774,16.19364539653738,21.53884746218769,0.0,0,11.210803307999413,/tmp/nussbaum_sine_3hz_struct_runs/optuna_t0051_r01.csv,,"{""alpha"": 10.104122508058378, ""amplitude_deg"": 10.0, ""baudrate"": 1000000.0, ""command_sign"": -1.0, ""control_output_scale"": 1.0, ""current_bias_raw"": -0.8905248229704901, ""current_limit_raw"": 0.0, ""default_mode"": 3.0, ""device"": ""/dev/ttyAMA0"", ""disable_anti_windup"": false, ""disable_freeze_nn_on_saturation"": false, ""disable_freeze_zeta_on_saturation"": false, ""disturb_interval_sec"": 30.0, ""disturb_jitter_sec"": 3.0, ""disturb_mode"": ""mixed"", ""disturb_seed"": -1.0, ""disturbance_placement"": ""mid_move"", ""duration"": 10.0, ""dxl_id"": 6.0, ""enable_disturbance"": false, ""frequency_hz"": 3.0, ""fric_coulomb"": 0.00328269139792869, ""fric_vel_scale"": 1.0258258809891228, ""gamma_adapt"": 4.072256233155402, ""gamma_link"": 0.974035185216142, ""integral_limit"": 1.6504936083, ""k_delta"": 0.13071961819601002, ""max_abs_e_dot"": 10.0, ""max_control"": 0.14481269523506857, ""max_current_raw"": 61.0, ""max_current_slew"": 191.36356639262593, ""mid_disturbance_offset_sec"": 0.0, ""no_set_current_mode"": false, ""predict_horizon_sec"": 0.003035208397661654, ""pulse_current_raw_max"": 12.0, ""pulse_current_raw_min"": 4.0, ""pulse_duration_max"": 0.6, ""pulse_duration_min"": 0.15, ""q_abs_guard_deg"": 35.0, ""qd_lpf_alpha"": 0.06605328476010074, ""rate"": 120.0, ""rbf_center_max"": 3.2, ""rbf_center_min"": -3.2, ""rbf_nodes"": 11.0, ""rbf_width"": 0.6792292533644717, ""ref_jump_deg_max"": 8.0, ""ref_jump_deg_min"": 2.0, ""ref_jump_duration_max"": 0.6, ""ref_jump_duration_min"": 0.15, ""reference_shape"": ""sine"", ""reset_zeta_after_motion"": false, ""reset_zeta_on_segment"": false, ""restore_mode"": false, ""sigma_mod"": 0.16111595709072613, ""sine_center_mode"": ""lock"", ""soft_start_sec"": 0.5, ""step_absolute_target_deg"": null, ""step_absolute_target_rad"": null, ""step_delta_deg"": 40.0, ""step_ramp_sec"": 1.0, ""step_segment_sec"": 1.5, ""step_sequence_deg"": """", ""step_shape"": ""smoothstep"", ""step_start_sec"": 0.0, ""tail_err_full_deg"": 4.0, ""tail_err_thresh_deg"": 1.5, ""tail_kd"": 0.03274917774583151, ""tail_kp"": 0.0, ""tail_max_control_boost"": 0.0, ""tail_u_max"": 0.0, ""torque_to_current"": 210.0, ""zeta0"": 0.885692967, ""zeta_leak"": 0.01763348341072505, ""zeta_reset_delay_sec"": 0.0, ""zeta_reset_value"": null, ""zeta_soft"": 0.9204852464093353}"
52,1,0.0,1000000.0,0.0,0.0,inf,inf,inf,inf,0.0,1.0,1.0,0.0,0.0,0.0,0.0,0.0,0.0,0.0,0.0,0.0,0.0,0.0,0.0,0.0,0.0,0.0,0.0,0.0,0.0,0.0,0.0,0.0,0.0,0.0,0.0,inf,inf,inf,1.0,1,3.358448312999826,/tmp/nussbaum_sine_3hz_struct_runs/optuna_t0052_r01.csv,[DBG] t=   1.00s e=  5.26deg u=-0.2882 u_aux=-0.0625 u_rob=-0.0000 u_fric= 0.0039 ta=1.00 cmd=  -0.35 slewB=1.00 raw q= 134.21deg | [DBG] t=   2.00s e= 22.99deg u= 0.2882 u_aux=-0.0749 u_rob=-0.0000 u_fric= 0.0039 ta=1.00 cmd= -16.13 slewB=1.00 raw q= 116.63deg | [ERROR] q guard hit: |q-q_center|=36.21 deg > 35.00,"{""alpha"": 3.3125968111772166, ""amplitude_deg"": 10.0, ""baudrate"": 1000000.0, ""command_sign"": -1.0, ""control_output_scale"": 1.0, ""current_bias_raw"": -0.18578441236444215, ""current_limit_raw"": 0.0, ""default_mode"": 3.0, ""device"": ""/dev/ttyAMA0"", ""disable_anti_windup"": false, ""disable_freeze_nn_on_saturation"": false, ""disable_freeze_zeta_on_saturation"": false, ""disturb_interval_sec"": 30.0, ""disturb_jitter_sec"": 3.0, ""disturb_mode"": ""mixed"", ""disturb_seed"": -1.0, ""disturbance_placement"": ""mid_move"", ""duration"": 10.0, ""dxl_id"": 6.0, ""enable_disturbance"": false, ""frequency_hz"": 3.0, ""fric_coulomb"": 0.0038788278562726887, ""fric_vel_scale"": 0.6419592355509622, ""gamma_adapt"": 10.956840976492026, ""gamma_link"": 1.048990674197518, ""integral_limit"": 1.6504936083, ""k_delta"": 0.17382025538760706, ""max_abs_e_dot"": 10.0, ""max_control"": 0.2882007054407252, ""max_current_raw"": 57.0, ""max_current_slew"": 178.85883777163204, ""mid_disturbance_offset_sec"": 0.0, ""no_set_current_mode"": false, ""predict_horizon_sec"": 0.004075852430419301, ""pulse_current_raw_max"": 12.0, ""pulse_current_raw_min"": 4.0, ""pulse_duration_max"": 0.6, ""pulse_duration_min"": 0.15, ""q_abs_guard_deg"": 35.0, ""qd_lpf_alpha"": 0.029733743809304984, ""rate"": 120.0, ""rbf_center_max"": 3.2, ""rbf_center_min"": -3.2, ""rbf_nodes"": 11.0, ""rbf_width"": 0.6589662188508487, ""ref_jump_deg_max"": 8.0, ""ref_jump_deg_min"": 2.0, ""ref_jump_duration_max"": 0.6, ""ref_jump_duration_min"": 0.15, ""reference_shape"": ""sine"", ""reset_zeta_after_motion"": false, ""reset_zeta_on_segment"": false, ""restore_mode"": false, ""sigma_mod"": 0.21496282280561152, ""sine_center_mode"": ""lock"", ""soft_start_sec"": 0.5, ""step_absolute_target_deg"": null, ""step_absolute_target_rad"": null, ""step_delta_deg"": 40.0, ""step_ramp_sec"": 1.0, ""step_segment_sec"": 1.5, ""step_sequence_deg"": """", ""step_shape"": ""smoothstep"", ""step_start_sec"": 0.0, ""tail_err_full_deg"": 4.0, ""tail_err_thresh_deg"": 1.5, ""tail_kd"": 0.017815835785040517, ""tail_kp"": 0.0, ""tail_max_control_boost"": 0.0, ""tail_u_max"": 0.0, ""torque_to_current"": 210.0, ""zeta0"": 0.885692967, ""zeta_leak"": 0.02009615827012928, ""zeta_reset_delay_sec"": 0.0, ""zeta_reset_value"": null, ""zeta_soft"": 0.9235769546968579}"
53,1,1.0,1000170.6076458783,1200.0,9.991756,7.295825374629488,8.519295211803916,14.54717465113711,20.667594924443055,0.37939235412166666,0.0,0.05105822463768115,0.8523489053306142,1.239033191,0.8856906222,1.239033191,0.35334256880000003,0.0353340223975,0.23326107455999995,0.9489366313,0.0,0.0,0.0,0.0,0.0,0.0,0.0,0.0,0.0,0.0,0.0,0.0,0.0,0.0,0.0,0.0,6.839033091797223,11.655876395101005,13.095158987270704,0.0,0,11.255186327000047,/tmp/nussbaum_sine_3hz_struct_runs/optuna_t0053_r01.csv,,"{""alpha"": 13.998773153237304, ""amplitude_deg"": 10.0, ""baudrate"": 1000000.0, ""command_sign"": -1.0, ""control_output_scale"": 1.0, ""current_bias_raw"": -1.7104657570222686, ""current_limit_raw"": 0.0, ""default_mode"": 3.0, ""device"": ""/dev/ttyAMA0"", ""disable_anti_windup"": false, ""disable_freeze_nn_on_saturation"": false, ""disable_freeze_zeta_on_saturation"": false, ""disturb_interval_sec"": 30.0, ""disturb_jitter_sec"": 3.0, ""disturb_mode"": ""mixed"", ""disturb_seed"": -1.0, ""disturbance_placement"": ""mid_move"", ""duration"": 10.0, ""dxl_id"": 6.0, ""enable_disturbance"": false, ""frequency_hz"": 3.0, ""fric_coulomb"": 0.01567819649722848, ""fric_vel_scale"": 0.7990971867210918, ""gamma_adapt"": 4.37283549405837, ""gamma_link"": 1.032511533940689, ""integral_limit"": 1.6504936083, ""k_delta"": 0.1936831591288138, ""max_abs_e_dot"": 10.0, ""max_control"": 0.23969259795093834, ""max_current_raw"": 46.0, ""max_current_slew"": 50.749659425627385, ""mid_disturbance_offset_sec"": 0.0, ""no_set_current_mode"": false, ""predict_horizon_sec"": 0.003701869743929417, ""pulse_current_raw_max"": 12.0, ""pulse_current_raw_min"": 4.0, ""pulse_duration_max"": 0.6, ""pulse_duration_min"": 0.15, ""q_abs_guard_deg"": 35.0, ""qd_lpf_alpha"": 0.03471464908606407, ""rate"": 120.0, ""rbf_center_max"": 3.2, ""rbf_center_min"": -3.2, ""rbf_nodes"": 11.0, ""rbf_width"": 0.9592232473515856, ""ref_jump_deg_max"": 8.0, ""ref_jump_deg_min"": 2.0, ""ref_jump_duration_max"": 0.6, ""ref_jump_duration_min"": 0.15, ""reference_shape"": ""sine"", ""reset_zeta_after_motion"": false, ""reset_zeta_on_segment"": false, ""restore_mode"": false, ""sigma_mod"": 0.14159973829673547, ""sine_center_mode"": ""lock"", ""soft_start_sec"": 0.5, ""step_absolute_target_deg"": null, ""step_absolute_target_rad"": null, ""step_delta_deg"": 40.0, ""step_ramp_sec"": 1.0, ""step_segment_sec"": 1.5, ""step_sequence_deg"": """", ""step_shape"": ""smoothstep"", ""step_start_sec"": 0.0, ""tail_err_full_deg"": 4.0, ""tail_err_thresh_deg"": 1.5, ""tail_kd"": 0.07496521470145989, ""tail_kp"": 0.0, ""tail_max_control_boost"": 0.0, ""tail_u_max"": 0.0, ""torque_to_current"": 210.0, ""zeta0"": 0.885692967, ""zeta_leak"": 0.05723942466090485, ""zeta_reset_delay_sec"": 0.0, ""zeta_reset_value"": null, ""zeta_soft"": 0.88074279745073}"
54,1,0.0,1000000.0,0.0,0.0,inf,inf,inf,inf,0.0,1.0,1.0,0.0,0.0,0.0,0.0,0.0,0.0,0.0,0.0,0.0,0.0,0.0,0.0,0.0,0.0,0.0,0.0,0.0,0.0,0.0,0.0,0.0,0.0,0.0,0.0,inf,inf,inf,1.0,1,8.618939087000399,/tmp/nussbaum_sine_3hz_struct_runs/optuna_t0054_r01.csv,[DBG] t=   6.00s e=  3.62deg u=-0.2000 u_aux=-0.0972 u_rob=-0.0000 u_fric= 0.0072 ta=0.94 cmd=   2.84 slewB=1.00 raw q= 135.88deg | [DBG] t=   7.01s e=  4.89deg u= 0.2000 u_aux=-0.0989 u_rob=-0.0000 u_fric= 0.0072 ta=1.00 cmd=  -6.36 slewB=1.00 raw q= 135.62deg | [ERROR] q guard hit: |q-q_center|=35.51 deg > 35.00,"{""alpha"": 18.16513004840248, ""amplitude_deg"": 10.0, ""baudrate"": 1000000.0, ""command_sign"": -1.0, ""control_output_scale"": 1.0, ""current_bias_raw"": -0.7450347789184284, ""current_limit_raw"": 0.0, ""default_mode"": 3.0, ""device"": ""/dev/ttyAMA0"", ""disable_anti_windup"": false, ""disable_freeze_nn_on_saturation"": false, ""disable_freeze_zeta_on_saturation"": false, ""disturb_interval_sec"": 30.0, ""disturb_jitter_sec"": 3.0, ""disturb_mode"": ""mixed"", ""disturb_seed"": -1.0, ""disturbance_placement"": ""mid_move"", ""duration"": 10.0, ""dxl_id"": 6.0, ""enable_disturbance"": false, ""frequency_hz"": 3.0, ""fric_coulomb"": 0.007287101468385987, ""fric_vel_scale"": 1.1380128049005094, ""gamma_adapt"": 16.021364891434402, ""gamma_link"": 1.0625575774148914, ""integral_limit"": 1.6504936083, ""k_delta"": 0.15364900084141656, ""max_abs_e_dot"": 10.0, ""max_control"": 0.20000482140300002, ""max_current_raw"": 73.0, ""max_current_slew"": 144.08456410697138, ""mid_disturbance_offset_sec"": 0.0, ""no_set_current_mode"": false, ""predict_horizon_sec"": 0.003570897930360186, ""pulse_current_raw_max"": 12.0, ""pulse_current_raw_min"": 4.0, ""pulse_duration_max"": 0.6, ""pulse_duration_min"": 0.15, ""q_abs_guard_deg"": 35.0, ""qd_lpf_alpha"": 0.019238824576671455, ""rate"": 120.0, ""rbf_center_max"": 3.2, ""rbf_center_min"": -3.2, ""rbf_nodes"": 11.0, ""rbf_width"": 0.7351179204183286, ""ref_jump_deg_max"": 8.0, ""ref_jump_deg_min"": 2.0, ""ref_jump_duration_max"": 0.6, ""ref_jump_duration_min"": 0.15, ""reference_shape"": ""sine"", ""reset_zeta_after_motion"": false, ""reset_zeta_on_segment"": false, ""restore_mode"": false, ""sigma_mod"": 0.10243448129719882, ""sine_center_mode"": ""lock"", ""soft_start_sec"": 0.5, ""step_absolute_target_deg"": null, ""step_absolute_target_rad"": null, ""step_delta_deg"": 40.0, ""step_ramp_sec"": 1.0, ""step_segment_sec"": 1.5, ""step_sequence_deg"": """", ""step_shape"": ""smoothstep"", ""step_start_sec"": 0.0, ""tail_err_full_deg"": 4.0, ""tail_err_thresh_deg"": 1.5, ""tail_kd"": 0.02950145024246748, ""tail_kp"": 0.0, ""tail_max_control_boost"": 0.0, ""tail_u_max"": 0.0, ""torque_to_current"": 210.0, ""zeta0"": 0.885692967, ""zeta_leak"": 0.059954747694863766, ""zeta_reset_delay_sec"": 0.0, ""zeta_reset_value"": null, ""zeta_soft"": 1.0745831521779694}"
55,1,0.0,1000000.0,0.0,0.0,inf,inf,inf,inf,0.0,1.0,1.0,0.0,0.0,0.0,0.0,0.0,0.0,0.0,0.0,0.0,0.0,0.0,0.0,0.0,0.0,0.0,0.0,0.0,0.0,0.0,0.0,0.0,0.0,0.0,0.0,inf,inf,inf,1.0,1,10.128208197999811,/tmp/nussbaum_sine_3hz_struct_runs/optuna_t0055_r01.csv,[DBG] t=   7.00s e=  1.96deg u=-0.1594 u_aux=-0.1634 u_rob=-0.0000 u_fric= 0.0089 ta=0.09 cmd=   1.38 slewB=1.00 raw q= 137.02deg | [DBG] t=   8.00s e=  2.39deg u=-0.1400 u_aux=-0.1624 u_rob=-0.0000 u_fric= 0.0089 ta=0.29 cmd=   1.38 slewB=1.00 raw q= 136.58deg | [ERROR] q guard hit: |q-q_center|=35.95 deg > 35.00,"{""alpha"": 3.6780007383565025, ""amplitude_deg"": 10.0, ""baudrate"": 1000000.0, ""command_sign"": -1.0, ""control_output_scale"": 1.0, ""current_bias_raw"": -1.357200018769233, ""current_limit_raw"": 0.0, ""default_mode"": 3.0, ""device"": ""/dev/ttyAMA0"", ""disable_anti_windup"": false, ""disable_freeze_nn_on_saturation"": false, ""disable_freeze_zeta_on_saturation"": false, ""disturb_interval_sec"": 30.0, ""disturb_jitter_sec"": 3.0, ""disturb_mode"": ""mixed"", ""disturb_seed"": -1.0, ""disturbance_placement"": ""mid_move"", ""duration"": 10.0, ""dxl_id"": 6.0, ""enable_disturbance"": false, ""frequency_hz"": 3.0, ""fric_coulomb"": 0.008890062770110825, ""fric_vel_scale"": 0.5719670745741792, ""gamma_adapt"": 11.34604392892324, ""gamma_link"": 0.9203280365182112, ""integral_limit"": 1.6504936083, ""k_delta"": 0.09507274927500182, ""max_abs_e_dot"": 10.0, ""max_control"": 0.15939842619056765, ""max_current_raw"": 78.0, ""max_current_slew"": 219.4921778596762, ""mid_disturbance_offset_sec"": 0.0, ""no_set_current_mode"": false, ""predict_horizon_sec"": 0.0024076080161026963, ""pulse_current_raw_max"": 12.0, ""pulse_current_raw_min"": 4.0, ""pulse_duration_max"": 0.6, ""pulse_duration_min"": 0.15, ""q_abs_guard_deg"": 35.0, ""qd_lpf_alpha"": 0.07134965685543955, ""rate"": 120.0, ""rbf_center_max"": 3.2, ""rbf_center_min"": -3.2, ""rbf_nodes"": 11.0, ""rbf_width"": 1.1985217949308153, ""ref_jump_deg_max"": 8.0, ""ref_jump_deg_min"": 2.0, ""ref_jump_duration_max"": 0.6, ""ref_jump_duration_min"": 0.15, ""reference_shape"": ""sine"", ""reset_zeta_after_motion"": false, ""reset_zeta_on_segment"": false, ""restore_mode"": false, ""sigma_mod"": 0.1948346153446354, ""sine_center_mode"": ""lock"", ""soft_start_sec"": 0.5, ""step_absolute_target_deg"": null, ""step_absolute_target_rad"": null, ""step_delta_deg"": 40.0, ""step_ramp_sec"": 1.0, ""step_segment_sec"": 1.5, ""step_sequence_deg"": """", ""step_shape"": ""smoothstep"", ""step_start_sec"": 0.0, ""tail_err_full_deg"": 4.0, ""tail_err_thresh_deg"": 1.5, ""tail_kd"": 0.049054609188188575, ""tail_kp"": 0.0, ""tail_max_control_boost"": 0.0, ""tail_u_max"": 0.0, ""torque_to_current"": 210.0, ""zeta0"": 0.885692967, ""zeta_leak"": 0.055717899205023014, ""zeta_reset_delay_sec"": 0.0, ""zeta_reset_value"": null, ""zeta_soft"": 0.8360663640082133}"
56,1,1.0,1000004.25944856,1200.0,9.991783000000002,7.7023599836376375,8.879379818299496,13.410196915141167,23.263619064199307,0.551851078132065,0.0,0.06910254444444444,0.8045359152273184,1.8282874526,0.885692967,1.8282874526,0.9425944855999999,0.09425944856258334,0.4762504844699999,2.4568299313,0.0,0.0,0.0,0.0,0.0,0.0,0.0,0.0,0.0,0.0,0.0,0.0,0.0,0.0,0.0,0.0,6.985226209777541,12.797517957129024,13.448864105829049,0.0,0,11.329762716000005,/tmp/nussbaum_sine_3hz_struct_runs/optuna_t0056_r01.csv,,"{""alpha"": 18.09393582377307, ""amplitude_deg"": 10.0, ""baudrate"": 1000000.0, ""command_sign"": -1.0, ""control_output_scale"": 1.0, ""current_bias_raw"": -0.14668880196340592, ""current_limit_raw"": 0.0, ""default_mode"": 3.0, ""device"": ""/dev/ttyAMA0"", ""disable_anti_windup"": false, ""disable_freeze_nn_on_saturation"": false, ""disable_freeze_zeta_on_saturation"": false, ""disturb_interval_sec"": 30.0, ""disturb_jitter_sec"": 3.0, ""disturb_mode"": ""mixed"", ""disturb_seed"": -1.0, ""disturbance_placement"": ""mid_move"", ""duration"": 10.0, ""dxl_id"": 6.0, ""enable_disturbance"": false, ""frequency_hz"": 3.0, ""fric_coulomb"": 0.01104436496666352, ""fric_vel_scale"": 0.44948168728309273, ""gamma_adapt"": 19.289208777256782, ""gamma_link"": 0.8202417066540141, ""integral_limit"": 1.6504936083, ""k_delta"": 0.19152346873536447, ""max_abs_e_dot"": 10.0, ""max_control"": 0.19174241725802477, ""max_current_raw"": 75.0, ""max_current_slew"": 117.1807387478931, ""mid_disturbance_offset_sec"": 0.0, ""no_set_current_mode"": false, ""predict_horizon_sec"": 0.0017216461383236232, ""pulse_current_raw_max"": 12.0, ""pulse_current_raw_min"": 4.0, ""pulse_duration_max"": 0.6, ""pulse_duration_min"": 0.15, ""q_abs_guard_deg"": 35.0, ""qd_lpf_alpha"": 0.038779902008049316, ""rate"": 120.0, ""rbf_center_max"": 3.2, ""rbf_center_min"": -3.2, ""rbf_nodes"": 11.0, ""rbf_width"": 0.6402849830483328, ""ref_jump_deg_max"": 8.0, ""ref_jump_deg_min"": 2.0, ""ref_jump_duration_max"": 0.6, ""ref_jump_duration_min"": 0.15, ""reference_shape"": ""sine"", ""reset_zeta_after_motion"": false, ""reset_zeta_on_segment"": false, ""restore_mode"": false, ""sigma_mod"": 0.2086429641567324, ""sine_center_mode"": ""lock"", ""soft_start_sec"": 0.5, ""step_absolute_target_deg"": null, ""step_absolute_target_rad"": null, ""step_delta_deg"": 40.0, ""step_ramp_sec"": 1.0, ""step_segment_sec"": 1.5, ""step_sequence_deg"": """", ""step_shape"": ""smoothstep"", ""step_start_sec"": 0.0, ""tail_err_full_deg"": 4.0, ""tail_err_thresh_deg"": 1.5, ""tail_kd"": 0.02271684781575765, ""tail_kp"": 0.0, ""tail_max_control_boost"": 0.0, ""tail_u_max"": 0.0, ""torque_to_current"": 210.0, ""zeta0"": 0.885692967, ""zeta_leak"": 0.04219285428189531, ""zeta_reset_delay_sec"": 0.0, ""zeta_reset_value"": null, ""zeta_soft"": 0.9271838767818283}"
57,1,1.0,57.17897372788632,1200.0,9.992749,7.856371739638889,9.06515082177339,13.419546220999276,26.304889634743347,0.5883471453392455,0.0,0.09136909722222224,0.9277372136949673,0.9730673551,0.885692967,0.9730673551,0.08737438809999998,0.008737438811999999,0.08007869725999994,0.2781628579,0.0,0.0,0.0,0.0,0.0,0.0,0.0,0.0,0.0,0.0,0.0,0.0,0.0,0.0,0.0,0.0,7.663247672160974,12.707568341135016,13.766399968685143,0.0,0,11.18286362300023,/tmp/nussbaum_sine_3hz_struct_runs/optuna_t0057_r01.csv,,"{""alpha"": 3.790043846545769, ""amplitude_deg"": 10.0, ""baudrate"": 1000000.0, ""command_sign"": -1.0, ""control_output_scale"": 1.0, ""current_bias_raw"": -0.7924240053045274, ""current_limit_raw"": 0.0, ""default_mode"": 3.0, ""device"": ""/dev/ttyAMA0"", ""disable_anti_windup"": false, ""disable_freeze_nn_on_saturation"": false, ""disable_freeze_zeta_on_saturation"": false, ""disturb_interval_sec"": 30.0, ""disturb_jitter_sec"": 3.0, ""disturb_mode"": ""mixed"", ""disturb_seed"": -1.0, ""disturbance_placement"": ""mid_move"", ""duration"": 10.0, ""dxl_id"": 6.0, ""enable_disturbance"": false, ""frequency_hz"": 3.0, ""fric_coulomb"": 0.00856009769744643, ""fric_vel_scale"": 0.7012716701332641, ""gamma_adapt"": 16.772229546004514, ""gamma_link"": 0.9007378570841537, ""integral_limit"": 1.6504936083, ""k_delta"": 0.14382007341723083, ""max_abs_e_dot"": 10.0, ""max_control"": 0.15585660816757393, ""max_current_raw"": 48.0, ""max_current_slew"": 97.20305047290834, ""mid_disturbance_offset_sec"": 0.0, ""no_set_current_mode"": false, ""predict_horizon_sec"": 0.0010719858189161676, ""pulse_current_raw_max"": 12.0, ""pulse_current_raw_min"": 4.0, ""pulse_duration_max"": 0.6, ""pulse_duration_min"": 0.15, ""q_abs_guard_deg"": 35.0, ""qd_lpf_alpha"": 0.06533409761801232, ""rate"": 120.0, ""rbf_center_max"": 3.2, ""rbf_center_min"": -3.2, ""rbf_nodes"": 11.0, ""rbf_width"": 1.513777277654251, ""ref_jump_deg_max"": 8.0, ""ref_jump_deg_min"": 2.0, ""ref_jump_duration_max"": 0.6, ""ref_jump_duration_min"": 0.15, ""reference_shape"": ""sine"", ""reset_zeta_after_motion"": false, ""reset_zeta_on_segment"": false, ""restore_mode"": false, ""sigma_mod"": 0.3045924719434949, ""sine_center_mode"": ""lock"", ""soft_start_sec"": 0.5, ""step_absolute_target_deg"": null, ""step_absolute_target_rad"": null, ""step_delta_deg"": 40.0, ""step_ramp_sec"": 1.0, ""step_segment_sec"": 1.5, ""step_sequence_deg"": """", ""step_shape"": ""smoothstep"", ""step_start_sec"": 0.0, ""tail_err_full_deg"": 4.0, ""tail_err_thresh_deg"": 1.5, ""tail_kd"": 0.026882195983981175, ""tail_kp"": 0.0, ""tail_max_control_boost"": 0.0, ""tail_u_max"": 0.0, ""torque_to_current"": 210.0, ""zeta0"": 0.885692967, ""zeta_leak"": 0.074700692320757, ""zeta_reset_delay_sec"": 0.0, ""zeta_reset_value"": null, ""zeta_soft"": 0.8932741016501873}"
58,1,0.0,1000000.0,0.0,0.0,inf,inf,inf,inf,0.0,1.0,1.0,0.0,0.0,0.0,0.0,0.0,0.0,0.0,0.0,0.0,0.0,0.0,0.0,0.0,0.0,0.0,0.0,0.0,0.0,0.0,0.0,0.0,0.0,0.0,0.0,inf,inf,inf,1.0,1,4.9981444040004135,/tmp/nussbaum_sine_3hz_struct_runs/optuna_t0058_r01.csv,[DBG] t=   2.00s e=  3.46deg u=-0.2077 u_aux=-0.1023 u_rob=-0.0000 u_fric= 0.0107 ta=0.88 cmd=   1.18 slewB=1.00 raw q= 136.14deg | [DBG] t=   3.00s e=  8.74deg u= 0.2077 u_aux=-0.1101 u_rob=-0.0000 u_fric= 0.0107 ta=1.00 cmd=  -4.16 slewB=1.00 raw q= 130.87deg | [ERROR] q guard hit: |q-q_center|=35.24 deg > 35.00,"{""alpha"": 6.829417564490381, ""amplitude_deg"": 10.0, ""baudrate"": 1000000.0, ""command_sign"": -1.0, ""control_output_scale"": 1.0, ""current_bias_raw"": -0.8465513120641341, ""current_limit_raw"": 0.0, ""default_mode"": 3.0, ""device"": ""/dev/ttyAMA0"", ""disable_anti_windup"": false, ""disable_freeze_nn_on_saturation"": false, ""disable_freeze_zeta_on_saturation"": false, ""disturb_interval_sec"": 30.0, ""disturb_jitter_sec"": 3.0, ""disturb_mode"": ""mixed"", ""disturb_seed"": -1.0, ""disturbance_placement"": ""mid_move"", ""duration"": 10.0, ""dxl_id"": 6.0, ""enable_disturbance"": false, ""frequency_hz"": 3.0, ""fric_coulomb"": 0.010687129387065605, ""fric_vel_scale"": 0.6127008915836508, ""gamma_adapt"": 21.675817540985822, ""gamma_link"": 0.9570577204859829, ""integral_limit"": 1.6504936083, ""k_delta"": 0.11568782272845934, ""max_abs_e_dot"": 10.0, ""max_control"": 0.20765356832257548, ""max_current_raw"": 54.0, ""max_current_slew"": 77.86232319256396, ""mid_disturbance_offset_sec"": 0.0, ""no_set_current_mode"": false, ""predict_horizon_sec"": 0.0013881042205836167, ""pulse_current_raw_max"": 12.0, ""pulse_current_raw_min"": 4.0, ""pulse_duration_max"": 0.6, ""pulse_duration_min"": 0.15, ""q_abs_guard_deg"": 35.0, ""qd_lpf_alpha"": 0.066803758535875, ""rate"": 120.0, ""rbf_center_max"": 3.2, ""rbf_center_min"": -3.2, ""rbf_nodes"": 11.0, ""rbf_width"": 1.0452785532197868, ""ref_jump_deg_max"": 8.0, ""ref_jump_deg_min"": 2.0, ""ref_jump_duration_max"": 0.6, ""ref_jump_duration_min"": 0.15, ""reference_shape"": ""sine"", ""reset_zeta_after_motion"": false, ""reset_zeta_on_segment"": false, ""restore_mode"": false, ""sigma_mod"": 0.3076278807073812, ""sine_center_mode"": ""lock"", ""soft_start_sec"": 0.5, ""step_absolute_target_deg"": null, ""step_absolute_target_rad"": null, ""step_delta_deg"": 40.0, ""step_ramp_sec"": 1.0, ""step_segment_sec"": 1.5, ""step_sequence_deg"": """", ""step_shape"": ""smoothstep"", ""step_start_sec"": 0.0, ""tail_err_full_deg"": 4.0, ""tail_err_thresh_deg"": 1.5, ""tail_kd"": 0.030682866452997774, ""tail_kp"": 0.0, ""tail_max_control_boost"": 0.0, ""tail_u_max"": 0.0, ""torque_to_current"": 210.0, ""zeta0"": 0.885692967, ""zeta_leak"": 0.07895562427643757, ""zeta_reset_delay_sec"": 0.0, ""zeta_reset_value"": null, ""zeta_soft"": 0.8257336576978817}"
59,1,1.0,1000265.1770273743,1200.0,9.992526000000002,6.586821431035839,7.492914097911917,11.415605089546009,16.2989349015348,0.2848229726257183,0.0,0.0428359294871795,0.9685877654464495,0.9060525065,0.885692967,0.9060525065,0.020359539500000023,0.0020359539531666668,0.006462341994999945,0.1546417438,0.0,0.0,0.0,0.0,0.0,0.0,0.0,0.0,0.0,0.0,0.0,0.0,0.0,0.0,0.0,0.0,6.618304151390085,10.844682273199817,11.592824337803362,0.0,0,11.37200549299996,/tmp/nussbaum_sine_3hz_struct_runs/optuna_t0059_r01.csv,,"{""alpha"": 4.462630164300267, ""amplitude_deg"": 10.0, ""baudrate"": 1000000.0, ""command_sign"": -1.0, ""control_output_scale"": 1.0, ""current_bias_raw"": -1.2860299977384562, ""current_limit_raw"": 0.0, ""default_mode"": 3.0, ""device"": ""/dev/ttyAMA0"", ""disable_anti_windup"": false, ""disable_freeze_nn_on_saturation"": false, ""disable_freeze_zeta_on_saturation"": false, ""disturb_interval_sec"": 30.0, ""disturb_jitter_sec"": 3.0, ""disturb_mode"": ""mixed"", ""disturb_seed"": -1.0, ""disturbance_placement"": ""mid_move"", ""duration"": 10.0, ""dxl_id"": 6.0, ""enable_disturbance"": false, ""frequency_hz"": 3.0, ""fric_coulomb"": 0.007978759767652544, ""fric_vel_scale"": 0.798787100537501, ""gamma_adapt"": 14.153551531953916, ""gamma_link"": 0.8710739181790124, ""integral_limit"": 1.6504936083, ""k_delta"": 0.1306875774120506, ""max_abs_e_dot"": 10.0, ""max_control"": 0.14254310112072813, ""max_current_raw"": 52.0, ""max_current_slew"": 44.846696008714986, ""mid_disturbance_offset_sec"": 0.0, ""no_set_current_mode"": false, ""predict_horizon_sec"": 0.0016372661511121123, ""pulse_current_raw_max"": 12.0, ""pulse_current_raw_min"": 4.0, ""pulse_duration_max"": 0.6, ""pulse_duration_min"": 0.15, ""q_abs_guard_deg"": 35.0, ""qd_lpf_alpha"": 0.07277257598705504, ""rate"": 120.0, ""rbf_center_max"": 3.2, ""rbf_center_min"": -3.2, ""rbf_nodes"": 11.0, ""rbf_width"": 2.1118184316830835, ""ref_jump_deg_max"": 8.0, ""ref_jump_deg_min"": 2.0, ""ref_jump_duration_max"": 0.6, ""ref_jump_duration_min"": 0.15, ""reference_shape"": ""sine"", ""reset_zeta_after_motion"": false, ""reset_zeta_on_segment"": false, ""restore_mode"": false, ""sigma_mod"": 0.3375136042871292, ""sine_center_mode"": ""lock"", ""soft_start_sec"": 0.5, ""step_absolute_target_deg"": null, ""step_absolute_target_rad"": null, ""step_delta_deg"": 40.0, ""step_ramp_sec"": 1.0, ""step_segment_sec"": 1.5, ""step_sequence_deg"": """", ""step_shape"": ""smoothstep"", ""step_start_sec"": 0.0, ""tail_err_full_deg"": 4.0, ""tail_err_thresh_deg"": 1.5, ""tail_kd"": 0.029747219296911362, ""tail_kp"": 0.0, ""tail_max_control_boost"": 0.0, ""tail_u_max"": 0.0, ""torque_to_current"": 210.0, ""zeta0"": 0.885692967, ""zeta_leak"": 0.07156851613708683, ""zeta_reset_delay_sec"": 0.0, ""zeta_reset_value"": null, ""zeta_soft"": 1.0150192725646785}"
60,1,1.0,1000255.6047505159,1200.0,9.991884,6.653848247680698,7.603130503339252,11.970342852001814,17.9030346189955,0.29439524948412454,0.0,0.03981888888888889,0.9600437008663288,0.9250038429,0.8856726173,0.9250038429,0.03933122560000002,0.003931087593833333,0.0031004232249999875,0.3478455705,0.0,0.0,0.0,0.0,0.0,0.0,0.0,0.0,0.0,0.0,0.0,0.0,0.0,0.0,0.0,0.0,6.566873631222139,10.324713244454662,11.50528970797611,0.0,0,11.120686123000269,/tmp/nussbaum_sine_3hz_struct_runs/optuna_t0060_r01.csv,,"{""alpha"": 18.986553998340064, ""amplitude_deg"": 10.0, ""baudrate"": 1000000.0, ""command_sign"": -1.0, ""control_output_scale"": 1.0, ""current_bias_raw"": -1.8961640268066573, ""current_limit_raw"": 0.0, ""default_mode"": 3.0, ""device"": ""/dev/ttyAMA0"", ""disable_anti_windup"": false, ""disable_freeze_nn_on_saturation"": false, ""disable_freeze_zeta_on_saturation"": false, ""disturb_interval_sec"": 30.0, ""disturb_jitter_sec"": 3.0, ""disturb_mode"": ""mixed"", ""disturb_seed"": -1.0, ""disturbance_placement"": ""mid_move"", ""duration"": 10.0, ""dxl_id"": 6.0, ""enable_disturbance"": false, ""frequency_hz"": 3.0, ""fric_coulomb"": 0.0010115704661669469, ""fric_vel_scale"": 0.8051859223661277, ""gamma_adapt"": 4.005515867513358, ""gamma_link"": 1.0172513336902524, ""integral_limit"": 1.6504936083, ""k_delta"": 0.15752632168085307, ""max_abs_e_dot"": 10.0, ""max_control"": 0.23248194652017148, ""max_current_raw"": 57.0, ""max_current_slew"": 45.95336921422473, ""mid_disturbance_offset_sec"": 0.0, ""no_set_current_mode"": false, ""predict_horizon_sec"": 0.0031703837592971895, ""pulse_current_raw_max"": 12.0, ""pulse_current_raw_min"": 4.0, ""pulse_duration_max"": 0.6, ""pulse_duration_min"": 0.15, ""q_abs_guard_deg"": 35.0, ""qd_lpf_alpha"": 0.02479716520353943, ""rate"": 120.0, ""rbf_center_max"": 3.2, ""rbf_center_min"": -3.2, ""rbf_nodes"": 11.0, ""rbf_width"": 1.4793068848878745, ""ref_jump_deg_max"": 8.0, ""ref_jump_deg_min"": 2.0, ""ref_jump_duration_max"": 0.6, ""ref_jump_duration_min"": 0.15, ""reference_shape"": ""sine"", ""reset_zeta_after_motion"": false, ""reset_zeta_on_segment"": false, ""restore_mode"": false, ""sigma_mod"": 0.2652011451118176, ""sine_center_mode"": ""lock"", ""soft_start_sec"": 0.5, ""step_absolute_target_deg"": null, ""step_absolute_target_rad"": null, ""step_delta_deg"": 40.0, ""step_ramp_sec"": 1.0, ""step_segment_sec"": 1.5, ""step_sequence_deg"": """", ""step_shape"": ""smoothstep"", ""step_start_sec"": 0.0, ""tail_err_full_deg"": 4.0, ""tail_err_thresh_deg"": 1.5, ""tail_kd"": 0.03832712559899025, ""tail_kp"": 0.0, ""tail_max_control_boost"": 0.0, ""tail_u_max"": 0.0, ""torque_to_current"": 210.0, ""zeta0"": 0.885692967, ""zeta_leak"": 0.06615003276114187, ""zeta_reset_delay_sec"": 0.0, ""zeta_reset_value"": null, ""zeta_soft"": 0.8487539342925594}"
61,1,0.0,1000000.0,0.0,0.0,inf,inf,inf,inf,0.0,1.0,1.0,0.0,0.0,0.0,0.0,0.0,0.0,0.0,0.0,0.0,0.0,0.0,0.0,0.0,0.0,0.0,0.0,0.0,0.0,0.0,0.0,0.0,0.0,0.0,0.0,inf,inf,inf,1.0,1,5.105092589000378,/tmp/nussbaum_sine_3hz_struct_runs/optuna_t0061_r01.csv,[DBG] t=   3.00s e=  8.50deg u=-0.2289 u_aux=-0.0512 u_rob=-0.0000 u_fric= 0.0049 ta=1.00 cmd=   3.51 slewB=1.00 raw q= 130.96deg | [DBG] t=   4.00s e=-34.30deg u= 0.1412 u_aux=-0.0384 u_rob=-0.0000 u_fric= 0.0049 ta=1.00 cmd=  24.83 slewB=1.00 raw q= 173.58deg | [ERROR] q guard hit: |q-q_center|=35.42 deg > 35.00,"{""alpha"": 12.278833373501989, ""amplitude_deg"": 10.0, ""baudrate"": 1000000.0, ""command_sign"": -1.0, ""control_output_scale"": 1.0, ""current_bias_raw"": 0.780474818539158, ""current_limit_raw"": 0.0, ""default_mode"": 3.0, ""device"": ""/dev/ttyAMA0"", ""disable_anti_windup"": false, ""disable_freeze_nn_on_saturation"": false, ""disable_freeze_zeta_on_saturation"": false, ""disturb_interval_sec"": 30.0, ""disturb_jitter_sec"": 3.0, ""disturb_mode"": ""mixed"", ""disturb_seed"": -1.0, ""disturbance_placement"": ""mid_move"", ""duration"": 10.0, ""dxl_id"": 6.0, ""enable_disturbance"": false, ""frequency_hz"": 3.0, ""fric_coulomb"": 0.004929108899921525, ""fric_vel_scale"": 0.8911584709324067, ""gamma_adapt"": 15.053287477946226, ""gamma_link"": 1.1399503652504939, ""integral_limit"": 1.6504936083, ""k_delta"": 0.1873135271261959, ""max_abs_e_dot"": 10.0, ""max_control"": 0.22891449310029546, ""max_current_raw"": 65.0, ""max_current_slew"": 230.38169178001945, ""mid_disturbance_offset_sec"": 0.0, ""no_set_current_mode"": false, ""predict_horizon_sec"": 0.003545806796304927, ""pulse_current_raw_max"": 12.0, ""pulse_current_raw_min"": 4.0, ""pulse_duration_max"": 0.6, ""pulse_duration_min"": 0.15, ""q_abs_guard_deg"": 35.0, ""qd_lpf_alpha"": 0.0199984058517413, ""rate"": 120.0, ""rbf_center_max"": 3.2, ""rbf_center_min"": -3.2, ""rbf_nodes"": 11.0, ""rbf_width"": 0.6976209501563861, ""ref_jump_deg_max"": 8.0, ""ref_jump_deg_min"": 2.0, ""ref_jump_duration_max"": 0.6, ""ref_jump_duration_min"": 0.15, ""reference_shape"": ""sine"", ""reset_zeta_after_motion"": false, ""reset_zeta_on_segment"": false, ""restore_mode"": false, ""sigma_mod"": 0.08723677553846802, ""sine_center_mode"": ""lock"", ""soft_start_sec"": 0.5, ""step_absolute_target_deg"": null, ""step_absolute_target_rad"": null, ""step_delta_deg"": 40.0, ""step_ramp_sec"": 1.0, ""step_segment_sec"": 1.5, ""step_sequence_deg"": """", ""step_shape"": ""smoothstep"", ""step_start_sec"": 0.0, ""tail_err_full_deg"": 4.0, ""tail_err_thresh_deg"": 1.5, ""tail_kd"": 0.014607942515990019, ""tail_kp"": 0.0, ""tail_max_control_boost"": 0.0, ""tail_u_max"": 0.0, ""torque_to_current"": 210.0, ""zeta0"": 0.885692967, ""zeta_leak"": 0.03313467323450883, ""zeta_reset_delay_sec"": 0.0, ""zeta_reset_value"": null, ""zeta_soft"": 0.8944765957694822}"
62,1,0.0,1000000.0,0.0,0.0,inf,inf,inf,inf,0.0,1.0,1.0,0.0,0.0,0.0,0.0,0.0,0.0,0.0,0.0,0.0,0.0,0.0,0.0,0.0,0.0,0.0,0.0,0.0,0.0,0.0,0.0,0.0,0.0,0.0,0.0,inf,inf,inf,1.0,1,6.453986069999701,/tmp/nussbaum_sine_3hz_struct_runs/optuna_t0062_r01.csv,[DBG] t=   4.00s e=  6.32deg u=-0.1326 u_aux=-0.0675 u_rob=-0.0000 u_fric= 0.0110 ta=1.00 cmd=   3.50 slewB=1.00 raw q= 133.77deg | [DBG] t=   5.00s e= 23.93deg u= 0.1326 u_aux=-0.0740 u_rob=-0.0000 u_fric= 0.0110 ta=1.00 cmd= -25.91 slewB=1.00 raw q= 116.19deg | [ERROR] q guard hit: |q-q_center|=35.77 deg > 35.00,"{""alpha"": 3.142704772148611, ""amplitude_deg"": 10.0, ""baudrate"": 1000000.0, ""command_sign"": -1.0, ""control_output_scale"": 1.0, ""current_bias_raw"": -2.103226826258102, ""current_limit_raw"": 0.0, ""default_mode"": 3.0, ""device"": ""/dev/ttyAMA0"", ""disable_anti_windup"": false, ""disable_freeze_nn_on_saturation"": false, ""disable_freeze_zeta_on_saturation"": false, ""disturb_interval_sec"": 30.0, ""disturb_jitter_sec"": 3.0, ""disturb_mode"": ""mixed"", ""disturb_seed"": -1.0, ""disturbance_placement"": ""mid_move"", ""duration"": 10.0, ""dxl_id"": 6.0, ""enable_disturbance"": false, ""frequency_hz"": 3.0, ""fric_coulomb"": 0.011005626317269701, ""fric_vel_scale"": 0.900450123413154, ""gamma_adapt"": 15.696132286816356, ""gamma_link"": 0.9262925780451976, ""integral_limit"": 1.6504936083, ""k_delta"": 0.08255232942901791, ""max_abs_e_dot"": 10.0, ""max_control"": 0.1326306348882269, ""max_current_raw"": 88.0, ""max_current_slew"": 207.4359502364996, ""mid_disturbance_offset_sec"": 0.0, ""no_set_current_mode"": false, ""predict_horizon_sec"": 0.003485523671632412, ""pulse_current_raw_max"": 12.0, ""pulse_current_raw_min"": 4.0, ""pulse_duration_max"": 0.6, ""pulse_duration_min"": 0.15, ""q_abs_guard_deg"": 35.0, ""qd_lpf_alpha"": 0.06597684049763144, ""rate"": 120.0, ""rbf_center_max"": 3.2, ""rbf_center_min"": -3.2, ""rbf_nodes"": 11.0, ""rbf_width"": 0.9732437726164703, ""ref_jump_deg_max"": 8.0, ""ref_jump_deg_min"": 2.0, ""ref_jump_duration_max"": 0.6, ""ref_jump_duration_min"": 0.15, ""reference_shape"": ""sine"", ""reset_zeta_after_motion"": false, ""reset_zeta_on_segment"": false, ""restore_mode"": false, ""sigma_mod"": 0.23086443378959612, ""sine_center_mode"": ""lock"", ""soft_start_sec"": 0.5, ""step_absolute_target_deg"": null, ""step_absolute_target_rad"": null, ""step_delta_deg"": 40.0, ""step_ramp_sec"": 1.0, ""step_segment_sec"": 1.5, ""step_sequence_deg"": """", ""step_shape"": ""smoothstep"", ""step_start_sec"": 0.0, ""tail_err_full_deg"": 4.0, ""tail_err_thresh_deg"": 1.5, ""tail_kd"": 0.019672249761786456, ""tail_kp"": 0.0, ""tail_max_control_boost"": 0.0, ""tail_u_max"": 0.0, ""torque_to_current"": 210.0, ""zeta0"": 0.885692967, ""zeta_leak"": 0.07853627211462441, ""zeta_reset_delay_sec"": 0.0, ""zeta_reset_value"": null, ""zeta_soft"": 0.8662969296336996}"
63,1,1.0,1000051.2784714628,1200.0,9.992605000000001,9.332294670927178,11.026325539455984,18.185092339014503,33.12784714628037,0.8991956450235266,0.0,0.08649290650406505,0.8522709784056336,1.1088663017,0.885686053,1.1088663017,0.22318024869999997,0.02231733347408333,0.12988840433999999,0.8428919543,0.0,0.0,0.0,0.0,0.0,0.0,0.0,0.0,0.0,0.0,0.0,0.0,0.0,0.0,0.0,0.0,8.948374729654141,16.128277506570697,18.183111246051073,0.0,0,11.241975733999425,/tmp/nussbaum_sine_3hz_struct_runs/optuna_t0063_r01.csv,,"{""alpha"": 2.2279611034925497, ""amplitude_deg"": 10.0, ""baudrate"": 1000000.0, ""command_sign"": -1.0, ""control_output_scale"": 1.0, ""current_bias_raw"": -1.90961781634122, ""current_limit_raw"": 0.0, ""default_mode"": 3.0, ""device"": ""/dev/ttyAMA0"", ""disable_anti_windup"": false, ""disable_freeze_nn_on_saturation"": false, ""disable_freeze_zeta_on_saturation"": false, ""disturb_interval_sec"": 30.0, ""disturb_jitter_sec"": 3.0, ""disturb_mode"": ""mixed"", ""disturb_seed"": -1.0, ""disturbance_placement"": ""mid_move"", ""duration"": 10.0, ""dxl_id"": 6.0, ""enable_disturbance"": false, ""frequency_hz"": 3.0, ""fric_coulomb"": 0.01248850956826842, ""fric_vel_scale"": 0.751253172626651, ""gamma_adapt"": 20.070126950263163, ""gamma_link"": 0.8431133793144553, ""integral_limit"": 1.6504936083, ""k_delta"": 0.11091943706381423, ""max_abs_e_dot"": 10.0, ""max_control"": 0.15285927029008273, ""max_current_raw"": 82.0, ""max_current_slew"": 164.90636609128237, ""mid_disturbance_offset_sec"": 0.0, ""no_set_current_mode"": false, ""predict_horizon_sec"": 0.0038428904705810835, ""pulse_current_raw_max"": 12.0, ""pulse_current_raw_min"": 4.0, ""pulse_duration_max"": 0.6, ""pulse_duration_min"": 0.15, ""q_abs_guard_deg"": 35.0, ""qd_lpf_alpha"": 0.04800974435155218, ""rate"": 120.0, ""rbf_center_max"": 3.2, ""rbf_center_min"": -3.2, ""rbf_nodes"": 11.0, ""rbf_width"": 0.8444257206524095, ""ref_jump_deg_max"": 8.0, ""ref_jump_deg_min"": 2.0, ""ref_jump_duration_max"": 0.6, ""ref_jump_duration_min"": 0.15, ""reference_shape"": ""sine"", ""reset_zeta_after_motion"": false, ""reset_zeta_on_segment"": false, ""restore_mode"": false, ""sigma_mod"": 0.10602955733403792, ""sine_center_mode"": ""lock"", ""soft_start_sec"": 0.5, ""step_absolute_target_deg"": null, ""step_absolute_target_rad"": null, ""step_delta_deg"": 40.0, ""step_ramp_sec"": 1.0, ""step_segment_sec"": 1.5, ""step_sequence_deg"": """", ""step_shape"": ""smoothstep"", ""step_start_sec"": 0.0, ""tail_err_full_deg"": 4.0, ""tail_err_thresh_deg"": 1.5, ""tail_kd"": 0.0693375522326486, ""tail_kp"": 0.0, ""tail_max_control_boost"": 0.0, ""tail_u_max"": 0.0, ""torque_to_current"": 210.0, ""zeta0"": 0.885692967, ""zeta_leak"": 0.06968566858255214, ""zeta_reset_delay_sec"": 0.0, ""zeta_reset_value"": null, ""zeta_soft"": 0.8737763253043058}"
64,1,1.0,1000003.6828821463,1200.0,9.993302,9.596468626012244,10.966791752667419,17.56708847655274,28.36828821463015,0.7567857059191657,0.0,0.14587305555555558,0.8927025889132313,1.1005724142,0.8856529909,1.1005724142,0.2149194232999999,0.021487944720083335,0.09294583582999999,0.832027761,0.0,0.0,0.0,0.0,0.0,0.0,0.0,0.0,0.0,0.0,0.0,0.0,0.0,0.0,0.0,0.0,9.573572620747905,15.85029278767275,18.284667963671808,0.0,0,11.138784640999802,/tmp/nussbaum_sine_3hz_struct_runs/optuna_t0064_r01.csv,,"{""alpha"": 4.986988063612118, ""amplitude_deg"": 10.0, ""baudrate"": 1000000.0, ""command_sign"": -1.0, ""control_output_scale"": 1.0, ""current_bias_raw"": -1.6331549934721303, ""current_limit_raw"": 0.0, ""default_mode"": 3.0, ""device"": ""/dev/ttyAMA0"", ""disable_anti_windup"": false, ""disable_freeze_nn_on_saturation"": false, ""disable_freeze_zeta_on_saturation"": false, ""disturb_interval_sec"": 30.0, ""disturb_jitter_sec"": 3.0, ""disturb_mode"": ""mixed"", ""disturb_seed"": -1.0, ""disturbance_placement"": ""mid_move"", ""duration"": 10.0, ""dxl_id"": 6.0, ""enable_disturbance"": false, ""frequency_hz"": 3.0, ""fric_coulomb"": 0.015577614077621173, ""fric_vel_scale"": 0.9357869668971428, ""gamma_adapt"": 16.147770122019335, ""gamma_link"": 0.8353820230985433, ""integral_limit"": 1.6504936083, ""k_delta"": 0.08042855017770224, ""max_abs_e_dot"": 10.0, ""max_control"": 0.12112363384620259, ""max_current_raw"": 69.0, ""max_current_slew"": 239.03102990608826, ""mid_disturbance_offset_sec"": 0.0, ""no_set_current_mode"": false, ""predict_horizon_sec"": 0.0028931351727789325, ""pulse_current_raw_max"": 12.0, ""pulse_current_raw_min"": 4.0, ""pulse_duration_max"": 0.6, ""pulse_duration_min"": 0.15, ""q_abs_guard_deg"": 35.0, ""qd_lpf_alpha"": 0.07841553590062142, ""rate"": 120.0, ""rbf_center_max"": 3.2, ""rbf_center_min"": -3.2, ""rbf_nodes"": 11.0, ""rbf_width"": 1.133803533231338, ""ref_jump_deg_max"": 8.0, ""ref_jump_deg_min"": 2.0, ""ref_jump_duration_max"": 0.6, ""ref_jump_duration_min"": 0.15, ""reference_shape"": ""sine"", ""reset_zeta_after_motion"": false, ""reset_zeta_on_segment"": false, ""restore_mode"": false, ""sigma_mod"": 0.14954313171892478, ""sine_center_mode"": ""lock"", ""soft_start_sec"": 0.5, ""step_absolute_target_deg"": null, ""step_absolute_target_rad"": null, ""step_delta_deg"": 40.0, ""step_ramp_sec"": 1.0, ""step_segment_sec"": 1.5, ""step_sequence_deg"": """", ""step_shape"": ""smoothstep"", ""step_start_sec"": 0.0, ""tail_err_full_deg"": 4.0, ""tail_err_thresh_deg"": 1.5, ""tail_kd"": 0.05608254357895012, ""tail_kp"": 0.0, ""tail_max_control_boost"": 0.0, ""tail_u_max"": 0.0, ""torque_to_current"": 210.0, ""zeta0"": 0.885692967, ""zeta_leak"": 0.06015806321836144, ""zeta_reset_delay_sec"": 0.0, ""zeta_reset_value"": null, ""zeta_soft"": 0.8059419527211743}"
65,1,1.0,1000086.0611160718,1200.0,9.992285,7.717196546378112,8.810269469522465,13.444333697603225,22.32839654493261,0.4639388839282276,0.0,0.08762336956521738,0.9423027171117704,0.9403186218,0.885692967,0.9403186218,0.054625654800000034,0.005462565479083334,0.04343202555999997,0.2561411685,0.0,0.0,0.0,0.0,0.0,0.0,0.0,0.0,0.0,0.0,0.0,0.0,0.0,0.0,0.0,0.0,7.67760397498988,12.617581463117281,13.497109180449659,0.0,0,11.148706549000053,/tmp/nussbaum_sine_3hz_struct_runs/optuna_t0065_r01.csv,,"{""alpha"": 12.485104250753604, ""amplitude_deg"": 10.0, ""baudrate"": 1000000.0, ""command_sign"": -1.0, ""control_output_scale"": 1.0, ""current_bias_raw"": -0.634162162208532, ""current_limit_raw"": 0.0, ""default_mode"": 3.0, ""device"": ""/dev/ttyAMA0"", ""disable_anti_windup"": false, ""disable_freeze_nn_on_saturation"": false, ""disable_freeze_zeta_on_saturation"": false, ""disturb_interval_sec"": 30.0, ""disturb_jitter_sec"": 3.0, ""disturb_mode"": ""mixed"", ""disturb_seed"": -1.0, ""disturbance_placement"": ""mid_move"", ""duration"": 10.0, ""dxl_id"": 6.0, ""enable_disturbance"": false, ""frequency_hz"": 3.0, ""fric_coulomb"": 0.006014283915780601, ""fric_vel_scale"": 0.5457955738098592, ""gamma_adapt"": 19.523959230034478, ""gamma_link"": 0.9188818396207539, ""integral_limit"": 1.6504936083, ""k_delta"": 0.16261578671303806, ""max_abs_e_dot"": 10.0, ""max_control"": 0.16136751553354295, ""max_current_raw"": 46.0, ""max_current_slew"": 90.38493202045382, ""mid_disturbance_offset_sec"": 0.0, ""no_set_current_mode"": false, ""predict_horizon_sec"": 0.0009236038642510228, ""pulse_current_raw_max"": 12.0, ""pulse_current_raw_min"": 4.0, ""pulse_duration_max"": 0.6, ""pulse_duration_min"": 0.15, ""q_abs_guard_deg"": 35.0, ""qd_lpf_alpha"": 0.061023960305066655, ""rate"": 120.0, ""rbf_center_max"": 3.2, ""rbf_center_min"": -3.2, ""rbf_nodes"": 11.0, ""rbf_width"": 1.3201504167789397, ""ref_jump_deg_max"": 8.0, ""ref_jump_deg_min"": 2.0, ""ref_jump_duration_max"": 0.6, ""ref_jump_duration_min"": 0.15, ""reference_shape"": ""sine"", ""reset_zeta_after_motion"": false, ""reset_zeta_on_segment"": false, ""restore_mode"": false, ""sigma_mod"": 0.3240209734866651, ""sine_center_mode"": ""lock"", ""soft_start_sec"": 0.5, ""step_absolute_target_deg"": null, ""step_absolute_target_rad"": null, ""step_delta_deg"": 40.0, ""step_ramp_sec"": 1.0, ""step_segment_sec"": 1.5, ""step_sequence_deg"": """", ""step_shape"": ""smoothstep"", ""step_start_sec"": 0.0, ""tail_err_full_deg"": 4.0, ""tail_err_thresh_deg"": 1.5, ""tail_kd"": 0.0054784022652598525, ""tail_kp"": 0.0, ""tail_max_control_boost"": 0.0, ""tail_u_max"": 0.0, ""torque_to_current"": 210.0, ""zeta0"": 0.885692967, ""zeta_leak"": 0.0773433303198165, ""zeta_reset_delay_sec"": 0.0, ""zeta_reset_value"": null, ""zeta_soft"": 0.9925265898008946}"
66,1,1.0,1000188.400120808,1200.0,9.991762999999999,7.164132483811115,8.13617411036985,12.339953191863406,17.929674990688614,0.3615998791919955,0.0,0.06737263605442177,0.9508082271046281,0.8956262839,0.885692967,0.8956262839,0.009933316899999989,0.0009933316914166668,0.0028900024549999913,0.1424164152,0.0,0.0,0.0,0.0,0.0,0.0,0.0,0.0,0.0,0.0,0.0,0.0,0.0,0.0,0.0,0.0,7.176650302392581,12.243957583121645,12.608842924539204,0.0,0,11.252777455999421,/tmp/nussbaum_sine_3hz_struct_runs/optuna_t0066_r01.csv,,"{""alpha"": 6.145843521579472, ""amplitude_deg"": 10.0, ""baudrate"": 1000000.0, ""command_sign"": -1.0, ""control_output_scale"": 1.0, ""current_bias_raw"": -0.9527285324227512, ""current_limit_raw"": 0.0, ""default_mode"": 3.0, ""device"": ""/dev/ttyAMA0"", ""disable_anti_windup"": false, ""disable_freeze_nn_on_saturation"": false, ""disable_freeze_zeta_on_saturation"": false, ""disturb_interval_sec"": 30.0, ""disturb_jitter_sec"": 3.0, ""disturb_mode"": ""mixed"", ""disturb_seed"": -1.0, ""disturbance_placement"": ""mid_move"", ""duration"": 10.0, ""dxl_id"": 6.0, ""enable_disturbance"": false, ""frequency_hz"": 3.0, ""fric_coulomb"": 0.013791594036114612, ""fric_vel_scale"": 0.5714791466945935, ""gamma_adapt"": 18.2534481747964, ""gamma_link"": 0.9165146089227412, ""integral_limit"": 1.6504936083, ""k_delta"": 0.14053839145540528, ""max_abs_e_dot"": 10.0, ""max_control"": 0.16264704041310588, ""max_current_raw"": 49.0, ""max_current_slew"": 72.12953852334516, ""mid_disturbance_offset_sec"": 0.0, ""no_set_current_mode"": false, ""predict_horizon_sec"": 0.0005642033370343603, ""pulse_current_raw_max"": 12.0, ""pulse_current_raw_min"": 4.0, ""pulse_duration_max"": 0.6, ""pulse_duration_min"": 0.15, ""q_abs_guard_deg"": 35.0, ""qd_lpf_alpha"": 0.032174243436685145, ""rate"": 120.0, ""rbf_center_max"": 3.2, ""rbf_center_min"": -3.2, ""rbf_nodes"": 11.0, ""rbf_width"": 1.9759534717516456, ""ref_jump_deg_max"": 8.0, ""ref_jump_deg_min"": 2.0, ""ref_jump_duration_max"": 0.6, ""ref_jump_duration_min"": 0.15, ""reference_shape"": ""sine"", ""reset_zeta_after_motion"": false, ""reset_zeta_on_segment"": false, ""restore_mode"": false, ""sigma_mod"": 0.2851031486487098, ""sine_center_mode"": ""lock"", ""soft_start_sec"": 0.5, ""step_absolute_target_deg"": null, ""step_absolute_target_rad"": null, ""step_delta_deg"": 40.0, ""step_ramp_sec"": 1.0, ""step_segment_sec"": 1.5, ""step_sequence_deg"": """", ""step_shape"": ""smoothstep"", ""step_start_sec"": 0.0, ""tail_err_full_deg"": 4.0, ""tail_err_thresh_deg"": 1.5, ""tail_kd"": 0.020478549830189208, ""tail_kp"": 0.0, ""tail_max_control_boost"": 0.0, ""tail_u_max"": 0.0, ""torque_to_current"": 210.0, ""zeta0"": 0.885692967, ""zeta_leak"": 0.04697542944039548, ""zeta_reset_delay_sec"": 0.0, ""zeta_reset_value"": null, ""zeta_soft"": 0.8968558858261141}"
67,1,1.0,1000012.7733298552,1200.0,9.992854000000001,8.631835703851833,9.919719960989884,14.829743451514725,29.277332985516257,0.5963533799428149,0.0,0.1000309765625,0.910952946076266,1.102989009,0.8856905574,1.102989009,0.21729845160000005,0.02172960419675,0.19088702347499992,0.6167356958,0.0,0.0,0.0,0.0,0.0,0.0,0.0,0.0,0.0,0.0,0.0,0.0,0.0,0.0,0.0,0.0,8.54698387399719,14.639018552118447,17.75858526669597,0.0,0,11.086843031000171,/tmp/nussbaum_sine_3hz_struct_runs/optuna_t0067_r01.csv,,"{""alpha"": 22.767648926265895, ""amplitude_deg"": 10.0, ""baudrate"": 1000000.0, ""command_sign"": -1.0, ""control_output_scale"": 1.0, ""current_bias_raw"": 0.42350920032941386, ""current_limit_raw"": 0.0, ""default_mode"": 3.0, ""device"": ""/dev/ttyAMA0"", ""disable_anti_windup"": false, ""disable_freeze_nn_on_saturation"": false, ""disable_freeze_zeta_on_saturation"": false, ""disturb_interval_sec"": 30.0, ""disturb_jitter_sec"": 3.0, ""disturb_mode"": ""mixed"", ""disturb_seed"": -1.0, ""disturbance_placement"": ""mid_move"", ""duration"": 10.0, ""dxl_id"": 6.0, ""enable_disturbance"": false, ""frequency_hz"": 3.0, ""fric_coulomb"": 0.010822538380461683, ""fric_vel_scale"": 0.7024257956693799, ""gamma_adapt"": 16.91699934233998, ""gamma_link"": 0.8698219337510268, ""integral_limit"": 1.6504936083, ""k_delta"": 0.16360124237001122, ""max_abs_e_dot"": 10.0, ""max_control"": 0.21242948852199245, ""max_current_raw"": 64.0, ""max_current_slew"": 148.28702913426935, ""mid_disturbance_offset_sec"": 0.0, ""no_set_current_mode"": false, ""predict_horizon_sec"": 0.001649746373782496, ""pulse_current_raw_max"": 12.0, ""pulse_current_raw_min"": 4.0, ""pulse_duration_max"": 0.6, ""pulse_duration_min"": 0.15, ""q_abs_guard_deg"": 35.0, ""qd_lpf_alpha"": 0.05026360060717795, ""rate"": 120.0, ""rbf_center_max"": 3.2, ""rbf_center_min"": -3.2, ""rbf_nodes"": 11.0, ""rbf_width"": 1.07086329366284, ""ref_jump_deg_max"": 8.0, ""ref_jump_deg_min"": 2.0, ""ref_jump_duration_max"": 0.6, ""ref_jump_duration_min"": 0.15, ""reference_shape"": ""sine"", ""reset_zeta_after_motion"": false, ""reset_zeta_on_segment"": false, ""restore_mode"": false, ""sigma_mod"": 0.25540514794840274, ""sine_center_mode"": ""lock"", ""soft_start_sec"": 0.5, ""step_absolute_target_deg"": null, ""step_absolute_target_rad"": null, ""step_delta_deg"": 40.0, ""step_ramp_sec"": 1.0, ""step_segment_sec"": 1.5, ""step_sequence_deg"": """", ""step_shape"": ""smoothstep"", ""step_start_sec"": 0.0, ""tail_err_full_deg"": 4.0, ""tail_err_thresh_deg"": 1.5, ""tail_kd"": 0.05185956242699739, ""tail_kp"": 0.0, ""tail_max_control_boost"": 0.0, ""tail_u_max"": 0.0, ""torque_to_current"": 210.0, ""zeta0"": 0.885692967, ""zeta_leak"": 0.07185665212856361, ""zeta_reset_delay_sec"": 0.0, ""zeta_reset_value"": null, ""zeta_soft"": 0.8816689750600467}"
68,1,0.0,1000000.0,0.0,0.0,inf,inf,inf,inf,0.0,1.0,1.0,0.0,0.0,0.0,0.0,0.0,0.0,0.0,0.0,0.0,0.0,0.0,0.0,0.0,0.0,0.0,0.0,0.0,0.0,0.0,0.0,0.0,0.0,0.0,0.0,inf,inf,inf,1.0,1,3.866106811999998,/tmp/nussbaum_sine_3hz_struct_runs/optuna_t0068_r01.csv,[DBG] t=   1.00s e=  0.08deg u=-0.2404 u_aux=-0.1167 u_rob=-0.0000 u_fric= 0.0028 ta=0.00 cmd=   2.64 slewB=1.00 raw q= 139.57deg | [DBG] t=   2.00s e= -0.44deg u=-0.0877 u_aux=-0.1166 u_rob=-0.0000 u_fric= 0.0028 ta=0.00 cmd=   3.69 slewB=1.00 raw q= 140.10deg | [ERROR] q guard hit: |q-q_center|=35.07 deg > 35.00,"{""alpha"": 13.361401541741259, ""amplitude_deg"": 10.0, ""baudrate"": 1000000.0, ""command_sign"": -1.0, ""control_output_scale"": 1.0, ""current_bias_raw"": -1.7444011691986554, ""current_limit_raw"": 0.0, ""default_mode"": 3.0, ""device"": ""/dev/ttyAMA0"", ""disable_anti_windup"": false, ""disable_freeze_nn_on_saturation"": false, ""disable_freeze_zeta_on_saturation"": false, ""disturb_interval_sec"": 30.0, ""disturb_jitter_sec"": 3.0, ""disturb_mode"": ""mixed"", ""disturb_seed"": -1.0, ""disturbance_placement"": ""mid_move"", ""duration"": 10.0, ""dxl_id"": 6.0, ""enable_disturbance"": false, ""frequency_hz"": 3.0, ""fric_coulomb"": 0.002779265550864835, ""fric_vel_scale"": 1.1542436145039237, ""gamma_adapt"": 20.55930672169278, ""gamma_link"": 0.9734382395923443, ""integral_limit"": 1.6504936083, ""k_delta"": 0.12892407821194332, ""max_abs_e_dot"": 10.0, ""max_control"": 0.25623704549343496, ""max_current_raw"": 69.0, ""max_current_slew"": 141.1477499784272, ""mid_disturbance_offset_sec"": 0.0, ""no_set_current_mode"": false, ""predict_horizon_sec"": 0.0042092662356808044, ""pulse_current_raw_max"": 12.0, ""pulse_current_raw_min"": 4.0, ""pulse_duration_max"": 0.6, ""pulse_duration_min"": 0.15, ""q_abs_guard_deg"": 35.0, ""qd_lpf_alpha"": 0.012907442803803069, ""rate"": 120.0, ""rbf_center_max"": 3.2, ""rbf_center_min"": -3.2, ""rbf_nodes"": 11.0, ""rbf_width"": 0.9801212242222209, ""ref_jump_deg_max"": 8.0, ""ref_jump_deg_min"": 2.0, ""ref_jump_duration_max"": 0.6, ""ref_jump_duration_min"": 0.15, ""reference_shape"": ""sine"", ""reset_zeta_after_motion"": false, ""reset_zeta_on_segment"": false, ""restore_mode"": false, ""sigma_mod"": 0.1817519671127987, ""sine_center_mode"": ""lock"", ""soft_start_sec"": 0.5, ""step_absolute_target_deg"": null, ""step_absolute_target_rad"": null, ""step_delta_deg"": 40.0, ""step_ramp_sec"": 1.0, ""step_segment_sec"": 1.5, ""step_sequence_deg"": """", ""step_shape"": ""smoothstep"", ""step_start_sec"": 0.0, ""tail_err_full_deg"": 4.0, ""tail_err_thresh_deg"": 1.5, ""tail_kd"": 0.03631217599018276, ""tail_kp"": 0.0, ""tail_max_control_boost"": 0.0, ""tail_u_max"": 0.0, ""torque_to_current"": 210.0, ""zeta0"": 0.885692967, ""zeta_leak"": 0.06605279474562231, ""zeta_reset_delay_sec"": 0.0, ""zeta_reset_value"": null, ""zeta_soft"": 1.08029559506489}"
69,1,1.0,1000077.1460472922,1200.0,9.991748000000001,6.793222735716145,7.855462133939818,11.986241907992708,20.727127370760147,0.472853952707822,0.0,0.053037395833333334,0.955373606146833,0.910643817,0.8856521389,0.910642027,0.024989888099999913,0.0024949059966666663,0.0020519697599999413,0.3478856793,0.0,0.0,0.0,0.0,0.0,0.0,0.0,0.0,0.0,0.0,0.0,0.0,0.0,0.0,0.0,0.0,6.572739419060619,11.904249909442017,12.459620295225907,0.0,0,11.230461474999174,/tmp/nussbaum_sine_3hz_struct_runs/optuna_t0069_r01.csv,,"{""alpha"": 21.55689031549489, ""amplitude_deg"": 10.0, ""baudrate"": 1000000.0, ""command_sign"": -1.0, ""control_output_scale"": 1.0, ""current_bias_raw"": -1.9576908700594335, ""current_limit_raw"": 0.0, ""default_mode"": 3.0, ""device"": ""/dev/ttyAMA0"", ""disable_anti_windup"": false, ""disable_freeze_nn_on_saturation"": false, ""disable_freeze_zeta_on_saturation"": false, ""disturb_interval_sec"": 30.0, ""disturb_jitter_sec"": 3.0, ""disturb_mode"": ""mixed"", ""disturb_seed"": -1.0, ""disturbance_placement"": ""mid_move"", ""duration"": 10.0, ""dxl_id"": 6.0, ""enable_disturbance"": false, ""frequency_hz"": 3.0, ""fric_coulomb"": 0.0147179112624575, ""fric_vel_scale"": 0.8038795073037378, ""gamma_adapt"": 4.576742377443861, ""gamma_link"": 1.1009717212854402, ""integral_limit"": 1.6504936083, ""k_delta"": 0.1561680308517976, ""max_abs_e_dot"": 10.0, ""max_control"": 0.2274191657914513, ""max_current_raw"": 56.0, ""max_current_slew"": 59.06890937865842, ""mid_disturbance_offset_sec"": 0.0, ""no_set_current_mode"": false, ""predict_horizon_sec"": 0.0036622649738465474, ""pulse_current_raw_max"": 12.0, ""pulse_current_raw_min"": 4.0, ""pulse_duration_max"": 0.6, ""pulse_duration_min"": 0.15, ""q_abs_guard_deg"": 35.0, ""qd_lpf_alpha"": 0.022403929408440288, ""rate"": 120.0, ""rbf_center_max"": 3.2, ""rbf_center_min"": -3.2, ""rbf_nodes"": 11.0, ""rbf_width"": 1.426064140791272, ""ref_jump_deg_max"": 8.0, ""ref_jump_deg_min"": 2.0, ""ref_jump_duration_max"": 0.6, ""ref_jump_duration_min"": 0.15, ""reference_shape"": ""sine"", ""reset_zeta_after_motion"": false, ""reset_zeta_on_segment"": false, ""restore_mode"": false, ""sigma_mod"": 0.18878415664411716, ""sine_center_mode"": ""lock"", ""soft_start_sec"": 0.5, ""step_absolute_target_deg"": null, ""step_absolute_target_rad"": null, ""step_delta_deg"": 40.0, ""step_ramp_sec"": 1.0, ""step_segment_sec"": 1.5, ""step_sequence_deg"": """", ""step_shape"": ""smoothstep"", ""step_start_sec"": 0.0, ""tail_err_full_deg"": 4.0, ""tail_err_thresh_deg"": 1.5, ""tail_kd"": 0.029360020149732557, ""tail_kp"": 0.0, ""tail_max_control_boost"": 0.0, ""tail_u_max"": 0.0, ""torque_to_current"": 210.0, ""zeta0"": 0.885692967, ""zeta_leak"": 0.06381496963510948, ""zeta_reset_delay_sec"": 0.0, ""zeta_reset_value"": null, ""zeta_soft"": 0.808890192981462}"
70,1,0.0,1000000.0,0.0,0.0,inf,inf,inf,inf,0.0,1.0,1.0,0.0,0.0,0.0,0.0,0.0,0.0,0.0,0.0,0.0,0.0,0.0,0.0,0.0,0.0,0.0,0.0,0.0,0.0,0.0,0.0,0.0,0.0,0.0,0.0,inf,inf,inf,1.0,1,7.65842988499935,/tmp/nussbaum_sine_3hz_struct_runs/optuna_t0070_r01.csv,[DBG] t=   5.00s e= -5.16deg u= 0.1829 u_aux=-0.0311 u_rob=-0.0000 u_fric= 0.0180 ta=1.00 cmd=  -0.95 slewB=1.00 raw q= 144.76deg | [DBG] t=   6.00s e=  8.86deg u= 0.1829 u_aux=-0.0385 u_rob=-0.0000 u_fric= 0.0180 ta=1.00 cmd=  -8.64 slewB=1.00 raw q= 130.87deg | [ERROR] q guard hit: |q-q_center|=35.16 deg > 35.00,"{""alpha"": 19.27295114046735, ""amplitude_deg"": 10.0, ""baudrate"": 1000000.0, ""command_sign"": -1.0, ""control_output_scale"": 1.0, ""current_bias_raw"": -0.5628789663911703, ""current_limit_raw"": 0.0, ""default_mode"": 3.0, ""device"": ""/dev/ttyAMA0"", ""disable_anti_windup"": false, ""disable_freeze_nn_on_saturation"": false, ""disable_freeze_zeta_on_saturation"": false, ""disturb_interval_sec"": 30.0, ""disturb_jitter_sec"": 3.0, ""disturb_mode"": ""mixed"", ""disturb_seed"": -1.0, ""disturbance_placement"": ""mid_move"", ""duration"": 10.0, ""dxl_id"": 6.0, ""enable_disturbance"": false, ""frequency_hz"": 3.0, ""fric_coulomb"": 0.017988424184048356, ""fric_vel_scale"": 0.46092652693366337, ""gamma_adapt"": 8.807138500127673, ""gamma_link"": 0.8609424348522893, ""integral_limit"": 1.6504936083, ""k_delta"": 0.16351507683570518, ""max_abs_e_dot"": 10.0, ""max_control"": 0.18287045688733855, ""max_current_raw"": 72.0, ""max_current_slew"": 161.98363050498315, ""mid_disturbance_offset_sec"": 0.0, ""no_set_current_mode"": false, ""predict_horizon_sec"": 0.0033071120438853225, ""pulse_current_raw_max"": 12.0, ""pulse_current_raw_min"": 4.0, ""pulse_duration_max"": 0.6, ""pulse_duration_min"": 0.15, ""q_abs_guard_deg"": 35.0, ""qd_lpf_alpha"": 0.048527466846997915, ""rate"": 120.0, ""rbf_center_max"": 3.2, ""rbf_center_min"": -3.2, ""rbf_nodes"": 11.0, ""rbf_width"": 0.7823479854523027, ""ref_jump_deg_max"": 8.0, ""ref_jump_deg_min"": 2.0, ""ref_jump_duration_max"": 0.6, ""ref_jump_duration_min"": 0.15, ""reference_shape"": ""sine"", ""reset_zeta_after_motion"": false, ""reset_zeta_on_segment"": false, ""restore_mode"": false, ""sigma_mod"": 0.2092261264306907, ""sine_center_mode"": ""lock"", ""soft_start_sec"": 0.5, ""step_absolute_target_deg"": null, ""step_absolute_target_rad"": null, ""step_delta_deg"": 40.0, ""step_ramp_sec"": 1.0, ""step_segment_sec"": 1.5, ""step_sequence_deg"": """", ""step_shape"": ""smoothstep"", ""step_start_sec"": 0.0, ""tail_err_full_deg"": 4.0, ""tail_err_thresh_deg"": 1.5, ""tail_kd"": 0.010778889419183452, ""tail_kp"": 0.0, ""tail_max_control_boost"": 0.0, ""tail_u_max"": 0.0, ""torque_to_current"": 210.0, ""zeta0"": 0.885692967, ""zeta_leak"": 0.05801042685278036, ""zeta_reset_delay_sec"": 0.0, ""zeta_reset_value"": null, ""zeta_soft"": 0.8510931802433536}"
71,1,1.0,1000011.4999700234,1200.0,9.993914,8.341088642232856,9.528508743370066,15.131199297395263,21.690299046293067,0.5385000299765509,0.0,0.0919828961748634,0.9623332506548908,0.9441825436,0.8856786761,0.9441825436,0.05850386750000003,0.00584895766525,0.02706644999999992,0.3126766781,0.0,0.0,0.0,0.0,0.0,0.0,0.0,0.0,0.0,0.0,0.0,0.0,0.0,0.0,0.0,0.0,8.364149079902015,15.618881337633459,16.506235048247273,0.0,0,11.215247660000387,/tmp/nussbaum_sine_3hz_struct_runs/optuna_t0071_r01.csv,,"{""alpha"": 12.528162578760117, ""amplitude_deg"": 10.0, ""baudrate"": 1000000.0, ""command_sign"": -1.0, ""control_output_scale"": 1.0, ""current_bias_raw"": 0.19490369484953107, ""current_limit_raw"": 0.0, ""default_mode"": 3.0, ""device"": ""/dev/ttyAMA0"", ""disable_anti_windup"": false, ""disable_freeze_nn_on_saturation"": false, ""disable_freeze_zeta_on_saturation"": false, ""disturb_interval_sec"": 30.0, ""disturb_jitter_sec"": 3.0, ""disturb_mode"": ""mixed"", ""disturb_seed"": -1.0, ""disturbance_placement"": ""mid_move"", ""duration"": 10.0, ""dxl_id"": 6.0, ""enable_disturbance"": false, ""frequency_hz"": 3.0, ""fric_coulomb"": 0.008645782957449132, ""fric_vel_scale"": 0.9570859555391183, ""gamma_adapt"": 15.322638915853368, ""gamma_link"": 0.9917451936802952, ""integral_limit"": 1.6504936083, ""k_delta"": 0.19331574983163738, ""max_abs_e_dot"": 10.0, ""max_control"": 0.29275520943501365, ""max_current_raw"": 61.0, ""max_current_slew"": 129.26376960049268, ""mid_disturbance_offset_sec"": 0.0, ""no_set_current_mode"": false, ""predict_horizon_sec"": 0.0014276293598434854, ""pulse_current_raw_max"": 12.0, ""pulse_current_raw_min"": 4.0, ""pulse_duration_max"": 0.6, ""pulse_duration_min"": 0.15, ""q_abs_guard_deg"": 35.0, ""qd_lpf_alpha"": 0.07426775695652418, ""rate"": 120.0, ""rbf_center_max"": 3.2, ""rbf_center_min"": -3.2, ""rbf_nodes"": 11.0, ""rbf_width"": 1.5291053876564198, ""ref_jump_deg_max"": 8.0, ""ref_jump_deg_min"": 2.0, ""ref_jump_duration_max"": 0.6, ""ref_jump_duration_min"": 0.15, ""reference_shape"": ""sine"", ""reset_zeta_after_motion"": false, ""reset_zeta_on_segment"": false, ""restore_mode"": false, ""sigma_mod"": 0.21750458317101268, ""sine_center_mode"": ""lock"", ""soft_start_sec"": 0.5, ""step_absolute_target_deg"": null, ""step_absolute_target_rad"": null, ""step_delta_deg"": 40.0, ""step_ramp_sec"": 1.0, ""step_segment_sec"": 1.5, ""step_sequence_deg"": """", ""step_shape"": ""smoothstep"", ""step_start_sec"": 0.0, ""tail_err_full_deg"": 4.0, ""tail_err_thresh_deg"": 1.5, ""tail_kd"": 0.00848909106124243, ""tail_kp"": 0.0, ""tail_max_control_boost"": 0.0, ""tail_u_max"": 0.0, ""torque_to_current"": 210.0, ""zeta0"": 0.885692967, ""zeta_leak"": 0.05580783211802106, ""zeta_reset_delay_sec"": 0.0, ""zeta_reset_value"": null, ""zeta_soft"": 0.8549640727741991}"
72,1,0.0,1000000.0,0.0,0.0,inf,inf,inf,inf,0.0,1.0,1.0,0.0,0.0,0.0,0.0,0.0,0.0,0.0,0.0,0.0,0.0,0.0,0.0,0.0,0.0,0.0,0.0,0.0,0.0,0.0,0.0,0.0,0.0,0.0,0.0,inf,inf,inf,1.0,1,3.636092589999862,/tmp/nussbaum_sine_3hz_struct_runs/optuna_t0072_r01.csv,[DBG] t=   1.00s e=  1.69deg u=-0.1381 u_aux=-0.0540 u_rob=-0.0000 u_fric= 0.0079 ta=0.02 cmd=   2.06 slewB=1.00 raw q= 137.99deg | [DBG] t=   2.00s e= 19.45deg u= 0.2668 u_aux=-0.0587 u_rob=-0.0000 u_fric= 0.0079 ta=1.00 cmd=  -9.15 slewB=1.00 raw q= 120.23deg | [ERROR] q guard hit: |q-q_center|=35.16 deg > 35.00,"{""alpha"": 19.312422172293374, ""amplitude_deg"": 10.0, ""baudrate"": 1000000.0, ""command_sign"": -1.0, ""control_output_scale"": 1.0, ""current_bias_raw"": 0.5901916134497642, ""current_limit_raw"": 0.0, ""default_mode"": 3.0, ""device"": ""/dev/ttyAMA0"", ""disable_anti_windup"": false, ""disable_freeze_nn_on_saturation"": false, ""disable_freeze_zeta_on_saturation"": false, ""disturb_interval_sec"": 30.0, ""disturb_jitter_sec"": 3.0, ""disturb_mode"": ""mixed"", ""disturb_seed"": -1.0, ""disturbance_placement"": ""mid_move"", ""duration"": 10.0, ""dxl_id"": 6.0, ""enable_disturbance"": false, ""frequency_hz"": 3.0, ""fric_coulomb"": 0.007917111448070321, ""fric_vel_scale"": 1.0031795698632058, ""gamma_adapt"": 11.769458315059628, ""gamma_link"": 1.024153211934454, ""integral_limit"": 1.6504936083, ""k_delta"": 0.12556614324495904, ""max_abs_e_dot"": 10.0, ""max_control"": 0.26679079700427605, ""max_current_raw"": 55.0, ""max_current_slew"": 73.59958392370315, ""mid_disturbance_offset_sec"": 0.0, ""no_set_current_mode"": false, ""predict_horizon_sec"": 0.001764029979170432, ""pulse_current_raw_max"": 12.0, ""pulse_current_raw_min"": 4.0, ""pulse_duration_max"": 0.6, ""pulse_duration_min"": 0.15, ""q_abs_guard_deg"": 35.0, ""qd_lpf_alpha"": 0.05616536247455871, ""rate"": 120.0, ""rbf_center_max"": 3.2, ""rbf_center_min"": -3.2, ""rbf_nodes"": 11.0, ""rbf_width"": 0.9452923783805824, ""ref_jump_deg_max"": 8.0, ""ref_jump_deg_min"": 2.0, ""ref_jump_duration_max"": 0.6, ""ref_jump_duration_min"": 0.15, ""reference_shape"": ""sine"", ""reset_zeta_after_motion"": false, ""reset_zeta_on_segment"": false, ""restore_mode"": false, ""sigma_mod"": 0.18585774544896289, ""sine_center_mode"": ""lock"", ""soft_start_sec"": 0.5, ""step_absolute_target_deg"": null, ""step_absolute_target_rad"": null, ""step_delta_deg"": 40.0, ""step_ramp_sec"": 1.0, ""step_segment_sec"": 1.5, ""step_sequence_deg"": """", ""step_shape"": ""smoothstep"", ""step_start_sec"": 0.0, ""tail_err_full_deg"": 4.0, ""tail_err_thresh_deg"": 1.5, ""tail_kd"": 0.016514920336509274, ""tail_kp"": 0.0, ""tail_max_control_boost"": 0.0, ""tail_u_max"": 0.0, ""torque_to_current"": 210.0, ""zeta0"": 0.885692967, ""zeta_leak"": 0.062131328748957465, ""zeta_reset_delay_sec"": 0.0, ""zeta_reset_value"": null, ""zeta_soft"": 0.9757458949966157}"
73,1,1.0,1000033.0823951323,1200.0,9.991747,8.691142777659476,10.058772008910958,14.39360571954799,32.487492749697076,0.5169176048677704,0.0,0.10525586158192089,0.9262038814086814,0.9769425413,0.8856781804,0.9769425413,0.09126436090000001,0.009124957432666668,0.08259818795999994,0.310189437,0.0,0.0,0.0,0.0,0.0,0.0,0.0,0.0,0.0,0.0,0.0,0.0,0.0,0.0,0.0,0.0,8.5662772196415,13.522868514941203,14.129071681931633,0.0,0,11.179272067999591,/tmp/nussbaum_sine_3hz_struct_runs/optuna_t0073_r01.csv,,"{""alpha"": 5.445877576914286, ""amplitude_deg"": 10.0, ""baudrate"": 1000000.0, ""command_sign"": -1.0, ""control_output_scale"": 1.0, ""current_bias_raw"": -1.458119918703677, ""current_limit_raw"": 0.0, ""default_mode"": 3.0, ""device"": ""/dev/ttyAMA0"", ""disable_anti_windup"": false, ""disable_freeze_nn_on_saturation"": false, ""disable_freeze_zeta_on_saturation"": false, ""disturb_interval_sec"": 30.0, ""disturb_jitter_sec"": 3.0, ""disturb_mode"": ""mixed"", ""disturb_seed"": -1.0, ""disturbance_placement"": ""mid_move"", ""duration"": 10.0, ""dxl_id"": 6.0, ""enable_disturbance"": false, ""frequency_hz"": 3.0, ""fric_coulomb"": 0.007366500566958231, ""fric_vel_scale"": 0.6348055326669328, ""gamma_adapt"": 11.36493572743566, ""gamma_link"": 0.983868925649012, ""integral_limit"": 1.6504936083, ""k_delta"": 0.1695114842558939, ""max_abs_e_dot"": 10.0, ""max_control"": 0.14985629117576166, ""max_current_raw"": 59.0, ""max_current_slew"": 142.77512533590942, ""mid_disturbance_offset_sec"": 0.0, ""no_set_current_mode"": false, ""predict_horizon_sec"": 0.0014330408239635714, ""pulse_current_raw_max"": 12.0, ""pulse_current_raw_min"": 4.0, ""pulse_duration_max"": 0.6, ""pulse_duration_min"": 0.15, ""q_abs_guard_deg"": 35.0, ""qd_lpf_alpha"": 0.06724007748494398, ""rate"": 120.0, ""rbf_center_max"": 3.2, ""rbf_center_min"": -3.2, ""rbf_nodes"": 11.0, ""rbf_width"": 1.3633193661388272, ""ref_jump_deg_max"": 8.0, ""ref_jump_deg_min"": 2.0, ""ref_jump_duration_max"": 0.6, ""ref_jump_duration_min"": 0.15, ""reference_shape"": ""sine"", ""reset_zeta_after_motion"": false, ""reset_zeta_on_segment"": false, ""restore_mode"": false, ""sigma_mod"": 0.3310449273925165, ""sine_center_mode"": ""lock"", ""soft_start_sec"": 0.5, ""step_absolute_target_deg"": null, ""step_absolute_target_rad"": null, ""step_delta_deg"": 40.0, ""step_ramp_sec"": 1.0, ""step_segment_sec"": 1.5, ""step_sequence_deg"": """", ""step_shape"": ""smoothstep"", ""step_start_sec"": 0.0, ""tail_err_full_deg"": 4.0, ""tail_err_thresh_deg"": 1.5, ""tail_kd"": 0.03027027565824799, ""tail_kp"": 0.0, ""tail_max_control_boost"": 0.0, ""tail_u_max"": 0.0, ""torque_to_current"": 210.0, ""zeta0"": 0.885692967, ""zeta_leak"": 0.06400845596573564, ""zeta_reset_delay_sec"": 0.0, ""zeta_reset_value"": null, ""zeta_soft"": 0.8579717939163458}"
74,1,0.0,1000000.0,0.0,0.0,inf,inf,inf,inf,0.0,1.0,1.0,0.0,0.0,0.0,0.0,0.0,0.0,0.0,0.0,0.0,0.0,0.0,0.0,0.0,0.0,0.0,0.0,0.0,0.0,0.0,0.0,0.0,0.0,0.0,0.0,inf,inf,inf,1.0,1,8.617634661000011,/tmp/nussbaum_sine_3hz_struct_runs/optuna_t0074_r01.csv,[DBG] t=   6.00s e= -9.56deg u= 0.2657 u_aux=-0.0499 u_rob=-0.0000 u_fric= 0.0063 ta=1.00 cmd=  11.30 slewB=1.00 raw q= 148.89deg | [DBG] t=   7.00s e=-16.33deg u= 0.2657 u_aux=-0.0489 u_rob=-0.0000 u_fric= 0.0063 ta=1.00 cmd=  16.40 slewB=1.00 raw q= 155.65deg | [ERROR] q guard hit: |q-q_center|=35.60 deg > 35.00,"{""alpha"": 14.734661844354173, ""amplitude_deg"": 10.0, ""baudrate"": 1000000.0, ""command_sign"": -1.0, ""control_output_scale"": 1.0, ""current_bias_raw"": 0.05532404540651065, ""current_limit_raw"": 0.0, ""default_mode"": 3.0, ""device"": ""/dev/ttyAMA0"", ""disable_anti_windup"": false, ""disable_freeze_nn_on_saturation"": false, ""disable_freeze_zeta_on_saturation"": false, ""disturb_interval_sec"": 30.0, ""disturb_jitter_sec"": 3.0, ""disturb_mode"": ""mixed"", ""disturb_seed"": -1.0, ""disturbance_placement"": ""mid_move"", ""duration"": 10.0, ""dxl_id"": 6.0, ""enable_disturbance"": false, ""frequency_hz"": 3.0, ""fric_coulomb"": 0.006283627148628764, ""fric_vel_scale"": 0.8332632180604762, ""gamma_adapt"": 13.168991432056748, ""gamma_link"": 1.1464358326240454, ""integral_limit"": 1.6504936083, ""k_delta"": 0.15211673368667125, ""max_abs_e_dot"": 10.0, ""max_control"": 0.2657424402843084, ""max_current_raw"": 71.0, ""max_current_slew"": 43.70968249791986, ""mid_disturbance_offset_sec"": 0.0, ""no_set_current_mode"": false, ""predict_horizon_sec"": 0.0017332235109802346, ""pulse_current_raw_max"": 12.0, ""pulse_current_raw_min"": 4.0, ""pulse_duration_max"": 0.6, ""pulse_duration_min"": 0.15, ""q_abs_guard_deg"": 35.0, ""qd_lpf_alpha"": 0.053457909916094136, ""rate"": 120.0, ""rbf_center_max"": 3.2, ""rbf_center_min"": -3.2, ""rbf_nodes"": 11.0, ""rbf_width"": 1.0861874169627992, ""ref_jump_deg_max"": 8.0, ""ref_jump_deg_min"": 2.0, ""ref_jump_duration_max"": 0.6, ""ref_jump_duration_min"": 0.15, ""reference_shape"": ""sine"", ""reset_zeta_after_motion"": false, ""reset_zeta_on_segment"": false, ""restore_mode"": false, ""sigma_mod"": 0.26531685065443783, ""sine_center_mode"": ""lock"", ""soft_start_sec"": 0.5, ""step_absolute_target_deg"": null, ""step_absolute_target_rad"": null, ""step_delta_deg"": 40.0, ""step_ramp_sec"": 1.0, ""step_segment_sec"": 1.5, ""step_sequence_deg"": """", ""step_shape"": ""smoothstep"", ""step_start_sec"": 0.0, ""tail_err_full_deg"": 4.0, ""tail_err_thresh_deg"": 1.5, ""tail_kd"": 0.015409116200502743, ""tail_kp"": 0.0, ""tail_max_control_boost"": 0.0, ""tail_u_max"": 0.0, ""torque_to_current"": 210.0, ""zeta0"": 0.885692967, ""zeta_leak"": 0.06502313618187976, ""zeta_reset_delay_sec"": 0.0, ""zeta_reset_value"": null, ""zeta_soft"": 0.8638936026940349}"
75,1,0.0,1000000.0,0.0,0.0,inf,inf,inf,inf,0.0,1.0,1.0,0.0,0.0,0.0,0.0,0.0,0.0,0.0,0.0,0.0,0.0,0.0,0.0,0.0,0.0,0.0,0.0,0.0,0.0,0.0,0.0,0.0,0.0,0.0,0.0,inf,inf,inf,1.0,1,6.345873866999682,/tmp/nussbaum_sine_3hz_struct_runs/optuna_t0075_r01.csv,[DBG] t=   4.00s e=  3.58deg u= 0.2677 u_aux=-0.0985 u_rob=-0.0000 u_fric= 0.0080 ta=0.92 cmd=  -2.91 slewB=1.00 raw q= 136.67deg | [DBG] t=   5.00s e= 27.37deg u= 0.2677 u_aux=-0.1115 u_rob=-0.0000 u_fric= 0.0080 ta=1.00 cmd= -16.08 slewB=1.00 raw q= 112.76deg | [ERROR] q guard hit: |q-q_center|=35.51 deg > 35.00,"{""alpha"": 18.578882457638972, ""amplitude_deg"": 10.0, ""baudrate"": 1000000.0, ""command_sign"": -1.0, ""control_output_scale"": 1.0, ""current_bias_raw"": -0.3324354184832391, ""current_limit_raw"": 0.0, ""default_mode"": 3.0, ""device"": ""/dev/ttyAMA0"", ""disable_anti_windup"": false, ""disable_freeze_nn_on_saturation"": false, ""disable_freeze_zeta_on_saturation"": false, ""disturb_interval_sec"": 30.0, ""disturb_jitter_sec"": 3.0, ""disturb_mode"": ""mixed"", ""disturb_seed"": -1.0, ""disturbance_placement"": ""mid_move"", ""duration"": 10.0, ""dxl_id"": 6.0, ""enable_disturbance"": false, ""frequency_hz"": 3.0, ""fric_coulomb"": 0.00798487472543758, ""fric_vel_scale"": 0.8364289604475168, ""gamma_adapt"": 14.493665355949732, ""gamma_link"": 0.9827378167791937, ""integral_limit"": 1.6504936083, ""k_delta"": 0.16064053925588778, ""max_abs_e_dot"": 10.0, ""max_control"": 0.26768881387077964, ""max_current_raw"": 75.0, ""max_current_slew"": 81.47705411706492, ""mid_disturbance_offset_sec"": 0.0, ""no_set_current_mode"": false, ""predict_horizon_sec"": 0.0006050790754022364, ""pulse_current_raw_max"": 12.0, ""pulse_current_raw_min"": 4.0, ""pulse_duration_max"": 0.6, ""pulse_duration_min"": 0.15, ""q_abs_guard_deg"": 35.0, ""qd_lpf_alpha"": 0.07116355297808992, ""rate"": 120.0, ""rbf_center_max"": 3.2, ""rbf_center_min"": -3.2, ""rbf_nodes"": 11.0, ""rbf_width"": 0.6290847715097757, ""ref_jump_deg_max"": 8.0, ""ref_jump_deg_min"": 2.0, ""ref_jump_duration_max"": 0.6, ""ref_jump_duration_min"": 0.15, ""reference_shape"": ""sine"", ""reset_zeta_after_motion"": false, ""reset_zeta_on_segment"": false, ""restore_mode"": false, ""sigma_mod"": 0.32389857880263906, ""sine_center_mode"": ""lock"", ""soft_start_sec"": 0.5, ""step_absolute_target_deg"": null, ""step_absolute_target_rad"": null, ""step_delta_deg"": 40.0, ""step_ramp_sec"": 1.0, ""step_segment_sec"": 1.5, ""step_sequence_deg"": """", ""step_shape"": ""smoothstep"", ""step_start_sec"": 0.0, ""tail_err_full_deg"": 4.0, ""tail_err_thresh_deg"": 1.5, ""tail_kd"": 0.029102545060885363, ""tail_kp"": 0.0, ""tail_max_control_boost"": 0.0, ""tail_u_max"": 0.0, ""torque_to_current"": 210.0, ""zeta0"": 0.885692967, ""zeta_leak"": 0.05904090904335174, ""zeta_reset_delay_sec"": 0.0, ""zeta_reset_value"": null, ""zeta_soft"": 0.9666087076018534}"
76,1,1.0,1000007.2023899371,1200.0,9.991835,8.128366162347893,9.344386737078452,12.815632738602991,28.720238993715586,0.5712134508443094,0.0,0.08901589743589743,0.9304915175830127,0.9455983479,0.8856912044,0.9455983479,0.059907143499999926,0.005990538088583334,0.03293752242499999,0.299631069,0.0,0.0,0.0,0.0,0.0,0.0,0.0,0.0,0.0,0.0,0.0,0.0,0.0,0.0,0.0,0.0,7.89888407352705,12.460022455161747,13.028678562521382,0.0,0,11.206952882000223,/tmp/nussbaum_sine_3hz_struct_runs/optuna_t0076_r01.csv,,"{""alpha"": 11.132480169677308, ""amplitude_deg"": 10.0, ""baudrate"": 1000000.0, ""command_sign"": -1.0, ""control_output_scale"": 1.0, ""current_bias_raw"": -2.147636186434191, ""current_limit_raw"": 0.0, ""default_mode"": 3.0, ""device"": ""/dev/ttyAMA0"", ""disable_anti_windup"": false, ""disable_freeze_nn_on_saturation"": false, ""disable_freeze_zeta_on_saturation"": false, ""disturb_interval_sec"": 30.0, ""disturb_jitter_sec"": 3.0, ""disturb_mode"": ""mixed"", ""disturb_seed"": -1.0, ""disturbance_placement"": ""mid_move"", ""duration"": 10.0, ""dxl_id"": 6.0, ""enable_disturbance"": false, ""frequency_hz"": 3.0, ""fric_coulomb"": 0.01285168033525235, ""fric_vel_scale"": 0.785717885085868, ""gamma_adapt"": 6.656771752841004, ""gamma_link"": 1.09799029082834, ""integral_limit"": 1.6504936083, ""k_delta"": 0.19576583182599824, ""max_abs_e_dot"": 10.0, ""max_control"": 0.14527415254202689, ""max_current_raw"": 52.0, ""max_current_slew"": 104.97415928360354, ""mid_disturbance_offset_sec"": 0.0, ""no_set_current_mode"": false, ""predict_horizon_sec"": 0.0036549063865234993, ""pulse_current_raw_max"": 12.0, ""pulse_current_raw_min"": 4.0, ""pulse_duration_max"": 0.6, ""pulse_duration_min"": 0.15, ""q_abs_guard_deg"": 35.0, ""qd_lpf_alpha"": 0.030564413158461257, ""rate"": 120.0, ""rbf_center_max"": 3.2, ""rbf_center_min"": -3.2, ""rbf_nodes"": 11.0, ""rbf_width"": 1.198916928308707, ""ref_jump_deg_max"": 8.0, ""ref_jump_deg_min"": 2.0, ""ref_jump_duration_max"": 0.6, ""ref_jump_duration_min"": 0.15, ""reference_shape"": ""sine"", ""reset_zeta_after_motion"": false, ""reset_zeta_on_segment"": false, ""restore_mode"": false, ""sigma_mod"": 0.20023703338084942, ""sine_center_mode"": ""lock"", ""soft_start_sec"": 0.5, ""step_absolute_target_deg"": null, ""step_absolute_target_rad"": null, ""step_delta_deg"": 40.0, ""step_ramp_sec"": 1.0, ""step_segment_sec"": 1.5, ""step_sequence_deg"": """", ""step_shape"": ""smoothstep"", ""step_start_sec"": 0.0, ""tail_err_full_deg"": 4.0, ""tail_err_thresh_deg"": 1.5, ""tail_kd"": 0.05756864519824519, ""tail_kp"": 0.0, ""tail_max_control_boost"": 0.0, ""tail_u_max"": 0.0, ""torque_to_current"": 210.0, ""zeta0"": 0.885692967, ""zeta_leak"": 0.04257699221874621, ""zeta_reset_delay_sec"": 0.0, ""zeta_reset_value"": null, ""zeta_soft"": 0.8807251706354954}"
77,1,0.0,1000000.0,0.0,0.0,inf,inf,inf,inf,0.0,1.0,1.0,0.0,0.0,0.0,0.0,0.0,0.0,0.0,0.0,0.0,0.0,0.0,0.0,0.0,0.0,0.0,0.0,0.0,0.0,0.0,0.0,0.0,0.0,0.0,0.0,inf,inf,inf,1.0,1,3.8659566090000226,/tmp/nussbaum_sine_3hz_struct_runs/optuna_t0077_r01.csv,[DBG] t=   1.00s e=  2.65deg u=-0.2930 u_aux=-0.0935 u_rob=-0.0000 u_fric= 0.0181 ta=0.44 cmd=   1.31 slewB=1.00 raw q= 136.76deg | [DBG] t=   2.00s e= 10.14deg u= 0.2930 u_aux=-0.1071 u_rob=-0.0000 u_fric= 0.0181 ta=1.00 cmd=  -5.15 slewB=1.00 raw q= 129.46deg | [ERROR] q guard hit: |q-q_center|=35.33 deg > 35.00,"{""alpha"": 21.8215915430957, ""amplitude_deg"": 10.0, ""baudrate"": 1000000.0, ""command_sign"": -1.0, ""control_output_scale"": 1.0, ""current_bias_raw"": 0.3167404659190729, ""current_limit_raw"": 0.0, ""default_mode"": 3.0, ""device"": ""/dev/ttyAMA0"", ""disable_anti_windup"": false, ""disable_freeze_nn_on_saturation"": false, ""disable_freeze_zeta_on_saturation"": false, ""disturb_interval_sec"": 30.0, ""disturb_jitter_sec"": 3.0, ""disturb_mode"": ""mixed"", ""disturb_seed"": -1.0, ""disturbance_placement"": ""mid_move"", ""duration"": 10.0, ""dxl_id"": 6.0, ""enable_disturbance"": false, ""frequency_hz"": 3.0, ""fric_coulomb"": 0.018059557486148937, ""fric_vel_scale"": 0.5158239967238172, ""gamma_adapt"": 16.220313446295254, ""gamma_link"": 1.020677910743189, ""integral_limit"": 1.6504936083, ""k_delta"": 0.1630651354546313, ""max_abs_e_dot"": 10.0, ""max_control"": 0.2930411961128932, ""max_current_raw"": 78.0, ""max_current_slew"": 84.3641655534025, ""mid_disturbance_offset_sec"": 0.0, ""no_set_current_mode"": false, ""predict_horizon_sec"": 0.0018586657919526497, ""pulse_current_raw_max"": 12.0, ""pulse_current_raw_min"": 4.0, ""pulse_duration_max"": 0.6, ""pulse_duration_min"": 0.15, ""q_abs_guard_deg"": 35.0, ""qd_lpf_alpha"": 0.04335401878096477, ""rate"": 120.0, ""rbf_center_max"": 3.2, ""rbf_center_min"": -3.2, ""rbf_nodes"": 11.0, ""rbf_width"": 0.9561885197707467, ""ref_jump_deg_max"": 8.0, ""ref_jump_deg_min"": 2.0, ""ref_jump_duration_max"": 0.6, ""ref_jump_duration_min"": 0.15, ""reference_shape"": ""sine"", ""reset_zeta_after_motion"": false, ""reset_zeta_on_segment"": false, ""restore_mode"": false, ""sigma_mod"": 0.22483895525218933, ""sine_center_mode"": ""lock"", ""soft_start_sec"": 0.5, ""step_absolute_target_deg"": null, ""step_absolute_target_rad"": null, ""step_delta_deg"": 40.0, ""step_ramp_sec"": 1.0, ""step_segment_sec"": 1.5, ""step_sequence_deg"": """", ""step_shape"": ""smoothstep"", ""step_start_sec"": 0.0, ""tail_err_full_deg"": 4.0, ""tail_err_thresh_deg"": 1.5, ""tail_kd"": 0.028524934936697895, ""tail_kp"": 0.0, ""tail_max_control_boost"": 0.0, ""tail_u_max"": 0.0, ""torque_to_current"": 210.0, ""zeta0"": 0.885692967, ""zeta_leak"": 0.06528719571760748, ""zeta_reset_delay_sec"": 0.0, ""zeta_reset_value"": null, ""zeta_soft"": 0.9099283025336214}"
78,1,0.0,1000000.0,0.0,0.0,inf,inf,inf,inf,0.0,1.0,1.0,0.0,0.0,0.0,0.0,0.0,0.0,0.0,0.0,0.0,0.0,0.0,0.0,0.0,0.0,0.0,0.0,0.0,0.0,0.0,0.0,0.0,0.0,0.0,0.0,inf,inf,inf,1.0,1,4.559909274999882,/tmp/nussbaum_sine_3hz_struct_runs/optuna_t0078_r01.csv,[DBG] t=   2.00s e= -0.45deg u=-0.0632 u_aux=-0.0474 u_rob=-0.0000 u_fric= 0.0045 ta=0.00 cmd=   2.81 slewB=1.00 raw q= 139.48deg | [DBG] t=   3.00s e= 21.98deg u= 0.2060 u_aux=-0.0544 u_rob=-0.0000 u_fric= 0.0045 ta=1.00 cmd= -10.95 slewB=1.00 raw q= 117.16deg | [ERROR] q guard hit: |q-q_center|=35.07 deg > 35.00,"{""alpha"": 7.727379555564034, ""amplitude_deg"": 10.0, ""baudrate"": 1000000.0, ""command_sign"": -1.0, ""control_output_scale"": 1.0, ""current_bias_raw"": -1.909210434253993, ""current_limit_raw"": 0.0, ""default_mode"": 3.0, ""device"": ""/dev/ttyAMA0"", ""disable_anti_windup"": false, ""disable_freeze_nn_on_saturation"": false, ""disable_freeze_zeta_on_saturation"": false, ""disturb_interval_sec"": 30.0, ""disturb_jitter_sec"": 3.0, ""disturb_mode"": ""mixed"", ""disturb_seed"": -1.0, ""disturbance_placement"": ""mid_move"", ""duration"": 10.0, ""dxl_id"": 6.0, ""enable_disturbance"": false, ""frequency_hz"": 3.0, ""fric_coulomb"": 0.004557621155930101, ""fric_vel_scale"": 1.1493404003370806, ""gamma_adapt"": 17.73788470601621, ""gamma_link"": 1.0494324249610878, ""integral_limit"": 1.6504936083, ""k_delta"": 0.12117196985681565, ""max_abs_e_dot"": 10.0, ""max_control"": 0.20598244390242218, ""max_current_raw"": 65.0, ""max_current_slew"": 75.56809921256844, ""mid_disturbance_offset_sec"": 0.0, ""no_set_current_mode"": false, ""predict_horizon_sec"": 0.003643325650250665, ""pulse_current_raw_max"": 12.0, ""pulse_current_raw_min"": 4.0, ""pulse_duration_max"": 0.6, ""pulse_duration_min"": 0.15, ""q_abs_guard_deg"": 35.0, ""qd_lpf_alpha"": 0.015462225354425225, ""rate"": 120.0, ""rbf_center_max"": 3.2, ""rbf_center_min"": -3.2, ""rbf_nodes"": 11.0, ""rbf_width"": 0.6607344129645043, ""ref_jump_deg_max"": 8.0, ""ref_jump_deg_min"": 2.0, ""ref_jump_duration_max"": 0.6, ""ref_jump_duration_min"": 0.15, ""reference_shape"": ""sine"", ""reset_zeta_after_motion"": false, ""reset_zeta_on_segment"": false, ""restore_mode"": false, ""sigma_mod"": 0.10482091020910503, ""sine_center_mode"": ""lock"", ""soft_start_sec"": 0.5, ""step_absolute_target_deg"": null, ""step_absolute_target_rad"": null, ""step_delta_deg"": 40.0, ""step_ramp_sec"": 1.0, ""step_segment_sec"": 1.5, ""step_sequence_deg"": """", ""step_shape"": ""smoothstep"", ""step_start_sec"": 0.0, ""tail_err_full_deg"": 4.0, ""tail_err_thresh_deg"": 1.5, ""tail_kd"": 0.014908797042557178, ""tail_kp"": 0.0, ""tail_max_control_boost"": 0.0, ""tail_u_max"": 0.0, ""torque_to_current"": 210.0, ""zeta0"": 0.885692967, ""zeta_leak"": 0.03889972734780915, ""zeta_reset_delay_sec"": 0.0, ""zeta_reset_value"": null, ""zeta_soft"": 1.0778550734506962}"
79,1,0.0,1000000.0,0.0,0.0,inf,inf,inf,inf,0.0,1.0,1.0,0.0,0.0,0.0,0.0,0.0,0.0,0.0,0.0,0.0,0.0,0.0,0.0,0.0,0.0,0.0,0.0,0.0,0.0,0.0,0.0,0.0,0.0,0.0,0.0,inf,inf,inf,1.0,1,4.270088904999284,/tmp/nussbaum_sine_3hz_struct_runs/optuna_t0079_r01.csv,[DBG] t=   2.00s e=  6.06deg u=-0.2070 u_aux=-0.0756 u_rob=-0.0000 u_fric= 0.0160 ta=1.00 cmd=   3.89 slewB=1.00 raw q= 133.42deg | [DBG] t=   3.00s e= 32.10deg u= 0.2618 u_aux=-0.0978 u_rob=-0.0000 u_fric= 0.0160 ta=1.00 cmd= -20.91 slewB=1.00 raw q= 106.96deg | [ERROR] q guard hit: |q-q_center|=35.60 deg > 35.00,"{""alpha"": 21.461757299206702, ""amplitude_deg"": 10.0, ""baudrate"": 1000000.0, ""command_sign"": -1.0, ""control_output_scale"": 1.0, ""current_bias_raw"": -1.87193914428467, ""current_limit_raw"": 0.0, ""default_mode"": 3.0, ""device"": ""/dev/ttyAMA0"", ""disable_anti_windup"": false, ""disable_freeze_nn_on_saturation"": false, ""disable_freeze_zeta_on_saturation"": false, ""disturb_interval_sec"": 30.0, ""disturb_jitter_sec"": 3.0, ""disturb_mode"": ""mixed"", ""disturb_seed"": -1.0, ""disturbance_placement"": ""mid_move"", ""duration"": 10.0, ""dxl_id"": 6.0, ""enable_disturbance"": false, ""frequency_hz"": 3.0, ""fric_coulomb"": 0.01597740124132004, ""fric_vel_scale"": 0.8280175973729152, ""gamma_adapt"": 21.30753214029017, ""gamma_link"": 0.9089432032750476, ""integral_limit"": 1.6504936083, ""k_delta"": 0.1787286197702757, ""max_abs_e_dot"": 10.0, ""max_control"": 0.2617760797481192, ""max_current_raw"": 82.0, ""max_current_slew"": 143.2851729738305, ""mid_disturbance_offset_sec"": 0.0, ""no_set_current_mode"": false, ""predict_horizon_sec"": 0.0014511386750133636, ""pulse_current_raw_max"": 12.0, ""pulse_current_raw_min"": 4.0, ""pulse_duration_max"": 0.6, ""pulse_duration_min"": 0.15, ""q_abs_guard_deg"": 35.0, ""qd_lpf_alpha"": 0.05304934011268418, ""rate"": 120.0, ""rbf_center_max"": 3.2, ""rbf_center_min"": -3.2, ""rbf_nodes"": 11.0, ""rbf_width"": 0.6897204514450322, ""ref_jump_deg_max"": 8.0, ""ref_jump_deg_min"": 2.0, ""ref_jump_duration_max"": 0.6, ""ref_jump_duration_min"": 0.15, ""reference_shape"": ""sine"", ""reset_zeta_after_motion"": false, ""reset_zeta_on_segment"": false, ""restore_mode"": false, ""sigma_mod"": 0.23738510421629183, ""sine_center_mode"": ""lock"", ""soft_start_sec"": 0.5, ""step_absolute_target_deg"": null, ""step_absolute_target_rad"": null, ""step_delta_deg"": 40.0, ""step_ramp_sec"": 1.0, ""step_segment_sec"": 1.5, ""step_sequence_deg"": """", ""step_shape"": ""smoothstep"", ""step_start_sec"": 0.0, ""tail_err_full_deg"": 4.0, ""tail_err_thresh_deg"": 1.5, ""tail_kd"": 0.022761708523285868, ""tail_kp"": 0.0, ""tail_max_control_boost"": 0.0, ""tail_u_max"": 0.0, ""torque_to_current"": 210.0, ""zeta0"": 0.885692967, ""zeta_leak"": 0.06662170578350715, ""zeta_reset_delay_sec"": 0.0, ""zeta_reset_value"": null, ""zeta_soft"": 0.9112908362879742}"
80,1,1.0,1000036.9962051389,1200.0,9.991762999999999,8.698104059799288,10.128331605687231,15.7871843481768,31.699620513883275,0.7347577612767769,0.0,0.13112149305555557,0.956311447470069,0.9136507827,0.885692967,0.9136507827,0.0279578157,0.002795781572666667,0.012773636369999994,0.1372060208,0.0,0.0,0.0,0.0,0.0,0.0,0.0,0.0,0.0,0.0,0.0,0.0,0.0,0.0,0.0,0.0,8.639981471829028,14.941790365457491,16.57745385115106,0.0,0,11.294537715999468,/tmp/nussbaum_sine_3hz_struct_runs/optuna_t0080_r01.csv,,"{""alpha"": 8.130930172529, ""amplitude_deg"": 10.0, ""baudrate"": 1000000.0, ""command_sign"": -1.0, ""control_output_scale"": 1.0, ""current_bias_raw"": -0.6903498020737848, ""current_limit_raw"": 0.0, ""default_mode"": 3.0, ""device"": ""/dev/ttyAMA0"", ""disable_anti_windup"": false, ""disable_freeze_nn_on_saturation"": false, ""disable_freeze_zeta_on_saturation"": false, ""disturb_interval_sec"": 30.0, ""disturb_jitter_sec"": 3.0, ""disturb_mode"": ""mixed"", ""disturb_seed"": -1.0, ""disturbance_placement"": ""mid_move"", ""duration"": 10.0, ""dxl_id"": 6.0, ""enable_disturbance"": false, ""frequency_hz"": 3.0, ""fric_coulomb"": 0.008197334905340367, ""fric_vel_scale"": 0.930824913689801, ""gamma_adapt"": 17.209136701724926, ""gamma_link"": 0.8113836929558152, ""integral_limit"": 1.6504936083, ""k_delta"": 0.12304231758514111, ""max_abs_e_dot"": 10.0, ""max_control"": 0.15610441911969866, ""max_current_raw"": 48.0, ""max_current_slew"": 143.90020115288925, ""mid_disturbance_offset_sec"": 0.0, ""no_set_current_mode"": false, ""predict_horizon_sec"": 0.0008424862750352594, ""pulse_current_raw_max"": 12.0, ""pulse_current_raw_min"": 4.0, ""pulse_duration_max"": 0.6, ""pulse_duration_min"": 0.15, ""q_abs_guard_deg"": 35.0, ""qd_lpf_alpha"": 0.06448584910153457, ""rate"": 120.0, ""rbf_center_max"": 3.2, ""rbf_center_min"": -3.2, ""rbf_nodes"": 11.0, ""rbf_width"": 1.572914968350132, ""ref_jump_deg_max"": 8.0, ""ref_jump_deg_min"": 2.0, ""ref_jump_duration_max"": 0.6, ""ref_jump_duration_min"": 0.15, ""reference_shape"": ""sine"", ""reset_zeta_after_motion"": false, ""reset_zeta_on_segment"": false, ""restore_mode"": false, ""sigma_mod"": 0.28740112847383276, ""sine_center_mode"": ""lock"", ""soft_start_sec"": 0.5, ""step_absolute_target_deg"": null, ""step_absolute_target_rad"": null, ""step_delta_deg"": 40.0, ""step_ramp_sec"": 1.0, ""step_segment_sec"": 1.5, ""step_sequence_deg"": """", ""step_shape"": ""smoothstep"", ""step_start_sec"": 0.0, ""tail_err_full_deg"": 4.0, ""tail_err_thresh_deg"": 1.5, ""tail_kd"": 0.038256961905654134, ""tail_kp"": 0.0, ""tail_max_control_boost"": 0.0, ""tail_u_max"": 0.0, ""torque_to_current"": 210.0, ""zeta0"": 0.885692967, ""zeta_leak"": 0.057267414122842905, ""zeta_reset_delay_sec"": 0.0, ""zeta_reset_value"": null, ""zeta_soft"": 0.9281506064783919}"
81,1,1.0,1000061.3362406086,1200.0,9.991752,9.089597214831537,10.599379451238148,16.096070599228845,34.13362406086205,0.6591089901952785,0.0,0.10184550438596492,0.9659323402149462,1.0155102028,0.885692967,1.0155102028,0.12981723580000004,0.012981723583833335,0.026955177969999994,1.1482770367,0.0,0.0,0.0,0.0,0.0,0.0,0.0,0.0,0.0,0.0,0.0,0.0,0.0,0.0,0.0,0.0,8.914903317415899,16.059179531869248,16.535024286691872,0.0,0,11.070406327000455,/tmp/nussbaum_sine_3hz_struct_runs/optuna_t0081_r01.csv,,"{""alpha"": 19.460811081451496, ""amplitude_deg"": 10.0, ""baudrate"": 1000000.0, ""command_sign"": -1.0, ""control_output_scale"": 1.0, ""current_bias_raw"": -0.4506611557822675, ""current_limit_raw"": 0.0, ""default_mode"": 3.0, ""device"": ""/dev/ttyAMA0"", ""disable_anti_windup"": false, ""disable_freeze_nn_on_saturation"": false, ""disable_freeze_zeta_on_saturation"": false, ""disturb_interval_sec"": 30.0, ""disturb_jitter_sec"": 3.0, ""disturb_mode"": ""mixed"", ""disturb_seed"": -1.0, ""disturbance_placement"": ""mid_move"", ""duration"": 10.0, ""dxl_id"": 6.0, ""enable_disturbance"": false, ""frequency_hz"": 3.0, ""fric_coulomb"": 0.007192947669653914, ""fric_vel_scale"": 0.8625016571852185, ""gamma_adapt"": 18.95297486785096, ""gamma_link"": 0.8751560154682048, ""integral_limit"": 1.6504936083, ""k_delta"": 0.08357326825891982, ""max_abs_e_dot"": 10.0, ""max_control"": 0.15103725688017833, ""max_current_raw"": 76.0, ""max_current_slew"": 178.67714299300914, ""mid_disturbance_offset_sec"": 0.0, ""no_set_current_mode"": false, ""predict_horizon_sec"": 0.0012306171043479901, ""pulse_current_raw_max"": 12.0, ""pulse_current_raw_min"": 4.0, ""pulse_duration_max"": 0.6, ""pulse_duration_min"": 0.15, ""q_abs_guard_deg"": 35.0, ""qd_lpf_alpha"": 0.060218356170562856, ""rate"": 120.0, ""rbf_center_max"": 3.2, ""rbf_center_min"": -3.2, ""rbf_nodes"": 11.0, ""rbf_width"": 1.2642998532978535, ""ref_jump_deg_max"": 8.0, ""ref_jump_deg_min"": 2.0, ""ref_jump_duration_max"": 0.6, ""ref_jump_duration_min"": 0.15, ""reference_shape"": ""sine"", ""reset_zeta_after_motion"": false, ""reset_zeta_on_segment"": false, ""restore_mode"": false, ""sigma_mod"": 0.1342295314408982, ""sine_center_mode"": ""lock"", ""soft_start_sec"": 0.5, ""step_absolute_target_deg"": null, ""step_absolute_target_rad"": null, ""step_delta_deg"": 40.0, ""step_ramp_sec"": 1.0, ""step_segment_sec"": 1.5, ""step_sequence_deg"": """", ""step_shape"": ""smoothstep"", ""step_start_sec"": 0.0, ""tail_err_full_deg"": 4.0, ""tail_err_thresh_deg"": 1.5, ""tail_kd"": 0.006660817572111937, ""tail_kp"": 0.0, ""tail_max_control_boost"": 0.0, ""tail_u_max"": 0.0, ""torque_to_current"": 210.0, ""zeta0"": 0.885692967, ""zeta_leak"": 0.024879861853340228, ""zeta_reset_delay_sec"": 0.0, ""zeta_reset_value"": null, ""zeta_soft"": 1.0352082481462133}"
82,1,0.0,1000000.0,0.0,0.0,inf,inf,inf,inf,0.0,1.0,1.0,0.0,0.0,0.0,0.0,0.0,0.0,0.0,0.0,0.0,0.0,0.0,0.0,0.0,0.0,0.0,0.0,0.0,0.0,0.0,0.0,0.0,0.0,0.0,0.0,inf,inf,inf,1.0,1,4.4741919409998445,/tmp/nussbaum_sine_3hz_struct_runs/optuna_t0082_r01.csv,[DBG] t=   2.00s e= -0.27deg u=-0.0474 u_aux=-0.0084 u_rob=-0.0000 u_fric= 0.0025 ta=0.00 cmd=   9.17 slewB=1.00 raw q= 139.92deg | [DBG] t=   3.00s e= 12.09deg u= 0.1862 u_aux=-0.0097 u_rob=-0.0000 u_fric= 0.0025 ta=1.00 cmd= -15.24 slewB=1.00 raw q= 127.62deg | [ERROR] q guard hit: |q-q_center|=35.07 deg > 35.00,"{""alpha"": 24.775395895393753, ""amplitude_deg"": 10.0, ""baudrate"": 1000000.0, ""command_sign"": -1.0, ""control_output_scale"": 1.0, ""current_bias_raw"": 0.589784337252949, ""current_limit_raw"": 0.0, ""default_mode"": 3.0, ""device"": ""/dev/ttyAMA0"", ""disable_anti_windup"": false, ""disable_freeze_nn_on_saturation"": false, ""disable_freeze_zeta_on_saturation"": false, ""disturb_interval_sec"": 30.0, ""disturb_jitter_sec"": 3.0, ""disturb_mode"": ""mixed"", ""disturb_seed"": -1.0, ""disturbance_placement"": ""mid_move"", ""duration"": 10.0, ""dxl_id"": 6.0, ""enable_disturbance"": false, ""frequency_hz"": 3.0, ""fric_coulomb"": 0.0025379770266034203, ""fric_vel_scale"": 0.7674623888381117, ""gamma_adapt"": 12.21286183950027, ""gamma_link"": 0.8743587219237753, ""integral_limit"": 1.6504936083, ""k_delta"": 0.11953866476941188, ""max_abs_e_dot"": 10.0, ""max_control"": 0.18618070737590023, ""max_current_raw"": 71.0, ""max_current_slew"": 206.4086178176082, ""mid_disturbance_offset_sec"": 0.0, ""no_set_current_mode"": false, ""predict_horizon_sec"": 0.0020849230347272096, ""pulse_current_raw_max"": 12.0, ""pulse_current_raw_min"": 4.0, ""pulse_duration_max"": 0.6, ""pulse_duration_min"": 0.15, ""q_abs_guard_deg"": 35.0, ""qd_lpf_alpha"": 0.06915668849076613, ""rate"": 120.0, ""rbf_center_max"": 3.2, ""rbf_center_min"": -3.2, ""rbf_nodes"": 11.0, ""rbf_width"": 0.8255914679700659, ""ref_jump_deg_max"": 8.0, ""ref_jump_deg_min"": 2.0, ""ref_jump_duration_max"": 0.6, ""ref_jump_duration_min"": 0.15, ""reference_shape"": ""sine"", ""reset_zeta_after_motion"": false, ""reset_zeta_on_segment"": false, ""restore_mode"": false, ""sigma_mod"": 0.20878227812980213, ""sine_center_mode"": ""lock"", ""soft_start_sec"": 0.5, ""step_absolute_target_deg"": null, ""step_absolute_target_rad"": null, ""step_delta_deg"": 40.0, ""step_ramp_sec"": 1.0, ""step_segment_sec"": 1.5, ""step_sequence_deg"": """", ""step_shape"": ""smoothstep"", ""step_start_sec"": 0.0, ""tail_err_full_deg"": 4.0, ""tail_err_thresh_deg"": 1.5, ""tail_kd"": 0.0027152041276365052, ""tail_kp"": 0.0, ""tail_max_control_boost"": 0.0, ""tail_u_max"": 0.0, ""torque_to_current"": 210.0, ""zeta0"": 0.885692967, ""zeta_leak"": 0.03512014759075946, ""zeta_reset_delay_sec"": 0.0, ""zeta_reset_value"": null, ""zeta_soft"": 1.076690846921092}"
83,1,0.0,1000000.0,0.0,0.0,inf,inf,inf,inf,0.0,1.0,1.0,0.0,0.0,0.0,0.0,0.0,0.0,0.0,0.0,0.0,0.0,0.0,0.0,0.0,0.0,0.0,0.0,0.0,0.0,0.0,0.0,0.0,0.0,0.0,0.0,inf,inf,inf,1.0,1,5.066981348999434,/tmp/nussbaum_sine_3hz_struct_runs/optuna_t0083_r01.csv,[DBG] t=   2.00s e= -0.29deg u=-0.1982 u_aux=-0.0469 u_rob=-0.0000 u_fric= 0.0143 ta=0.00 cmd=   2.87 slewB=1.00 raw q= 139.31deg | [DBG] t=   3.00s e=  6.55deg u=-0.1869 u_aux=-0.0616 u_rob=-0.0000 u_fric= 0.0143 ta=1.00 cmd=   3.38 slewB=1.00 raw q= 132.54deg | [ERROR] q guard hit: |q-q_center|=35.51 deg > 35.00,"{""alpha"": 27.42249271884858, ""amplitude_deg"": 10.0, ""baudrate"": 1000000.0, ""command_sign"": -1.0, ""control_output_scale"": 1.0, ""current_bias_raw"": 0.11053067354298701, ""current_limit_raw"": 0.0, ""default_mode"": 3.0, ""device"": ""/dev/ttyAMA0"", ""disable_anti_windup"": false, ""disable_freeze_nn_on_saturation"": false, ""disable_freeze_zeta_on_saturation"": false, ""disturb_interval_sec"": 30.0, ""disturb_jitter_sec"": 3.0, ""disturb_mode"": ""mixed"", ""disturb_seed"": -1.0, ""disturbance_placement"": ""mid_move"", ""duration"": 10.0, ""dxl_id"": 6.0, ""enable_disturbance"": false, ""frequency_hz"": 3.0, ""fric_coulomb"": 0.014284461332348187, ""fric_vel_scale"": 0.4708345504284048, ""gamma_adapt"": 12.36991372215522, ""gamma_link"": 0.8074537992354879, ""integral_limit"": 1.6504936083, ""k_delta"": 0.14531896809295972, ""max_abs_e_dot"": 10.0, ""max_control"": 0.19821580819335805, ""max_current_raw"": 59.0, ""max_current_slew"": 226.8607157468593, ""mid_disturbance_offset_sec"": 0.0, ""no_set_current_mode"": false, ""predict_horizon_sec"": 0.0014946654582642406, ""pulse_current_raw_max"": 12.0, ""pulse_current_raw_min"": 4.0, ""pulse_duration_max"": 0.6, ""pulse_duration_min"": 0.15, ""q_abs_guard_deg"": 35.0, ""qd_lpf_alpha"": 0.06244980116651825, ""rate"": 120.0, ""rbf_center_max"": 3.2, ""rbf_center_min"": -3.2, ""rbf_nodes"": 11.0, ""rbf_width"": 0.7573904148189701, ""ref_jump_deg_max"": 8.0, ""ref_jump_deg_min"": 2.0, ""ref_jump_duration_max"": 0.6, ""ref_jump_duration_min"": 0.15, ""reference_shape"": ""sine"", ""reset_zeta_after_motion"": false, ""reset_zeta_on_segment"": false, ""restore_mode"": false, ""sigma_mod"": 0.2593423962370079, ""sine_center_mode"": ""lock"", ""soft_start_sec"": 0.5, ""step_absolute_target_deg"": null, ""step_absolute_target_rad"": null, ""step_delta_deg"": 40.0, ""step_ramp_sec"": 1.0, ""step_segment_sec"": 1.5, ""step_sequence_deg"": """", ""step_shape"": ""smoothstep"", ""step_start_sec"": 0.0, ""tail_err_full_deg"": 4.0, ""tail_err_thresh_deg"": 1.5, ""tail_kd"": 0.01686881676737316, ""tail_kp"": 0.0, ""tail_max_control_boost"": 0.0, ""tail_u_max"": 0.0, ""torque_to_current"": 210.0, ""zeta0"": 0.885692967, ""zeta_leak"": 0.060799465421463965, ""zeta_reset_delay_sec"": 0.0, ""zeta_reset_value"": null, ""zeta_soft"": 0.9397280230958014}"
84,1,0.0,1000000.0,0.0,0.0,inf,inf,inf,inf,0.0,1.0,1.0,0.0,0.0,0.0,0.0,0.0,0.0,0.0,0.0,0.0,0.0,0.0,0.0,0.0,0.0,0.0,0.0,0.0,0.0,0.0,0.0,0.0,0.0,0.0,0.0,inf,inf,inf,1.0,1,4.084887127000002,/tmp/nussbaum_sine_3hz_struct_runs/optuna_t0084_r01.csv,[DBG] t=   1.00s e=  8.30deg u=-0.2447 u_aux=-0.1122 u_rob=-0.0000 u_fric= 0.0069 ta=1.00 cmd=  -0.66 slewB=1.00 raw q= 130.87deg | [DBG] t=   2.00s e=  4.42deg u=-0.1005 u_aux=-0.0872 u_rob=-0.0000 u_fric= 0.0069 ta=1.00 cmd=   5.33 slewB=1.00 raw q= 134.65deg | [ERROR] q guard hit: |q-q_center|=35.95 deg > 35.00,"{""alpha"": 2.0521404071046327, ""amplitude_deg"": 10.0, ""baudrate"": 1000000.0, ""command_sign"": -1.0, ""control_output_scale"": 1.0, ""current_bias_raw"": -1.259269074217284, ""current_limit_raw"": 0.0, ""default_mode"": 3.0, ""device"": ""/dev/ttyAMA0"", ""disable_anti_windup"": false, ""disable_freeze_nn_on_saturation"": false, ""disable_freeze_zeta_on_saturation"": false, ""disturb_interval_sec"": 30.0, ""disturb_jitter_sec"": 3.0, ""disturb_mode"": ""mixed"", ""disturb_seed"": -1.0, ""disturbance_placement"": ""mid_move"", ""duration"": 10.0, ""dxl_id"": 6.0, ""enable_disturbance"": false, ""frequency_hz"": 3.0, ""fric_coulomb"": 0.006888642114646699, ""fric_vel_scale"": 0.8869067538825899, ""gamma_adapt"": 19.754616319524192, ""gamma_link"": 1.0861503850864418, ""integral_limit"": 1.6504936083, ""k_delta"": 0.11833973550217325, ""max_abs_e_dot"": 10.0, ""max_control"": 0.24474097432895972, ""max_current_raw"": 67.0, ""max_current_slew"": 161.29839072688395, ""mid_disturbance_offset_sec"": 0.0, ""no_set_current_mode"": false, ""predict_horizon_sec"": 0.0007854465047251547, ""pulse_current_raw_max"": 12.0, ""pulse_current_raw_min"": 4.0, ""pulse_duration_max"": 0.6, ""pulse_duration_min"": 0.15, ""q_abs_guard_deg"": 35.0, ""qd_lpf_alpha"": 0.06942853474131669, ""rate"": 120.0, ""rbf_center_max"": 3.2, ""rbf_center_min"": -3.2, ""rbf_nodes"": 11.0, ""rbf_width"": 0.9321419352466055, ""ref_jump_deg_max"": 8.0, ""ref_jump_deg_min"": 2.0, ""ref_jump_duration_max"": 0.6, ""ref_jump_duration_min"": 0.15, ""reference_shape"": ""sine"", ""reset_zeta_after_motion"": false, ""reset_zeta_on_segment"": false, ""restore_mode"": false, ""sigma_mod"": 0.26152472477598687, ""sine_center_mode"": ""lock"", ""soft_start_sec"": 0.5, ""step_absolute_target_deg"": null, ""step_absolute_target_rad"": null, ""step_delta_deg"": 40.0, ""step_ramp_sec"": 1.0, ""step_segment_sec"": 1.5, ""step_sequence_deg"": """", ""step_shape"": ""smoothstep"", ""step_start_sec"": 0.0, ""tail_err_full_deg"": 4.0, ""tail_err_thresh_deg"": 1.5, ""tail_kd"": 0.026065310501302764, ""tail_kp"": 0.0, ""tail_max_control_boost"": 0.0, ""tail_u_max"": 0.0, ""torque_to_current"": 210.0, ""zeta0"": 0.885692967, ""zeta_leak"": 0.06458393421389676, ""zeta_reset_delay_sec"": 0.0, ""zeta_reset_value"": null, ""zeta_soft"": 0.918277192771193}"
85,1,0.0,1000000.0,0.0,0.0,inf,inf,inf,inf,0.0,1.0,1.0,0.0,0.0,0.0,0.0,0.0,0.0,0.0,0.0,0.0,0.0,0.0,0.0,0.0,0.0,0.0,0.0,0.0,0.0,0.0,0.0,0.0,0.0,0.0,0.0,inf,inf,inf,1.0,1,4.5424977200000285,/tmp/nussbaum_sine_3hz_struct_runs/optuna_t0085_r01.csv,[DBG] t=   2.00s e=-10.39deg u=-0.0954 u_aux=-0.0047 u_rob=-0.0000 u_fric= 0.0080 ta=1.00 cmd=   5.66 slewB=1.00 raw q= 149.06deg | [DBG] t=   3.00s e= 15.08deg u= 0.1643 u_aux=-0.0123 u_rob=-0.0000 u_fric= 0.0080 ta=1.00 cmd= -14.34 slewB=1.00 raw q= 124.01deg | [ERROR] q guard hit: |q-q_center|=36.04 deg > 35.00,"{""alpha"": 26.388537082126255, ""amplitude_deg"": 10.0, ""baudrate"": 1000000.0, ""command_sign"": -1.0, ""control_output_scale"": 1.0, ""current_bias_raw"": 0.24521676404975548, ""current_limit_raw"": 0.0, ""default_mode"": 3.0, ""device"": ""/dev/ttyAMA0"", ""disable_anti_windup"": false, ""disable_freeze_nn_on_saturation"": false, ""disable_freeze_zeta_on_saturation"": false, ""disturb_interval_sec"": 30.0, ""disturb_jitter_sec"": 3.0, ""disturb_mode"": ""mixed"", ""disturb_seed"": -1.0, ""disturbance_placement"": ""mid_move"", ""duration"": 10.0, ""dxl_id"": 6.0, ""enable_disturbance"": false, ""frequency_hz"": 3.0, ""fric_coulomb"": 0.00795934897084028, ""fric_vel_scale"": 0.813032940904921, ""gamma_adapt"": 15.047406638325441, ""gamma_link"": 0.8313245783304801, ""integral_limit"": 1.6504936083, ""k_delta"": 0.08001083177879795, ""max_abs_e_dot"": 10.0, ""max_control"": 0.16425118384637627, ""max_current_raw"": 54.0, ""max_current_slew"": 223.4308072209037, ""mid_disturbance_offset_sec"": 0.0, ""no_set_current_mode"": false, ""predict_horizon_sec"": 0.0035632904336848907, ""pulse_current_raw_max"": 12.0, ""pulse_current_raw_min"": 4.0, ""pulse_duration_max"": 0.6, ""pulse_duration_min"": 0.15, ""q_abs_guard_deg"": 35.0, ""qd_lpf_alpha"": 0.05649234665396616, ""rate"": 120.0, ""rbf_center_max"": 3.2, ""rbf_center_min"": -3.2, ""rbf_nodes"": 11.0, ""rbf_width"": 0.9726461026300528, ""ref_jump_deg_max"": 8.0, ""ref_jump_deg_min"": 2.0, ""ref_jump_duration_max"": 0.6, ""ref_jump_duration_min"": 0.15, ""reference_shape"": ""sine"", ""reset_zeta_after_motion"": false, ""reset_zeta_on_segment"": false, ""restore_mode"": false, ""sigma_mod"": 0.13334108425730434, ""sine_center_mode"": ""lock"", ""soft_start_sec"": 0.5, ""step_absolute_target_deg"": null, ""step_absolute_target_rad"": null, ""step_delta_deg"": 40.0, ""step_ramp_sec"": 1.0, ""step_segment_sec"": 1.5, ""step_sequence_deg"": """", ""step_shape"": ""smoothstep"", ""step_start_sec"": 0.0, ""tail_err_full_deg"": 4.0, ""tail_err_thresh_deg"": 1.5, ""tail_kd"": 0.0031448398224009255, ""tail_kp"": 0.0, ""tail_max_control_boost"": 0.0, ""tail_u_max"": 0.0, ""torque_to_current"": 210.0, ""zeta0"": 0.885692967, ""zeta_leak"": 0.007733795601103516, ""zeta_reset_delay_sec"": 0.0, ""zeta_reset_value"": null, ""zeta_soft"": 1.0444231613131063}"
86,1,0.0,1000000.0,0.0,0.0,inf,inf,inf,inf,0.0,1.0,1.0,0.0,0.0,0.0,0.0,0.0,0.0,0.0,0.0,0.0,0.0,0.0,0.0,0.0,0.0,0.0,0.0,0.0,0.0,0.0,0.0,0.0,0.0,0.0,0.0,inf,inf,inf,1.0,1,5.357531756000753,/tmp/nussbaum_sine_3hz_struct_runs/optuna_t0086_r01.csv,[DBG] t=   3.00s e= -4.23deg u= 0.1073 u_aux=-0.0801 u_rob=-0.0000 u_fric= 0.0029 ta=1.00 cmd=  -3.89 slewB=1.00 raw q= 143.26deg | [DBG] t=   4.00s e= 27.32deg u= 0.2053 u_aux=-0.1182 u_rob=-0.0000 u_fric= 0.0029 ta=1.00 cmd= -18.02 slewB=1.00 raw q= 111.80deg | [ERROR] q guard hit: |q-q_center|=35.16 deg > 35.00,"{""alpha"": 26.28083962537197, ""amplitude_deg"": 10.0, ""baudrate"": 1000000.0, ""command_sign"": -1.0, ""control_output_scale"": 1.0, ""current_bias_raw"": -0.0741296637623535, ""current_limit_raw"": 0.0, ""default_mode"": 3.0, ""device"": ""/dev/ttyAMA0"", ""disable_anti_windup"": false, ""disable_freeze_nn_on_saturation"": false, ""disable_freeze_zeta_on_saturation"": false, ""disturb_interval_sec"": 30.0, ""disturb_jitter_sec"": 3.0, ""disturb_mode"": ""mixed"", ""disturb_seed"": -1.0, ""disturbance_placement"": ""mid_move"", ""duration"": 10.0, ""dxl_id"": 6.0, ""enable_disturbance"": false, ""frequency_hz"": 3.0, ""fric_coulomb"": 0.002943317069765506, ""fric_vel_scale"": 0.8628780488659671, ""gamma_adapt"": 13.742617074326533, ""gamma_link"": 0.8001455254516682, ""integral_limit"": 1.6504936083, ""k_delta"": 0.08912727340454892, ""max_abs_e_dot"": 10.0, ""max_control"": 0.20527946303328407, ""max_current_raw"": 68.0, ""max_current_slew"": 146.37066040829342, ""mid_disturbance_offset_sec"": 0.0, ""no_set_current_mode"": false, ""predict_horizon_sec"": 0.0010657180840359009, ""pulse_current_raw_max"": 12.0, ""pulse_current_raw_min"": 4.0, ""pulse_duration_max"": 0.6, ""pulse_duration_min"": 0.15, ""q_abs_guard_deg"": 35.0, ""qd_lpf_alpha"": 0.05614794383085064, ""rate"": 120.0, ""rbf_center_max"": 3.2, ""rbf_center_min"": -3.2, ""rbf_nodes"": 11.0, ""rbf_width"": 0.7062445910234504, ""ref_jump_deg_max"": 8.0, ""ref_jump_deg_min"": 2.0, ""ref_jump_duration_max"": 0.6, ""ref_jump_duration_min"": 0.15, ""reference_shape"": ""sine"", ""reset_zeta_after_motion"": false, ""reset_zeta_on_segment"": false, ""restore_mode"": false, ""sigma_mod"": 0.16621711163370992, ""sine_center_mode"": ""lock"", ""soft_start_sec"": 0.5, ""step_absolute_target_deg"": null, ""step_absolute_target_rad"": null, ""step_delta_deg"": 40.0, ""step_ramp_sec"": 1.0, ""step_segment_sec"": 1.5, ""step_sequence_deg"": """", ""step_shape"": ""smoothstep"", ""step_start_sec"": 0.0, ""tail_err_full_deg"": 4.0, ""tail_err_thresh_deg"": 1.5, ""tail_kd"": 0.028403839133910657, ""tail_kp"": 0.0, ""tail_max_control_boost"": 0.0, ""tail_u_max"": 0.0, ""torque_to_current"": 210.0, ""zeta0"": 0.885692967, ""zeta_leak"": 0.016775147047081565, ""zeta_reset_delay_sec"": 0.0, ""zeta_reset_value"": null, ""zeta_soft"": 1.0363171760236856}"
87,1,0.0,1000000.0,0.0,0.0,inf,inf,inf,inf,0.0,1.0,1.0,0.0,0.0,0.0,0.0,0.0,0.0,0.0,0.0,0.0,0.0,0.0,0.0,0.0,0.0,0.0,0.0,0.0,0.0,0.0,0.0,0.0,0.0,0.0,0.0,inf,inf,inf,1.0,1,7.036498347999441,/tmp/nussbaum_sine_3hz_struct_runs/optuna_t0087_r01.csv,[DBG] t=   4.00s e=  6.85deg u=-0.1755 u_aux=-0.1984 u_rob=-0.0000 u_fric= 0.0102 ta=1.00 cmd=   0.86 slewB=1.00 raw q= 132.19deg | [DBG] t=   5.00s e=  5.41deg u=-0.1755 u_aux=-0.1931 u_rob=-0.0000 u_fric= 0.0102 ta=1.00 cmd=   1.57 slewB=1.00 raw q= 133.59deg | [ERROR] q guard hit: |q-q_center|=35.16 deg > 35.00,"{""alpha"": 2.7456508322257323, ""amplitude_deg"": 10.0, ""baudrate"": 1000000.0, ""command_sign"": -1.0, ""control_output_scale"": 1.0, ""current_bias_raw"": -1.9986865046177122, ""current_limit_raw"": 0.0, ""default_mode"": 3.0, ""device"": ""/dev/ttyAMA0"", ""disable_anti_windup"": false, ""disable_freeze_nn_on_saturation"": false, ""disable_freeze_zeta_on_saturation"": false, ""disturb_interval_sec"": 30.0, ""disturb_jitter_sec"": 3.0, ""disturb_mode"": ""mixed"", ""disturb_seed"": -1.0, ""disturbance_placement"": ""mid_move"", ""duration"": 10.0, ""dxl_id"": 6.0, ""enable_disturbance"": false, ""frequency_hz"": 3.0, ""fric_coulomb"": 0.010288881367430572, ""fric_vel_scale"": 1.0851353545833788, ""gamma_adapt"": 17.531949529349326, ""gamma_link"": 0.9738242588497947, ""integral_limit"": 1.6504936083, ""k_delta"": 0.09486471399944482, ""max_abs_e_dot"": 10.0, ""max_control"": 0.17548208257652975, ""max_current_raw"": 91.0, ""max_current_slew"": 115.1277230210597, ""mid_disturbance_offset_sec"": 0.0, ""no_set_current_mode"": false, ""predict_horizon_sec"": 0.004096970296263482, ""pulse_current_raw_max"": 12.0, ""pulse_current_raw_min"": 4.0, ""pulse_duration_max"": 0.6, ""pulse_duration_min"": 0.15, ""q_abs_guard_deg"": 35.0, ""qd_lpf_alpha"": 0.07900270929957091, ""rate"": 120.0, ""rbf_center_max"": 3.2, ""rbf_center_min"": -3.2, ""rbf_nodes"": 11.0, ""rbf_width"": 1.0829763669457788, ""ref_jump_deg_max"": 8.0, ""ref_jump_deg_min"": 2.0, ""ref_jump_duration_max"": 0.6, ""ref_jump_duration_min"": 0.15, ""reference_shape"": ""sine"", ""reset_zeta_after_motion"": false, ""reset_zeta_on_segment"": false, ""restore_mode"": false, ""sigma_mod"": 0.1352963918186856, ""sine_center_mode"": ""lock"", ""soft_start_sec"": 0.5, ""step_absolute_target_deg"": null, ""step_absolute_target_rad"": null, ""step_delta_deg"": 40.0, ""step_ramp_sec"": 1.0, ""step_segment_sec"": 1.5, ""step_sequence_deg"": """", ""step_shape"": ""smoothstep"", ""step_start_sec"": 0.0, ""tail_err_full_deg"": 4.0, ""tail_err_thresh_deg"": 1.5, ""tail_kd"": 0.0565796427969243, ""tail_kp"": 0.0, ""tail_max_control_boost"": 0.0, ""tail_u_max"": 0.0, ""torque_to_current"": 210.0, ""zeta0"": 0.885692967, ""zeta_leak"": 0.07186825475576838, ""zeta_reset_delay_sec"": 0.0, ""zeta_reset_value"": null, ""zeta_soft"": 0.8058152044384058}"
88,1,0.0,1000000.0,0.0,0.0,inf,inf,inf,inf,0.0,1.0,1.0,0.0,0.0,0.0,0.0,0.0,0.0,0.0,0.0,0.0,0.0,0.0,0.0,0.0,0.0,0.0,0.0,0.0,0.0,0.0,0.0,0.0,0.0,0.0,0.0,inf,inf,inf,1.0,1,3.7130719610004235,/tmp/nussbaum_sine_3hz_struct_runs/optuna_t0088_r01.csv,[DBG] t=   1.00s e= 10.76deg u=-0.2900 u_aux=-0.0537 u_rob=-0.0000 u_fric= 0.0063 ta=1.00 cmd=  -2.41 slewB=1.00 raw q= 128.32deg | [DBG] t=   2.00s e=  8.77deg u= 0.2900 u_aux=-0.0528 u_rob=-0.0000 u_fric= 0.0063 ta=1.00 cmd=  -7.97 slewB=1.00 raw q= 130.69deg | [ERROR] q guard hit: |q-q_center|=35.24 deg > 35.00,"{""alpha"": 3.430654269938768, ""amplitude_deg"": 10.0, ""baudrate"": 1000000.0, ""command_sign"": -1.0, ""control_output_scale"": 1.0, ""current_bias_raw"": 0.19452588054957817, ""current_limit_raw"": 0.0, ""default_mode"": 3.0, ""device"": ""/dev/ttyAMA0"", ""disable_anti_windup"": false, ""disable_freeze_nn_on_saturation"": false, ""disable_freeze_zeta_on_saturation"": false, ""disturb_interval_sec"": 30.0, ""disturb_jitter_sec"": 3.0, ""disturb_mode"": ""mixed"", ""disturb_seed"": -1.0, ""disturbance_placement"": ""mid_move"", ""duration"": 10.0, ""dxl_id"": 6.0, ""enable_disturbance"": false, ""frequency_hz"": 3.0, ""fric_coulomb"": 0.006268359403562252, ""fric_vel_scale"": 0.7688789830328294, ""gamma_adapt"": 11.88966795592843, ""gamma_link"": 1.0260571323239296, ""integral_limit"": 1.6504936083, ""k_delta"": 0.1588284049178968, ""max_abs_e_dot"": 10.0, ""max_control"": 0.2900004443303125, ""max_current_raw"": 84.0, ""max_current_slew"": 216.20818489941556, ""mid_disturbance_offset_sec"": 0.0, ""no_set_current_mode"": false, ""predict_horizon_sec"": 0.00405646149651822, ""pulse_current_raw_max"": 12.0, ""pulse_current_raw_min"": 4.0, ""pulse_duration_max"": 0.6, ""pulse_duration_min"": 0.15, ""q_abs_guard_deg"": 35.0, ""qd_lpf_alpha"": 0.02493536964053, ""rate"": 120.0, ""rbf_center_max"": 3.2, ""rbf_center_min"": -3.2, ""rbf_nodes"": 11.0, ""rbf_width"": 0.7766815554636105, ""ref_jump_deg_max"": 8.0, ""ref_jump_deg_min"": 2.0, ""ref_jump_duration_max"": 0.6, ""ref_jump_duration_min"": 0.15, ""reference_shape"": ""sine"", ""reset_zeta_after_motion"": false, ""reset_zeta_on_segment"": false, ""restore_mode"": false, ""sigma_mod"": 0.11636890417109581, ""sine_center_mode"": ""lock"", ""soft_start_sec"": 0.5, ""step_absolute_target_deg"": null, ""step_absolute_target_rad"": null, ""step_delta_deg"": 40.0, ""step_ramp_sec"": 1.0, ""step_segment_sec"": 1.5, ""step_sequence_deg"": """", ""step_shape"": ""smoothstep"", ""step_start_sec"": 0.0, ""tail_err_full_deg"": 4.0, ""tail_err_thresh_deg"": 1.5, ""tail_kd"": 0.014215000755308325, ""tail_kp"": 0.0, ""tail_max_control_boost"": 0.0, ""tail_u_max"": 0.0, ""torque_to_current"": 210.0, ""zeta0"": 0.885692967, ""zeta_leak"": 0.014599346610288088, ""zeta_reset_delay_sec"": 0.0, ""zeta_reset_value"": null, ""zeta_soft"": 0.9581851019704608}"
89,1,0.0,1000000.0,0.0,0.0,inf,inf,inf,inf,0.0,1.0,1.0,0.0,0.0,0.0,0.0,0.0,0.0,0.0,0.0,0.0,0.0,0.0,0.0,0.0,0.0,0.0,0.0,0.0,0.0,0.0,0.0,0.0,0.0,0.0,0.0,inf,inf,inf,1.0,1,5.126771145000021,/tmp/nussbaum_sine_3hz_struct_runs/optuna_t0089_r01.csv,[DBG] t=   2.00s e=  1.68deg u=-0.2083 u_aux=-0.0619 u_rob=-0.0000 u_fric= 0.0010 ta=0.01 cmd=   0.80 slewB=1.00 raw q= 137.29deg | [DBG] t=   3.00s e=  1.33deg u=-0.2083 u_aux=-0.0624 u_rob=-0.0000 u_fric= 0.0010 ta=0.00 cmd=   0.80 slewB=1.00 raw q= 137.64deg | [ERROR] q guard hit: |q-q_center|=35.33 deg > 35.00,"{""alpha"": 23.606035333915585, ""amplitude_deg"": 10.0, ""baudrate"": 1000000.0, ""command_sign"": -1.0, ""control_output_scale"": 1.0, ""current_bias_raw"": 0.04615065075196261, ""current_limit_raw"": 0.0, ""default_mode"": 3.0, ""device"": ""/dev/ttyAMA0"", ""disable_anti_windup"": false, ""disable_freeze_nn_on_saturation"": false, ""disable_freeze_zeta_on_saturation"": false, ""disturb_interval_sec"": 30.0, ""disturb_jitter_sec"": 3.0, ""disturb_mode"": ""mixed"", ""disturb_seed"": -1.0, ""disturbance_placement"": ""mid_move"", ""duration"": 10.0, ""dxl_id"": 6.0, ""enable_disturbance"": false, ""frequency_hz"": 3.0, ""fric_coulomb"": 0.0009857354582167267, ""fric_vel_scale"": 0.8330880013692473, ""gamma_adapt"": 14.815548813026247, ""gamma_link"": 0.8123904243062562, ""integral_limit"": 1.6504936083, ""k_delta"": 0.08250851973373546, ""max_abs_e_dot"": 10.0, ""max_control"": 0.2082956400307821, ""max_current_raw"": 82.0, ""max_current_slew"": 158.71464294768782, ""mid_disturbance_offset_sec"": 0.0, ""no_set_current_mode"": false, ""predict_horizon_sec"": 0.0035122101502810523, ""pulse_current_raw_max"": 12.0, ""pulse_current_raw_min"": 4.0, ""pulse_duration_max"": 0.6, ""pulse_duration_min"": 0.15, ""q_abs_guard_deg"": 35.0, ""qd_lpf_alpha"": 0.07503564302358759, ""rate"": 120.0, ""rbf_center_max"": 3.2, ""rbf_center_min"": -3.2, ""rbf_nodes"": 11.0, ""rbf_width"": 1.1563663412727956, ""ref_jump_deg_max"": 8.0, ""ref_jump_deg_min"": 2.0, ""ref_jump_duration_max"": 0.6, ""ref_jump_duration_min"": 0.15, ""reference_shape"": ""sine"", ""reset_zeta_after_motion"": false, ""reset_zeta_on_segment"": false, ""restore_mode"": false, ""sigma_mod"": 0.11778680165040828, ""sine_center_mode"": ""lock"", ""soft_start_sec"": 0.5, ""step_absolute_target_deg"": null, ""step_absolute_target_rad"": null, ""step_delta_deg"": 40.0, ""step_ramp_sec"": 1.0, ""step_segment_sec"": 1.5, ""step_sequence_deg"": """", ""step_shape"": ""smoothstep"", ""step_start_sec"": 0.0, ""tail_err_full_deg"": 4.0, ""tail_err_thresh_deg"": 1.5, ""tail_kd"": 0.01916953525031677, ""tail_kp"": 0.0, ""tail_max_control_boost"": 0.0, ""tail_u_max"": 0.0, ""torque_to_current"": 210.0, ""zeta0"": 0.885692967, ""zeta_leak"": 0.025532989058039645, ""zeta_reset_delay_sec"": 0.0, ""zeta_reset_value"": null, ""zeta_soft"": 1.0923235708636543}"
90,1,0.0,1000000.0,0.0,0.0,inf,inf,inf,inf,0.0,1.0,1.0,0.0,0.0,0.0,0.0,0.0,0.0,0.0,0.0,0.0,0.0,0.0,0.0,0.0,0.0,0.0,0.0,0.0,0.0,0.0,0.0,0.0,0.0,0.0,0.0,inf,inf,inf,1.0,1,9.773535513000752,/tmp/nussbaum_sine_3hz_struct_runs/optuna_t0090_r01.csv,[DBG] t=   7.00s e=  2.30deg u=-0.1227 u_aux=-0.1069 u_rob=-0.0000 u_fric= 0.0117 ta=0.24 cmd=   3.44 slewB=1.00 raw q= 136.67deg | [DBG] t=   8.00s e=  5.06deg u= 0.2136 u_aux=-0.1142 u_rob=-0.0000 u_fric= 0.0117 ta=1.00 cmd=  -5.48 slewB=1.00 raw q= 133.95deg | [ERROR] q guard hit: |q-q_center|=35.86 deg > 35.00,"{""alpha"": 23.412666670831303, ""amplitude_deg"": 10.0, ""baudrate"": 1000000.0, ""command_sign"": -1.0, ""control_output_scale"": 1.0, ""current_bias_raw"": 0.0018807419598965702, ""current_limit_raw"": 0.0, ""default_mode"": 3.0, ""device"": ""/dev/ttyAMA0"", ""disable_anti_windup"": false, ""disable_freeze_nn_on_saturation"": false, ""disable_freeze_zeta_on_saturation"": false, ""disturb_interval_sec"": 30.0, ""disturb_jitter_sec"": 3.0, ""disturb_mode"": ""mixed"", ""disturb_seed"": -1.0, ""disturbance_placement"": ""mid_move"", ""duration"": 10.0, ""dxl_id"": 6.0, ""enable_disturbance"": false, ""frequency_hz"": 3.0, ""fric_coulomb"": 0.011723588263585164, ""fric_vel_scale"": 0.6811926132955257, ""gamma_adapt"": 19.219983082787614, ""gamma_link"": 1.029010811351579, ""integral_limit"": 1.6504936083, ""k_delta"": 0.1922090271761447, ""max_abs_e_dot"": 10.0, ""max_control"": 0.2135875037716425, ""max_current_raw"": 83.0, ""max_current_slew"": 172.9011859533476, ""mid_disturbance_offset_sec"": 0.0, ""no_set_current_mode"": false, ""predict_horizon_sec"": 0.002927856640566967, ""pulse_current_raw_max"": 12.0, ""pulse_current_raw_min"": 4.0, ""pulse_duration_max"": 0.6, ""pulse_duration_min"": 0.15, ""q_abs_guard_deg"": 35.0, ""qd_lpf_alpha"": 0.025884164405838336, ""rate"": 120.0, ""rbf_center_max"": 3.2, ""rbf_center_min"": -3.2, ""rbf_nodes"": 11.0, ""rbf_width"": 0.780400597200199, ""ref_jump_deg_max"": 8.0, ""ref_jump_deg_min"": 2.0, ""ref_jump_duration_max"": 0.6, ""ref_jump_duration_min"": 0.15, ""reference_shape"": ""sine"", ""reset_zeta_after_motion"": false, ""reset_zeta_on_segment"": false, ""restore_mode"": false, ""sigma_mod"": 0.21952649069561064, ""sine_center_mode"": ""lock"", ""soft_start_sec"": 0.5, ""step_absolute_target_deg"": null, ""step_absolute_target_rad"": null, ""step_delta_deg"": 40.0, ""step_ramp_sec"": 1.0, ""step_segment_sec"": 1.5, ""step_sequence_deg"": """", ""step_shape"": ""smoothstep"", ""step_start_sec"": 0.0, ""tail_err_full_deg"": 4.0, ""tail_err_thresh_deg"": 1.5, ""tail_kd"": 0.03258068942834799, ""tail_kp"": 0.0, ""tail_max_control_boost"": 0.0, ""tail_u_max"": 0.0, ""torque_to_current"": 210.0, ""zeta0"": 0.885692967, ""zeta_leak"": 0.07165256553817248, ""zeta_reset_delay_sec"": 0.0, ""zeta_reset_value"": null, ""zeta_soft"": 0.9105687108297975}"
91,1,0.0,1000000.0,0.0,0.0,inf,inf,inf,inf,0.0,1.0,1.0,0.0,0.0,0.0,0.0,0.0,0.0,0.0,0.0,0.0,0.0,0.0,0.0,0.0,0.0,0.0,0.0,0.0,0.0,0.0,0.0,0.0,0.0,0.0,0.0,inf,inf,inf,1.0,1,4.861208479000197,/tmp/nussbaum_sine_3hz_struct_runs/optuna_t0091_r01.csv,[DBG] t=   2.00s e=  0.45deg u=-0.2148 u_aux=-0.0793 u_rob=-0.0000 u_fric= 0.0107 ta=0.00 cmd=   1.96 slewB=1.00 raw q= 138.43deg | [DBG] t=   3.00s e=  0.93deg u= 0.2148 u_aux=-0.0849 u_rob=-0.0000 u_fric= 0.0107 ta=0.00 cmd=  -2.83 slewB=1.00 raw q= 137.99deg | [ERROR] q guard hit: |q-q_center|=35.77 deg > 35.00,"{""alpha"": 16.143384087610936, ""amplitude_deg"": 10.0, ""baudrate"": 1000000.0, ""command_sign"": -1.0, ""control_output_scale"": 1.0, ""current_bias_raw"": -0.5114792434461745, ""current_limit_raw"": 0.0, ""default_mode"": 3.0, ""device"": ""/dev/ttyAMA0"", ""disable_anti_windup"": false, ""disable_freeze_nn_on_saturation"": false, ""disable_freeze_zeta_on_saturation"": false, ""disturb_interval_sec"": 30.0, ""disturb_jitter_sec"": 3.0, ""disturb_mode"": ""mixed"", ""disturb_seed"": -1.0, ""disturbance_placement"": ""mid_move"", ""duration"": 10.0, ""dxl_id"": 6.0, ""enable_disturbance"": false, ""frequency_hz"": 3.0, ""fric_coulomb"": 0.010731757590129358, ""fric_vel_scale"": 1.123534531085628, ""gamma_adapt"": 6.341636627138349, ""gamma_link"": 1.1445591928979284, ""integral_limit"": 1.6504936083, ""k_delta"": 0.08458185853707434, ""max_abs_e_dot"": 10.0, ""max_control"": 0.2147805978614995, ""max_current_raw"": 70.0, ""max_current_slew"": 95.94146549510195, ""mid_disturbance_offset_sec"": 0.0, ""no_set_current_mode"": false, ""predict_horizon_sec"": 0.0027583265114059638, ""pulse_current_raw_max"": 12.0, ""pulse_current_raw_min"": 4.0, ""pulse_duration_max"": 0.6, ""pulse_duration_min"": 0.15, ""q_abs_guard_deg"": 35.0, ""qd_lpf_alpha"": 0.06762588722067879, ""rate"": 120.0, ""rbf_center_max"": 3.2, ""rbf_center_min"": -3.2, ""rbf_nodes"": 11.0, ""rbf_width"": 1.2288953950476837, ""ref_jump_deg_max"": 8.0, ""ref_jump_deg_min"": 2.0, ""ref_jump_duration_max"": 0.6, ""ref_jump_duration_min"": 0.15, ""reference_shape"": ""sine"", ""reset_zeta_after_motion"": false, ""reset_zeta_on_segment"": false, ""restore_mode"": false, ""sigma_mod"": 0.2881668339022805, ""sine_center_mode"": ""lock"", ""soft_start_sec"": 0.5, ""step_absolute_target_deg"": null, ""step_absolute_target_rad"": null, ""step_delta_deg"": 40.0, ""step_ramp_sec"": 1.0, ""step_segment_sec"": 1.5, ""step_sequence_deg"": """", ""step_shape"": ""smoothstep"", ""step_start_sec"": 0.0, ""tail_err_full_deg"": 4.0, ""tail_err_thresh_deg"": 1.5, ""tail_kd"": 0.02442762276821417, ""tail_kp"": 0.0, ""tail_max_control_boost"": 0.0, ""tail_u_max"": 0.0, ""torque_to_current"": 210.0, ""zeta0"": 0.885692967, ""zeta_leak"": 0.0509875864973943, ""zeta_reset_delay_sec"": 0.0, ""zeta_reset_value"": null, ""zeta_soft"": 0.8599528729605029}"
92,1,0.0,1000000.0,0.0,0.0,inf,inf,inf,inf,0.0,1.0,1.0,0.0,0.0,0.0,0.0,0.0,0.0,0.0,0.0,0.0,0.0,0.0,0.0,0.0,0.0,0.0,0.0,0.0,0.0,0.0,0.0,0.0,0.0,0.0,0.0,inf,inf,inf,1.0,1,10.648300271000153,/tmp/nussbaum_sine_3hz_struct_runs/optuna_t0092_r01.csv,[DBG] t=   8.00s e= -0.76deg u=-0.0036 u_aux=-0.1122 u_rob=-0.0000 u_fric= 0.0053 ta=0.00 cmd=   2.54 slewB=1.00 raw q= 139.75deg | [DBG] t=   9.00s e= 14.77deg u= 0.1740 u_aux=-0.1238 u_rob=-0.0000 u_fric= 0.0053 ta=1.00 cmd=  -9.26 slewB=1.00 raw q= 124.63deg | [ERROR] q guard hit: |q-q_center|=35.16 deg > 35.00,"{""alpha"": 6.148373118907977, ""amplitude_deg"": 10.0, ""baudrate"": 1000000.0, ""command_sign"": -1.0, ""control_output_scale"": 1.0, ""current_bias_raw"": 0.5730646116677562, ""current_limit_raw"": 0.0, ""default_mode"": 3.0, ""device"": ""/dev/ttyAMA0"", ""disable_anti_windup"": false, ""disable_freeze_nn_on_saturation"": false, ""disable_freeze_zeta_on_saturation"": false, ""disturb_interval_sec"": 30.0, ""disturb_jitter_sec"": 3.0, ""disturb_mode"": ""mixed"", ""disturb_seed"": -1.0, ""disturbance_placement"": ""mid_move"", ""duration"": 10.0, ""dxl_id"": 6.0, ""enable_disturbance"": false, ""frequency_hz"": 3.0, ""fric_coulomb"": 0.005254017632985912, ""fric_vel_scale"": 0.6804729816646384, ""gamma_adapt"": 16.75422071356836, ""gamma_link"": 0.9415879377212802, ""integral_limit"": 1.6504936083, ""k_delta"": 0.10658665571164387, ""max_abs_e_dot"": 10.0, ""max_control"": 0.17397224044298593, ""max_current_raw"": 62.0, ""max_current_slew"": 110.59537706590217, ""mid_disturbance_offset_sec"": 0.0, ""no_set_current_mode"": false, ""predict_horizon_sec"": 0.0013714515029893534, ""pulse_current_raw_max"": 12.0, ""pulse_current_raw_min"": 4.0, ""pulse_duration_max"": 0.6, ""pulse_duration_min"": 0.15, ""q_abs_guard_deg"": 35.0, ""qd_lpf_alpha"": 0.07954695290296468, ""rate"": 120.0, ""rbf_center_max"": 3.2, ""rbf_center_min"": -3.2, ""rbf_nodes"": 11.0, ""rbf_width"": 1.0992027044290313, ""ref_jump_deg_max"": 8.0, ""ref_jump_deg_min"": 2.0, ""ref_jump_duration_max"": 0.6, ""ref_jump_duration_min"": 0.15, ""reference_shape"": ""sine"", ""reset_zeta_after_motion"": false, ""reset_zeta_on_segment"": false, ""restore_mode"": false, ""sigma_mod"": 0.2142322314943303, ""sine_center_mode"": ""lock"", ""soft_start_sec"": 0.5, ""step_absolute_target_deg"": null, ""step_absolute_target_rad"": null, ""step_delta_deg"": 40.0, ""step_ramp_sec"": 1.0, ""step_segment_sec"": 1.5, ""step_sequence_deg"": """", ""step_shape"": ""smoothstep"", ""step_start_sec"": 0.0, ""tail_err_full_deg"": 4.0, ""tail_err_thresh_deg"": 1.5, ""tail_kd"": 0.033399366429163406, ""tail_kp"": 0.0, ""tail_max_control_boost"": 0.0, ""tail_u_max"": 0.0, ""torque_to_current"": 210.0, ""zeta0"": 0.885692967, ""zeta_leak"": 0.04552495012584243, ""zeta_reset_delay_sec"": 0.0, ""zeta_reset_value"": null, ""zeta_soft"": 0.8036501869286997}"
93,1,0.0,1000000.0,0.0,0.0,inf,inf,inf,inf,0.0,1.0,1.0,0.0,0.0,0.0,0.0,0.0,0.0,0.0,0.0,0.0,0.0,0.0,0.0,0.0,0.0,0.0,0.0,0.0,0.0,0.0,0.0,0.0,0.0,0.0,0.0,inf,inf,inf,1.0,1,6.835767569999916,/tmp/nussbaum_sine_3hz_struct_runs/optuna_t0093_r01.csv,[DBG] t=   4.00s e= -5.44deg u= 0.2797 u_aux=-0.1271 u_rob=-0.0000 u_fric= 0.0016 ta=1.00 cmd=   3.82 slewB=1.00 raw q= 144.32deg | [DBG] t=   5.00s e=-14.35deg u= 0.2797 u_aux=-0.1217 u_rob=-0.0000 u_fric= 0.0016 ta=1.00 cmd=   9.48 slewB=1.00 raw q= 153.19deg | [ERROR] q guard hit: |q-q_center|=35.07 deg > 35.00,"{""alpha"": 6.325552806792443, ""amplitude_deg"": 10.0, ""baudrate"": 1000000.0, ""command_sign"": -1.0, ""control_output_scale"": 1.0, ""current_bias_raw"": -0.424165206731728, ""current_limit_raw"": 0.0, ""default_mode"": 3.0, ""device"": ""/dev/ttyAMA0"", ""disable_anti_windup"": false, ""disable_freeze_nn_on_saturation"": false, ""disable_freeze_zeta_on_saturation"": false, ""disturb_interval_sec"": 30.0, ""disturb_jitter_sec"": 3.0, ""disturb_mode"": ""mixed"", ""disturb_seed"": -1.0, ""disturbance_placement"": ""mid_move"", ""duration"": 10.0, ""dxl_id"": 6.0, ""enable_disturbance"": false, ""frequency_hz"": 3.0, ""fric_coulomb"": 0.0016229320424430607, ""fric_vel_scale"": 0.658119756926126, ""gamma_adapt"": 17.16104886839852, ""gamma_link"": 1.0472056700572645, ""integral_limit"": 1.6504936083, ""k_delta"": 0.18213346823770857, ""max_abs_e_dot"": 10.0, ""max_control"": 0.27966751421914904, ""max_current_raw"": 62.0, ""max_current_slew"": 169.64806936269122, ""mid_disturbance_offset_sec"": 0.0, ""no_set_current_mode"": false, ""predict_horizon_sec"": 0.0040450112231694, ""pulse_current_raw_max"": 12.0, ""pulse_current_raw_min"": 4.0, ""pulse_duration_max"": 0.6, ""pulse_duration_min"": 0.15, ""q_abs_guard_deg"": 35.0, ""qd_lpf_alpha"": 0.02072124954223054, ""rate"": 120.0, ""rbf_center_max"": 3.2, ""rbf_center_min"": -3.2, ""rbf_nodes"": 11.0, ""rbf_width"": 0.7541131743840751, ""ref_jump_deg_max"": 8.0, ""ref_jump_deg_min"": 2.0, ""ref_jump_duration_max"": 0.6, ""ref_jump_duration_min"": 0.15, ""reference_shape"": ""sine"", ""reset_zeta_after_motion"": false, ""reset_zeta_on_segment"": false, ""restore_mode"": false, ""sigma_mod"": 0.11149462687997277, ""sine_center_mode"": ""lock"", ""soft_start_sec"": 0.5, ""step_absolute_target_deg"": null, ""step_absolute_target_rad"": null, ""step_delta_deg"": 40.0, ""step_ramp_sec"": 1.0, ""step_segment_sec"": 1.5, ""step_sequence_deg"": """", ""step_shape"": ""smoothstep"", ""step_start_sec"": 0.0, ""tail_err_full_deg"": 4.0, ""tail_err_thresh_deg"": 1.5, ""tail_kd"": 0.0388991735456323, ""tail_kp"": 0.0, ""tail_max_control_boost"": 0.0, ""tail_u_max"": 0.0, ""torque_to_current"": 210.0, ""zeta0"": 0.885692967, ""zeta_leak"": 0.004760529016126936, ""zeta_reset_delay_sec"": 0.0, ""zeta_reset_value"": null, ""zeta_soft"": 0.8161099007624009}"
94,1,0.0,1000000.0,0.0,0.0,inf,inf,inf,inf,0.0,1.0,1.0,0.0,0.0,0.0,0.0,0.0,0.0,0.0,0.0,0.0,0.0,0.0,0.0,0.0,0.0,0.0,0.0,0.0,0.0,0.0,0.0,0.0,0.0,0.0,0.0,inf,inf,inf,1.0,1,5.311063144999935,/tmp/nussbaum_sine_3hz_struct_runs/optuna_t0094_r01.csv,[DBG] t=   3.00s e=  4.80deg u=-0.0819 u_aux=-0.1325 u_rob=-0.0000 u_fric= 0.0116 ta=1.00 cmd=  -0.66 slewB=1.00 raw q= 135.53deg | [DBG] t=   4.00s e= 30.01deg u= 0.2047 u_aux=-0.1536 u_rob=-0.0000 u_fric= 0.0116 ta=1.00 cmd= -14.68 slewB=1.00 raw q= 110.39deg | [ERROR] q guard hit: |q-q_center|=35.07 deg > 35.00,"{""alpha"": 22.336436769373318, ""amplitude_deg"": 10.0, ""baudrate"": 1000000.0, ""command_sign"": -1.0, ""control_output_scale"": 1.0, ""current_bias_raw"": -1.8267934353784048, ""current_limit_raw"": 0.0, ""default_mode"": 3.0, ""device"": ""/dev/ttyAMA0"", ""disable_anti_windup"": false, ""disable_freeze_nn_on_saturation"": false, ""disable_freeze_zeta_on_saturation"": false, ""disturb_interval_sec"": 30.0, ""disturb_jitter_sec"": 3.0, ""disturb_mode"": ""mixed"", ""disturb_seed"": -1.0, ""disturbance_placement"": ""mid_move"", ""duration"": 10.0, ""dxl_id"": 6.0, ""enable_disturbance"": false, ""frequency_hz"": 3.0, ""fric_coulomb"": 0.011641647006381598, ""fric_vel_scale"": 0.756239513283072, ""gamma_adapt"": 9.695070323068144, ""gamma_link"": 1.1348156364921964, ""integral_limit"": 1.6504936083, ""k_delta"": 0.11275520289316977, ""max_abs_e_dot"": 10.0, ""max_control"": 0.20469093716255937, ""max_current_raw"": 82.0, ""max_current_slew"": 50.763124483411865, ""mid_disturbance_offset_sec"": 0.0, ""no_set_current_mode"": false, ""predict_horizon_sec"": 0.0018301318272355694, ""pulse_current_raw_max"": 12.0, ""pulse_current_raw_min"": 4.0, ""pulse_duration_max"": 0.6, ""pulse_duration_min"": 0.15, ""q_abs_guard_deg"": 35.0, ""qd_lpf_alpha"": 0.05573431316150462, ""rate"": 120.0, ""rbf_center_max"": 3.2, ""rbf_center_min"": -3.2, ""rbf_nodes"": 11.0, ""rbf_width"": 0.621997465357375, ""ref_jump_deg_max"": 8.0, ""ref_jump_deg_min"": 2.0, ""ref_jump_duration_max"": 0.6, ""ref_jump_duration_min"": 0.15, ""reference_shape"": ""sine"", ""reset_zeta_after_motion"": false, ""reset_zeta_on_segment"": false, ""restore_mode"": false, ""sigma_mod"": 0.2302925417017699, ""sine_center_mode"": ""lock"", ""soft_start_sec"": 0.5, ""step_absolute_target_deg"": null, ""step_absolute_target_rad"": null, ""step_delta_deg"": 40.0, ""step_ramp_sec"": 1.0, ""step_segment_sec"": 1.5, ""step_sequence_deg"": """", ""step_shape"": ""smoothstep"", ""step_start_sec"": 0.0, ""tail_err_full_deg"": 4.0, ""tail_err_thresh_deg"": 1.5, ""tail_kd"": 0.03937677865175144, ""tail_kp"": 0.0, ""tail_max_control_boost"": 0.0, ""tail_u_max"": 0.0, ""torque_to_current"": 210.0, ""zeta0"": 0.885692967, ""zeta_leak"": 0.06285180427898425, ""zeta_reset_delay_sec"": 0.0, ""zeta_reset_value"": null, ""zeta_soft"": 0.8940526156647582}"
95,1,1.0,1000018.6786105282,1200.0,9.991769999999999,8.96061649556738,10.404708024391496,16.605215333945573,29.867861052826363,0.6544382244342599,0.0,0.0808136797752809,0.9690907311777996,0.8964711956,0.8856925596,0.8964711956,0.010778635999999953,0.0010778228575,0.00024161820499999894,0.1032375945,0.0,0.0,0.0,0.0,0.0,0.0,0.0,0.0,0.0,0.0,0.0,0.0,0.0,0.0,0.0,0.0,9.094886298499343,16.04776232535808,17.88826515359489,0.0,0,11.284955029999765,/tmp/nussbaum_sine_3hz_struct_runs/optuna_t0095_r01.csv,,"{""alpha"": 9.382534853733745, ""amplitude_deg"": 10.0, ""baudrate"": 1000000.0, ""command_sign"": -1.0, ""control_output_scale"": 1.0, ""current_bias_raw"": -1.5039294475801008, ""current_limit_raw"": 0.0, ""default_mode"": 3.0, ""device"": ""/dev/ttyAMA0"", ""disable_anti_windup"": false, ""disable_freeze_nn_on_saturation"": false, ""disable_freeze_zeta_on_saturation"": false, ""disturb_interval_sec"": 30.0, ""disturb_jitter_sec"": 3.0, ""disturb_mode"": ""mixed"", ""disturb_seed"": -1.0, ""disturbance_placement"": ""mid_move"", ""duration"": 10.0, ""dxl_id"": 6.0, ""enable_disturbance"": false, ""frequency_hz"": 3.0, ""fric_coulomb"": 0.008111804622586498, ""fric_vel_scale"": 0.6330618672833696, ""gamma_adapt"": 17.408952753802424, ""gamma_link"": 0.8440564682001445, ""integral_limit"": 1.6504936083, ""k_delta"": 0.10184177535343586, ""max_abs_e_dot"": 10.0, ""max_control"": 0.1504613358875455, ""max_current_raw"": 89.0, ""max_current_slew"": 166.73009182119705, ""mid_disturbance_offset_sec"": 0.0, ""no_set_current_mode"": false, ""predict_horizon_sec"": 0.004023574191994507, ""pulse_current_raw_max"": 12.0, ""pulse_current_raw_min"": 4.0, ""pulse_duration_max"": 0.6, ""pulse_duration_min"": 0.15, ""q_abs_guard_deg"": 35.0, ""qd_lpf_alpha"": 0.07901445229939881, ""rate"": 120.0, ""rbf_center_max"": 3.2, ""rbf_center_min"": -3.2, ""rbf_nodes"": 11.0, ""rbf_width"": 1.7182714624690087, ""ref_jump_deg_max"": 8.0, ""ref_jump_deg_min"": 2.0, ""ref_jump_duration_max"": 0.6, ""ref_jump_duration_min"": 0.15, ""reference_shape"": ""sine"", ""reset_zeta_after_motion"": false, ""reset_zeta_on_segment"": false, ""restore_mode"": false, ""sigma_mod"": 0.17994631150728949, ""sine_center_mode"": ""lock"", ""soft_start_sec"": 0.5, ""step_absolute_target_deg"": null, ""step_absolute_target_rad"": null, ""step_delta_deg"": 40.0, ""step_ramp_sec"": 1.0, ""step_segment_sec"": 1.5, ""step_sequence_deg"": """", ""step_shape"": ""smoothstep"", ""step_start_sec"": 0.0, ""tail_err_full_deg"": 4.0, ""tail_err_thresh_deg"": 1.5, ""tail_kd"": 0.056550324730455584, ""tail_kp"": 0.0, ""tail_max_control_boost"": 0.0, ""tail_u_max"": 0.0, ""torque_to_current"": 210.0, ""zeta0"": 0.885692967, ""zeta_leak"": 0.07092127501774359, ""zeta_reset_delay_sec"": 0.0, ""zeta_reset_value"": null, ""zeta_soft"": 0.8850035959682286}"
96,1,1.0,1000109.1881435394,1200.0,9.991747,7.629404011230424,8.687075033727735,13.760649926686744,18.696336185687223,0.44081185646063153,0.0,0.047294672995780586,0.9746871685064501,0.9171315723,0.8856876963,0.9171315723,0.03144387599999998,0.003143860526583333,0.0,1.9073937395,0.0,0.0,0.0,0.0,0.0,0.0,0.0,0.0,0.0,0.0,0.0,0.0,0.0,0.0,0.0,0.0,7.494804026047767,14.020738134101649,14.41794766875411,0.0,0,11.125168511999618,/tmp/nussbaum_sine_3hz_struct_runs/optuna_t0096_r01.csv,,"{""alpha"": 22.5951707397127, ""amplitude_deg"": 10.0, ""baudrate"": 1000000.0, ""command_sign"": -1.0, ""control_output_scale"": 1.0, ""current_bias_raw"": -1.9086037951687644, ""current_limit_raw"": 0.0, ""default_mode"": 3.0, ""device"": ""/dev/ttyAMA0"", ""disable_anti_windup"": false, ""disable_freeze_nn_on_saturation"": false, ""disable_freeze_zeta_on_saturation"": false, ""disturb_interval_sec"": 30.0, ""disturb_jitter_sec"": 3.0, ""disturb_mode"": ""mixed"", ""disturb_seed"": -1.0, ""disturbance_placement"": ""mid_move"", ""duration"": 10.0, ""dxl_id"": 6.0, ""enable_disturbance"": false, ""frequency_hz"": 3.0, ""fric_coulomb"": 0.006805087420429972, ""fric_vel_scale"": 0.9657915100843231, ""gamma_adapt"": 5.198440681310947, ""gamma_link"": 1.083958189047106, ""integral_limit"": 1.6504936083, ""k_delta"": 0.0952275990084337, ""max_abs_e_dot"": 10.0, ""max_control"": 0.2972208532516446, ""max_current_raw"": 79.0, ""max_current_slew"": 83.95894067706581, ""mid_disturbance_offset_sec"": 0.0, ""no_set_current_mode"": false, ""predict_horizon_sec"": 0.001796662212242985, ""pulse_current_raw_max"": 12.0, ""pulse_current_raw_min"": 4.0, ""pulse_duration_max"": 0.6, ""pulse_duration_min"": 0.15, ""q_abs_guard_deg"": 35.0, ""qd_lpf_alpha"": 0.07333787004980949, ""rate"": 120.0, ""rbf_center_max"": 3.2, ""rbf_center_min"": -3.2, ""rbf_nodes"": 11.0, ""rbf_width"": 1.7900296536932143, ""ref_jump_deg_max"": 8.0, ""ref_jump_deg_min"": 2.0, ""ref_jump_duration_max"": 0.6, ""ref_jump_duration_min"": 0.15, ""reference_shape"": ""sine"", ""reset_zeta_after_motion"": false, ""reset_zeta_on_segment"": false, ""restore_mode"": false, ""sigma_mod"": 0.20339596422500425, ""sine_center_mode"": ""lock"", ""soft_start_sec"": 0.5, ""step_absolute_target_deg"": null, ""step_absolute_target_rad"": null, ""step_delta_deg"": 40.0, ""step_ramp_sec"": 1.0, ""step_segment_sec"": 1.5, ""step_sequence_deg"": """", ""step_shape"": ""smoothstep"", ""step_start_sec"": 0.0, ""tail_err_full_deg"": 4.0, ""tail_err_thresh_deg"": 1.5, ""tail_kd"": 0.047017276384854645, ""tail_kp"": 0.0, ""tail_max_control_boost"": 0.0, ""tail_u_max"": 0.0, ""torque_to_current"": 210.0, ""zeta0"": 0.885692967, ""zeta_leak"": 0.037483647421035826, ""zeta_reset_delay_sec"": 0.0, ""zeta_reset_value"": null, ""zeta_soft"": 0.8687908491891804}"
97,1,1.0,1000002.3863667303,1200.0,9.991760000000001,6.876627046455029,8.05780463106287,13.290441844135987,22.493289145953963,0.5476136332697015,0.0,0.07491140740740741,0.9182689096324405,1.0410276387,0.885675832,1.0410276387,0.15535180669999993,0.015533467169666665,0.12297948491999998,1.0793769441,0.0,0.0,0.0,0.0,0.0,0.0,0.0,0.0,0.0,0.0,0.0,0.0,0.0,0.0,0.0,0.0,6.492993886151628,11.814070300167634,12.198175081104507,0.0,0,11.19948849299999,/tmp/nussbaum_sine_3hz_struct_runs/optuna_t0097_r01.csv,,"{""alpha"": 13.471926225504413, ""amplitude_deg"": 10.0, ""baudrate"": 1000000.0, ""command_sign"": -1.0, ""control_output_scale"": 1.0, ""current_bias_raw"": -2.180334006387777, ""current_limit_raw"": 0.0, ""default_mode"": 3.0, ""device"": ""/dev/ttyAMA0"", ""disable_anti_windup"": false, ""disable_freeze_nn_on_saturation"": false, ""disable_freeze_zeta_on_saturation"": false, ""disturb_interval_sec"": 30.0, ""disturb_jitter_sec"": 3.0, ""disturb_mode"": ""mixed"", ""disturb_seed"": -1.0, ""disturbance_placement"": ""mid_move"", ""duration"": 10.0, ""dxl_id"": 6.0, ""enable_disturbance"": false, ""frequency_hz"": 3.0, ""fric_coulomb"": 0.013498263422324859, ""fric_vel_scale"": 0.7526894145657343, ""gamma_adapt"": 5.0878233546617775, ""gamma_link"": 1.012223352434703, ""integral_limit"": 1.6504936083, ""k_delta"": 0.18015474054199265, ""max_abs_e_dot"": 10.0, ""max_control"": 0.23008093024440787, ""max_current_raw"": 45.0, ""max_current_slew"": 53.377143543035054, ""mid_disturbance_offset_sec"": 0.0, ""no_set_current_mode"": false, ""predict_horizon_sec"": 0.0038709642771826923, ""pulse_current_raw_max"": 12.0, ""pulse_current_raw_min"": 4.0, ""pulse_duration_max"": 0.6, ""pulse_duration_min"": 0.15, ""q_abs_guard_deg"": 35.0, ""qd_lpf_alpha"": 0.025044441078566702, ""rate"": 120.0, ""rbf_center_max"": 3.2, ""rbf_center_min"": -3.2, ""rbf_nodes"": 11.0, ""rbf_width"": 1.2155545041460314, ""ref_jump_deg_max"": 8.0, ""ref_jump_deg_min"": 2.0, ""ref_jump_duration_max"": 0.6, ""ref_jump_duration_min"": 0.15, ""reference_shape"": ""sine"", ""reset_zeta_after_motion"": false, ""reset_zeta_on_segment"": false, ""restore_mode"": false, ""sigma_mod"": 0.26804783362539863, ""sine_center_mode"": ""lock"", ""soft_start_sec"": 0.5, ""step_absolute_target_deg"": null, ""step_absolute_target_rad"": null, ""step_delta_deg"": 40.0, ""step_ramp_sec"": 1.0, ""step_segment_sec"": 1.5, ""step_sequence_deg"": """", ""step_shape"": ""smoothstep"", ""step_start_sec"": 0.0, ""tail_err_full_deg"": 4.0, ""tail_err_thresh_deg"": 1.5, ""tail_kd"": 0.05349259734491431, ""tail_kp"": 0.0, ""tail_max_control_boost"": 0.0, ""tail_u_max"": 0.0, ""torque_to_current"": 210.0, ""zeta0"": 0.885692967, ""zeta_leak"": 0.04289592476032668, ""zeta_reset_delay_sec"": 0.0, ""zeta_reset_value"": null, ""zeta_soft"": 0.8377584284388552}"
98,1,0.0,1000000.0,0.0,0.0,inf,inf,inf,inf,0.0,1.0,1.0,0.0,0.0,0.0,0.0,0.0,0.0,0.0,0.0,0.0,0.0,0.0,0.0,0.0,0.0,0.0,0.0,0.0,0.0,0.0,0.0,0.0,0.0,0.0,0.0,inf,inf,inf,1.0,1,4.236732718999519,/tmp/nussbaum_sine_3hz_struct_runs/optuna_t0098_r01.csv,[DBG] t=   2.00s e=  5.22deg u=-0.0622 u_aux=-0.1252 u_rob=-0.0000 u_fric= 0.0061 ta=1.00 cmd=  -1.10 slewB=1.00 raw q= 134.56deg | [DBG] t=   3.00s e= 33.97deg u= 0.2512 u_aux=-0.1508 u_rob=-0.0000 u_fric= 0.0061 ta=1.00 cmd= -18.65 slewB=1.00 raw q= 105.91deg | [ERROR] q guard hit: |q-q_center|=35.33 deg > 35.00,"{""alpha"": 17.642672432464835, ""amplitude_deg"": 10.0, ""baudrate"": 1000000.0, ""command_sign"": -1.0, ""control_output_scale"": 1.0, ""current_bias_raw"": -0.5961930659972798, ""current_limit_raw"": 0.0, ""default_mode"": 3.0, ""device"": ""/dev/ttyAMA0"", ""disable_anti_windup"": false, ""disable_freeze_nn_on_saturation"": false, ""disable_freeze_zeta_on_saturation"": false, ""disturb_interval_sec"": 30.0, ""disturb_jitter_sec"": 3.0, ""disturb_mode"": ""mixed"", ""disturb_seed"": -1.0, ""disturbance_placement"": ""mid_move"", ""duration"": 10.0, ""dxl_id"": 6.0, ""enable_disturbance"": false, ""frequency_hz"": 3.0, ""fric_coulomb"": 0.006122233972336713, ""fric_vel_scale"": 0.9106701045578279, ""gamma_adapt"": 8.608002078455494, ""gamma_link"": 1.1022124845308452, ""integral_limit"": 1.6504936083, ""k_delta"": 0.08990253033761528, ""max_abs_e_dot"": 10.0, ""max_control"": 0.25121036231707544, ""max_current_raw"": 84.0, ""max_current_slew"": 75.94827039734092, ""mid_disturbance_offset_sec"": 0.0, ""no_set_current_mode"": false, ""predict_horizon_sec"": 0.0024829855146420955, ""pulse_current_raw_max"": 12.0, ""pulse_current_raw_min"": 4.0, ""pulse_duration_max"": 0.6, ""pulse_duration_min"": 0.15, ""q_abs_guard_deg"": 35.0, ""qd_lpf_alpha"": 0.07872091589280561, ""rate"": 120.0, ""rbf_center_max"": 3.2, ""rbf_center_min"": -3.2, ""rbf_nodes"": 11.0, ""rbf_width"": 0.8499636615181989, ""ref_jump_deg_max"": 8.0, ""ref_jump_deg_min"": 2.0, ""ref_jump_duration_max"": 0.6, ""ref_jump_duration_min"": 0.15, ""reference_shape"": ""sine"", ""reset_zeta_after_motion"": false, ""reset_zeta_on_segment"": false, ""restore_mode"": false, ""sigma_mod"": 0.25150042846185783, ""sine_center_mode"": ""lock"", ""soft_start_sec"": 0.5, ""step_absolute_target_deg"": null, ""step_absolute_target_rad"": null, ""step_delta_deg"": 40.0, ""step_ramp_sec"": 1.0, ""step_segment_sec"": 1.5, ""step_sequence_deg"": """", ""step_shape"": ""smoothstep"", ""step_start_sec"": 0.0, ""tail_err_full_deg"": 4.0, ""tail_err_thresh_deg"": 1.5, ""tail_kd"": 0.03686574893891019, ""tail_kp"": 0.0, ""tail_max_control_boost"": 0.0, ""tail_u_max"": 0.0, ""torque_to_current"": 210.0, ""zeta0"": 0.885692967, ""zeta_leak"": 0.0636535106573453, ""zeta_reset_delay_sec"": 0.0, ""zeta_reset_value"": null, ""zeta_soft"": 1.0538680076918792}"
99,1,0.0,1000000.0,0.0,0.0,inf,inf,inf,inf,0.0,1.0,1.0,0.0,0.0,0.0,0.0,0.0,0.0,0.0,0.0,0.0,0.0,0.0,0.0,0.0,0.0,0.0,0.0,0.0,0.0,0.0,0.0,0.0,0.0,0.0,0.0,inf,inf,inf,1.0,1,5.046734923000258,/tmp/nussbaum_sine_3hz_struct_runs/optuna_t0099_r01.csv,[DBG] t=   2.00s e=-10.18deg u= 0.2908 u_aux=-0.0102 u_rob=-0.0000 u_fric= 0.0113 ta=1.00 cmd=   8.74 slewB=1.00 raw q= 149.24deg | [DBG] t=   3.00s e=-16.42deg u= 0.2908 u_aux=-0.0101 u_rob=-0.0000 u_fric= 0.0113 ta=1.00 cmd=  13.08 slewB=1.00 raw q= 155.48deg | [ERROR] q guard hit: |q-q_center|=35.24 deg > 35.00,"{""alpha"": 23.04564797370709, ""amplitude_deg"": 10.0, ""baudrate"": 1000000.0, ""command_sign"": -1.0, ""control_output_scale"": 1.0, ""current_bias_raw"": 0.6662148050850583, ""current_limit_raw"": 0.0, ""default_mode"": 3.0, ""device"": ""/dev/ttyAMA0"", ""disable_anti_windup"": false, ""disable_freeze_nn_on_saturation"": false, ""disable_freeze_zeta_on_saturation"": false, ""disturb_interval_sec"": 30.0, ""disturb_jitter_sec"": 3.0, ""disturb_mode"": ""mixed"", ""disturb_seed"": -1.0, ""disturbance_placement"": ""mid_move"", ""duration"": 10.0, ""dxl_id"": 6.0, ""enable_disturbance"": false, ""frequency_hz"": 3.0, ""fric_coulomb"": 0.011267622234609363, ""fric_vel_scale"": 0.6731857217554994, ""gamma_adapt"": 21.28412196356227, ""gamma_link"": 0.9582103000774984, ""integral_limit"": 1.6504936083, ""k_delta"": 0.13972928128457207, ""max_abs_e_dot"": 10.0, ""max_control"": 0.2907757725568532, ""max_current_raw"": 53.0, ""max_current_slew"": 86.78205657827009, ""mid_disturbance_offset_sec"": 0.0, ""no_set_current_mode"": false, ""predict_horizon_sec"": 0.00053665353369868, ""pulse_current_raw_max"": 12.0, ""pulse_current_raw_min"": 4.0, ""pulse_duration_max"": 0.6, ""pulse_duration_min"": 0.15, ""q_abs_guard_deg"": 35.0, ""qd_lpf_alpha"": 0.07187347560149118, ""rate"": 120.0, ""rbf_center_max"": 3.2, ""rbf_center_min"": -3.2, ""rbf_nodes"": 11.0, ""rbf_width"": 0.9604765224045153, ""ref_jump_deg_max"": 8.0, ""ref_jump_deg_min"": 2.0, ""ref_jump_duration_max"": 0.6, ""ref_jump_duration_min"": 0.15, ""reference_shape"": ""sine"", ""reset_zeta_after_motion"": false, ""reset_zeta_on_segment"": false, ""restore_mode"": false, ""sigma_mod"": 0.23246214366462822, ""sine_center_mode"": ""lock"", ""soft_start_sec"": 0.5, ""step_absolute_target_deg"": null, ""step_absolute_target_rad"": null, ""step_delta_deg"": 40.0, ""step_ramp_sec"": 1.0, ""step_segment_sec"": 1.5, ""step_sequence_deg"": """", ""step_shape"": ""smoothstep"", ""step_start_sec"": 0.0, ""tail_err_full_deg"": 4.0, ""tail_err_thresh_deg"": 1.5, ""tail_kd"": 0.003207773579945474, ""tail_kp"": 0.0, ""tail_max_control_boost"": 0.0, ""tail_u_max"": 0.0, ""torque_to_current"": 210.0, ""zeta0"": 0.885692967, ""zeta_leak"": 0.046902728767773155, ""zeta_reset_delay_sec"": 0.0, ""zeta_reset_value"": null, ""zeta_soft"": 0.8745527229480662}"
100,1,1.0,1000109.189635543,1200.0,9.991744,7.755672004828106,8.856659324601935,12.921420691672031,22.828220488754773,0.4408103644569723,0.0,0.08638503703703702,0.9095364368484171,1.0025912273,0.8856929769,1.0025912273,0.1168982503999999,0.011689826027083334,0.09823852876999999,0.3095206683,0.0,0.0,0.0,0.0,0.0,0.0,0.0,0.0,0.0,0.0,0.0,0.0,0.0,0.0,0.0,0.0,7.728539599367264,12.27748092316373,12.980416213223249,0.0,0,11.231311716000164,/tmp/nussbaum_sine_3hz_struct_runs/optuna_t0100_r01.csv,,"{""alpha"": 3.1115475377980886, ""amplitude_deg"": 10.0, ""baudrate"": 1000000.0, ""command_sign"": -1.0, ""control_output_scale"": 1.0, ""current_bias_raw"": -1.0603174054783142, ""current_limit_raw"": 0.0, ""default_mode"": 3.0, ""device"": ""/dev/ttyAMA0"", ""disable_anti_windup"": false, ""disable_freeze_nn_on_saturation"": false, ""disable_freeze_zeta_on_saturation"": false, ""disturb_interval_sec"": 30.0, ""disturb_jitter_sec"": 3.0, ""disturb_mode"": ""mixed"", ""disturb_seed"": -1.0, ""disturbance_placement"": ""mid_move"", ""duration"": 10.0, ""dxl_id"": 6.0, ""enable_disturbance"": false, ""frequency_hz"": 3.0, ""fric_coulomb"": 0.012847646790008627, ""fric_vel_scale"": 0.7457557953628539, ""gamma_adapt"": 14.959395698929303, ""gamma_link"": 0.8005052971092885, ""integral_limit"": 1.6504936083, ""k_delta"": 0.19767645751129181, ""max_abs_e_dot"": 10.0, ""max_control"": 0.13126700648568718, ""max_current_raw"": 45.0, ""max_current_slew"": 89.5645407865038, ""mid_disturbance_offset_sec"": 0.0, ""no_set_current_mode"": false, ""predict_horizon_sec"": 0.0015794950628971384, ""pulse_current_raw_max"": 12.0, ""pulse_current_raw_min"": 4.0, ""pulse_duration_max"": 0.6, ""pulse_duration_min"": 0.15, ""q_abs_guard_deg"": 35.0, ""qd_lpf_alpha"": 0.05553923012123475, ""rate"": 120.0, ""rbf_center_max"": 3.2, ""rbf_center_min"": -3.2, ""rbf_nodes"": 11.0, ""rbf_width"": 1.3347682354039538, ""ref_jump_deg_max"": 8.0, ""ref_jump_deg_min"": 2.0, ""ref_jump_duration_max"": 0.6, ""ref_jump_duration_min"": 0.15, ""reference_shape"": ""sine"", ""reset_zeta_after_motion"": false, ""reset_zeta_on_segment"": false, ""restore_mode"": false, ""sigma_mod"": 0.3482566882710564, ""sine_center_mode"": ""lock"", ""soft_start_sec"": 0.5, ""step_absolute_target_deg"": null, ""step_absolute_target_rad"": null, ""step_delta_deg"": 40.0, ""step_ramp_sec"": 1.0, ""step_segment_sec"": 1.5, ""step_sequence_deg"": """", ""step_shape"": ""smoothstep"", ""step_start_sec"": 0.0, ""tail_err_full_deg"": 4.0, ""tail_err_thresh_deg"": 1.5, ""tail_kd"": 0.023761720965368577, ""tail_kp"": 0.0, ""tail_max_control_boost"": 0.0, ""tail_u_max"": 0.0, ""torque_to_current"": 210.0, ""zeta0"": 0.885692967, ""zeta_leak"": 0.06849357440037465, ""zeta_reset_delay_sec"": 0.0, ""zeta_reset_value"": null, ""zeta_soft"": 0.8863571996583113}"
101,1,0.0,1000000.0,0.0,0.0,inf,inf,inf,inf,0.0,1.0,1.0,0.0,0.0,0.0,0.0,0.0,0.0,0.0,0.0,0.0,0.0,0.0,0.0,0.0,0.0,0.0,0.0,0.0,0.0,0.0,0.0,0.0,0.0,0.0,0.0,inf,inf,inf,1.0,1,5.390757608000058,/tmp/nussbaum_sine_3hz_struct_runs/optuna_t0101_r01.csv,[DBG] t=   3.00s e=  1.87deg u=-0.0982 u_aux=-0.2048 u_rob=-0.0000 u_fric= 0.0055 ta=0.06 cmd=   1.83 slewB=1.00 raw q= 138.34deg | [DBG] t=   4.00s e= 23.95deg u= 0.2521 u_aux=-0.2331 u_rob=-0.0000 u_fric= 0.0055 ta=1.00 cmd= -13.81 slewB=1.00 raw q= 115.84deg | [ERROR] q guard hit: |q-q_center|=35.51 deg > 35.00,"{""alpha"": 16.099245950294076, ""amplitude_deg"": 10.0, ""baudrate"": 1000000.0, ""command_sign"": -1.0, ""control_output_scale"": 1.0, ""current_bias_raw"": -1.0740399811959094, ""current_limit_raw"": 0.0, ""default_mode"": 3.0, ""device"": ""/dev/ttyAMA0"", ""disable_anti_windup"": false, ""disable_freeze_nn_on_saturation"": false, ""disable_freeze_zeta_on_saturation"": false, ""disturb_interval_sec"": 30.0, ""disturb_jitter_sec"": 3.0, ""disturb_mode"": ""mixed"", ""disturb_seed"": -1.0, ""disturbance_placement"": ""mid_move"", ""duration"": 10.0, ""dxl_id"": 6.0, ""enable_disturbance"": false, ""frequency_hz"": 3.0, ""fric_coulomb"": 0.005462450764145614, ""fric_vel_scale"": 0.5036089420338401, ""gamma_adapt"": 14.459551451701026, ""gamma_link"": 0.9851499263042794, ""integral_limit"": 1.6504936083, ""k_delta"": 0.08293121669872999, ""max_abs_e_dot"": 10.0, ""max_control"": 0.2520896117467285, ""max_current_raw"": 55.0, ""max_current_slew"": 70.42058313176466, ""mid_disturbance_offset_sec"": 0.0, ""no_set_current_mode"": false, ""predict_horizon_sec"": 0.0031813280056545608, ""pulse_current_raw_max"": 12.0, ""pulse_current_raw_min"": 4.0, ""pulse_duration_max"": 0.6, ""pulse_duration_min"": 0.15, ""q_abs_guard_deg"": 35.0, ""qd_lpf_alpha"": 0.06113481270588561, ""rate"": 120.0, ""rbf_center_max"": 3.2, ""rbf_center_min"": -3.2, ""rbf_nodes"": 11.0, ""rbf_width"": 1.0751815747872715, ""ref_jump_deg_max"": 8.0, ""ref_jump_deg_min"": 2.0, ""ref_jump_duration_max"": 0.6, ""ref_jump_duration_min"": 0.15, ""reference_shape"": ""sine"", ""reset_zeta_after_motion"": false, ""reset_zeta_on_segment"": false, ""restore_mode"": false, ""sigma_mod"": 0.1925318612624885, ""sine_center_mode"": ""lock"", ""soft_start_sec"": 0.5, ""step_absolute_target_deg"": null, ""step_absolute_target_rad"": null, ""step_delta_deg"": 40.0, ""step_ramp_sec"": 1.0, ""step_segment_sec"": 1.5, ""step_sequence_deg"": """", ""step_shape"": ""smoothstep"", ""step_start_sec"": 0.0, ""tail_err_full_deg"": 4.0, ""tail_err_thresh_deg"": 1.5, ""tail_kd"": 0.06168648592357537, ""tail_kp"": 0.0, ""tail_max_control_boost"": 0.0, ""tail_u_max"": 0.0, ""torque_to_current"": 210.0, ""zeta0"": 0.885692967, ""zeta_leak"": 0.018196548806593715, ""zeta_reset_delay_sec"": 0.0, ""zeta_reset_value"": null, ""zeta_soft"": 0.9449695425181355}"
102,1,0.0,1000000.0,0.0,0.0,inf,inf,inf,inf,0.0,1.0,1.0,0.0,0.0,0.0,0.0,0.0,0.0,0.0,0.0,0.0,0.0,0.0,0.0,0.0,0.0,0.0,0.0,0.0,0.0,0.0,0.0,0.0,0.0,0.0,0.0,inf,inf,inf,1.0,1,10.814261215999977,/tmp/nussbaum_sine_3hz_struct_runs/optuna_t0102_r01.csv,[DBG] t=   8.00s e=  0.53deg u=-0.2173 u_aux=-0.2291 u_rob=-0.0000 u_fric= 0.0100 ta=0.00 cmd=   0.28 slewB=1.00 raw q= 138.52deg | [DBG] t=   9.00s e=  1.03deg u=-0.1398 u_aux=-0.2304 u_rob=-0.0000 u_fric= 0.0100 ta=0.00 cmd=   1.90 slewB=1.00 raw q= 138.08deg | [ERROR] q guard hit: |q-q_center|=35.77 deg > 35.00,"{""alpha"": 23.01409130409774, ""amplitude_deg"": 10.0, ""baudrate"": 1000000.0, ""command_sign"": -1.0, ""control_output_scale"": 1.0, ""current_bias_raw"": -1.949783977162526, ""current_limit_raw"": 0.0, ""default_mode"": 3.0, ""device"": ""/dev/ttyAMA0"", ""disable_anti_windup"": false, ""disable_freeze_nn_on_saturation"": false, ""disable_freeze_zeta_on_saturation"": false, ""disturb_interval_sec"": 30.0, ""disturb_jitter_sec"": 3.0, ""disturb_mode"": ""mixed"", ""disturb_seed"": -1.0, ""disturbance_placement"": ""mid_move"", ""duration"": 10.0, ""dxl_id"": 6.0, ""enable_disturbance"": false, ""frequency_hz"": 3.0, ""fric_coulomb"": 0.01005832669178023, ""fric_vel_scale"": 0.8810776054307411, ""gamma_adapt"": 17.284806993358487, ""gamma_link"": 1.0271363138855731, ""integral_limit"": 1.6504936083, ""k_delta"": 0.10564680182508336, ""max_abs_e_dot"": 10.0, ""max_control"": 0.21733910313886784, ""max_current_raw"": 63.0, ""max_current_slew"": 168.38714435426658, ""mid_disturbance_offset_sec"": 0.0, ""no_set_current_mode"": false, ""predict_horizon_sec"": 0.004175245475068221, ""pulse_current_raw_max"": 12.0, ""pulse_current_raw_min"": 4.0, ""pulse_duration_max"": 0.6, ""pulse_duration_min"": 0.15, ""q_abs_guard_deg"": 35.0, ""qd_lpf_alpha"": 0.03622080371599019, ""rate"": 120.0, ""rbf_center_max"": 3.2, ""rbf_center_min"": -3.2, ""rbf_nodes"": 11.0, ""rbf_width"": 1.1811074051539778, ""ref_jump_deg_max"": 8.0, ""ref_jump_deg_min"": 2.0, ""ref_jump_duration_max"": 0.6, ""ref_jump_duration_min"": 0.15, ""reference_shape"": ""sine"", ""reset_zeta_after_motion"": false, ""reset_zeta_on_segment"": false, ""restore_mode"": false, ""sigma_mod"": 0.1506805926154009, ""sine_center_mode"": ""lock"", ""soft_start_sec"": 0.5, ""step_absolute_target_deg"": null, ""step_absolute_target_rad"": null, ""step_delta_deg"": 40.0, ""step_ramp_sec"": 1.0, ""step_segment_sec"": 1.5, ""step_sequence_deg"": """", ""step_shape"": ""smoothstep"", ""step_start_sec"": 0.0, ""tail_err_full_deg"": 4.0, ""tail_err_thresh_deg"": 1.5, ""tail_kd"": 0.07082840227395953, ""tail_kp"": 0.0, ""tail_max_control_boost"": 0.0, ""tail_u_max"": 0.0, ""torque_to_current"": 210.0, ""zeta0"": 0.885692967, ""zeta_leak"": 0.054359922426198824, ""zeta_reset_delay_sec"": 0.0, ""zeta_reset_value"": null, ""zeta_soft"": 0.8978975866897494}"
103,1,0.0,1000000.0,0.0,0.0,inf,inf,inf,inf,0.0,1.0,1.0,0.0,0.0,0.0,0.0,0.0,0.0,0.0,0.0,0.0,0.0,0.0,0.0,0.0,0.0,0.0,0.0,0.0,0.0,0.0,0.0,0.0,0.0,0.0,0.0,inf,inf,inf,1.0,1,3.9327549229992655,/tmp/nussbaum_sine_3hz_struct_runs/optuna_t0103_r01.csv,[DBG] t=   1.00s e=  1.98deg u=-0.2910 u_aux=-0.0339 u_rob=-0.0000 u_fric= 0.0085 ta=0.10 cmd=   1.15 slewB=1.00 raw q= 137.20deg | [DBG] t=   2.02s e= 15.99deg u= 0.2910 u_aux=-0.0388 u_rob=-0.0000 u_fric= 0.0085 ta=1.00 cmd=  -6.37 slewB=1.00 raw q= 126.12deg | [ERROR] q guard hit: |q-q_center|=35.24 deg > 35.00,"{""alpha"": 21.568483595877016, ""amplitude_deg"": 10.0, ""baudrate"": 1000000.0, ""command_sign"": -1.0, ""control_output_scale"": 1.0, ""current_bias_raw"": 0.4914644316824252, ""current_limit_raw"": 0.0, ""default_mode"": 3.0, ""device"": ""/dev/ttyAMA0"", ""disable_anti_windup"": false, ""disable_freeze_nn_on_saturation"": false, ""disable_freeze_zeta_on_saturation"": false, ""disturb_interval_sec"": 30.0, ""disturb_jitter_sec"": 3.0, ""disturb_mode"": ""mixed"", ""disturb_seed"": -1.0, ""disturbance_placement"": ""mid_move"", ""duration"": 10.0, ""dxl_id"": 6.0, ""enable_disturbance"": false, ""frequency_hz"": 3.0, ""fric_coulomb"": 0.00854574100484529, ""fric_vel_scale"": 0.9889517506064308, ""gamma_adapt"": 19.79997945144851, ""gamma_link"": 1.0645159786101375, ""integral_limit"": 1.6504936083, ""k_delta"": 0.15794282964327286, ""max_abs_e_dot"": 10.0, ""max_control"": 0.2910092809355347, ""max_current_raw"": 58.0, ""max_current_slew"": 65.28621101922678, ""mid_disturbance_offset_sec"": 0.0, ""no_set_current_mode"": false, ""predict_horizon_sec"": 0.0017221858999023109, ""pulse_current_raw_max"": 12.0, ""pulse_current_raw_min"": 4.0, ""pulse_duration_max"": 0.6, ""pulse_duration_min"": 0.15, ""q_abs_guard_deg"": 35.0, ""qd_lpf_alpha"": 0.07452612681342201, ""rate"": 120.0, ""rbf_center_max"": 3.2, ""rbf_center_min"": -3.2, ""rbf_nodes"": 11.0, ""rbf_width"": 1.1459925308244066, ""ref_jump_deg_max"": 8.0, ""ref_jump_deg_min"": 2.0, ""ref_jump_duration_max"": 0.6, ""ref_jump_duration_min"": 0.15, ""reference_shape"": ""sine"", ""reset_zeta_after_motion"": false, ""reset_zeta_on_segment"": false, ""restore_mode"": false, ""sigma_mod"": 0.3051359778261935, ""sine_center_mode"": ""lock"", ""soft_start_sec"": 0.5, ""step_absolute_target_deg"": null, ""step_absolute_target_rad"": null, ""step_delta_deg"": 40.0, ""step_ramp_sec"": 1.0, ""step_segment_sec"": 1.5, ""step_sequence_deg"": """", ""step_shape"": ""smoothstep"", ""step_start_sec"": 0.0, ""tail_err_full_deg"": 4.0, ""tail_err_thresh_deg"": 1.5, ""tail_kd"": 0.010673341798435626, ""tail_kp"": 0.0, ""tail_max_control_boost"": 0.0, ""tail_u_max"": 0.0, ""torque_to_current"": 210.0, ""zeta0"": 0.885692967, ""zeta_leak"": 0.05672132476714369, ""zeta_reset_delay_sec"": 0.0, ""zeta_reset_value"": null, ""zeta_soft"": 0.941972412652812}"
104,1,0.0,1000000.0,0.0,0.0,inf,inf,inf,inf,0.0,1.0,1.0,0.0,0.0,0.0,0.0,0.0,0.0,0.0,0.0,0.0,0.0,0.0,0.0,0.0,0.0,0.0,0.0,0.0,0.0,0.0,0.0,0.0,0.0,0.0,0.0,inf,inf,inf,1.0,1,7.076904274000299,/tmp/nussbaum_sine_3hz_struct_runs/optuna_t0104_r01.csv,[DBG] t=   4.00s e=  1.35deg u=-0.1373 u_aux=-0.2201 u_rob=-0.0000 u_fric= 0.0029 ta=0.00 cmd=   1.99 slewB=1.00 raw q= 137.72deg | [DBG] t=   5.00s e=  1.52deg u=-0.0355 u_aux=-0.2199 u_rob=-0.0000 u_fric= 0.0029 ta=0.00 cmd=   1.99 slewB=1.00 raw q= 137.55deg | [ERROR] q guard hit: |q-q_center|=35.07 deg > 35.00,"{""alpha"": 25.815502418530386, ""amplitude_deg"": 10.0, ""baudrate"": 1000000.0, ""command_sign"": -1.0, ""control_output_scale"": 1.0, ""current_bias_raw"": -1.7097107809907006, ""current_limit_raw"": 0.0, ""default_mode"": 3.0, ""device"": ""/dev/ttyAMA0"", ""disable_anti_windup"": false, ""disable_freeze_nn_on_saturation"": false, ""disable_freeze_zeta_on_saturation"": false, ""disturb_interval_sec"": 30.0, ""disturb_jitter_sec"": 3.0, ""disturb_mode"": ""mixed"", ""disturb_seed"": -1.0, ""disturbance_placement"": ""mid_move"", ""duration"": 10.0, ""dxl_id"": 6.0, ""enable_disturbance"": false, ""frequency_hz"": 3.0, ""fric_coulomb"": 0.0029173434470802567, ""fric_vel_scale"": 0.4835504534053897, ""gamma_adapt"": 20.651876708822083, ""gamma_link"": 1.064186017218786, ""integral_limit"": 1.6504936083, ""k_delta"": 0.09347370851085429, ""max_abs_e_dot"": 10.0, ""max_control"": 0.178014281881135, ""max_current_raw"": 58.0, ""max_current_slew"": 84.81251750060832, ""mid_disturbance_offset_sec"": 0.0, ""no_set_current_mode"": false, ""predict_horizon_sec"": 0.004425053564969162, ""pulse_current_raw_max"": 12.0, ""pulse_current_raw_min"": 4.0, ""pulse_duration_max"": 0.6, ""pulse_duration_min"": 0.15, ""q_abs_guard_deg"": 35.0, ""qd_lpf_alpha"": 0.053651160417759275, ""rate"": 120.0, ""rbf_center_max"": 3.2, ""rbf_center_min"": -3.2, ""rbf_nodes"": 11.0, ""rbf_width"": 0.9319391311531159, ""ref_jump_deg_max"": 8.0, ""ref_jump_deg_min"": 2.0, ""ref_jump_duration_max"": 0.6, ""ref_jump_duration_min"": 0.15, ""reference_shape"": ""sine"", ""reset_zeta_after_motion"": false, ""reset_zeta_on_segment"": false, ""restore_mode"": false, ""sigma_mod"": 0.1379199213403551, ""sine_center_mode"": ""lock"", ""soft_start_sec"": 0.5, ""step_absolute_target_deg"": null, ""step_absolute_target_rad"": null, ""step_delta_deg"": 40.0, ""step_ramp_sec"": 1.0, ""step_segment_sec"": 1.5, ""step_sequence_deg"": """", ""step_shape"": ""smoothstep"", ""step_start_sec"": 0.0, ""tail_err_full_deg"": 4.0, ""tail_err_thresh_deg"": 1.5, ""tail_kd"": 0.06611122099609044, ""tail_kp"": 0.0, ""tail_max_control_boost"": 0.0, ""tail_u_max"": 0.0, ""torque_to_current"": 210.0, ""zeta0"": 0.885692967, ""zeta_leak"": 0.03185802028314538, ""zeta_reset_delay_sec"": 0.0, ""zeta_reset_value"": null, ""zeta_soft"": 0.8773483956150474}"
105,1,0.0,1000000.0,0.0,0.0,inf,inf,inf,inf,0.0,1.0,1.0,0.0,0.0,0.0,0.0,0.0,0.0,0.0,0.0,0.0,0.0,0.0,0.0,0.0,0.0,0.0,0.0,0.0,0.0,0.0,0.0,0.0,0.0,0.0,0.0,inf,inf,inf,1.0,1,2.8691315910000412,/tmp/nussbaum_sine_3hz_struct_runs/optuna_t0105_r01.csv,[DBG] t=   0.00s e=  0.00deg u=-0.0000 u_aux=-0.0000 u_rob=-0.0000 u_fric= 0.0000 ta=0.00 cmd=  -0.50 slewB=1.00 raw q= 138.96deg | [DBG] t=   1.00s e= 14.63deg u=-0.2282 u_aux=-0.1767 u_rob=-0.0000 u_fric= 0.0045 ta=1.00 cmd=  -9.05 slewB=1.00 raw q= 124.54deg | [ERROR] q guard hit: |q-q_center|=35.68 deg > 35.00,"{""alpha"": 10.476317636148298, ""amplitude_deg"": 10.0, ""baudrate"": 1000000.0, ""command_sign"": -1.0, ""control_output_scale"": 1.0, ""current_bias_raw"": -0.5002870384043381, ""current_limit_raw"": 0.0, ""default_mode"": 3.0, ""device"": ""/dev/ttyAMA0"", ""disable_anti_windup"": false, ""disable_freeze_nn_on_saturation"": false, ""disable_freeze_zeta_on_saturation"": false, ""disturb_interval_sec"": 30.0, ""disturb_jitter_sec"": 3.0, ""disturb_mode"": ""mixed"", ""disturb_seed"": -1.0, ""disturbance_placement"": ""mid_move"", ""duration"": 10.0, ""dxl_id"": 6.0, ""enable_disturbance"": false, ""frequency_hz"": 3.0, ""fric_coulomb"": 0.0044911351635526274, ""fric_vel_scale"": 0.738729686229448, ""gamma_adapt"": 6.444315756485956, ""gamma_link"": 1.0870849560447424, ""integral_limit"": 1.6504936083, ""k_delta"": 0.1910036934296971, ""max_abs_e_dot"": 10.0, ""max_control"": 0.2282257847685798, ""max_current_raw"": 61.0, ""max_current_slew"": 225.45588681615712, ""mid_disturbance_offset_sec"": 0.0, ""no_set_current_mode"": false, ""predict_horizon_sec"": 0.004446662583662697, ""pulse_current_raw_max"": 12.0, ""pulse_current_raw_min"": 4.0, ""pulse_duration_max"": 0.6, ""pulse_duration_min"": 0.15, ""q_abs_guard_deg"": 35.0, ""qd_lpf_alpha"": 0.030470351800531745, ""rate"": 120.0, ""rbf_center_max"": 3.2, ""rbf_center_min"": -3.2, ""rbf_nodes"": 11.0, ""rbf_width"": 0.786143571050039, ""ref_jump_deg_max"": 8.0, ""ref_jump_deg_min"": 2.0, ""ref_jump_duration_max"": 0.6, ""ref_jump_duration_min"": 0.15, ""reference_shape"": ""sine"", ""reset_zeta_after_motion"": false, ""reset_zeta_on_segment"": false, ""restore_mode"": false, ""sigma_mod"": 0.0914153359410173, ""sine_center_mode"": ""lock"", ""soft_start_sec"": 0.5, ""step_absolute_target_deg"": null, ""step_absolute_target_rad"": null, ""step_delta_deg"": 40.0, ""step_ramp_sec"": 1.0, ""step_segment_sec"": 1.5, ""step_sequence_deg"": """", ""step_shape"": ""smoothstep"", ""step_start_sec"": 0.0, ""tail_err_full_deg"": 4.0, ""tail_err_thresh_deg"": 1.5, ""tail_kd"": 0.043445643376232815, ""tail_kp"": 0.0, ""tail_max_control_boost"": 0.0, ""tail_u_max"": 0.0, ""torque_to_current"": 210.0, ""zeta0"": 0.885692967, ""zeta_leak"": 0.026371475492516578, ""zeta_reset_delay_sec"": 0.0, ""zeta_reset_value"": null, ""zeta_soft"": 0.8824770933988384}"
106,1,0.0,1000000.0,0.0,0.0,inf,inf,inf,inf,0.0,1.0,1.0,0.0,0.0,0.0,0.0,0.0,0.0,0.0,0.0,0.0,0.0,0.0,0.0,0.0,0.0,0.0,0.0,0.0,0.0,0.0,0.0,0.0,0.0,0.0,0.0,inf,inf,inf,1.0,1,10.24547762400016,/tmp/nussbaum_sine_3hz_struct_runs/optuna_t0106_r01.csv,[DBG] t=   8.00s e=  9.20deg u= 0.2513 u_aux=-0.0914 u_rob=-0.0000 u_fric= 0.0043 ta=1.00 cmd=  -3.94 slewB=1.00 raw q= 130.87deg | [DBG] t=   9.00s e= 34.47deg u= 0.2513 u_aux=-0.1012 u_rob=-0.0000 u_fric= 0.0043 ta=1.00 cmd= -17.25 slewB=1.00 raw q= 105.64deg | [ERROR] q guard hit: |q-q_center|=35.33 deg > 35.00,"{""alpha"": 27.949056396293564, ""amplitude_deg"": 10.0, ""baudrate"": 1000000.0, ""command_sign"": -1.0, ""control_output_scale"": 1.0, ""current_bias_raw"": -1.495282986032643, ""current_limit_raw"": 0.0, ""default_mode"": 3.0, ""device"": ""/dev/ttyAMA0"", ""disable_anti_windup"": false, ""disable_freeze_nn_on_saturation"": false, ""disable_freeze_zeta_on_saturation"": false, ""disturb_interval_sec"": 30.0, ""disturb_jitter_sec"": 3.0, ""disturb_mode"": ""mixed"", ""disturb_seed"": -1.0, ""disturbance_placement"": ""mid_move"", ""duration"": 10.0, ""dxl_id"": 6.0, ""enable_disturbance"": false, ""frequency_hz"": 3.0, ""fric_coulomb"": 0.004328526911288492, ""fric_vel_scale"": 0.8743009526408634, ""gamma_adapt"": 5.334590991294792, ""gamma_link"": 1.0640883888778394, ""integral_limit"": 1.6504936083, ""k_delta"": 0.08479402970141231, ""max_abs_e_dot"": 10.0, ""max_control"": 0.25126412547363286, ""max_current_raw"": 60.0, ""max_current_slew"": 57.02205143067242, ""mid_disturbance_offset_sec"": 0.0, ""no_set_current_mode"": false, ""predict_horizon_sec"": 0.002227489752858461, ""pulse_current_raw_max"": 12.0, ""pulse_current_raw_min"": 4.0, ""pulse_duration_max"": 0.6, ""pulse_duration_min"": 0.15, ""q_abs_guard_deg"": 35.0, ""qd_lpf_alpha"": 0.06724263490385429, ""rate"": 120.0, ""rbf_center_max"": 3.2, ""rbf_center_min"": -3.2, ""rbf_nodes"": 11.0, ""rbf_width"": 1.1917525586491273, ""ref_jump_deg_max"": 8.0, ""ref_jump_deg_min"": 2.0, ""ref_jump_duration_max"": 0.6, ""ref_jump_duration_min"": 0.15, ""reference_shape"": ""sine"", ""reset_zeta_after_motion"": false, ""reset_zeta_on_segment"": false, ""restore_mode"": false, ""sigma_mod"": 0.30586404397144684, ""sine_center_mode"": ""lock"", ""soft_start_sec"": 0.5, ""step_absolute_target_deg"": null, ""step_absolute_target_rad"": null, ""step_delta_deg"": 40.0, ""step_ramp_sec"": 1.0, ""step_segment_sec"": 1.5, ""step_sequence_deg"": """", ""step_shape"": ""smoothstep"", ""step_start_sec"": 0.0, ""tail_err_full_deg"": 4.0, ""tail_err_thresh_deg"": 1.5, ""tail_kd"": 0.02558151524905814, ""tail_kp"": 0.0, ""tail_max_control_boost"": 0.0, ""tail_u_max"": 0.0, ""torque_to_current"": 210.0, ""zeta0"": 0.885692967, ""zeta_leak"": 0.059602239658090965, ""zeta_reset_delay_sec"": 0.0, ""zeta_reset_value"": null, ""zeta_soft"": 0.9332497436099433}"
107,1,0.0,1000000.0,0.0,0.0,inf,inf,inf,inf,0.0,1.0,1.0,0.0,0.0,0.0,0.0,0.0,0.0,0.0,0.0,0.0,0.0,0.0,0.0,0.0,0.0,0.0,0.0,0.0,0.0,0.0,0.0,0.0,0.0,0.0,0.0,inf,inf,inf,1.0,1,5.634057663000021,/tmp/nussbaum_sine_3hz_struct_runs/optuna_t0107_r01.csv,[DBG] t=   3.00s e=  4.93deg u=-0.2562 u_aux=-0.2287 u_rob=-0.0000 u_fric= 0.0034 ta=1.00 cmd=   0.68 slewB=1.00 raw q= 134.12deg | [DBG] t=   4.00s e=  9.37deg u= 0.0199 u_aux=-0.2471 u_rob=-0.0000 u_fric= 0.0034 ta=1.00 cmd=  -4.86 slewB=1.00 raw q= 129.73deg | [ERROR] q guard hit: |q-q_center|=35.07 deg > 35.00,"{""alpha"": 10.464909330919749, ""amplitude_deg"": 10.0, ""baudrate"": 1000000.0, ""command_sign"": -1.0, ""control_output_scale"": 1.0, ""current_bias_raw"": -1.7251031252326756, ""current_limit_raw"": 0.0, ""default_mode"": 3.0, ""device"": ""/dev/ttyAMA0"", ""disable_anti_windup"": false, ""disable_freeze_nn_on_saturation"": false, ""disable_freeze_zeta_on_saturation"": false, ""disturb_interval_sec"": 30.0, ""disturb_jitter_sec"": 3.0, ""disturb_mode"": ""mixed"", ""disturb_seed"": -1.0, ""disturbance_placement"": ""mid_move"", ""duration"": 10.0, ""dxl_id"": 6.0, ""enable_disturbance"": false, ""frequency_hz"": 3.0, ""fric_coulomb"": 0.0034511488655075474, ""fric_vel_scale"": 0.9903438053450687, ""gamma_adapt"": 15.045174621182655, ""gamma_link"": 0.9897586537059871, ""integral_limit"": 1.6504936083, ""k_delta"": 0.0835798645229323, ""max_abs_e_dot"": 10.0, ""max_control"": 0.25617442414185854, ""max_current_raw"": 65.0, ""max_current_slew"": 81.94517032767094, ""mid_disturbance_offset_sec"": 0.0, ""no_set_current_mode"": false, ""predict_horizon_sec"": 0.003315889990413391, ""pulse_current_raw_max"": 12.0, ""pulse_current_raw_min"": 4.0, ""pulse_duration_max"": 0.6, ""pulse_duration_min"": 0.15, ""q_abs_guard_deg"": 35.0, ""qd_lpf_alpha"": 0.04580355416347487, ""rate"": 120.0, ""rbf_center_max"": 3.2, ""rbf_center_min"": -3.2, ""rbf_nodes"": 11.0, ""rbf_width"": 0.7855222676823739, ""ref_jump_deg_max"": 8.0, ""ref_jump_deg_min"": 2.0, ""ref_jump_duration_max"": 0.6, ""ref_jump_duration_min"": 0.15, ""reference_shape"": ""sine"", ""reset_zeta_after_motion"": false, ""reset_zeta_on_segment"": false, ""restore_mode"": false, ""sigma_mod"": 0.13372553530155698, ""sine_center_mode"": ""lock"", ""soft_start_sec"": 0.5, ""step_absolute_target_deg"": null, ""step_absolute_target_rad"": null, ""step_delta_deg"": 40.0, ""step_ramp_sec"": 1.0, ""step_segment_sec"": 1.5, ""step_sequence_deg"": """", ""step_shape"": ""smoothstep"", ""step_start_sec"": 0.0, ""tail_err_full_deg"": 4.0, ""tail_err_thresh_deg"": 1.5, ""tail_kd"": 0.07016089969030971, ""tail_kp"": 0.0, ""tail_max_control_boost"": 0.0, ""tail_u_max"": 0.0, ""torque_to_current"": 210.0, ""zeta0"": 0.885692967, ""zeta_leak"": 0.04447040905926081, ""zeta_reset_delay_sec"": 0.0, ""zeta_reset_value"": null, ""zeta_soft"": 0.8829322575432873}"
108,1,0.0,1000000.0,0.0,0.0,inf,inf,inf,inf,0.0,1.0,1.0,0.0,0.0,0.0,0.0,0.0,0.0,0.0,0.0,0.0,0.0,0.0,0.0,0.0,0.0,0.0,0.0,0.0,0.0,0.0,0.0,0.0,0.0,0.0,0.0,inf,inf,inf,1.0,1,6.458338810999521,/tmp/nussbaum_sine_3hz_struct_runs/optuna_t0108_r01.csv,[DBG] t=   4.00s e=  5.39deg u=-0.1850 u_aux=-0.1553 u_rob=-0.0000 u_fric= 0.0074 ta=1.00 cmd=   2.29 slewB=1.00 raw q= 133.68deg | [DBG] t=   5.00s e=  9.69deg u= 0.1276 u_aux=-0.1535 u_rob=-0.0000 u_fric= 0.0074 ta=1.00 cmd= -17.40 slewB=1.00 raw q= 129.38deg | [ERROR] q guard hit: |q-q_center|=35.16 deg > 35.00,"{""alpha"": 9.263639828530195, ""amplitude_deg"": 10.0, ""baudrate"": 1000000.0, ""command_sign"": -1.0, ""control_output_scale"": 1.0, ""current_bias_raw"": -1.211441023579458, ""current_limit_raw"": 0.0, ""default_mode"": 3.0, ""device"": ""/dev/ttyAMA0"", ""disable_anti_windup"": false, ""disable_freeze_nn_on_saturation"": false, ""disable_freeze_zeta_on_saturation"": false, ""disturb_interval_sec"": 30.0, ""disturb_jitter_sec"": 3.0, ""disturb_mode"": ""mixed"", ""disturb_seed"": -1.0, ""disturbance_placement"": ""mid_move"", ""duration"": 10.0, ""dxl_id"": 6.0, ""enable_disturbance"": false, ""frequency_hz"": 3.0, ""fric_coulomb"": 0.007397783607736355, ""fric_vel_scale"": 0.8498018183317164, ""gamma_adapt"": 8.474055438114261, ""gamma_link"": 0.8458452921996168, ""integral_limit"": 1.6504936083, ""k_delta"": 0.08258713696576762, ""max_abs_e_dot"": 10.0, ""max_control"": 0.1850098205358391, ""max_current_raw"": 85.0, ""max_current_slew"": 214.59252805857807, ""mid_disturbance_offset_sec"": 0.0, ""no_set_current_mode"": false, ""predict_horizon_sec"": 0.0026576019026252305, ""pulse_current_raw_max"": 12.0, ""pulse_current_raw_min"": 4.0, ""pulse_duration_max"": 0.6, ""pulse_duration_min"": 0.15, ""q_abs_guard_deg"": 35.0, ""qd_lpf_alpha"": 0.06991803763961783, ""rate"": 120.0, ""rbf_center_max"": 3.2, ""rbf_center_min"": -3.2, ""rbf_nodes"": 11.0, ""rbf_width"": 0.71561832335539, ""ref_jump_deg_max"": 8.0, ""ref_jump_deg_min"": 2.0, ""ref_jump_duration_max"": 0.6, ""ref_jump_duration_min"": 0.15, ""reference_shape"": ""sine"", ""reset_zeta_after_motion"": false, ""reset_zeta_on_segment"": false, ""restore_mode"": false, ""sigma_mod"": 0.13151338041740948, ""sine_center_mode"": ""lock"", ""soft_start_sec"": 0.5, ""step_absolute_target_deg"": null, ""step_absolute_target_rad"": null, ""step_delta_deg"": 40.0, ""step_ramp_sec"": 1.0, ""step_segment_sec"": 1.5, ""step_sequence_deg"": """", ""step_shape"": ""smoothstep"", ""step_start_sec"": 0.0, ""tail_err_full_deg"": 4.0, ""tail_err_thresh_deg"": 1.5, ""tail_kd"": 0.04608463245018514, ""tail_kp"": 0.0, ""tail_max_control_boost"": 0.0, ""tail_u_max"": 0.0, ""torque_to_current"": 210.0, ""zeta0"": 0.885692967, ""zeta_leak"": 0.07602004925351695, ""zeta_reset_delay_sec"": 0.0, ""zeta_reset_value"": null, ""zeta_soft"": 0.8010971531866379}"
109,1,0.0,1000000.0,0.0,0.0,inf,inf,inf,inf,0.0,1.0,1.0,0.0,0.0,0.0,0.0,0.0,0.0,0.0,0.0,0.0,0.0,0.0,0.0,0.0,0.0,0.0,0.0,0.0,0.0,0.0,0.0,0.0,0.0,0.0,0.0,inf,inf,inf,1.0,1,6.066440089000025,/tmp/nussbaum_sine_3hz_struct_runs/optuna_t0109_r01.csv,[DBG] t=   3.00s e=  1.44deg u=-0.1908 u_aux=-0.2070 u_rob=-0.0000 u_fric= 0.0042 ta=0.00 cmd=   2.19 slewB=1.00 raw q= 137.55deg | [DBG] t=   4.00s e=  1.69deg u=-0.1042 u_aux=-0.2083 u_rob=-0.0000 u_fric= 0.0042 ta=0.02 cmd=   2.19 slewB=1.00 raw q= 137.29deg | [ERROR] q guard hit: |q-q_center|=35.60 deg > 35.00,"{""alpha"": 16.798444735138325, ""amplitude_deg"": 10.0, ""baudrate"": 1000000.0, ""command_sign"": -1.0, ""control_output_scale"": 1.0, ""current_bias_raw"": -1.554209787613371, ""current_limit_raw"": 0.0, ""default_mode"": 3.0, ""device"": ""/dev/ttyAMA0"", ""disable_anti_windup"": false, ""disable_freeze_nn_on_saturation"": false, ""disable_freeze_zeta_on_saturation"": false, ""disturb_interval_sec"": 30.0, ""disturb_jitter_sec"": 3.0, ""disturb_mode"": ""mixed"", ""disturb_seed"": -1.0, ""disturbance_placement"": ""mid_move"", ""duration"": 10.0, ""dxl_id"": 6.0, ""enable_disturbance"": false, ""frequency_hz"": 3.0, ""fric_coulomb"": 0.004179280259633063, ""fric_vel_scale"": 0.8145432512463799, ""gamma_adapt"": 17.76368212799335, ""gamma_link"": 1.0543332620798391, ""integral_limit"": 1.6504936083, ""k_delta"": 0.09191313562353566, ""max_abs_e_dot"": 10.0, ""max_control"": 0.2043591135802409, ""max_current_raw"": 53.0, ""max_current_slew"": 115.4142740492059, ""mid_disturbance_offset_sec"": 0.0, ""no_set_current_mode"": false, ""predict_horizon_sec"": 0.004176536511525422, ""pulse_current_raw_max"": 12.0, ""pulse_current_raw_min"": 4.0, ""pulse_duration_max"": 0.6, ""pulse_duration_min"": 0.15, ""q_abs_guard_deg"": 35.0, ""qd_lpf_alpha"": 0.023873656382819467, ""rate"": 120.0, ""rbf_center_max"": 3.2, ""rbf_center_min"": -3.2, ""rbf_nodes"": 11.0, ""rbf_width"": 1.0253779968598749, ""ref_jump_deg_max"": 8.0, ""ref_jump_deg_min"": 2.0, ""ref_jump_duration_max"": 0.6, ""ref_jump_duration_min"": 0.15, ""reference_shape"": ""sine"", ""reset_zeta_after_motion"": false, ""reset_zeta_on_segment"": false, ""restore_mode"": false, ""sigma_mod"": 0.11106640073263446, ""sine_center_mode"": ""lock"", ""soft_start_sec"": 0.5, ""step_absolute_target_deg"": null, ""step_absolute_target_rad"": null, ""step_delta_deg"": 40.0, ""step_ramp_sec"": 1.0, ""step_segment_sec"": 1.5, ""step_sequence_deg"": """", ""step_shape"": ""smoothstep"", ""step_start_sec"": 0.0, ""tail_err_full_deg"": 4.0, ""tail_err_thresh_deg"": 1.5, ""tail_kd"": 0.063421372804026, ""tail_kp"": 0.0, ""tail_max_control_boost"": 0.0, ""tail_u_max"": 0.0, ""torque_to_current"": 210.0, ""zeta0"": 0.885692967, ""zeta_leak"": 0.0031889388143903213, ""zeta_reset_delay_sec"": 0.0, ""zeta_reset_value"": null, ""zeta_soft"": 0.8244259325100082}"
110,1,1.0,1000064.6702906232,1200.0,9.991849,7.743748353936512,8.87371490047941,13.766302462727564,22.216855814278176,0.4853297093768106,0.0,0.050181841085271316,0.8702228879744707,1.2983251473,0.885692967,1.2983251473,0.41263218029999993,0.04126321802875,0.2846104807949999,0.5137266004,0.0,0.0,0.0,0.0,0.0,0.0,0.0,0.0,0.0,0.0,0.0,0.0,0.0,0.0,0.0,0.0,7.510136645046834,13.597168696326362,14.211163017899493,0.0,0,11.274228012000094,/tmp/nussbaum_sine_3hz_struct_runs/optuna_t0110_r01.csv,,"{""alpha"": 24.487086334381086, ""amplitude_deg"": 10.0, ""baudrate"": 1000000.0, ""command_sign"": -1.0, ""control_output_scale"": 1.0, ""current_bias_raw"": -0.09875207613004958, ""current_limit_raw"": 0.0, ""default_mode"": 3.0, ""device"": ""/dev/ttyAMA0"", ""disable_anti_windup"": false, ""disable_freeze_nn_on_saturation"": false, ""disable_freeze_zeta_on_saturation"": false, ""disturb_interval_sec"": 30.0, ""disturb_jitter_sec"": 3.0, ""disturb_mode"": ""mixed"", ""disturb_seed"": -1.0, ""disturbance_placement"": ""mid_move"", ""duration"": 10.0, ""dxl_id"": 6.0, ""enable_disturbance"": false, ""frequency_hz"": 3.0, ""fric_coulomb"": 0.016029871410512028, ""fric_vel_scale"": 0.5291947248570203, ""gamma_adapt"": 16.36031604486566, ""gamma_link"": 0.9267630405090455, ""integral_limit"": 1.6504936083, ""k_delta"": 0.18993818854762168, ""max_abs_e_dot"": 10.0, ""max_control"": 0.1611713511867716, ""max_current_raw"": 86.0, ""max_current_slew"": 95.97585520613816, ""mid_disturbance_offset_sec"": 0.0, ""no_set_current_mode"": false, ""predict_horizon_sec"": 0.001557874484342765, ""pulse_current_raw_max"": 12.0, ""pulse_current_raw_min"": 4.0, ""pulse_duration_max"": 0.6, ""pulse_duration_min"": 0.15, ""q_abs_guard_deg"": 35.0, ""qd_lpf_alpha"": 0.06693902888142805, ""rate"": 120.0, ""rbf_center_max"": 3.2, ""rbf_center_min"": -3.2, ""rbf_nodes"": 11.0, ""rbf_width"": 0.9735994090246298, ""ref_jump_deg_max"": 8.0, ""ref_jump_deg_min"": 2.0, ""ref_jump_duration_max"": 0.6, ""ref_jump_duration_min"": 0.15, ""reference_shape"": ""sine"", ""reset_zeta_after_motion"": false, ""reset_zeta_on_segment"": false, ""restore_mode"": false, ""sigma_mod"": 0.19713057562525735, ""sine_center_mode"": ""lock"", ""soft_start_sec"": 0.5, ""step_absolute_target_deg"": null, ""step_absolute_target_rad"": null, ""step_delta_deg"": 40.0, ""step_ramp_sec"": 1.0, ""step_segment_sec"": 1.5, ""step_sequence_deg"": """", ""step_shape"": ""smoothstep"", ""step_start_sec"": 0.0, ""tail_err_full_deg"": 4.0, ""tail_err_thresh_deg"": 1.5, ""tail_kd"": 0.004385441629615544, ""tail_kp"": 0.0, ""tail_max_control_boost"": 0.0, ""tail_u_max"": 0.0, ""torque_to_current"": 210.0, ""zeta0"": 0.885692967, ""zeta_leak"": 0.07041092581733946, ""zeta_reset_delay_sec"": 0.0, ""zeta_reset_value"": null, ""zeta_soft"": 0.9434414392444586}"
111,1,1.0,1000054.6706185729,1200.0,9.993019,7.767907924994609,8.907962841189368,13.26505686393848,24.994384549593125,0.4953293814271947,0.0,0.046108092592592596,0.8726088050176786,1.1645838457,0.885692967,1.1645838457,0.27889087869999996,0.02788908787008333,0.19348241919999992,0.8993948684,0.0,0.0,0.0,0.0,0.0,0.0,0.0,0.0,0.0,0.0,0.0,0.0,0.0,0.0,0.0,0.0,7.621976492841564,12.946252991623732,15.28362726374947,0.0,0,11.121421883000039,/tmp/nussbaum_sine_3hz_struct_runs/optuna_t0111_r01.csv,,"{""alpha"": 22.752778066033216, ""amplitude_deg"": 10.0, ""baudrate"": 1000000.0, ""command_sign"": -1.0, ""control_output_scale"": 1.0, ""current_bias_raw"": -1.9887230483932896, ""current_limit_raw"": 0.0, ""default_mode"": 3.0, ""device"": ""/dev/ttyAMA0"", ""disable_anti_windup"": false, ""disable_freeze_nn_on_saturation"": false, ""disable_freeze_zeta_on_saturation"": false, ""disturb_interval_sec"": 30.0, ""disturb_jitter_sec"": 3.0, ""disturb_mode"": ""mixed"", ""disturb_seed"": -1.0, ""disturbance_placement"": ""mid_move"", ""duration"": 10.0, ""dxl_id"": 6.0, ""enable_disturbance"": false, ""frequency_hz"": 3.0, ""fric_coulomb"": 0.00314097443733074, ""fric_vel_scale"": 0.8868258577633861, ""gamma_adapt"": 9.147579086963159, ""gamma_link"": 0.9283274792497989, ""integral_limit"": 1.6504936083, ""k_delta"": 0.18731339518943613, ""max_abs_e_dot"": 10.0, ""max_control"": 0.23017061100193026, ""max_current_raw"": 90.0, ""max_current_slew"": 92.41053455494927, ""mid_disturbance_offset_sec"": 0.0, ""no_set_current_mode"": false, ""predict_horizon_sec"": 0.0009434293742249635, ""pulse_current_raw_max"": 12.0, ""pulse_current_raw_min"": 4.0, ""pulse_duration_max"": 0.6, ""pulse_duration_min"": 0.15, ""q_abs_guard_deg"": 35.0, ""qd_lpf_alpha"": 0.043882009805357405, ""rate"": 120.0, ""rbf_center_max"": 3.2, ""rbf_center_min"": -3.2, ""rbf_nodes"": 11.0, ""rbf_width"": 0.9540263334984375, ""ref_jump_deg_max"": 8.0, ""ref_jump_deg_min"": 2.0, ""ref_jump_duration_max"": 0.6, ""ref_jump_duration_min"": 0.15, ""reference_shape"": ""sine"", ""reset_zeta_after_motion"": false, ""reset_zeta_on_segment"": false, ""restore_mode"": false, ""sigma_mod"": 0.12795882424570337, ""sine_center_mode"": ""lock"", ""soft_start_sec"": 0.5, ""step_absolute_target_deg"": null, ""step_absolute_target_rad"": null, ""step_delta_deg"": 40.0, ""step_ramp_sec"": 1.0, ""step_segment_sec"": 1.5, ""step_sequence_deg"": """", ""step_shape"": ""smoothstep"", ""step_start_sec"": 0.0, ""tail_err_full_deg"": 4.0, ""tail_err_thresh_deg"": 1.5, ""tail_kd"": 0.06537299936587915, ""tail_kp"": 0.0, ""tail_max_control_boost"": 0.0, ""tail_u_max"": 0.0, ""torque_to_current"": 210.0, ""zeta0"": 0.885692967, ""zeta_leak"": 0.029372281693421903, ""zeta_reset_delay_sec"": 0.0, ""zeta_reset_value"": null, ""zeta_soft"": 0.9200864613393639}"
112,1,0.0,1000000.0,0.0,0.0,inf,inf,inf,inf,0.0,1.0,1.0,0.0,0.0,0.0,0.0,0.0,0.0,0.0,0.0,0.0,0.0,0.0,0.0,0.0,0.0,0.0,0.0,0.0,0.0,0.0,0.0,0.0,0.0,0.0,0.0,inf,inf,inf,1.0,1,4.743903071000204,/tmp/nussbaum_sine_3hz_struct_runs/optuna_t0112_r01.csv,[DBG] t=   2.00s e=  4.85deg u=-0.2799 u_aux=-0.2120 u_rob=-0.0000 u_fric= 0.0038 ta=1.00 cmd=   0.56 slewB=1.00 raw q= 134.91deg | [DBG] t=   3.00s e=  8.11deg u= 0.2735 u_aux=-0.2120 u_rob=-0.0000 u_fric= 0.0038 ta=1.00 cmd=  -5.42 slewB=1.00 raw q= 131.66deg | [ERROR] q guard hit: |q-q_center|=35.24 deg > 35.00,"{""alpha"": 19.746954364386347, ""amplitude_deg"": 10.0, ""baudrate"": 1000000.0, ""command_sign"": -1.0, ""control_output_scale"": 1.0, ""current_bias_raw"": -0.7903952514104422, ""current_limit_raw"": 0.0, ""default_mode"": 3.0, ""device"": ""/dev/ttyAMA0"", ""disable_anti_windup"": false, ""disable_freeze_nn_on_saturation"": false, ""disable_freeze_zeta_on_saturation"": false, ""disturb_interval_sec"": 30.0, ""disturb_jitter_sec"": 3.0, ""disturb_mode"": ""mixed"", ""disturb_seed"": -1.0, ""disturbance_placement"": ""mid_move"", ""duration"": 10.0, ""dxl_id"": 6.0, ""enable_disturbance"": false, ""frequency_hz"": 3.0, ""fric_coulomb"": 0.003801897861134734, ""fric_vel_scale"": 0.8391319340444626, ""gamma_adapt"": 11.263988484250415, ""gamma_link"": 0.8683310090480959, ""integral_limit"": 1.6504936083, ""k_delta"": 0.11988598587728753, ""max_abs_e_dot"": 10.0, ""max_control"": 0.2798695301010267, ""max_current_raw"": 78.0, ""max_current_slew"": 96.7164576449398, ""mid_disturbance_offset_sec"": 0.0, ""no_set_current_mode"": false, ""predict_horizon_sec"": 0.0017209997229652393, ""pulse_current_raw_max"": 12.0, ""pulse_current_raw_min"": 4.0, ""pulse_duration_max"": 0.6, ""pulse_duration_min"": 0.15, ""q_abs_guard_deg"": 35.0, ""qd_lpf_alpha"": 0.0646482860413711, ""rate"": 120.0, ""rbf_center_max"": 3.2, ""rbf_center_min"": -3.2, ""rbf_nodes"": 11.0, ""rbf_width"": 0.7213855732295327, ""ref_jump_deg_max"": 8.0, ""ref_jump_deg_min"": 2.0, ""ref_jump_duration_max"": 0.6, ""ref_jump_duration_min"": 0.15, ""reference_shape"": ""sine"", ""reset_zeta_after_motion"": false, ""reset_zeta_on_segment"": false, ""restore_mode"": false, ""sigma_mod"": 0.08784926187692643, ""sine_center_mode"": ""lock"", ""soft_start_sec"": 0.5, ""step_absolute_target_deg"": null, ""step_absolute_target_rad"": null, ""step_delta_deg"": 40.0, ""step_ramp_sec"": 1.0, ""step_segment_sec"": 1.5, ""step_sequence_deg"": """", ""step_shape"": ""smoothstep"", ""step_start_sec"": 0.0, ""tail_err_full_deg"": 4.0, ""tail_err_thresh_deg"": 1.5, ""tail_kd"": 0.0640365271801557, ""tail_kp"": 0.0, ""tail_max_control_boost"": 0.0, ""tail_u_max"": 0.0, ""torque_to_current"": 210.0, ""zeta0"": 0.885692967, ""zeta_leak"": 0.02581380079876074, ""zeta_reset_delay_sec"": 0.0, ""zeta_reset_value"": null, ""zeta_soft"": 0.9632738184411636}"
113,1,0.0,1000000.0,0.0,0.0,inf,inf,inf,inf,0.0,1.0,1.0,0.0,0.0,0.0,0.0,0.0,0.0,0.0,0.0,0.0,0.0,0.0,0.0,0.0,0.0,0.0,0.0,0.0,0.0,0.0,0.0,0.0,0.0,0.0,0.0,inf,inf,inf,1.0,1,4.7832322189997285,/tmp/nussbaum_sine_3hz_struct_runs/optuna_t0113_r01.csv,[DBG] t=   2.00s e=  3.80deg u=-0.2397 u_aux=-0.0879 u_rob=-0.0000 u_fric= 0.0023 ta=0.98 cmd=   3.41 slewB=1.00 raw q= 135.18deg | [DBG] t=   3.00s e= -2.65deg u= 0.2397 u_aux=-0.0799 u_rob=-0.0000 u_fric= 0.0023 ta=0.44 cmd=  -5.68 slewB=1.00 raw q= 141.59deg | [ERROR] q guard hit: |q-q_center|=35.86 deg > 35.00,"{""alpha"": 16.18797840877473, ""amplitude_deg"": 10.0, ""baudrate"": 1000000.0, ""command_sign"": -1.0, ""control_output_scale"": 1.0, ""current_bias_raw"": -1.3937673172358063, ""current_limit_raw"": 0.0, ""default_mode"": 3.0, ""device"": ""/dev/ttyAMA0"", ""disable_anti_windup"": false, ""disable_freeze_nn_on_saturation"": false, ""disable_freeze_zeta_on_saturation"": false, ""disturb_interval_sec"": 30.0, ""disturb_jitter_sec"": 3.0, ""disturb_mode"": ""mixed"", ""disturb_seed"": -1.0, ""disturbance_placement"": ""mid_move"", ""duration"": 10.0, ""dxl_id"": 6.0, ""enable_disturbance"": false, ""frequency_hz"": 3.0, ""fric_coulomb"": 0.0022784418414912204, ""fric_vel_scale"": 0.713850821414073, ""gamma_adapt"": 10.068723224305964, ""gamma_link"": 0.9837036120556238, ""integral_limit"": 1.6504936083, ""k_delta"": 0.1386150132010756, ""max_abs_e_dot"": 10.0, ""max_control"": 0.23971507585166993, ""max_current_raw"": 92.0, ""max_current_slew"": 183.61362941005282, ""mid_disturbance_offset_sec"": 0.0, ""no_set_current_mode"": false, ""predict_horizon_sec"": 0.0013864433225001217, ""pulse_current_raw_max"": 12.0, ""pulse_current_raw_min"": 4.0, ""pulse_duration_max"": 0.6, ""pulse_duration_min"": 0.15, ""q_abs_guard_deg"": 35.0, ""qd_lpf_alpha"": 0.07350335786869956, ""rate"": 120.0, ""rbf_center_max"": 3.2, ""rbf_center_min"": -3.2, ""rbf_nodes"": 11.0, ""rbf_width"": 0.9281417763457206, ""ref_jump_deg_max"": 8.0, ""ref_jump_deg_min"": 2.0, ""ref_jump_duration_max"": 0.6, ""ref_jump_duration_min"": 0.15, ""reference_shape"": ""sine"", ""reset_zeta_after_motion"": false, ""reset_zeta_on_segment"": false, ""restore_mode"": false, ""sigma_mod"": 0.1363892215750982, ""sine_center_mode"": ""lock"", ""soft_start_sec"": 0.5, ""step_absolute_target_deg"": null, ""step_absolute_target_rad"": null, ""step_delta_deg"": 40.0, ""step_ramp_sec"": 1.0, ""step_segment_sec"": 1.5, ""step_sequence_deg"": """", ""step_shape"": ""smoothstep"", ""step_start_sec"": 0.0, ""tail_err_full_deg"": 4.0, ""tail_err_thresh_deg"": 1.5, ""tail_kd"": 0.027143416200617335, ""tail_kp"": 0.0, ""tail_max_control_boost"": 0.0, ""tail_u_max"": 0.0, ""torque_to_current"": 210.0, ""zeta0"": 0.885692967, ""zeta_leak"": 0.03579278540184105, ""zeta_reset_delay_sec"": 0.0, ""zeta_reset_value"": null, ""zeta_soft"": 0.983936215535082}"
114,1,0.0,1000000.0,0.0,0.0,inf,inf,inf,inf,0.0,1.0,1.0,0.0,0.0,0.0,0.0,0.0,0.0,0.0,0.0,0.0,0.0,0.0,0.0,0.0,0.0,0.0,0.0,0.0,0.0,0.0,0.0,0.0,0.0,0.0,0.0,inf,inf,inf,1.0,1,8.283507883999846,/tmp/nussbaum_sine_3hz_struct_runs/optuna_t0114_r01.csv,[DBG] t=   6.00s e=  3.12deg u=-0.2146 u_aux=-0.1594 u_rob=-0.0000 u_fric= 0.0046 ta=0.72 cmd=   0.79 slewB=1.00 raw q= 136.05deg | [DBG] t=   7.00s e= 30.70deg u= 0.2146 u_aux=-0.2144 u_rob=-0.0000 u_fric= 0.0046 ta=1.00 cmd= -21.11 slewB=1.00 raw q= 108.37deg | [ERROR] q guard hit: |q-q_center|=35.07 deg > 35.00,"{""alpha"": 13.579107080192914, ""amplitude_deg"": 10.0, ""baudrate"": 1000000.0, ""command_sign"": -1.0, ""control_output_scale"": 1.0, ""current_bias_raw"": -0.6859359564617552, ""current_limit_raw"": 0.0, ""default_mode"": 3.0, ""device"": ""/dev/ttyAMA0"", ""disable_anti_windup"": false, ""disable_freeze_nn_on_saturation"": false, ""disable_freeze_zeta_on_saturation"": false, ""disturb_interval_sec"": 30.0, ""disturb_jitter_sec"": 3.0, ""disturb_mode"": ""mixed"", ""disturb_seed"": -1.0, ""disturbance_placement"": ""mid_move"", ""duration"": 10.0, ""dxl_id"": 6.0, ""enable_disturbance"": false, ""frequency_hz"": 3.0, ""fric_coulomb"": 0.004615485462005144, ""fric_vel_scale"": 0.9125731458461254, ""gamma_adapt"": 11.050539824741092, ""gamma_link"": 1.0886997652250348, ""integral_limit"": 1.6504936083, ""k_delta"": 0.14358586271369939, ""max_abs_e_dot"": 10.0, ""max_control"": 0.21463316998766, ""max_current_raw"": 95.0, ""max_current_slew"": 138.97852728886292, ""mid_disturbance_offset_sec"": 0.0, ""no_set_current_mode"": false, ""predict_horizon_sec"": 0.001584187221055678, ""pulse_current_raw_max"": 12.0, ""pulse_current_raw_min"": 4.0, ""pulse_duration_max"": 0.6, ""pulse_duration_min"": 0.15, ""q_abs_guard_deg"": 35.0, ""qd_lpf_alpha"": 0.03884999900135366, ""rate"": 120.0, ""rbf_center_max"": 3.2, ""rbf_center_min"": -3.2, ""rbf_nodes"": 11.0, ""rbf_width"": 0.7271917182866803, ""ref_jump_deg_max"": 8.0, ""ref_jump_deg_min"": 2.0, ""ref_jump_duration_max"": 0.6, ""ref_jump_duration_min"": 0.15, ""reference_shape"": ""sine"", ""reset_zeta_after_motion"": false, ""reset_zeta_on_segment"": false, ""restore_mode"": false, ""sigma_mod"": 0.09237486220316132, ""sine_center_mode"": ""lock"", ""soft_start_sec"": 0.5, ""step_absolute_target_deg"": null, ""step_absolute_target_rad"": null, ""step_delta_deg"": 40.0, ""step_ramp_sec"": 1.0, ""step_segment_sec"": 1.5, ""step_sequence_deg"": """", ""step_shape"": ""smoothstep"", ""step_start_sec"": 0.0, ""tail_err_full_deg"": 4.0, ""tail_err_thresh_deg"": 1.5, ""tail_kd"": 0.0490721341928962, ""tail_kp"": 0.0, ""tail_max_control_boost"": 0.0, ""tail_u_max"": 0.0, ""torque_to_current"": 210.0, ""zeta0"": 0.885692967, ""zeta_leak"": 0.03626555094170869, ""zeta_reset_delay_sec"": 0.0, ""zeta_reset_value"": null, ""zeta_soft"": 0.9036176476152672}"
115,1,1.0,1000082.4823007609,1200.0,9.991749,8.057039958433789,9.228316618772348,14.87904597704203,22.27978960162775,0.46751769923907527,0.0,0.06156385021097046,0.8486119389063136,1.2036366574,0.885692967,1.2036366574,0.3179436903999999,0.03179436904216666,0.23042952346499984,0.4837906825,0.0,0.0,0.0,0.0,0.0,0.0,0.0,0.0,0.0,0.0,0.0,0.0,0.0,0.0,0.0,0.0,8.263143227653595,14.755975768223514,15.735538013024277,0.0,0,11.231737585999326,/tmp/nussbaum_sine_3hz_struct_runs/optuna_t0115_r01.csv,,"{""alpha"": 19.472762264003176, ""amplitude_deg"": 10.0, ""baudrate"": 1000000.0, ""command_sign"": -1.0, ""control_output_scale"": 1.0, ""current_bias_raw"": -0.10892809901472121, ""current_limit_raw"": 0.0, ""default_mode"": 3.0, ""device"": ""/dev/ttyAMA0"", ""disable_anti_windup"": false, ""disable_freeze_nn_on_saturation"": false, ""disable_freeze_zeta_on_saturation"": false, ""disturb_interval_sec"": 30.0, ""disturb_jitter_sec"": 3.0, ""disturb_mode"": ""mixed"", ""disturb_seed"": -1.0, ""disturbance_placement"": ""mid_move"", ""duration"": 10.0, ""dxl_id"": 6.0, ""enable_disturbance"": false, ""frequency_hz"": 3.0, ""fric_coulomb"": 0.015618864802162947, ""fric_vel_scale"": 0.4334803281619672, ""gamma_adapt"": 13.397667762448657, ""gamma_link"": 0.920716892286395, ""integral_limit"": 1.6504936083, ""k_delta"": 0.1957591774414844, ""max_abs_e_dot"": 10.0, ""max_control"": 0.19646139286943548, ""max_current_raw"": 79.0, ""max_current_slew"": 112.04995421818303, ""mid_disturbance_offset_sec"": 0.0, ""no_set_current_mode"": false, ""predict_horizon_sec"": 0.0030390650576657616, ""pulse_current_raw_max"": 12.0, ""pulse_current_raw_min"": 4.0, ""pulse_duration_max"": 0.6, ""pulse_duration_min"": 0.15, ""q_abs_guard_deg"": 35.0, ""qd_lpf_alpha"": 0.054034634853773245, ""rate"": 120.0, ""rbf_center_max"": 3.2, ""rbf_center_min"": -3.2, ""rbf_nodes"": 11.0, ""rbf_width"": 0.6282525596740901, ""ref_jump_deg_max"": 8.0, ""ref_jump_deg_min"": 2.0, ""ref_jump_duration_max"": 0.6, ""ref_jump_duration_min"": 0.15, ""reference_shape"": ""sine"", ""reset_zeta_after_motion"": false, ""reset_zeta_on_segment"": false, ""restore_mode"": false, ""sigma_mod"": 0.2026670783070737, ""sine_center_mode"": ""lock"", ""soft_start_sec"": 0.5, ""step_absolute_target_deg"": null, ""step_absolute_target_rad"": null, ""step_delta_deg"": 40.0, ""step_ramp_sec"": 1.0, ""step_segment_sec"": 1.5, ""step_sequence_deg"": """", ""step_shape"": ""smoothstep"", ""step_start_sec"": 0.0, ""tail_err_full_deg"": 4.0, ""tail_err_thresh_deg"": 1.5, ""tail_kd"": 0.04834977676374877, ""tail_kp"": 0.0, ""tail_max_control_boost"": 0.0, ""tail_u_max"": 0.0, ""torque_to_current"": 210.0, ""zeta0"": 0.885692967, ""zeta_leak"": 0.0732068818020557, ""zeta_reset_delay_sec"": 0.0, ""zeta_reset_value"": null, ""zeta_soft"": 0.9067716790026125}"
116,1,0.0,1000000.0,0.0,0.0,inf,inf,inf,inf,0.0,1.0,1.0,0.0,0.0,0.0,0.0,0.0,0.0,0.0,0.0,0.0,0.0,0.0,0.0,0.0,0.0,0.0,0.0,0.0,0.0,0.0,0.0,0.0,0.0,0.0,0.0,inf,inf,inf,1.0,1,4.821696404999784,/tmp/nussbaum_sine_3hz_struct_runs/optuna_t0116_r01.csv,[DBG] t=   2.00s e=  4.24deg u=-0.2132 u_aux=-0.0904 u_rob=-0.0000 u_fric= 0.0071 ta=1.00 cmd=   1.47 slewB=1.00 raw q= 134.91deg | [DBG] t=   3.00s e= 15.91deg u= 0.2132 u_aux=-0.1049 u_rob=-0.0000 u_fric= 0.0071 ta=1.00 cmd=  -6.55 slewB=1.00 raw q= 123.31deg | [ERROR] q guard hit: |q-q_center|=35.24 deg > 35.00,"{""alpha"": 10.14367502923603, ""amplitude_deg"": 10.0, ""baudrate"": 1000000.0, ""command_sign"": -1.0, ""control_output_scale"": 1.0, ""current_bias_raw"": -1.277097887143583, ""current_limit_raw"": 0.0, ""default_mode"": 3.0, ""device"": ""/dev/ttyAMA0"", ""disable_anti_windup"": false, ""disable_freeze_nn_on_saturation"": false, ""disable_freeze_zeta_on_saturation"": false, ""disturb_interval_sec"": 30.0, ""disturb_jitter_sec"": 3.0, ""disturb_mode"": ""mixed"", ""disturb_seed"": -1.0, ""disturbance_placement"": ""mid_move"", ""duration"": 10.0, ""dxl_id"": 6.0, ""enable_disturbance"": false, ""frequency_hz"": 3.0, ""fric_coulomb"": 0.0071214630267862275, ""fric_vel_scale"": 1.0595999864862322, ""gamma_adapt"": 5.305024800970832, ""gamma_link"": 1.1262055121910537, ""integral_limit"": 1.6504936083, ""k_delta"": 0.10625828932501033, ""max_abs_e_dot"": 10.0, ""max_control"": 0.21320461984489805, ""max_current_raw"": 80.0, ""max_current_slew"": 52.20137130747452, ""mid_disturbance_offset_sec"": 0.0, ""no_set_current_mode"": false, ""predict_horizon_sec"": 0.0021761024827252817, ""pulse_current_raw_max"": 12.0, ""pulse_current_raw_min"": 4.0, ""pulse_duration_max"": 0.6, ""pulse_duration_min"": 0.15, ""q_abs_guard_deg"": 35.0, ""qd_lpf_alpha"": 0.0697132668412695, ""rate"": 120.0, ""rbf_center_max"": 3.2, ""rbf_center_min"": -3.2, ""rbf_nodes"": 11.0, ""rbf_width"": 0.847240549532659, ""ref_jump_deg_max"": 8.0, ""ref_jump_deg_min"": 2.0, ""ref_jump_duration_max"": 0.6, ""ref_jump_duration_min"": 0.15, ""reference_shape"": ""sine"", ""reset_zeta_after_motion"": false, ""reset_zeta_on_segment"": false, ""restore_mode"": false, ""sigma_mod"": 0.21668560987576346, ""sine_center_mode"": ""lock"", ""soft_start_sec"": 0.5, ""step_absolute_target_deg"": null, ""step_absolute_target_rad"": null, ""step_delta_deg"": 40.0, ""step_ramp_sec"": 1.0, ""step_segment_sec"": 1.5, ""step_sequence_deg"": """", ""step_shape"": ""smoothstep"", ""step_start_sec"": 0.0, ""tail_err_full_deg"": 4.0, ""tail_err_thresh_deg"": 1.5, ""tail_kd"": 0.02719505546284517, ""tail_kp"": 0.0, ""tail_max_control_boost"": 0.0, ""tail_u_max"": 0.0, ""torque_to_current"": 210.0, ""zeta0"": 0.885692967, ""zeta_leak"": 0.059284853726478785, ""zeta_reset_delay_sec"": 0.0, ""zeta_reset_value"": null, ""zeta_soft"": 0.902620082193889}"
117,1,0.0,1000000.0,0.0,0.0,inf,inf,inf,inf,0.0,1.0,1.0,0.0,0.0,0.0,0.0,0.0,0.0,0.0,0.0,0.0,0.0,0.0,0.0,0.0,0.0,0.0,0.0,0.0,0.0,0.0,0.0,0.0,0.0,0.0,0.0,inf,inf,inf,1.0,1,4.516566811999837,/tmp/nussbaum_sine_3hz_struct_runs/optuna_t0117_r01.csv,[DBG] t=   2.00s e= -5.02deg u= 0.0828 u_aux=-0.0156 u_rob=-0.0000 u_fric= 0.0011 ta=1.00 cmd=  -7.71 slewB=1.00 raw q= 143.88deg | [DBG] t=   3.00s e= 12.39deg u= 0.2318 u_aux=-0.0231 u_rob=-0.0000 u_fric= 0.0011 ta=1.00 cmd= -13.23 slewB=1.00 raw q= 126.65deg | [ERROR] q guard hit: |q-q_center|=35.07 deg > 35.00,"{""alpha"": 22.69673866449376, ""amplitude_deg"": 10.0, ""baudrate"": 1000000.0, ""command_sign"": -1.0, ""control_output_scale"": 1.0, ""current_bias_raw"": 0.33071886090889757, ""current_limit_raw"": 0.0, ""default_mode"": 3.0, ""device"": ""/dev/ttyAMA0"", ""disable_anti_windup"": false, ""disable_freeze_nn_on_saturation"": false, ""disable_freeze_zeta_on_saturation"": false, ""disturb_interval_sec"": 30.0, ""disturb_jitter_sec"": 3.0, ""disturb_mode"": ""mixed"", ""disturb_seed"": -1.0, ""disturbance_placement"": ""mid_move"", ""duration"": 10.0, ""dxl_id"": 6.0, ""enable_disturbance"": false, ""frequency_hz"": 3.0, ""fric_coulomb"": 0.0011364380424400407, ""fric_vel_scale"": 0.9336241510501841, ""gamma_adapt"": 21.710817490562803, ""gamma_link"": 0.8292554347213525, ""integral_limit"": 1.6504936083, ""k_delta"": 0.08930930460652893, ""max_abs_e_dot"": 10.0, ""max_control"": 0.2318065260951347, ""max_current_raw"": 68.0, ""max_current_slew"": 188.76958463154926, ""mid_disturbance_offset_sec"": 0.0, ""no_set_current_mode"": false, ""predict_horizon_sec"": 0.0025720944315343114, ""pulse_current_raw_max"": 12.0, ""pulse_current_raw_min"": 4.0, ""pulse_duration_max"": 0.6, ""pulse_duration_min"": 0.15, ""q_abs_guard_deg"": 35.0, ""qd_lpf_alpha"": 0.0661892978428308, ""rate"": 120.0, ""rbf_center_max"": 3.2, ""rbf_center_min"": -3.2, ""rbf_nodes"": 11.0, ""rbf_width"": 0.7239504602610802, ""ref_jump_deg_max"": 8.0, ""ref_jump_deg_min"": 2.0, ""ref_jump_duration_max"": 0.6, ""ref_jump_duration_min"": 0.15, ""reference_shape"": ""sine"", ""reset_zeta_after_motion"": false, ""reset_zeta_on_segment"": false, ""restore_mode"": false, ""sigma_mod"": 0.18995842376323982, ""sine_center_mode"": ""lock"", ""soft_start_sec"": 0.5, ""step_absolute_target_deg"": null, ""step_absolute_target_rad"": null, ""step_delta_deg"": 40.0, ""step_ramp_sec"": 1.0, ""step_segment_sec"": 1.5, ""step_sequence_deg"": """", ""step_shape"": ""smoothstep"", ""step_start_sec"": 0.0, ""tail_err_full_deg"": 4.0, ""tail_err_thresh_deg"": 1.5, ""tail_kd"": 0.006226113289013146, ""tail_kp"": 0.0, ""tail_max_control_boost"": 0.0, ""tail_u_max"": 0.0, ""torque_to_current"": 210.0, ""zeta0"": 0.885692967, ""zeta_leak"": 0.06725745928307625, ""zeta_reset_delay_sec"": 0.0, ""zeta_reset_value"": null, ""zeta_soft"": 0.964438091304841}"
118,1,0.0,1000000.0,0.0,0.0,inf,inf,inf,inf,0.0,1.0,1.0,0.0,0.0,0.0,0.0,0.0,0.0,0.0,0.0,0.0,0.0,0.0,0.0,0.0,0.0,0.0,0.0,0.0,0.0,0.0,0.0,0.0,0.0,0.0,0.0,inf,inf,inf,1.0,1,7.847531513999456,/tmp/nussbaum_sine_3hz_struct_runs/optuna_t0118_r01.csv,[DBG] t=   5.00s e=  4.86deg u=-0.1848 u_aux=-0.1472 u_rob=-0.0000 u_fric= 0.0065 ta=1.00 cmd=   0.84 slewB=1.00 raw q= 134.12deg | [DBG] t=   6.00s e=  4.16deg u=-0.0395 u_aux=-0.1470 u_rob=-0.0000 u_fric= 0.0065 ta=1.00 cmd=  -1.65 slewB=1.00 raw q= 134.82deg | [ERROR] q guard hit: |q-q_center|=35.68 deg > 35.00,"{""alpha"": 5.091177999459519, ""amplitude_deg"": 10.0, ""baudrate"": 1000000.0, ""command_sign"": -1.0, ""control_output_scale"": 1.0, ""current_bias_raw"": -0.8517662798610238, ""current_limit_raw"": 0.0, ""default_mode"": 3.0, ""device"": ""/dev/ttyAMA0"", ""disable_anti_windup"": false, ""disable_freeze_nn_on_saturation"": false, ""disable_freeze_zeta_on_saturation"": false, ""disturb_interval_sec"": 30.0, ""disturb_jitter_sec"": 3.0, ""disturb_mode"": ""mixed"", ""disturb_seed"": -1.0, ""disturbance_placement"": ""mid_move"", ""duration"": 10.0, ""dxl_id"": 6.0, ""enable_disturbance"": false, ""frequency_hz"": 3.0, ""fric_coulomb"": 0.006516891948497257, ""fric_vel_scale"": 0.6992673205504717, ""gamma_adapt"": 18.05779994950674, ""gamma_link"": 0.9587371043858889, ""integral_limit"": 1.6504936083, ""k_delta"": 0.11326672500428403, ""max_abs_e_dot"": 10.0, ""max_control"": 0.18483585415967566, ""max_current_raw"": 76.0, ""max_current_slew"": 127.62084416548059, ""mid_disturbance_offset_sec"": 0.0, ""no_set_current_mode"": false, ""predict_horizon_sec"": 0.0018435241485795077, ""pulse_current_raw_max"": 12.0, ""pulse_current_raw_min"": 4.0, ""pulse_duration_max"": 0.6, ""pulse_duration_min"": 0.15, ""q_abs_guard_deg"": 35.0, ""qd_lpf_alpha"": 0.07807626922536898, ""rate"": 120.0, ""rbf_center_max"": 3.2, ""rbf_center_min"": -3.2, ""rbf_nodes"": 11.0, ""rbf_width"": 0.6910181194621363, ""ref_jump_deg_max"": 8.0, ""ref_jump_deg_min"": 2.0, ""ref_jump_duration_max"": 0.6, ""ref_jump_duration_min"": 0.15, ""reference_shape"": ""sine"", ""reset_zeta_after_motion"": false, ""reset_zeta_on_segment"": false, ""restore_mode"": false, ""sigma_mod"": 0.23740621933820852, ""sine_center_mode"": ""lock"", ""soft_start_sec"": 0.5, ""step_absolute_target_deg"": null, ""step_absolute_target_rad"": null, ""step_delta_deg"": 40.0, ""step_ramp_sec"": 1.0, ""step_segment_sec"": 1.5, ""step_sequence_deg"": """", ""step_shape"": ""smoothstep"", ""step_start_sec"": 0.0, ""tail_err_full_deg"": 4.0, ""tail_err_thresh_deg"": 1.5, ""tail_kd"": 0.044003354050146284, ""tail_kp"": 0.0, ""tail_max_control_boost"": 0.0, ""tail_u_max"": 0.0, ""torque_to_current"": 210.0, ""zeta0"": 0.885692967, ""zeta_leak"": 0.07827967160461592, ""zeta_reset_delay_sec"": 0.0, ""zeta_reset_value"": null, ""zeta_soft"": 0.8418902809143086}"
119,1,1.0,1000176.1688398938,1200.0,9.991755000000001,6.770170104889788,7.8102591412257505,12.540281766028126,19.116624494705025,0.37383116010620543,0.0,0.027115987318840584,0.9309737577582602,1.0082615831,0.885692967,1.0082615831,0.12256861609999992,0.01225686160625,0.07316393129499996,1.1194214039,0.0,0.0,0.0,0.0,0.0,0.0,0.0,0.0,0.0,0.0,0.0,0.0,0.0,0.0,0.0,0.0,6.477547568026884,10.495905244851484,10.796712275616649,0.0,0,11.20763471600003,/tmp/nussbaum_sine_3hz_struct_runs/optuna_t0119_r01.csv,,"{""alpha"": 22.345471017567306, ""amplitude_deg"": 10.0, ""baudrate"": 1000000.0, ""command_sign"": -1.0, ""control_output_scale"": 1.0, ""current_bias_raw"": -0.38575375309155724, ""current_limit_raw"": 0.0, ""default_mode"": 3.0, ""device"": ""/dev/ttyAMA0"", ""disable_anti_windup"": false, ""disable_freeze_nn_on_saturation"": false, ""disable_freeze_zeta_on_saturation"": false, ""disturb_interval_sec"": 30.0, ""disturb_jitter_sec"": 3.0, ""disturb_mode"": ""mixed"", ""disturb_seed"": -1.0, ""disturbance_placement"": ""mid_move"", ""duration"": 10.0, ""dxl_id"": 6.0, ""enable_disturbance"": false, ""frequency_hz"": 3.0, ""fric_coulomb"": 0.0004526764992484925, ""fric_vel_scale"": 1.137063958192567, ""gamma_adapt"": 13.784306096819106, ""gamma_link"": 0.9758247493884513, ""integral_limit"": 1.6504936083, ""k_delta"": 0.1332323597235593, ""max_abs_e_dot"": 10.0, ""max_control"": 0.20584138854347822, ""max_current_raw"": 92.0, ""max_current_slew"": 50.11342719507255, ""mid_disturbance_offset_sec"": 0.0, ""no_set_current_mode"": false, ""predict_horizon_sec"": 0.0020689082307223964, ""pulse_current_raw_max"": 12.0, ""pulse_current_raw_min"": 4.0, ""pulse_duration_max"": 0.6, ""pulse_duration_min"": 0.15, ""q_abs_guard_deg"": 35.0, ""qd_lpf_alpha"": 0.03638436311782098, ""rate"": 120.0, ""rbf_center_max"": 3.2, ""rbf_center_min"": -3.2, ""rbf_nodes"": 11.0, ""rbf_width"": 1.0865105590704731, ""ref_jump_deg_max"": 8.0, ""ref_jump_deg_min"": 2.0, ""ref_jump_duration_max"": 0.6, ""ref_jump_duration_min"": 0.15, ""reference_shape"": ""sine"", ""reset_zeta_after_motion"": false, ""reset_zeta_on_segment"": false, ""restore_mode"": false, ""sigma_mod"": 0.09271619304497933, ""sine_center_mode"": ""lock"", ""soft_start_sec"": 0.5, ""step_absolute_target_deg"": null, ""step_absolute_target_rad"": null, ""step_delta_deg"": 40.0, ""step_ramp_sec"": 1.0, ""step_segment_sec"": 1.5, ""step_sequence_deg"": """", ""step_shape"": ""smoothstep"", ""step_start_sec"": 0.0, ""tail_err_full_deg"": 4.0, ""tail_err_thresh_deg"": 1.5, ""tail_kd"": 0.06012350016335574, ""tail_kp"": 0.0, ""tail_max_control_boost"": 0.0, ""tail_u_max"": 0.0, ""torque_to_current"": 210.0, ""zeta0"": 0.885692967, ""zeta_leak"": 0.036605346057692174, ""zeta_reset_delay_sec"": 0.0, ""zeta_reset_value"": null, ""zeta_soft"": 0.9242938439464607}"
120,1,0.0,1000000.0,0.0,0.0,inf,inf,inf,inf,0.0,1.0,1.0,0.0,0.0,0.0,0.0,0.0,0.0,0.0,0.0,0.0,0.0,0.0,0.0,0.0,0.0,0.0,0.0,0.0,0.0,0.0,0.0,0.0,0.0,0.0,0.0,inf,inf,inf,1.0,1,7.014023181000084,/tmp/nussbaum_sine_3hz_struct_runs/optuna_t0120_r01.csv,[DBG] t=   4.00s e=  5.04deg u=-0.2920 u_aux=-0.2517 u_rob=-0.0000 u_fric= 0.0026 ta=1.00 cmd=   0.57 slewB=1.00 raw q= 134.65deg | [DBG] t=   5.00s e=  6.35deg u=-0.2920 u_aux=-0.2481 u_rob=-0.0000 u_fric= 0.0026 ta=1.00 cmd=   1.82 slewB=1.00 raw q= 132.80deg | [ERROR] q guard hit: |q-q_center|=36.21 deg > 35.00,"{""alpha"": 12.252647459995117, ""amplitude_deg"": 10.0, ""baudrate"": 1000000.0, ""command_sign"": -1.0, ""control_output_scale"": 1.0, ""current_bias_raw"": -0.36594471878517865, ""current_limit_raw"": 0.0, ""default_mode"": 3.0, ""device"": ""/dev/ttyAMA0"", ""disable_anti_windup"": false, ""disable_freeze_nn_on_saturation"": false, ""disable_freeze_zeta_on_saturation"": false, ""disturb_interval_sec"": 30.0, ""disturb_jitter_sec"": 3.0, ""disturb_mode"": ""mixed"", ""disturb_seed"": -1.0, ""disturbance_placement"": ""mid_move"", ""duration"": 10.0, ""dxl_id"": 6.0, ""enable_disturbance"": false, ""frequency_hz"": 3.0, ""fric_coulomb"": 0.0025744700227269992, ""fric_vel_scale"": 0.7704593313645959, ""gamma_adapt"": 10.283855397056149, ""gamma_link"": 0.9213579733401884, ""integral_limit"": 1.6504936083, ""k_delta"": 0.19285711716116832, ""max_abs_e_dot"": 10.0, ""max_control"": 0.291960909302953, ""max_current_raw"": 88.0, ""max_current_slew"": 166.95908854948738, ""mid_disturbance_offset_sec"": 0.0, ""no_set_current_mode"": false, ""predict_horizon_sec"": 0.0007000674198190853, ""pulse_current_raw_max"": 12.0, ""pulse_current_raw_min"": 4.0, ""pulse_duration_max"": 0.6, ""pulse_duration_min"": 0.15, ""q_abs_guard_deg"": 35.0, ""qd_lpf_alpha"": 0.03341091633523392, ""rate"": 120.0, ""rbf_center_max"": 3.2, ""rbf_center_min"": -3.2, ""rbf_nodes"": 11.0, ""rbf_width"": 0.7002071186008633, ""ref_jump_deg_max"": 8.0, ""ref_jump_deg_min"": 2.0, ""ref_jump_duration_max"": 0.6, ""ref_jump_duration_min"": 0.15, ""reference_shape"": ""sine"", ""reset_zeta_after_motion"": false, ""reset_zeta_on_segment"": false, ""restore_mode"": false, ""sigma_mod"": 0.09178310231765062, ""sine_center_mode"": ""lock"", ""soft_start_sec"": 0.5, ""step_absolute_target_deg"": null, ""step_absolute_target_rad"": null, ""step_delta_deg"": 40.0, ""step_ramp_sec"": 1.0, ""step_segment_sec"": 1.5, ""step_sequence_deg"": """", ""step_shape"": ""smoothstep"", ""step_start_sec"": 0.0, ""tail_err_full_deg"": 4.0, ""tail_err_thresh_deg"": 1.5, ""tail_kd"": 0.07473630056703623, ""tail_kp"": 0.0, ""tail_max_control_boost"": 0.0, ""tail_u_max"": 0.0, ""torque_to_current"": 210.0, ""zeta0"": 0.885692967, ""zeta_leak"": 0.04798776353729117, ""zeta_reset_delay_sec"": 0.0, ""zeta_reset_value"": null, ""zeta_soft"": 0.8641760086671446}"
121,1,1.0,1000233.2825276048,1200.0,9.991750000000001,9.116919023746489,10.475677825659613,16.584176231175686,26.74883266103173,0.560966853801663,0.0,0.17133282608695652,0.8233123664999826,1.459974875,0.8856929757,1.459974875,0.5742818992999998,0.057428190795583325,0.32426199627499996,1.8270081147,0.0,0.0,0.0,0.0,0.0,0.0,0.0,0.0,0.0,0.0,0.0,0.0,0.0,0.0,0.0,0.0,9.191889757573446,16.332825276048613,19.241835528525886,0.0,0,11.314860215999943,/tmp/nussbaum_sine_3hz_struct_runs/optuna_t0121_r01.csv,,"{""alpha"": 3.359853705788906, ""amplitude_deg"": 10.0, ""baudrate"": 1000000.0, ""command_sign"": -1.0, ""control_output_scale"": 1.0, ""current_bias_raw"": -0.8032174590670742, ""current_limit_raw"": 0.0, ""default_mode"": 3.0, ""device"": ""/dev/ttyAMA0"", ""disable_anti_windup"": false, ""disable_freeze_nn_on_saturation"": false, ""disable_freeze_zeta_on_saturation"": false, ""disturb_interval_sec"": 30.0, ""disturb_jitter_sec"": 3.0, ""disturb_mode"": ""mixed"", ""disturb_seed"": -1.0, ""disturbance_placement"": ""mid_move"", ""duration"": 10.0, ""dxl_id"": 6.0, ""enable_disturbance"": false, ""frequency_hz"": 3.0, ""fric_coulomb"": 0.016438142178997996, ""fric_vel_scale"": 0.8588037963468783, ""gamma_adapt"": 12.733561826376821, ""gamma_link"": 0.8492131767531417, ""integral_limit"": 1.6504936083, ""k_delta"": 0.1537644674247865, ""max_abs_e_dot"": 10.0, ""max_control"": 0.15858488985257993, ""max_current_raw"": 46.0, ""max_current_slew"": 186.9885650539485, ""mid_disturbance_offset_sec"": 0.0, ""no_set_current_mode"": false, ""predict_horizon_sec"": 0.0036065840024338057, ""pulse_current_raw_max"": 12.0, ""pulse_current_raw_min"": 4.0, ""pulse_duration_max"": 0.6, ""pulse_duration_min"": 0.15, ""q_abs_guard_deg"": 35.0, ""qd_lpf_alpha"": 0.07621384713941552, ""rate"": 120.0, ""rbf_center_max"": 3.2, ""rbf_center_min"": -3.2, ""rbf_nodes"": 11.0, ""rbf_width"": 0.9113703939316256, ""ref_jump_deg_max"": 8.0, ""ref_jump_deg_min"": 2.0, ""ref_jump_duration_max"": 0.6, ""ref_jump_duration_min"": 0.15, ""reference_shape"": ""sine"", ""reset_zeta_after_motion"": false, ""reset_zeta_on_segment"": false, ""restore_mode"": false, ""sigma_mod"": 0.14596949574105977, ""sine_center_mode"": ""lock"", ""soft_start_sec"": 0.5, ""step_absolute_target_deg"": null, ""step_absolute_target_rad"": null, ""step_delta_deg"": 40.0, ""step_ramp_sec"": 1.0, ""step_segment_sec"": 1.5, ""step_sequence_deg"": """", ""step_shape"": ""smoothstep"", ""step_start_sec"": 0.0, ""tail_err_full_deg"": 4.0, ""tail_err_thresh_deg"": 1.5, ""tail_kd"": 0.023229922282133497, ""tail_kp"": 0.0, ""tail_max_control_boost"": 0.0, ""tail_u_max"": 0.0, ""torque_to_current"": 210.0, ""zeta0"": 0.885692967, ""zeta_leak"": 0.06088935951310866, ""zeta_reset_delay_sec"": 0.0, ""zeta_reset_value"": null, ""zeta_soft"": 0.9863895152053145}"
122,1,0.0,1000000.0,0.0,0.0,inf,inf,inf,inf,0.0,1.0,1.0,0.0,0.0,0.0,0.0,0.0,0.0,0.0,0.0,0.0,0.0,0.0,0.0,0.0,0.0,0.0,0.0,0.0,0.0,0.0,0.0,0.0,0.0,0.0,0.0,inf,inf,inf,1.0,1,3.8867856830001983,/tmp/nussbaum_sine_3hz_struct_runs/optuna_t0122_r01.csv,[DBG] t=   1.00s e=  5.59deg u=-0.2329 u_aux=-0.0992 u_rob=-0.0000 u_fric= 0.0064 ta=1.00 cmd=   0.11 slewB=1.00 raw q= 133.59deg | [DBG] t=   2.00s e=  4.15deg u=-0.1518 u_aux=-0.0949 u_rob=-0.0000 u_fric= 0.0064 ta=1.00 cmd=   2.48 slewB=1.00 raw q= 135.00deg | [ERROR] q guard hit: |q-q_center|=35.33 deg > 35.00,"{""alpha"": 16.018519524960155, ""amplitude_deg"": 10.0, ""baudrate"": 1000000.0, ""command_sign"": -1.0, ""control_output_scale"": 1.0, ""current_bias_raw"": -1.5223179300404956, ""current_limit_raw"": 0.0, ""default_mode"": 3.0, ""device"": ""/dev/ttyAMA0"", ""disable_anti_windup"": false, ""disable_freeze_nn_on_saturation"": false, ""disable_freeze_zeta_on_saturation"": false, ""disturb_interval_sec"": 30.0, ""disturb_jitter_sec"": 3.0, ""disturb_mode"": ""mixed"", ""disturb_seed"": -1.0, ""disturbance_placement"": ""mid_move"", ""duration"": 10.0, ""dxl_id"": 6.0, ""enable_disturbance"": false, ""frequency_hz"": 3.0, ""fric_coulomb"": 0.006455110320047478, ""fric_vel_scale"": 1.1969680396543199, ""gamma_adapt"": 17.198707732477132, ""gamma_link"": 1.0752628829199868, ""integral_limit"": 1.6504936083, ""k_delta"": 0.1274811965352208, ""max_abs_e_dot"": 10.0, ""max_control"": 0.23293445461102905, ""max_current_raw"": 64.0, ""max_current_slew"": 148.44942530724387, ""mid_disturbance_offset_sec"": 0.0, ""no_set_current_mode"": false, ""predict_horizon_sec"": 0.004181483453422617, ""pulse_current_raw_max"": 12.0, ""pulse_current_raw_min"": 4.0, ""pulse_duration_max"": 0.6, ""pulse_duration_min"": 0.15, ""q_abs_guard_deg"": 35.0, ""qd_lpf_alpha"": 0.023779221007518024, ""rate"": 120.0, ""rbf_center_max"": 3.2, ""rbf_center_min"": -3.2, ""rbf_nodes"": 11.0, ""rbf_width"": 0.6096606816432598, ""ref_jump_deg_max"": 8.0, ""ref_jump_deg_min"": 2.0, ""ref_jump_duration_max"": 0.6, ""ref_jump_duration_min"": 0.15, ""reference_shape"": ""sine"", ""reset_zeta_after_motion"": false, ""reset_zeta_on_segment"": false, ""restore_mode"": false, ""sigma_mod"": 0.16037342259912665, ""sine_center_mode"": ""lock"", ""soft_start_sec"": 0.5, ""step_absolute_target_deg"": null, ""step_absolute_target_rad"": null, ""step_delta_deg"": 40.0, ""step_ramp_sec"": 1.0, ""step_segment_sec"": 1.5, ""step_sequence_deg"": """", ""step_shape"": ""smoothstep"", ""step_start_sec"": 0.0, ""tail_err_full_deg"": 4.0, ""tail_err_thresh_deg"": 1.5, ""tail_kd"": 0.028934921771825734, ""tail_kp"": 0.0, ""tail_max_control_boost"": 0.0, ""tail_u_max"": 0.0, ""torque_to_current"": 210.0, ""zeta0"": 0.885692967, ""zeta_leak"": 0.06519358183870319, ""zeta_reset_delay_sec"": 0.0, ""zeta_reset_value"": null, ""zeta_soft"": 0.9942139806835842}"
123,1,0.0,1000000.0,0.0,0.0,inf,inf,inf,inf,0.0,1.0,1.0,0.0,0.0,0.0,0.0,0.0,0.0,0.0,0.0,0.0,0.0,0.0,0.0,0.0,0.0,0.0,0.0,0.0,0.0,0.0,0.0,0.0,0.0,0.0,0.0,inf,inf,inf,1.0,1,4.499001905000114,/tmp/nussbaum_sine_3hz_struct_runs/optuna_t0123_r01.csv,[DBG] t=   2.00s e=  4.43deg u=-0.0742 u_aux=-0.1281 u_rob=-0.0000 u_fric= 0.0177 ta=1.00 cmd=  -0.83 slewB=1.00 raw q= 134.56deg | [DBG] t=   3.00s e= 20.93deg u= 0.2523 u_aux=-0.1497 u_rob=-0.0000 u_fric= 0.0177 ta=1.00 cmd= -10.42 slewB=1.00 raw q= 118.39deg | [ERROR] q guard hit: |q-q_center|=35.16 deg > 35.00,"{""alpha"": 2.320455937571742, ""amplitude_deg"": 10.0, ""baudrate"": 1000000.0, ""command_sign"": -1.0, ""control_output_scale"": 1.0, ""current_bias_raw"": -2.1927119106864628, ""current_limit_raw"": 0.0, ""default_mode"": 3.0, ""device"": ""/dev/ttyAMA0"", ""disable_anti_windup"": false, ""disable_freeze_nn_on_saturation"": false, ""disable_freeze_zeta_on_saturation"": false, ""disturb_interval_sec"": 30.0, ""disturb_jitter_sec"": 3.0, ""disturb_mode"": ""mixed"", ""disturb_seed"": -1.0, ""disturbance_placement"": ""mid_move"", ""duration"": 10.0, ""dxl_id"": 6.0, ""enable_disturbance"": false, ""frequency_hz"": 3.0, ""fric_coulomb"": 0.017750345604077247, ""fric_vel_scale"": 0.7491922666494887, ""gamma_adapt"": 18.457610008382698, ""gamma_link"": 0.9490064168037711, ""integral_limit"": 1.6504936083, ""k_delta"": 0.12136611465563203, ""max_abs_e_dot"": 10.0, ""max_control"": 0.25230741352569314, ""max_current_raw"": 63.0, ""max_current_slew"": 91.12827793209578, ""mid_disturbance_offset_sec"": 0.0, ""no_set_current_mode"": false, ""predict_horizon_sec"": 0.00445363405203598, ""pulse_current_raw_max"": 12.0, ""pulse_current_raw_min"": 4.0, ""pulse_duration_max"": 0.6, ""pulse_duration_min"": 0.15, ""q_abs_guard_deg"": 35.0, ""qd_lpf_alpha"": 0.0793741620187752, ""rate"": 120.0, ""rbf_center_max"": 3.2, ""rbf_center_min"": -3.2, ""rbf_nodes"": 11.0, ""rbf_width"": 1.0503186556480182, ""ref_jump_deg_max"": 8.0, ""ref_jump_deg_min"": 2.0, ""ref_jump_duration_max"": 0.6, ""ref_jump_duration_min"": 0.15, ""reference_shape"": ""sine"", ""reset_zeta_after_motion"": false, ""reset_zeta_on_segment"": false, ""restore_mode"": false, ""sigma_mod"": 0.2213900171074162, ""sine_center_mode"": ""lock"", ""soft_start_sec"": 0.5, ""step_absolute_target_deg"": null, ""step_absolute_target_rad"": null, ""step_delta_deg"": 40.0, ""step_ramp_sec"": 1.0, ""step_segment_sec"": 1.5, ""step_sequence_deg"": """", ""step_shape"": ""smoothstep"", ""step_start_sec"": 0.0, ""tail_err_full_deg"": 4.0, ""tail_err_thresh_deg"": 1.5, ""tail_kd"": 0.0380412464778539, ""tail_kp"": 0.0, ""tail_max_control_boost"": 0.0, ""tail_u_max"": 0.0, ""torque_to_current"": 210.0, ""zeta0"": 0.885692967, ""zeta_leak"": 0.0590202436537279, ""zeta_reset_delay_sec"": 0.0, ""zeta_reset_value"": null, ""zeta_soft"": 1.0096343183861212}"
124,1,0.0,1000000.0,0.0,0.0,inf,inf,inf,inf,0.0,1.0,1.0,0.0,0.0,0.0,0.0,0.0,0.0,0.0,0.0,0.0,0.0,0.0,0.0,0.0,0.0,0.0,0.0,0.0,0.0,0.0,0.0,0.0,0.0,0.0,0.0,inf,inf,inf,1.0,1,8.37881547699999,/tmp/nussbaum_sine_3hz_struct_runs/optuna_t0124_r01.csv,[DBG] t=   6.00s e=  9.01deg u=-0.1511 u_aux=-0.2080 u_rob=-0.0000 u_fric= 0.0162 ta=1.00 cmd=   2.70 slewB=1.00 raw q= 129.90deg | [DBG] t=   7.00s e= 20.94deg u= 0.1511 u_aux=-0.2302 u_rob=-0.0000 u_fric= 0.0162 ta=1.00 cmd= -22.19 slewB=1.00 raw q= 118.04deg | [ERROR] q guard hit: |q-q_center|=35.77 deg > 35.00,"{""alpha"": 7.976476340831331, ""amplitude_deg"": 10.0, ""baudrate"": 1000000.0, ""command_sign"": -1.0, ""control_output_scale"": 1.0, ""current_bias_raw"": -2.19137040573435, ""current_limit_raw"": 0.0, ""default_mode"": 3.0, ""device"": ""/dev/ttyAMA0"", ""disable_anti_windup"": false, ""disable_freeze_nn_on_saturation"": false, ""disable_freeze_zeta_on_saturation"": false, ""disturb_interval_sec"": 30.0, ""disturb_jitter_sec"": 3.0, ""disturb_mode"": ""mixed"", ""disturb_seed"": -1.0, ""disturbance_placement"": ""mid_move"", ""duration"": 10.0, ""dxl_id"": 6.0, ""enable_disturbance"": false, ""frequency_hz"": 3.0, ""fric_coulomb"": 0.016161207721390895, ""fric_vel_scale"": 0.7968554396282372, ""gamma_adapt"": 12.75246955646144, ""gamma_link"": 0.8323039315529481, ""integral_limit"": 1.6504936083, ""k_delta"": 0.08545092360836104, ""max_abs_e_dot"": 10.0, ""max_control"": 0.15113159699882012, ""max_current_raw"": 90.0, ""max_current_slew"": 178.3134211414431, ""mid_disturbance_offset_sec"": 0.0, ""no_set_current_mode"": false, ""predict_horizon_sec"": 0.0025301642564143404, ""pulse_current_raw_max"": 12.0, ""pulse_current_raw_min"": 4.0, ""pulse_duration_max"": 0.6, ""pulse_duration_min"": 0.15, ""q_abs_guard_deg"": 35.0, ""qd_lpf_alpha"": 0.07201191710937578, ""rate"": 120.0, ""rbf_center_max"": 3.2, ""rbf_center_min"": -3.2, ""rbf_nodes"": 11.0, ""rbf_width"": 0.9016884321597222, ""ref_jump_deg_max"": 8.0, ""ref_jump_deg_min"": 2.0, ""ref_jump_duration_max"": 0.6, ""ref_jump_duration_min"": 0.15, ""reference_shape"": ""sine"", ""reset_zeta_after_motion"": false, ""reset_zeta_on_segment"": false, ""restore_mode"": false, ""sigma_mod"": 0.23481004929458293, ""sine_center_mode"": ""lock"", ""soft_start_sec"": 0.5, ""step_absolute_target_deg"": null, ""step_absolute_target_rad"": null, ""step_delta_deg"": 40.0, ""step_ramp_sec"": 1.0, ""step_segment_sec"": 1.5, ""step_sequence_deg"": """", ""step_shape"": ""smoothstep"", ""step_start_sec"": 0.0, ""tail_err_full_deg"": 4.0, ""tail_err_thresh_deg"": 1.5, ""tail_kd"": 0.05904993050742317, ""tail_kp"": 0.0, ""tail_max_control_boost"": 0.0, ""tail_u_max"": 0.0, ""torque_to_current"": 210.0, ""zeta0"": 0.885692967, ""zeta_leak"": 0.07330233641919531, ""zeta_reset_delay_sec"": 0.0, ""zeta_reset_value"": null, ""zeta_soft"": 0.8654891753013733}"
125,1,1.0,54.92946063230361,1200.0,9.992879,8.948315491835773,10.333675695239135,16.982305481405117,27.018624134166068,0.7167295061736375,0.0,0.13177481818181816,0.8380578511256901,1.294821632,0.8856905603,1.294821632,0.40913107169999985,0.04091286649583334,0.2651038474499999,0.779157272,0.0,0.0,0.0,0.0,0.0,0.0,0.0,0.0,0.0,0.0,0.0,0.0,0.0,0.0,0.0,0.0,8.690938114669745,13.986700499980683,14.578606209072273,0.0,0,11.330525214999398,/tmp/nussbaum_sine_3hz_struct_runs/optuna_t0125_r01.csv,,"{""alpha"": 5.075284407124185, ""amplitude_deg"": 10.0, ""baudrate"": 1000000.0, ""command_sign"": -1.0, ""control_output_scale"": 1.0, ""current_bias_raw"": -1.986152122080986, ""current_limit_raw"": 0.0, ""default_mode"": 3.0, ""device"": ""/dev/ttyAMA0"", ""disable_anti_windup"": false, ""disable_freeze_nn_on_saturation"": false, ""disable_freeze_zeta_on_saturation"": false, ""disturb_interval_sec"": 30.0, ""disturb_jitter_sec"": 3.0, ""disturb_mode"": ""mixed"", ""disturb_seed"": -1.0, ""disturbance_placement"": ""mid_move"", ""duration"": 10.0, ""dxl_id"": 6.0, ""enable_disturbance"": false, ""frequency_hz"": 3.0, ""fric_coulomb"": 0.017616522117542412, ""fric_vel_scale"": 1.0713348582910025, ""gamma_adapt"": 8.496788011117335, ""gamma_link"": 0.9971220969344898, ""integral_limit"": 1.6504936083, ""k_delta"": 0.1553869108434304, ""max_abs_e_dot"": 10.0, ""max_control"": 0.18730392900609885, ""max_current_raw"": 55.0, ""max_current_slew"": 167.64590080319604, ""mid_disturbance_offset_sec"": 0.0, ""no_set_current_mode"": false, ""predict_horizon_sec"": 0.004354394050742304, ""pulse_current_raw_max"": 12.0, ""pulse_current_raw_min"": 4.0, ""pulse_duration_max"": 0.6, ""pulse_duration_min"": 0.15, ""q_abs_guard_deg"": 35.0, ""qd_lpf_alpha"": 0.07408614062973316, ""rate"": 120.0, ""rbf_center_max"": 3.2, ""rbf_center_min"": -3.2, ""rbf_nodes"": 11.0, ""rbf_width"": 0.9370766710247608, ""ref_jump_deg_max"": 8.0, ""ref_jump_deg_min"": 2.0, ""ref_jump_duration_max"": 0.6, ""ref_jump_duration_min"": 0.15, ""reference_shape"": ""sine"", ""reset_zeta_after_motion"": false, ""reset_zeta_on_segment"": false, ""restore_mode"": false, ""sigma_mod"": 0.22453271452930704, ""sine_center_mode"": ""lock"", ""soft_start_sec"": 0.5, ""step_absolute_target_deg"": null, ""step_absolute_target_rad"": null, ""step_delta_deg"": 40.0, ""step_ramp_sec"": 1.0, ""step_segment_sec"": 1.5, ""step_sequence_deg"": """", ""step_shape"": ""smoothstep"", ""step_start_sec"": 0.0, ""tail_err_full_deg"": 4.0, ""tail_err_thresh_deg"": 1.5, ""tail_kd"": 0.05026855498651056, ""tail_kp"": 0.0, ""tail_max_control_boost"": 0.0, ""tail_u_max"": 0.0, ""torque_to_current"": 210.0, ""zeta0"": 0.885692967, ""zeta_leak"": 0.05503571240164279, ""zeta_reset_delay_sec"": 0.0, ""zeta_reset_value"": null, ""zeta_soft"": 0.8804186675815222}"
126,1,1.0,1000003.6337161795,1200.0,9.991781000000001,8.770377720961424,10.076357905709385,14.659547401307824,28.36337161795351,0.6319542861502788,0.0,0.14928244444444444,0.9186466459778867,1.0024795647,0.885692967,1.0024795647,0.1167865977,0.011678659774416667,0.07988640086999996,0.2861894986,0.0,0.0,0.0,0.0,0.0,0.0,0.0,0.0,0.0,0.0,0.0,0.0,0.0,0.0,0.0,0.0,8.645541696487358,14.290654122424021,15.723796222770899,0.0,0,11.159610845000316,/tmp/nussbaum_sine_3hz_struct_runs/optuna_t0126_r01.csv,,"{""alpha"": 11.08137234005983, ""amplitude_deg"": 10.0, ""baudrate"": 1000000.0, ""command_sign"": -1.0, ""control_output_scale"": 1.0, ""current_bias_raw"": -1.380874667920188, ""current_limit_raw"": 0.0, ""default_mode"": 3.0, ""device"": ""/dev/ttyAMA0"", ""disable_anti_windup"": false, ""disable_freeze_nn_on_saturation"": false, ""disable_freeze_zeta_on_saturation"": false, ""disturb_interval_sec"": 30.0, ""disturb_jitter_sec"": 3.0, ""disturb_mode"": ""mixed"", ""disturb_seed"": -1.0, ""disturbance_placement"": ""mid_move"", ""duration"": 10.0, ""dxl_id"": 6.0, ""enable_disturbance"": false, ""frequency_hz"": 3.0, ""fric_coulomb"": 0.014232591467230066, ""fric_vel_scale"": 1.1681370490049308, ""gamma_adapt"": 6.048074524210142, ""gamma_link"": 1.0996174878666802, ""integral_limit"": 1.6504936083, ""k_delta"": 0.14245108519496222, ""max_abs_e_dot"": 10.0, ""max_control"": 0.18176455864903115, ""max_current_raw"": 45.0, ""max_current_slew"": 155.5909852323962, ""mid_disturbance_offset_sec"": 0.0, ""no_set_current_mode"": false, ""predict_horizon_sec"": 0.004437569982704924, ""pulse_current_raw_max"": 12.0, ""pulse_current_raw_min"": 4.0, ""pulse_duration_max"": 0.6, ""pulse_duration_min"": 0.15, ""q_abs_guard_deg"": 35.0, ""qd_lpf_alpha"": 0.07773428026305058, ""rate"": 120.0, ""rbf_center_max"": 3.2, ""rbf_center_min"": -3.2, ""rbf_nodes"": 11.0, ""rbf_width"": 1.2214868192826698, ""ref_jump_deg_max"": 8.0, ""ref_jump_deg_min"": 2.0, ""ref_jump_duration_max"": 0.6, ""ref_jump_duration_min"": 0.15, ""reference_shape"": ""sine"", ""reset_zeta_after_motion"": false, ""reset_zeta_on_segment"": false, ""restore_mode"": false, ""sigma_mod"": 0.24168211701127418, ""sine_center_mode"": ""lock"", ""soft_start_sec"": 0.5, ""step_absolute_target_deg"": null, ""step_absolute_target_rad"": null, ""step_delta_deg"": 40.0, ""step_ramp_sec"": 1.0, ""step_segment_sec"": 1.5, ""step_sequence_deg"": """", ""step_shape"": ""smoothstep"", ""step_start_sec"": 0.0, ""tail_err_full_deg"": 4.0, ""tail_err_thresh_deg"": 1.5, ""tail_kd"": 0.04082041192140967, ""tail_kp"": 0.0, ""tail_max_control_boost"": 0.0, ""tail_u_max"": 0.0, ""torque_to_current"": 210.0, ""zeta0"": 0.885692967, ""zeta_leak"": 0.04602845874894255, ""zeta_reset_delay_sec"": 0.0, ""zeta_reset_value"": null, ""zeta_soft"": 0.8887052230469158}"
127,1,0.0,1000000.0,0.0,0.0,inf,inf,inf,inf,0.0,1.0,1.0,0.0,0.0,0.0,0.0,0.0,0.0,0.0,0.0,0.0,0.0,0.0,0.0,0.0,0.0,0.0,0.0,0.0,0.0,0.0,0.0,0.0,0.0,0.0,0.0,inf,inf,inf,1.0,1,6.63901988499947,/tmp/nussbaum_sine_3hz_struct_runs/optuna_t0127_r01.csv,[DBG] t=   4.00s e=  5.32deg u=-0.1899 u_aux=-0.2430 u_rob=-0.0000 u_fric= 0.0045 ta=1.00 cmd=   1.25 slewB=1.00 raw q= 134.12deg | [DBG] t=   5.00s e=  6.69deg u=-0.1616 u_aux=-0.2375 u_rob=-0.0000 u_fric= 0.0045 ta=1.00 cmd=  -1.59 slewB=1.00 raw q= 132.71deg | [ERROR] q guard hit: |q-q_center|=35.51 deg > 35.00,"{""alpha"": 18.415400067209575, ""amplitude_deg"": 10.0, ""baudrate"": 1000000.0, ""command_sign"": -1.0, ""control_output_scale"": 1.0, ""current_bias_raw"": -1.805874082960583, ""current_limit_raw"": 0.0, ""default_mode"": 3.0, ""device"": ""/dev/ttyAMA0"", ""disable_anti_windup"": false, ""disable_freeze_nn_on_saturation"": false, ""disable_freeze_zeta_on_saturation"": false, ""disturb_interval_sec"": 30.0, ""disturb_jitter_sec"": 3.0, ""disturb_mode"": ""mixed"", ""disturb_seed"": -1.0, ""disturbance_placement"": ""mid_move"", ""duration"": 10.0, ""dxl_id"": 6.0, ""enable_disturbance"": false, ""frequency_hz"": 3.0, ""fric_coulomb"": 0.004522841667755144, ""fric_vel_scale"": 0.8012689649840854, ""gamma_adapt"": 19.53931048962545, ""gamma_link"": 0.998765289934763, ""integral_limit"": 1.6504936083, ""k_delta"": 0.10521206163609591, ""max_abs_e_dot"": 10.0, ""max_control"": 0.18991262727905225, ""max_current_raw"": 47.0, ""max_current_slew"": 107.59752405081065, ""mid_disturbance_offset_sec"": 0.0, ""no_set_current_mode"": false, ""predict_horizon_sec"": 0.004229865401376823, ""pulse_current_raw_max"": 12.0, ""pulse_current_raw_min"": 4.0, ""pulse_duration_max"": 0.6, ""pulse_duration_min"": 0.15, ""q_abs_guard_deg"": 35.0, ""qd_lpf_alpha"": 0.04722244456406706, ""rate"": 120.0, ""rbf_center_max"": 3.2, ""rbf_center_min"": -3.2, ""rbf_nodes"": 11.0, ""rbf_width"": 0.7496134742845113, ""ref_jump_deg_max"": 8.0, ""ref_jump_deg_min"": 2.0, ""ref_jump_duration_max"": 0.6, ""ref_jump_duration_min"": 0.15, ""reference_shape"": ""sine"", ""reset_zeta_after_motion"": false, ""reset_zeta_on_segment"": false, ""restore_mode"": false, ""sigma_mod"": 0.2099553651440349, ""sine_center_mode"": ""lock"", ""soft_start_sec"": 0.5, ""step_absolute_target_deg"": null, ""step_absolute_target_rad"": null, ""step_delta_deg"": 40.0, ""step_ramp_sec"": 1.0, ""step_segment_sec"": 1.5, ""step_sequence_deg"": """", ""step_shape"": ""smoothstep"", ""step_start_sec"": 0.0, ""tail_err_full_deg"": 4.0, ""tail_err_thresh_deg"": 1.5, ""tail_kd"": 0.07273913062087789, ""tail_kp"": 0.0, ""tail_max_control_boost"": 0.0, ""tail_u_max"": 0.0, ""torque_to_current"": 210.0, ""zeta0"": 0.885692967, ""zeta_leak"": 0.05731534386246216, ""zeta_reset_delay_sec"": 0.0, ""zeta_reset_value"": null, ""zeta_soft"": 0.8879959723911001}"
128,1,1.0,1000090.5497324135,1200.0,9.992516,9.667131568787887,11.396628426573612,18.91870915087788,37.0549732413527,0.9259037499779593,0.0,0.1742371732026144,0.855768948454492,1.2162354572,0.885692967,1.2162354572,0.33054249020000004,0.033054249017416666,0.2359474841699999,0.7834935354,0.0,0.0,0.0,0.0,0.0,0.0,0.0,0.0,0.0,0.0,0.0,0.0,0.0,0.0,0.0,0.0,9.23312700083984,15.628285911286966,18.448614920770613,0.0,0,11.210383362999892,/tmp/nussbaum_sine_3hz_struct_runs/optuna_t0128_r01.csv,,"{""alpha"": 7.7092437766593385, ""amplitude_deg"": 10.0, ""baudrate"": 1000000.0, ""command_sign"": -1.0, ""control_output_scale"": 1.0, ""current_bias_raw"": -2.1541003533209726, ""current_limit_raw"": 0.0, ""default_mode"": 3.0, ""device"": ""/dev/ttyAMA0"", ""disable_anti_windup"": false, ""disable_freeze_nn_on_saturation"": false, ""disable_freeze_zeta_on_saturation"": false, ""disturb_interval_sec"": 30.0, ""disturb_jitter_sec"": 3.0, ""disturb_mode"": ""mixed"", ""disturb_seed"": -1.0, ""disturbance_placement"": ""mid_move"", ""duration"": 10.0, ""dxl_id"": 6.0, ""enable_disturbance"": false, ""frequency_hz"": 3.0, ""fric_coulomb"": 0.013851627401745756, ""fric_vel_scale"": 1.095427855073267, ""gamma_adapt"": 11.716046177612602, ""gamma_link"": 0.9394085195384054, ""integral_limit"": 1.6504936083, ""k_delta"": 0.1629618113008019, ""max_abs_e_dot"": 10.0, ""max_control"": 0.18698234077500245, ""max_current_raw"": 51.0, ""max_current_slew"": 205.16340607532936, ""mid_disturbance_offset_sec"": 0.0, ""no_set_current_mode"": false, ""predict_horizon_sec"": 0.0039524679369673755, ""pulse_current_raw_max"": 12.0, ""pulse_current_raw_min"": 4.0, ""pulse_duration_max"": 0.6, ""pulse_duration_min"": 0.15, ""q_abs_guard_deg"": 35.0, ""qd_lpf_alpha"": 0.07187133715725119, ""rate"": 120.0, ""rbf_center_max"": 3.2, ""rbf_center_min"": -3.2, ""rbf_nodes"": 11.0, ""rbf_width"": 0.9755243043677646, ""ref_jump_deg_max"": 8.0, ""ref_jump_deg_min"": 2.0, ""ref_jump_duration_max"": 0.6, ""ref_jump_duration_min"": 0.15, ""reference_shape"": ""sine"", ""reset_zeta_after_motion"": false, ""reset_zeta_on_segment"": false, ""restore_mode"": false, ""sigma_mod"": 0.25121405567469707, ""sine_center_mode"": ""lock"", ""soft_start_sec"": 0.5, ""step_absolute_target_deg"": null, ""step_absolute_target_rad"": null, ""step_delta_deg"": 40.0, ""step_ramp_sec"": 1.0, ""step_segment_sec"": 1.5, ""step_sequence_deg"": """", ""step_shape"": ""smoothstep"", ""step_start_sec"": 0.0, ""tail_err_full_deg"": 4.0, ""tail_err_thresh_deg"": 1.5, ""tail_kd"": 0.05573052094447163, ""tail_kp"": 0.0, ""tail_max_control_boost"": 0.0, ""tail_u_max"": 0.0, ""torque_to_current"": 210.0, ""zeta0"": 0.885692967, ""zeta_leak"": 0.06659335215408012, ""zeta_reset_delay_sec"": 0.0, ""zeta_reset_value"": null, ""zeta_soft"": 0.9204891680827845}"
129,1,0.0,1000000.0,0.0,0.0,inf,inf,inf,inf,0.0,1.0,1.0,0.0,0.0,0.0,0.0,0.0,0.0,0.0,0.0,0.0,0.0,0.0,0.0,0.0,0.0,0.0,0.0,0.0,0.0,0.0,0.0,0.0,0.0,0.0,0.0,inf,inf,inf,1.0,1,4.481632052999885,/tmp/nussbaum_sine_3hz_struct_runs/optuna_t0129_r01.csv,[DBG] t=   2.00s e=  2.13deg u=-0.2776 u_aux=-0.1873 u_rob=-0.0000 u_fric= 0.0027 ta=0.16 cmd=   1.94 slewB=1.00 raw q= 137.20deg | [DBG] t=   3.00s e= 17.21deg u= 0.2950 u_aux=-0.2277 u_rob=-0.0000 u_fric= 0.0027 ta=1.00 cmd= -11.64 slewB=1.00 raw q= 122.17deg | [ERROR] q guard hit: |q-q_center|=35.60 deg > 35.00,"{""alpha"": 22.273842141933358, ""amplitude_deg"": 10.0, ""baudrate"": 1000000.0, ""command_sign"": -1.0, ""control_output_scale"": 1.0, ""current_bias_raw"": -1.494269759922747, ""current_limit_raw"": 0.0, ""default_mode"": 3.0, ""device"": ""/dev/ttyAMA0"", ""disable_anti_windup"": false, ""disable_freeze_nn_on_saturation"": false, ""disable_freeze_zeta_on_saturation"": false, ""disturb_interval_sec"": 30.0, ""disturb_jitter_sec"": 3.0, ""disturb_mode"": ""mixed"", ""disturb_seed"": -1.0, ""disturbance_placement"": ""mid_move"", ""duration"": 10.0, ""dxl_id"": 6.0, ""enable_disturbance"": false, ""frequency_hz"": 3.0, ""fric_coulomb"": 0.00273134382697103, ""fric_vel_scale"": 1.0565509374217221, ""gamma_adapt"": 14.524090749323978, ""gamma_link"": 1.1035717475688387, ""integral_limit"": 1.6504936083, ""k_delta"": 0.1690385108285767, ""max_abs_e_dot"": 10.0, ""max_control"": 0.29499525646504315, ""max_current_raw"": 84.0, ""max_current_slew"": 124.75976395065345, ""mid_disturbance_offset_sec"": 0.0, ""no_set_current_mode"": false, ""predict_horizon_sec"": 0.0013991686496643506, ""pulse_current_raw_max"": 12.0, ""pulse_current_raw_min"": 4.0, ""pulse_duration_max"": 0.6, ""pulse_duration_min"": 0.15, ""q_abs_guard_deg"": 35.0, ""qd_lpf_alpha"": 0.04341205682515425, ""rate"": 120.0, ""rbf_center_max"": 3.2, ""rbf_center_min"": -3.2, ""rbf_nodes"": 11.0, ""rbf_width"": 0.6061310161167862, ""ref_jump_deg_max"": 8.0, ""ref_jump_deg_min"": 2.0, ""ref_jump_duration_max"": 0.6, ""ref_jump_duration_min"": 0.15, ""reference_shape"": ""sine"", ""reset_zeta_after_motion"": false, ""reset_zeta_on_segment"": false, ""restore_mode"": false, ""sigma_mod"": 0.0904027929071288, ""sine_center_mode"": ""lock"", ""soft_start_sec"": 0.5, ""step_absolute_target_deg"": null, ""step_absolute_target_rad"": null, ""step_delta_deg"": 40.0, ""step_ramp_sec"": 1.0, ""step_segment_sec"": 1.5, ""step_sequence_deg"": """", ""step_shape"": ""smoothstep"", ""step_start_sec"": 0.0, ""tail_err_full_deg"": 4.0, ""tail_err_thresh_deg"": 1.5, ""tail_kd"": 0.05691333778544784, ""tail_kp"": 0.0, ""tail_max_control_boost"": 0.0, ""tail_u_max"": 0.0, ""torque_to_current"": 210.0, ""zeta0"": 0.885692967, ""zeta_leak"": 0.033307549769294696, ""zeta_reset_delay_sec"": 0.0, ""zeta_reset_value"": null, ""zeta_soft"": 0.9593690880200856}"
130,1,1.0,1000030.0817097299,1199.0,9.99186,9.132403055879383,10.684746837612607,17.33944023193299,31.008170972989475,0.7619092134230344,0.0,0.11156810569654607,0.8455278826123533,1.1267419606,0.885692967,1.1267419606,0.24104899359999998,0.02412500352468724,0.15749888399999995,0.721491034,0.0,0.0,0.0,0.0,0.0,0.0,0.0,0.0,0.0,0.0,0.0,0.0,0.0,0.0,0.0,0.0,8.816381540010807,15.484736735557677,16.631812110425976,0.0,0,11.241858215999855,/tmp/nussbaum_sine_3hz_struct_runs/optuna_t0130_r01.csv,,"{""alpha"": 6.640878092877791, ""amplitude_deg"": 10.0, ""baudrate"": 1000000.0, ""command_sign"": -1.0, ""control_output_scale"": 1.0, ""current_bias_raw"": -1.4903868778225249, ""current_limit_raw"": 0.0, ""default_mode"": 3.0, ""device"": ""/dev/ttyAMA0"", ""disable_anti_windup"": false, ""disable_freeze_nn_on_saturation"": false, ""disable_freeze_zeta_on_saturation"": false, ""disturb_interval_sec"": 30.0, ""disturb_jitter_sec"": 3.0, ""disturb_mode"": ""mixed"", ""disturb_seed"": -1.0, ""disturbance_placement"": ""mid_move"", ""duration"": 10.0, ""dxl_id"": 6.0, ""enable_disturbance"": false, ""frequency_hz"": 3.0, ""fric_coulomb"": 0.015645738407327844, ""fric_vel_scale"": 0.8191063244290415, ""gamma_adapt"": 7.121490784963706, ""gamma_link"": 0.9273982296480131, ""integral_limit"": 1.6504936083, ""k_delta"": 0.13563631008746416, ""max_abs_e_dot"": 10.0, ""max_control"": 0.15405627373931047, ""max_current_raw"": 63.0, ""max_current_slew"": 162.76016661067564, ""mid_disturbance_offset_sec"": 0.0, ""no_set_current_mode"": false, ""predict_horizon_sec"": 0.004162511529721142, ""pulse_current_raw_max"": 12.0, ""pulse_current_raw_min"": 4.0, ""pulse_duration_max"": 0.6, ""pulse_duration_min"": 0.15, ""q_abs_guard_deg"": 35.0, ""qd_lpf_alpha"": 0.061970446882575, ""rate"": 120.0, ""rbf_center_max"": 3.2, ""rbf_center_min"": -3.2, ""rbf_nodes"": 11.0, ""rbf_width"": 0.8518615794870543, ""ref_jump_deg_max"": 8.0, ""ref_jump_deg_min"": 2.0, ""ref_jump_duration_max"": 0.6, ""ref_jump_duration_min"": 0.15, ""reference_shape"": ""sine"", ""reset_zeta_after_motion"": false, ""reset_zeta_on_segment"": false, ""restore_mode"": false, ""sigma_mod"": 0.2121266506883715, ""sine_center_mode"": ""lock"", ""soft_start_sec"": 0.5, ""step_absolute_target_deg"": null, ""step_absolute_target_rad"": null, ""step_delta_deg"": 40.0, ""step_ramp_sec"": 1.0, ""step_segment_sec"": 1.5, ""step_sequence_deg"": """", ""step_shape"": ""smoothstep"", ""step_start_sec"": 0.0, ""tail_err_full_deg"": 4.0, ""tail_err_thresh_deg"": 1.5, ""tail_kd"": 0.047919124112815924, ""tail_kp"": 0.0, ""tail_max_control_boost"": 0.0, ""tail_u_max"": 0.0, ""torque_to_current"": 210.0, ""zeta0"": 0.885692967, ""zeta_leak"": 0.04576845897001523, ""zeta_reset_delay_sec"": 0.0, ""zeta_reset_value"": null, ""zeta_soft"": 0.8859683335816471}"
131,1,1.0,1000069.1394242374,1200.0,9.992198,8.088338494934899,9.184182314686542,14.449164055254101,18.096623857022603,0.48086057576260866,0.0,0.079221796875,0.8845347770106681,1.0173438591,0.8856929764,1.0173438591,0.13165088269999992,0.013165089209083332,0.09535871325499988,0.7279408881,0.0,0.0,0.0,0.0,0.0,0.0,0.0,0.0,0.0,0.0,0.0,0.0,0.0,0.0,0.0,0.0,8.024576518949212,13.89356452302146,14.446074310156531,0.0,0,11.12349741900016,/tmp/nussbaum_sine_3hz_struct_runs/optuna_t0131_r01.csv,,"{""alpha"": 10.529252325474248, ""amplitude_deg"": 10.0, ""baudrate"": 1000000.0, ""command_sign"": -1.0, ""control_output_scale"": 1.0, ""current_bias_raw"": -0.8997252105442743, ""current_limit_raw"": 0.0, ""default_mode"": 3.0, ""device"": ""/dev/ttyAMA0"", ""disable_anti_windup"": false, ""disable_freeze_nn_on_saturation"": false, ""disable_freeze_zeta_on_saturation"": false, ""disturb_interval_sec"": 30.0, ""disturb_jitter_sec"": 3.0, ""disturb_mode"": ""mixed"", ""disturb_seed"": -1.0, ""disturbance_placement"": ""mid_move"", ""duration"": 10.0, ""dxl_id"": 6.0, ""enable_disturbance"": false, ""frequency_hz"": 3.0, ""fric_coulomb"": 0.009013493060306538, ""fric_vel_scale"": 0.7804665138156357, ""gamma_adapt"": 20.15566946437554, ""gamma_link"": 1.06478916087641, ""integral_limit"": 1.6504936083, ""k_delta"": 0.10578242466556764, ""max_abs_e_dot"": 10.0, ""max_control"": 0.13989302154039665, ""max_current_raw"": 64.0, ""max_current_slew"": 116.63479223306446, ""mid_disturbance_offset_sec"": 0.0, ""no_set_current_mode"": false, ""predict_horizon_sec"": 0.004255816205570564, ""pulse_current_raw_max"": 12.0, ""pulse_current_raw_min"": 4.0, ""pulse_duration_max"": 0.6, ""pulse_duration_min"": 0.15, ""q_abs_guard_deg"": 35.0, ""qd_lpf_alpha"": 0.05418643884704871, ""rate"": 120.0, ""rbf_center_max"": 3.2, ""rbf_center_min"": -3.2, ""rbf_nodes"": 11.0, ""rbf_width"": 0.974070399281975, ""ref_jump_deg_max"": 8.0, ""ref_jump_deg_min"": 2.0, ""ref_jump_duration_max"": 0.6, ""ref_jump_duration_min"": 0.15, ""reference_shape"": ""sine"", ""reset_zeta_after_motion"": false, ""reset_zeta_on_segment"": false, ""restore_mode"": false, ""sigma_mod"": 0.13313609953946903, ""sine_center_mode"": ""lock"", ""soft_start_sec"": 0.5, ""step_absolute_target_deg"": null, ""step_absolute_target_rad"": null, ""step_delta_deg"": 40.0, ""step_ramp_sec"": 1.0, ""step_segment_sec"": 1.5, ""step_sequence_deg"": """", ""step_shape"": ""smoothstep"", ""step_start_sec"": 0.0, ""tail_err_full_deg"": 4.0, ""tail_err_thresh_deg"": 1.5, ""tail_kd"": 0.07309494986543943, ""tail_kp"": 0.0, ""tail_max_control_boost"": 0.0, ""tail_u_max"": 0.0, ""torque_to_current"": 210.0, ""zeta0"": 0.885692967, ""zeta_leak"": 0.03440153123249317, ""zeta_reset_delay_sec"": 0.0, ""zeta_reset_value"": null, ""zeta_soft"": 0.9524029724181308}"
132,1,1.0,1000100.5098518889,1200.0,9.991764,7.3424290157946475,8.459421604256335,14.126756958795362,21.104473965534424,0.44949014811113336,0.0,0.0506942349726776,0.933627469903025,0.9537960501,0.8856903459,0.9537960501,0.06810570420000006,0.006810308309583333,0.07067892462999995,0.303695392,0.0,0.0,0.0,0.0,0.0,0.0,0.0,0.0,0.0,0.0,0.0,0.0,0.0,0.0,0.0,0.0,7.076427171402318,11.638404992518854,12.09120976794845,0.0,0,11.089801418999741,/tmp/nussbaum_sine_3hz_struct_runs/optuna_t0132_r01.csv,,"{""alpha"": 2.428799794448917, ""amplitude_deg"": 10.0, ""baudrate"": 1000000.0, ""command_sign"": -1.0, ""control_output_scale"": 1.0, ""current_bias_raw"": -0.32884336981415124, ""current_limit_raw"": 0.0, ""default_mode"": 3.0, ""device"": ""/dev/ttyAMA0"", ""disable_anti_windup"": false, ""disable_freeze_nn_on_saturation"": false, ""disable_freeze_zeta_on_saturation"": false, ""disturb_interval_sec"": 30.0, ""disturb_jitter_sec"": 3.0, ""disturb_mode"": ""mixed"", ""disturb_seed"": -1.0, ""disturbance_placement"": ""mid_move"", ""duration"": 10.0, ""dxl_id"": 6.0, ""enable_disturbance"": false, ""frequency_hz"": 3.0, ""fric_coulomb"": 0.01282932478634436, ""fric_vel_scale"": 0.6675213865492707, ""gamma_adapt"": 20.273925640705073, ""gamma_link"": 0.8135705272769701, ""integral_limit"": 1.6504936083, ""k_delta"": 0.16962712916143602, ""max_abs_e_dot"": 10.0, ""max_control"": 0.1789781802677747, ""max_current_raw"": 61.0, ""max_current_slew"": 68.46446842463789, ""mid_disturbance_offset_sec"": 0.0, ""no_set_current_mode"": false, ""predict_horizon_sec"": 0.0010739128978982076, ""pulse_current_raw_max"": 12.0, ""pulse_current_raw_min"": 4.0, ""pulse_duration_max"": 0.6, ""pulse_duration_min"": 0.15, ""q_abs_guard_deg"": 35.0, ""qd_lpf_alpha"": 0.0761231880094242, ""rate"": 120.0, ""rbf_center_max"": 3.2, ""rbf_center_min"": -3.2, ""rbf_nodes"": 11.0, ""rbf_width"": 1.7518624261535733, ""ref_jump_deg_max"": 8.0, ""ref_jump_deg_min"": 2.0, ""ref_jump_duration_max"": 0.6, ""ref_jump_duration_min"": 0.15, ""reference_shape"": ""sine"", ""reset_zeta_after_motion"": false, ""reset_zeta_on_segment"": false, ""restore_mode"": false, ""sigma_mod"": 0.2246848627050289, ""sine_center_mode"": ""lock"", ""soft_start_sec"": 0.5, ""step_absolute_target_deg"": null, ""step_absolute_target_rad"": null, ""step_delta_deg"": 40.0, ""step_ramp_sec"": 1.0, ""step_segment_sec"": 1.5, ""step_sequence_deg"": """", ""step_shape"": ""smoothstep"", ""step_start_sec"": 0.0, ""tail_err_full_deg"": 4.0, ""tail_err_thresh_deg"": 1.5, ""tail_kd"": 0.03709174868775613, ""tail_kp"": 0.0, ""tail_max_control_boost"": 0.0, ""tail_u_max"": 0.0, ""torque_to_current"": 210.0, ""zeta0"": 0.885692967, ""zeta_leak"": 0.07233848775898476, ""zeta_reset_delay_sec"": 0.0, ""zeta_reset_value"": null, ""zeta_soft"": 0.8813301726125208}"
133,1,1.0,1000024.6336376438,1200.0,9.991755000000001,8.969617214447242,10.41650200251596,14.895184087640825,35.041873847077824,0.5253663623562592,0.0,0.14646757407407407,0.9323593074520475,0.9766340637,0.8856929763,0.9766340637,0.09094108740000006,0.009094109667333334,0.08106384956999996,0.3794471928,0.0,0.0,0.0,0.0,0.0,0.0,0.0,0.0,0.0,0.0,0.0,0.0,0.0,0.0,0.0,0.0,8.770749036309601,14.27597720489071,15.173741550334164,0.0,0,11.147477715000605,/tmp/nussbaum_sine_3hz_struct_runs/optuna_t0133_r01.csv,,"{""alpha"": 7.908503044408575, ""amplitude_deg"": 10.0, ""baudrate"": 1000000.0, ""command_sign"": -1.0, ""control_output_scale"": 1.0, ""current_bias_raw"": -1.9707599654976722, ""current_limit_raw"": 0.0, ""default_mode"": 3.0, ""device"": ""/dev/ttyAMA0"", ""disable_anti_windup"": false, ""disable_freeze_nn_on_saturation"": false, ""disable_freeze_zeta_on_saturation"": false, ""disturb_interval_sec"": 30.0, ""disturb_jitter_sec"": 3.0, ""disturb_mode"": ""mixed"", ""disturb_seed"": -1.0, ""disturbance_placement"": ""mid_move"", ""duration"": 10.0, ""dxl_id"": 6.0, ""enable_disturbance"": false, ""frequency_hz"": 3.0, ""fric_coulomb"": 0.018279455742392817, ""fric_vel_scale"": 0.7331542871235629, ""gamma_adapt"": 20.994602350845497, ""gamma_link"": 0.9302987551526716, ""integral_limit"": 1.6504936083, ""k_delta"": 0.1353062934652618, ""max_abs_e_dot"": 10.0, ""max_control"": 0.16808482181646486, ""max_current_raw"": 45.0, ""max_current_slew"": 152.39954569193324, ""mid_disturbance_offset_sec"": 0.0, ""no_set_current_mode"": false, ""predict_horizon_sec"": 0.003655871527033656, ""pulse_current_raw_max"": 12.0, ""pulse_current_raw_min"": 4.0, ""pulse_duration_max"": 0.6, ""pulse_duration_min"": 0.15, ""q_abs_guard_deg"": 35.0, ""qd_lpf_alpha"": 0.06528652223667984, ""rate"": 120.0, ""rbf_center_max"": 3.2, ""rbf_center_min"": -3.2, ""rbf_nodes"": 11.0, ""rbf_width"": 1.3024328028957248, ""ref_jump_deg_max"": 8.0, ""ref_jump_deg_min"": 2.0, ""ref_jump_duration_max"": 0.6, ""ref_jump_duration_min"": 0.15, ""reference_shape"": ""sine"", ""reset_zeta_after_motion"": false, ""reset_zeta_on_segment"": false, ""restore_mode"": false, ""sigma_mod"": 0.2134541470217118, ""sine_center_mode"": ""lock"", ""soft_start_sec"": 0.5, ""step_absolute_target_deg"": null, ""step_absolute_target_rad"": null, ""step_delta_deg"": 40.0, ""step_ramp_sec"": 1.0, ""step_segment_sec"": 1.5, ""step_sequence_deg"": """", ""step_shape"": ""smoothstep"", ""step_start_sec"": 0.0, ""tail_err_full_deg"": 4.0, ""tail_err_thresh_deg"": 1.5, ""tail_kd"": 0.03475567771954524, ""tail_kp"": 0.0, ""tail_max_control_boost"": 0.0, ""tail_u_max"": 0.0, ""torque_to_current"": 210.0, ""zeta0"": 0.885692967, ""zeta_leak"": 0.03645833001669455, ""zeta_reset_delay_sec"": 0.0, ""zeta_reset_value"": null, ""zeta_soft"": 0.9763921370673715}"
134,1,1.0,1000013.603979983,1200.0,9.991741000000001,7.225650357617627,8.50697898893162,14.137533365297749,22.43483868459635,0.6377339493985784,0.0,0.07346901960784315,0.9519345624545262,0.9391484655,0.8856903966,0.9391249059,0.05343450929999993,0.005343193888083334,0.03230146605999996,0.4617827158,0.0,0.0,0.0,0.0,0.0,0.0,0.0,0.0,0.0,0.0,0.0,0.0,0.0,0.0,0.0,0.0,6.96754436591452,14.136039799830362,14.660763251840079,0.0,0,11.103960567000286,/tmp/nussbaum_sine_3hz_struct_runs/optuna_t0134_r01.csv,,"{""alpha"": 10.974287585011332, ""amplitude_deg"": 10.0, ""baudrate"": 1000000.0, ""command_sign"": -1.0, ""control_output_scale"": 1.0, ""current_bias_raw"": -1.5757830656669416, ""current_limit_raw"": 0.0, ""default_mode"": 3.0, ""device"": ""/dev/ttyAMA0"", ""disable_anti_windup"": false, ""disable_freeze_nn_on_saturation"": false, ""disable_freeze_zeta_on_saturation"": false, ""disturb_interval_sec"": 30.0, ""disturb_jitter_sec"": 3.0, ""disturb_mode"": ""mixed"", ""disturb_seed"": -1.0, ""disturbance_placement"": ""mid_move"", ""duration"": 10.0, ""dxl_id"": 6.0, ""enable_disturbance"": false, ""frequency_hz"": 3.0, ""fric_coulomb"": 0.010737491373110773, ""fric_vel_scale"": 0.5999332239851061, ""gamma_adapt"": 4.445585437194376, ""gamma_link"": 0.9963491650613048, ""integral_limit"": 1.6504936083, ""k_delta"": 0.16306971725578687, ""max_abs_e_dot"": 10.0, ""max_control"": 0.2268959522753272, ""max_current_raw"": 51.0, ""max_current_slew"": 68.24265457936856, ""mid_disturbance_offset_sec"": 0.0, ""no_set_current_mode"": false, ""predict_horizon_sec"": 0.004229215934847118, ""pulse_current_raw_max"": 12.0, ""pulse_current_raw_min"": 4.0, ""pulse_duration_max"": 0.6, ""pulse_duration_min"": 0.15, ""q_abs_guard_deg"": 35.0, ""qd_lpf_alpha"": 0.012041772710885947, ""rate"": 120.0, ""rbf_center_max"": 3.2, ""rbf_center_min"": -3.2, ""rbf_nodes"": 11.0, ""rbf_width"": 1.5000564460920232, ""ref_jump_deg_max"": 8.0, ""ref_jump_deg_min"": 2.0, ""ref_jump_duration_max"": 0.6, ""ref_jump_duration_min"": 0.15, ""reference_shape"": ""sine"", ""reset_zeta_after_motion"": false, ""reset_zeta_on_segment"": false, ""restore_mode"": false, ""sigma_mod"": 0.14298173781222198, ""sine_center_mode"": ""lock"", ""soft_start_sec"": 0.5, ""step_absolute_target_deg"": null, ""step_absolute_target_rad"": null, ""step_delta_deg"": 40.0, ""step_ramp_sec"": 1.0, ""step_segment_sec"": 1.5, ""step_sequence_deg"": """", ""step_shape"": ""smoothstep"", ""step_start_sec"": 0.0, ""tail_err_full_deg"": 4.0, ""tail_err_thresh_deg"": 1.5, ""tail_kd"": 0.05492425888984412, ""tail_kp"": 0.0, ""tail_max_control_boost"": 0.0, ""tail_u_max"": 0.0, ""torque_to_current"": 210.0, ""zeta0"": 0.885692967, ""zeta_leak"": 0.06774056432691536, ""zeta_reset_delay_sec"": 0.0, ""zeta_reset_value"": null, ""zeta_soft"": 0.8811396688466107}"
135,1,0.0,1000000.0,0.0,0.0,inf,inf,inf,inf,0.0,1.0,1.0,0.0,0.0,0.0,0.0,0.0,0.0,0.0,0.0,0.0,0.0,0.0,0.0,0.0,0.0,0.0,0.0,0.0,0.0,0.0,0.0,0.0,0.0,0.0,0.0,inf,inf,inf,1.0,1,5.403509329999906,/tmp/nussbaum_sine_3hz_struct_runs/optuna_t0135_r01.csv,[DBG] t=   3.00s e=  4.86deg u=-0.1678 u_aux=-0.0450 u_rob=-0.0000 u_fric= 0.0009 ta=1.00 cmd=   2.12 slewB=1.00 raw q= 135.09deg | [DBG] t=   4.00s e= 17.56deg u= 0.1678 u_aux=-0.0511 u_rob=-0.0000 u_fric= 0.0009 ta=1.00 cmd= -17.23 slewB=1.00 raw q= 122.43deg | [ERROR] q guard hit: |q-q_center|=35.51 deg > 35.00,"{""alpha"": 16.29323206201996, ""amplitude_deg"": 10.0, ""baudrate"": 1000000.0, ""command_sign"": -1.0, ""control_output_scale"": 1.0, ""current_bias_raw"": -0.7824045044330423, ""current_limit_raw"": 0.0, ""default_mode"": 3.0, ""device"": ""/dev/ttyAMA0"", ""disable_anti_windup"": false, ""disable_freeze_nn_on_saturation"": false, ""disable_freeze_zeta_on_saturation"": false, ""disturb_interval_sec"": 30.0, ""disturb_jitter_sec"": 3.0, ""disturb_mode"": ""mixed"", ""disturb_seed"": -1.0, ""disturbance_placement"": ""mid_move"", ""duration"": 10.0, ""dxl_id"": 6.0, ""enable_disturbance"": false, ""frequency_hz"": 3.0, ""fric_coulomb"": 0.0008785517114549999, ""fric_vel_scale"": 1.1053108874184001, ""gamma_adapt"": 12.492646803588075, ""gamma_link"": 0.8358256493978168, ""integral_limit"": 1.6504936083, ""k_delta"": 0.10560801766879552, ""max_abs_e_dot"": 10.0, ""max_control"": 0.1678249802111971, ""max_current_raw"": 61.0, ""max_current_slew"": 194.23471800725878, ""mid_disturbance_offset_sec"": 0.0, ""no_set_current_mode"": false, ""predict_horizon_sec"": 0.0019048960551552086, ""pulse_current_raw_max"": 12.0, ""pulse_current_raw_min"": 4.0, ""pulse_duration_max"": 0.6, ""pulse_duration_min"": 0.15, ""q_abs_guard_deg"": 35.0, ""qd_lpf_alpha"": 0.06593916717023446, ""rate"": 120.0, ""rbf_center_max"": 3.2, ""rbf_center_min"": -3.2, ""rbf_nodes"": 11.0, ""rbf_width"": 0.7499771038142801, ""ref_jump_deg_max"": 8.0, ""ref_jump_deg_min"": 2.0, ""ref_jump_duration_max"": 0.6, ""ref_jump_duration_min"": 0.15, ""reference_shape"": ""sine"", ""reset_zeta_after_motion"": false, ""reset_zeta_on_segment"": false, ""restore_mode"": false, ""sigma_mod"": 0.14573071245111766, ""sine_center_mode"": ""lock"", ""soft_start_sec"": 0.5, ""step_absolute_target_deg"": null, ""step_absolute_target_rad"": null, ""step_delta_deg"": 40.0, ""step_ramp_sec"": 1.0, ""step_segment_sec"": 1.5, ""step_sequence_deg"": """", ""step_shape"": ""smoothstep"", ""step_start_sec"": 0.0, ""tail_err_full_deg"": 4.0, ""tail_err_thresh_deg"": 1.5, ""tail_kd"": 0.013373571859909842, ""tail_kp"": 0.0, ""tail_max_control_boost"": 0.0, ""tail_u_max"": 0.0, ""torque_to_current"": 210.0, ""zeta0"": 0.885692967, ""zeta_leak"": 0.043990022129874275, ""zeta_reset_delay_sec"": 0.0, ""zeta_reset_value"": null, ""zeta_soft"": 1.0956930386194932}"
136,1,0.0,1000000.0,0.0,0.0,inf,inf,inf,inf,0.0,1.0,1.0,0.0,0.0,0.0,0.0,0.0,0.0,0.0,0.0,0.0,0.0,0.0,0.0,0.0,0.0,0.0,0.0,0.0,0.0,0.0,0.0,0.0,0.0,0.0,0.0,inf,inf,inf,1.0,1,3.4188036650002687,/tmp/nussbaum_sine_3hz_struct_runs/optuna_t0136_r01.csv,[DBG] t=   1.00s e= 14.66deg u=-0.2830 u_aux=-0.0406 u_rob=-0.0000 u_fric= 0.0149 ta=1.00 cmd=   2.06 slewB=1.00 raw q= 124.54deg | [DBG] t=   2.00s e= 17.35deg u= 0.2830 u_aux=-0.0381 u_rob=-0.0000 u_fric= 0.0149 ta=1.00 cmd= -16.48 slewB=1.00 raw q= 121.82deg | [ERROR] q guard hit: |q-q_center|=36.04 deg > 35.00,"{""alpha"": 15.472486376717548, ""amplitude_deg"": 10.0, ""baudrate"": 1000000.0, ""command_sign"": -1.0, ""control_output_scale"": 1.0, ""current_bias_raw"": -0.6531919167537493, ""current_limit_raw"": 0.0, ""default_mode"": 3.0, ""device"": ""/dev/ttyAMA0"", ""disable_anti_windup"": false, ""disable_freeze_nn_on_saturation"": false, ""disable_freeze_zeta_on_saturation"": false, ""disturb_interval_sec"": 30.0, ""disturb_jitter_sec"": 3.0, ""disturb_mode"": ""mixed"", ""disturb_seed"": -1.0, ""disturbance_placement"": ""mid_move"", ""duration"": 10.0, ""dxl_id"": 6.0, ""enable_disturbance"": false, ""frequency_hz"": 3.0, ""fric_coulomb"": 0.014911019799196807, ""fric_vel_scale"": 0.39797715338212397, ""gamma_adapt"": 20.693957405940527, ""gamma_link"": 0.9038165106925037, ""integral_limit"": 1.6504936083, ""k_delta"": 0.1498266108353848, ""max_abs_e_dot"": 10.0, ""max_control"": 0.28300192032823623, ""max_current_raw"": 66.0, ""max_current_slew"": 218.87281945134185, ""mid_disturbance_offset_sec"": 0.0, ""no_set_current_mode"": false, ""predict_horizon_sec"": 0.0024810730850965733, ""pulse_current_raw_max"": 12.0, ""pulse_current_raw_min"": 4.0, ""pulse_duration_max"": 0.6, ""pulse_duration_min"": 0.15, ""q_abs_guard_deg"": 35.0, ""qd_lpf_alpha"": 0.042037600939129685, ""rate"": 120.0, ""rbf_center_max"": 3.2, ""rbf_center_min"": -3.2, ""rbf_nodes"": 11.0, ""rbf_width"": 0.6832749762380259, ""ref_jump_deg_max"": 8.0, ""ref_jump_deg_min"": 2.0, ""ref_jump_duration_max"": 0.6, ""ref_jump_duration_min"": 0.15, ""reference_shape"": ""sine"", ""reset_zeta_after_motion"": false, ""reset_zeta_on_segment"": false, ""restore_mode"": false, ""sigma_mod"": 0.22313011304442107, ""sine_center_mode"": ""lock"", ""soft_start_sec"": 0.5, ""step_absolute_target_deg"": null, ""step_absolute_target_rad"": null, ""step_delta_deg"": 40.0, ""step_ramp_sec"": 1.0, ""step_segment_sec"": 1.5, ""step_sequence_deg"": """", ""step_shape"": ""smoothstep"", ""step_start_sec"": 0.0, ""tail_err_full_deg"": 4.0, ""tail_err_thresh_deg"": 1.5, ""tail_kd"": 0.009475278095940183, ""tail_kp"": 0.0, ""tail_max_control_boost"": 0.0, ""tail_u_max"": 0.0, ""torque_to_current"": 210.0, ""zeta0"": 0.885692967, ""zeta_leak"": 0.07290435124359865, ""zeta_reset_delay_sec"": 0.0, ""zeta_reset_value"": null, ""zeta_soft"": 0.8826831883895675}"
137,1,0.0,1000000.0,0.0,0.0,inf,inf,inf,inf,0.0,1.0,1.0,0.0,0.0,0.0,0.0,0.0,0.0,0.0,0.0,0.0,0.0,0.0,0.0,0.0,0.0,0.0,0.0,0.0,0.0,0.0,0.0,0.0,0.0,0.0,0.0,inf,inf,inf,1.0,1,3.3500881100007973,/tmp/nussbaum_sine_3hz_struct_runs/optuna_t0137_r01.csv,[DBG] t=   1.00s e= 16.95deg u=-0.2905 u_aux=-0.0804 u_rob=-0.0000 u_fric= 0.0063 ta=1.00 cmd=  -6.74 slewB=1.00 raw q= 122.34deg | [DBG] t=   2.00s e= 26.48deg u=-0.0633 u_aux=-0.0901 u_rob=-0.0000 u_fric= 0.0063 ta=1.00 cmd=  -0.97 slewB=1.00 raw q= 112.94deg | [ERROR] q guard hit: |q-q_center|=35.60 deg > 35.00,"{""alpha"": 4.935084409925451, ""amplitude_deg"": 10.0, ""baudrate"": 1000000.0, ""command_sign"": -1.0, ""control_output_scale"": 1.0, ""current_bias_raw"": 0.14148652770473047, ""current_limit_raw"": 0.0, ""default_mode"": 3.0, ""device"": ""/dev/ttyAMA0"", ""disable_anti_windup"": false, ""disable_freeze_nn_on_saturation"": false, ""disable_freeze_zeta_on_saturation"": false, ""disturb_interval_sec"": 30.0, ""disturb_jitter_sec"": 3.0, ""disturb_mode"": ""mixed"", ""disturb_seed"": -1.0, ""disturbance_placement"": ""mid_move"", ""duration"": 10.0, ""dxl_id"": 6.0, ""enable_disturbance"": false, ""frequency_hz"": 3.0, ""fric_coulomb"": 0.006294086267220446, ""fric_vel_scale"": 0.4233162872088392, ""gamma_adapt"": 8.629770625239015, ""gamma_link"": 1.1268313321124916, ""integral_limit"": 1.6504936083, ""k_delta"": 0.1596308958722544, ""max_abs_e_dot"": 10.0, ""max_control"": 0.2904868818407891, ""max_current_raw"": 63.0, ""max_current_slew"": 239.96685808567037, ""mid_disturbance_offset_sec"": 0.0, ""no_set_current_mode"": false, ""predict_horizon_sec"": 0.003960497034250282, ""pulse_current_raw_max"": 12.0, ""pulse_current_raw_min"": 4.0, ""pulse_duration_max"": 0.6, ""pulse_duration_min"": 0.15, ""q_abs_guard_deg"": 35.0, ""qd_lpf_alpha"": 0.032283358316096425, ""rate"": 120.0, ""rbf_center_max"": 3.2, ""rbf_center_min"": -3.2, ""rbf_nodes"": 11.0, ""rbf_width"": 0.7184934785273815, ""ref_jump_deg_max"": 8.0, ""ref_jump_deg_min"": 2.0, ""ref_jump_duration_max"": 0.6, ""ref_jump_duration_min"": 0.15, ""reference_shape"": ""sine"", ""reset_zeta_after_motion"": false, ""reset_zeta_on_segment"": false, ""restore_mode"": false, ""sigma_mod"": 0.09116955867425774, ""sine_center_mode"": ""lock"", ""soft_start_sec"": 0.5, ""step_absolute_target_deg"": null, ""step_absolute_target_rad"": null, ""step_delta_deg"": 40.0, ""step_ramp_sec"": 1.0, ""step_segment_sec"": 1.5, ""step_sequence_deg"": """", ""step_shape"": ""smoothstep"", ""step_start_sec"": 0.0, ""tail_err_full_deg"": 4.0, ""tail_err_thresh_deg"": 1.5, ""tail_kd"": 0.01853056220611516, ""tail_kp"": 0.0, ""tail_max_control_boost"": 0.0, ""tail_u_max"": 0.0, ""torque_to_current"": 210.0, ""zeta0"": 0.885692967, ""zeta_leak"": 0.04275369728363632, ""zeta_reset_delay_sec"": 0.0, ""zeta_reset_value"": null, ""zeta_soft"": 0.8693491059772636}"
138,1,1.0,1000204.6030386529,1200.0,9.991845000000001,7.705566954601391,8.914371270402345,14.066988632915985,23.179713571964722,0.6010241278323463,0.0,0.06920851092896174,0.9533130463813093,0.9344592655,0.885692967,0.9344592655,0.04876629850000003,0.004876629847333333,0.004968965589999996,1.2948909098,0.0,0.0,0.0,0.0,0.0,0.0,0.0,0.0,0.0,0.0,0.0,0.0,0.0,0.0,0.0,0.0,7.853740878645325,16.046030386529605,18.500727162570303,0.0,0,11.278678937000223,/tmp/nussbaum_sine_3hz_struct_runs/optuna_t0138_r01.csv,,"{""alpha"": 10.87222668178066, ""amplitude_deg"": 10.0, ""baudrate"": 1000000.0, ""command_sign"": -1.0, ""control_output_scale"": 1.0, ""current_bias_raw"": -1.688149614763993, ""current_limit_raw"": 0.0, ""default_mode"": 3.0, ""device"": ""/dev/ttyAMA0"", ""disable_anti_windup"": false, ""disable_freeze_nn_on_saturation"": false, ""disable_freeze_zeta_on_saturation"": false, ""disturb_interval_sec"": 30.0, ""disturb_jitter_sec"": 3.0, ""disturb_mode"": ""mixed"", ""disturb_seed"": -1.0, ""disturbance_placement"": ""mid_move"", ""duration"": 10.0, ""dxl_id"": 6.0, ""enable_disturbance"": false, ""frequency_hz"": 3.0, ""fric_coulomb"": 0.004549966968661993, ""fric_vel_scale"": 0.49340783897119006, ""gamma_adapt"": 17.13072053083943, ""gamma_link"": 1.0848266782233784, ""integral_limit"": 1.6504936083, ""k_delta"": 0.09003212531418539, ""max_abs_e_dot"": 10.0, ""max_control"": 0.1945403743319834, ""max_current_raw"": 61.0, ""max_current_slew"": 89.5421693630081, ""mid_disturbance_offset_sec"": 0.0, ""no_set_current_mode"": false, ""predict_horizon_sec"": 0.0043807177726629615, ""pulse_current_raw_max"": 12.0, ""pulse_current_raw_min"": 4.0, ""pulse_duration_max"": 0.6, ""pulse_duration_min"": 0.15, ""q_abs_guard_deg"": 35.0, ""qd_lpf_alpha"": 0.03450950551053405, ""rate"": 120.0, ""rbf_center_max"": 3.2, ""rbf_center_min"": -3.2, ""rbf_nodes"": 11.0, ""rbf_width"": 1.501305826878211, ""ref_jump_deg_max"": 8.0, ""ref_jump_deg_min"": 2.0, ""ref_jump_duration_max"": 0.6, ""ref_jump_duration_min"": 0.15, ""reference_shape"": ""sine"", ""reset_zeta_after_motion"": false, ""reset_zeta_on_segment"": false, ""restore_mode"": false, ""sigma_mod"": 0.13370490670224772, ""sine_center_mode"": ""lock"", ""soft_start_sec"": 0.5, ""step_absolute_target_deg"": null, ""step_absolute_target_rad"": null, ""step_delta_deg"": 40.0, ""step_ramp_sec"": 1.0, ""step_segment_sec"": 1.5, ""step_sequence_deg"": """", ""step_shape"": ""smoothstep"", ""step_start_sec"": 0.0, ""tail_err_full_deg"": 4.0, ""tail_err_thresh_deg"": 1.5, ""tail_kd"": 0.06469296479001418, ""tail_kp"": 0.0, ""tail_max_control_boost"": 0.0, ""tail_u_max"": 0.0, ""torque_to_current"": 210.0, ""zeta0"": 0.885692967, ""zeta_leak"": 0.03797658429262314, ""zeta_reset_delay_sec"": 0.0, ""zeta_reset_value"": null, ""zeta_soft"": 0.9230023359281645}"
139,1,1.0,1000162.145847123,1200.0,9.991761,6.549963416498948,7.564829036619924,11.933050459792366,18.23843542049533,0.3878541528770515,0.0,0.047254408212560384,0.8510909551998831,1.925942634,0.8856929759,1.925942634,1.0402496581,0.10402496669675,0.8002968104599993,2.2848168414,0.0,0.0,0.0,0.0,0.0,0.0,0.0,0.0,0.0,0.0,0.0,0.0,0.0,0.0,0.0,0.0,6.484569845034408,11.807816625689005,11.933581910805945,0.0,0,11.12205977100075,/tmp/nussbaum_sine_3hz_struct_runs/optuna_t0139_r01.csv,,"{""alpha"": 9.257627968942666, ""amplitude_deg"": 10.0, ""baudrate"": 1000000.0, ""command_sign"": -1.0, ""control_output_scale"": 1.0, ""current_bias_raw"": -0.17097021368074206, ""current_limit_raw"": 0.0, ""default_mode"": 3.0, ""device"": ""/dev/ttyAMA0"", ""disable_anti_windup"": false, ""disable_freeze_nn_on_saturation"": false, ""disable_freeze_zeta_on_saturation"": false, ""disturb_interval_sec"": 30.0, ""disturb_jitter_sec"": 3.0, ""disturb_mode"": ""mixed"", ""disturb_seed"": -1.0, ""disturbance_placement"": ""mid_move"", ""duration"": 10.0, ""dxl_id"": 6.0, ""enable_disturbance"": false, ""frequency_hz"": 3.0, ""fric_coulomb"": 0.014932559114182207, ""fric_vel_scale"": 1.1609546423079293, ""gamma_adapt"": 19.410274962719313, ""gamma_link"": 0.9215035790616521, ""integral_limit"": 1.6504936083, ""k_delta"": 0.13259963601318833, ""max_abs_e_dot"": 10.0, ""max_control"": 0.2509219748023425, ""max_current_raw"": 69.0, ""max_current_slew"": 46.626897898329744, ""mid_disturbance_offset_sec"": 0.0, ""no_set_current_mode"": false, ""predict_horizon_sec"": 0.0013182185132379306, ""pulse_current_raw_max"": 12.0, ""pulse_current_raw_min"": 4.0, ""pulse_duration_max"": 0.6, ""pulse_duration_min"": 0.15, ""q_abs_guard_deg"": 35.0, ""qd_lpf_alpha"": 0.05378154448195349, ""rate"": 120.0, ""rbf_center_max"": 3.2, ""rbf_center_min"": -3.2, ""rbf_nodes"": 11.0, ""rbf_width"": 1.1199388303322588, ""ref_jump_deg_max"": 8.0, ""ref_jump_deg_min"": 2.0, ""ref_jump_duration_max"": 0.6, ""ref_jump_duration_min"": 0.15, ""reference_shape"": ""sine"", ""reset_zeta_after_motion"": false, ""reset_zeta_on_segment"": false, ""restore_mode"": false, ""sigma_mod"": 0.22416342969325975, ""sine_center_mode"": ""lock"", ""soft_start_sec"": 0.5, ""step_absolute_target_deg"": null, ""step_absolute_target_rad"": null, ""step_delta_deg"": 40.0, ""step_ramp_sec"": 1.0, ""step_segment_sec"": 1.5, ""step_sequence_deg"": """", ""step_shape"": ""smoothstep"", ""step_start_sec"": 0.0, ""tail_err_full_deg"": 4.0, ""tail_err_thresh_deg"": 1.5, ""tail_kd"": 0.01802666048933928, ""tail_kp"": 0.0, ""tail_max_control_boost"": 0.0, ""tail_u_max"": 0.0, ""torque_to_current"": 210.0, ""zeta0"": 0.885692967, ""zeta_leak"": 0.042714397334171816, ""zeta_reset_delay_sec"": 0.0, ""zeta_reset_value"": null, ""zeta_soft"": 0.9172675662070193}"
140,1,0.0,1000000.0,0.0,0.0,inf,inf,inf,inf,0.0,1.0,1.0,0.0,0.0,0.0,0.0,0.0,0.0,0.0,0.0,0.0,0.0,0.0,0.0,0.0,0.0,0.0,0.0,0.0,0.0,0.0,0.0,0.0,0.0,0.0,0.0,inf,inf,inf,1.0,1,3.671545330999834,/tmp/nussbaum_sine_3hz_struct_runs/optuna_t0140_r01.csv,[DBG] t=   1.00s e=  5.30deg u=-0.1960 u_aux=-0.0128 u_rob=-0.0000 u_fric= 0.0004 ta=1.00 cmd=   6.60 slewB=1.00 raw q= 134.56deg | [DBG] t=   2.00s e=  1.13deg u= 0.1275 u_aux=-0.0095 u_rob=-0.0000 u_fric= 0.0004 ta=0.00 cmd= -14.80 slewB=1.00 raw q= 138.60deg | [ERROR] q guard hit: |q-q_center|=35.16 deg > 35.00,"{""alpha"": 26.24666921308654, ""amplitude_deg"": 10.0, ""baudrate"": 1000000.0, ""command_sign"": -1.0, ""control_output_scale"": 1.0, ""current_bias_raw"": -0.5651874760690656, ""current_limit_raw"": 0.0, ""default_mode"": 3.0, ""device"": ""/dev/ttyAMA0"", ""disable_anti_windup"": false, ""disable_freeze_nn_on_saturation"": false, ""disable_freeze_zeta_on_saturation"": false, ""disturb_interval_sec"": 30.0, ""disturb_jitter_sec"": 3.0, ""disturb_mode"": ""mixed"", ""disturb_seed"": -1.0, ""disturbance_placement"": ""mid_move"", ""duration"": 10.0, ""dxl_id"": 6.0, ""enable_disturbance"": false, ""frequency_hz"": 3.0, ""fric_coulomb"": 0.00035733206529382994, ""fric_vel_scale"": 1.0771960176642672, ""gamma_adapt"": 12.481965606790746, ""gamma_link"": 0.8522357877107195, ""integral_limit"": 1.6504936083, ""k_delta"": 0.08383397845384274, ""max_abs_e_dot"": 10.0, ""max_control"": 0.2002873953237836, ""max_current_raw"": 84.0, ""max_current_slew"": 209.89083864006778, ""mid_disturbance_offset_sec"": 0.0, ""no_set_current_mode"": false, ""predict_horizon_sec"": 0.0018957465710373372, ""pulse_current_raw_max"": 12.0, ""pulse_current_raw_min"": 4.0, ""pulse_duration_max"": 0.6, ""pulse_duration_min"": 0.15, ""q_abs_guard_deg"": 35.0, ""qd_lpf_alpha"": 0.06328584181406276, ""rate"": 120.0, ""rbf_center_max"": 3.2, ""rbf_center_min"": -3.2, ""rbf_nodes"": 11.0, ""rbf_width"": 0.8912178160280049, ""ref_jump_deg_max"": 8.0, ""ref_jump_deg_min"": 2.0, ""ref_jump_duration_max"": 0.6, ""ref_jump_duration_min"": 0.15, ""reference_shape"": ""sine"", ""reset_zeta_after_motion"": false, ""reset_zeta_on_segment"": false, ""restore_mode"": false, ""sigma_mod"": 0.1713584621518746, ""sine_center_mode"": ""lock"", ""soft_start_sec"": 0.5, ""step_absolute_target_deg"": null, ""step_absolute_target_rad"": null, ""step_delta_deg"": 40.0, ""step_ramp_sec"": 1.0, ""step_segment_sec"": 1.5, ""step_sequence_deg"": """", ""step_shape"": ""smoothstep"", ""step_start_sec"": 0.0, ""tail_err_full_deg"": 4.0, ""tail_err_thresh_deg"": 1.5, ""tail_kd"": 0.003153223733831421, ""tail_kp"": 0.0, ""tail_max_control_boost"": 0.0, ""tail_u_max"": 0.0, ""torque_to_current"": 210.0, ""zeta0"": 0.885692967, ""zeta_leak"": 0.02685539529090654, ""zeta_reset_delay_sec"": 0.0, ""zeta_reset_value"": null, ""zeta_soft"": 0.9767076455541138}"
141,1,1.0,1000051.6267800695,1200.0,9.991761,9.09586937842903,10.666919401002303,16.859548977865632,33.16267800695066,0.8371109769305333,0.0,0.07692959219858156,0.9674153068108416,0.9630982105,0.885692967,0.9630982105,0.0774052435,0.007740524351833334,0.014081664384999968,1.9217186109,0.0,0.0,0.0,0.0,0.0,0.0,0.0,0.0,0.0,0.0,0.0,0.0,0.0,0.0,0.0,0.0,8.764101677023177,14.857472608316913,17.293994686395177,0.0,0,11.205060751999554,/tmp/nussbaum_sine_3hz_struct_runs/optuna_t0141_r01.csv,,"{""alpha"": 26.29483053699537, ""amplitude_deg"": 10.0, ""baudrate"": 1000000.0, ""command_sign"": -1.0, ""control_output_scale"": 1.0, ""current_bias_raw"": -2.05396935949724, ""current_limit_raw"": 0.0, ""default_mode"": 3.0, ""device"": ""/dev/ttyAMA0"", ""disable_anti_windup"": false, ""disable_freeze_nn_on_saturation"": false, ""disable_freeze_zeta_on_saturation"": false, ""disturb_interval_sec"": 30.0, ""disturb_jitter_sec"": 3.0, ""disturb_mode"": ""mixed"", ""disturb_seed"": -1.0, ""disturbance_placement"": ""mid_move"", ""duration"": 10.0, ""dxl_id"": 6.0, ""enable_disturbance"": false, ""frequency_hz"": 3.0, ""fric_coulomb"": 0.007093456778574375, ""fric_vel_scale"": 0.5900771113120146, ""gamma_adapt"": 5.111913054634097, ""gamma_link"": 1.0022361016939734, ""integral_limit"": 1.6504936083, ""k_delta"": 0.1372952117848503, ""max_abs_e_dot"": 10.0, ""max_control"": 0.26826643217667717, ""max_current_raw"": 94.0, ""max_current_slew"": 165.7516725311491, ""mid_disturbance_offset_sec"": 0.0, ""no_set_current_mode"": false, ""predict_horizon_sec"": 0.0019327954580562658, ""pulse_current_raw_max"": 12.0, ""pulse_current_raw_min"": 4.0, ""pulse_duration_max"": 0.6, ""pulse_duration_min"": 0.15, ""q_abs_guard_deg"": 35.0, ""qd_lpf_alpha"": 0.03407882285314778, ""rate"": 120.0, ""rbf_center_max"": 3.2, ""rbf_center_min"": -3.2, ""rbf_nodes"": 11.0, ""rbf_width"": 1.4245373207095817, ""ref_jump_deg_max"": 8.0, ""ref_jump_deg_min"": 2.0, ""ref_jump_duration_max"": 0.6, ""ref_jump_duration_min"": 0.15, ""reference_shape"": ""sine"", ""reset_zeta_after_motion"": false, ""reset_zeta_on_segment"": false, ""restore_mode"": false, ""sigma_mod"": 0.1543945254107874, ""sine_center_mode"": ""lock"", ""soft_start_sec"": 0.5, ""step_absolute_target_deg"": null, ""step_absolute_target_rad"": null, ""step_delta_deg"": 40.0, ""step_ramp_sec"": 1.0, ""step_segment_sec"": 1.5, ""step_sequence_deg"": """", ""step_shape"": ""smoothstep"", ""step_start_sec"": 0.0, ""tail_err_full_deg"": 4.0, ""tail_err_thresh_deg"": 1.5, ""tail_kd"": 0.019930151582340242, ""tail_kp"": 0.0, ""tail_max_control_boost"": 0.0, ""tail_u_max"": 0.0, ""torque_to_current"": 210.0, ""zeta0"": 0.885692967, ""zeta_leak"": 0.0037103859412207126, ""zeta_reset_delay_sec"": 0.0, ""zeta_reset_value"": null, ""zeta_soft"": 1.0981883583421441}"
142,1,1.0,1000210.7596480666,1200.0,9.99177,9.754989368063553,11.933855688077562,23.8552594809402,36.77994662992594,1.4107596480666271,0.0,0.0759393295019157,0.839784226018932,1.826233975,0.885692967,1.826233975,0.9405410080000001,0.09405410079625,0.4766553728399992,2.2680679798,0.0,0.0,0.0,0.0,0.0,0.0,0.0,0.0,0.0,0.0,0.0,0.0,0.0,0.0,0.0,0.0,13.86057854922515,31.69677123430218,36.77994662992594,0.0,0,11.182333918999575,/tmp/nussbaum_sine_3hz_struct_runs/optuna_t0142_r01.csv,,"{""alpha"": 27.046255157952128, ""amplitude_deg"": 10.0, ""baudrate"": 1000000.0, ""command_sign"": -1.0, ""control_output_scale"": 1.0, ""current_bias_raw"": -1.3673551372284445, ""current_limit_raw"": 0.0, ""default_mode"": 3.0, ""device"": ""/dev/ttyAMA0"", ""disable_anti_windup"": false, ""disable_freeze_nn_on_saturation"": false, ""disable_freeze_zeta_on_saturation"": false, ""disturb_interval_sec"": 30.0, ""disturb_jitter_sec"": 3.0, ""disturb_mode"": ""mixed"", ""disturb_seed"": -1.0, ""disturbance_placement"": ""mid_move"", ""duration"": 10.0, ""dxl_id"": 6.0, ""enable_disturbance"": false, ""frequency_hz"": 3.0, ""fric_coulomb"": 0.012820340223275838, ""fric_vel_scale"": 0.5638779784491273, ""gamma_adapt"": 4.68380793496177, ""gamma_link"": 0.8579558249931329, ""integral_limit"": 1.6504936083, ""k_delta"": 0.17658903966504721, ""max_abs_e_dot"": 10.0, ""max_control"": 0.2017544980739061, ""max_current_raw"": 87.0, ""max_current_slew"": 109.95080563084102, ""mid_disturbance_offset_sec"": 0.0, ""no_set_current_mode"": false, ""predict_horizon_sec"": 0.0011758750484678181, ""pulse_current_raw_max"": 12.0, ""pulse_current_raw_min"": 4.0, ""pulse_duration_max"": 0.6, ""pulse_duration_min"": 0.15, ""q_abs_guard_deg"": 35.0, ""qd_lpf_alpha"": 0.023505323955081103, ""rate"": 120.0, ""rbf_center_max"": 3.2, ""rbf_center_min"": -3.2, ""rbf_nodes"": 11.0, ""rbf_width"": 0.9895349348747856, ""ref_jump_deg_max"": 8.0, ""ref_jump_deg_min"": 2.0, ""ref_jump_duration_max"": 0.6, ""ref_jump_duration_min"": 0.15, ""reference_shape"": ""sine"", ""reset_zeta_after_motion"": false, ""reset_zeta_on_segment"": false, ""restore_mode"": false, ""sigma_mod"": 0.1831683748591579, ""sine_center_mode"": ""lock"", ""soft_start_sec"": 0.5, ""step_absolute_target_deg"": null, ""step_absolute_target_rad"": null, ""step_delta_deg"": 40.0, ""step_ramp_sec"": 1.0, ""step_segment_sec"": 1.5, ""step_sequence_deg"": """", ""step_shape"": ""smoothstep"", ""step_start_sec"": 0.0, ""tail_err_full_deg"": 4.0, ""tail_err_thresh_deg"": 1.5, ""tail_kd"": 0.017766151896349662, ""tail_kp"": 0.0, ""tail_max_control_boost"": 0.0, ""tail_u_max"": 0.0, ""torque_to_current"": 210.0, ""zeta0"": 0.885692967, ""zeta_leak"": 0.020969094388546897, ""zeta_reset_delay_sec"": 0.0, ""zeta_reset_value"": null, ""zeta_soft"": 0.999836391549952}"
143,1,1.0,1000015.2344666837,1199.0,9.991693000000001,8.39204455215595,9.6883499191186,14.630922138514046,29.523446668369605,0.6364071627254893,0.0,0.08109055723519601,0.9239833333111309,0.9952522335,0.8856828384,0.9952522335,0.10956939510000008,0.010965064201417848,0.07292942521999973,0.3715546051,0.0,0.0,0.0,0.0,0.0,0.0,0.0,0.0,0.0,0.0,0.0,0.0,0.0,0.0,0.0,0.0,8.244332547077532,13.638751480157591,14.608060565573354,0.0,0,11.202950696999324,/tmp/nussbaum_sine_3hz_struct_runs/optuna_t0143_r01.csv,,"{""alpha"": 2.356027312475093, ""amplitude_deg"": 10.0, ""baudrate"": 1000000.0, ""command_sign"": -1.0, ""control_output_scale"": 1.0, ""current_bias_raw"": -2.1240499978823095, ""current_limit_raw"": 0.0, ""default_mode"": 3.0, ""device"": ""/dev/ttyAMA0"", ""disable_anti_windup"": false, ""disable_freeze_nn_on_saturation"": false, ""disable_freeze_zeta_on_saturation"": false, ""disturb_interval_sec"": 30.0, ""disturb_jitter_sec"": 3.0, ""disturb_mode"": ""mixed"", ""disturb_seed"": -1.0, ""disturbance_placement"": ""mid_move"", ""duration"": 10.0, ""dxl_id"": 6.0, ""enable_disturbance"": false, ""frequency_hz"": 3.0, ""fric_coulomb"": 0.010020464606671331, ""fric_vel_scale"": 0.909760252034894, ""gamma_adapt"": 13.250318813263894, ""gamma_link"": 1.0167503980775596, ""integral_limit"": 1.6504936083, ""k_delta"": 0.14220359235433655, ""max_abs_e_dot"": 10.0, ""max_control"": 0.19715372859645378, ""max_current_raw"": 64.0, ""max_current_slew"": 116.62914850735665, ""mid_disturbance_offset_sec"": 0.0, ""no_set_current_mode"": false, ""predict_horizon_sec"": 0.004126023368045833, ""pulse_current_raw_max"": 12.0, ""pulse_current_raw_min"": 4.0, ""pulse_duration_max"": 0.6, ""pulse_duration_min"": 0.15, ""q_abs_guard_deg"": 35.0, ""qd_lpf_alpha"": 0.06318652591162206, ""rate"": 120.0, ""rbf_center_max"": 3.2, ""rbf_center_min"": -3.2, ""rbf_nodes"": 11.0, ""rbf_width"": 1.6398430001948736, ""ref_jump_deg_max"": 8.0, ""ref_jump_deg_min"": 2.0, ""ref_jump_duration_max"": 0.6, ""ref_jump_duration_min"": 0.15, ""reference_shape"": ""sine"", ""reset_zeta_after_motion"": false, ""reset_zeta_on_segment"": false, ""restore_mode"": false, ""sigma_mod"": 0.20257336995050035, ""sine_center_mode"": ""lock"", ""soft_start_sec"": 0.5, ""step_absolute_target_deg"": null, ""step_absolute_target_rad"": null, ""step_delta_deg"": 40.0, ""step_ramp_sec"": 1.0, ""step_segment_sec"": 1.5, ""step_sequence_deg"": """", ""step_shape"": ""smoothstep"", ""step_start_sec"": 0.0, ""tail_err_full_deg"": 4.0, ""tail_err_thresh_deg"": 1.5, ""tail_kd"": 0.051104316546418636, ""tail_kp"": 0.0, ""tail_max_control_boost"": 0.0, ""tail_u_max"": 0.0, ""torque_to_current"": 210.0, ""zeta0"": 0.885692967, ""zeta_leak"": 0.030086599600239333, ""zeta_reset_delay_sec"": 0.0, ""zeta_reset_value"": null, ""zeta_soft"": 0.8452489666543153}"
144,1,1.0,1000050.6656079212,1200.0,9.991840999999999,7.428079977017302,8.64366871771326,14.804210602655932,20.79449317000155,0.4993343920787844,0.0,0.047267970430107525,0.8373521248617612,1.2192747661,0.88569298,1.2192747661,0.3335817861000001,0.0333581799065,0.230189076795,0.6786268422,0.0,0.0,0.0,0.0,0.0,0.0,0.0,0.0,0.0,0.0,0.0,0.0,0.0,0.0,0.0,0.0,6.974304957714262,12.44359063207322,12.99504094375523,0.0,0,11.08515345700016,/tmp/nussbaum_sine_3hz_struct_runs/optuna_t0144_r01.csv,,"{""alpha"": 13.163870830067783, ""amplitude_deg"": 10.0, ""baudrate"": 1000000.0, ""command_sign"": -1.0, ""control_output_scale"": 1.0, ""current_bias_raw"": -1.5155020717942, ""current_limit_raw"": 0.0, ""default_mode"": 3.0, ""device"": ""/dev/ttyAMA0"", ""disable_anti_windup"": false, ""disable_freeze_nn_on_saturation"": false, ""disable_freeze_zeta_on_saturation"": false, ""disturb_interval_sec"": 30.0, ""disturb_jitter_sec"": 3.0, ""disturb_mode"": ""mixed"", ""disturb_seed"": -1.0, ""disturbance_placement"": ""mid_move"", ""duration"": 10.0, ""dxl_id"": 6.0, ""enable_disturbance"": false, ""frequency_hz"": 3.0, ""fric_coulomb"": 0.002257916506030727, ""fric_vel_scale"": 1.162713077736829, ""gamma_adapt"": 17.608259002991403, ""gamma_link"": 1.070585798755215, ""integral_limit"": 1.6504936083, ""k_delta"": 0.14456574921407006, ""max_abs_e_dot"": 10.0, ""max_control"": 0.1784267559104825, ""max_current_raw"": 62.0, ""max_current_slew"": 64.92364294514559, ""mid_disturbance_offset_sec"": 0.0, ""no_set_current_mode"": false, ""predict_horizon_sec"": 0.002861943290326553, ""pulse_current_raw_max"": 12.0, ""pulse_current_raw_min"": 4.0, ""pulse_duration_max"": 0.6, ""pulse_duration_min"": 0.15, ""q_abs_guard_deg"": 35.0, ""qd_lpf_alpha"": 0.021449748021315333, ""rate"": 120.0, ""rbf_center_max"": 3.2, ""rbf_center_min"": -3.2, ""rbf_nodes"": 11.0, ""rbf_width"": 0.6404323741570226, ""ref_jump_deg_max"": 8.0, ""ref_jump_deg_min"": 2.0, ""ref_jump_duration_max"": 0.6, ""ref_jump_duration_min"": 0.15, ""reference_shape"": ""sine"", ""reset_zeta_after_motion"": false, ""reset_zeta_on_segment"": false, ""restore_mode"": false, ""sigma_mod"": 0.11132404001912095, ""sine_center_mode"": ""lock"", ""soft_start_sec"": 0.5, ""step_absolute_target_deg"": null, ""step_absolute_target_rad"": null, ""step_delta_deg"": 40.0, ""step_ramp_sec"": 1.0, ""step_segment_sec"": 1.5, ""step_sequence_deg"": """", ""step_shape"": ""smoothstep"", ""step_start_sec"": 0.0, ""tail_err_full_deg"": 4.0, ""tail_err_thresh_deg"": 1.5, ""tail_kd"": 0.04618372891990666, ""tail_kp"": 0.0, ""tail_max_control_boost"": 0.0, ""tail_u_max"": 0.0, ""torque_to_current"": 210.0, ""zeta0"": 0.885692967, ""zeta_leak"": 0.06918118917073393, ""zeta_reset_delay_sec"": 0.0, ""zeta_reset_value"": null, ""zeta_soft"": 1.0388049870673015}"
145,1,0.0,1000000.0,0.0,0.0,inf,inf,inf,inf,0.0,1.0,1.0,0.0,0.0,0.0,0.0,0.0,0.0,0.0,0.0,0.0,0.0,0.0,0.0,0.0,0.0,0.0,0.0,0.0,0.0,0.0,0.0,0.0,0.0,0.0,0.0,inf,inf,inf,1.0,1,6.736576051999691,/tmp/nussbaum_sine_3hz_struct_runs/optuna_t0145_r01.csv,[DBG] t=   4.00s e=  2.66deg u=-0.2065 u_aux=-0.0420 u_rob=-0.0000 u_fric= 0.0187 ta=0.45 cmd=   1.45 slewB=1.00 raw q= 137.29deg | [DBG] t=   5.00s e=  8.25deg u= 0.2065 u_aux=-0.0433 u_rob=-0.0000 u_fric= 0.0187 ta=1.00 cmd=  -6.49 slewB=1.00 raw q= 131.75deg | [ERROR] q guard hit: |q-q_center|=35.16 deg > 35.00,"{""alpha"": 8.09744989341083, ""amplitude_deg"": 10.0, ""baudrate"": 1000000.0, ""command_sign"": -1.0, ""control_output_scale"": 1.0, ""current_bias_raw"": -1.6380698656983257, ""current_limit_raw"": 0.0, ""default_mode"": 3.0, ""device"": ""/dev/ttyAMA0"", ""disable_anti_windup"": false, ""disable_freeze_nn_on_saturation"": false, ""disable_freeze_zeta_on_saturation"": false, ""disturb_interval_sec"": 30.0, ""disturb_jitter_sec"": 3.0, ""disturb_mode"": ""mixed"", ""disturb_seed"": -1.0, ""disturbance_placement"": ""mid_move"", ""duration"": 10.0, ""dxl_id"": 6.0, ""enable_disturbance"": false, ""frequency_hz"": 3.0, ""fric_coulomb"": 0.018718231701258716, ""fric_vel_scale"": 0.3953244071663481, ""gamma_adapt"": 11.701290197769712, ""gamma_link"": 0.9841598407415285, ""integral_limit"": 1.6504936083, ""k_delta"": 0.19057335825897026, ""max_abs_e_dot"": 10.0, ""max_control"": 0.20654066730123552, ""max_current_raw"": 51.0, ""max_current_slew"": 113.46812098485864, ""mid_disturbance_offset_sec"": 0.0, ""no_set_current_mode"": false, ""predict_horizon_sec"": 0.004309524643089415, ""pulse_current_raw_max"": 12.0, ""pulse_current_raw_min"": 4.0, ""pulse_duration_max"": 0.6, ""pulse_duration_min"": 0.15, ""q_abs_guard_deg"": 35.0, ""qd_lpf_alpha"": 0.05776097399640894, ""rate"": 120.0, ""rbf_center_max"": 3.2, ""rbf_center_min"": -3.2, ""rbf_nodes"": 11.0, ""rbf_width"": 0.8634420153873831, ""ref_jump_deg_max"": 8.0, ""ref_jump_deg_min"": 2.0, ""ref_jump_duration_max"": 0.6, ""ref_jump_duration_min"": 0.15, ""reference_shape"": ""sine"", ""reset_zeta_after_motion"": false, ""reset_zeta_on_segment"": false, ""restore_mode"": false, ""sigma_mod"": 0.18261104110968002, ""sine_center_mode"": ""lock"", ""soft_start_sec"": 0.5, ""step_absolute_target_deg"": null, ""step_absolute_target_rad"": null, ""step_delta_deg"": 40.0, ""step_ramp_sec"": 1.0, ""step_segment_sec"": 1.5, ""step_sequence_deg"": """", ""step_shape"": ""smoothstep"", ""step_start_sec"": 0.0, ""tail_err_full_deg"": 4.0, ""tail_err_thresh_deg"": 1.5, ""tail_kd"": 0.012646346814255256, ""tail_kp"": 0.0, ""tail_max_control_boost"": 0.0, ""tail_u_max"": 0.0, ""torque_to_current"": 210.0, ""zeta0"": 0.885692967, ""zeta_leak"": 0.06645152255539016, ""zeta_reset_delay_sec"": 0.0, ""zeta_reset_value"": null, ""zeta_soft"": 1.0355835999544265}"
146,1,1.0,1000040.8076996133,1200.0,9.992601,8.939229849132419,10.404123893152194,16.76398673549251,32.08076996132413,0.752126096028738,0.0,0.07370419607843137,0.9517021849474885,0.904881763,0.885692967,0.904881763,0.019188796000000008,0.0019188796009166668,0.003320553944999983,0.2526595431,0.0,0.0,0.0,0.0,0.0,0.0,0.0,0.0,0.0,0.0,0.0,0.0,0.0,0.0,0.0,0.0,8.475252148691396,14.38454483577381,16.772370735521886,0.0,0,11.172730086000229,/tmp/nussbaum_sine_3hz_struct_runs/optuna_t0146_r01.csv,,"{""alpha"": 22.696538586912617, ""amplitude_deg"": 10.0, ""baudrate"": 1000000.0, ""command_sign"": -1.0, ""control_output_scale"": 1.0, ""current_bias_raw"": -1.9777983599559907, ""current_limit_raw"": 0.0, ""default_mode"": 3.0, ""device"": ""/dev/ttyAMA0"", ""disable_anti_windup"": false, ""disable_freeze_nn_on_saturation"": false, ""disable_freeze_zeta_on_saturation"": false, ""disturb_interval_sec"": 30.0, ""disturb_jitter_sec"": 3.0, ""disturb_mode"": ""mixed"", ""disturb_seed"": -1.0, ""disturbance_placement"": ""mid_move"", ""duration"": 10.0, ""dxl_id"": 6.0, ""enable_disturbance"": false, ""frequency_hz"": 3.0, ""fric_coulomb"": 0.013448762872686112, ""fric_vel_scale"": 0.4339491486114124, ""gamma_adapt"": 4.652932590910141, ""gamma_link"": 0.9463496909480262, ""integral_limit"": 1.6504936083, ""k_delta"": 0.1378944561683525, ""max_abs_e_dot"": 10.0, ""max_control"": 0.22214985306493967, ""max_current_raw"": 85.0, ""max_current_slew"": 143.03968022057234, ""mid_disturbance_offset_sec"": 0.0, ""no_set_current_mode"": false, ""predict_horizon_sec"": 0.0034780596720010238, ""pulse_current_raw_max"": 12.0, ""pulse_current_raw_min"": 4.0, ""pulse_duration_max"": 0.6, ""pulse_duration_min"": 0.15, ""q_abs_guard_deg"": 35.0, ""qd_lpf_alpha"": 0.01863237997549829, ""rate"": 120.0, ""rbf_center_max"": 3.2, ""rbf_center_min"": -3.2, ""rbf_nodes"": 11.0, ""rbf_width"": 1.4565663651949852, ""ref_jump_deg_max"": 8.0, ""ref_jump_deg_min"": 2.0, ""ref_jump_duration_max"": 0.6, ""ref_jump_duration_min"": 0.15, ""reference_shape"": ""sine"", ""reset_zeta_after_motion"": false, ""reset_zeta_on_segment"": false, ""restore_mode"": false, ""sigma_mod"": 0.15213753151854706, ""sine_center_mode"": ""lock"", ""soft_start_sec"": 0.5, ""step_absolute_target_deg"": null, ""step_absolute_target_rad"": null, ""step_delta_deg"": 40.0, ""step_ramp_sec"": 1.0, ""step_segment_sec"": 1.5, ""step_sequence_deg"": """", ""step_shape"": ""smoothstep"", ""step_start_sec"": 0.0, ""tail_err_full_deg"": 4.0, ""tail_err_thresh_deg"": 1.5, ""tail_kd"": 0.008531915658293195, ""tail_kp"": 0.0, ""tail_max_control_boost"": 0.0, ""tail_u_max"": 0.0, ""torque_to_current"": 210.0, ""zeta0"": 0.885692967, ""zeta_leak"": 0.03585214278688143, ""zeta_reset_delay_sec"": 0.0, ""zeta_reset_value"": null, ""zeta_soft"": 1.090062482786548}"
147,1,1.0,1000008.4818994416,1200.0,9.991748000000001,8.517085731859739,9.697560177021911,15.319705621416395,19.842719510044926,0.5785560309145356,0.0,0.11909633012820511,0.8538636603544701,1.6464307201,0.885692967,1.6464307201,0.7607377530999999,0.07607377530975,0.394594325685,1.9028851948,0.0,0.0,0.0,0.0,0.0,0.0,0.0,0.0,0.0,0.0,0.0,0.0,0.0,0.0,0.0,0.0,8.415192214139772,14.084818994416228,14.972584559698252,0.0,0,11.184375234000072,/tmp/nussbaum_sine_3hz_struct_runs/optuna_t0147_r01.csv,,"{""alpha"": 6.1134642295536015, ""amplitude_deg"": 10.0, ""baudrate"": 1000000.0, ""command_sign"": -1.0, ""control_output_scale"": 1.0, ""current_bias_raw"": -0.8727840100203912, ""current_limit_raw"": 0.0, ""default_mode"": 3.0, ""device"": ""/dev/ttyAMA0"", ""disable_anti_windup"": false, ""disable_freeze_nn_on_saturation"": false, ""disable_freeze_zeta_on_saturation"": false, ""disturb_interval_sec"": 30.0, ""disturb_jitter_sec"": 3.0, ""disturb_mode"": ""mixed"", ""disturb_seed"": -1.0, ""disturbance_placement"": ""mid_move"", ""duration"": 10.0, ""dxl_id"": 6.0, ""enable_disturbance"": false, ""frequency_hz"": 3.0, ""fric_coulomb"": 0.01783931201179299, ""fric_vel_scale"": 0.831627855650934, ""gamma_adapt"": 11.480032044652084, ""gamma_link"": 1.0343438848516266, ""integral_limit"": 1.6504936083, ""k_delta"": 0.14260405806851986, ""max_abs_e_dot"": 10.0, ""max_control"": 0.17648925482341035, ""max_current_raw"": 52.0, ""max_current_slew"": 144.62906518747124, ""mid_disturbance_offset_sec"": 0.0, ""no_set_current_mode"": false, ""predict_horizon_sec"": 0.0038932656310616386, ""pulse_current_raw_max"": 12.0, ""pulse_current_raw_min"": 4.0, ""pulse_duration_max"": 0.6, ""pulse_duration_min"": 0.15, ""q_abs_guard_deg"": 35.0, ""qd_lpf_alpha"": 0.04455381232852182, ""rate"": 120.0, ""rbf_center_max"": 3.2, ""rbf_center_min"": -3.2, ""rbf_nodes"": 11.0, ""rbf_width"": 1.152245481724787, ""ref_jump_deg_max"": 8.0, ""ref_jump_deg_min"": 2.0, ""ref_jump_duration_max"": 0.6, ""ref_jump_duration_min"": 0.15, ""reference_shape"": ""sine"", ""reset_zeta_after_motion"": false, ""reset_zeta_on_segment"": false, ""restore_mode"": false, ""sigma_mod"": 0.1874532246034896, ""sine_center_mode"": ""lock"", ""soft_start_sec"": 0.5, ""step_absolute_target_deg"": null, ""step_absolute_target_rad"": null, ""step_delta_deg"": 40.0, ""step_ramp_sec"": 1.0, ""step_segment_sec"": 1.5, ""step_sequence_deg"": """", ""step_shape"": ""smoothstep"", ""step_start_sec"": 0.0, ""tail_err_full_deg"": 4.0, ""tail_err_thresh_deg"": 1.5, ""tail_kd"": 0.029355589715382487, ""tail_kp"": 0.0, ""tail_max_control_boost"": 0.0, ""tail_u_max"": 0.0, ""torque_to_current"": 210.0, ""zeta0"": 0.885692967, ""zeta_leak"": 0.05592390634146823, ""zeta_reset_delay_sec"": 0.0, ""zeta_reset_value"": null, ""zeta_soft"": 1.0503979242341641}"
148,1,0.0,1000000.0,0.0,0.0,inf,inf,inf,inf,0.0,1.0,1.0,0.0,0.0,0.0,0.0,0.0,0.0,0.0,0.0,0.0,0.0,0.0,0.0,0.0,0.0,0.0,0.0,0.0,0.0,0.0,0.0,0.0,0.0,0.0,0.0,inf,inf,inf,1.0,1,6.760781607000354,/tmp/nussbaum_sine_3hz_struct_runs/optuna_t0148_r01.csv,[DBG] t=   4.00s e= -8.85deg u= 0.2948 u_aux=-0.0225 u_rob=-0.0000 u_fric= 0.0127 ta=1.00 cmd=   9.43 slewB=1.00 raw q= 148.62deg | [DBG] t=   5.00s e=-15.37deg u= 0.2948 u_aux=-0.0218 u_rob=-0.0000 u_fric= 0.0127 ta=1.00 cmd=  15.07 slewB=1.00 raw q= 155.13deg | [ERROR] q guard hit: |q-q_center|=35.68 deg > 35.00,"{""alpha"": 14.554224280144291, ""amplitude_deg"": 10.0, ""baudrate"": 1000000.0, ""command_sign"": -1.0, ""control_output_scale"": 1.0, ""current_bias_raw"": 0.8882956364155621, ""current_limit_raw"": 0.0, ""default_mode"": 3.0, ""device"": ""/dev/ttyAMA0"", ""disable_anti_windup"": false, ""disable_freeze_nn_on_saturation"": false, ""disable_freeze_zeta_on_saturation"": false, ""disturb_interval_sec"": 30.0, ""disturb_jitter_sec"": 3.0, ""disturb_mode"": ""mixed"", ""disturb_seed"": -1.0, ""disturbance_placement"": ""mid_move"", ""duration"": 10.0, ""dxl_id"": 6.0, ""enable_disturbance"": false, ""frequency_hz"": 3.0, ""fric_coulomb"": 0.012691960687317344, ""fric_vel_scale"": 0.8778571569961617, ""gamma_adapt"": 10.915269000914533, ""gamma_link"": 0.9284721172948852, ""integral_limit"": 1.6504936083, ""k_delta"": 0.16847217056798144, ""max_abs_e_dot"": 10.0, ""max_control"": 0.29475980106818095, ""max_current_raw"": 54.0, ""max_current_slew"": 56.45975428386657, ""mid_disturbance_offset_sec"": 0.0, ""no_set_current_mode"": false, ""predict_horizon_sec"": 0.0007742497839819636, ""pulse_current_raw_max"": 12.0, ""pulse_current_raw_min"": 4.0, ""pulse_duration_max"": 0.6, ""pulse_duration_min"": 0.15, ""q_abs_guard_deg"": 35.0, ""qd_lpf_alpha"": 0.0643774360645549, ""rate"": 120.0, ""rbf_center_max"": 3.2, ""rbf_center_min"": -3.2, ""rbf_nodes"": 11.0, ""rbf_width"": 0.912725754560109, ""ref_jump_deg_max"": 8.0, ""ref_jump_deg_min"": 2.0, ""ref_jump_duration_max"": 0.6, ""ref_jump_duration_min"": 0.15, ""reference_shape"": ""sine"", ""reset_zeta_after_motion"": false, ""reset_zeta_on_segment"": false, ""restore_mode"": false, ""sigma_mod"": 0.2276767880805542, ""sine_center_mode"": ""lock"", ""soft_start_sec"": 0.5, ""step_absolute_target_deg"": null, ""step_absolute_target_rad"": null, ""step_delta_deg"": 40.0, ""step_ramp_sec"": 1.0, ""step_segment_sec"": 1.5, ""step_sequence_deg"": """", ""step_shape"": ""smoothstep"", ""step_start_sec"": 0.0, ""tail_err_full_deg"": 4.0, ""tail_err_thresh_deg"": 1.5, ""tail_kd"": 0.006852074145650311, ""tail_kp"": 0.0, ""tail_max_control_boost"": 0.0, ""tail_u_max"": 0.0, ""torque_to_current"": 210.0, ""zeta0"": 0.885692967, ""zeta_leak"": 0.07458361646084732, ""zeta_reset_delay_sec"": 0.0, ""zeta_reset_value"": null, ""zeta_soft"": 0.9798552234752701}"
149,1,1.0,1000056.3716273758,1200.0,9.991781000000001,9.028934835128288,10.526013729107808,16.41411784525174,33.63716273758456,0.7392071443380521,0.0,0.15419154255319148,0.955947702401803,0.9262165353,0.885692967,0.9262165353,0.040523568300000035,0.004052356832250001,0.03631045384499998,0.1778125559,0.0,0.0,0.0,0.0,0.0,0.0,0.0,0.0,0.0,0.0,0.0,0.0,0.0,0.0,0.0,0.0,8.736660387666912,15.366727584124133,16.3314349698945,0.0,0,11.252074716000607,/tmp/nussbaum_sine_3hz_struct_runs/optuna_t0149_r01.csv,,"{""alpha"": 2.5737693805686783, ""amplitude_deg"": 10.0, ""baudrate"": 1000000.0, ""command_sign"": -1.0, ""control_output_scale"": 1.0, ""current_bias_raw"": -1.5281448190961409, ""current_limit_raw"": 0.0, ""default_mode"": 3.0, ""device"": ""/dev/ttyAMA0"", ""disable_anti_windup"": false, ""disable_freeze_nn_on_saturation"": false, ""disable_freeze_zeta_on_saturation"": false, ""disturb_interval_sec"": 30.0, ""disturb_jitter_sec"": 3.0, ""disturb_mode"": ""mixed"", ""disturb_seed"": -1.0, ""disturbance_placement"": ""mid_move"", ""duration"": 10.0, ""dxl_id"": 6.0, ""enable_disturbance"": false, ""frequency_hz"": 3.0, ""fric_coulomb"": 0.007833123417062306, ""fric_vel_scale"": 0.6116288572532264, ""gamma_adapt"": 15.977858044050226, ""gamma_link"": 0.8803688515031157, ""integral_limit"": 1.6504936083, ""k_delta"": 0.1422746776430077, ""max_abs_e_dot"": 10.0, ""max_control"": 0.15642852353267458, ""max_current_raw"": 47.0, ""max_current_slew"": 168.60149636124333, ""mid_disturbance_offset_sec"": 0.0, ""no_set_current_mode"": false, ""predict_horizon_sec"": 0.0019215640815409267, ""pulse_current_raw_max"": 12.0, ""pulse_current_raw_min"": 4.0, ""pulse_duration_max"": 0.6, ""pulse_duration_min"": 0.15, ""q_abs_guard_deg"": 35.0, ""qd_lpf_alpha"": 0.0555068846843561, ""rate"": 120.0, ""rbf_center_max"": 3.2, ""rbf_center_min"": -3.2, ""rbf_nodes"": 11.0, ""rbf_width"": 2.0842930156933335, ""ref_jump_deg_max"": 8.0, ""ref_jump_deg_min"": 2.0, ""ref_jump_duration_max"": 0.6, ""ref_jump_duration_min"": 0.15, ""reference_shape"": ""sine"", ""reset_zeta_after_motion"": false, ""reset_zeta_on_segment"": false, ""restore_mode"": false, ""sigma_mod"": 0.21201815566964727, ""sine_center_mode"": ""lock"", ""soft_start_sec"": 0.5, ""step_absolute_target_deg"": null, ""step_absolute_target_rad"": null, ""step_delta_deg"": 40.0, ""step_ramp_sec"": 1.0, ""step_segment_sec"": 1.5, ""step_sequence_deg"": """", ""step_shape"": ""smoothstep"", ""step_start_sec"": 0.0, ""tail_err_full_deg"": 4.0, ""tail_err_thresh_deg"": 1.5, ""tail_kd"": 0.028640150073000643, ""tail_kp"": 0.0, ""tail_max_control_boost"": 0.0, ""tail_u_max"": 0.0, ""torque_to_current"": 210.0, ""zeta0"": 0.885692967, ""zeta_leak"": 0.07714832457746655, ""zeta_reset_delay_sec"": 0.0, ""zeta_reset_value"": null, ""zeta_soft"": 0.9326057580354895}"
150,1,1.0,1000089.6094606959,1200.0,9.991756,9.089576474571043,10.403233553280472,16.332508152216892,25.55187284521883,0.667784988775509,0.0,0.12423073924731182,0.8486958595612037,1.2435898096,0.8856853796,1.2435898096,0.35790442999999994,0.035789684258333336,0.24465077178999986,0.6528815315,0.0,0.0,0.0,0.0,0.0,0.0,0.0,0.0,0.0,0.0,0.0,0.0,0.0,0.0,0.0,0.0,8.949608800260199,14.896094606958705,16.86317155136733,0.0,0,11.146180308000112,/tmp/nussbaum_sine_3hz_struct_runs/optuna_t0150_r01.csv,,"{""alpha"": 4.689752016090007, ""amplitude_deg"": 10.0, ""baudrate"": 1000000.0, ""command_sign"": -1.0, ""control_output_scale"": 1.0, ""current_bias_raw"": -1.9748350002971238, ""current_limit_raw"": 0.0, ""default_mode"": 3.0, ""device"": ""/dev/ttyAMA0"", ""disable_anti_windup"": false, ""disable_freeze_nn_on_saturation"": false, ""disable_freeze_zeta_on_saturation"": false, ""disturb_interval_sec"": 30.0, ""disturb_jitter_sec"": 3.0, ""disturb_mode"": ""mixed"", ""disturb_seed"": -1.0, ""disturbance_placement"": ""mid_move"", ""duration"": 10.0, ""dxl_id"": 6.0, ""enable_disturbance"": false, ""frequency_hz"": 3.0, ""fric_coulomb"": 0.015447239804329523, ""fric_vel_scale"": 0.7679777678998286, ""gamma_adapt"": 9.28066821984953, ""gamma_link"": 1.0946206456201728, ""integral_limit"": 1.6504936083, ""k_delta"": 0.19117235599068189, ""max_abs_e_dot"": 10.0, ""max_control"": 0.2155483126033101, ""max_current_raw"": 62.0, ""max_current_slew"": 180.54505583877176, ""mid_disturbance_offset_sec"": 0.0, ""no_set_current_mode"": false, ""predict_horizon_sec"": 0.003617721551519972, ""pulse_current_raw_max"": 12.0, ""pulse_current_raw_min"": 4.0, ""pulse_duration_max"": 0.6, ""pulse_duration_min"": 0.15, ""q_abs_guard_deg"": 35.0, ""qd_lpf_alpha"": 0.06948705167903377, ""rate"": 120.0, ""rbf_center_max"": 3.2, ""rbf_center_min"": -3.2, ""rbf_nodes"": 11.0, ""rbf_width"": 0.7442470344067488, ""ref_jump_deg_max"": 8.0, ""ref_jump_deg_min"": 2.0, ""ref_jump_duration_max"": 0.6, ""ref_jump_duration_min"": 0.15, ""reference_shape"": ""sine"", ""reset_zeta_after_motion"": false, ""reset_zeta_on_segment"": false, ""restore_mode"": false, ""sigma_mod"": 0.21950013673188154, ""sine_center_mode"": ""lock"", ""soft_start_sec"": 0.5, ""step_absolute_target_deg"": null, ""step_absolute_target_rad"": null, ""step_delta_deg"": 40.0, ""step_ramp_sec"": 1.0, ""step_segment_sec"": 1.5, ""step_sequence_deg"": """", ""step_shape"": ""smoothstep"", ""step_start_sec"": 0.0, ""tail_err_full_deg"": 4.0, ""tail_err_thresh_deg"": 1.5, ""tail_kd"": 0.05997682242657675, ""tail_kp"": 0.0, ""tail_max_control_boost"": 0.0, ""tail_u_max"": 0.0, ""torque_to_current"": 210.0, ""zeta0"": 0.885692967, ""zeta_leak"": 0.054232039376848826, ""zeta_reset_delay_sec"": 0.0, ""zeta_reset_value"": null, ""zeta_soft"": 0.8689042027297976}"
151,1,1.0,1000077.9448899901,1200.0,9.991765000000001,10.163529928090782,12.281670750680036,23.623528448220807,34.946181438433925,1.2779448899901018,0.0,0.10659823260073259,0.8472629822967958,1.2626185489,0.885692967,1.2626185489,0.3769255818999999,0.03769255818608333,0.251029030905,0.7624771189,0.0,0.0,0.0,0.0,0.0,0.0,0.0,0.0,0.0,0.0,0.0,0.0,0.0,0.0,0.0,0.0,9.427461097337801,15.472047540968925,16.277441421174498,0.0,0,11.129830048999793,/tmp/nussbaum_sine_3hz_struct_runs/optuna_t0151_r01.csv,,"{""alpha"": 24.576967035212085, ""amplitude_deg"": 10.0, ""baudrate"": 1000000.0, ""command_sign"": -1.0, ""control_output_scale"": 1.0, ""current_bias_raw"": -0.41345367914974623, ""current_limit_raw"": 0.0, ""default_mode"": 3.0, ""device"": ""/dev/ttyAMA0"", ""disable_anti_windup"": false, ""disable_freeze_nn_on_saturation"": false, ""disable_freeze_zeta_on_saturation"": false, ""disturb_interval_sec"": 30.0, ""disturb_jitter_sec"": 3.0, ""disturb_mode"": ""mixed"", ""disturb_seed"": -1.0, ""disturbance_placement"": ""mid_move"", ""duration"": 10.0, ""dxl_id"": 6.0, ""enable_disturbance"": false, ""frequency_hz"": 3.0, ""fric_coulomb"": 0.01347725083394324, ""fric_vel_scale"": 0.38139170712632314, ""gamma_adapt"": 11.766260873941539, ""gamma_link"": 1.115335123574428, ""integral_limit"": 1.6504936083, ""k_delta"": 0.181971654890369, ""max_abs_e_dot"": 10.0, ""max_control"": 0.1880858059307497, ""max_current_raw"": 91.0, ""max_current_slew"": 222.90224231098736, ""mid_disturbance_offset_sec"": 0.0, ""no_set_current_mode"": false, ""predict_horizon_sec"": 0.0035548004217915803, ""pulse_current_raw_max"": 12.0, ""pulse_current_raw_min"": 4.0, ""pulse_duration_max"": 0.6, ""pulse_duration_min"": 0.15, ""q_abs_guard_deg"": 35.0, ""qd_lpf_alpha"": 0.03608956981048875, ""rate"": 120.0, ""rbf_center_max"": 3.2, ""rbf_center_min"": -3.2, ""rbf_nodes"": 11.0, ""rbf_width"": 0.7239404965964363, ""ref_jump_deg_max"": 8.0, ""ref_jump_deg_min"": 2.0, ""ref_jump_duration_max"": 0.6, ""ref_jump_duration_min"": 0.15, ""reference_shape"": ""sine"", ""reset_zeta_after_motion"": false, ""reset_zeta_on_segment"": false, ""restore_mode"": false, ""sigma_mod"": 0.12781630187410553, ""sine_center_mode"": ""lock"", ""soft_start_sec"": 0.5, ""step_absolute_target_deg"": null, ""step_absolute_target_rad"": null, ""step_delta_deg"": 40.0, ""step_ramp_sec"": 1.0, ""step_segment_sec"": 1.5, ""step_sequence_deg"": """", ""step_shape"": ""smoothstep"", ""step_start_sec"": 0.0, ""tail_err_full_deg"": 4.0, ""tail_err_thresh_deg"": 1.5, ""tail_kd"": 0.05299139338669251, ""tail_kp"": 0.0, ""tail_max_control_boost"": 0.0, ""tail_u_max"": 0.0, ""torque_to_current"": 210.0, ""zeta0"": 0.885692967, ""zeta_leak"": 0.04803426169273423, ""zeta_reset_delay_sec"": 0.0, ""zeta_reset_value"": null, ""zeta_soft"": 1.018127303736827}"
152,1,0.0,1000000.0,0.0,0.0,inf,inf,inf,inf,0.0,1.0,1.0,0.0,0.0,0.0,0.0,0.0,0.0,0.0,0.0,0.0,0.0,0.0,0.0,0.0,0.0,0.0,0.0,0.0,0.0,0.0,0.0,0.0,0.0,0.0,0.0,inf,inf,inf,1.0,1,5.317861423000068,/tmp/nussbaum_sine_3hz_struct_runs/optuna_t0152_r01.csv,[DBG] t=   3.00s e= -0.77deg u=-0.2738 u_aux=-0.0713 u_rob=-0.0000 u_fric= 0.0108 ta=0.00 cmd=   1.60 slewB=1.00 raw q= 140.45deg | [DBG] t=   4.00s e=-24.84deg u= 0.2738 u_aux=-0.0615 u_rob=-0.0000 u_fric= 0.0108 ta=1.00 cmd=  19.48 slewB=1.00 raw q= 164.44deg | [ERROR] q guard hit: |q-q_center|=35.24 deg > 35.00,"{""alpha"": 27.896386477577387, ""amplitude_deg"": 10.0, ""baudrate"": 1000000.0, ""command_sign"": -1.0, ""control_output_scale"": 1.0, ""current_bias_raw"": -1.625975500209163, ""current_limit_raw"": 0.0, ""default_mode"": 3.0, ""device"": ""/dev/ttyAMA0"", ""disable_anti_windup"": false, ""disable_freeze_nn_on_saturation"": false, ""disable_freeze_zeta_on_saturation"": false, ""disturb_interval_sec"": 30.0, ""disturb_jitter_sec"": 3.0, ""disturb_mode"": ""mixed"", ""disturb_seed"": -1.0, ""disturbance_placement"": ""mid_move"", ""duration"": 10.0, ""dxl_id"": 6.0, ""enable_disturbance"": false, ""frequency_hz"": 3.0, ""fric_coulomb"": 0.010790148894549668, ""fric_vel_scale"": 0.6451870773933788, ""gamma_adapt"": 5.119099409113802, ""gamma_link"": 1.0259527269333326, ""integral_limit"": 1.6504936083, ""k_delta"": 0.18914733796403022, ""max_abs_e_dot"": 10.0, ""max_control"": 0.2737832362624719, ""max_current_raw"": 84.0, ""max_current_slew"": 155.44115887426594, ""mid_disturbance_offset_sec"": 0.0, ""no_set_current_mode"": false, ""predict_horizon_sec"": 0.002058958618907712, ""pulse_current_raw_max"": 12.0, ""pulse_current_raw_min"": 4.0, ""pulse_duration_max"": 0.6, ""pulse_duration_min"": 0.15, ""q_abs_guard_deg"": 35.0, ""qd_lpf_alpha"": 0.03213387636562777, ""rate"": 120.0, ""rbf_center_max"": 3.2, ""rbf_center_min"": -3.2, ""rbf_nodes"": 11.0, ""rbf_width"": 1.0218932874971036, ""ref_jump_deg_max"": 8.0, ""ref_jump_deg_min"": 2.0, ""ref_jump_duration_max"": 0.6, ""ref_jump_duration_min"": 0.15, ""reference_shape"": ""sine"", ""reset_zeta_after_motion"": false, ""reset_zeta_on_segment"": false, ""restore_mode"": false, ""sigma_mod"": 0.08442666917688968, ""sine_center_mode"": ""lock"", ""soft_start_sec"": 0.5, ""step_absolute_target_deg"": null, ""step_absolute_target_rad"": null, ""step_delta_deg"": 40.0, ""step_ramp_sec"": 1.0, ""step_segment_sec"": 1.5, ""step_sequence_deg"": """", ""step_shape"": ""smoothstep"", ""step_start_sec"": 0.0, ""tail_err_full_deg"": 4.0, ""tail_err_thresh_deg"": 1.5, ""tail_kd"": 0.022692627959097114, ""tail_kp"": 0.0, ""tail_max_control_boost"": 0.0, ""tail_u_max"": 0.0, ""torque_to_current"": 210.0, ""zeta0"": 0.885692967, ""zeta_leak"": 0.037982916035551005, ""zeta_reset_delay_sec"": 0.0, ""zeta_reset_value"": null, ""zeta_soft"": 1.0557470587044036}"
153,1,1.0,1000066.0317419821,1200.0,9.991756,9.441762715728286,11.229215263057155,18.20839821837997,34.60317419821496,0.872729755416963,0.0,0.09468033950617284,0.9496939623229178,0.9399575605,0.8856929837,0.9399575605,0.054264576799999964,0.005426459351166667,0.029037954054999857,0.4065574306,0.0,0.0,0.0,0.0,0.0,0.0,0.0,0.0,0.0,0.0,0.0,0.0,0.0,0.0,0.0,0.0,9.184978594258656,16.355256400694728,17.396821949385767,0.0,0,11.20687375200032,/tmp/nussbaum_sine_3hz_struct_runs/optuna_t0153_r01.csv,,"{""alpha"": 18.837859670002967, ""amplitude_deg"": 10.0, ""baudrate"": 1000000.0, ""command_sign"": -1.0, ""control_output_scale"": 1.0, ""current_bias_raw"": 0.6304639437586976, ""current_limit_raw"": 0.0, ""default_mode"": 3.0, ""device"": ""/dev/ttyAMA0"", ""disable_anti_windup"": false, ""disable_freeze_nn_on_saturation"": false, ""disable_freeze_zeta_on_saturation"": false, ""disturb_interval_sec"": 30.0, ""disturb_jitter_sec"": 3.0, ""disturb_mode"": ""mixed"", ""disturb_seed"": -1.0, ""disturbance_placement"": ""mid_move"", ""duration"": 10.0, ""dxl_id"": 6.0, ""enable_disturbance"": false, ""frequency_hz"": 3.0, ""fric_coulomb"": 0.01783135778695847, ""fric_vel_scale"": 0.4655275303092503, ""gamma_adapt"": 16.05747879949901, ""gamma_link"": 1.1005331940957375, ""integral_limit"": 1.6504936083, ""k_delta"": 0.1752795180936643, ""max_abs_e_dot"": 10.0, ""max_control"": 0.19686016151267305, ""max_current_raw"": 81.0, ""max_current_slew"": 175.66732721975336, ""mid_disturbance_offset_sec"": 0.0, ""no_set_current_mode"": false, ""predict_horizon_sec"": 0.002203768409601366, ""pulse_current_raw_max"": 12.0, ""pulse_current_raw_min"": 4.0, ""pulse_duration_max"": 0.6, ""pulse_duration_min"": 0.15, ""q_abs_guard_deg"": 35.0, ""qd_lpf_alpha"": 0.051869433614934804, ""rate"": 120.0, ""rbf_center_max"": 3.2, ""rbf_center_min"": -3.2, ""rbf_nodes"": 11.0, ""rbf_width"": 1.2312345727785627, ""ref_jump_deg_max"": 8.0, ""ref_jump_deg_min"": 2.0, ""ref_jump_duration_max"": 0.6, ""ref_jump_duration_min"": 0.15, ""reference_shape"": ""sine"", ""reset_zeta_after_motion"": false, ""reset_zeta_on_segment"": false, ""restore_mode"": false, ""sigma_mod"": 0.1260272176545278, ""sine_center_mode"": ""lock"", ""soft_start_sec"": 0.5, ""step_absolute_target_deg"": null, ""step_absolute_target_rad"": null, ""step_delta_deg"": 40.0, ""step_ramp_sec"": 1.0, ""step_segment_sec"": 1.5, ""step_sequence_deg"": """", ""step_shape"": ""smoothstep"", ""step_start_sec"": 0.0, ""tail_err_full_deg"": 4.0, ""tail_err_thresh_deg"": 1.5, ""tail_kd"": 0.04923690806328327, ""tail_kp"": 0.0, ""tail_max_control_boost"": 0.0, ""tail_u_max"": 0.0, ""torque_to_current"": 210.0, ""zeta0"": 0.885692967, ""zeta_leak"": 0.042580472487105864, ""zeta_reset_delay_sec"": 0.0, ""zeta_reset_value"": null, ""zeta_soft"": 1.063027525984765}"
154,1,0.0,1000000.0,0.0,0.0,inf,inf,inf,inf,0.0,1.0,1.0,0.0,0.0,0.0,0.0,0.0,0.0,0.0,0.0,0.0,0.0,0.0,0.0,0.0,0.0,0.0,0.0,0.0,0.0,0.0,0.0,0.0,0.0,0.0,0.0,inf,inf,inf,1.0,1,2.7328133869996236,/tmp/nussbaum_sine_3hz_struct_runs/optuna_t0154_r01.csv,[DBG] t=   0.00s e=  0.00deg u=-0.0000 u_aux=-0.0000 u_rob=-0.0000 u_fric= 0.0000 ta=0.00 cmd=  -1.42 slewB=1.00 raw q= 139.92deg | [DBG] t=   1.00s e=  8.40deg u=-0.1718 u_aux=-0.0017 u_rob=-0.0000 u_fric= 0.0131 ta=1.00 cmd=   0.67 slewB=1.00 raw q= 131.57deg | [ERROR] q guard hit: |q-q_center|=35.33 deg > 35.00,"{""alpha"": 27.28820273682335, ""amplitude_deg"": 10.0, ""baudrate"": 1000000.0, ""command_sign"": -1.0, ""control_output_scale"": 1.0, ""current_bias_raw"": -1.5937974822275582, ""current_limit_raw"": 0.0, ""default_mode"": 3.0, ""device"": ""/dev/ttyAMA0"", ""disable_anti_windup"": false, ""disable_freeze_nn_on_saturation"": false, ""disable_freeze_zeta_on_saturation"": false, ""disturb_interval_sec"": 30.0, ""disturb_jitter_sec"": 3.0, ""disturb_mode"": ""mixed"", ""disturb_seed"": -1.0, ""disturbance_placement"": ""mid_move"", ""duration"": 10.0, ""dxl_id"": 6.0, ""enable_disturbance"": false, ""frequency_hz"": 3.0, ""fric_coulomb"": 0.013127110895320553, ""fric_vel_scale"": 0.39980186493924746, ""gamma_adapt"": 5.2587572443459045, ""gamma_link"": 1.0401651645902599, ""integral_limit"": 1.6504936083, ""k_delta"": 0.13673331614592546, ""max_abs_e_dot"": 10.0, ""max_control"": 0.23804028199395588, ""max_current_raw"": 87.0, ""max_current_slew"": 170.5338506498955, ""mid_disturbance_offset_sec"": 0.0, ""no_set_current_mode"": false, ""predict_horizon_sec"": 0.0025410768827715826, ""pulse_current_raw_max"": 12.0, ""pulse_current_raw_min"": 4.0, ""pulse_duration_max"": 0.6, ""pulse_duration_min"": 0.15, ""q_abs_guard_deg"": 35.0, ""qd_lpf_alpha"": 0.016649515491199942, ""rate"": 120.0, ""rbf_center_max"": 3.2, ""rbf_center_min"": -3.2, ""rbf_nodes"": 11.0, ""rbf_width"": 0.760240490748231, ""ref_jump_deg_max"": 8.0, ""ref_jump_deg_min"": 2.0, ""ref_jump_duration_max"": 0.6, ""ref_jump_duration_min"": 0.15, ""reference_shape"": ""sine"", ""reset_zeta_after_motion"": false, ""reset_zeta_on_segment"": false, ""restore_mode"": false, ""sigma_mod"": 0.1646023513860784, ""sine_center_mode"": ""lock"", ""soft_start_sec"": 0.5, ""step_absolute_target_deg"": null, ""step_absolute_target_rad"": null, ""step_delta_deg"": 40.0, ""step_ramp_sec"": 1.0, ""step_segment_sec"": 1.5, ""step_sequence_deg"": """", ""step_shape"": ""smoothstep"", ""step_start_sec"": 0.0, ""tail_err_full_deg"": 4.0, ""tail_err_thresh_deg"": 1.5, ""tail_kd"": 0.0004809321094642535, ""tail_kp"": 0.0, ""tail_max_control_boost"": 0.0, ""tail_u_max"": 0.0, ""torque_to_current"": 210.0, ""zeta0"": 0.885692967, ""zeta_leak"": 0.007906269905347128, ""zeta_reset_delay_sec"": 0.0, ""zeta_reset_value"": null, ""zeta_soft"": 0.9584947149899196}"
155,1,0.0,1000000.0,0.0,0.0,inf,inf,inf,inf,0.0,1.0,1.0,0.0,0.0,0.0,0.0,0.0,0.0,0.0,0.0,0.0,0.0,0.0,0.0,0.0,0.0,0.0,0.0,0.0,0.0,0.0,0.0,0.0,0.0,0.0,0.0,inf,inf,inf,1.0,1,2.768578072999844,/tmp/nussbaum_sine_3hz_struct_runs/optuna_t0155_r01.csv,[DBG] t=   0.00s e=  0.00deg u=-0.0000 u_aux=-0.0000 u_rob=-0.0000 u_fric= 0.0000 ta=0.00 cmd=   0.81 slewB=1.00 raw q= 139.13deg | [DBG] t=   1.00s e= 11.19deg u=-0.2123 u_aux=-0.1845 u_rob=-0.0000 u_fric= 0.0162 ta=1.00 cmd=  -8.87 slewB=1.00 raw q= 128.14deg | [ERROR] q guard hit: |q-q_center|=36.56 deg > 35.00,"{""alpha"": 19.769685270195637, ""amplitude_deg"": 10.0, ""baudrate"": 1000000.0, ""command_sign"": -1.0, ""control_output_scale"": 1.0, ""current_bias_raw"": 0.8094237784255264, ""current_limit_raw"": 0.0, ""default_mode"": 3.0, ""device"": ""/dev/ttyAMA0"", ""disable_anti_windup"": false, ""disable_freeze_nn_on_saturation"": false, ""disable_freeze_zeta_on_saturation"": false, ""disturb_interval_sec"": 30.0, ""disturb_jitter_sec"": 3.0, ""disturb_mode"": ""mixed"", ""disturb_seed"": -1.0, ""disturbance_placement"": ""mid_move"", ""duration"": 10.0, ""dxl_id"": 6.0, ""enable_disturbance"": false, ""frequency_hz"": 3.0, ""fric_coulomb"": 0.016172624880082215, ""fric_vel_scale"": 0.35331036014260225, ""gamma_adapt"": 21.50265293795541, ""gamma_link"": 1.0472131984947637, ""integral_limit"": 1.6504936083, ""k_delta"": 0.17399011755435514, ""max_abs_e_dot"": 10.0, ""max_control"": 0.21228345866755374, ""max_current_raw"": 86.0, ""max_current_slew"": 214.16222473560083, ""mid_disturbance_offset_sec"": 0.0, ""no_set_current_mode"": false, ""predict_horizon_sec"": 0.00368880710710455, ""pulse_current_raw_max"": 12.0, ""pulse_current_raw_min"": 4.0, ""pulse_duration_max"": 0.6, ""pulse_duration_min"": 0.15, ""q_abs_guard_deg"": 35.0, ""qd_lpf_alpha"": 0.033858859402624245, ""rate"": 120.0, ""rbf_center_max"": 3.2, ""rbf_center_min"": -3.2, ""rbf_nodes"": 11.0, ""rbf_width"": 0.9979791946204297, ""ref_jump_deg_max"": 8.0, ""ref_jump_deg_min"": 2.0, ""ref_jump_duration_max"": 0.6, ""ref_jump_duration_min"": 0.15, ""reference_shape"": ""sine"", ""reset_zeta_after_motion"": false, ""reset_zeta_on_segment"": false, ""restore_mode"": false, ""sigma_mod"": 0.10271920826277246, ""sine_center_mode"": ""lock"", ""soft_start_sec"": 0.5, ""step_absolute_target_deg"": null, ""step_absolute_target_rad"": null, ""step_delta_deg"": 40.0, ""step_ramp_sec"": 1.0, ""step_segment_sec"": 1.5, ""step_sequence_deg"": """", ""step_shape"": ""smoothstep"", ""step_start_sec"": 0.0, ""tail_err_full_deg"": 4.0, ""tail_err_thresh_deg"": 1.5, ""tail_kd"": 0.04464812549311024, ""tail_kp"": 0.0, ""tail_max_control_boost"": 0.0, ""tail_u_max"": 0.0, ""torque_to_current"": 210.0, ""zeta0"": 0.885692967, ""zeta_leak"": 0.043963012779481093, ""zeta_reset_delay_sec"": 0.0, ""zeta_reset_value"": null, ""zeta_soft"": 1.0405826805530847}"
156,1,1.0,1000104.7358458632,1200.0,9.991794,8.26374063647936,9.378779991978407,14.142379594449263,22.126187466274967,0.44526415413681913,0.0,0.0712420281124498,0.850795535927334,1.3350541928,0.8856929859,1.3350541928,0.4493612068999999,0.044936122585249996,0.3133560783599999,0.6003757291,0.0,0.0,0.0,0.0,0.0,0.0,0.0,0.0,0.0,0.0,0.0,0.0,0.0,0.0,0.0,0.0,8.339194116084407,13.973789413161821,14.92844253898098,0.0,0,11.222936604999632,/tmp/nussbaum_sine_3hz_struct_runs/optuna_t0156_r01.csv,,"{""alpha"": 21.515017561651156, ""amplitude_deg"": 10.0, ""baudrate"": 1000000.0, ""command_sign"": -1.0, ""control_output_scale"": 1.0, ""current_bias_raw"": -0.30697944352876344, ""current_limit_raw"": 0.0, ""default_mode"": 3.0, ""device"": ""/dev/ttyAMA0"", ""disable_anti_windup"": false, ""disable_freeze_nn_on_saturation"": false, ""disable_freeze_zeta_on_saturation"": false, ""disturb_interval_sec"": 30.0, ""disturb_jitter_sec"": 3.0, ""disturb_mode"": ""mixed"", ""disturb_seed"": -1.0, ""disturbance_placement"": ""mid_move"", ""duration"": 10.0, ""dxl_id"": 6.0, ""enable_disturbance"": false, ""frequency_hz"": 3.0, ""fric_coulomb"": 0.013971552398962122, ""fric_vel_scale"": 0.4410229569486311, ""gamma_adapt"": 16.431571135621283, ""gamma_link"": 1.1464986036484859, ""integral_limit"": 1.6504936083, ""k_delta"": 0.18123382877840502, ""max_abs_e_dot"": 10.0, ""max_control"": 0.20814572039486873, ""max_current_raw"": 83.0, ""max_current_slew"": 137.01456057532405, ""mid_disturbance_offset_sec"": 0.0, ""no_set_current_mode"": false, ""predict_horizon_sec"": 0.004104498636058683, ""pulse_current_raw_max"": 12.0, ""pulse_current_raw_min"": 4.0, ""pulse_duration_max"": 0.6, ""pulse_duration_min"": 0.15, ""q_abs_guard_deg"": 35.0, ""qd_lpf_alpha"": 0.037164121149421615, ""rate"": 120.0, ""rbf_center_max"": 3.2, ""rbf_center_min"": -3.2, ""rbf_nodes"": 11.0, ""rbf_width"": 0.9224994344742362, ""ref_jump_deg_max"": 8.0, ""ref_jump_deg_min"": 2.0, ""ref_jump_duration_max"": 0.6, ""ref_jump_duration_min"": 0.15, ""reference_shape"": ""sine"", ""reset_zeta_after_motion"": false, ""reset_zeta_on_segment"": false, ""restore_mode"": false, ""sigma_mod"": 0.1566462670100667, ""sine_center_mode"": ""lock"", ""soft_start_sec"": 0.5, ""step_absolute_target_deg"": null, ""step_absolute_target_rad"": null, ""step_delta_deg"": 40.0, ""step_ramp_sec"": 1.0, ""step_segment_sec"": 1.5, ""step_sequence_deg"": """", ""step_shape"": ""smoothstep"", ""step_start_sec"": 0.0, ""tail_err_full_deg"": 4.0, ""tail_err_thresh_deg"": 1.5, ""tail_kd"": 0.04678509199375707, ""tail_kp"": 0.0, ""tail_max_control_boost"": 0.0, ""tail_u_max"": 0.0, ""torque_to_current"": 210.0, ""zeta0"": 0.885692967, ""zeta_leak"": 0.024653725297588358, ""zeta_reset_delay_sec"": 0.0, ""zeta_reset_value"": null, ""zeta_soft"": 1.094138165449697}"
157,1,0.0,1000000.0,0.0,0.0,inf,inf,inf,inf,0.0,1.0,1.0,0.0,0.0,0.0,0.0,0.0,0.0,0.0,0.0,0.0,0.0,0.0,0.0,0.0,0.0,0.0,0.0,0.0,0.0,0.0,0.0,0.0,0.0,0.0,0.0,inf,inf,inf,1.0,1,6.029366755999945,/tmp/nussbaum_sine_3hz_struct_runs/optuna_t0157_r01.csv,[DBG] t=   3.00s e= -0.42deg u=-0.2895 u_aux=-0.1463 u_rob=-0.0000 u_fric= 0.0094 ta=0.00 cmd=   2.12 slewB=1.00 raw q= 140.19deg | [DBG] t=   4.00s e= 11.34deg u= 0.2895 u_aux=-0.1602 u_rob=-0.0000 u_fric= 0.0094 ta=1.00 cmd=  -4.82 slewB=1.00 raw q= 128.58deg | [ERROR] q guard hit: |q-q_center|=35.33 deg > 35.00,"{""alpha"": 14.342035615896801, ""amplitude_deg"": 10.0, ""baudrate"": 1000000.0, ""command_sign"": -1.0, ""control_output_scale"": 1.0, ""current_bias_raw"": -1.3319133976263609, ""current_limit_raw"": 0.0, ""default_mode"": 3.0, ""device"": ""/dev/ttyAMA0"", ""disable_anti_windup"": false, ""disable_freeze_nn_on_saturation"": false, ""disable_freeze_zeta_on_saturation"": false, ""disturb_interval_sec"": 30.0, ""disturb_jitter_sec"": 3.0, ""disturb_mode"": ""mixed"", ""disturb_seed"": -1.0, ""disturbance_placement"": ""mid_move"", ""duration"": 10.0, ""dxl_id"": 6.0, ""enable_disturbance"": false, ""frequency_hz"": 3.0, ""fric_coulomb"": 0.009445092900981937, ""fric_vel_scale"": 0.9337370183968378, ""gamma_adapt"": 6.966959419378606, ""gamma_link"": 1.1114250832114647, ""integral_limit"": 1.6504936083, ""k_delta"": 0.12517142915411195, ""max_abs_e_dot"": 10.0, ""max_control"": 0.28954807414607453, ""max_current_raw"": 61.0, ""max_current_slew"": 46.27418755608451, ""mid_disturbance_offset_sec"": 0.0, ""no_set_current_mode"": false, ""predict_horizon_sec"": 0.0028909247503989175, ""pulse_current_raw_max"": 12.0, ""pulse_current_raw_min"": 4.0, ""pulse_duration_max"": 0.6, ""pulse_duration_min"": 0.15, ""q_abs_guard_deg"": 35.0, ""qd_lpf_alpha"": 0.07664072790183514, ""rate"": 120.0, ""rbf_center_max"": 3.2, ""rbf_center_min"": -3.2, ""rbf_nodes"": 11.0, ""rbf_width"": 1.250174034964705, ""ref_jump_deg_max"": 8.0, ""ref_jump_deg_min"": 2.0, ""ref_jump_duration_max"": 0.6, ""ref_jump_duration_min"": 0.15, ""reference_shape"": ""sine"", ""reset_zeta_after_motion"": false, ""reset_zeta_on_segment"": false, ""restore_mode"": false, ""sigma_mod"": 0.2538402073590974, ""sine_center_mode"": ""lock"", ""soft_start_sec"": 0.5, ""step_absolute_target_deg"": null, ""step_absolute_target_rad"": null, ""step_delta_deg"": 40.0, ""step_ramp_sec"": 1.0, ""step_segment_sec"": 1.5, ""step_sequence_deg"": """", ""step_shape"": ""smoothstep"", ""step_start_sec"": 0.0, ""tail_err_full_deg"": 4.0, ""tail_err_thresh_deg"": 1.5, ""tail_kd"": 0.044226577984253904, ""tail_kp"": 0.0, ""tail_max_control_boost"": 0.0, ""tail_u_max"": 0.0, ""torque_to_current"": 210.0, ""zeta0"": 0.885692967, ""zeta_leak"": 0.055104950371643854, ""zeta_reset_delay_sec"": 0.0, ""zeta_reset_value"": null, ""zeta_soft"": 0.8600946871518719}"
158,1,0.0,1000000.0,0.0,0.0,inf,inf,inf,inf,0.0,1.0,1.0,0.0,0.0,0.0,0.0,0.0,0.0,0.0,0.0,0.0,0.0,0.0,0.0,0.0,0.0,0.0,0.0,0.0,0.0,0.0,0.0,0.0,0.0,0.0,0.0,inf,inf,inf,1.0,1,2.3481154609999066,/tmp/nussbaum_sine_3hz_struct_runs/optuna_t0158_r01.csv,[DBG] t=   0.00s e=  0.09deg u=-0.0002 u_aux=-0.0000 u_rob=-0.0000 u_fric= 0.0000 ta=0.00 cmd=  -0.65 slewB=1.00 raw q= 139.04deg | [DBG] t=   1.00s e= 24.44deg u=-0.1936 u_aux=-0.1768 u_rob=-0.0000 u_fric= 0.0033 ta=1.00 cmd=  -5.52 slewB=1.00 raw q= 115.05deg | [ERROR] q guard hit: |q-q_center|=35.42 deg > 35.00,"{""alpha"": 21.66727877741511, ""amplitude_deg"": 10.0, ""baudrate"": 1000000.0, ""command_sign"": -1.0, ""control_output_scale"": 1.0, ""current_bias_raw"": -0.7072476681942155, ""current_limit_raw"": 0.0, ""default_mode"": 3.0, ""device"": ""/dev/ttyAMA0"", ""disable_anti_windup"": false, ""disable_freeze_nn_on_saturation"": false, ""disable_freeze_zeta_on_saturation"": false, ""disturb_interval_sec"": 30.0, ""disturb_jitter_sec"": 3.0, ""disturb_mode"": ""mixed"", ""disturb_seed"": -1.0, ""disturbance_placement"": ""mid_move"", ""duration"": 10.0, ""dxl_id"": 6.0, ""enable_disturbance"": false, ""frequency_hz"": 3.0, ""fric_coulomb"": 0.0033472401445110087, ""fric_vel_scale"": 0.4437628762481348, ""gamma_adapt"": 18.843743787802893, ""gamma_link"": 0.9627517818791573, ""integral_limit"": 1.6504936083, ""k_delta"": 0.1691361222114946, ""max_abs_e_dot"": 10.0, ""max_control"": 0.19361880821378094, ""max_current_raw"": 92.0, ""max_current_slew"": 238.28958580052102, ""mid_disturbance_offset_sec"": 0.0, ""no_set_current_mode"": false, ""predict_horizon_sec"": 0.0025600332306207367, ""pulse_current_raw_max"": 12.0, ""pulse_current_raw_min"": 4.0, ""pulse_duration_max"": 0.6, ""pulse_duration_min"": 0.15, ""q_abs_guard_deg"": 35.0, ""qd_lpf_alpha"": 0.0526727719830115, ""rate"": 120.0, ""rbf_center_max"": 3.2, ""rbf_center_min"": -3.2, ""rbf_nodes"": 11.0, ""rbf_width"": 0.8392463006248423, ""ref_jump_deg_max"": 8.0, ""ref_jump_deg_min"": 2.0, ""ref_jump_duration_max"": 0.6, ""ref_jump_duration_min"": 0.15, ""reference_shape"": ""sine"", ""reset_zeta_after_motion"": false, ""reset_zeta_on_segment"": false, ""restore_mode"": false, ""sigma_mod"": 0.17996064489079203, ""sine_center_mode"": ""lock"", ""soft_start_sec"": 0.5, ""step_absolute_target_deg"": null, ""step_absolute_target_rad"": null, ""step_delta_deg"": 40.0, ""step_ramp_sec"": 1.0, ""step_segment_sec"": 1.5, ""step_sequence_deg"": """", ""step_shape"": ""smoothstep"", ""step_start_sec"": 0.0, ""tail_err_full_deg"": 4.0, ""tail_err_thresh_deg"": 1.5, ""tail_kd"": 0.03166764097443585, ""tail_kp"": 0.0, ""tail_max_control_boost"": 0.0, ""tail_u_max"": 0.0, ""torque_to_current"": 210.0, ""zeta0"": 0.885692967, ""zeta_leak"": 0.018388862541652944, ""zeta_reset_delay_sec"": 0.0, ""zeta_reset_value"": null, ""zeta_soft"": 1.0092590262864125}"
159,1,0.0,1000000.0,0.0,0.0,inf,inf,inf,inf,0.0,1.0,1.0,0.0,0.0,0.0,0.0,0.0,0.0,0.0,0.0,0.0,0.0,0.0,0.0,0.0,0.0,0.0,0.0,0.0,0.0,0.0,0.0,0.0,0.0,0.0,0.0,inf,inf,inf,1.0,1,5.864749756000492,/tmp/nussbaum_sine_3hz_struct_runs/optuna_t0159_r01.csv,[DBG] t=   3.00s e=  2.02deg u=-0.2465 u_aux=-0.2025 u_rob=-0.0000 u_fric= 0.0076 ta=0.11 cmd=   0.86 slewB=1.00 raw q= 137.11deg | [DBG] t=   4.00s e=  3.44deg u= 0.0742 u_aux=-0.2079 u_rob=-0.0000 u_fric= 0.0076 ta=0.87 cmd=  -2.55 slewB=1.00 raw q= 135.70deg | [ERROR] q guard hit: |q-q_center|=35.07 deg > 35.00,"{""alpha"": 17.914517913421353, ""amplitude_deg"": 10.0, ""baudrate"": 1000000.0, ""command_sign"": -1.0, ""control_output_scale"": 1.0, ""current_bias_raw"": -1.6515076347386013, ""current_limit_raw"": 0.0, ""default_mode"": 3.0, ""device"": ""/dev/ttyAMA0"", ""disable_anti_windup"": false, ""disable_freeze_nn_on_saturation"": false, ""disable_freeze_zeta_on_saturation"": false, ""disturb_interval_sec"": 30.0, ""disturb_jitter_sec"": 3.0, ""disturb_mode"": ""mixed"", ""disturb_seed"": -1.0, ""disturbance_placement"": ""mid_move"", ""duration"": 10.0, ""dxl_id"": 6.0, ""enable_disturbance"": false, ""frequency_hz"": 3.0, ""fric_coulomb"": 0.00763913740114271, ""fric_vel_scale"": 0.6514423636643284, ""gamma_adapt"": 5.403854821330128, ""gamma_link"": 0.9613382775363476, ""integral_limit"": 1.6504936083, ""k_delta"": 0.15653800308361493, ""max_abs_e_dot"": 10.0, ""max_control"": 0.24651368934401757, ""max_current_raw"": 49.0, ""max_current_slew"": 161.49622844478404, ""mid_disturbance_offset_sec"": 0.0, ""no_set_current_mode"": false, ""predict_horizon_sec"": 0.004241780637682899, ""pulse_current_raw_max"": 12.0, ""pulse_current_raw_min"": 4.0, ""pulse_duration_max"": 0.6, ""pulse_duration_min"": 0.15, ""q_abs_guard_deg"": 35.0, ""qd_lpf_alpha"": 0.015235356996114323, ""rate"": 120.0, ""rbf_center_max"": 3.2, ""rbf_center_min"": -3.2, ""rbf_nodes"": 11.0, ""rbf_width"": 0.6693383677017624, ""ref_jump_deg_max"": 8.0, ""ref_jump_deg_min"": 2.0, ""ref_jump_duration_max"": 0.6, ""ref_jump_duration_min"": 0.15, ""reference_shape"": ""sine"", ""reset_zeta_after_motion"": false, ""reset_zeta_on_segment"": false, ""restore_mode"": false, ""sigma_mod"": 0.17677433401661394, ""sine_center_mode"": ""lock"", ""soft_start_sec"": 0.5, ""step_absolute_target_deg"": null, ""step_absolute_target_rad"": null, ""step_delta_deg"": 40.0, ""step_ramp_sec"": 1.0, ""step_segment_sec"": 1.5, ""step_sequence_deg"": """", ""step_shape"": ""smoothstep"", ""step_start_sec"": 0.0, ""tail_err_full_deg"": 4.0, ""tail_err_thresh_deg"": 1.5, ""tail_kd"": 0.06328856590424908, ""tail_kp"": 0.0, ""tail_max_control_boost"": 0.0, ""tail_u_max"": 0.0, ""torque_to_current"": 210.0, ""zeta0"": 0.885692967, ""zeta_leak"": 0.057727691974696835, ""zeta_reset_delay_sec"": 0.0, ""zeta_reset_value"": null, ""zeta_soft"": 0.8124765462426021}"
160,1,1.0,1000193.7478969683,1200.0,9.991759,7.423545689098492,8.392786603839246,12.592006411046734,18.235297645778186,0.35625210303169136,0.0,0.07237351666666667,0.9486209804079427,0.9382007937,0.8856816731,0.9381735055,0.052491832399999994,0.005248053852749999,0.002293047819999989,1.7644623381,0.0,0.0,0.0,0.0,0.0,0.0,0.0,0.0,0.0,0.0,0.0,0.0,0.0,0.0,0.0,0.0,7.591150622169089,12.073051206769359,13.094455314884192,0.0,0,11.291526697000336,/tmp/nussbaum_sine_3hz_struct_runs/optuna_t0160_r01.csv,,"{""alpha"": 21.107719694635744, ""amplitude_deg"": 10.0, ""baudrate"": 1000000.0, ""command_sign"": -1.0, ""control_output_scale"": 1.0, ""current_bias_raw"": 0.07611658270038696, ""current_limit_raw"": 0.0, ""default_mode"": 3.0, ""device"": ""/dev/ttyAMA0"", ""disable_anti_windup"": false, ""disable_freeze_nn_on_saturation"": false, ""disable_freeze_zeta_on_saturation"": false, ""disturb_interval_sec"": 30.0, ""disturb_jitter_sec"": 3.0, ""disturb_mode"": ""mixed"", ""disturb_seed"": -1.0, ""disturbance_placement"": ""mid_move"", ""duration"": 10.0, ""dxl_id"": 6.0, ""enable_disturbance"": false, ""frequency_hz"": 3.0, ""fric_coulomb"": 0.00656723452009949, ""fric_vel_scale"": 1.135677860365401, ""gamma_adapt"": 6.960256135838718, ""gamma_link"": 0.9374200028525481, ""integral_limit"": 1.6504936083, ""k_delta"": 0.1467616463085257, ""max_abs_e_dot"": 10.0, ""max_control"": 0.27698360125576516, ""max_current_raw"": 50.0, ""max_current_slew"": 80.67428489734654, ""mid_disturbance_offset_sec"": 0.0, ""no_set_current_mode"": false, ""predict_horizon_sec"": 0.0014735803367298692, ""pulse_current_raw_max"": 12.0, ""pulse_current_raw_min"": 4.0, ""pulse_duration_max"": 0.6, ""pulse_duration_min"": 0.15, ""q_abs_guard_deg"": 35.0, ""qd_lpf_alpha"": 0.046822851594682253, ""rate"": 120.0, ""rbf_center_max"": 3.2, ""rbf_center_min"": -3.2, ""rbf_nodes"": 11.0, ""rbf_width"": 1.4257910751257723, ""ref_jump_deg_max"": 8.0, ""ref_jump_deg_min"": 2.0, ""ref_jump_duration_max"": 0.6, ""ref_jump_duration_min"": 0.15, ""reference_shape"": ""sine"", ""reset_zeta_after_motion"": false, ""reset_zeta_on_segment"": false, ""restore_mode"": false, ""sigma_mod"": 0.2700417265544286, ""sine_center_mode"": ""lock"", ""soft_start_sec"": 0.5, ""step_absolute_target_deg"": null, ""step_absolute_target_rad"": null, ""step_delta_deg"": 40.0, ""step_ramp_sec"": 1.0, ""step_segment_sec"": 1.5, ""step_sequence_deg"": """", ""step_shape"": ""smoothstep"", ""step_start_sec"": 0.0, ""tail_err_full_deg"": 4.0, ""tail_err_thresh_deg"": 1.5, ""tail_kd"": 0.014560393597420737, ""tail_kp"": 0.0, ""tail_max_control_boost"": 0.0, ""tail_u_max"": 0.0, ""torque_to_current"": 210.0, ""zeta0"": 0.885692967, ""zeta_leak"": 0.05561667746414527, ""zeta_reset_delay_sec"": 0.0, ""zeta_reset_value"": null, ""zeta_soft"": 0.8613249722811183}"
161,1,0.0,1000000.0,0.0,0.0,inf,inf,inf,inf,0.0,1.0,1.0,0.0,0.0,0.0,0.0,0.0,0.0,0.0,0.0,0.0,0.0,0.0,0.0,0.0,0.0,0.0,0.0,0.0,0.0,0.0,0.0,0.0,0.0,0.0,0.0,inf,inf,inf,1.0,1,2.1758368499995413,/tmp/nussbaum_sine_3hz_struct_runs/optuna_t0161_r01.csv,[DBG] t=   0.00s e=  0.00deg u=-0.0000 u_aux=-0.0000 u_rob=-0.0000 u_fric= 0.0000 ta=0.00 cmd=   0.01 slewB=1.00 raw q= 139.39deg | [DBG] t=   1.00s e= 27.33deg u=-0.2294 u_aux=-0.1679 u_rob=-0.0000 u_fric= 0.0099 ta=1.00 cmd= -10.62 slewB=1.00 raw q= 112.41deg | [ERROR] q guard hit: |q-q_center|=36.39 deg > 35.00,"{""alpha"": 15.54678856489052, ""amplitude_deg"": 10.0, ""baudrate"": 1000000.0, ""command_sign"": -1.0, ""control_output_scale"": 1.0, ""current_bias_raw"": 0.007805645249537032, ""current_limit_raw"": 0.0, ""default_mode"": 3.0, ""device"": ""/dev/ttyAMA0"", ""disable_anti_windup"": false, ""disable_freeze_nn_on_saturation"": false, ""disable_freeze_zeta_on_saturation"": false, ""disturb_interval_sec"": 30.0, ""disturb_jitter_sec"": 3.0, ""disturb_mode"": ""mixed"", ""disturb_seed"": -1.0, ""disturbance_placement"": ""mid_move"", ""duration"": 10.0, ""dxl_id"": 6.0, ""enable_disturbance"": false, ""frequency_hz"": 3.0, ""fric_coulomb"": 0.00990417067392942, ""fric_vel_scale"": 0.4371032676484443, ""gamma_adapt"": 19.461151085784238, ""gamma_link"": 1.1098076869500715, ""integral_limit"": 1.6504936083, ""k_delta"": 0.17965920832902252, ""max_abs_e_dot"": 10.0, ""max_control"": 0.22938163770266565, ""max_current_raw"": 89.0, ""max_current_slew"": 237.5104790243886, ""mid_disturbance_offset_sec"": 0.0, ""no_set_current_mode"": false, ""predict_horizon_sec"": 0.0030340886666097287, ""pulse_current_raw_max"": 12.0, ""pulse_current_raw_min"": 4.0, ""pulse_duration_max"": 0.6, ""pulse_duration_min"": 0.15, ""q_abs_guard_deg"": 35.0, ""qd_lpf_alpha"": 0.038553666814623785, ""rate"": 120.0, ""rbf_center_max"": 3.2, ""rbf_center_min"": -3.2, ""rbf_nodes"": 11.0, ""rbf_width"": 0.7432477571383883, ""ref_jump_deg_max"": 8.0, ""ref_jump_deg_min"": 2.0, ""ref_jump_duration_max"": 0.6, ""ref_jump_duration_min"": 0.15, ""reference_shape"": ""sine"", ""reset_zeta_after_motion"": false, ""reset_zeta_on_segment"": false, ""restore_mode"": false, ""sigma_mod"": 0.13554917331663496, ""sine_center_mode"": ""lock"", ""soft_start_sec"": 0.5, ""step_absolute_target_deg"": null, ""step_absolute_target_rad"": null, ""step_delta_deg"": 40.0, ""step_ramp_sec"": 1.0, ""step_segment_sec"": 1.5, ""step_sequence_deg"": """", ""step_shape"": ""smoothstep"", ""step_start_sec"": 0.0, ""tail_err_full_deg"": 4.0, ""tail_err_thresh_deg"": 1.5, ""tail_kd"": 0.032422580931915815, ""tail_kp"": 0.0, ""tail_max_control_boost"": 0.0, ""tail_u_max"": 0.0, ""torque_to_current"": 210.0, ""zeta0"": 0.885692967, ""zeta_leak"": 0.054007718477303804, ""zeta_reset_delay_sec"": 0.0, ""zeta_reset_value"": null, ""zeta_soft"": 1.0894784668822992}"
162,1,0.0,1000000.0,0.0,0.0,inf,inf,inf,inf,0.0,1.0,1.0,0.0,0.0,0.0,0.0,0.0,0.0,0.0,0.0,0.0,0.0,0.0,0.0,0.0,0.0,0.0,0.0,0.0,0.0,0.0,0.0,0.0,0.0,0.0,0.0,inf,inf,inf,1.0,1,5.204427218999626,/tmp/nussbaum_sine_3hz_struct_runs/optuna_t0162_r01.csv,[DBG] t=   2.00s e=  3.81deg u= 0.2951 u_aux=-0.0553 u_rob=-0.0000 u_fric= 0.0023 ta=0.98 cmd=  -0.76 slewB=1.00 raw q= 135.35deg | [DBG] t=   3.01s e= 16.82deg u= 0.2951 u_aux=-0.0576 u_rob=-0.0000 u_fric= 0.0023 ta=1.00 cmd=  -6.18 slewB=1.00 raw q= 123.31deg | [ERROR] q guard hit: |q-q_center|=35.33 deg > 35.00,"{""alpha"": 23.953197138494634, ""amplitude_deg"": 10.0, ""baudrate"": 1000000.0, ""command_sign"": -1.0, ""control_output_scale"": 1.0, ""current_bias_raw"": -0.530781895049493, ""current_limit_raw"": 0.0, ""default_mode"": 3.0, ""device"": ""/dev/ttyAMA0"", ""disable_anti_windup"": false, ""disable_freeze_nn_on_saturation"": false, ""disable_freeze_zeta_on_saturation"": false, ""disturb_interval_sec"": 30.0, ""disturb_jitter_sec"": 3.0, ""disturb_mode"": ""mixed"", ""disturb_seed"": -1.0, ""disturbance_placement"": ""mid_move"", ""duration"": 10.0, ""dxl_id"": 6.0, ""enable_disturbance"": false, ""frequency_hz"": 3.0, ""fric_coulomb"": 0.0022804865423723866, ""fric_vel_scale"": 0.9738516101492444, ""gamma_adapt"": 20.417271267086914, ""gamma_link"": 0.8696502979770375, ""integral_limit"": 1.6504936083, ""k_delta"": 0.1403977761637449, ""max_abs_e_dot"": 10.0, ""max_control"": 0.2950719473549342, ""max_current_raw"": 56.0, ""max_current_slew"": 54.23121864518008, ""mid_disturbance_offset_sec"": 0.0, ""no_set_current_mode"": false, ""predict_horizon_sec"": 0.0026192462908868584, ""pulse_current_raw_max"": 12.0, ""pulse_current_raw_min"": 4.0, ""pulse_duration_max"": 0.6, ""pulse_duration_min"": 0.15, ""q_abs_guard_deg"": 35.0, ""qd_lpf_alpha"": 0.016461616924757387, ""rate"": 120.0, ""rbf_center_max"": 3.2, ""rbf_center_min"": -3.2, ""rbf_nodes"": 11.0, ""rbf_width"": 0.7785709173267096, ""ref_jump_deg_max"": 8.0, ""ref_jump_deg_min"": 2.0, ""ref_jump_duration_max"": 0.6, ""ref_jump_duration_min"": 0.15, ""reference_shape"": ""sine"", ""reset_zeta_after_motion"": false, ""reset_zeta_on_segment"": false, ""restore_mode"": false, ""sigma_mod"": 0.11894941017035746, ""sine_center_mode"": ""lock"", ""soft_start_sec"": 0.5, ""step_absolute_target_deg"": null, ""step_absolute_target_rad"": null, ""step_delta_deg"": 40.0, ""step_ramp_sec"": 1.0, ""step_segment_sec"": 1.5, ""step_sequence_deg"": """", ""step_shape"": ""smoothstep"", ""step_start_sec"": 0.0, ""tail_err_full_deg"": 4.0, ""tail_err_thresh_deg"": 1.5, ""tail_kd"": 0.016658226048431278, ""tail_kp"": 0.0, ""tail_max_control_boost"": 0.0, ""tail_u_max"": 0.0, ""torque_to_current"": 210.0, ""zeta0"": 0.885692967, ""zeta_leak"": 0.07826296126910695, ""zeta_reset_delay_sec"": 0.0, ""zeta_reset_value"": null, ""zeta_soft"": 0.8666130580981244}"
163,1,0.0,1000000.0,0.0,0.0,inf,inf,inf,inf,0.0,1.0,1.0,0.0,0.0,0.0,0.0,0.0,0.0,0.0,0.0,0.0,0.0,0.0,0.0,0.0,0.0,0.0,0.0,0.0,0.0,0.0,0.0,0.0,0.0,0.0,0.0,inf,inf,inf,1.0,1,10.957316437999907,/tmp/nussbaum_sine_3hz_struct_runs/optuna_t0163_r01.csv,[DBG] t=   8.00s e=  2.21deg u=-0.2116 u_aux=-0.2133 u_rob=-0.0000 u_fric= 0.0160 ta=0.19 cmd=   1.59 slewB=1.00 raw q= 136.76deg | [DBG] t=   9.00s e= -1.25deg u= 0.2116 u_aux=-0.2036 u_rob=-0.0000 u_fric= 0.0160 ta=0.00 cmd=  -3.51 slewB=1.00 raw q= 140.19deg | [ERROR] q guard hit: |q-q_center|=36.04 deg > 35.00,"{""alpha"": 2.0733044760591, ""amplitude_deg"": 10.0, ""baudrate"": 1000000.0, ""command_sign"": -1.0, ""control_output_scale"": 1.0, ""current_bias_raw"": -1.705594179310987, ""current_limit_raw"": 0.0, ""default_mode"": 3.0, ""device"": ""/dev/ttyAMA0"", ""disable_anti_windup"": false, ""disable_freeze_nn_on_saturation"": false, ""disable_freeze_zeta_on_saturation"": false, ""disturb_interval_sec"": 30.0, ""disturb_jitter_sec"": 3.0, ""disturb_mode"": ""mixed"", ""disturb_seed"": -1.0, ""disturbance_placement"": ""mid_move"", ""duration"": 10.0, ""dxl_id"": 6.0, ""enable_disturbance"": false, ""frequency_hz"": 3.0, ""fric_coulomb"": 0.016018687624784804, ""fric_vel_scale"": 0.5397202593096333, ""gamma_adapt"": 14.58904954960056, ""gamma_link"": 0.9046905998738479, ""integral_limit"": 1.6504936083, ""k_delta"": 0.14018334526024764, ""max_abs_e_dot"": 10.0, ""max_control"": 0.21156913597231525, ""max_current_raw"": 48.0, ""max_current_slew"": 173.47254911440157, ""mid_disturbance_offset_sec"": 0.0, ""no_set_current_mode"": false, ""predict_horizon_sec"": 0.003446516682827197, ""pulse_current_raw_max"": 12.0, ""pulse_current_raw_min"": 4.0, ""pulse_duration_max"": 0.6, ""pulse_duration_min"": 0.15, ""q_abs_guard_deg"": 35.0, ""qd_lpf_alpha"": 0.05475100252395618, ""rate"": 120.0, ""rbf_center_max"": 3.2, ""rbf_center_min"": -3.2, ""rbf_nodes"": 11.0, ""rbf_width"": 1.3013605202167182, ""ref_jump_deg_max"": 8.0, ""ref_jump_deg_min"": 2.0, ""ref_jump_duration_max"": 0.6, ""ref_jump_duration_min"": 0.15, ""reference_shape"": ""sine"", ""reset_zeta_after_motion"": false, ""reset_zeta_on_segment"": false, ""restore_mode"": false, ""sigma_mod"": 0.20918751360498739, ""sine_center_mode"": ""lock"", ""soft_start_sec"": 0.5, ""step_absolute_target_deg"": null, ""step_absolute_target_rad"": null, ""step_delta_deg"": 40.0, ""step_ramp_sec"": 1.0, ""step_segment_sec"": 1.5, ""step_sequence_deg"": """", ""step_shape"": ""smoothstep"", ""step_start_sec"": 0.0, ""tail_err_full_deg"": 4.0, ""tail_err_thresh_deg"": 1.5, ""tail_kd"": 0.06563003379267611, ""tail_kp"": 0.0, ""tail_max_control_boost"": 0.0, ""tail_u_max"": 0.0, ""torque_to_current"": 210.0, ""zeta0"": 0.885692967, ""zeta_leak"": 0.07041302435644266, ""zeta_reset_delay_sec"": 0.0, ""zeta_reset_value"": null, ""zeta_soft"": 0.9844920144995045}"
164,1,1.0,1000202.4204262296,1200.0,9.992483,6.8756715014398075,7.88464436376974,13.200616545086618,17.78697019747244,0.34757957377045257,0.0,0.05978440740740742,0.8304925300803705,1.2463043356,0.8856742408,1.2463043356,0.3606300948000001,0.03606113685766667,0.23746308320999998,0.7309105256,0.0,0.0,0.0,0.0,0.0,0.0,0.0,0.0,0.0,0.0,0.0,0.0,0.0,0.0,0.0,0.0,6.633021560181548,11.277455429403386,11.850781791668041,0.0,0,11.277374790000067,/tmp/nussbaum_sine_3hz_struct_runs/optuna_t0164_r01.csv,,"{""alpha"": 20.06294899223157, ""amplitude_deg"": 10.0, ""baudrate"": 1000000.0, ""command_sign"": -1.0, ""control_output_scale"": 1.0, ""current_bias_raw"": 0.020751461531793428, ""current_limit_raw"": 0.0, ""default_mode"": 3.0, ""device"": ""/dev/ttyAMA0"", ""disable_anti_windup"": false, ""disable_freeze_nn_on_saturation"": false, ""disable_freeze_zeta_on_saturation"": false, ""disturb_interval_sec"": 30.0, ""disturb_jitter_sec"": 3.0, ""disturb_mode"": ""mixed"", ""disturb_seed"": -1.0, ""disturbance_placement"": ""mid_move"", ""duration"": 10.0, ""dxl_id"": 6.0, ""enable_disturbance"": false, ""frequency_hz"": 3.0, ""fric_coulomb"": 0.0017752405646004358, ""fric_vel_scale"": 1.0869419030789622, ""gamma_adapt"": 14.376794725114669, ""gamma_link"": 0.8714978829473755, ""integral_limit"": 1.6504936083, ""k_delta"": 0.15336718165491717, ""max_abs_e_dot"": 10.0, ""max_control"": 0.18796218634829473, ""max_current_raw"": 45.0, ""max_current_slew"": 56.22162188538469, ""mid_disturbance_offset_sec"": 0.0, ""no_set_current_mode"": false, ""predict_horizon_sec"": 0.002874240002143407, ""pulse_current_raw_max"": 12.0, ""pulse_current_raw_min"": 4.0, ""pulse_duration_max"": 0.6, ""pulse_duration_min"": 0.15, ""q_abs_guard_deg"": 35.0, ""qd_lpf_alpha"": 0.019214726789266386, ""rate"": 120.0, ""rbf_center_max"": 3.2, ""rbf_center_min"": -3.2, ""rbf_nodes"": 11.0, ""rbf_width"": 0.7460701318097319, ""ref_jump_deg_max"": 8.0, ""ref_jump_deg_min"": 2.0, ""ref_jump_duration_max"": 0.6, ""ref_jump_duration_min"": 0.15, ""reference_shape"": ""sine"", ""reset_zeta_after_motion"": false, ""reset_zeta_on_segment"": false, ""restore_mode"": false, ""sigma_mod"": 0.2143021336837611, ""sine_center_mode"": ""lock"", ""soft_start_sec"": 0.5, ""step_absolute_target_deg"": null, ""step_absolute_target_rad"": null, ""step_delta_deg"": 40.0, ""step_ramp_sec"": 1.0, ""step_segment_sec"": 1.5, ""step_sequence_deg"": """", ""step_shape"": ""smoothstep"", ""step_start_sec"": 0.0, ""tail_err_full_deg"": 4.0, ""tail_err_thresh_deg"": 1.5, ""tail_kd"": 0.04100037199998574, ""tail_kp"": 0.0, ""tail_max_control_boost"": 0.0, ""tail_u_max"": 0.0, ""torque_to_current"": 210.0, ""zeta0"": 0.885692967, ""zeta_leak"": 0.06916839306299559, ""zeta_reset_delay_sec"": 0.0, ""zeta_reset_value"": null, ""zeta_soft"": 0.8531888836765102}"
165,1,1.0,1000273.1839821476,1199.0,9.987592000000001,7.120619279982386,8.042989050698436,11.752657478559604,16.834102405851073,0.27681601785244736,0.0,0.04099020873559016,0.950424878712623,0.8978114036,0.8856896845,0.8978108778,0.012121193300000055,0.0012128017470391993,0.00100509141999999,0.1167305271,0.0,0.0,0.0,0.0,0.0,0.0,0.0,0.0,0.0,0.0,0.0,0.0,0.0,0.0,0.0,0.0,7.186268614934142,11.65193870655763,12.104207619198624,0.0,0,11.120650660000138,/tmp/nussbaum_sine_3hz_struct_runs/optuna_t0165_r01.csv,,"{""alpha"": 21.30003141269831, ""amplitude_deg"": 10.0, ""baudrate"": 1000000.0, ""command_sign"": -1.0, ""control_output_scale"": 1.0, ""current_bias_raw"": -0.7913153073786372, ""current_limit_raw"": 0.0, ""default_mode"": 3.0, ""device"": ""/dev/ttyAMA0"", ""disable_anti_windup"": false, ""disable_freeze_nn_on_saturation"": false, ""disable_freeze_zeta_on_saturation"": false, ""disturb_interval_sec"": 30.0, ""disturb_jitter_sec"": 3.0, ""disturb_mode"": ""mixed"", ""disturb_seed"": -1.0, ""disturbance_placement"": ""mid_move"", ""duration"": 10.0, ""dxl_id"": 6.0, ""enable_disturbance"": false, ""frequency_hz"": 3.0, ""fric_coulomb"": 0.004023922986856823, ""fric_vel_scale"": 0.8621103333809026, ""gamma_adapt"": 6.708452626357298, ""gamma_link"": 1.1051422102647037, ""integral_limit"": 1.6504936083, ""k_delta"": 0.11412982142845465, ""max_abs_e_dot"": 10.0, ""max_control"": 0.15464649671584293, ""max_current_raw"": 73.0, ""max_current_slew"": 65.91299338521478, ""mid_disturbance_offset_sec"": 0.0, ""no_set_current_mode"": false, ""predict_horizon_sec"": 0.0016936582917535326, ""pulse_current_raw_max"": 12.0, ""pulse_current_raw_min"": 4.0, ""pulse_duration_max"": 0.6, ""pulse_duration_min"": 0.15, ""q_abs_guard_deg"": 35.0, ""qd_lpf_alpha"": 0.07016941497167418, ""rate"": 120.0, ""rbf_center_max"": 3.2, ""rbf_center_min"": -3.2, ""rbf_nodes"": 11.0, ""rbf_width"": 1.4191337295953337, ""ref_jump_deg_max"": 8.0, ""ref_jump_deg_min"": 2.0, ""ref_jump_duration_max"": 0.6, ""ref_jump_duration_min"": 0.15, ""reference_shape"": ""sine"", ""reset_zeta_after_motion"": false, ""reset_zeta_on_segment"": false, ""restore_mode"": false, ""sigma_mod"": 0.28859396767930884, ""sine_center_mode"": ""lock"", ""soft_start_sec"": 0.5, ""step_absolute_target_deg"": null, ""step_absolute_target_rad"": null, ""step_delta_deg"": 40.0, ""step_ramp_sec"": 1.0, ""step_segment_sec"": 1.5, ""step_sequence_deg"": """", ""step_shape"": ""smoothstep"", ""step_start_sec"": 0.0, ""tail_err_full_deg"": 4.0, ""tail_err_thresh_deg"": 1.5, ""tail_kd"": 0.0466994322042345, ""tail_kp"": 0.0, ""tail_max_control_boost"": 0.0, ""tail_u_max"": 0.0, ""torque_to_current"": 210.0, ""zeta0"": 0.885692967, ""zeta_leak"": 0.06491236638760178, ""zeta_reset_delay_sec"": 0.0, ""zeta_reset_value"": null, ""zeta_soft"": 0.8796247891616461}"
166,1,0.0,1000000.0,0.0,0.0,inf,inf,inf,inf,0.0,1.0,1.0,0.0,0.0,0.0,0.0,0.0,0.0,0.0,0.0,0.0,0.0,0.0,0.0,0.0,0.0,0.0,0.0,0.0,0.0,0.0,0.0,0.0,0.0,0.0,0.0,inf,inf,inf,1.0,1,4.835075275000236,/tmp/nussbaum_sine_3hz_struct_runs/optuna_t0166_r01.csv,[DBG] t=   2.00s e= -1.04deg u= 0.2218 u_aux=-0.0230 u_rob=-0.0000 u_fric= 0.0091 ta=0.00 cmd=   0.87 slewB=1.00 raw q= 140.36deg | [DBG] t=   3.00s e= 15.09deg u= 0.2218 u_aux=-0.0254 u_rob=-0.0000 u_fric= 0.0091 ta=1.00 cmd=  -6.89 slewB=1.00 raw q= 124.37deg | [ERROR] q guard hit: |q-q_center|=35.33 deg > 35.00,"{""alpha"": 26.459027986802354, ""amplitude_deg"": 10.0, ""baudrate"": 1000000.0, ""command_sign"": -1.0, ""control_output_scale"": 1.0, ""current_bias_raw"": -1.7416428429647066, ""current_limit_raw"": 0.0, ""default_mode"": 3.0, ""device"": ""/dev/ttyAMA0"", ""disable_anti_windup"": false, ""disable_freeze_nn_on_saturation"": false, ""disable_freeze_zeta_on_saturation"": false, ""disturb_interval_sec"": 30.0, ""disturb_jitter_sec"": 3.0, ""disturb_mode"": ""mixed"", ""disturb_seed"": -1.0, ""disturbance_placement"": ""mid_move"", ""duration"": 10.0, ""dxl_id"": 6.0, ""enable_disturbance"": false, ""frequency_hz"": 3.0, ""fric_coulomb"": 0.009117453901809253, ""fric_vel_scale"": 0.8302741175526871, ""gamma_adapt"": 4.3949722260521416, ""gamma_link"": 0.8883278861808612, ""integral_limit"": 1.6504936083, ""k_delta"": 0.11902021803824454, ""max_abs_e_dot"": 10.0, ""max_control"": 0.22180039984890265, ""max_current_raw"": 89.0, ""max_current_slew"": 95.01036823885849, ""mid_disturbance_offset_sec"": 0.0, ""no_set_current_mode"": false, ""predict_horizon_sec"": 0.0018947257945321958, ""pulse_current_raw_max"": 12.0, ""pulse_current_raw_min"": 4.0, ""pulse_duration_max"": 0.6, ""pulse_duration_min"": 0.15, ""q_abs_guard_deg"": 35.0, ""qd_lpf_alpha"": 0.022433090741161604, ""rate"": 120.0, ""rbf_center_max"": 3.2, ""rbf_center_min"": -3.2, ""rbf_nodes"": 11.0, ""rbf_width"": 0.8000929197355416, ""ref_jump_deg_max"": 8.0, ""ref_jump_deg_min"": 2.0, ""ref_jump_duration_max"": 0.6, ""ref_jump_duration_min"": 0.15, ""reference_shape"": ""sine"", ""reset_zeta_after_motion"": false, ""reset_zeta_on_segment"": false, ""restore_mode"": false, ""sigma_mod"": 0.16390874420653712, ""sine_center_mode"": ""lock"", ""soft_start_sec"": 0.5, ""step_absolute_target_deg"": null, ""step_absolute_target_rad"": null, ""step_delta_deg"": 40.0, ""step_ramp_sec"": 1.0, ""step_segment_sec"": 1.5, ""step_sequence_deg"": """", ""step_shape"": ""smoothstep"", ""step_start_sec"": 0.0, ""tail_err_full_deg"": 4.0, ""tail_err_thresh_deg"": 1.5, ""tail_kd"": 0.0070157282110951775, ""tail_kp"": 0.0, ""tail_max_control_boost"": 0.0, ""tail_u_max"": 0.0, ""torque_to_current"": 210.0, ""zeta0"": 0.885692967, ""zeta_leak"": 0.027416507707604464, ""zeta_reset_delay_sec"": 0.0, ""zeta_reset_value"": null, ""zeta_soft"": 1.0935063877616047}"
167,1,0.0,1000000.0,0.0,0.0,inf,inf,inf,inf,0.0,1.0,1.0,0.0,0.0,0.0,0.0,0.0,0.0,0.0,0.0,0.0,0.0,0.0,0.0,0.0,0.0,0.0,0.0,0.0,0.0,0.0,0.0,0.0,0.0,0.0,0.0,inf,inf,inf,1.0,1,3.1357198129999233,/tmp/nussbaum_sine_3hz_struct_runs/optuna_t0167_r01.csv,[DBG] t=   0.00s e=  0.00deg u=-0.0000 u_aux=-0.0000 u_rob=-0.0000 u_fric= 0.0000 ta=0.00 cmd=  -1.20 slewB=1.00 raw q= 138.96deg | [DBG] t=   1.00s e=  5.56deg u=-0.1573 u_aux=-0.0398 u_rob=-0.0000 u_fric= 0.0116 ta=1.00 cmd=   1.02 slewB=1.00 raw q= 133.42deg | [ERROR] q guard hit: |q-q_center|=35.33 deg > 35.00,"{""alpha"": 18.774525740070306, ""amplitude_deg"": 10.0, ""baudrate"": 1000000.0, ""command_sign"": -1.0, ""control_output_scale"": 1.0, ""current_bias_raw"": -2.116803765272064, ""current_limit_raw"": 0.0, ""default_mode"": 3.0, ""device"": ""/dev/ttyAMA0"", ""disable_anti_windup"": false, ""disable_freeze_nn_on_saturation"": false, ""disable_freeze_zeta_on_saturation"": false, ""disturb_interval_sec"": 30.0, ""disturb_jitter_sec"": 3.0, ""disturb_mode"": ""mixed"", ""disturb_seed"": -1.0, ""disturbance_placement"": ""mid_move"", ""duration"": 10.0, ""dxl_id"": 6.0, ""enable_disturbance"": false, ""frequency_hz"": 3.0, ""fric_coulomb"": 0.011613992535506799, ""fric_vel_scale"": 0.4009624625257923, ""gamma_adapt"": 5.309067930058164, ""gamma_link"": 0.8814283367291746, ""integral_limit"": 1.6504936083, ""k_delta"": 0.15336305245635037, ""max_abs_e_dot"": 10.0, ""max_control"": 0.2852776017854638, ""max_current_raw"": 95.0, ""max_current_slew"": 143.48207731664667, ""mid_disturbance_offset_sec"": 0.0, ""no_set_current_mode"": false, ""predict_horizon_sec"": 0.0019857714207718972, ""pulse_current_raw_max"": 12.0, ""pulse_current_raw_min"": 4.0, ""pulse_duration_max"": 0.6, ""pulse_duration_min"": 0.15, ""q_abs_guard_deg"": 35.0, ""qd_lpf_alpha"": 0.023173301061400045, ""rate"": 120.0, ""rbf_center_max"": 3.2, ""rbf_center_min"": -3.2, ""rbf_nodes"": 11.0, ""rbf_width"": 0.7703684640345457, ""ref_jump_deg_max"": 8.0, ""ref_jump_deg_min"": 2.0, ""ref_jump_duration_max"": 0.6, ""ref_jump_duration_min"": 0.15, ""reference_shape"": ""sine"", ""reset_zeta_after_motion"": false, ""reset_zeta_on_segment"": false, ""restore_mode"": false, ""sigma_mod"": 0.1636235784268283, ""sine_center_mode"": ""lock"", ""soft_start_sec"": 0.5, ""step_absolute_target_deg"": null, ""step_absolute_target_rad"": null, ""step_delta_deg"": 40.0, ""step_ramp_sec"": 1.0, ""step_segment_sec"": 1.5, ""step_sequence_deg"": """", ""step_shape"": ""smoothstep"", ""step_start_sec"": 0.0, ""tail_err_full_deg"": 4.0, ""tail_err_thresh_deg"": 1.5, ""tail_kd"": 0.011885421357690804, ""tail_kp"": 0.0, ""tail_max_control_boost"": 0.0, ""tail_u_max"": 0.0, ""torque_to_current"": 210.0, ""zeta0"": 0.885692967, ""zeta_leak"": 0.03230986253928225, ""zeta_reset_delay_sec"": 0.0, ""zeta_reset_value"": null, ""zeta_soft"": 1.045881375519975}"
168,1,0.0,1000000.0,0.0,0.0,inf,inf,inf,inf,0.0,1.0,1.0,0.0,0.0,0.0,0.0,0.0,0.0,0.0,0.0,0.0,0.0,0.0,0.0,0.0,0.0,0.0,0.0,0.0,0.0,0.0,0.0,0.0,0.0,0.0,0.0,inf,inf,inf,1.0,1,3.113367812999968,/tmp/nussbaum_sine_3hz_struct_runs/optuna_t0168_r01.csv,[DBG] t=   0.00s e=  0.00deg u=-0.0000 u_aux=-0.0000 u_rob=-0.0000 u_fric= 0.0000 ta=0.00 cmd=   0.60 slewB=1.00 raw q= 138.96deg | [DBG] t=   1.00s e=  7.57deg u=-0.2340 u_aux=-0.0278 u_rob=-0.0000 u_fric= 0.0070 ta=1.00 cmd=   3.87 slewB=1.00 raw q= 132.45deg | [ERROR] q guard hit: |q-q_center|=35.51 deg > 35.00,"{""alpha"": 18.93274534733736, ""amplitude_deg"": 10.0, ""baudrate"": 1000000.0, ""command_sign"": -1.0, ""control_output_scale"": 1.0, ""current_bias_raw"": 0.5992563186056298, ""current_limit_raw"": 0.0, ""default_mode"": 3.0, ""device"": ""/dev/ttyAMA0"", ""disable_anti_windup"": false, ""disable_freeze_nn_on_saturation"": false, ""disable_freeze_zeta_on_saturation"": false, ""disturb_interval_sec"": 30.0, ""disturb_jitter_sec"": 3.0, ""disturb_mode"": ""mixed"", ""disturb_seed"": -1.0, ""disturbance_placement"": ""mid_move"", ""duration"": 10.0, ""dxl_id"": 6.0, ""enable_disturbance"": false, ""frequency_hz"": 3.0, ""fric_coulomb"": 0.007020611893931816, ""fric_vel_scale"": 0.8072171848993039, ""gamma_adapt"": 9.275874463388552, ""gamma_link"": 0.80876068890521, ""integral_limit"": 1.6504936083, ""k_delta"": 0.09528079779918953, ""max_abs_e_dot"": 10.0, ""max_control"": 0.2339825656405456, ""max_current_raw"": 63.0, ""max_current_slew"": 200.78988174199588, ""mid_disturbance_offset_sec"": 0.0, ""no_set_current_mode"": false, ""predict_horizon_sec"": 0.00235808790874207, ""pulse_current_raw_max"": 12.0, ""pulse_current_raw_min"": 4.0, ""pulse_duration_max"": 0.6, ""pulse_duration_min"": 0.15, ""q_abs_guard_deg"": 35.0, ""qd_lpf_alpha"": 0.0754943563185792, ""rate"": 120.0, ""rbf_center_max"": 3.2, ""rbf_center_min"": -3.2, ""rbf_nodes"": 11.0, ""rbf_width"": 0.9737640502406074, ""ref_jump_deg_max"": 8.0, ""ref_jump_deg_min"": 2.0, ""ref_jump_duration_max"": 0.6, ""ref_jump_duration_min"": 0.15, ""reference_shape"": ""sine"", ""reset_zeta_after_motion"": false, ""reset_zeta_on_segment"": false, ""restore_mode"": false, ""sigma_mod"": 0.1035666189608839, ""sine_center_mode"": ""lock"", ""soft_start_sec"": 0.5, ""step_absolute_target_deg"": null, ""step_absolute_target_rad"": null, ""step_delta_deg"": 40.0, ""step_ramp_sec"": 1.0, ""step_segment_sec"": 1.5, ""step_sequence_deg"": """", ""step_shape"": ""smoothstep"", ""step_start_sec"": 0.0, ""tail_err_full_deg"": 4.0, ""tail_err_thresh_deg"": 1.5, ""tail_kd"": 0.005744342209757778, ""tail_kp"": 0.0, ""tail_max_control_boost"": 0.0, ""tail_u_max"": 0.0, ""torque_to_current"": 210.0, ""zeta0"": 0.885692967, ""zeta_leak"": 0.04123346045614811, ""zeta_reset_delay_sec"": 0.0, ""zeta_reset_value"": null, ""zeta_soft"": 1.0576664781655871}"
169,1,1.0,1000100.07101163,1200.0,9.991845999999999,7.095455921411002,8.137561776149454,12.437362582845498,20.341755424904406,0.44992898837001627,0.0,0.05634152046783626,0.9484720194742434,0.9114720904,0.8856884255,0.9113837017,0.025695276200000006,0.0025690734704166664,0.0011805460549999995,0.3159104586,0.0,0.0,0.0,0.0,0.0,0.0,0.0,0.0,0.0,0.0,0.0,0.0,0.0,0.0,0.0,0.0,7.245201171001984,11.73100708282091,13.259324212641562,0.0,0,11.21695193799951,/tmp/nussbaum_sine_3hz_struct_runs/optuna_t0169_r01.csv,,"{""alpha"": 15.9559597060389, ""amplitude_deg"": 10.0, ""baudrate"": 1000000.0, ""command_sign"": -1.0, ""control_output_scale"": 1.0, ""current_bias_raw"": -1.8752035563256935, ""current_limit_raw"": 0.0, ""default_mode"": 3.0, ""device"": ""/dev/ttyAMA0"", ""disable_anti_windup"": false, ""disable_freeze_nn_on_saturation"": false, ""disable_freeze_zeta_on_saturation"": false, ""disturb_interval_sec"": 30.0, ""disturb_jitter_sec"": 3.0, ""disturb_mode"": ""mixed"", ""disturb_seed"": -1.0, ""disturbance_placement"": ""mid_move"", ""duration"": 10.0, ""dxl_id"": 6.0, ""enable_disturbance"": false, ""frequency_hz"": 3.0, ""fric_coulomb"": 0.010436603325505686, ""fric_vel_scale"": 0.9181768461874927, ""gamma_adapt"": 4.508965860582894, ""gamma_link"": 1.0934250501841467, ""integral_limit"": 1.6504936083, ""k_delta"": 0.19754064390143042, ""max_abs_e_dot"": 10.0, ""max_control"": 0.2516043875616376, ""max_current_raw"": 57.0, ""max_current_slew"": 68.31392448060743, ""mid_disturbance_offset_sec"": 0.0, ""no_set_current_mode"": false, ""predict_horizon_sec"": 0.002615664271455746, ""pulse_current_raw_max"": 12.0, ""pulse_current_raw_min"": 4.0, ""pulse_duration_max"": 0.6, ""pulse_duration_min"": 0.15, ""q_abs_guard_deg"": 35.0, ""qd_lpf_alpha"": 0.01956656202439232, ""rate"": 120.0, ""rbf_center_max"": 3.2, ""rbf_center_min"": -3.2, ""rbf_nodes"": 11.0, ""rbf_width"": 1.478961127296111, ""ref_jump_deg_max"": 8.0, ""ref_jump_deg_min"": 2.0, ""ref_jump_duration_max"": 0.6, ""ref_jump_duration_min"": 0.15, ""reference_shape"": ""sine"", ""reset_zeta_after_motion"": false, ""reset_zeta_on_segment"": false, ""restore_mode"": false, ""sigma_mod"": 0.19021007944965793, ""sine_center_mode"": ""lock"", ""soft_start_sec"": 0.5, ""step_absolute_target_deg"": null, ""step_absolute_target_rad"": null, ""step_delta_deg"": 40.0, ""step_ramp_sec"": 1.0, ""step_segment_sec"": 1.5, ""step_sequence_deg"": """", ""step_shape"": ""smoothstep"", ""step_start_sec"": 0.0, ""tail_err_full_deg"": 4.0, ""tail_err_thresh_deg"": 1.5, ""tail_kd"": 0.0590613136047687, ""tail_kp"": 0.0, ""tail_max_control_boost"": 0.0, ""tail_u_max"": 0.0, ""torque_to_current"": 210.0, ""zeta0"": 0.885692967, ""zeta_leak"": 0.04172827154805951, ""zeta_reset_delay_sec"": 0.0, ""zeta_reset_value"": null, ""zeta_soft"": 0.8726328864461115}"
170,1,0.0,1000000.0,0.0,0.0,inf,inf,inf,inf,0.0,1.0,1.0,0.0,0.0,0.0,0.0,0.0,0.0,0.0,0.0,0.0,0.0,0.0,0.0,0.0,0.0,0.0,0.0,0.0,0.0,0.0,0.0,0.0,0.0,0.0,0.0,inf,inf,inf,1.0,1,9.052363791000062,/tmp/nussbaum_sine_3hz_struct_runs/optuna_t0170_r01.csv,[DBG] t=   6.00s e=  2.30deg u=-0.2022 u_aux=-0.0558 u_rob=-0.0000 u_fric= 0.0059 ta=0.24 cmd=   1.12 slewB=1.00 raw q= 137.02deg | [DBG] t=   7.00s e= 17.13deg u= 0.2022 u_aux=-0.0642 u_rob=-0.0000 u_fric= 0.0059 ta=1.00 cmd=  -5.64 slewB=1.00 raw q= 122.26deg | [ERROR] q guard hit: |q-q_center|=35.24 deg > 35.00,"{""alpha"": 19.5797175223619, ""amplitude_deg"": 10.0, ""baudrate"": 1000000.0, ""command_sign"": -1.0, ""control_output_scale"": 1.0, ""current_bias_raw"": 0.4662321318237025, ""current_limit_raw"": 0.0, ""default_mode"": 3.0, ""device"": ""/dev/ttyAMA0"", ""disable_anti_windup"": false, ""disable_freeze_nn_on_saturation"": false, ""disable_freeze_zeta_on_saturation"": false, ""disturb_interval_sec"": 30.0, ""disturb_jitter_sec"": 3.0, ""disturb_mode"": ""mixed"", ""disturb_seed"": -1.0, ""disturbance_placement"": ""mid_move"", ""duration"": 10.0, ""dxl_id"": 6.0, ""enable_disturbance"": false, ""frequency_hz"": 3.0, ""fric_coulomb"": 0.005904554793418107, ""fric_vel_scale"": 0.9135209816323195, ""gamma_adapt"": 14.835174471855863, ""gamma_link"": 0.9169050294757928, ""integral_limit"": 1.6504936083, ""k_delta"": 0.1134924503497098, ""max_abs_e_dot"": 10.0, ""max_control"": 0.20221170427080037, ""max_current_raw"": 49.0, ""max_current_slew"": 50.70885896256912, ""mid_disturbance_offset_sec"": 0.0, ""no_set_current_mode"": false, ""predict_horizon_sec"": 0.0021565582623479886, ""pulse_current_raw_max"": 12.0, ""pulse_current_raw_min"": 4.0, ""pulse_duration_max"": 0.6, ""pulse_duration_min"": 0.15, ""q_abs_guard_deg"": 35.0, ""qd_lpf_alpha"": 0.025226912604164237, ""rate"": 120.0, ""rbf_center_max"": 3.2, ""rbf_center_min"": -3.2, ""rbf_nodes"": 11.0, ""rbf_width"": 1.2011960327066935, ""ref_jump_deg_max"": 8.0, ""ref_jump_deg_min"": 2.0, ""ref_jump_duration_max"": 0.6, ""ref_jump_duration_min"": 0.15, ""reference_shape"": ""sine"", ""reset_zeta_after_motion"": false, ""reset_zeta_on_segment"": false, ""restore_mode"": false, ""sigma_mod"": 0.10632088121557172, ""sine_center_mode"": ""lock"", ""soft_start_sec"": 0.5, ""step_absolute_target_deg"": null, ""step_absolute_target_rad"": null, ""step_delta_deg"": 40.0, ""step_ramp_sec"": 1.0, ""step_segment_sec"": 1.5, ""step_sequence_deg"": """", ""step_shape"": ""smoothstep"", ""step_start_sec"": 0.0, ""tail_err_full_deg"": 4.0, ""tail_err_thresh_deg"": 1.5, ""tail_kd"": 0.0169319992401718, ""tail_kp"": 0.0, ""tail_max_control_boost"": 0.0, ""tail_u_max"": 0.0, ""torque_to_current"": 210.0, ""zeta0"": 0.885692967, ""zeta_leak"": 0.0679736596321706, ""zeta_reset_delay_sec"": 0.0, ""zeta_reset_value"": null, ""zeta_soft"": 0.8037757756356809}"
171,1,0.0,1000000.0,0.0,0.0,inf,inf,inf,inf,0.0,1.0,1.0,0.0,0.0,0.0,0.0,0.0,0.0,0.0,0.0,0.0,0.0,0.0,0.0,0.0,0.0,0.0,0.0,0.0,0.0,0.0,0.0,0.0,0.0,0.0,0.0,inf,inf,inf,1.0,1,10.3977649010003,/tmp/nussbaum_sine_3hz_struct_runs/optuna_t0171_r01.csv,[DBG] t=   8.00s e=  0.80deg u=-0.0479 u_aux=-0.1493 u_rob=-0.0000 u_fric= 0.0136 ta=0.00 cmd=   2.76 slewB=1.00 raw q= 138.08deg | [DBG] t=   9.00s e=-29.15deg u= 0.2322 u_aux=-0.1243 u_rob=-0.0000 u_fric= 0.0136 ta=1.00 cmd=  23.32 slewB=1.00 raw q= 167.96deg | [ERROR] q guard hit: |q-q_center|=35.07 deg > 35.00,"{""alpha"": 8.817329153852356, ""amplitude_deg"": 10.0, ""baudrate"": 1000000.0, ""command_sign"": -1.0, ""control_output_scale"": 1.0, ""current_bias_raw"": 0.3771204891350174, ""current_limit_raw"": 0.0, ""default_mode"": 3.0, ""device"": ""/dev/ttyAMA0"", ""disable_anti_windup"": false, ""disable_freeze_nn_on_saturation"": false, ""disable_freeze_zeta_on_saturation"": false, ""disturb_interval_sec"": 30.0, ""disturb_jitter_sec"": 3.0, ""disturb_mode"": ""mixed"", ""disturb_seed"": -1.0, ""disturbance_placement"": ""mid_move"", ""duration"": 10.0, ""dxl_id"": 6.0, ""enable_disturbance"": false, ""frequency_hz"": 3.0, ""fric_coulomb"": 0.013680753122947514, ""fric_vel_scale"": 1.0550727806720102, ""gamma_adapt"": 10.18156673153938, ""gamma_link"": 1.1114690087977506, ""integral_limit"": 1.6504936083, ""k_delta"": 0.182883080344987, ""max_abs_e_dot"": 10.0, ""max_control"": 0.23216346665596918, ""max_current_raw"": 51.0, ""max_current_slew"": 159.2659920355896, ""mid_disturbance_offset_sec"": 0.0, ""no_set_current_mode"": false, ""predict_horizon_sec"": 0.002149262647625388, ""pulse_current_raw_max"": 12.0, ""pulse_current_raw_min"": 4.0, ""pulse_duration_max"": 0.6, ""pulse_duration_min"": 0.15, ""q_abs_guard_deg"": 35.0, ""qd_lpf_alpha"": 0.06605042177443518, ""rate"": 120.0, ""rbf_center_max"": 3.2, ""rbf_center_min"": -3.2, ""rbf_nodes"": 11.0, ""rbf_width"": 1.0337345423706374, ""ref_jump_deg_max"": 8.0, ""ref_jump_deg_min"": 2.0, ""ref_jump_duration_max"": 0.6, ""ref_jump_duration_min"": 0.15, ""reference_shape"": ""sine"", ""reset_zeta_after_motion"": false, ""reset_zeta_on_segment"": false, ""restore_mode"": false, ""sigma_mod"": 0.1878897788989632, ""sine_center_mode"": ""lock"", ""soft_start_sec"": 0.5, ""step_absolute_target_deg"": null, ""step_absolute_target_rad"": null, ""step_delta_deg"": 40.0, ""step_ramp_sec"": 1.0, ""step_segment_sec"": 1.5, ""step_sequence_deg"": """", ""step_shape"": ""smoothstep"", ""step_start_sec"": 0.0, ""tail_err_full_deg"": 4.0, ""tail_err_thresh_deg"": 1.5, ""tail_kd"": 0.04651969668457806, ""tail_kp"": 0.0, ""tail_max_control_boost"": 0.0, ""tail_u_max"": 0.0, ""torque_to_current"": 210.0, ""zeta0"": 0.885692967, ""zeta_leak"": 0.003434397358693962, ""zeta_reset_delay_sec"": 0.0, ""zeta_reset_value"": null, ""zeta_soft"": 1.0545829520775674}"
172,1,0.0,1000000.0,0.0,0.0,inf,inf,inf,inf,0.0,1.0,1.0,0.0,0.0,0.0,0.0,0.0,0.0,0.0,0.0,0.0,0.0,0.0,0.0,0.0,0.0,0.0,0.0,0.0,0.0,0.0,0.0,0.0,0.0,0.0,0.0,inf,inf,inf,1.0,1,8.268232809999972,/tmp/nussbaum_sine_3hz_struct_runs/optuna_t0172_r01.csv,[DBG] t=   5.00s e=  0.64deg u=-0.2406 u_aux=-0.1734 u_rob=-0.0000 u_fric= 0.0140 ta=0.00 cmd=   2.22 slewB=1.00 raw q= 139.39deg | [DBG] t=   6.00s e= -7.20deg u= 0.2440 u_aux=-0.1524 u_rob=-0.0000 u_fric= 0.0140 ta=1.00 cmd=   5.66 slewB=1.00 raw q= 147.22deg | [ERROR] q guard hit: |q-q_center|=35.07 deg > 35.00,"{""alpha"": 21.12581087792254, ""amplitude_deg"": 10.0, ""baudrate"": 1000000.0, ""command_sign"": -1.0, ""control_output_scale"": 1.0, ""current_bias_raw"": 0.7988225358587409, ""current_limit_raw"": 0.0, ""default_mode"": 3.0, ""device"": ""/dev/ttyAMA0"", ""disable_anti_windup"": false, ""disable_freeze_nn_on_saturation"": false, ""disable_freeze_zeta_on_saturation"": false, ""disturb_interval_sec"": 30.0, ""disturb_jitter_sec"": 3.0, ""disturb_mode"": ""mixed"", ""disturb_seed"": -1.0, ""disturbance_placement"": ""mid_move"", ""duration"": 10.0, ""dxl_id"": 6.0, ""enable_disturbance"": false, ""frequency_hz"": 3.0, ""fric_coulomb"": 0.01400824035449617, ""fric_vel_scale"": 1.0360684965997276, ""gamma_adapt"": 17.345293203976496, ""gamma_link"": 1.0676825590557215, ""integral_limit"": 1.6504936083, ""k_delta"": 0.17204253223684804, ""max_abs_e_dot"": 10.0, ""max_control"": 0.24395885588317784, ""max_current_raw"": 65.0, ""max_current_slew"": 117.04473799696669, ""mid_disturbance_offset_sec"": 0.0, ""no_set_current_mode"": false, ""predict_horizon_sec"": 0.0022332728321810976, ""pulse_current_raw_max"": 12.0, ""pulse_current_raw_min"": 4.0, ""pulse_duration_max"": 0.6, ""pulse_duration_min"": 0.15, ""q_abs_guard_deg"": 35.0, ""qd_lpf_alpha"": 0.06509392744726304, ""rate"": 120.0, ""rbf_center_max"": 3.2, ""rbf_center_min"": -3.2, ""rbf_nodes"": 11.0, ""rbf_width"": 0.7507345760743055, ""ref_jump_deg_max"": 8.0, ""ref_jump_deg_min"": 2.0, ""ref_jump_duration_max"": 0.6, ""ref_jump_duration_min"": 0.15, ""reference_shape"": ""sine"", ""reset_zeta_after_motion"": false, ""reset_zeta_on_segment"": false, ""restore_mode"": false, ""sigma_mod"": 0.11638971015858507, ""sine_center_mode"": ""lock"", ""soft_start_sec"": 0.5, ""step_absolute_target_deg"": null, ""step_absolute_target_rad"": null, ""step_delta_deg"": 40.0, ""step_ramp_sec"": 1.0, ""step_segment_sec"": 1.5, ""step_sequence_deg"": """", ""step_shape"": ""smoothstep"", ""step_start_sec"": 0.0, ""tail_err_full_deg"": 4.0, ""tail_err_thresh_deg"": 1.5, ""tail_kd"": 0.051822002539106495, ""tail_kp"": 0.0, ""tail_max_control_boost"": 0.0, ""tail_u_max"": 0.0, ""torque_to_current"": 210.0, ""zeta0"": 0.885692967, ""zeta_leak"": 0.03386473042572038, ""zeta_reset_delay_sec"": 0.0, ""zeta_reset_value"": null, ""zeta_soft"": 1.063606528083728}"
173,1,0.0,1000000.0,0.0,0.0,inf,inf,inf,inf,0.0,1.0,1.0,0.0,0.0,0.0,0.0,0.0,0.0,0.0,0.0,0.0,0.0,0.0,0.0,0.0,0.0,0.0,0.0,0.0,0.0,0.0,0.0,0.0,0.0,0.0,0.0,inf,inf,inf,1.0,1,6.686441644000297,/tmp/nussbaum_sine_3hz_struct_runs/optuna_t0173_r01.csv,[DBG] t=   4.00s e= -5.90deg u= 0.0972 u_aux=-0.0137 u_rob=-0.0000 u_fric= 0.0043 ta=1.00 cmd=  -7.42 slewB=1.00 raw q= 145.81deg | [DBG] t=   5.00s e=  8.66deg u= 0.1386 u_aux=-0.0192 u_rob=-0.0000 u_fric= 0.0043 ta=1.00 cmd= -12.18 slewB=1.00 raw q= 131.40deg | [ERROR] q guard hit: |q-q_center|=35.16 deg > 35.00,"{""alpha"": 23.146335350601717, ""amplitude_deg"": 10.0, ""baudrate"": 1000000.0, ""command_sign"": -1.0, ""control_output_scale"": 1.0, ""current_bias_raw"": -0.012756697924683494, ""current_limit_raw"": 0.0, ""default_mode"": 3.0, ""device"": ""/dev/ttyAMA0"", ""disable_anti_windup"": false, ""disable_freeze_nn_on_saturation"": false, ""disable_freeze_zeta_on_saturation"": false, ""disturb_interval_sec"": 30.0, ""disturb_jitter_sec"": 3.0, ""disturb_mode"": ""mixed"", ""disturb_seed"": -1.0, ""disturbance_placement"": ""mid_move"", ""duration"": 10.0, ""dxl_id"": 6.0, ""enable_disturbance"": false, ""frequency_hz"": 3.0, ""fric_coulomb"": 0.0042892852769526755, ""fric_vel_scale"": 0.5261316165498946, ""gamma_adapt"": 15.985867771827728, ""gamma_link"": 0.8828581782396258, ""integral_limit"": 1.6504936083, ""k_delta"": 0.09442106508138491, ""max_abs_e_dot"": 10.0, ""max_control"": 0.1386297493111862, ""max_current_raw"": 72.0, ""max_current_slew"": 193.18499132051542, ""mid_disturbance_offset_sec"": 0.0, ""no_set_current_mode"": false, ""predict_horizon_sec"": 0.0025662381341918614, ""pulse_current_raw_max"": 12.0, ""pulse_current_raw_min"": 4.0, ""pulse_duration_max"": 0.6, ""pulse_duration_min"": 0.15, ""q_abs_guard_deg"": 35.0, ""qd_lpf_alpha"": 0.07952531523037844, ""rate"": 120.0, ""rbf_center_max"": 3.2, ""rbf_center_min"": -3.2, ""rbf_nodes"": 11.0, ""rbf_width"": 0.8463984285425142, ""ref_jump_deg_max"": 8.0, ""ref_jump_deg_min"": 2.0, ""ref_jump_duration_max"": 0.6, ""ref_jump_duration_min"": 0.15, ""reference_shape"": ""sine"", ""reset_zeta_after_motion"": false, ""reset_zeta_on_segment"": false, ""restore_mode"": false, ""sigma_mod"": 0.13155138528090216, ""sine_center_mode"": ""lock"", ""soft_start_sec"": 0.5, ""step_absolute_target_deg"": null, ""step_absolute_target_rad"": null, ""step_delta_deg"": 40.0, ""step_ramp_sec"": 1.0, ""step_segment_sec"": 1.5, ""step_sequence_deg"": """", ""step_shape"": ""smoothstep"", ""step_start_sec"": 0.0, ""tail_err_full_deg"": 4.0, ""tail_err_thresh_deg"": 1.5, ""tail_kd"": 0.005533367643436532, ""tail_kp"": 0.0, ""tail_max_control_boost"": 0.0, ""tail_u_max"": 0.0, ""torque_to_current"": 210.0, ""zeta0"": 0.885692967, ""zeta_leak"": 0.027764702394112436, ""zeta_reset_delay_sec"": 0.0, ""zeta_reset_value"": null, ""zeta_soft"": 1.0424335905129356}"
174,1,0.0,1000000.0,0.0,0.0,inf,inf,inf,inf,0.0,1.0,1.0,0.0,0.0,0.0,0.0,0.0,0.0,0.0,0.0,0.0,0.0,0.0,0.0,0.0,0.0,0.0,0.0,0.0,0.0,0.0,0.0,0.0,0.0,0.0,0.0,inf,inf,inf,1.0,1,7.820937718000096,/tmp/nussbaum_sine_3hz_struct_runs/optuna_t0174_r01.csv,[DBG] t=   5.00s e=  1.41deg u=-0.2475 u_aux=-0.1475 u_rob=-0.0000 u_fric= 0.0149 ta=0.00 cmd=   2.47 slewB=1.00 raw q= 137.72deg | [DBG] t=   6.00s e= -2.63deg u= 0.2002 u_aux=-0.1427 u_rob=-0.0000 u_fric= 0.0149 ta=0.43 cmd=  -9.08 slewB=1.00 raw q= 141.68deg | [ERROR] q guard hit: |q-q_center|=36.12 deg > 35.00,"{""alpha"": 9.88643002916019, ""amplitude_deg"": 10.0, ""baudrate"": 1000000.0, ""command_sign"": -1.0, ""control_output_scale"": 1.0, ""current_bias_raw"": 0.9508341738392214, ""current_limit_raw"": 0.0, ""default_mode"": 3.0, ""device"": ""/dev/ttyAMA0"", ""disable_anti_windup"": false, ""disable_freeze_nn_on_saturation"": false, ""disable_freeze_zeta_on_saturation"": false, ""disturb_interval_sec"": 30.0, ""disturb_jitter_sec"": 3.0, ""disturb_mode"": ""mixed"", ""disturb_seed"": -1.0, ""disturbance_placement"": ""mid_move"", ""duration"": 10.0, ""dxl_id"": 6.0, ""enable_disturbance"": false, ""frequency_hz"": 3.0, ""fric_coulomb"": 0.014900523920297028, ""fric_vel_scale"": 0.8887822286206521, ""gamma_adapt"": 12.058179177605654, ""gamma_link"": 1.0325581917289242, ""integral_limit"": 1.6504936083, ""k_delta"": 0.191058891705297, ""max_abs_e_dot"": 10.0, ""max_control"": 0.24752374637016583, ""max_current_raw"": 55.0, ""max_current_slew"": 183.90637291062194, ""mid_disturbance_offset_sec"": 0.0, ""no_set_current_mode"": false, ""predict_horizon_sec"": 0.002363274278141841, ""pulse_current_raw_max"": 12.0, ""pulse_current_raw_min"": 4.0, ""pulse_duration_max"": 0.6, ""pulse_duration_min"": 0.15, ""q_abs_guard_deg"": 35.0, ""qd_lpf_alpha"": 0.07806072599406419, ""rate"": 120.0, ""rbf_center_max"": 3.2, ""rbf_center_min"": -3.2, ""rbf_nodes"": 11.0, ""rbf_width"": 0.8723570405924406, ""ref_jump_deg_max"": 8.0, ""ref_jump_deg_min"": 2.0, ""ref_jump_duration_max"": 0.6, ""ref_jump_duration_min"": 0.15, ""reference_shape"": ""sine"", ""reset_zeta_after_motion"": false, ""reset_zeta_on_segment"": false, ""restore_mode"": false, ""sigma_mod"": 0.09739392979521588, ""sine_center_mode"": ""lock"", ""soft_start_sec"": 0.5, ""step_absolute_target_deg"": null, ""step_absolute_target_rad"": null, ""step_delta_deg"": 40.0, ""step_ramp_sec"": 1.0, ""step_segment_sec"": 1.5, ""step_sequence_deg"": """", ""step_shape"": ""smoothstep"", ""step_start_sec"": 0.0, ""tail_err_full_deg"": 4.0, ""tail_err_thresh_deg"": 1.5, ""tail_kd"": 0.044803076949841064, ""tail_kp"": 0.0, ""tail_max_control_boost"": 0.0, ""tail_u_max"": 0.0, ""torque_to_current"": 210.0, ""zeta0"": 0.885692967, ""zeta_leak"": 0.0455751304058498, ""zeta_reset_delay_sec"": 0.0, ""zeta_reset_value"": null, ""zeta_soft"": 1.0939180258073369}"
175,1,0.0,1000000.0,0.0,0.0,inf,inf,inf,inf,0.0,1.0,1.0,0.0,0.0,0.0,0.0,0.0,0.0,0.0,0.0,0.0,0.0,0.0,0.0,0.0,0.0,0.0,0.0,0.0,0.0,0.0,0.0,0.0,0.0,0.0,0.0,inf,inf,inf,1.0,1,7.450007329000073,/tmp/nussbaum_sine_3hz_struct_runs/optuna_t0175_r01.csv,[DBG] t=   5.00s e=  7.95deg u= 0.2551 u_aux=-0.0631 u_rob=-0.0000 u_fric= 0.0052 ta=1.00 cmd=  -3.20 slewB=1.00 raw q= 131.13deg | [DBG] t=   6.00s e= 32.88deg u= 0.2551 u_aux=-0.0694 u_rob=-0.0000 u_fric= 0.0052 ta=1.00 cmd= -17.05 slewB=1.00 raw q= 106.26deg | [ERROR] q guard hit: |q-q_center|=35.07 deg > 35.00,"{""alpha"": 14.774447945682674, ""amplitude_deg"": 10.0, ""baudrate"": 1000000.0, ""command_sign"": -1.0, ""control_output_scale"": 1.0, ""current_bias_raw"": 0.5685717326520393, ""current_limit_raw"": 0.0, ""default_mode"": 3.0, ""device"": ""/dev/ttyAMA0"", ""disable_anti_windup"": false, ""disable_freeze_nn_on_saturation"": false, ""disable_freeze_zeta_on_saturation"": false, ""disturb_interval_sec"": 30.0, ""disturb_jitter_sec"": 3.0, ""disturb_mode"": ""mixed"", ""disturb_seed"": -1.0, ""disturbance_placement"": ""mid_move"", ""duration"": 10.0, ""dxl_id"": 6.0, ""enable_disturbance"": false, ""frequency_hz"": 3.0, ""fric_coulomb"": 0.005196840816072117, ""fric_vel_scale"": 0.8217020276819001, ""gamma_adapt"": 18.37346830308322, ""gamma_link"": 0.8595842134312114, ""integral_limit"": 1.6504936083, ""k_delta"": 0.17238890722864017, ""max_abs_e_dot"": 10.0, ""max_control"": 0.25508387765105933, ""max_current_raw"": 51.0, ""max_current_slew"": 83.12741902890133, ""mid_disturbance_offset_sec"": 0.0, ""no_set_current_mode"": false, ""predict_horizon_sec"": 0.002584879624440354, ""pulse_current_raw_max"": 12.0, ""pulse_current_raw_min"": 4.0, ""pulse_duration_max"": 0.6, ""pulse_duration_min"": 0.15, ""q_abs_guard_deg"": 35.0, ""qd_lpf_alpha"": 0.03049138029118796, ""rate"": 120.0, ""rbf_center_max"": 3.2, ""rbf_center_min"": -3.2, ""rbf_nodes"": 11.0, ""rbf_width"": 0.8574726509535021, ""ref_jump_deg_max"": 8.0, ""ref_jump_deg_min"": 2.0, ""ref_jump_duration_max"": 0.6, ""ref_jump_duration_min"": 0.15, ""reference_shape"": ""sine"", ""reset_zeta_after_motion"": false, ""reset_zeta_on_segment"": false, ""restore_mode"": false, ""sigma_mod"": 0.09050100243908453, ""sine_center_mode"": ""lock"", ""soft_start_sec"": 0.5, ""step_absolute_target_deg"": null, ""step_absolute_target_rad"": null, ""step_delta_deg"": 40.0, ""step_ramp_sec"": 1.0, ""step_segment_sec"": 1.5, ""step_sequence_deg"": """", ""step_shape"": ""smoothstep"", ""step_start_sec"": 0.0, ""tail_err_full_deg"": 4.0, ""tail_err_thresh_deg"": 1.5, ""tail_kd"": 0.018131842945727276, ""tail_kp"": 0.0, ""tail_max_control_boost"": 0.0, ""tail_u_max"": 0.0, ""torque_to_current"": 210.0, ""zeta0"": 0.885692967, ""zeta_leak"": 0.056026102988652834, ""zeta_reset_delay_sec"": 0.0, ""zeta_reset_value"": null, ""zeta_soft"": 0.8571040711791093}"
176,1,0.0,1000000.0,0.0,0.0,inf,inf,inf,inf,0.0,1.0,1.0,0.0,0.0,0.0,0.0,0.0,0.0,0.0,0.0,0.0,0.0,0.0,0.0,0.0,0.0,0.0,0.0,0.0,0.0,0.0,0.0,0.0,0.0,0.0,0.0,inf,inf,inf,1.0,1,6.688836199999969,/tmp/nussbaum_sine_3hz_struct_runs/optuna_t0176_r01.csv,[DBG] t=   4.00s e=  0.28deg u= 0.1713 u_aux=-0.0112 u_rob=-0.0000 u_fric= 0.0020 ta=0.00 cmd=  -0.89 slewB=1.00 raw q= 138.69deg | [DBG] t=   5.00s e= 22.21deg u= 0.1713 u_aux=-0.0123 u_rob=-0.0000 u_fric= 0.0020 ta=1.00 cmd= -10.18 slewB=1.00 raw q= 116.81deg | [ERROR] q guard hit: |q-q_center|=35.42 deg > 35.00,"{""alpha"": 16.7944178070151, ""amplitude_deg"": 10.0, ""baudrate"": 1000000.0, ""command_sign"": -1.0, ""control_output_scale"": 1.0, ""current_bias_raw"": -0.34035868550437465, ""current_limit_raw"": 0.0, ""default_mode"": 3.0, ""device"": ""/dev/ttyAMA0"", ""disable_anti_windup"": false, ""disable_freeze_nn_on_saturation"": false, ""disable_freeze_zeta_on_saturation"": false, ""disturb_interval_sec"": 30.0, ""disturb_jitter_sec"": 3.0, ""disturb_mode"": ""mixed"", ""disturb_seed"": -1.0, ""disturbance_placement"": ""mid_move"", ""duration"": 10.0, ""dxl_id"": 6.0, ""enable_disturbance"": false, ""frequency_hz"": 3.0, ""fric_coulomb"": 0.0020475315004473463, ""fric_vel_scale"": 0.9571888207529136, ""gamma_adapt"": 20.652189027626715, ""gamma_link"": 0.8663873829486821, ""integral_limit"": 1.6504936083, ""k_delta"": 0.12192986553741955, ""max_abs_e_dot"": 10.0, ""max_control"": 0.17128221612558783, ""max_current_raw"": 65.0, ""max_current_slew"": 79.55679927054692, ""mid_disturbance_offset_sec"": 0.0, ""no_set_current_mode"": false, ""predict_horizon_sec"": 0.0024578460866709188, ""pulse_current_raw_max"": 12.0, ""pulse_current_raw_min"": 4.0, ""pulse_duration_max"": 0.6, ""pulse_duration_min"": 0.15, ""q_abs_guard_deg"": 35.0, ""qd_lpf_alpha"": 0.02101314006051175, ""rate"": 120.0, ""rbf_center_max"": 3.2, ""rbf_center_min"": -3.2, ""rbf_nodes"": 11.0, ""rbf_width"": 0.6831106295922668, ""ref_jump_deg_max"": 8.0, ""ref_jump_deg_min"": 2.0, ""ref_jump_duration_max"": 0.6, ""ref_jump_duration_min"": 0.15, ""reference_shape"": ""sine"", ""reset_zeta_after_motion"": false, ""reset_zeta_on_segment"": false, ""restore_mode"": false, ""sigma_mod"": 0.09721037828655428, ""sine_center_mode"": ""lock"", ""soft_start_sec"": 0.5, ""step_absolute_target_deg"": null, ""step_absolute_target_rad"": null, ""step_delta_deg"": 40.0, ""step_ramp_sec"": 1.0, ""step_segment_sec"": 1.5, ""step_sequence_deg"": """", ""step_shape"": ""smoothstep"", ""step_start_sec"": 0.0, ""tail_err_full_deg"": 4.0, ""tail_err_thresh_deg"": 1.5, ""tail_kd"": 0.003381304371320311, ""tail_kp"": 0.0, ""tail_max_control_boost"": 0.0, ""tail_u_max"": 0.0, ""torque_to_current"": 210.0, ""zeta0"": 0.885692967, ""zeta_leak"": 0.07063270996537045, ""zeta_reset_delay_sec"": 0.0, ""zeta_reset_value"": null, ""zeta_soft"": 0.8526355474226236}"
177,1,1.0,1000167.2648972364,1200.0,9.991876000000001,6.729644635902102,7.730627366250048,11.670776568217503,20.6073934066607,0.3827351027636099,0.0,0.0558684693877551,0.921482416187337,0.9774188255,0.8856759489,0.9774188255,0.09174287660000002,0.009172585854666666,0.09253351321999999,0.3536444458,0.0,0.0,0.0,0.0,0.0,0.0,0.0,0.0,0.0,0.0,0.0,0.0,0.0,0.0,0.0,0.0,6.553968424557719,10.971358720779762,11.41051636374264,0.0,0,11.261296308000055,/tmp/nussbaum_sine_3hz_struct_runs/optuna_t0177_r01.csv,,"{""alpha"": 6.073030831658809, ""amplitude_deg"": 10.0, ""baudrate"": 1000000.0, ""command_sign"": -1.0, ""control_output_scale"": 1.0, ""current_bias_raw"": -0.9043632698967198, ""current_limit_raw"": 0.0, ""default_mode"": 3.0, ""device"": ""/dev/ttyAMA0"", ""disable_anti_windup"": false, ""disable_freeze_nn_on_saturation"": false, ""disable_freeze_zeta_on_saturation"": false, ""disturb_interval_sec"": 30.0, ""disturb_jitter_sec"": 3.0, ""disturb_mode"": ""mixed"", ""disturb_seed"": -1.0, ""disturbance_placement"": ""mid_move"", ""duration"": 10.0, ""dxl_id"": 6.0, ""enable_disturbance"": false, ""frequency_hz"": 3.0, ""fric_coulomb"": 0.004939926419541328, ""fric_vel_scale"": 0.6986879570758824, ""gamma_adapt"": 13.712969649232317, ""gamma_link"": 1.0071728912291775, ""integral_limit"": 1.6504936083, ""k_delta"": 0.15816568132360723, ""max_abs_e_dot"": 10.0, ""max_control"": 0.152603792885519, ""max_current_raw"": 49.0, ""max_current_slew"": 54.941741932370576, ""mid_disturbance_offset_sec"": 0.0, ""no_set_current_mode"": false, ""predict_horizon_sec"": 0.0013151322874513215, ""pulse_current_raw_max"": 12.0, ""pulse_current_raw_min"": 4.0, ""pulse_duration_max"": 0.6, ""pulse_duration_min"": 0.15, ""q_abs_guard_deg"": 35.0, ""qd_lpf_alpha"": 0.05393526166711626, ""rate"": 120.0, ""rbf_center_max"": 3.2, ""rbf_center_min"": -3.2, ""rbf_nodes"": 11.0, ""rbf_width"": 1.3411669748805204, ""ref_jump_deg_max"": 8.0, ""ref_jump_deg_min"": 2.0, ""ref_jump_duration_max"": 0.6, ""ref_jump_duration_min"": 0.15, ""reference_shape"": ""sine"", ""reset_zeta_after_motion"": false, ""reset_zeta_on_segment"": false, ""restore_mode"": false, ""sigma_mod"": 0.30563386010558, ""sine_center_mode"": ""lock"", ""soft_start_sec"": 0.5, ""step_absolute_target_deg"": null, ""step_absolute_target_rad"": null, ""step_delta_deg"": 40.0, ""step_ramp_sec"": 1.0, ""step_segment_sec"": 1.5, ""step_sequence_deg"": """", ""step_shape"": ""smoothstep"", ""step_start_sec"": 0.0, ""tail_err_full_deg"": 4.0, ""tail_err_thresh_deg"": 1.5, ""tail_kd"": 0.009797308792511082, ""tail_kp"": 0.0, ""tail_max_control_boost"": 0.0, ""tail_u_max"": 0.0, ""torque_to_current"": 210.0, ""zeta0"": 0.885692967, ""zeta_leak"": 0.07144971957391821, ""zeta_reset_delay_sec"": 0.0, ""zeta_reset_value"": null, ""zeta_soft"": 0.8571110611370789}"
178,1,1.0,1000011.4991574578,1200.0,9.991745,8.44313871626892,9.709043216200572,15.925031440766974,20.779518551332817,0.5385008425421672,0.0,0.12058731481481481,0.8572212206171206,1.0956309038,0.8856633541,1.0956309038,0.2099675497000001,0.02099379367633333,0.15489375113999998,0.8759547827,0.0,0.0,0.0,0.0,0.0,0.0,0.0,0.0,0.0,0.0,0.0,0.0,0.0,0.0,0.0,0.0,8.443582128792,15.314628273981876,16.27995136592847,0.0,0,11.26130940099938,/tmp/nussbaum_sine_3hz_struct_runs/optuna_t0178_r01.csv,,"{""alpha"": 5.1488980239205775, ""amplitude_deg"": 10.0, ""baudrate"": 1000000.0, ""command_sign"": -1.0, ""control_output_scale"": 1.0, ""current_bias_raw"": -2.0550556038788725, ""current_limit_raw"": 0.0, ""default_mode"": 3.0, ""device"": ""/dev/ttyAMA0"", ""disable_anti_windup"": false, ""disable_freeze_nn_on_saturation"": false, ""disable_freeze_zeta_on_saturation"": false, ""disturb_interval_sec"": 30.0, ""disturb_jitter_sec"": 3.0, ""disturb_mode"": ""mixed"", ""disturb_seed"": -1.0, ""disturbance_placement"": ""mid_move"", ""duration"": 10.0, ""dxl_id"": 6.0, ""enable_disturbance"": false, ""frequency_hz"": 3.0, ""fric_coulomb"": 0.019638476981978962, ""fric_vel_scale"": 0.9467563721866098, ""gamma_adapt"": 6.996068818207349, ""gamma_link"": 1.001709653029999, ""integral_limit"": 1.6504936083, ""k_delta"": 0.14757498136509264, ""max_abs_e_dot"": 10.0, ""max_control"": 0.1677920852515784, ""max_current_raw"": 45.0, ""max_current_slew"": 126.70231008229287, ""mid_disturbance_offset_sec"": 0.0, ""no_set_current_mode"": false, ""predict_horizon_sec"": 0.00330626516379105, ""pulse_current_raw_max"": 12.0, ""pulse_current_raw_min"": 4.0, ""pulse_duration_max"": 0.6, ""pulse_duration_min"": 0.15, ""q_abs_guard_deg"": 35.0, ""qd_lpf_alpha"": 0.06233313396549464, ""rate"": 120.0, ""rbf_center_max"": 3.2, ""rbf_center_min"": -3.2, ""rbf_nodes"": 11.0, ""rbf_width"": 0.8829275200596252, ""ref_jump_deg_max"": 8.0, ""ref_jump_deg_min"": 2.0, ""ref_jump_duration_max"": 0.6, ""ref_jump_duration_min"": 0.15, ""reference_shape"": ""sine"", ""reset_zeta_after_motion"": false, ""reset_zeta_on_segment"": false, ""restore_mode"": false, ""sigma_mod"": 0.3330432577882152, ""sine_center_mode"": ""lock"", ""soft_start_sec"": 0.5, ""step_absolute_target_deg"": null, ""step_absolute_target_rad"": null, ""step_delta_deg"": 40.0, ""step_ramp_sec"": 1.0, ""step_segment_sec"": 1.5, ""step_sequence_deg"": """", ""step_shape"": ""smoothstep"", ""step_start_sec"": 0.0, ""tail_err_full_deg"": 4.0, ""tail_err_thresh_deg"": 1.5, ""tail_kd"": 0.06191769737133049, ""tail_kp"": 0.0, ""tail_max_control_boost"": 0.0, ""tail_u_max"": 0.0, ""torque_to_current"": 210.0, ""zeta0"": 0.885692967, ""zeta_leak"": 0.0725963300266593, ""zeta_reset_delay_sec"": 0.0, ""zeta_reset_value"": null, ""zeta_soft"": 0.836743625747938}"
179,1,0.0,1000000.0,0.0,0.0,inf,inf,inf,inf,0.0,1.0,1.0,0.0,0.0,0.0,0.0,0.0,0.0,0.0,0.0,0.0,0.0,0.0,0.0,0.0,0.0,0.0,0.0,0.0,0.0,0.0,0.0,0.0,0.0,0.0,0.0,inf,inf,inf,1.0,1,6.386241514000176,/tmp/nussbaum_sine_3hz_struct_runs/optuna_t0179_r01.csv,[DBG] t=   4.00s e= -1.02deg u=-0.2533 u_aux=-0.1452 u_rob=-0.0000 u_fric= 0.0145 ta=0.00 cmd=   0.94 slewB=1.00 raw q= 140.71deg | [DBG] t=   5.00s e= 14.97deg u= 0.2756 u_aux=-0.1867 u_rob=-0.0000 u_fric= 0.0145 ta=1.00 cmd= -14.30 slewB=1.00 raw q= 124.80deg | [ERROR] q guard hit: |q-q_center|=36.56 deg > 35.00,"{""alpha"": 13.495503125476205, ""amplitude_deg"": 10.0, ""baudrate"": 1000000.0, ""command_sign"": -1.0, ""control_output_scale"": 1.0, ""current_bias_raw"": 0.5371496192854399, ""current_limit_raw"": 0.0, ""default_mode"": 3.0, ""device"": ""/dev/ttyAMA0"", ""disable_anti_windup"": false, ""disable_freeze_nn_on_saturation"": false, ""disable_freeze_zeta_on_saturation"": false, ""disturb_interval_sec"": 30.0, ""disturb_jitter_sec"": 3.0, ""disturb_mode"": ""mixed"", ""disturb_seed"": -1.0, ""disturbance_placement"": ""mid_move"", ""duration"": 10.0, ""dxl_id"": 6.0, ""enable_disturbance"": false, ""frequency_hz"": 3.0, ""fric_coulomb"": 0.014517139088128935, ""fric_vel_scale"": 0.9285093905493076, ""gamma_adapt"": 18.514339674607157, ""gamma_link"": 1.137479412007288, ""integral_limit"": 1.6504936083, ""k_delta"": 0.1582725508008954, ""max_abs_e_dot"": 10.0, ""max_control"": 0.27555865234696764, ""max_current_raw"": 68.0, ""max_current_slew"": 228.64081381482666, ""mid_disturbance_offset_sec"": 0.0, ""no_set_current_mode"": false, ""predict_horizon_sec"": 0.002767954433551537, ""pulse_current_raw_max"": 12.0, ""pulse_current_raw_min"": 4.0, ""pulse_duration_max"": 0.6, ""pulse_duration_min"": 0.15, ""q_abs_guard_deg"": 35.0, ""qd_lpf_alpha"": 0.03552899011525902, ""rate"": 120.0, ""rbf_center_max"": 3.2, ""rbf_center_min"": -3.2, ""rbf_nodes"": 11.0, ""rbf_width"": 1.1693909441123194, ""ref_jump_deg_max"": 8.0, ""ref_jump_deg_min"": 2.0, ""ref_jump_duration_max"": 0.6, ""ref_jump_duration_min"": 0.15, ""reference_shape"": ""sine"", ""reset_zeta_after_motion"": false, ""reset_zeta_on_segment"": false, ""restore_mode"": false, ""sigma_mod"": 0.12799380901122623, ""sine_center_mode"": ""lock"", ""soft_start_sec"": 0.5, ""step_absolute_target_deg"": null, ""step_absolute_target_rad"": null, ""step_delta_deg"": 40.0, ""step_ramp_sec"": 1.0, ""step_segment_sec"": 1.5, ""step_sequence_deg"": """", ""step_shape"": ""smoothstep"", ""step_start_sec"": 0.0, ""tail_err_full_deg"": 4.0, ""tail_err_thresh_deg"": 1.5, ""tail_kd"": 0.047468845871254405, ""tail_kp"": 0.0, ""tail_max_control_boost"": 0.0, ""tail_u_max"": 0.0, ""torque_to_current"": 210.0, ""zeta0"": 0.885692967, ""zeta_leak"": 0.017643008734505895, ""zeta_reset_delay_sec"": 0.0, ""zeta_reset_value"": null, ""zeta_soft"": 1.0731465495431791}"
180,1,0.0,1000000.0,0.0,0.0,inf,inf,inf,inf,0.0,1.0,1.0,0.0,0.0,0.0,0.0,0.0,0.0,0.0,0.0,0.0,0.0,0.0,0.0,0.0,0.0,0.0,0.0,0.0,0.0,0.0,0.0,0.0,0.0,0.0,0.0,inf,inf,inf,1.0,1,5.078581941999801,/tmp/nussbaum_sine_3hz_struct_runs/optuna_t0180_r01.csv,[DBG] t=   2.00s e=  9.30deg u=-0.2370 u_aux=-0.0592 u_rob=-0.0000 u_fric= 0.0011 ta=1.00 cmd=   4.55 slewB=1.00 raw q= 129.99deg | [DBG] t=   3.00s e=  4.37deg u=-0.0259 u_aux=-0.0439 u_rob=-0.0000 u_fric= 0.0011 ta=1.00 cmd=   6.45 slewB=1.00 raw q= 134.65deg | [ERROR] q guard hit: |q-q_center|=35.33 deg > 35.00,"{""alpha"": 9.950636191621813, ""amplitude_deg"": 10.0, ""baudrate"": 1000000.0, ""command_sign"": -1.0, ""control_output_scale"": 1.0, ""current_bias_raw"": 1.0149434701847881, ""current_limit_raw"": 0.0, ""default_mode"": 3.0, ""device"": ""/dev/ttyAMA0"", ""disable_anti_windup"": false, ""disable_freeze_nn_on_saturation"": false, ""disable_freeze_zeta_on_saturation"": false, ""disturb_interval_sec"": 30.0, ""disturb_jitter_sec"": 3.0, ""disturb_mode"": ""mixed"", ""disturb_seed"": -1.0, ""disturbance_placement"": ""mid_move"", ""duration"": 10.0, ""dxl_id"": 6.0, ""enable_disturbance"": false, ""frequency_hz"": 3.0, ""fric_coulomb"": 0.0010787172686693258, ""fric_vel_scale"": 0.6278647406738864, ""gamma_adapt"": 9.147581618132747, ""gamma_link"": 1.1321699415348179, ""integral_limit"": 1.6504936083, ""k_delta"": 0.1709979501260663, ""max_abs_e_dot"": 10.0, ""max_control"": 0.23700402661640893, ""max_current_raw"": 65.0, ""max_current_slew"": 204.01812989993672, ""mid_disturbance_offset_sec"": 0.0, ""no_set_current_mode"": false, ""predict_horizon_sec"": 0.004405537231423165, ""pulse_current_raw_max"": 12.0, ""pulse_current_raw_min"": 4.0, ""pulse_duration_max"": 0.6, ""pulse_duration_min"": 0.15, ""q_abs_guard_deg"": 35.0, ""qd_lpf_alpha"": 0.0567478635267995, ""rate"": 120.0, ""rbf_center_max"": 3.2, ""rbf_center_min"": -3.2, ""rbf_nodes"": 11.0, ""rbf_width"": 0.8703358788453248, ""ref_jump_deg_max"": 8.0, ""ref_jump_deg_min"": 2.0, ""ref_jump_duration_max"": 0.6, ""ref_jump_duration_min"": 0.15, ""reference_shape"": ""sine"", ""reset_zeta_after_motion"": false, ""reset_zeta_on_segment"": false, ""restore_mode"": false, ""sigma_mod"": 0.11493415257664238, ""sine_center_mode"": ""lock"", ""soft_start_sec"": 0.5, ""step_absolute_target_deg"": null, ""step_absolute_target_rad"": null, ""step_delta_deg"": 40.0, ""step_ramp_sec"": 1.0, ""step_segment_sec"": 1.5, ""step_sequence_deg"": """", ""step_shape"": ""smoothstep"", ""step_start_sec"": 0.0, ""tail_err_full_deg"": 4.0, ""tail_err_thresh_deg"": 1.5, ""tail_kd"": 0.01405024175384873, ""tail_kp"": 0.0, ""tail_max_control_boost"": 0.0, ""tail_u_max"": 0.0, ""torque_to_current"": 210.0, ""zeta0"": 0.885692967, ""zeta_leak"": 0.024821435457275578, ""zeta_reset_delay_sec"": 0.0, ""zeta_reset_value"": null, ""zeta_soft"": 0.9721468545324395}"
181,1,0.0,1000000.0,0.0,0.0,inf,inf,inf,inf,0.0,1.0,1.0,0.0,0.0,0.0,0.0,0.0,0.0,0.0,0.0,0.0,0.0,0.0,0.0,0.0,0.0,0.0,0.0,0.0,0.0,0.0,0.0,0.0,0.0,0.0,0.0,inf,inf,inf,1.0,1,6.060327551999762,/tmp/nussbaum_sine_3hz_struct_runs/optuna_t0181_r01.csv,[DBG] t=   3.00s e= -1.88deg u=-0.1508 u_aux=-0.2255 u_rob=-0.0000 u_fric= 0.0040 ta=0.06 cmd=   1.37 slewB=1.00 raw q= 141.86deg | [DBG] t=   4.00s e=  3.81deg u=-0.2530 u_aux=-0.2642 u_rob=-0.0000 u_fric= 0.0040 ta=0.98 cmd=   2.78 slewB=1.00 raw q= 136.67deg | [ERROR] q guard hit: |q-q_center|=35.77 deg > 35.00,"{""alpha"": 6.729323971285259, ""amplitude_deg"": 10.0, ""baudrate"": 1000000.0, ""command_sign"": -1.0, ""control_output_scale"": 1.0, ""current_bias_raw"": 0.1961101425145676, ""current_limit_raw"": 0.0, ""default_mode"": 3.0, ""device"": ""/dev/ttyAMA0"", ""disable_anti_windup"": false, ""disable_freeze_nn_on_saturation"": false, ""disable_freeze_zeta_on_saturation"": false, ""disturb_interval_sec"": 30.0, ""disturb_jitter_sec"": 3.0, ""disturb_mode"": ""mixed"", ""disturb_seed"": -1.0, ""disturbance_placement"": ""mid_move"", ""duration"": 10.0, ""dxl_id"": 6.0, ""enable_disturbance"": false, ""frequency_hz"": 3.0, ""fric_coulomb"": 0.004026284225433683, ""fric_vel_scale"": 0.7418160265408781, ""gamma_adapt"": 10.99045248056805, ""gamma_link"": 1.1127565884052808, ""integral_limit"": 1.6504936083, ""k_delta"": 0.0920276489803896, ""max_abs_e_dot"": 10.0, ""max_control"": 0.2530483784353938, ""max_current_raw"": 91.0, ""max_current_slew"": 225.76741523754342, ""mid_disturbance_offset_sec"": 0.0, ""no_set_current_mode"": false, ""predict_horizon_sec"": 0.003184534883875285, ""pulse_current_raw_max"": 12.0, ""pulse_current_raw_min"": 4.0, ""pulse_duration_max"": 0.6, ""pulse_duration_min"": 0.15, ""q_abs_guard_deg"": 35.0, ""qd_lpf_alpha"": 0.05403641182771316, ""rate"": 120.0, ""rbf_center_max"": 3.2, ""rbf_center_min"": -3.2, ""rbf_nodes"": 11.0, ""rbf_width"": 1.0246761913039075, ""ref_jump_deg_max"": 8.0, ""ref_jump_deg_min"": 2.0, ""ref_jump_duration_max"": 0.6, ""ref_jump_duration_min"": 0.15, ""reference_shape"": ""sine"", ""reset_zeta_after_motion"": false, ""reset_zeta_on_segment"": false, ""restore_mode"": false, ""sigma_mod"": 0.09896629387887117, ""sine_center_mode"": ""lock"", ""soft_start_sec"": 0.5, ""step_absolute_target_deg"": null, ""step_absolute_target_rad"": null, ""step_delta_deg"": 40.0, ""step_ramp_sec"": 1.0, ""step_segment_sec"": 1.5, ""step_sequence_deg"": """", ""step_shape"": ""smoothstep"", ""step_start_sec"": 0.0, ""tail_err_full_deg"": 4.0, ""tail_err_thresh_deg"": 1.5, ""tail_kd"": 0.07571080059120679, ""tail_kp"": 0.0, ""tail_max_control_boost"": 0.0, ""tail_u_max"": 0.0, ""torque_to_current"": 210.0, ""zeta0"": 0.885692967, ""zeta_leak"": 0.05778354045867151, ""zeta_reset_delay_sec"": 0.0, ""zeta_reset_value"": null, ""zeta_soft"": 1.0424486701305389}"
182,1,0.0,1000000.0,0.0,0.0,inf,inf,inf,inf,0.0,1.0,1.0,0.0,0.0,0.0,0.0,0.0,0.0,0.0,0.0,0.0,0.0,0.0,0.0,0.0,0.0,0.0,0.0,0.0,0.0,0.0,0.0,0.0,0.0,0.0,0.0,inf,inf,inf,1.0,1,5.900040366999747,/tmp/nussbaum_sine_3hz_struct_runs/optuna_t0182_r01.csv,[DBG] t=   3.00s e= -1.57deg u=-0.2528 u_aux=-0.0900 u_rob=-0.0000 u_fric= 0.0009 ta=0.00 cmd=   2.92 slewB=1.00 raw q= 140.71deg | [DBG] t=   4.00s e= -1.45deg u= 0.2528 u_aux=-0.0886 u_rob=-0.0000 u_fric= 0.0009 ta=0.00 cmd=  -5.04 slewB=1.00 raw q= 141.42deg | [ERROR] q guard hit: |q-q_center|=35.42 deg > 35.00,"{""alpha"": 25.898038143408638, ""amplitude_deg"": 10.0, ""baudrate"": 1000000.0, ""command_sign"": -1.0, ""control_output_scale"": 1.0, ""current_bias_raw"": -0.4011835913891737, ""current_limit_raw"": 0.0, ""default_mode"": 3.0, ""device"": ""/dev/ttyAMA0"", ""disable_anti_windup"": false, ""disable_freeze_nn_on_saturation"": false, ""disable_freeze_zeta_on_saturation"": false, ""disturb_interval_sec"": 30.0, ""disturb_jitter_sec"": 3.0, ""disturb_mode"": ""mixed"", ""disturb_seed"": -1.0, ""disturbance_placement"": ""mid_move"", ""duration"": 10.0, ""dxl_id"": 6.0, ""enable_disturbance"": false, ""frequency_hz"": 3.0, ""fric_coulomb"": 0.0009375094773423406, ""fric_vel_scale"": 1.030887745014497, ""gamma_adapt"": 8.139503955524978, ""gamma_link"": 1.1409475459106795, ""integral_limit"": 1.6504936083, ""k_delta"": 0.08350694729966972, ""max_abs_e_dot"": 10.0, ""max_control"": 0.2528115846587343, ""max_current_raw"": 76.0, ""max_current_slew"": 68.2339770560728, ""mid_disturbance_offset_sec"": 0.0, ""no_set_current_mode"": false, ""predict_horizon_sec"": 0.001514495478929464, ""pulse_current_raw_max"": 12.0, ""pulse_current_raw_min"": 4.0, ""pulse_duration_max"": 0.6, ""pulse_duration_min"": 0.15, ""q_abs_guard_deg"": 35.0, ""qd_lpf_alpha"": 0.05130929182930735, ""rate"": 120.0, ""rbf_center_max"": 3.2, ""rbf_center_min"": -3.2, ""rbf_nodes"": 11.0, ""rbf_width"": 1.238341925821976, ""ref_jump_deg_max"": 8.0, ""ref_jump_deg_min"": 2.0, ""ref_jump_duration_max"": 0.6, ""ref_jump_duration_min"": 0.15, ""reference_shape"": ""sine"", ""reset_zeta_after_motion"": false, ""reset_zeta_on_segment"": false, ""restore_mode"": false, ""sigma_mod"": 0.2015812743269109, ""sine_center_mode"": ""lock"", ""soft_start_sec"": 0.5, ""step_absolute_target_deg"": null, ""step_absolute_target_rad"": null, ""step_delta_deg"": 40.0, ""step_ramp_sec"": 1.0, ""step_segment_sec"": 1.5, ""step_sequence_deg"": """", ""step_shape"": ""smoothstep"", ""step_start_sec"": 0.0, ""tail_err_full_deg"": 4.0, ""tail_err_thresh_deg"": 1.5, ""tail_kd"": 0.027143518244474717, ""tail_kp"": 0.0, ""tail_max_control_boost"": 0.0, ""tail_u_max"": 0.0, ""torque_to_current"": 210.0, ""zeta0"": 0.885692967, ""zeta_leak"": 0.07480798635314635, ""zeta_reset_delay_sec"": 0.0, ""zeta_reset_value"": null, ""zeta_soft"": 0.8361520597603056}"
183,1,1.0,1000007.7258189686,1200.0,9.991751,9.1705841516498,10.510957955115156,16.966473685789232,28.772581896864438,0.6188223975823537,0.0,0.09752875490196078,0.8502241354912798,1.1386061717,0.8856386104,1.1386061717,0.2529675613,0.025291320467833334,0.17834646156499998,0.8245625724,0.0,0.0,0.0,0.0,0.0,0.0,0.0,0.0,0.0,0.0,0.0,0.0,0.0,0.0,0.0,0.0,9.162601737770858,14.956927554884533,17.53738793698935,0.0,0,11.257978122999702,/tmp/nussbaum_sine_3hz_struct_runs/optuna_t0183_r01.csv,,"{""alpha"": 2.67699230611788, ""amplitude_deg"": 10.0, ""baudrate"": 1000000.0, ""command_sign"": -1.0, ""control_output_scale"": 1.0, ""current_bias_raw"": -1.6662463962806997, ""current_limit_raw"": 0.0, ""default_mode"": 3.0, ""device"": ""/dev/ttyAMA0"", ""disable_anti_windup"": false, ""disable_freeze_nn_on_saturation"": false, ""disable_freeze_zeta_on_saturation"": false, ""disturb_interval_sec"": 30.0, ""disturb_jitter_sec"": 3.0, ""disturb_mode"": ""mixed"", ""disturb_seed"": -1.0, ""disturbance_placement"": ""mid_move"", ""duration"": 10.0, ""dxl_id"": 6.0, ""enable_disturbance"": false, ""frequency_hz"": 3.0, ""fric_coulomb"": 0.008611070886179278, ""fric_vel_scale"": 0.5222748974803999, ""gamma_adapt"": 19.692439074072855, ""gamma_link"": 0.808700399403559, ""integral_limit"": 1.6504936083, ""k_delta"": 0.09956689567439377, ""max_abs_e_dot"": 10.0, ""max_control"": 0.1366468595930313, ""max_current_raw"": 85.0, ""max_current_slew"": 196.4558731287783, ""mid_disturbance_offset_sec"": 0.0, ""no_set_current_mode"": false, ""predict_horizon_sec"": 0.002822512783711277, ""pulse_current_raw_max"": 12.0, ""pulse_current_raw_min"": 4.0, ""pulse_duration_max"": 0.6, ""pulse_duration_min"": 0.15, ""q_abs_guard_deg"": 35.0, ""qd_lpf_alpha"": 0.06791289676842086, ""rate"": 120.0, ""rbf_center_max"": 3.2, ""rbf_center_min"": -3.2, ""rbf_nodes"": 11.0, ""rbf_width"": 1.126773355110926, ""ref_jump_deg_max"": 8.0, ""ref_jump_deg_min"": 2.0, ""ref_jump_duration_max"": 0.6, ""ref_jump_duration_min"": 0.15, ""reference_shape"": ""sine"", ""reset_zeta_after_motion"": false, ""reset_zeta_on_segment"": false, ""restore_mode"": false, ""sigma_mod"": 0.1307236513554581, ""sine_center_mode"": ""lock"", ""soft_start_sec"": 0.5, ""step_absolute_target_deg"": null, ""step_absolute_target_rad"": null, ""step_delta_deg"": 40.0, ""step_ramp_sec"": 1.0, ""step_segment_sec"": 1.5, ""step_sequence_deg"": """", ""step_shape"": ""smoothstep"", ""step_start_sec"": 0.0, ""tail_err_full_deg"": 4.0, ""tail_err_thresh_deg"": 1.5, ""tail_kd"": 0.0315613398138489, ""tail_kp"": 0.0, ""tail_max_control_boost"": 0.0, ""tail_u_max"": 0.0, ""torque_to_current"": 210.0, ""zeta0"": 0.885692967, ""zeta_leak"": 0.07726532931988751, ""zeta_reset_delay_sec"": 0.0, ""zeta_reset_value"": null, ""zeta_soft"": 0.8012722840115737}"
184,1,0.0,1000000.0,0.0,0.0,inf,inf,inf,inf,0.0,1.0,1.0,0.0,0.0,0.0,0.0,0.0,0.0,0.0,0.0,0.0,0.0,0.0,0.0,0.0,0.0,0.0,0.0,0.0,0.0,0.0,0.0,0.0,0.0,0.0,0.0,inf,inf,inf,1.0,1,5.354360903999805,/tmp/nussbaum_sine_3hz_struct_runs/optuna_t0184_r01.csv,[DBG] t=   3.00s e=  4.15deg u=-0.2431 u_aux=-0.2482 u_rob=-0.0000 u_fric= 0.0026 ta=1.00 cmd=   0.79 slewB=1.00 raw q= 135.26deg | [DBG] t=   4.00s e= 22.73deg u= 0.2431 u_aux=-0.3049 u_rob=-0.0000 u_fric= 0.0026 ta=1.00 cmd= -14.47 slewB=1.00 raw q= 116.72deg | [ERROR] q guard hit: |q-q_center|=35.51 deg > 35.00,"{""alpha"": 19.247545618458595, ""amplitude_deg"": 10.0, ""baudrate"": 1000000.0, ""command_sign"": -1.0, ""control_output_scale"": 1.0, ""current_bias_raw"": -1.267681464526778, ""current_limit_raw"": 0.0, ""default_mode"": 3.0, ""device"": ""/dev/ttyAMA0"", ""disable_anti_windup"": false, ""disable_freeze_nn_on_saturation"": false, ""disable_freeze_zeta_on_saturation"": false, ""disturb_interval_sec"": 30.0, ""disturb_jitter_sec"": 3.0, ""disturb_mode"": ""mixed"", ""disturb_seed"": -1.0, ""disturbance_placement"": ""mid_move"", ""duration"": 10.0, ""dxl_id"": 6.0, ""enable_disturbance"": false, ""frequency_hz"": 3.0, ""fric_coulomb"": 0.0025729526152767765, ""fric_vel_scale"": 0.9648373184370365, ""gamma_adapt"": 7.310831101314672, ""gamma_link"": 1.0343090486805382, ""integral_limit"": 1.6504936083, ""k_delta"": 0.13834138419425915, ""max_abs_e_dot"": 10.0, ""max_control"": 0.24311579013248757, ""max_current_raw"": 92.0, ""max_current_slew"": 102.86402901521387, ""mid_disturbance_offset_sec"": 0.0, ""no_set_current_mode"": false, ""predict_horizon_sec"": 0.0006217045087510589, ""pulse_current_raw_max"": 12.0, ""pulse_current_raw_min"": 4.0, ""pulse_duration_max"": 0.6, ""pulse_duration_min"": 0.15, ""q_abs_guard_deg"": 35.0, ""qd_lpf_alpha"": 0.03440916541158327, ""rate"": 120.0, ""rbf_center_max"": 3.2, ""rbf_center_min"": -3.2, ""rbf_nodes"": 11.0, ""rbf_width"": 0.8477997667278673, ""ref_jump_deg_max"": 8.0, ""ref_jump_deg_min"": 2.0, ""ref_jump_duration_max"": 0.6, ""ref_jump_duration_min"": 0.15, ""reference_shape"": ""sine"", ""reset_zeta_after_motion"": false, ""reset_zeta_on_segment"": false, ""restore_mode"": false, ""sigma_mod"": 0.0842887630628663, ""sine_center_mode"": ""lock"", ""soft_start_sec"": 0.5, ""step_absolute_target_deg"": null, ""step_absolute_target_rad"": null, ""step_delta_deg"": 40.0, ""step_ramp_sec"": 1.0, ""step_segment_sec"": 1.5, ""step_sequence_deg"": """", ""step_shape"": ""smoothstep"", ""step_start_sec"": 0.0, ""tail_err_full_deg"": 4.0, ""tail_err_thresh_deg"": 1.5, ""tail_kd"": 0.07593986330106445, ""tail_kp"": 0.0, ""tail_max_control_boost"": 0.0, ""tail_u_max"": 0.0, ""torque_to_current"": 210.0, ""zeta0"": 0.885692967, ""zeta_leak"": 0.02543054685330315, ""zeta_reset_delay_sec"": 0.0, ""zeta_reset_value"": null, ""zeta_soft"": 0.8470781706974997}"
185,1,0.0,1000000.0,0.0,0.0,inf,inf,inf,inf,0.0,1.0,1.0,0.0,0.0,0.0,0.0,0.0,0.0,0.0,0.0,0.0,0.0,0.0,0.0,0.0,0.0,0.0,0.0,0.0,0.0,0.0,0.0,0.0,0.0,0.0,0.0,inf,inf,inf,1.0,1,6.136481532999824,/tmp/nussbaum_sine_3hz_struct_runs/optuna_t0185_r01.csv,[DBG] t=   3.00s e=  2.46deg u=-0.1698 u_aux=-0.1149 u_rob=-0.0000 u_fric= 0.0031 ta=0.33 cmd=   5.07 slewB=1.00 raw q= 136.49deg | [DBG] t=   4.00s e=  3.81deg u=-0.1698 u_aux=-0.1195 u_rob=-0.0000 u_fric= 0.0031 ta=0.98 cmd=   5.74 slewB=1.00 raw q= 135.18deg | [ERROR] q guard hit: |q-q_center|=36.04 deg > 35.00,"{""alpha"": 8.787597045787297, ""amplitude_deg"": 10.0, ""baudrate"": 1000000.0, ""command_sign"": -1.0, ""control_output_scale"": 1.0, ""current_bias_raw"": -1.3095775628870918, ""current_limit_raw"": 0.0, ""default_mode"": 3.0, ""device"": ""/dev/ttyAMA0"", ""disable_anti_windup"": false, ""disable_freeze_nn_on_saturation"": false, ""disable_freeze_zeta_on_saturation"": false, ""disturb_interval_sec"": 30.0, ""disturb_jitter_sec"": 3.0, ""disturb_mode"": ""mixed"", ""disturb_seed"": -1.0, ""disturbance_placement"": ""mid_move"", ""duration"": 10.0, ""dxl_id"": 6.0, ""enable_disturbance"": false, ""frequency_hz"": 3.0, ""fric_coulomb"": 0.0030616404639083592, ""fric_vel_scale"": 0.5693693779321949, ""gamma_adapt"": 12.546921006310253, ""gamma_link"": 1.0902117018316169, ""integral_limit"": 1.6504936083, ""k_delta"": 0.09894225889437584, ""max_abs_e_dot"": 10.0, ""max_control"": 0.1698409911373098, ""max_current_raw"": 89.0, ""max_current_slew"": 237.28767873397672, ""mid_disturbance_offset_sec"": 0.0, ""no_set_current_mode"": false, ""predict_horizon_sec"": 0.0033515618590283765, ""pulse_current_raw_max"": 12.0, ""pulse_current_raw_min"": 4.0, ""pulse_duration_max"": 0.6, ""pulse_duration_min"": 0.15, ""q_abs_guard_deg"": 35.0, ""qd_lpf_alpha"": 0.024808972753980987, ""rate"": 120.0, ""rbf_center_max"": 3.2, ""rbf_center_min"": -3.2, ""rbf_nodes"": 11.0, ""rbf_width"": 0.947433892057012, ""ref_jump_deg_max"": 8.0, ""ref_jump_deg_min"": 2.0, ""ref_jump_duration_max"": 0.6, ""ref_jump_duration_min"": 0.15, ""reference_shape"": ""sine"", ""reset_zeta_after_motion"": false, ""reset_zeta_on_segment"": false, ""restore_mode"": false, ""sigma_mod"": 0.10692456134252272, ""sine_center_mode"": ""lock"", ""soft_start_sec"": 0.5, ""step_absolute_target_deg"": null, ""step_absolute_target_rad"": null, ""step_delta_deg"": 40.0, ""step_ramp_sec"": 1.0, ""step_segment_sec"": 1.5, ""step_sequence_deg"": """", ""step_shape"": ""smoothstep"", ""step_start_sec"": 0.0, ""tail_err_full_deg"": 4.0, ""tail_err_thresh_deg"": 1.5, ""tail_kd"": 0.03577950805880651, ""tail_kp"": 0.0, ""tail_max_control_boost"": 0.0, ""tail_u_max"": 0.0, ""torque_to_current"": 210.0, ""zeta0"": 0.885692967, ""zeta_leak"": 0.04258219770593377, ""zeta_reset_delay_sec"": 0.0, ""zeta_reset_value"": null, ""zeta_soft"": 0.9966933371949175}"
186,1,0.0,1000000.0,0.0,0.0,inf,inf,inf,inf,0.0,1.0,1.0,0.0,0.0,0.0,0.0,0.0,0.0,0.0,0.0,0.0,0.0,0.0,0.0,0.0,0.0,0.0,0.0,0.0,0.0,0.0,0.0,0.0,0.0,0.0,0.0,inf,inf,inf,1.0,1,3.6676455909992,/tmp/nussbaum_sine_3hz_struct_runs/optuna_t0186_r01.csv,[DBG] t=   1.00s e= 10.60deg u=-0.2491 u_aux=-0.0990 u_rob=-0.0000 u_fric= 0.0040 ta=1.00 cmd=  -1.91 slewB=1.00 raw q= 128.67deg | [DBG] t=   2.00s e=  8.43deg u= 0.0837 u_aux=-0.0770 u_rob=-0.0000 u_fric= 0.0040 ta=1.00 cmd= -13.34 slewB=1.00 raw q= 130.61deg | [ERROR] q guard hit: |q-q_center|=35.07 deg > 35.00,"{""alpha"": 9.749458802632159, ""amplitude_deg"": 10.0, ""baudrate"": 1000000.0, ""command_sign"": -1.0, ""control_output_scale"": 1.0, ""current_bias_raw"": -1.1364761495921216, ""current_limit_raw"": 0.0, ""default_mode"": 3.0, ""device"": ""/dev/ttyAMA0"", ""disable_anti_windup"": false, ""disable_freeze_nn_on_saturation"": false, ""disable_freeze_zeta_on_saturation"": false, ""disturb_interval_sec"": 30.0, ""disturb_jitter_sec"": 3.0, ""disturb_mode"": ""mixed"", ""disturb_seed"": -1.0, ""disturbance_placement"": ""mid_move"", ""duration"": 10.0, ""dxl_id"": 6.0, ""enable_disturbance"": false, ""frequency_hz"": 3.0, ""fric_coulomb"": 0.004028898998830831, ""fric_vel_scale"": 0.6428729238153272, ""gamma_adapt"": 20.75432453306738, ""gamma_link"": 1.1422501357976529, ""integral_limit"": 1.6504936083, ""k_delta"": 0.11038289276241552, ""max_abs_e_dot"": 10.0, ""max_control"": 0.24912914279600265, ""max_current_raw"": 75.0, ""max_current_slew"": 179.9373339706041, ""mid_disturbance_offset_sec"": 0.0, ""no_set_current_mode"": false, ""predict_horizon_sec"": 0.004264769201608982, ""pulse_current_raw_max"": 12.0, ""pulse_current_raw_min"": 4.0, ""pulse_duration_max"": 0.6, ""pulse_duration_min"": 0.15, ""q_abs_guard_deg"": 35.0, ""qd_lpf_alpha"": 0.06465788118828433, ""rate"": 120.0, ""rbf_center_max"": 3.2, ""rbf_center_min"": -3.2, ""rbf_nodes"": 11.0, ""rbf_width"": 0.7315898519582142, ""ref_jump_deg_max"": 8.0, ""ref_jump_deg_min"": 2.0, ""ref_jump_duration_max"": 0.6, ""ref_jump_duration_min"": 0.15, ""reference_shape"": ""sine"", ""reset_zeta_after_motion"": false, ""reset_zeta_on_segment"": false, ""restore_mode"": false, ""sigma_mod"": 0.13752676038180248, ""sine_center_mode"": ""lock"", ""soft_start_sec"": 0.5, ""step_absolute_target_deg"": null, ""step_absolute_target_rad"": null, ""step_delta_deg"": 40.0, ""step_ramp_sec"": 1.0, ""step_segment_sec"": 1.5, ""step_sequence_deg"": """", ""step_shape"": ""smoothstep"", ""step_start_sec"": 0.0, ""tail_err_full_deg"": 4.0, ""tail_err_thresh_deg"": 1.5, ""tail_kd"": 0.022053443908345384, ""tail_kp"": 0.0, ""tail_max_control_boost"": 0.0, ""tail_u_max"": 0.0, ""torque_to_current"": 210.0, ""zeta0"": 0.885692967, ""zeta_leak"": 0.03019854077127661, ""zeta_reset_delay_sec"": 0.0, ""zeta_reset_value"": null, ""zeta_soft"": 1.005519435020409}"
187,1,0.0,1000000.0,0.0,0.0,inf,inf,inf,inf,0.0,1.0,1.0,0.0,0.0,0.0,0.0,0.0,0.0,0.0,0.0,0.0,0.0,0.0,0.0,0.0,0.0,0.0,0.0,0.0,0.0,0.0,0.0,0.0,0.0,0.0,0.0,inf,inf,inf,1.0,1,3.8327805349999835,/tmp/nussbaum_sine_3hz_struct_runs/optuna_t0187_r01.csv,[DBG] t=   1.00s e=  6.92deg u=-0.2975 u_aux=-0.1947 u_rob=-0.0000 u_fric= 0.0021 ta=1.00 cmd=  -0.13 slewB=1.00 raw q= 132.19deg | [DBG] t=   2.00s e=  6.88deg u=-0.2091 u_aux=-0.1741 u_rob=-0.0000 u_fric= 0.0021 ta=1.00 cmd=   2.03 slewB=1.00 raw q= 132.19deg | [ERROR] q guard hit: |q-q_center|=35.68 deg > 35.00,"{""alpha"": 17.177284578704686, ""amplitude_deg"": 10.0, ""baudrate"": 1000000.0, ""command_sign"": -1.0, ""control_output_scale"": 1.0, ""current_bias_raw"": -1.0508521218238969, ""current_limit_raw"": 0.0, ""default_mode"": 3.0, ""device"": ""/dev/ttyAMA0"", ""disable_anti_windup"": false, ""disable_freeze_nn_on_saturation"": false, ""disable_freeze_zeta_on_saturation"": false, ""disturb_interval_sec"": 30.0, ""disturb_jitter_sec"": 3.0, ""disturb_mode"": ""mixed"", ""disturb_seed"": -1.0, ""disturbance_placement"": ""mid_move"", ""duration"": 10.0, ""dxl_id"": 6.0, ""enable_disturbance"": false, ""frequency_hz"": 3.0, ""fric_coulomb"": 0.0021365664998259652, ""fric_vel_scale"": 0.9985955372762435, ""gamma_adapt"": 6.628854486386532, ""gamma_link"": 1.0132758726998659, ""integral_limit"": 1.6504936083, ""k_delta"": 0.13268006462118032, ""max_abs_e_dot"": 10.0, ""max_control"": 0.2975488792851243, ""max_current_raw"": 95.0, ""max_current_slew"": 129.71745980791556, ""mid_disturbance_offset_sec"": 0.0, ""no_set_current_mode"": false, ""predict_horizon_sec"": 0.0017235159283461679, ""pulse_current_raw_max"": 12.0, ""pulse_current_raw_min"": 4.0, ""pulse_duration_max"": 0.6, ""pulse_duration_min"": 0.15, ""q_abs_guard_deg"": 35.0, ""qd_lpf_alpha"": 0.057173987963504376, ""rate"": 120.0, ""rbf_center_max"": 3.2, ""rbf_center_min"": -3.2, ""rbf_nodes"": 11.0, ""rbf_width"": 0.740675966337784, ""ref_jump_deg_max"": 8.0, ""ref_jump_deg_min"": 2.0, ""ref_jump_duration_max"": 0.6, ""ref_jump_duration_min"": 0.15, ""reference_shape"": ""sine"", ""reset_zeta_after_motion"": false, ""reset_zeta_on_segment"": false, ""restore_mode"": false, ""sigma_mod"": 0.18630688180843213, ""sine_center_mode"": ""lock"", ""soft_start_sec"": 0.5, ""step_absolute_target_deg"": null, ""step_absolute_target_rad"": null, ""step_delta_deg"": 40.0, ""step_ramp_sec"": 1.0, ""step_segment_sec"": 1.5, ""step_sequence_deg"": """", ""step_shape"": ""smoothstep"", ""step_start_sec"": 0.0, ""tail_err_full_deg"": 4.0, ""tail_err_thresh_deg"": 1.5, ""tail_kd"": 0.05197021628734942, ""tail_kp"": 0.0, ""tail_max_control_boost"": 0.0, ""tail_u_max"": 0.0, ""torque_to_current"": 210.0, ""zeta0"": 0.885692967, ""zeta_leak"": 0.04065083208231686, ""zeta_reset_delay_sec"": 0.0, ""zeta_reset_value"": null, ""zeta_soft"": 0.9735463686573336}"
188,1,1.0,1000201.8751272028,1200.0,9.99177,10.304145428868779,12.560748720642017,24.195901554245655,41.24170784839047,1.4018751272027907,0.0,0.11737609375,0.839475521014878,1.2423107746,0.885692967,1.2423107746,0.35661780759999995,0.03566178075775,0.23895576733999993,0.604579918,0.0,0.0,0.0,0.0,0.0,0.0,0.0,0.0,0.0,0.0,0.0,0.0,0.0,0.0,0.0,0.0,9.365561423400827,15.899911642052833,17.689512276678617,0.0,0,11.320157881999876,/tmp/nussbaum_sine_3hz_struct_runs/optuna_t0188_r01.csv,,"{""alpha"": 19.78358319786605, ""amplitude_deg"": 10.0, ""baudrate"": 1000000.0, ""command_sign"": -1.0, ""control_output_scale"": 1.0, ""current_bias_raw"": -0.18464524814373254, ""current_limit_raw"": 0.0, ""default_mode"": 3.0, ""device"": ""/dev/ttyAMA0"", ""disable_anti_windup"": false, ""disable_freeze_nn_on_saturation"": false, ""disable_freeze_zeta_on_saturation"": false, ""disturb_interval_sec"": 30.0, ""disturb_jitter_sec"": 3.0, ""disturb_mode"": ""mixed"", ""disturb_seed"": -1.0, ""disturbance_placement"": ""mid_move"", ""duration"": 10.0, ""dxl_id"": 6.0, ""enable_disturbance"": false, ""frequency_hz"": 3.0, ""fric_coulomb"": 0.018850152559432648, ""fric_vel_scale"": 0.5703190005572271, ""gamma_adapt"": 17.235395954265158, ""gamma_link"": 0.8204946725848782, ""integral_limit"": 1.6504936083, ""k_delta"": 0.18140315878350335, ""max_abs_e_dot"": 10.0, ""max_control"": 0.17083947093670912, ""max_current_raw"": 80.0, ""max_current_slew"": 211.74296341231013, ""mid_disturbance_offset_sec"": 0.0, ""no_set_current_mode"": false, ""predict_horizon_sec"": 0.0024751380560161782, ""pulse_current_raw_max"": 12.0, ""pulse_current_raw_min"": 4.0, ""pulse_duration_max"": 0.6, ""pulse_duration_min"": 0.15, ""q_abs_guard_deg"": 35.0, ""qd_lpf_alpha"": 0.046683330387412306, ""rate"": 120.0, ""rbf_center_max"": 3.2, ""rbf_center_min"": -3.2, ""rbf_nodes"": 11.0, ""rbf_width"": 0.6610199548965103, ""ref_jump_deg_max"": 8.0, ""ref_jump_deg_min"": 2.0, ""ref_jump_duration_max"": 0.6, ""ref_jump_duration_min"": 0.15, ""reference_shape"": ""sine"", ""reset_zeta_after_motion"": false, ""reset_zeta_on_segment"": false, ""restore_mode"": false, ""sigma_mod"": 0.2694581995602504, ""sine_center_mode"": ""lock"", ""soft_start_sec"": 0.5, ""step_absolute_target_deg"": null, ""step_absolute_target_rad"": null, ""step_delta_deg"": 40.0, ""step_ramp_sec"": 1.0, ""step_segment_sec"": 1.5, ""step_sequence_deg"": """", ""step_shape"": ""smoothstep"", ""step_start_sec"": 0.0, ""tail_err_full_deg"": 4.0, ""tail_err_thresh_deg"": 1.5, ""tail_kd"": 0.035762400254022234, ""tail_kp"": 0.0, ""tail_max_control_boost"": 0.0, ""tail_u_max"": 0.0, ""torque_to_current"": 210.0, ""zeta0"": 0.885692967, ""zeta_leak"": 0.05989900710116643, ""zeta_reset_delay_sec"": 0.0, ""zeta_reset_value"": null, ""zeta_soft"": 0.959440054979623}"
189,1,0.0,1000000.0,0.0,0.0,inf,inf,inf,inf,0.0,1.0,1.0,0.0,0.0,0.0,0.0,0.0,0.0,0.0,0.0,0.0,0.0,0.0,0.0,0.0,0.0,0.0,0.0,0.0,0.0,0.0,0.0,0.0,0.0,0.0,0.0,inf,inf,inf,1.0,1,6.822381811000014,/tmp/nussbaum_sine_3hz_struct_runs/optuna_t0189_r01.csv,[DBG] t=   4.00s e=  6.27deg u=-0.1785 u_aux=-0.1582 u_rob=-0.0000 u_fric= 0.0047 ta=1.00 cmd=   2.03 slewB=1.00 raw q= 133.15deg | [DBG] t=   5.00s e=  5.51deg u=-0.1105 u_aux=-0.1635 u_rob=-0.0000 u_fric= 0.0047 ta=1.00 cmd=   0.23 slewB=1.00 raw q= 133.95deg | [ERROR] q guard hit: |q-q_center|=35.33 deg > 35.00,"{""alpha"": 4.152687839908179, ""amplitude_deg"": 10.0, ""baudrate"": 1000000.0, ""command_sign"": -1.0, ""control_output_scale"": 1.0, ""current_bias_raw"": -0.41048109640577624, ""current_limit_raw"": 0.0, ""default_mode"": 3.0, ""device"": ""/dev/ttyAMA0"", ""disable_anti_windup"": false, ""disable_freeze_nn_on_saturation"": false, ""disable_freeze_zeta_on_saturation"": false, ""disturb_interval_sec"": 30.0, ""disturb_jitter_sec"": 3.0, ""disturb_mode"": ""mixed"", ""disturb_seed"": -1.0, ""disturbance_placement"": ""mid_move"", ""duration"": 10.0, ""dxl_id"": 6.0, ""enable_disturbance"": false, ""frequency_hz"": 3.0, ""fric_coulomb"": 0.0046676430895281435, ""fric_vel_scale"": 0.8578192143346827, ""gamma_adapt"": 16.886966804117915, ""gamma_link"": 1.0184824747566725, ""integral_limit"": 1.6504936083, ""k_delta"": 0.08330840516406006, ""max_abs_e_dot"": 10.0, ""max_control"": 0.1785009625782775, ""max_current_raw"": 82.0, ""max_current_slew"": 210.69867260295962, ""mid_disturbance_offset_sec"": 0.0, ""no_set_current_mode"": false, ""predict_horizon_sec"": 0.004134105435026125, ""pulse_current_raw_max"": 12.0, ""pulse_current_raw_min"": 4.0, ""pulse_duration_max"": 0.6, ""pulse_duration_min"": 0.15, ""q_abs_guard_deg"": 35.0, ""qd_lpf_alpha"": 0.06011915336893807, ""rate"": 120.0, ""rbf_center_max"": 3.2, ""rbf_center_min"": -3.2, ""rbf_nodes"": 11.0, ""rbf_width"": 0.9026094913632816, ""ref_jump_deg_max"": 8.0, ""ref_jump_deg_min"": 2.0, ""ref_jump_duration_max"": 0.6, ""ref_jump_duration_min"": 0.15, ""reference_shape"": ""sine"", ""reset_zeta_after_motion"": false, ""reset_zeta_on_segment"": false, ""restore_mode"": false, ""sigma_mod"": 0.16983475486626237, ""sine_center_mode"": ""lock"", ""soft_start_sec"": 0.5, ""step_absolute_target_deg"": null, ""step_absolute_target_rad"": null, ""step_delta_deg"": 40.0, ""step_ramp_sec"": 1.0, ""step_segment_sec"": 1.5, ""step_sequence_deg"": """", ""step_shape"": ""smoothstep"", ""step_start_sec"": 0.0, ""tail_err_full_deg"": 4.0, ""tail_err_thresh_deg"": 1.5, ""tail_kd"": 0.047189946607592625, ""tail_kp"": 0.0, ""tail_max_control_boost"": 0.0, ""tail_u_max"": 0.0, ""torque_to_current"": 210.0, ""zeta0"": 0.885692967, ""zeta_leak"": 0.0739859186427079, ""zeta_reset_delay_sec"": 0.0, ""zeta_reset_value"": null, ""zeta_soft"": 0.9709227585106354}"
190,1,0.0,1000000.0,0.0,0.0,inf,inf,inf,inf,0.0,1.0,1.0,0.0,0.0,0.0,0.0,0.0,0.0,0.0,0.0,0.0,0.0,0.0,0.0,0.0,0.0,0.0,0.0,0.0,0.0,0.0,0.0,0.0,0.0,0.0,0.0,inf,inf,inf,1.0,1,9.077005142999951,/tmp/nussbaum_sine_3hz_struct_runs/optuna_t0190_r01.csv,[DBG] t=   6.00s e=  1.89deg u=-0.2112 u_aux=-0.2461 u_rob=-0.0000 u_fric= 0.0062 ta=0.07 cmd=   1.63 slewB=1.00 raw q= 137.29deg | [DBG] t=   7.00s e=  1.77deg u=-0.1092 u_aux=-0.2466 u_rob=-0.0000 u_fric= 0.0062 ta=0.03 cmd=   1.63 slewB=1.00 raw q= 137.29deg | [ERROR] q guard hit: |q-q_center|=35.33 deg > 35.00,"{""alpha"": 19.795381504846716, ""amplitude_deg"": 10.0, ""baudrate"": 1000000.0, ""command_sign"": -1.0, ""control_output_scale"": 1.0, ""current_bias_raw"": -2.070593207001665, ""current_limit_raw"": 0.0, ""default_mode"": 3.0, ""device"": ""/dev/ttyAMA0"", ""disable_anti_windup"": false, ""disable_freeze_nn_on_saturation"": false, ""disable_freeze_zeta_on_saturation"": false, ""disturb_interval_sec"": 30.0, ""disturb_jitter_sec"": 3.0, ""disturb_mode"": ""mixed"", ""disturb_seed"": -1.0, ""disturbance_placement"": ""mid_move"", ""duration"": 10.0, ""dxl_id"": 6.0, ""enable_disturbance"": false, ""frequency_hz"": 3.0, ""fric_coulomb"": 0.006202825158985687, ""fric_vel_scale"": 0.4580378435717883, ""gamma_adapt"": 19.632948631922936, ""gamma_link"": 0.8961606862161033, ""integral_limit"": 1.6504936083, ""k_delta"": 0.1269958047086488, ""max_abs_e_dot"": 10.0, ""max_control"": 0.2112120224405348, ""max_current_raw"": 70.0, ""max_current_slew"": 127.3530320626189, ""mid_disturbance_offset_sec"": 0.0, ""no_set_current_mode"": false, ""predict_horizon_sec"": 0.004358663741580983, ""pulse_current_raw_max"": 12.0, ""pulse_current_raw_min"": 4.0, ""pulse_duration_max"": 0.6, ""pulse_duration_min"": 0.15, ""q_abs_guard_deg"": 35.0, ""qd_lpf_alpha"": 0.03181754941006079, ""rate"": 120.0, ""rbf_center_max"": 3.2, ""rbf_center_min"": -3.2, ""rbf_nodes"": 11.0, ""rbf_width"": 0.9387189299411371, ""ref_jump_deg_max"": 8.0, ""ref_jump_deg_min"": 2.0, ""ref_jump_duration_max"": 0.6, ""ref_jump_duration_min"": 0.15, ""reference_shape"": ""sine"", ""reset_zeta_after_motion"": false, ""reset_zeta_on_segment"": false, ""restore_mode"": false, ""sigma_mod"": 0.14445365514978528, ""sine_center_mode"": ""lock"", ""soft_start_sec"": 0.5, ""step_absolute_target_deg"": null, ""step_absolute_target_rad"": null, ""step_delta_deg"": 40.0, ""step_ramp_sec"": 1.0, ""step_segment_sec"": 1.5, ""step_sequence_deg"": """", ""step_shape"": ""smoothstep"", ""step_start_sec"": 0.0, ""tail_err_full_deg"": 4.0, ""tail_err_thresh_deg"": 1.5, ""tail_kd"": 0.07552460281528396, ""tail_kp"": 0.0, ""tail_max_control_boost"": 0.0, ""tail_u_max"": 0.0, ""torque_to_current"": 210.0, ""zeta0"": 0.885692967, ""zeta_leak"": 0.01985270063984529, ""zeta_reset_delay_sec"": 0.0, ""zeta_reset_value"": null, ""zeta_soft"": 0.9081661554874629}"
191,1,0.0,1000000.0,0.0,0.0,inf,inf,inf,inf,0.0,1.0,1.0,0.0,0.0,0.0,0.0,0.0,0.0,0.0,0.0,0.0,0.0,0.0,0.0,0.0,0.0,0.0,0.0,0.0,0.0,0.0,0.0,0.0,0.0,0.0,0.0,inf,inf,inf,1.0,1,7.974583477000124,/tmp/nussbaum_sine_3hz_struct_runs/optuna_t0191_r01.csv,[DBG] t=   5.00s e=  6.98deg u=-0.2257 u_aux=-0.1824 u_rob=-0.0000 u_fric= 0.0146 ta=1.00 cmd=   0.29 slewB=1.00 raw q= 132.01deg | [DBG] t=   6.00s e=  6.36deg u=-0.2257 u_aux=-0.1793 u_rob=-0.0000 u_fric= 0.0146 ta=1.00 cmd=   0.33 slewB=1.00 raw q= 132.63deg | [ERROR] q guard hit: |q-q_center|=35.33 deg > 35.00,"{""alpha"": 9.352508378000651, ""amplitude_deg"": 10.0, ""baudrate"": 1000000.0, ""command_sign"": -1.0, ""control_output_scale"": 1.0, ""current_bias_raw"": -1.6018042846731955, ""current_limit_raw"": 0.0, ""default_mode"": 3.0, ""device"": ""/dev/ttyAMA0"", ""disable_anti_windup"": false, ""disable_freeze_nn_on_saturation"": false, ""disable_freeze_zeta_on_saturation"": false, ""disturb_interval_sec"": 30.0, ""disturb_jitter_sec"": 3.0, ""disturb_mode"": ""mixed"", ""disturb_seed"": -1.0, ""disturbance_placement"": ""mid_move"", ""duration"": 10.0, ""dxl_id"": 6.0, ""enable_disturbance"": false, ""frequency_hz"": 3.0, ""fric_coulomb"": 0.01468994822546534, ""fric_vel_scale"": 1.0768532252474923, ""gamma_adapt"": 5.7080099683944665, ""gamma_link"": 0.8524108882187651, ""integral_limit"": 1.6504936083, ""k_delta"": 0.17218787360904794, ""max_abs_e_dot"": 10.0, ""max_control"": 0.22569889981188285, ""max_current_raw"": 89.0, ""max_current_slew"": 87.01799518203964, ""mid_disturbance_offset_sec"": 0.0, ""no_set_current_mode"": false, ""predict_horizon_sec"": 0.0028771959894556874, ""pulse_current_raw_max"": 12.0, ""pulse_current_raw_min"": 4.0, ""pulse_duration_max"": 0.6, ""pulse_duration_min"": 0.15, ""q_abs_guard_deg"": 35.0, ""qd_lpf_alpha"": 0.06835489659683625, ""rate"": 120.0, ""rbf_center_max"": 3.2, ""rbf_center_min"": -3.2, ""rbf_nodes"": 11.0, ""rbf_width"": 0.7157323374710323, ""ref_jump_deg_max"": 8.0, ""ref_jump_deg_min"": 2.0, ""ref_jump_duration_max"": 0.6, ""ref_jump_duration_min"": 0.15, ""reference_shape"": ""sine"", ""reset_zeta_after_motion"": false, ""reset_zeta_on_segment"": false, ""restore_mode"": false, ""sigma_mod"": 0.23783459665801926, ""sine_center_mode"": ""lock"", ""soft_start_sec"": 0.5, ""step_absolute_target_deg"": null, ""step_absolute_target_rad"": null, ""step_delta_deg"": 40.0, ""step_ramp_sec"": 1.0, ""step_segment_sec"": 1.5, ""step_sequence_deg"": """", ""step_shape"": ""smoothstep"", ""step_start_sec"": 0.0, ""tail_err_full_deg"": 4.0, ""tail_err_thresh_deg"": 1.5, ""tail_kd"": 0.05415311376616682, ""tail_kp"": 0.0, ""tail_max_control_boost"": 0.0, ""tail_u_max"": 0.0, ""torque_to_current"": 210.0, ""zeta0"": 0.885692967, ""zeta_leak"": 0.016925708565930002, ""zeta_reset_delay_sec"": 0.0, ""zeta_reset_value"": null, ""zeta_soft"": 0.8009573927144823}"
192,1,0.0,1000000.0,0.0,0.0,inf,inf,inf,inf,0.0,1.0,1.0,0.0,0.0,0.0,0.0,0.0,0.0,0.0,0.0,0.0,0.0,0.0,0.0,0.0,0.0,0.0,0.0,0.0,0.0,0.0,0.0,0.0,0.0,0.0,0.0,inf,inf,inf,1.0,1,6.678671200000281,/tmp/nussbaum_sine_3hz_struct_runs/optuna_t0192_r01.csv,[DBG] t=   4.00s e=  3.00deg u=-0.1872 u_aux=-0.1563 u_rob=-0.0000 u_fric= 0.0012 ta=0.65 cmd=   2.90 slewB=1.00 raw q= 135.88deg | [DBG] t=   5.00s e=  1.05deg u= 0.1872 u_aux=-0.1489 u_rob=-0.0000 u_fric= 0.0012 ta=0.00 cmd= -11.51 slewB=1.00 raw q= 137.81deg | [ERROR] q guard hit: |q-q_center|=35.07 deg > 35.00,"{""alpha"": 6.118683683566941, ""amplitude_deg"": 10.0, ""baudrate"": 1000000.0, ""command_sign"": -1.0, ""control_output_scale"": 1.0, ""current_bias_raw"": -0.2493146495438301, ""current_limit_raw"": 0.0, ""default_mode"": 3.0, ""device"": ""/dev/ttyAMA0"", ""disable_anti_windup"": false, ""disable_freeze_nn_on_saturation"": false, ""disable_freeze_zeta_on_saturation"": false, ""disturb_interval_sec"": 30.0, ""disturb_jitter_sec"": 3.0, ""disturb_mode"": ""mixed"", ""disturb_seed"": -1.0, ""disturbance_placement"": ""mid_move"", ""duration"": 10.0, ""dxl_id"": 6.0, ""enable_disturbance"": false, ""frequency_hz"": 3.0, ""fric_coulomb"": 0.001242712050848663, ""fric_vel_scale"": 0.4203642821035039, ""gamma_adapt"": 14.812852217692647, ""gamma_link"": 1.117689546550081, ""integral_limit"": 1.6504936083, ""k_delta"": 0.10046398550007896, ""max_abs_e_dot"": 10.0, ""max_control"": 0.18718266246672202, ""max_current_raw"": 85.0, ""max_current_slew"": 194.4898347779602, ""mid_disturbance_offset_sec"": 0.0, ""no_set_current_mode"": false, ""predict_horizon_sec"": 0.00274336760465293, ""pulse_current_raw_max"": 12.0, ""pulse_current_raw_min"": 4.0, ""pulse_duration_max"": 0.6, ""pulse_duration_min"": 0.15, ""q_abs_guard_deg"": 35.0, ""qd_lpf_alpha"": 0.05390047443672121, ""rate"": 120.0, ""rbf_center_max"": 3.2, ""rbf_center_min"": -3.2, ""rbf_nodes"": 11.0, ""rbf_width"": 0.7682333510652197, ""ref_jump_deg_max"": 8.0, ""ref_jump_deg_min"": 2.0, ""ref_jump_duration_max"": 0.6, ""ref_jump_duration_min"": 0.15, ""reference_shape"": ""sine"", ""reset_zeta_after_motion"": false, ""reset_zeta_on_segment"": false, ""restore_mode"": false, ""sigma_mod"": 0.17114032938966697, ""sine_center_mode"": ""lock"", ""soft_start_sec"": 0.5, ""step_absolute_target_deg"": null, ""step_absolute_target_rad"": null, ""step_delta_deg"": 40.0, ""step_ramp_sec"": 1.0, ""step_segment_sec"": 1.5, ""step_sequence_deg"": """", ""step_shape"": ""smoothstep"", ""step_start_sec"": 0.0, ""tail_err_full_deg"": 4.0, ""tail_err_thresh_deg"": 1.5, ""tail_kd"": 0.0474651080325085, ""tail_kp"": 0.0, ""tail_max_control_boost"": 0.0, ""tail_u_max"": 0.0, ""torque_to_current"": 210.0, ""zeta0"": 0.885692967, ""zeta_leak"": 0.07079638856378233, ""zeta_reset_delay_sec"": 0.0, ""zeta_reset_value"": null, ""zeta_soft"": 1.0372486992836243}"
193,1,0.0,1000000.0,0.0,0.0,inf,inf,inf,inf,0.0,1.0,1.0,0.0,0.0,0.0,0.0,0.0,0.0,0.0,0.0,0.0,0.0,0.0,0.0,0.0,0.0,0.0,0.0,0.0,0.0,0.0,0.0,0.0,0.0,0.0,0.0,inf,inf,inf,1.0,1,5.067391534000308,/tmp/nussbaum_sine_3hz_struct_runs/optuna_t0193_r01.csv,[DBG] t=   2.00s e=  7.09deg u=-0.1856 u_aux=-0.0433 u_rob=-0.0000 u_fric= 0.0005 ta=1.00 cmd=   1.02 slewB=1.00 raw q= 131.84deg | [DBG] t=   3.00s e=  3.05deg u= 0.1814 u_aux=-0.0385 u_rob=-0.0000 u_fric= 0.0005 ta=0.68 cmd=  -5.23 slewB=1.00 raw q= 135.88deg | [ERROR] q guard hit: |q-q_center|=35.51 deg > 35.00,"{""alpha"": 9.690172589615834, ""amplitude_deg"": 10.0, ""baudrate"": 1000000.0, ""command_sign"": -1.0, ""control_output_scale"": 1.0, ""current_bias_raw"": -1.9433981330548233, ""current_limit_raw"": 0.0, ""default_mode"": 3.0, ""device"": ""/dev/ttyAMA0"", ""disable_anti_windup"": false, ""disable_freeze_nn_on_saturation"": false, ""disable_freeze_zeta_on_saturation"": false, ""disturb_interval_sec"": 30.0, ""disturb_jitter_sec"": 3.0, ""disturb_mode"": ""mixed"", ""disturb_seed"": -1.0, ""disturbance_placement"": ""mid_move"", ""duration"": 10.0, ""dxl_id"": 6.0, ""enable_disturbance"": false, ""frequency_hz"": 3.0, ""fric_coulomb"": 0.0005151433063604791, ""fric_vel_scale"": 1.1442965523366422, ""gamma_adapt"": 20.64271128516972, ""gamma_link"": 0.9903376925636634, ""integral_limit"": 1.6504936083, ""k_delta"": 0.11506874405944337, ""max_abs_e_dot"": 10.0, ""max_control"": 0.1856150425728456, ""max_current_raw"": 78.0, ""max_current_slew"": 141.432835391624, ""mid_disturbance_offset_sec"": 0.0, ""no_set_current_mode"": false, ""predict_horizon_sec"": 0.00405792100565955, ""pulse_current_raw_max"": 12.0, ""pulse_current_raw_min"": 4.0, ""pulse_duration_max"": 0.6, ""pulse_duration_min"": 0.15, ""q_abs_guard_deg"": 35.0, ""qd_lpf_alpha"": 0.05038985115375592, ""rate"": 120.0, ""rbf_center_max"": 3.2, ""rbf_center_min"": -3.2, ""rbf_nodes"": 11.0, ""rbf_width"": 0.6691125514275856, ""ref_jump_deg_max"": 8.0, ""ref_jump_deg_min"": 2.0, ""ref_jump_duration_max"": 0.6, ""ref_jump_duration_min"": 0.15, ""reference_shape"": ""sine"", ""reset_zeta_after_motion"": false, ""reset_zeta_on_segment"": false, ""restore_mode"": false, ""sigma_mod"": 0.11249714015133241, ""sine_center_mode"": ""lock"", ""soft_start_sec"": 0.5, ""step_absolute_target_deg"": null, ""step_absolute_target_rad"": null, ""step_delta_deg"": 40.0, ""step_ramp_sec"": 1.0, ""step_segment_sec"": 1.5, ""step_sequence_deg"": """", ""step_shape"": ""smoothstep"", ""step_start_sec"": 0.0, ""tail_err_full_deg"": 4.0, ""tail_err_thresh_deg"": 1.5, ""tail_kd"": 0.01242250320456608, ""tail_kp"": 0.0, ""tail_max_control_boost"": 0.0, ""tail_u_max"": 0.0, ""torque_to_current"": 210.0, ""zeta0"": 0.885692967, ""zeta_leak"": 0.06418501866444475, ""zeta_reset_delay_sec"": 0.0, ""zeta_reset_value"": null, ""zeta_soft"": 1.0248211859410028}"
194,1,0.0,1000000.0,0.0,0.0,inf,inf,inf,inf,0.0,1.0,1.0,0.0,0.0,0.0,0.0,0.0,0.0,0.0,0.0,0.0,0.0,0.0,0.0,0.0,0.0,0.0,0.0,0.0,0.0,0.0,0.0,0.0,0.0,0.0,0.0,inf,inf,inf,1.0,1,5.664070699999684,/tmp/nussbaum_sine_3hz_struct_runs/optuna_t0194_r01.csv,[DBG] t=   3.00s e=  1.27deg u=-0.1662 u_aux=-0.1429 u_rob=-0.0000 u_fric= 0.0066 ta=0.00 cmd=  -0.67 slewB=1.00 raw q= 137.55deg | [DBG] t=   4.00s e=  7.60deg u=-0.0521 u_aux=-0.1608 u_rob=-0.0000 u_fric= 0.0066 ta=1.00 cmd=  -1.01 slewB=1.00 raw q= 131.31deg | [ERROR] q guard hit: |q-q_center|=37.18 deg > 35.00,"{""alpha"": 8.536149709873559, ""amplitude_deg"": 10.0, ""baudrate"": 1000000.0, ""command_sign"": -1.0, ""control_output_scale"": 1.0, ""current_bias_raw"": -2.0482259113055754, ""current_limit_raw"": 0.0, ""default_mode"": 3.0, ""device"": ""/dev/ttyAMA0"", ""disable_anti_windup"": false, ""disable_freeze_nn_on_saturation"": false, ""disable_freeze_zeta_on_saturation"": false, ""disturb_interval_sec"": 30.0, ""disturb_jitter_sec"": 3.0, ""disturb_mode"": ""mixed"", ""disturb_seed"": -1.0, ""disturbance_placement"": ""mid_move"", ""duration"": 10.0, ""dxl_id"": 6.0, ""enable_disturbance"": false, ""frequency_hz"": 3.0, ""fric_coulomb"": 0.006628843251049432, ""fric_vel_scale"": 0.6926994783118177, ""gamma_adapt"": 12.595497338026552, ""gamma_link"": 1.0625479433910783, ""integral_limit"": 1.6504936083, ""k_delta"": 0.12285645350017219, ""max_abs_e_dot"": 10.0, ""max_control"": 0.21596125898254812, ""max_current_raw"": 94.0, ""max_current_slew"": 224.40195182803902, ""mid_disturbance_offset_sec"": 0.0, ""no_set_current_mode"": false, ""predict_horizon_sec"": 0.0038150256776522825, ""pulse_current_raw_max"": 12.0, ""pulse_current_raw_min"": 4.0, ""pulse_duration_max"": 0.6, ""pulse_duration_min"": 0.15, ""q_abs_guard_deg"": 35.0, ""qd_lpf_alpha"": 0.060760083975640256, ""rate"": 120.0, ""rbf_center_max"": 3.2, ""rbf_center_min"": -3.2, ""rbf_nodes"": 11.0, ""rbf_width"": 0.7476624383839433, ""ref_jump_deg_max"": 8.0, ""ref_jump_deg_min"": 2.0, ""ref_jump_duration_max"": 0.6, ""ref_jump_duration_min"": 0.15, ""reference_shape"": ""sine"", ""reset_zeta_after_motion"": false, ""reset_zeta_on_segment"": false, ""restore_mode"": false, ""sigma_mod"": 0.11875832819435098, ""sine_center_mode"": ""lock"", ""soft_start_sec"": 0.5, ""step_absolute_target_deg"": null, ""step_absolute_target_rad"": null, ""step_delta_deg"": 40.0, ""step_ramp_sec"": 1.0, ""step_segment_sec"": 1.5, ""step_sequence_deg"": """", ""step_shape"": ""smoothstep"", ""step_start_sec"": 0.0, ""tail_err_full_deg"": 4.0, ""tail_err_thresh_deg"": 1.5, ""tail_kd"": 0.04735473078662948, ""tail_kp"": 0.0, ""tail_max_control_boost"": 0.0, ""tail_u_max"": 0.0, ""torque_to_current"": 210.0, ""zeta0"": 0.885692967, ""zeta_leak"": 0.0583515501849312, ""zeta_reset_delay_sec"": 0.0, ""zeta_reset_value"": null, ""zeta_soft"": 1.0555723449724523}"
195,1,0.0,1000000.0,0.0,0.0,inf,inf,inf,inf,0.0,1.0,1.0,0.0,0.0,0.0,0.0,0.0,0.0,0.0,0.0,0.0,0.0,0.0,0.0,0.0,0.0,0.0,0.0,0.0,0.0,0.0,0.0,0.0,0.0,0.0,0.0,inf,inf,inf,1.0,1,4.169894700999976,/tmp/nussbaum_sine_3hz_struct_runs/optuna_t0195_r01.csv,[DBG] t=   1.00s e=  5.91deg u=-0.2858 u_aux=-0.1750 u_rob=-0.0000 u_fric= 0.0152 ta=1.00 cmd=   0.37 slewB=1.00 raw q= 132.89deg | [DBG] t=   2.00s e=  5.81deg u=-0.2207 u_aux=-0.1722 u_rob=-0.0000 u_fric= 0.0152 ta=1.00 cmd=   0.98 slewB=1.00 raw q= 132.98deg | [ERROR] q guard hit: |q-q_center|=35.16 deg > 35.00,"{""alpha"": 5.813030192411392, ""amplitude_deg"": 10.0, ""baudrate"": 1000000.0, ""command_sign"": -1.0, ""control_output_scale"": 1.0, ""current_bias_raw"": -1.2763896602261096, ""current_limit_raw"": 0.0, ""default_mode"": 3.0, ""device"": ""/dev/ttyAMA0"", ""disable_anti_windup"": false, ""disable_freeze_nn_on_saturation"": false, ""disable_freeze_zeta_on_saturation"": false, ""disturb_interval_sec"": 30.0, ""disturb_jitter_sec"": 3.0, ""disturb_mode"": ""mixed"", ""disturb_seed"": -1.0, ""disturbance_placement"": ""mid_move"", ""duration"": 10.0, ""dxl_id"": 6.0, ""enable_disturbance"": false, ""frequency_hz"": 3.0, ""fric_coulomb"": 0.015313083264250061, ""fric_vel_scale"": 1.1985771592956769, ""gamma_adapt"": 4.759599735386414, ""gamma_link"": 0.9122769006250782, ""integral_limit"": 1.6504936083, ""k_delta"": 0.1406795504299141, ""max_abs_e_dot"": 10.0, ""max_control"": 0.28584942499717836, ""max_current_raw"": 95.0, ""max_current_slew"": 93.54991054811913, ""mid_disturbance_offset_sec"": 0.0, ""no_set_current_mode"": false, ""predict_horizon_sec"": 0.002881572310581808, ""pulse_current_raw_max"": 12.0, ""pulse_current_raw_min"": 4.0, ""pulse_duration_max"": 0.6, ""pulse_duration_min"": 0.15, ""q_abs_guard_deg"": 35.0, ""qd_lpf_alpha"": 0.06259855137427864, ""rate"": 120.0, ""rbf_center_max"": 3.2, ""rbf_center_min"": -3.2, ""rbf_nodes"": 11.0, ""rbf_width"": 0.7971298325222735, ""ref_jump_deg_max"": 8.0, ""ref_jump_deg_min"": 2.0, ""ref_jump_duration_max"": 0.6, ""ref_jump_duration_min"": 0.15, ""reference_shape"": ""sine"", ""reset_zeta_after_motion"": false, ""reset_zeta_on_segment"": false, ""restore_mode"": false, ""sigma_mod"": 0.11309462548314801, ""sine_center_mode"": ""lock"", ""soft_start_sec"": 0.5, ""step_absolute_target_deg"": null, ""step_absolute_target_rad"": null, ""step_delta_deg"": 40.0, ""step_ramp_sec"": 1.0, ""step_segment_sec"": 1.5, ""step_sequence_deg"": """", ""step_shape"": ""smoothstep"", ""step_start_sec"": 0.0, ""tail_err_full_deg"": 4.0, ""tail_err_thresh_deg"": 1.5, ""tail_kd"": 0.05262375453077885, ""tail_kp"": 0.0, ""tail_max_control_boost"": 0.0, ""tail_u_max"": 0.0, ""torque_to_current"": 210.0, ""zeta0"": 0.885692967, ""zeta_leak"": 0.021060542255140167, ""zeta_reset_delay_sec"": 0.0, ""zeta_reset_value"": null, ""zeta_soft"": 0.8463656087956839}"
196,1,0.0,1000000.0,0.0,0.0,inf,inf,inf,inf,0.0,1.0,1.0,0.0,0.0,0.0,0.0,0.0,0.0,0.0,0.0,0.0,0.0,0.0,0.0,0.0,0.0,0.0,0.0,0.0,0.0,0.0,0.0,0.0,0.0,0.0,0.0,inf,inf,inf,1.0,1,5.380447812000057,/tmp/nussbaum_sine_3hz_struct_runs/optuna_t0196_r01.csv,[DBG] t=   3.00s e=  6.88deg u= 0.2349 u_aux=-0.0608 u_rob=-0.0000 u_fric= 0.0180 ta=1.00 cmd=  -2.31 slewB=1.00 raw q= 132.01deg | [DBG] t=   4.00s e= 31.00deg u= 0.2349 u_aux=-0.0676 u_rob=-0.0000 u_fric= 0.0180 ta=1.00 cmd= -13.33 slewB=1.00 raw q= 107.93deg | [ERROR] q guard hit: |q-q_center|=35.07 deg > 35.00,"{""alpha"": 19.461479704501862, ""amplitude_deg"": 10.0, ""baudrate"": 1000000.0, ""command_sign"": -1.0, ""control_output_scale"": 1.0, ""current_bias_raw"": -0.415286813575247, ""current_limit_raw"": 0.0, ""default_mode"": 3.0, ""device"": ""/dev/ttyAMA0"", ""disable_anti_windup"": false, ""disable_freeze_nn_on_saturation"": false, ""disable_freeze_zeta_on_saturation"": false, ""disturb_interval_sec"": 30.0, ""disturb_jitter_sec"": 3.0, ""disturb_mode"": ""mixed"", ""disturb_seed"": -1.0, ""disturbance_placement"": ""mid_move"", ""duration"": 10.0, ""dxl_id"": 6.0, ""enable_disturbance"": false, ""frequency_hz"": 3.0, ""fric_coulomb"": 0.01806645158929739, ""fric_vel_scale"": 1.1387780896575674, ""gamma_adapt"": 12.52035797561761, ""gamma_link"": 1.079806716148231, ""integral_limit"": 1.6504936083, ""k_delta"": 0.14069872791930094, ""max_abs_e_dot"": 10.0, ""max_control"": 0.23488176896111956, ""max_current_raw"": 46.0, ""max_current_slew"": 50.86273280257394, ""mid_disturbance_offset_sec"": 0.0, ""no_set_current_mode"": false, ""predict_horizon_sec"": 0.0014003952512001057, ""pulse_current_raw_max"": 12.0, ""pulse_current_raw_min"": 4.0, ""pulse_duration_max"": 0.6, ""pulse_duration_min"": 0.15, ""q_abs_guard_deg"": 35.0, ""qd_lpf_alpha"": 0.05541560303553658, ""rate"": 120.0, ""rbf_center_max"": 3.2, ""rbf_center_min"": -3.2, ""rbf_nodes"": 11.0, ""rbf_width"": 0.8464355498068972, ""ref_jump_deg_max"": 8.0, ""ref_jump_deg_min"": 2.0, ""ref_jump_duration_max"": 0.6, ""ref_jump_duration_min"": 0.15, ""reference_shape"": ""sine"", ""reset_zeta_after_motion"": false, ""reset_zeta_on_segment"": false, ""restore_mode"": false, ""sigma_mod"": 0.26351066922823524, ""sine_center_mode"": ""lock"", ""soft_start_sec"": 0.5, ""step_absolute_target_deg"": null, ""step_absolute_target_rad"": null, ""step_delta_deg"": 40.0, ""step_ramp_sec"": 1.0, ""step_segment_sec"": 1.5, ""step_sequence_deg"": """", ""step_shape"": ""smoothstep"", ""step_start_sec"": 0.0, ""tail_err_full_deg"": 4.0, ""tail_err_thresh_deg"": 1.5, ""tail_kd"": 0.017642803893239575, ""tail_kp"": 0.0, ""tail_max_control_boost"": 0.0, ""tail_u_max"": 0.0, ""torque_to_current"": 210.0, ""zeta0"": 0.885692967, ""zeta_leak"": 0.04646552408462134, ""zeta_reset_delay_sec"": 0.0, ""zeta_reset_value"": null, ""zeta_soft"": 0.8798059127836272}"
197,1,1.0,1000036.9939663635,1200.0,9.992319,8.480181710110603,9.867683199798233,15.57282020079745,31.699396636354404,0.6468592962814487,0.0,0.0997608487654321,0.9065769484812897,1.1128699549,0.885692967,1.1128699549,0.22717698790000007,0.022717698790083334,0.20327044547999987,0.4150663417,0.0,0.0,0.0,0.0,0.0,0.0,0.0,0.0,0.0,0.0,0.0,0.0,0.0,0.0,0.0,0.0,8.3450911315612,15.163691605901068,17.33442231912944,0.0,0,11.204590733999794,/tmp/nussbaum_sine_3hz_struct_runs/optuna_t0197_r01.csv,,"{""alpha"": 3.4423421033060224, ""amplitude_deg"": 10.0, ""baudrate"": 1000000.0, ""command_sign"": -1.0, ""control_output_scale"": 1.0, ""current_bias_raw"": -2.10523188179676, ""current_limit_raw"": 0.0, ""default_mode"": 3.0, ""device"": ""/dev/ttyAMA0"", ""disable_anti_windup"": false, ""disable_freeze_nn_on_saturation"": false, ""disable_freeze_zeta_on_saturation"": false, ""disturb_interval_sec"": 30.0, ""disturb_jitter_sec"": 3.0, ""disturb_mode"": ""mixed"", ""disturb_seed"": -1.0, ""disturbance_placement"": ""mid_move"", ""duration"": 10.0, ""dxl_id"": 6.0, ""enable_disturbance"": false, ""frequency_hz"": 3.0, ""fric_coulomb"": 0.014348366212353669, ""fric_vel_scale"": 0.6445634211242085, ""gamma_adapt"": 16.422997548377527, ""gamma_link"": 0.99197192185151, ""integral_limit"": 1.6504936083, ""k_delta"": 0.17464331319600798, ""max_abs_e_dot"": 10.0, ""max_control"": 0.2009933613045762, ""max_current_raw"": 54.0, ""max_current_slew"": 119.81851425331831, ""mid_disturbance_offset_sec"": 0.0, ""no_set_current_mode"": false, ""predict_horizon_sec"": 0.004388997544626466, ""pulse_current_raw_max"": 12.0, ""pulse_current_raw_min"": 4.0, ""pulse_duration_max"": 0.6, ""pulse_duration_min"": 0.15, ""q_abs_guard_deg"": 35.0, ""qd_lpf_alpha"": 0.05757636744974047, ""rate"": 120.0, ""rbf_center_max"": 3.2, ""rbf_center_min"": -3.2, ""rbf_nodes"": 11.0, ""rbf_width"": 1.463070048431881, ""ref_jump_deg_max"": 8.0, ""ref_jump_deg_min"": 2.0, ""ref_jump_duration_max"": 0.6, ""ref_jump_duration_min"": 0.15, ""reference_shape"": ""sine"", ""reset_zeta_after_motion"": false, ""reset_zeta_on_segment"": false, ""restore_mode"": false, ""sigma_mod"": 0.32351496639404437, ""sine_center_mode"": ""lock"", ""soft_start_sec"": 0.5, ""step_absolute_target_deg"": null, ""step_absolute_target_rad"": null, ""step_delta_deg"": 40.0, ""step_ramp_sec"": 1.0, ""step_segment_sec"": 1.5, ""step_sequence_deg"": """", ""step_shape"": ""smoothstep"", ""step_start_sec"": 0.0, ""tail_err_full_deg"": 4.0, ""tail_err_thresh_deg"": 1.5, ""tail_kd"": 0.017132245284710402, ""tail_kp"": 0.0, ""tail_max_control_boost"": 0.0, ""tail_u_max"": 0.0, ""torque_to_current"": 210.0, ""zeta0"": 0.885692967, ""zeta_leak"": 0.03960354842680656, ""zeta_reset_delay_sec"": 0.0, ""zeta_reset_value"": null, ""zeta_soft"": 1.0532579779652094}"
198,1,0.0,1000000.0,0.0,0.0,inf,inf,inf,inf,0.0,1.0,1.0,0.0,0.0,0.0,0.0,0.0,0.0,0.0,0.0,0.0,0.0,0.0,0.0,0.0,0.0,0.0,0.0,0.0,0.0,0.0,0.0,0.0,0.0,0.0,0.0,inf,inf,inf,1.0,1,3.588294183000471,/tmp/nussbaum_sine_3hz_struct_runs/optuna_t0198_r01.csv,[DBG] t=   1.00s e=  8.57deg u=-0.2916 u_aux=-0.1049 u_rob=-0.0000 u_fric= 0.0052 ta=1.00 cmd=  -3.27 slewB=1.00 raw q= 131.04deg | [DBG] t=   2.00s e=  7.52deg u=-0.2816 u_aux=-0.1041 u_rob=-0.0000 u_fric= 0.0052 ta=1.00 cmd=  -1.23 slewB=1.00 raw q= 132.10deg | [ERROR] q guard hit: |q-q_center|=36.04 deg > 35.00,"{""alpha"": 2.5430225129012665, ""amplitude_deg"": 10.0, ""baudrate"": 1000000.0, ""command_sign"": -1.0, ""control_output_scale"": 1.0, ""current_bias_raw"": -0.3350968319600998, ""current_limit_raw"": 0.0, ""default_mode"": 3.0, ""device"": ""/dev/ttyAMA0"", ""disable_anti_windup"": false, ""disable_freeze_nn_on_saturation"": false, ""disable_freeze_zeta_on_saturation"": false, ""disturb_interval_sec"": 30.0, ""disturb_jitter_sec"": 3.0, ""disturb_mode"": ""mixed"", ""disturb_seed"": -1.0, ""disturbance_placement"": ""mid_move"", ""duration"": 10.0, ""dxl_id"": 6.0, ""enable_disturbance"": false, ""frequency_hz"": 3.0, ""fric_coulomb"": 0.005180159960756155, ""fric_vel_scale"": 0.8070240929108151, ""gamma_adapt"": 10.39961683923547, ""gamma_link"": 1.147395910898886, ""integral_limit"": 1.6504936083, ""k_delta"": 0.17829677601367613, ""max_abs_e_dot"": 10.0, ""max_control"": 0.29155503962188944, ""max_current_raw"": 63.0, ""max_current_slew"": 219.51520935000684, ""mid_disturbance_offset_sec"": 0.0, ""no_set_current_mode"": false, ""predict_horizon_sec"": 0.00445907064948422, ""pulse_current_raw_max"": 12.0, ""pulse_current_raw_min"": 4.0, ""pulse_duration_max"": 0.6, ""pulse_duration_min"": 0.15, ""q_abs_guard_deg"": 35.0, ""qd_lpf_alpha"": 0.01375738680896705, ""rate"": 120.0, ""rbf_center_max"": 3.2, ""rbf_center_min"": -3.2, ""rbf_nodes"": 11.0, ""rbf_width"": 0.7483910596239339, ""ref_jump_deg_max"": 8.0, ""ref_jump_deg_min"": 2.0, ""ref_jump_duration_max"": 0.6, ""ref_jump_duration_min"": 0.15, ""reference_shape"": ""sine"", ""reset_zeta_after_motion"": false, ""reset_zeta_on_segment"": false, ""restore_mode"": false, ""sigma_mod"": 0.15008353992106999, ""sine_center_mode"": ""lock"", ""soft_start_sec"": 0.5, ""step_absolute_target_deg"": null, ""step_absolute_target_rad"": null, ""step_delta_deg"": 40.0, ""step_ramp_sec"": 1.0, ""step_segment_sec"": 1.5, ""step_sequence_deg"": """", ""step_shape"": ""smoothstep"", ""step_start_sec"": 0.0, ""tail_err_full_deg"": 4.0, ""tail_err_thresh_deg"": 1.5, ""tail_kd"": 0.030754091657133532, ""tail_kp"": 0.0, ""tail_max_control_boost"": 0.0, ""tail_u_max"": 0.0, ""torque_to_current"": 210.0, ""zeta0"": 0.885692967, ""zeta_leak"": 0.008125632867150994, ""zeta_reset_delay_sec"": 0.0, ""zeta_reset_value"": null, ""zeta_soft"": 0.8818184650463459}"
199,1,0.0,1000000.0,0.0,0.0,inf,inf,inf,inf,0.0,1.0,1.0,0.0,0.0,0.0,0.0,0.0,0.0,0.0,0.0,0.0,0.0,0.0,0.0,0.0,0.0,0.0,0.0,0.0,0.0,0.0,0.0,0.0,0.0,0.0,0.0,inf,inf,inf,1.0,1,3.7764433500005907,/tmp/nussbaum_sine_3hz_struct_runs/optuna_t0199_r01.csv,[DBG] t=   1.00s e=  6.00deg u=-0.2948 u_aux=-0.0817 u_rob=-0.0000 u_fric= 0.0055 ta=1.00 cmd=   0.49 slewB=1.00 raw q= 132.98deg | [DBG] t=   2.00s e= 16.02deg u= 0.2948 u_aux=-0.0927 u_rob=-0.0000 u_fric= 0.0055 ta=1.00 cmd=  -7.76 slewB=1.00 raw q= 123.05deg | [ERROR] q guard hit: |q-q_center|=35.24 deg > 35.00,"{""alpha"": 6.163344872000498, ""amplitude_deg"": 10.0, ""baudrate"": 1000000.0, ""command_sign"": -1.0, ""control_output_scale"": 1.0, ""current_bias_raw"": -0.500864360479799, ""current_limit_raw"": 0.0, ""default_mode"": 3.0, ""device"": ""/dev/ttyAMA0"", ""disable_anti_windup"": false, ""disable_freeze_nn_on_saturation"": false, ""disable_freeze_zeta_on_saturation"": false, ""disturb_interval_sec"": 30.0, ""disturb_jitter_sec"": 3.0, ""disturb_mode"": ""mixed"", ""disturb_seed"": -1.0, ""disturbance_placement"": ""mid_move"", ""duration"": 10.0, ""dxl_id"": 6.0, ""enable_disturbance"": false, ""frequency_hz"": 3.0, ""fric_coulomb"": 0.00555631027387735, ""fric_vel_scale"": 1.046469116761421, ""gamma_adapt"": 6.408797751443562, ""gamma_link"": 0.8822140083470594, ""integral_limit"": 1.6504936083, ""k_delta"": 0.1378735385474348, ""max_abs_e_dot"": 10.0, ""max_control"": 0.294793414398415, ""max_current_raw"": 93.0, ""max_current_slew"": 82.49440701072088, ""mid_disturbance_offset_sec"": 0.0, ""no_set_current_mode"": false, ""predict_horizon_sec"": 0.001472235426819165, ""pulse_current_raw_max"": 12.0, ""pulse_current_raw_min"": 4.0, ""pulse_duration_max"": 0.6, ""pulse_duration_min"": 0.15, ""q_abs_guard_deg"": 35.0, ""qd_lpf_alpha"": 0.06477196576216826, ""rate"": 120.0, ""rbf_center_max"": 3.2, ""rbf_center_min"": -3.2, ""rbf_nodes"": 11.0, ""rbf_width"": 0.7579333793051725, ""ref_jump_deg_max"": 8.0, ""ref_jump_deg_min"": 2.0, ""ref_jump_duration_max"": 0.6, ""ref_jump_duration_min"": 0.15, ""reference_shape"": ""sine"", ""reset_zeta_after_motion"": false, ""reset_zeta_on_segment"": false, ""restore_mode"": false, ""sigma_mod"": 0.32891709409297387, ""sine_center_mode"": ""lock"", ""soft_start_sec"": 0.5, ""step_absolute_target_deg"": null, ""step_absolute_target_rad"": null, ""step_delta_deg"": 40.0, ""step_ramp_sec"": 1.0, ""step_segment_sec"": 1.5, ""step_sequence_deg"": """", ""step_shape"": ""smoothstep"", ""step_start_sec"": 0.0, ""tail_err_full_deg"": 4.0, ""tail_err_thresh_deg"": 1.5, ""tail_kd"": 0.024166246604401625, ""tail_kp"": 0.0, ""tail_max_control_boost"": 0.0, ""tail_u_max"": 0.0, ""torque_to_current"": 210.0, ""zeta0"": 0.885692967, ""zeta_leak"": 0.0293094524060745, ""zeta_reset_delay_sec"": 0.0, ""zeta_reset_value"": null, ""zeta_soft"": 0.8469435661333634}"
200,1,0.0,1000000.0,0.0,0.0,inf,inf,inf,inf,0.0,1.0,1.0,0.0,0.0,0.0,0.0,0.0,0.0,0.0,0.0,0.0,0.0,0.0,0.0,0.0,0.0,0.0,0.0,0.0,0.0,0.0,0.0,0.0,0.0,0.0,0.0,inf,inf,inf,1.0,1,4.828626403999806,/tmp/nussbaum_sine_3hz_struct_runs/optuna_t0200_r01.csv,[DBG] t=   2.00s e=  6.18deg u=-0.0904 u_aux=-0.1309 u_rob=-0.0000 u_fric= 0.0130 ta=1.00 cmd=  -0.26 slewB=1.00 raw q= 132.71deg | [DBG] t=   3.00s e= 18.22deg u= 0.2797 u_aux=-0.1413 u_rob=-0.0000 u_fric= 0.0130 ta=1.00 cmd=  -6.78 slewB=1.00 raw q= 120.76deg | [ERROR] q guard hit: |q-q_center|=35.24 deg > 35.00,"{""alpha"": 3.460526708128275, ""amplitude_deg"": 10.0, ""baudrate"": 1000000.0, ""command_sign"": -1.0, ""control_output_scale"": 1.0, ""current_bias_raw"": -2.0496435379094513, ""current_limit_raw"": 0.0, ""default_mode"": 3.0, ""device"": ""/dev/ttyAMA0"", ""disable_anti_windup"": false, ""disable_freeze_nn_on_saturation"": false, ""disable_freeze_zeta_on_saturation"": false, ""disturb_interval_sec"": 30.0, ""disturb_jitter_sec"": 3.0, ""disturb_mode"": ""mixed"", ""disturb_seed"": -1.0, ""disturbance_placement"": ""mid_move"", ""duration"": 10.0, ""dxl_id"": 6.0, ""enable_disturbance"": false, ""frequency_hz"": 3.0, ""fric_coulomb"": 0.013075695293575749, ""fric_vel_scale"": 1.0232095557235568, ""gamma_adapt"": 4.235602328830363, ""gamma_link"": 0.85301669466686, ""integral_limit"": 1.6504936083, ""k_delta"": 0.13274501004376885, ""max_abs_e_dot"": 10.0, ""max_control"": 0.2796951314219986, ""max_current_raw"": 92.0, ""max_current_slew"": 54.1073470915498, ""mid_disturbance_offset_sec"": 0.0, ""no_set_current_mode"": false, ""predict_horizon_sec"": 0.0019981245629850717, ""pulse_current_raw_max"": 12.0, ""pulse_current_raw_min"": 4.0, ""pulse_duration_max"": 0.6, ""pulse_duration_min"": 0.15, ""q_abs_guard_deg"": 35.0, ""qd_lpf_alpha"": 0.07563971079659758, ""rate"": 120.0, ""rbf_center_max"": 3.2, ""rbf_center_min"": -3.2, ""rbf_nodes"": 11.0, ""rbf_width"": 0.8974239583281762, ""ref_jump_deg_max"": 8.0, ""ref_jump_deg_min"": 2.0, ""ref_jump_duration_max"": 0.6, ""ref_jump_duration_min"": 0.15, ""reference_shape"": ""sine"", ""reset_zeta_after_motion"": false, ""reset_zeta_on_segment"": false, ""restore_mode"": false, ""sigma_mod"": 0.2786307755980716, ""sine_center_mode"": ""lock"", ""soft_start_sec"": 0.5, ""step_absolute_target_deg"": null, ""step_absolute_target_rad"": null, ""step_delta_deg"": 40.0, ""step_ramp_sec"": 1.0, ""step_segment_sec"": 1.5, ""step_sequence_deg"": """", ""step_shape"": ""smoothstep"", ""step_start_sec"": 0.0, ""tail_err_full_deg"": 4.0, ""tail_err_thresh_deg"": 1.5, ""tail_kd"": 0.03901324912322022, ""tail_kp"": 0.0, ""tail_max_control_boost"": 0.0, ""tail_u_max"": 0.0, ""torque_to_current"": 210.0, ""zeta0"": 0.885692967, ""zeta_leak"": 0.05541966204719763, ""zeta_reset_delay_sec"": 0.0, ""zeta_reset_value"": null, ""zeta_soft"": 0.8920085272210203}"
201,1,0.0,1000000.0,0.0,0.0,inf,inf,inf,inf,0.0,1.0,1.0,0.0,0.0,0.0,0.0,0.0,0.0,0.0,0.0,0.0,0.0,0.0,0.0,0.0,0.0,0.0,0.0,0.0,0.0,0.0,0.0,0.0,0.0,0.0,0.0,inf,inf,inf,1.0,1,5.571090329999606,/tmp/nussbaum_sine_3hz_struct_runs/optuna_t0201_r01.csv,[DBG] t=   3.00s e=-11.96deg u= 0.1987 u_aux=-0.0568 u_rob=-0.0000 u_fric= 0.0189 ta=1.00 cmd=   8.78 slewB=1.00 raw q= 150.56deg | [DBG] t=   4.00s e=-24.29deg u= 0.1987 u_aux=-0.0543 u_rob=-0.0000 u_fric= 0.0189 ta=1.00 cmd=  17.90 slewB=1.00 raw q= 162.86deg | [ERROR] q guard hit: |q-q_center|=35.42 deg > 35.00,"{""alpha"": 12.03648447379248, ""amplitude_deg"": 10.0, ""baudrate"": 1000000.0, ""command_sign"": -1.0, ""control_output_scale"": 1.0, ""current_bias_raw"": -0.6557341584607808, ""current_limit_raw"": 0.0, ""default_mode"": 3.0, ""device"": ""/dev/ttyAMA0"", ""disable_anti_windup"": false, ""disable_freeze_nn_on_saturation"": false, ""disable_freeze_zeta_on_saturation"": false, ""disturb_interval_sec"": 30.0, ""disturb_jitter_sec"": 3.0, ""disturb_mode"": ""mixed"", ""disturb_seed"": -1.0, ""disturbance_placement"": ""mid_move"", ""duration"": 10.0, ""dxl_id"": 6.0, ""enable_disturbance"": false, ""frequency_hz"": 3.0, ""fric_coulomb"": 0.018938698833536844, ""fric_vel_scale"": 0.5862923915858965, ""gamma_adapt"": 5.366150943227685, ""gamma_link"": 0.8703372917541569, ""integral_limit"": 1.6504936083, ""k_delta"": 0.09989694017542482, ""max_abs_e_dot"": 10.0, ""max_control"": 0.19865290166721483, ""max_current_raw"": 72.0, ""max_current_slew"": 118.22161080789708, ""mid_disturbance_offset_sec"": 0.0, ""no_set_current_mode"": false, ""predict_horizon_sec"": 0.00342995202506234, ""pulse_current_raw_max"": 12.0, ""pulse_current_raw_min"": 4.0, ""pulse_duration_max"": 0.6, ""pulse_duration_min"": 0.15, ""q_abs_guard_deg"": 35.0, ""qd_lpf_alpha"": 0.05400562625245249, ""rate"": 120.0, ""rbf_center_max"": 3.2, ""rbf_center_min"": -3.2, ""rbf_nodes"": 11.0, ""rbf_width"": 1.1387313092983988, ""ref_jump_deg_max"": 8.0, ""ref_jump_deg_min"": 2.0, ""ref_jump_duration_max"": 0.6, ""ref_jump_duration_min"": 0.15, ""reference_shape"": ""sine"", ""reset_zeta_after_motion"": false, ""reset_zeta_on_segment"": false, ""restore_mode"": false, ""sigma_mod"": 0.16906285696047565, ""sine_center_mode"": ""lock"", ""soft_start_sec"": 0.5, ""step_absolute_target_deg"": null, ""step_absolute_target_rad"": null, ""step_delta_deg"": 40.0, ""step_ramp_sec"": 1.0, ""step_segment_sec"": 1.5, ""step_sequence_deg"": """", ""step_shape"": ""smoothstep"", ""step_start_sec"": 0.0, ""tail_err_full_deg"": 4.0, ""tail_err_thresh_deg"": 1.5, ""tail_kd"": 0.01803177537589575, ""tail_kp"": 0.0, ""tail_max_control_boost"": 0.0, ""tail_u_max"": 0.0, ""torque_to_current"": 210.0, ""zeta0"": 0.885692967, ""zeta_leak"": 0.019590088602937008, ""zeta_reset_delay_sec"": 0.0, ""zeta_reset_value"": null, ""zeta_soft"": 0.9494581289062344}"
202,1,1.0,1000176.1706487773,1200.0,9.991755000000001,6.578867152714159,7.556372161280559,12.216056284874131,17.546462826430357,0.3738293512227612,0.0,0.05391346296296296,0.9355984392747093,1.0308854621,0.8856581809,1.0308854621,0.14522728120000006,0.014519249513583332,0.09169368196499997,0.6198638484,0.0,0.0,0.0,0.0,0.0,0.0,0.0,0.0,0.0,0.0,0.0,0.0,0.0,0.0,0.0,0.0,6.428113665435668,11.016973615739566,11.3200006402369,0.0,0,11.395313011000326,/tmp/nussbaum_sine_3hz_struct_runs/optuna_t0202_r01.csv,,"{""alpha"": 21.859099890302065, ""amplitude_deg"": 10.0, ""baudrate"": 1000000.0, ""command_sign"": -1.0, ""control_output_scale"": 1.0, ""current_bias_raw"": -0.548114850197034, ""current_limit_raw"": 0.0, ""default_mode"": 3.0, ""device"": ""/dev/ttyAMA0"", ""disable_anti_windup"": false, ""disable_freeze_nn_on_saturation"": false, ""disable_freeze_zeta_on_saturation"": false, ""disturb_interval_sec"": 30.0, ""disturb_jitter_sec"": 3.0, ""disturb_mode"": ""mixed"", ""disturb_seed"": -1.0, ""disturbance_placement"": ""mid_move"", ""duration"": 10.0, ""dxl_id"": 6.0, ""enable_disturbance"": false, ""frequency_hz"": 3.0, ""fric_coulomb"": 0.0018525297103820682, ""fric_vel_scale"": 0.7115857841655648, ""gamma_adapt"": 18.90672753822, ""gamma_link"": 0.8755676955269576, ""integral_limit"": 1.6504936083, ""k_delta"": 0.14872956891493713, ""max_abs_e_dot"": 10.0, ""max_control"": 0.18309870873908232, ""max_current_raw"": 45.0, ""max_current_slew"": 40.547860245702765, ""mid_disturbance_offset_sec"": 0.0, ""no_set_current_mode"": false, ""predict_horizon_sec"": 0.0022809095669702626, ""pulse_current_raw_max"": 12.0, ""pulse_current_raw_min"": 4.0, ""pulse_duration_max"": 0.6, ""pulse_duration_min"": 0.15, ""q_abs_guard_deg"": 35.0, ""qd_lpf_alpha"": 0.02650846160035378, ""rate"": 120.0, ""rbf_center_max"": 3.2, ""rbf_center_min"": -3.2, ""rbf_nodes"": 11.0, ""rbf_width"": 1.102229233808939, ""ref_jump_deg_max"": 8.0, ""ref_jump_deg_min"": 2.0, ""ref_jump_duration_max"": 0.6, ""ref_jump_duration_min"": 0.15, ""reference_shape"": ""sine"", ""reset_zeta_after_motion"": false, ""reset_zeta_on_segment"": false, ""restore_mode"": false, ""sigma_mod"": 0.12994660864504978, ""sine_center_mode"": ""lock"", ""soft_start_sec"": 0.5, ""step_absolute_target_deg"": null, ""step_absolute_target_rad"": null, ""step_delta_deg"": 40.0, ""step_ramp_sec"": 1.0, ""step_segment_sec"": 1.5, ""step_sequence_deg"": """", ""step_shape"": ""smoothstep"", ""step_start_sec"": 0.0, ""tail_err_full_deg"": 4.0, ""tail_err_thresh_deg"": 1.5, ""tail_kd"": 0.004974496279403752, ""tail_kp"": 0.0, ""tail_max_control_boost"": 0.0, ""tail_u_max"": 0.0, ""torque_to_current"": 210.0, ""zeta0"": 0.885692967, ""zeta_leak"": 0.07843450949161923, ""zeta_reset_delay_sec"": 0.0, ""zeta_reset_value"": null, ""zeta_soft"": 0.8324724133509401}"
203,1,0.0,1000000.0,0.0,0.0,inf,inf,inf,inf,0.0,1.0,1.0,0.0,0.0,0.0,0.0,0.0,0.0,0.0,0.0,0.0,0.0,0.0,0.0,0.0,0.0,0.0,0.0,0.0,0.0,0.0,0.0,0.0,0.0,0.0,0.0,inf,inf,inf,1.0,1,7.31026473699967,/tmp/nussbaum_sine_3hz_struct_runs/optuna_t0203_r01.csv,[DBG] t=   5.00s e=  5.00deg u=-0.0441 u_aux=-0.1690 u_rob=-0.0000 u_fric= 0.0178 ta=1.00 cmd=   0.33 slewB=1.00 raw q= 135.09deg | [DBG] t=   6.00s e= 16.67deg u= 0.1819 u_aux=-0.1835 u_rob=-0.0000 u_fric= 0.0178 ta=1.00 cmd= -16.28 slewB=1.00 raw q= 123.49deg | [ERROR] q guard hit: |q-q_center|=36.30 deg > 35.00,"{""alpha"": 4.748300834138705, ""amplitude_deg"": 10.0, ""baudrate"": 1000000.0, ""command_sign"": -1.0, ""control_output_scale"": 1.0, ""current_bias_raw"": -1.9690632912488766, ""current_limit_raw"": 0.0, ""default_mode"": 3.0, ""device"": ""/dev/ttyAMA0"", ""disable_anti_windup"": false, ""disable_freeze_nn_on_saturation"": false, ""disable_freeze_zeta_on_saturation"": false, ""disturb_interval_sec"": 30.0, ""disturb_jitter_sec"": 3.0, ""disturb_mode"": ""mixed"", ""disturb_seed"": -1.0, ""disturbance_placement"": ""mid_move"", ""duration"": 10.0, ""dxl_id"": 6.0, ""enable_disturbance"": false, ""frequency_hz"": 3.0, ""fric_coulomb"": 0.01777110189396207, ""fric_vel_scale"": 0.6533445286992614, ""gamma_adapt"": 14.140844652699641, ""gamma_link"": 0.8912108704908944, ""integral_limit"": 1.6504936083, ""k_delta"": 0.11562089302852216, ""max_abs_e_dot"": 10.0, ""max_control"": 0.18191625047990584, ""max_current_raw"": 55.0, ""max_current_slew"": 199.35149917404908, ""mid_disturbance_offset_sec"": 0.0, ""no_set_current_mode"": false, ""predict_horizon_sec"": 0.004123686048092197, ""pulse_current_raw_max"": 12.0, ""pulse_current_raw_min"": 4.0, ""pulse_duration_max"": 0.6, ""pulse_duration_min"": 0.15, ""q_abs_guard_deg"": 35.0, ""qd_lpf_alpha"": 0.07522320675740184, ""rate"": 120.0, ""rbf_center_max"": 3.2, ""rbf_center_min"": -3.2, ""rbf_nodes"": 11.0, ""rbf_width"": 1.0445706283486218, ""ref_jump_deg_max"": 8.0, ""ref_jump_deg_min"": 2.0, ""ref_jump_duration_max"": 0.6, ""ref_jump_duration_min"": 0.15, ""reference_shape"": ""sine"", ""reset_zeta_after_motion"": false, ""reset_zeta_on_segment"": false, ""restore_mode"": false, ""sigma_mod"": 0.2932590811205924, ""sine_center_mode"": ""lock"", ""soft_start_sec"": 0.5, ""step_absolute_target_deg"": null, ""step_absolute_target_rad"": null, ""step_delta_deg"": 40.0, ""step_ramp_sec"": 1.0, ""step_segment_sec"": 1.5, ""step_sequence_deg"": """", ""step_shape"": ""smoothstep"", ""step_start_sec"": 0.0, ""tail_err_full_deg"": 4.0, ""tail_err_thresh_deg"": 1.5, ""tail_kd"": 0.04818475114400164, ""tail_kp"": 0.0, ""tail_max_control_boost"": 0.0, ""tail_u_max"": 0.0, ""torque_to_current"": 210.0, ""zeta0"": 0.885692967, ""zeta_leak"": 0.06982460009556352, ""zeta_reset_delay_sec"": 0.0, ""zeta_reset_value"": null, ""zeta_soft"": 1.0679146406658513}"
204,1,0.0,1000000.0,0.0,0.0,inf,inf,inf,inf,0.0,1.0,1.0,0.0,0.0,0.0,0.0,0.0,0.0,0.0,0.0,0.0,0.0,0.0,0.0,0.0,0.0,0.0,0.0,0.0,0.0,0.0,0.0,0.0,0.0,0.0,0.0,inf,inf,inf,1.0,1,5.810567422000531,/tmp/nussbaum_sine_3hz_struct_runs/optuna_t0204_r01.csv,[DBG] t=   3.00s e=  4.45deg u=-0.1870 u_aux=-0.0436 u_rob=-0.0000 u_fric= 0.0151 ta=1.00 cmd=   2.03 slewB=1.00 raw q= 134.65deg | [DBG] t=   4.00s e=  2.83deg u= 0.1870 u_aux=-0.0432 u_rob=-0.0000 u_fric= 0.0151 ta=0.55 cmd=  -7.22 slewB=1.00 raw q= 136.23deg | [ERROR] q guard hit: |q-q_center|=35.16 deg > 35.00,"{""alpha"": 4.227323113972639, ""amplitude_deg"": 10.0, ""baudrate"": 1000000.0, ""command_sign"": -1.0, ""control_output_scale"": 1.0, ""current_bias_raw"": -0.9922765152792431, ""current_limit_raw"": 0.0, ""default_mode"": 3.0, ""device"": ""/dev/ttyAMA0"", ""disable_anti_windup"": false, ""disable_freeze_nn_on_saturation"": false, ""disable_freeze_zeta_on_saturation"": false, ""disturb_interval_sec"": 30.0, ""disturb_jitter_sec"": 3.0, ""disturb_mode"": ""mixed"", ""disturb_seed"": -1.0, ""disturbance_placement"": ""mid_move"", ""duration"": 10.0, ""dxl_id"": 6.0, ""enable_disturbance"": false, ""frequency_hz"": 3.0, ""fric_coulomb"": 0.015143619399526353, ""fric_vel_scale"": 0.8846296523719552, ""gamma_adapt"": 7.807414185457349, ""gamma_link"": 0.8865475243389513, ""integral_limit"": 1.6504936083, ""k_delta"": 0.14622520969994893, ""max_abs_e_dot"": 10.0, ""max_control"": 0.1869670500454302, ""max_current_raw"": 87.0, ""max_current_slew"": 132.9247850463968, ""mid_disturbance_offset_sec"": 0.0, ""no_set_current_mode"": false, ""predict_horizon_sec"": 0.0028002939636873657, ""pulse_current_raw_max"": 12.0, ""pulse_current_raw_min"": 4.0, ""pulse_duration_max"": 0.6, ""pulse_duration_min"": 0.15, ""q_abs_guard_deg"": 35.0, ""qd_lpf_alpha"": 0.035319000985217786, ""rate"": 120.0, ""rbf_center_max"": 3.2, ""rbf_center_min"": -3.2, ""rbf_nodes"": 11.0, ""rbf_width"": 0.828897639401422, ""ref_jump_deg_max"": 8.0, ""ref_jump_deg_min"": 2.0, ""ref_jump_duration_max"": 0.6, ""ref_jump_duration_min"": 0.15, ""reference_shape"": ""sine"", ""reset_zeta_after_motion"": false, ""reset_zeta_on_segment"": false, ""restore_mode"": false, ""sigma_mod"": 0.1945247003564362, ""sine_center_mode"": ""lock"", ""soft_start_sec"": 0.5, ""step_absolute_target_deg"": null, ""step_absolute_target_rad"": null, ""step_delta_deg"": 40.0, ""step_ramp_sec"": 1.0, ""step_segment_sec"": 1.5, ""step_sequence_deg"": """", ""step_shape"": ""smoothstep"", ""step_start_sec"": 0.0, ""tail_err_full_deg"": 4.0, ""tail_err_thresh_deg"": 1.5, ""tail_kd"": 0.01307612567903288, ""tail_kp"": 0.0, ""tail_max_control_boost"": 0.0, ""tail_u_max"": 0.0, ""torque_to_current"": 210.0, ""zeta0"": 0.885692967, ""zeta_leak"": 0.053879272061474436, ""zeta_reset_delay_sec"": 0.0, ""zeta_reset_value"": null, ""zeta_soft"": 0.9875082520965877}"
205,1,0.0,1000000.0,0.0,0.0,inf,inf,inf,inf,0.0,1.0,1.0,0.0,0.0,0.0,0.0,0.0,0.0,0.0,0.0,0.0,0.0,0.0,0.0,0.0,0.0,0.0,0.0,0.0,0.0,0.0,0.0,0.0,0.0,0.0,0.0,inf,inf,inf,1.0,1,5.582328273999337,/tmp/nussbaum_sine_3hz_struct_runs/optuna_t0205_r01.csv,[DBG] t=   3.00s e=-12.94deg u= 0.1891 u_aux=-0.0258 u_rob=-0.0000 u_fric= 0.0184 ta=1.00 cmd=   6.57 slewB=1.00 raw q= 150.82deg | [DBG] t=   4.00s e=-31.14deg u= 0.1891 u_aux=-0.0258 u_rob=-0.0000 u_fric= 0.0184 ta=1.00 cmd=  16.61 slewB=1.00 raw q= 169.01deg | [ERROR] q guard hit: |q-q_center|=35.07 deg > 35.00,"{""alpha"": 11.619000498655144, ""amplitude_deg"": 10.0, ""baudrate"": 1000000.0, ""command_sign"": -1.0, ""control_output_scale"": 1.0, ""current_bias_raw"": -1.3503751811367501, ""current_limit_raw"": 0.0, ""default_mode"": 3.0, ""device"": ""/dev/ttyAMA0"", ""disable_anti_windup"": false, ""disable_freeze_nn_on_saturation"": false, ""disable_freeze_zeta_on_saturation"": false, ""disturb_interval_sec"": 30.0, ""disturb_jitter_sec"": 3.0, ""disturb_mode"": ""mixed"", ""disturb_seed"": -1.0, ""disturbance_placement"": ""mid_move"", ""duration"": 10.0, ""dxl_id"": 6.0, ""enable_disturbance"": false, ""frequency_hz"": 3.0, ""fric_coulomb"": 0.018452266189404747, ""fric_vel_scale"": 1.0792542024948408, ""gamma_adapt"": 4.66510552161181, ""gamma_link"": 0.8239665981449794, ""integral_limit"": 1.6504936083, ""k_delta"": 0.11798124245963656, ""max_abs_e_dot"": 10.0, ""max_control"": 0.18908602955503034, ""max_current_raw"": 79.0, ""max_current_slew"": 158.2077974960407, ""mid_disturbance_offset_sec"": 0.0, ""no_set_current_mode"": false, ""predict_horizon_sec"": 0.002092484246092271, ""pulse_current_raw_max"": 12.0, ""pulse_current_raw_min"": 4.0, ""pulse_duration_max"": 0.6, ""pulse_duration_min"": 0.15, ""q_abs_guard_deg"": 35.0, ""qd_lpf_alpha"": 0.058602671460565726, ""rate"": 120.0, ""rbf_center_max"": 3.2, ""rbf_center_min"": -3.2, ""rbf_nodes"": 11.0, ""rbf_width"": 1.099117125644982, ""ref_jump_deg_max"": 8.0, ""ref_jump_deg_min"": 2.0, ""ref_jump_duration_max"": 0.6, ""ref_jump_duration_min"": 0.15, ""reference_shape"": ""sine"", ""reset_zeta_after_motion"": false, ""reset_zeta_on_segment"": false, ""restore_mode"": false, ""sigma_mod"": 0.2234285441521845, ""sine_center_mode"": ""lock"", ""soft_start_sec"": 0.5, ""step_absolute_target_deg"": null, ""step_absolute_target_rad"": null, ""step_delta_deg"": 40.0, ""step_ramp_sec"": 1.0, ""step_segment_sec"": 1.5, ""step_sequence_deg"": """", ""step_shape"": ""smoothstep"", ""step_start_sec"": 0.0, ""tail_err_full_deg"": 4.0, ""tail_err_thresh_deg"": 1.5, ""tail_kd"": 0.00877089211868896, ""tail_kp"": 0.0, ""tail_max_control_boost"": 0.0, ""tail_u_max"": 0.0, ""torque_to_current"": 210.0, ""zeta0"": 0.885692967, ""zeta_leak"": 0.026698615209342098, ""zeta_reset_delay_sec"": 0.0, ""zeta_reset_value"": null, ""zeta_soft"": 0.9816362224378004}"
206,1,0.0,1000000.0,0.0,0.0,inf,inf,inf,inf,0.0,1.0,1.0,0.0,0.0,0.0,0.0,0.0,0.0,0.0,0.0,0.0,0.0,0.0,0.0,0.0,0.0,0.0,0.0,0.0,0.0,0.0,0.0,0.0,0.0,0.0,0.0,inf,inf,inf,1.0,1,8.741043050999906,/tmp/nussbaum_sine_3hz_struct_runs/optuna_t0206_r01.csv,[DBG] t=   6.00s e=  7.06deg u=-0.1535 u_aux=-0.1981 u_rob=-0.0000 u_fric= 0.0091 ta=1.00 cmd=  -0.27 slewB=1.00 raw q= 133.07deg | [DBG] t=   7.00s e=  5.31deg u=-0.0927 u_aux=-0.1804 u_rob=-0.0000 u_fric= 0.0091 ta=1.00 cmd=  -0.32 slewB=1.00 raw q= 134.74deg | [ERROR] q guard hit: |q-q_center|=35.07 deg > 35.00,"{""alpha"": 6.796803427895841, ""amplitude_deg"": 10.0, ""baudrate"": 1000000.0, ""command_sign"": -1.0, ""control_output_scale"": 1.0, ""current_bias_raw"": -2.056847963847538, ""current_limit_raw"": 0.0, ""default_mode"": 3.0, ""device"": ""/dev/ttyAMA0"", ""disable_anti_windup"": false, ""disable_freeze_nn_on_saturation"": false, ""disable_freeze_zeta_on_saturation"": false, ""disturb_interval_sec"": 30.0, ""disturb_jitter_sec"": 3.0, ""disturb_mode"": ""mixed"", ""disturb_seed"": -1.0, ""disturbance_placement"": ""mid_move"", ""duration"": 10.0, ""dxl_id"": 6.0, ""enable_disturbance"": false, ""frequency_hz"": 3.0, ""fric_coulomb"": 0.00914309940537775, ""fric_vel_scale"": 0.686016368870551, ""gamma_adapt"": 16.85698715676456, ""gamma_link"": 0.9454365065427586, ""integral_limit"": 1.6504936083, ""k_delta"": 0.08490217596117544, ""max_abs_e_dot"": 10.0, ""max_control"": 0.15346622618132716, ""max_current_raw"": 75.0, ""max_current_slew"": 218.62200215191268, ""mid_disturbance_offset_sec"": 0.0, ""no_set_current_mode"": false, ""predict_horizon_sec"": 0.004026889022937785, ""pulse_current_raw_max"": 12.0, ""pulse_current_raw_min"": 4.0, ""pulse_duration_max"": 0.6, ""pulse_duration_min"": 0.15, ""q_abs_guard_deg"": 35.0, ""qd_lpf_alpha"": 0.07779271202376027, ""rate"": 120.0, ""rbf_center_max"": 3.2, ""rbf_center_min"": -3.2, ""rbf_nodes"": 11.0, ""rbf_width"": 0.6522426157223568, ""ref_jump_deg_max"": 8.0, ""ref_jump_deg_min"": 2.0, ""ref_jump_duration_max"": 0.6, ""ref_jump_duration_min"": 0.15, ""reference_shape"": ""sine"", ""reset_zeta_after_motion"": false, ""reset_zeta_on_segment"": false, ""restore_mode"": false, ""sigma_mod"": 0.14187405606455245, ""sine_center_mode"": ""lock"", ""soft_start_sec"": 0.5, ""step_absolute_target_deg"": null, ""step_absolute_target_rad"": null, ""step_delta_deg"": 40.0, ""step_ramp_sec"": 1.0, ""step_segment_sec"": 1.5, ""step_sequence_deg"": """", ""step_shape"": ""smoothstep"", ""step_start_sec"": 0.0, ""tail_err_full_deg"": 4.0, ""tail_err_thresh_deg"": 1.5, ""tail_kd"": 0.05349741823256694, ""tail_kp"": 0.0, ""tail_max_control_boost"": 0.0, ""tail_u_max"": 0.0, ""torque_to_current"": 210.0, ""zeta0"": 0.885692967, ""zeta_leak"": 0.06311883252872116, ""zeta_reset_delay_sec"": 0.0, ""zeta_reset_value"": null, ""zeta_soft"": 0.8333823946015138}"
207,1,0.0,1000000.0,0.0,0.0,inf,inf,inf,inf,0.0,1.0,1.0,0.0,0.0,0.0,0.0,0.0,0.0,0.0,0.0,0.0,0.0,0.0,0.0,0.0,0.0,0.0,0.0,0.0,0.0,0.0,0.0,0.0,0.0,0.0,0.0,inf,inf,inf,1.0,1,7.438184958999955,/tmp/nussbaum_sine_3hz_struct_runs/optuna_t0207_r01.csv,[DBG] t=   5.00s e=  3.67deg u=-0.2161 u_aux=-0.1851 u_rob=-0.0000 u_fric= 0.0173 ta=0.95 cmd=   0.69 slewB=1.00 raw q= 135.44deg | [DBG] t=   6.00s e= 18.31deg u= 0.2161 u_aux=-0.2059 u_rob=-0.0000 u_fric= 0.0173 ta=1.00 cmd= -15.77 slewB=1.00 raw q= 120.85deg | [ERROR] q guard hit: |q-q_center|=35.16 deg > 35.00,"{""alpha"": 7.753955679275719, ""amplitude_deg"": 10.0, ""baudrate"": 1000000.0, ""command_sign"": -1.0, ""control_output_scale"": 1.0, ""current_bias_raw"": -1.2754368076400477, ""current_limit_raw"": 0.0, ""default_mode"": 3.0, ""device"": ""/dev/ttyAMA0"", ""disable_anti_windup"": false, ""disable_freeze_nn_on_saturation"": false, ""disable_freeze_zeta_on_saturation"": false, ""disturb_interval_sec"": 30.0, ""disturb_jitter_sec"": 3.0, ""disturb_mode"": ""mixed"", ""disturb_seed"": -1.0, ""disturbance_placement"": ""mid_move"", ""duration"": 10.0, ""dxl_id"": 6.0, ""enable_disturbance"": false, ""frequency_hz"": 3.0, ""fric_coulomb"": 0.017397083170068415, ""fric_vel_scale"": 1.1419509588486019, ""gamma_adapt"": 7.98755941439418, ""gamma_link"": 0.9803280872269318, ""integral_limit"": 1.6504936083, ""k_delta"": 0.143440845565703, ""max_abs_e_dot"": 10.0, ""max_control"": 0.21611000394336446, ""max_current_raw"": 62.0, ""max_current_slew"": 139.803239095678, ""mid_disturbance_offset_sec"": 0.0, ""no_set_current_mode"": false, ""predict_horizon_sec"": 0.004015167569630817, ""pulse_current_raw_max"": 12.0, ""pulse_current_raw_min"": 4.0, ""pulse_duration_max"": 0.6, ""pulse_duration_min"": 0.15, ""q_abs_guard_deg"": 35.0, ""qd_lpf_alpha"": 0.07723061517138313, ""rate"": 120.0, ""rbf_center_max"": 3.2, ""rbf_center_min"": -3.2, ""rbf_nodes"": 11.0, ""rbf_width"": 0.8104515285418521, ""ref_jump_deg_max"": 8.0, ""ref_jump_deg_min"": 2.0, ""ref_jump_duration_max"": 0.6, ""ref_jump_duration_min"": 0.15, ""reference_shape"": ""sine"", ""reset_zeta_after_motion"": false, ""reset_zeta_on_segment"": false, ""restore_mode"": false, ""sigma_mod"": 0.2660612365670246, ""sine_center_mode"": ""lock"", ""soft_start_sec"": 0.5, ""step_absolute_target_deg"": null, ""step_absolute_target_rad"": null, ""step_delta_deg"": 40.0, ""step_ramp_sec"": 1.0, ""step_segment_sec"": 1.5, ""step_sequence_deg"": """", ""step_shape"": ""smoothstep"", ""step_start_sec"": 0.0, ""tail_err_full_deg"": 4.0, ""tail_err_thresh_deg"": 1.5, ""tail_kd"": 0.055549656666587295, ""tail_kp"": 0.0, ""tail_max_control_boost"": 0.0, ""tail_u_max"": 0.0, ""torque_to_current"": 210.0, ""zeta0"": 0.885692967, ""zeta_leak"": 0.0631076396091073, ""zeta_reset_delay_sec"": 0.0, ""zeta_reset_value"": null, ""zeta_soft"": 0.8826027809090699}"
208,1,0.0,1000000.0,0.0,0.0,inf,inf,inf,inf,0.0,1.0,1.0,0.0,0.0,0.0,0.0,0.0,0.0,0.0,0.0,0.0,0.0,0.0,0.0,0.0,0.0,0.0,0.0,0.0,0.0,0.0,0.0,0.0,0.0,0.0,0.0,inf,inf,inf,1.0,1,4.983617904999846,/tmp/nussbaum_sine_3hz_struct_runs/optuna_t0208_r01.csv,[DBG] t=   2.00s e=  2.79deg u=-0.1498 u_aux=-0.0955 u_rob=-0.0000 u_fric= 0.0174 ta=0.52 cmd=   0.75 slewB=1.00 raw q= 136.23deg | [DBG] t=   3.00s e=-12.29deg u= 0.2402 u_aux=-0.0797 u_rob=-0.0000 u_fric= 0.0174 ta=1.00 cmd=   8.68 slewB=1.00 raw q= 151.17deg | [ERROR] q guard hit: |q-q_center|=35.33 deg > 35.00,"{""alpha"": 11.354505260652587, ""amplitude_deg"": 10.0, ""baudrate"": 1000000.0, ""command_sign"": -1.0, ""control_output_scale"": 1.0, ""current_bias_raw"": -1.2409518300390223, ""current_limit_raw"": 0.0, ""default_mode"": 3.0, ""device"": ""/dev/ttyAMA0"", ""disable_anti_windup"": false, ""disable_freeze_nn_on_saturation"": false, ""disable_freeze_zeta_on_saturation"": false, ""disturb_interval_sec"": 30.0, ""disturb_jitter_sec"": 3.0, ""disturb_mode"": ""mixed"", ""disturb_seed"": -1.0, ""disturbance_placement"": ""mid_move"", ""duration"": 10.0, ""dxl_id"": 6.0, ""enable_disturbance"": false, ""frequency_hz"": 3.0, ""fric_coulomb"": 0.01746715231483921, ""fric_vel_scale"": 0.9600089882470937, ""gamma_adapt"": 4.135679543421195, ""gamma_link"": 0.8254901900517737, ""integral_limit"": 1.6504936083, ""k_delta"": 0.10807155831982919, ""max_abs_e_dot"": 10.0, ""max_control"": 0.24022307927207262, ""max_current_raw"": 81.0, ""max_current_slew"": 164.47993676059502, ""mid_disturbance_offset_sec"": 0.0, ""no_set_current_mode"": false, ""predict_horizon_sec"": 0.004426714914759383, ""pulse_current_raw_max"": 12.0, ""pulse_current_raw_min"": 4.0, ""pulse_duration_max"": 0.6, ""pulse_duration_min"": 0.15, ""q_abs_guard_deg"": 35.0, ""qd_lpf_alpha"": 0.057268859040209674, ""rate"": 120.0, ""rbf_center_max"": 3.2, ""rbf_center_min"": -3.2, ""rbf_nodes"": 11.0, ""rbf_width"": 1.147852336360513, ""ref_jump_deg_max"": 8.0, ""ref_jump_deg_min"": 2.0, ""ref_jump_duration_max"": 0.6, ""ref_jump_duration_min"": 0.15, ""reference_shape"": ""sine"", ""reset_zeta_after_motion"": false, ""reset_zeta_on_segment"": false, ""restore_mode"": false, ""sigma_mod"": 0.2519108702057381, ""sine_center_mode"": ""lock"", ""soft_start_sec"": 0.5, ""step_absolute_target_deg"": null, ""step_absolute_target_rad"": null, ""step_delta_deg"": 40.0, ""step_ramp_sec"": 1.0, ""step_segment_sec"": 1.5, ""step_sequence_deg"": """", ""step_shape"": ""smoothstep"", ""step_start_sec"": 0.0, ""tail_err_full_deg"": 4.0, ""tail_err_thresh_deg"": 1.5, ""tail_kd"": 0.02703012527185248, ""tail_kp"": 0.0, ""tail_max_control_boost"": 0.0, ""tail_u_max"": 0.0, ""torque_to_current"": 210.0, ""zeta0"": 0.885692967, ""zeta_leak"": 0.0038334708897945838, ""zeta_reset_delay_sec"": 0.0, ""zeta_reset_value"": null, ""zeta_soft"": 1.005005465843014}"
209,1,0.0,1000000.0,0.0,0.0,inf,inf,inf,inf,0.0,1.0,1.0,0.0,0.0,0.0,0.0,0.0,0.0,0.0,0.0,0.0,0.0,0.0,0.0,0.0,0.0,0.0,0.0,0.0,0.0,0.0,0.0,0.0,0.0,0.0,0.0,inf,inf,inf,1.0,1,7.679103366000163,/tmp/nussbaum_sine_3hz_struct_runs/optuna_t0209_r01.csv,[DBG] t=   5.00s e=  0.90deg u=-0.2096 u_aux=-0.0634 u_rob=-0.0000 u_fric= 0.0071 ta=0.00 cmd=   2.20 slewB=1.00 raw q= 139.92deg | [DBG] t=   6.00s e= 14.58deg u= 0.2096 u_aux=-0.0733 u_rob=-0.0000 u_fric= 0.0071 ta=1.00 cmd=  -8.56 slewB=1.00 raw q= 125.60deg | [ERROR] q guard hit: |q-q_center|=35.33 deg > 35.00,"{""alpha"": 6.4137494139673175, ""amplitude_deg"": 10.0, ""baudrate"": 1000000.0, ""command_sign"": -1.0, ""control_output_scale"": 1.0, ""current_bias_raw"": -0.9049066287871402, ""current_limit_raw"": 0.0, ""default_mode"": 3.0, ""device"": ""/dev/ttyAMA0"", ""disable_anti_windup"": false, ""disable_freeze_nn_on_saturation"": false, ""disable_freeze_zeta_on_saturation"": false, ""disturb_interval_sec"": 30.0, ""disturb_jitter_sec"": 3.0, ""disturb_mode"": ""mixed"", ""disturb_seed"": -1.0, ""disturbance_placement"": ""mid_move"", ""duration"": 10.0, ""dxl_id"": 6.0, ""enable_disturbance"": false, ""frequency_hz"": 3.0, ""fric_coulomb"": 0.007141627960818847, ""fric_vel_scale"": 0.7305535487175092, ""gamma_adapt"": 19.460615457360497, ""gamma_link"": 0.9626368559695447, ""integral_limit"": 1.6504936083, ""k_delta"": 0.12176159982662398, ""max_abs_e_dot"": 10.0, ""max_control"": 0.20959149133662616, ""max_current_raw"": 74.0, ""max_current_slew"": 92.21077465249104, ""mid_disturbance_offset_sec"": 0.0, ""no_set_current_mode"": false, ""predict_horizon_sec"": 0.000986221662948385, ""pulse_current_raw_max"": 12.0, ""pulse_current_raw_min"": 4.0, ""pulse_duration_max"": 0.6, ""pulse_duration_min"": 0.15, ""q_abs_guard_deg"": 35.0, ""qd_lpf_alpha"": 0.05969981808256755, ""rate"": 120.0, ""rbf_center_max"": 3.2, ""rbf_center_min"": -3.2, ""rbf_nodes"": 11.0, ""rbf_width"": 1.3264479731868217, ""ref_jump_deg_max"": 8.0, ""ref_jump_deg_min"": 2.0, ""ref_jump_duration_max"": 0.6, ""ref_jump_duration_min"": 0.15, ""reference_shape"": ""sine"", ""reset_zeta_after_motion"": false, ""reset_zeta_on_segment"": false, ""restore_mode"": false, ""sigma_mod"": 0.26859137299230956, ""sine_center_mode"": ""lock"", ""soft_start_sec"": 0.5, ""step_absolute_target_deg"": null, ""step_absolute_target_rad"": null, ""step_delta_deg"": 40.0, ""step_ramp_sec"": 1.0, ""step_segment_sec"": 1.5, ""step_sequence_deg"": """", ""step_shape"": ""smoothstep"", ""step_start_sec"": 0.0, ""tail_err_full_deg"": 4.0, ""tail_err_thresh_deg"": 1.5, ""tail_kd"": 0.018521836072211913, ""tail_kp"": 0.0, ""tail_max_control_boost"": 0.0, ""tail_u_max"": 0.0, ""torque_to_current"": 210.0, ""zeta0"": 0.885692967, ""zeta_leak"": 0.0633435890356037, ""zeta_reset_delay_sec"": 0.0, ""zeta_reset_value"": null, ""zeta_soft"": 0.8995869594982127}"
210,1,0.0,1000000.0,0.0,0.0,inf,inf,inf,inf,0.0,1.0,1.0,0.0,0.0,0.0,0.0,0.0,0.0,0.0,0.0,0.0,0.0,0.0,0.0,0.0,0.0,0.0,0.0,0.0,0.0,0.0,0.0,0.0,0.0,0.0,0.0,inf,inf,inf,1.0,1,6.743968717999451,/tmp/nussbaum_sine_3hz_struct_runs/optuna_t0210_r01.csv,[DBG] t=   4.00s e=  1.44deg u=-0.1889 u_aux=-0.2453 u_rob=-0.0000 u_fric= 0.0013 ta=0.00 cmd=   1.87 slewB=1.00 raw q= 137.64deg | [DBG] t=   5.00s e=  1.08deg u= 0.0526 u_aux=-0.2434 u_rob=-0.0000 u_fric= 0.0013 ta=0.00 cmd=  -2.33 slewB=1.00 raw q= 137.99deg | [ERROR] q guard hit: |q-q_center|=36.21 deg > 35.00,"{""alpha"": 20.45127519926735, ""amplitude_deg"": 10.0, ""baudrate"": 1000000.0, ""command_sign"": -1.0, ""control_output_scale"": 1.0, ""current_bias_raw"": -1.5599911241236593, ""current_limit_raw"": 0.0, ""default_mode"": 3.0, ""device"": ""/dev/ttyAMA0"", ""disable_anti_windup"": false, ""disable_freeze_nn_on_saturation"": false, ""disable_freeze_zeta_on_saturation"": false, ""disturb_interval_sec"": 30.0, ""disturb_jitter_sec"": 3.0, ""disturb_mode"": ""mixed"", ""disturb_seed"": -1.0, ""disturbance_placement"": ""mid_move"", ""duration"": 10.0, ""dxl_id"": 6.0, ""enable_disturbance"": false, ""frequency_hz"": 3.0, ""fric_coulomb"": 0.001312138403155554, ""fric_vel_scale"": 0.9450498962472863, ""gamma_adapt"": 16.768084883547854, ""gamma_link"": 1.0280283444170373, ""integral_limit"": 1.6504936083, ""k_delta"": 0.1077871232306769, ""max_abs_e_dot"": 10.0, ""max_control"": 0.21701175472490514, ""max_current_raw"": 79.0, ""max_current_slew"": 126.12816895308326, ""mid_disturbance_offset_sec"": 0.0, ""no_set_current_mode"": false, ""predict_horizon_sec"": 0.004464860575907902, ""pulse_current_raw_max"": 12.0, ""pulse_current_raw_min"": 4.0, ""pulse_duration_max"": 0.6, ""pulse_duration_min"": 0.15, ""q_abs_guard_deg"": 35.0, ""qd_lpf_alpha"": 0.0624011055238895, ""rate"": 120.0, ""rbf_center_max"": 3.2, ""rbf_center_min"": -3.2, ""rbf_nodes"": 11.0, ""rbf_width"": 1.0218402580136776, ""ref_jump_deg_max"": 8.0, ""ref_jump_deg_min"": 2.0, ""ref_jump_duration_max"": 0.6, ""ref_jump_duration_min"": 0.15, ""reference_shape"": ""sine"", ""reset_zeta_after_motion"": false, ""reset_zeta_on_segment"": false, ""restore_mode"": false, ""sigma_mod"": 0.13228497554620997, ""sine_center_mode"": ""lock"", ""soft_start_sec"": 0.5, ""step_absolute_target_deg"": null, ""step_absolute_target_rad"": null, ""step_delta_deg"": 40.0, ""step_ramp_sec"": 1.0, ""step_segment_sec"": 1.5, ""step_sequence_deg"": """", ""step_shape"": ""smoothstep"", ""step_start_sec"": 0.0, ""tail_err_full_deg"": 4.0, ""tail_err_thresh_deg"": 1.5, ""tail_kd"": 0.07333914760235011, ""tail_kp"": 0.0, ""tail_max_control_boost"": 0.0, ""tail_u_max"": 0.0, ""torque_to_current"": 210.0, ""zeta0"": 0.885692967, ""zeta_leak"": 0.01403247882359901, ""zeta_reset_delay_sec"": 0.0, ""zeta_reset_value"": null, ""zeta_soft"": 0.8594115913433472}"
211,1,1.0,1000023.9093124085,1200.0,9.991748000000001,8.39454184030044,9.666870886427574,13.870239708833259,30.390931240847806,0.5752126183356409,0.0,0.07017422374429225,0.9450895082328712,0.9374425441,0.885692967,0.9374425441,0.051749577100000055,0.00517495770625,0.04584788347499998,0.2055660817,0.0,0.0,0.0,0.0,0.0,0.0,0.0,0.0,0.0,0.0,0.0,0.0,0.0,0.0,0.0,0.0,8.165393015884685,13.409783370820419,15.085249141338258,0.0,0,11.436018011999295,/tmp/nussbaum_sine_3hz_struct_runs/optuna_t0211_r01.csv,,"{""alpha"": 18.082445308055323, ""amplitude_deg"": 10.0, ""baudrate"": 1000000.0, ""command_sign"": -1.0, ""control_output_scale"": 1.0, ""current_bias_raw"": -1.6410956226555165, ""current_limit_raw"": 0.0, ""default_mode"": 3.0, ""device"": ""/dev/ttyAMA0"", ""disable_anti_windup"": false, ""disable_freeze_nn_on_saturation"": false, ""disable_freeze_zeta_on_saturation"": false, ""disturb_interval_sec"": 30.0, ""disturb_jitter_sec"": 3.0, ""disturb_mode"": ""mixed"", ""disturb_seed"": -1.0, ""disturbance_placement"": ""mid_move"", ""duration"": 10.0, ""dxl_id"": 6.0, ""enable_disturbance"": false, ""frequency_hz"": 3.0, ""fric_coulomb"": 0.005703771357094974, ""fric_vel_scale"": 0.3859514663725214, ""gamma_adapt"": 19.81779224738039, ""gamma_link"": 0.8567865774107181, ""integral_limit"": 1.6504936083, ""k_delta"": 0.10638349504406952, ""max_abs_e_dot"": 10.0, ""max_control"": 0.13588197525354428, ""max_current_raw"": 73.0, ""max_current_slew"": 117.23654511416372, ""mid_disturbance_offset_sec"": 0.0, ""no_set_current_mode"": false, ""predict_horizon_sec"": 0.0008287942334156678, ""pulse_current_raw_max"": 12.0, ""pulse_current_raw_min"": 4.0, ""pulse_duration_max"": 0.6, ""pulse_duration_min"": 0.15, ""q_abs_guard_deg"": 35.0, ""qd_lpf_alpha"": 0.07747839049770885, ""rate"": 120.0, ""rbf_center_max"": 3.2, ""rbf_center_min"": -3.2, ""rbf_nodes"": 11.0, ""rbf_width"": 1.185082420164528, ""ref_jump_deg_max"": 8.0, ""ref_jump_deg_min"": 2.0, ""ref_jump_duration_max"": 0.6, ""ref_jump_duration_min"": 0.15, ""reference_shape"": ""sine"", ""reset_zeta_after_motion"": false, ""reset_zeta_on_segment"": false, ""restore_mode"": false, ""sigma_mod"": 0.2484232310827158, ""sine_center_mode"": ""lock"", ""soft_start_sec"": 0.5, ""step_absolute_target_deg"": null, ""step_absolute_target_rad"": null, ""step_delta_deg"": 40.0, ""step_ramp_sec"": 1.0, ""step_segment_sec"": 1.5, ""step_sequence_deg"": """", ""step_shape"": ""smoothstep"", ""step_start_sec"": 0.0, ""tail_err_full_deg"": 4.0, ""tail_err_thresh_deg"": 1.5, ""tail_kd"": 0.01717425923386675, ""tail_kp"": 0.0, ""tail_max_control_boost"": 0.0, ""tail_u_max"": 0.0, ""torque_to_current"": 210.0, ""zeta0"": 0.885692967, ""zeta_leak"": 0.05603184919220891, ""zeta_reset_delay_sec"": 0.0, ""zeta_reset_value"": null, ""zeta_soft"": 1.0655179040035085}"
212,1,0.0,1000000.0,0.0,0.0,inf,inf,inf,inf,0.0,1.0,1.0,0.0,0.0,0.0,0.0,0.0,0.0,0.0,0.0,0.0,0.0,0.0,0.0,0.0,0.0,0.0,0.0,0.0,0.0,0.0,0.0,0.0,0.0,0.0,0.0,inf,inf,inf,1.0,1,10.725930216000052,/tmp/nussbaum_sine_3hz_struct_runs/optuna_t0212_r01.csv,[DBG] t=   8.00s e= -4.04deg u= 0.1628 u_aux=-0.0350 u_rob=-0.0000 u_fric= 0.0046 ta=1.00 cmd=   1.75 slewB=1.00 raw q= 143.44deg | [DBG] t=   9.00s e=  8.22deg u= 0.1628 u_aux=-0.0398 u_rob=-0.0000 u_fric= 0.0046 ta=1.00 cmd=  -6.31 slewB=1.00 raw q= 131.22deg | [ERROR] q guard hit: |q-q_center|=35.60 deg > 35.00,"{""alpha"": 15.83452722020363, ""amplitude_deg"": 10.0, ""baudrate"": 1000000.0, ""command_sign"": -1.0, ""control_output_scale"": 1.0, ""current_bias_raw"": -1.1943040868108175, ""current_limit_raw"": 0.0, ""default_mode"": 3.0, ""device"": ""/dev/ttyAMA0"", ""disable_anti_windup"": false, ""disable_freeze_nn_on_saturation"": false, ""disable_freeze_zeta_on_saturation"": false, ""disturb_interval_sec"": 30.0, ""disturb_jitter_sec"": 3.0, ""disturb_mode"": ""mixed"", ""disturb_seed"": -1.0, ""disturbance_placement"": ""mid_move"", ""duration"": 10.0, ""dxl_id"": 6.0, ""enable_disturbance"": false, ""frequency_hz"": 3.0, ""fric_coulomb"": 0.004579814967342687, ""fric_vel_scale"": 0.4466924988152001, ""gamma_adapt"": 12.260389590230357, ""gamma_link"": 0.8888255218010982, ""integral_limit"": 1.6504936083, ""k_delta"": 0.11893912673970665, ""max_abs_e_dot"": 10.0, ""max_control"": 0.16275844882201815, ""max_current_raw"": 94.0, ""max_current_slew"": 120.86499697296915, ""mid_disturbance_offset_sec"": 0.0, ""no_set_current_mode"": false, ""predict_horizon_sec"": 0.0016999561117351594, ""pulse_current_raw_max"": 12.0, ""pulse_current_raw_min"": 4.0, ""pulse_duration_max"": 0.6, ""pulse_duration_min"": 0.15, ""q_abs_guard_deg"": 35.0, ""qd_lpf_alpha"": 0.07321325013761551, ""rate"": 120.0, ""rbf_center_max"": 3.2, ""rbf_center_min"": -3.2, ""rbf_nodes"": 11.0, ""rbf_width"": 1.0595359733227152, ""ref_jump_deg_max"": 8.0, ""ref_jump_deg_min"": 2.0, ""ref_jump_duration_max"": 0.6, ""ref_jump_duration_min"": 0.15, ""reference_shape"": ""sine"", ""reset_zeta_after_motion"": false, ""reset_zeta_on_segment"": false, ""restore_mode"": false, ""sigma_mod"": 0.2040254682585341, ""sine_center_mode"": ""lock"", ""soft_start_sec"": 0.5, ""step_absolute_target_deg"": null, ""step_absolute_target_rad"": null, ""step_delta_deg"": 40.0, ""step_ramp_sec"": 1.0, ""step_segment_sec"": 1.5, ""step_sequence_deg"": """", ""step_shape"": ""smoothstep"", ""step_start_sec"": 0.0, ""tail_err_full_deg"": 4.0, ""tail_err_thresh_deg"": 1.5, ""tail_kd"": 0.01099659280921048, ""tail_kp"": 0.0, ""tail_max_control_boost"": 0.0, ""tail_u_max"": 0.0, ""torque_to_current"": 210.0, ""zeta0"": 0.885692967, ""zeta_leak"": 0.04518649335436931, ""zeta_reset_delay_sec"": 0.0, ""zeta_reset_value"": null, ""zeta_soft"": 0.9820912055585992}"
213,1,0.0,1000000.0,0.0,0.0,inf,inf,inf,inf,0.0,1.0,1.0,0.0,0.0,0.0,0.0,0.0,0.0,0.0,0.0,0.0,0.0,0.0,0.0,0.0,0.0,0.0,0.0,0.0,0.0,0.0,0.0,0.0,0.0,0.0,0.0,inf,inf,inf,1.0,1,7.37767218099998,/tmp/nussbaum_sine_3hz_struct_runs/optuna_t0213_r01.csv,[DBG] t=   5.00s e=  1.94deg u=-0.2140 u_aux=-0.1684 u_rob=-0.0000 u_fric= 0.0196 ta=0.08 cmd=  -0.63 slewB=1.00 raw q= 137.02deg | [DBG] t=   6.00s e= 24.07deg u= 0.2363 u_aux=-0.2250 u_rob=-0.0000 u_fric= 0.0196 ta=1.00 cmd= -24.05 slewB=1.00 raw q= 115.93deg | [ERROR] q guard hit: |q-q_center|=35.24 deg > 35.00,"{""alpha"": 7.569714927687793, ""amplitude_deg"": 10.0, ""baudrate"": 1000000.0, ""command_sign"": -1.0, ""control_output_scale"": 1.0, ""current_bias_raw"": -2.0512301203535204, ""current_limit_raw"": 0.0, ""default_mode"": 3.0, ""device"": ""/dev/ttyAMA0"", ""disable_anti_windup"": false, ""disable_freeze_nn_on_saturation"": false, ""disable_freeze_zeta_on_saturation"": false, ""disturb_interval_sec"": 30.0, ""disturb_jitter_sec"": 3.0, ""disturb_mode"": ""mixed"", ""disturb_seed"": -1.0, ""disturbance_placement"": ""mid_move"", ""duration"": 10.0, ""dxl_id"": 6.0, ""enable_disturbance"": false, ""frequency_hz"": 3.0, ""fric_coulomb"": 0.019675873168728125, ""fric_vel_scale"": 1.0715375574753707, ""gamma_adapt"": 4.283911164098845, ""gamma_link"": 1.0087802756352675, ""integral_limit"": 1.6504936083, ""k_delta"": 0.1698207215233133, ""max_abs_e_dot"": 10.0, ""max_control"": 0.23634704424993686, ""max_current_raw"": 64.0, ""max_current_slew"": 197.57104552749962, ""mid_disturbance_offset_sec"": 0.0, ""no_set_current_mode"": false, ""predict_horizon_sec"": 0.004028369988159582, ""pulse_current_raw_max"": 12.0, ""pulse_current_raw_min"": 4.0, ""pulse_duration_max"": 0.6, ""pulse_duration_min"": 0.15, ""q_abs_guard_deg"": 35.0, ""qd_lpf_alpha"": 0.07955522918401162, ""rate"": 120.0, ""rbf_center_max"": 3.2, ""rbf_center_min"": -3.2, ""rbf_nodes"": 11.0, ""rbf_width"": 1.0004725899596822, ""ref_jump_deg_max"": 8.0, ""ref_jump_deg_min"": 2.0, ""ref_jump_duration_max"": 0.6, ""ref_jump_duration_min"": 0.15, ""reference_shape"": ""sine"", ""reset_zeta_after_motion"": false, ""reset_zeta_on_segment"": false, ""restore_mode"": false, ""sigma_mod"": 0.14206290745554329, ""sine_center_mode"": ""lock"", ""soft_start_sec"": 0.5, ""step_absolute_target_deg"": null, ""step_absolute_target_rad"": null, ""step_delta_deg"": 40.0, ""step_ramp_sec"": 1.0, ""step_segment_sec"": 1.5, ""step_sequence_deg"": """", ""step_shape"": ""smoothstep"", ""step_start_sec"": 0.0, ""tail_err_full_deg"": 4.0, ""tail_err_thresh_deg"": 1.5, ""tail_kd"": 0.05200761018901617, ""tail_kp"": 0.0, ""tail_max_control_boost"": 0.0, ""tail_u_max"": 0.0, ""torque_to_current"": 210.0, ""zeta0"": 0.885692967, ""zeta_leak"": 0.0425406430666015, ""zeta_reset_delay_sec"": 0.0, ""zeta_reset_value"": null, ""zeta_soft"": 0.9255347436711154}"
214,1,0.0,1000000.0,0.0,0.0,inf,inf,inf,inf,0.0,1.0,1.0,0.0,0.0,0.0,0.0,0.0,0.0,0.0,0.0,0.0,0.0,0.0,0.0,0.0,0.0,0.0,0.0,0.0,0.0,0.0,0.0,0.0,0.0,0.0,0.0,inf,inf,inf,1.0,1,4.443823052999505,/tmp/nussbaum_sine_3hz_struct_runs/optuna_t0214_r01.csv,[DBG] t=   2.00s e=  3.62deg u=-0.2214 u_aux=-0.0903 u_rob=-0.0000 u_fric= 0.0075 ta=0.94 cmd=   7.23 slewB=1.00 raw q= 135.44deg | [DBG] t=   3.00s e= 12.81deg u= 0.2214 u_aux=-0.1016 u_rob=-0.0000 u_fric= 0.0075 ta=1.00 cmd= -20.44 slewB=1.00 raw q= 126.30deg | [ERROR] q guard hit: |q-q_center|=36.56 deg > 35.00,"{""alpha"": 10.684038995517973, ""amplitude_deg"": 10.0, ""baudrate"": 1000000.0, ""command_sign"": -1.0, ""control_output_scale"": 1.0, ""current_bias_raw"": -0.4129219523063402, ""current_limit_raw"": 0.0, ""default_mode"": 3.0, ""device"": ""/dev/ttyAMA0"", ""disable_anti_windup"": false, ""disable_freeze_nn_on_saturation"": false, ""disable_freeze_zeta_on_saturation"": false, ""disturb_interval_sec"": 30.0, ""disturb_jitter_sec"": 3.0, ""disturb_mode"": ""mixed"", ""disturb_seed"": -1.0, ""disturbance_placement"": ""mid_move"", ""duration"": 10.0, ""dxl_id"": 6.0, ""enable_disturbance"": false, ""frequency_hz"": 3.0, ""fric_coulomb"": 0.007538477562626959, ""fric_vel_scale"": 0.8834269316332352, ""gamma_adapt"": 11.867978957507678, ""gamma_link"": 1.1264783325283436, ""integral_limit"": 1.6504936083, ""k_delta"": 0.11206330929020625, ""max_abs_e_dot"": 10.0, ""max_control"": 0.22137301431490186, ""max_current_raw"": 77.0, ""max_current_slew"": 234.55696454341054, ""mid_disturbance_offset_sec"": 0.0, ""no_set_current_mode"": false, ""predict_horizon_sec"": 0.0033788622373813414, ""pulse_current_raw_max"": 12.0, ""pulse_current_raw_min"": 4.0, ""pulse_duration_max"": 0.6, ""pulse_duration_min"": 0.15, ""q_abs_guard_deg"": 35.0, ""qd_lpf_alpha"": 0.0425691080810468, ""rate"": 120.0, ""rbf_center_max"": 3.2, ""rbf_center_min"": -3.2, ""rbf_nodes"": 11.0, ""rbf_width"": 0.8748323231018098, ""ref_jump_deg_max"": 8.0, ""ref_jump_deg_min"": 2.0, ""ref_jump_duration_max"": 0.6, ""ref_jump_duration_min"": 0.15, ""reference_shape"": ""sine"", ""reset_zeta_after_motion"": false, ""reset_zeta_on_segment"": false, ""restore_mode"": false, ""sigma_mod"": 0.08562166121916137, ""sine_center_mode"": ""lock"", ""soft_start_sec"": 0.5, ""step_absolute_target_deg"": null, ""step_absolute_target_rad"": null, ""step_delta_deg"": 40.0, ""step_ramp_sec"": 1.0, ""step_segment_sec"": 1.5, ""step_sequence_deg"": """", ""step_shape"": ""smoothstep"", ""step_start_sec"": 0.0, ""tail_err_full_deg"": 4.0, ""tail_err_thresh_deg"": 1.5, ""tail_kd"": 0.02875218399680439, ""tail_kp"": 0.0, ""tail_max_control_boost"": 0.0, ""tail_u_max"": 0.0, ""torque_to_current"": 210.0, ""zeta0"": 0.885692967, ""zeta_leak"": 0.056032639206505856, ""zeta_reset_delay_sec"": 0.0, ""zeta_reset_value"": null, ""zeta_soft"": 1.085533409053566}"
215,1,0.0,1000000.0,0.0,0.0,inf,inf,inf,inf,0.0,1.0,1.0,0.0,0.0,0.0,0.0,0.0,0.0,0.0,0.0,0.0,0.0,0.0,0.0,0.0,0.0,0.0,0.0,0.0,0.0,0.0,0.0,0.0,0.0,0.0,0.0,inf,inf,inf,1.0,1,1.6943357030004336,/tmp/nussbaum_sine_3hz_struct_runs/optuna_t0215_r01.csv,[INFO] center locked at 2.42522 rad (138.96 deg) | [DBG] t=   0.00s e=  0.00deg u=-0.0000 u_aux=-0.0000 u_rob=-0.0000 u_fric= 0.0000 ta=0.00 cmd=  -0.74 slewB=1.00 raw q= 138.96deg | [ERROR] q guard hit: |q-q_center|=35.33 deg > 35.00,"{""alpha"": 21.526737923872503, ""amplitude_deg"": 10.0, ""baudrate"": 1000000.0, ""command_sign"": -1.0, ""control_output_scale"": 1.0, ""current_bias_raw"": -0.7436147381627113, ""current_limit_raw"": 0.0, ""default_mode"": 3.0, ""device"": ""/dev/ttyAMA0"", ""disable_anti_windup"": false, ""disable_freeze_nn_on_saturation"": false, ""disable_freeze_zeta_on_saturation"": false, ""disturb_interval_sec"": 30.0, ""disturb_jitter_sec"": 3.0, ""disturb_mode"": ""mixed"", ""disturb_seed"": -1.0, ""disturbance_placement"": ""mid_move"", ""duration"": 10.0, ""dxl_id"": 6.0, ""enable_disturbance"": false, ""frequency_hz"": 3.0, ""fric_coulomb"": 0.011638972298022895, ""fric_vel_scale"": 0.40898551705092034, ""gamma_adapt"": 20.136247838884923, ""gamma_link"": 1.0869533106103895, ""integral_limit"": 1.6504936083, ""k_delta"": 0.13587839551884928, ""max_abs_e_dot"": 10.0, ""max_control"": 0.17459300833409935, ""max_current_raw"": 92.0, ""max_current_slew"": 235.3290879657559, ""mid_disturbance_offset_sec"": 0.0, ""no_set_current_mode"": false, ""predict_horizon_sec"": 0.00259036567862785, ""pulse_current_raw_max"": 12.0, ""pulse_current_raw_min"": 4.0, ""pulse_duration_max"": 0.6, ""pulse_duration_min"": 0.15, ""q_abs_guard_deg"": 35.0, ""qd_lpf_alpha"": 0.028220156978832768, ""rate"": 120.0, ""rbf_center_max"": 3.2, ""rbf_center_min"": -3.2, ""rbf_nodes"": 11.0, ""rbf_width"": 1.1072861158301772, ""ref_jump_deg_max"": 8.0, ""ref_jump_deg_min"": 2.0, ""ref_jump_duration_max"": 0.6, ""ref_jump_duration_min"": 0.15, ""reference_shape"": ""sine"", ""reset_zeta_after_motion"": false, ""reset_zeta_on_segment"": false, ""restore_mode"": false, ""sigma_mod"": 0.2511722413513805, ""sine_center_mode"": ""lock"", ""soft_start_sec"": 0.5, ""step_absolute_target_deg"": null, ""step_absolute_target_rad"": null, ""step_delta_deg"": 40.0, ""step_ramp_sec"": 1.0, ""step_segment_sec"": 1.5, ""step_sequence_deg"": """", ""step_shape"": ""smoothstep"", ""step_start_sec"": 0.0, ""tail_err_full_deg"": 4.0, ""tail_err_thresh_deg"": 1.5, ""tail_kd"": 0.0583593863852519, ""tail_kp"": 0.0, ""tail_max_control_boost"": 0.0, ""tail_u_max"": 0.0, ""torque_to_current"": 210.0, ""zeta0"": 0.885692967, ""zeta_leak"": 0.05600188168569902, ""zeta_reset_delay_sec"": 0.0, ""zeta_reset_value"": null, ""zeta_soft"": 1.0933960471999495}"
216,1,0.0,1000000.0,0.0,0.0,inf,inf,inf,inf,0.0,1.0,1.0,0.0,0.0,0.0,0.0,0.0,0.0,0.0,0.0,0.0,0.0,0.0,0.0,0.0,0.0,0.0,0.0,0.0,0.0,0.0,0.0,0.0,0.0,0.0,0.0,inf,inf,inf,1.0,1,5.515145311000197,/tmp/nussbaum_sine_3hz_struct_runs/optuna_t0216_r01.csv,[DBG] t=   3.00s e=  1.78deg u=-0.1142 u_aux=-0.1400 u_rob=-0.0000 u_fric= 0.0038 ta=0.04 cmd=   1.68 slewB=1.00 raw q= 137.11deg | [DBG] t=   4.00s e= 23.46deg u= 0.2004 u_aux=-0.1813 u_rob=-0.0000 u_fric= 0.0038 ta=1.00 cmd= -10.86 slewB=1.00 raw q= 115.66deg | [ERROR] q guard hit: |q-q_center|=35.24 deg > 35.00,"{""alpha"": 21.55467718098361, ""amplitude_deg"": 10.0, ""baudrate"": 1000000.0, ""command_sign"": -1.0, ""control_output_scale"": 1.0, ""current_bias_raw"": -1.518560153903798, ""current_limit_raw"": 0.0, ""default_mode"": 3.0, ""device"": ""/dev/ttyAMA0"", ""disable_anti_windup"": false, ""disable_freeze_nn_on_saturation"": false, ""disable_freeze_zeta_on_saturation"": false, ""disturb_interval_sec"": 30.0, ""disturb_jitter_sec"": 3.0, ""disturb_mode"": ""mixed"", ""disturb_seed"": -1.0, ""disturbance_placement"": ""mid_move"", ""duration"": 10.0, ""dxl_id"": 6.0, ""enable_disturbance"": false, ""frequency_hz"": 3.0, ""fric_coulomb"": 0.003773004333779857, ""fric_vel_scale"": 0.7106437645426947, ""gamma_adapt"": 5.820265472001478, ""gamma_link"": 1.1070787557820059, ""integral_limit"": 1.6504936083, ""k_delta"": 0.0803928946104191, ""max_abs_e_dot"": 10.0, ""max_control"": 0.20038253373327472, ""max_current_raw"": 85.0, ""max_current_slew"": 57.88410633486684, ""mid_disturbance_offset_sec"": 0.0, ""no_set_current_mode"": false, ""predict_horizon_sec"": 0.0032080240938576875, ""pulse_current_raw_max"": 12.0, ""pulse_current_raw_min"": 4.0, ""pulse_duration_max"": 0.6, ""pulse_duration_min"": 0.15, ""q_abs_guard_deg"": 35.0, ""qd_lpf_alpha"": 0.06405765097756375, ""rate"": 120.0, ""rbf_center_max"": 3.2, ""rbf_center_min"": -3.2, ""rbf_nodes"": 11.0, ""rbf_width"": 1.0110413456958958, ""ref_jump_deg_max"": 8.0, ""ref_jump_deg_min"": 2.0, ""ref_jump_duration_max"": 0.6, ""ref_jump_duration_min"": 0.15, ""reference_shape"": ""sine"", ""reset_zeta_after_motion"": false, ""reset_zeta_on_segment"": false, ""restore_mode"": false, ""sigma_mod"": 0.23067570671678503, ""sine_center_mode"": ""lock"", ""soft_start_sec"": 0.5, ""step_absolute_target_deg"": null, ""step_absolute_target_rad"": null, ""step_delta_deg"": 40.0, ""step_ramp_sec"": 1.0, ""step_segment_sec"": 1.5, ""step_sequence_deg"": """", ""step_shape"": ""smoothstep"", ""step_start_sec"": 0.0, ""tail_err_full_deg"": 4.0, ""tail_err_thresh_deg"": 1.5, ""tail_kd"": 0.041995259537238136, ""tail_kp"": 0.0, ""tail_max_control_boost"": 0.0, ""tail_u_max"": 0.0, ""torque_to_current"": 210.0, ""zeta0"": 0.885692967, ""zeta_leak"": 0.029769635390994725, ""zeta_reset_delay_sec"": 0.0, ""zeta_reset_value"": null, ""zeta_soft"": 0.8652256468910318}"
217,1,1.0,1000012.0668052655,1200.0,9.991753000000001,8.179391401815788,9.385683231015713,15.002209164019137,25.48137985379076,0.5571935384269537,0.0,0.06406618312757202,0.7857572396566257,1.7830713322,0.885692967,1.7830713322,0.8973783652,0.08973783651666668,0.4195141043849998,1.8685019462,0.0,0.0,0.0,0.0,0.0,0.0,0.0,0.0,0.0,0.0,0.0,0.0,0.0,0.0,0.0,0.0,8.179877433639474,14.120668052654668,18.342033941973952,0.0,0,11.370687493000332,/tmp/nussbaum_sine_3hz_struct_runs/optuna_t0217_r01.csv,,"{""alpha"": 22.19327318716579, ""amplitude_deg"": 10.0, ""baudrate"": 1000000.0, ""command_sign"": -1.0, ""control_output_scale"": 1.0, ""current_bias_raw"": -1.8521464859526608, ""current_limit_raw"": 0.0, ""default_mode"": 3.0, ""device"": ""/dev/ttyAMA0"", ""disable_anti_windup"": false, ""disable_freeze_nn_on_saturation"": false, ""disable_freeze_zeta_on_saturation"": false, ""disturb_interval_sec"": 30.0, ""disturb_jitter_sec"": 3.0, ""disturb_mode"": ""mixed"", ""disturb_seed"": -1.0, ""disturbance_placement"": ""mid_move"", ""duration"": 10.0, ""dxl_id"": 6.0, ""enable_disturbance"": false, ""frequency_hz"": 3.0, ""fric_coulomb"": 0.0003817522565514502, ""fric_vel_scale"": 1.0522964175025995, ""gamma_adapt"": 18.186914324986727, ""gamma_link"": 1.0368923135273334, ""integral_limit"": 1.6504936083, ""k_delta"": 0.12942431796508233, ""max_abs_e_dot"": 10.0, ""max_control"": 0.16742646224348703, ""max_current_raw"": 81.0, ""max_current_slew"": 122.23102803714838, ""mid_disturbance_offset_sec"": 0.0, ""no_set_current_mode"": false, ""predict_horizon_sec"": 0.003982190650203673, ""pulse_current_raw_max"": 12.0, ""pulse_current_raw_min"": 4.0, ""pulse_duration_max"": 0.6, ""pulse_duration_min"": 0.15, ""q_abs_guard_deg"": 35.0, ""qd_lpf_alpha"": 0.013684389319596906, ""rate"": 120.0, ""rbf_center_max"": 3.2, ""rbf_center_min"": -3.2, ""rbf_nodes"": 11.0, ""rbf_width"": 0.6630395721533104, ""ref_jump_deg_max"": 8.0, ""ref_jump_deg_min"": 2.0, ""ref_jump_duration_max"": 0.6, ""ref_jump_duration_min"": 0.15, ""reference_shape"": ""sine"", ""reset_zeta_after_motion"": false, ""reset_zeta_on_segment"": false, ""restore_mode"": false, ""sigma_mod"": 0.15027187341284728, ""sine_center_mode"": ""lock"", ""soft_start_sec"": 0.5, ""step_absolute_target_deg"": null, ""step_absolute_target_rad"": null, ""step_delta_deg"": 40.0, ""step_ramp_sec"": 1.0, ""step_segment_sec"": 1.5, ""step_sequence_deg"": """", ""step_shape"": ""smoothstep"", ""step_start_sec"": 0.0, ""tail_err_full_deg"": 4.0, ""tail_err_thresh_deg"": 1.5, ""tail_kd"": 0.030382072466968134, ""tail_kp"": 0.0, ""tail_max_control_boost"": 0.0, ""tail_u_max"": 0.0, ""torque_to_current"": 210.0, ""zeta0"": 0.885692967, ""zeta_leak"": 0.06689740317381965, ""zeta_reset_delay_sec"": 0.0, ""zeta_reset_value"": null, ""zeta_soft"": 1.0966462075355725}"
218,1,0.0,1000000.0,0.0,0.0,inf,inf,inf,inf,0.0,1.0,1.0,0.0,0.0,0.0,0.0,0.0,0.0,0.0,0.0,0.0,0.0,0.0,0.0,0.0,0.0,0.0,0.0,0.0,0.0,0.0,0.0,0.0,0.0,0.0,0.0,inf,inf,inf,1.0,1,4.1126240710000275,/tmp/nussbaum_sine_3hz_struct_runs/optuna_t0218_r01.csv,[DBG] t=   1.00s e=  7.87deg u=-0.2173 u_aux=-0.0202 u_rob=-0.0000 u_fric= 0.0027 ta=1.00 cmd=   0.20 slewB=1.00 raw q= 131.13deg | [DBG] t=   2.00s e=  4.85deg u= 0.2354 u_aux=-0.0179 u_rob=-0.0000 u_fric= 0.0027 ta=1.00 cmd=  -3.75 slewB=1.00 raw q= 134.12deg | [ERROR] q guard hit: |q-q_center|=35.42 deg > 35.00,"{""alpha"": 12.968911149092149, ""amplitude_deg"": 10.0, ""baudrate"": 1000000.0, ""command_sign"": -1.0, ""control_output_scale"": 1.0, ""current_bias_raw"": -1.9552764071385769, ""current_limit_raw"": 0.0, ""default_mode"": 3.0, ""device"": ""/dev/ttyAMA0"", ""disable_anti_windup"": false, ""disable_freeze_nn_on_saturation"": false, ""disable_freeze_zeta_on_saturation"": false, ""disturb_interval_sec"": 30.0, ""disturb_jitter_sec"": 3.0, ""disturb_mode"": ""mixed"", ""disturb_seed"": -1.0, ""disturbance_placement"": ""mid_move"", ""duration"": 10.0, ""dxl_id"": 6.0, ""enable_disturbance"": false, ""frequency_hz"": 3.0, ""fric_coulomb"": 0.0027255164647575023, ""fric_vel_scale"": 0.37787447695395376, ""gamma_adapt"": 10.935917861023167, ""gamma_link"": 0.8492926898517202, ""integral_limit"": 1.6504936083, ""k_delta"": 0.12072277622389004, ""max_abs_e_dot"": 10.0, ""max_control"": 0.23536189509151248, ""max_current_raw"": 81.0, ""max_current_slew"": 131.64942596045103, ""mid_disturbance_offset_sec"": 0.0, ""no_set_current_mode"": false, ""predict_horizon_sec"": 0.0008920559295989325, ""pulse_current_raw_max"": 12.0, ""pulse_current_raw_min"": 4.0, ""pulse_duration_max"": 0.6, ""pulse_duration_min"": 0.15, ""q_abs_guard_deg"": 35.0, ""qd_lpf_alpha"": 0.05449658972970969, ""rate"": 120.0, ""rbf_center_max"": 3.2, ""rbf_center_min"": -3.2, ""rbf_nodes"": 11.0, ""rbf_width"": 0.7298095110307581, ""ref_jump_deg_max"": 8.0, ""ref_jump_deg_min"": 2.0, ""ref_jump_duration_max"": 0.6, ""ref_jump_duration_min"": 0.15, ""reference_shape"": ""sine"", ""reset_zeta_after_motion"": false, ""reset_zeta_on_segment"": false, ""restore_mode"": false, ""sigma_mod"": 0.30276908623664595, ""sine_center_mode"": ""lock"", ""soft_start_sec"": 0.5, ""step_absolute_target_deg"": null, ""step_absolute_target_rad"": null, ""step_delta_deg"": 40.0, ""step_ramp_sec"": 1.0, ""step_segment_sec"": 1.5, ""step_sequence_deg"": """", ""step_shape"": ""smoothstep"", ""step_start_sec"": 0.0, ""tail_err_full_deg"": 4.0, ""tail_err_thresh_deg"": 1.5, ""tail_kd"": 0.005356802215643974, ""tail_kp"": 0.0, ""tail_max_control_boost"": 0.0, ""tail_u_max"": 0.0, ""torque_to_current"": 210.0, ""zeta0"": 0.885692967, ""zeta_leak"": 0.07869676453184021, ""zeta_reset_delay_sec"": 0.0, ""zeta_reset_value"": null, ""zeta_soft"": 0.967530560621417}"
219,1,0.0,1000000.0,0.0,0.0,inf,inf,inf,inf,0.0,1.0,1.0,0.0,0.0,0.0,0.0,0.0,0.0,0.0,0.0,0.0,0.0,0.0,0.0,0.0,0.0,0.0,0.0,0.0,0.0,0.0,0.0,0.0,0.0,0.0,0.0,inf,inf,inf,1.0,1,5.27279007099969,/tmp/nussbaum_sine_3hz_struct_runs/optuna_t0219_r01.csv,[DBG] t=   3.00s e= 15.43deg u= 0.2630 u_aux=-0.1487 u_rob=-0.0000 u_fric= 0.0139 ta=1.00 cmd=  -5.35 slewB=1.00 raw q= 123.57deg | [DBG] t=   4.01s e= 35.57deg u= 0.2630 u_aux=-0.1520 u_rob=-0.0000 u_fric= 0.0139 ta=1.00 cmd= -14.09 slewB=1.00 raw q= 105.29deg | [ERROR] q guard hit: |q-q_center|=35.07 deg > 35.00,"{""alpha"": 4.557744687902396, ""amplitude_deg"": 10.0, ""baudrate"": 1000000.0, ""command_sign"": -1.0, ""control_output_scale"": 1.0, ""current_bias_raw"": -1.0335706849548671, ""current_limit_raw"": 0.0, ""default_mode"": 3.0, ""device"": ""/dev/ttyAMA0"", ""disable_anti_windup"": false, ""disable_freeze_nn_on_saturation"": false, ""disable_freeze_zeta_on_saturation"": false, ""disturb_interval_sec"": 30.0, ""disturb_jitter_sec"": 3.0, ""disturb_mode"": ""mixed"", ""disturb_seed"": -1.0, ""disturbance_placement"": ""mid_move"", ""duration"": 10.0, ""dxl_id"": 6.0, ""enable_disturbance"": false, ""frequency_hz"": 3.0, ""fric_coulomb"": 0.013923972522857524, ""fric_vel_scale"": 0.991124153112493, ""gamma_adapt"": 7.031336536869582, ""gamma_link"": 0.8026623403430466, ""integral_limit"": 1.6504936083, ""k_delta"": 0.12987631236878427, ""max_abs_e_dot"": 10.0, ""max_control"": 0.26299749257618693, ""max_current_raw"": 87.0, ""max_current_slew"": 47.65689424112996, ""mid_disturbance_offset_sec"": 0.0, ""no_set_current_mode"": false, ""predict_horizon_sec"": 0.0017171584923170635, ""pulse_current_raw_max"": 12.0, ""pulse_current_raw_min"": 4.0, ""pulse_duration_max"": 0.6, ""pulse_duration_min"": 0.15, ""q_abs_guard_deg"": 35.0, ""qd_lpf_alpha"": 0.06773030567113639, ""rate"": 120.0, ""rbf_center_max"": 3.2, ""rbf_center_min"": -3.2, ""rbf_nodes"": 11.0, ""rbf_width"": 0.7837423624095986, ""ref_jump_deg_max"": 8.0, ""ref_jump_deg_min"": 2.0, ""ref_jump_duration_max"": 0.6, ""ref_jump_duration_min"": 0.15, ""reference_shape"": ""sine"", ""reset_zeta_after_motion"": false, ""reset_zeta_on_segment"": false, ""restore_mode"": false, ""sigma_mod"": 0.14279552361099418, ""sine_center_mode"": ""lock"", ""soft_start_sec"": 0.5, ""step_absolute_target_deg"": null, ""step_absolute_target_rad"": null, ""step_delta_deg"": 40.0, ""step_ramp_sec"": 1.0, ""step_segment_sec"": 1.5, ""step_sequence_deg"": """", ""step_shape"": ""smoothstep"", ""step_start_sec"": 0.0, ""tail_err_full_deg"": 4.0, ""tail_err_thresh_deg"": 1.5, ""tail_kd"": 0.04090007327926206, ""tail_kp"": 0.0, ""tail_max_control_boost"": 0.0, ""tail_u_max"": 0.0, ""torque_to_current"": 210.0, ""zeta0"": 0.885692967, ""zeta_leak"": 0.01227209746208924, ""zeta_reset_delay_sec"": 0.0, ""zeta_reset_value"": null, ""zeta_soft"": 0.8572040993758363}"
