t,q_ref_rad,q_meas_rad,qd_ref_rad_s,qd_meas_rad_s,e_rad,e_dot_rad_s,e_int,psi,psi_dot,kappa_delta,nussbaum_n,zeta,zeta_dot,u_cmd,current_from_u_raw,goal_current_raw,present_current_raw,psi_hat_norm,q_ref_base_rad,qdd_ref_rad_s2,disturb_jump_active,disturb_jump_rad,disturb_pulse_active,disturb_pulse_raw,disturb_event_count
0.000002,2.4359614912,2.4359614912,0.0000000000,0.0000000000,0.0000000000,0.0000000000,0.0000000000,0.0000000000,0.0000000000,-0.0000000000,0.4963644172,0.8856929670,0.0000000000,0.0000000000,0.0000000000,0.447,0,0.0000000000,2.4359614912,0.0000000000,0,0.0000000000,0,0.000,0
0.041785,2.4359614912,2.4328935296,0.0000000000,-0.0090484982,0.0031405780,0.0090484982,0.0001308574,0.0154171560,0.3700117431,-0.0000000000,0.4963644172,0.8856939474,0.0000235297,-0.0007575520,-0.1590859142,0.606,0,0.0001340039,2.4359614912,0.0000000000,0,0.0000000000,0,0.000,0
0.083454,2.4359614912,2.4298255680,0.0000000000,-0.0163898965,0.0062674560,0.0163898965,0.0003920014,0.0292285594,0.3314736817,0.0002092594,0.4963649206,0.8856974787,0.0000847499,-0.0014392396,-0.3022403088,0.750,0,0.0006066769,2.4359614912,0.0000000000,0,0.0000000000,0,0.000,0
0.125108,2.4359614912,2.4282915872,0.0000000000,-0.0223462585,0.0078492381,0.0223462585,0.0007190530,0.0386502507,0.2261205911,0.0009508659,0.4963667335,0.8857036995,0.0001493014,-0.0019174062,-0.4026553124,0.850,0,0.0014030188,2.4359614912,0.0000000000,0,0.0000000000,0,0.000,0
0.166784,2.4359614912,2.4282915872,0.0000000000,-0.0226546374,0.0078517129,0.0226546374,0.0010462077,0.0392863792,0.0152670858,0.0021990777,0.4963699273,0.8857102072,0.0001561829,-0.0019733174,-0.4143966625,0.862,1,0.0021564280,2.4359614912,0.0000000000,0,0.0000000000,0,0.000,0
0.208463,2.4359614912,2.4282915872,0.0000000000,-0.0183805882,0.0078174126,0.0183805882,0.0013719332,0.0352656066,-0.0964985443,0.0033759134,0.4963732681,0.8857155119,0.0001273133,-0.0017919702,-0.3763137367,0.824,1,0.0026709560,2.4359614912,0.0000000000,0,0.0000000000,0,0.000,0
0.250118,2.4359614912,2.4282915872,0.0000000000,-0.0149128858,0.0077895835,0.0149128858,0.0016964992,0.0320628931,-0.0768651242,0.0041772645,0.4963759914,0.8857199312,0.0001060627,-0.0016419916,-0.3448182398,0.792,1,0.0030162734,2.4359614912,0.0000000000,0,0.0000000000,0,0.000,0
0.291763,2.4359614912,2.4282915872,0.0000000000,-0.0120994041,0.0077670046,0.0120994041,0.0020201244,0.0295239028,-0.0609357670,0.0047134600,0.4963782601,0.8857236977,0.0000903975,-0.0015198308,-0.3191644606,0.766,1,0.0032414743,2.4359614912,0.0000000000,0,0.0000000000,0,0.000,0
0.333443,2.4359614912,2.4282915872,0.0000000000,-0.0098167170,0.0077486855,0.0098167170,0.0023429863,0.0275234169,-0.0480116603,0.0050619429,0.4963801936,0.8857269821,0.0000788261,-0.0014216163,-0.2985394275,0.746,1,0.0033814662,2.4359614912,0.0000000000,0,0.0000000000,0,0.000,0
0.375127,2.4359614912,2.4282915872,0.0000000000,-0.0079646842,0.0077338225,0.0079646842,0.0026652289,0.0259598407,-0.0375258300,0.0052775910,0.4963818797,0.8857299101,0.0000702698,-0.0013436392,-0.2821642309,0.729,0,0.0034612879,2.4359614912,0.0000000000,0,0.0000000000,0,0.000,0
0.416769,2.4359614912,2.4282915872,0.0000000000,-0.0064620579,0.0077217635,0.0064620579,0.0029869690,0.0247507462,-0.0290182681,0.0053996513,0.4963833827,0.8857325747,0.0000639513,-0.0012825619,-0.2693380035,0.717,0,0.0034990478,2.4359614912,0.0000000000,0,0.0000000000,0,0.000,0
0.458445,2.4359614912,2.4282915872,0.0000000000,-0.0052429189,0.0077119796,0.0052429189,0.0033083015,0.0238292565,-0.0221157524,0.0054564332,0.4963847505,0.8857350460,0.0000593103,-0.0012354862,-0.2594520981,0.707,1,0.0035079371,2.4359614912,0.0000000000,0,0.0000000000,0,0.000,0
0.500195,2.4359614123,2.4282915872,-0.0008082632,-0.0042537839,0.0077039627,0.0034455207,0.0036293000,0.0223326886,-0.0359176281,0.0054673350,0.4963860191,0.8857372168,0.0000520998,-0.0011636747,-0.2443716834,0.692,1,0.0034767423,2.4359614123,-4.1421765931,0,0.0000000000,0,0.000,0
0.541767,2.4324477425,2.4282915872,-0.1658451145,-0.0034512603,0.0041838524,-0.1623938542,0.0038036272,-0.1503282253,-4.1438619347,0.0051258737,0.4963871334,0.8858352565,0.0023529539,0.0066226766,1.3907620912,0.177,1,0.0153061641,2.4324477425,-3.7976456450,0,0.0000000000,0,0.000,0
0.583469,2.4223296515,2.4267576064,-0.3170085621,-0.0028001417,-0.0044054831,-0.3142084204,0.0036200654,-0.3193887519,-4.0574526385,0.0212361124,0.4964374496,0.8863462792,0.0122645433,0.0169389548,3.5571805026,-0.338,0,0.0655476665,2.4223296515,-3.4520359266,0,0.0000000000,0,0.000,0
0.625133,2.4062254715,2.4252236256,-0.4536414227,-0.0067961129,-0.0189436137,-0.4468453098,0.0028307481,-0.4816880964,-3.8951842688,0.0852452612,0.4966994103,0.8881274355,0.0427477527,0.0411681350,8.6453083502,-0.853,0,0.1696348136,2.4062254715,-3.1067408382,0,0.0000000000,0,0.000,0
0.666769,2.3847445309,2.4206216833,-0.5758100323,-0.0145624488,-0.0357602852,-0.5612475835,0.0013407362,-0.6309711443,-3.5827931478,0.2071871510,0.4976084213,0.8932065239,0.1218981215,0.0953291295,20.0191172019,-1.368,0,0.3316156150,2.3847445309,-2.7616793271,0,0.0000000000,0,0.000,0
0.708440,2.3584521863,2.4144857601,-0.6836961210,-0.0344363263,-0.0557572140,-0.6492597948,-0.0009824810,-0.7610046898,-3.1208050921,0.3836116284,0.5001656774,0.8932065239,0.0000000000,0.1852115430,38.8944240274,-1.883,0,0.3316156150,2.3584521863,-2.4163282145,0,0.0000000000,0,0.000,0
0.750134,2.3279457133,2.4022139138,-0.7772397855,-0.0596092740,-0.0737898217,-0.7176305115,-0.0040570569,-0.8682355674,-2.5735410620,0.3669579861,0.5001656774,0.8932065239,0.0000000000,0.1852115430,38.8944240274,-2.398,-1,0.3316156150,2.3279457133,-2.0707823520,0,0.0000000000,0,0.000,0
0.791799,2.2938652736,2.3746022596,-0.8563238897,-0.1297998051,-0.0796953112,-0.7265240846,-0.0073776949,-0.8921386154,-0.5736731531,0.3747945264,0.5001656774,0.8932065239,0.0000000000,0.1852115430,38.8944240274,-2.913,-1,0.3316156150,2.2938652736,-1.7254874044,0,0.0000000000,0,0.000,0
0.833474,2.2567787855,2.3347187592,-0.9210377369,-0.2500875991,-0.0759329601,-0.6709501378,-0.0105415682,-0.8322119113,1.4382408982,0.4085054901,0.5001656774,0.8932065239,0.0000000000,0.1852115430,38.8944240274,-3.428,-3,0.3316156150,2.2567787855,-1.3800954755,0,0.0000000000,0,0.000,0
0.875143,2.2173021699,2.2840973932,-0.9713497188,-0.3974485032,-0.0636056027,-0.5739012156,-0.0131918017,-0.7132868897,2.8542005189,0.4627837213,0.5001656774,0.8932065239,0.0000000000,0.1852115430,38.8944240274,-3.942,-2,0.3316156150,2.2173021699,-1.0347626205,0,0.0000000000,0,0.000,0
0.916950,2.1758895537,2.2288740848,-1.0073674383,-0.5532021268,-0.0485449500,-0.4541653115,-0.0152145079,-0.5656252870,3.5438784645,0.5278748548,0.5001656774,0.9015629942,0.2005552865,0.1816154095,38.1392359848,-4.457,-4,0.4870953371,2.1758895537,-0.6882831696,0,0.0000000000,0,0.000,0
0.958446,2.1335938894,2.1721167956,-1.0287931831,-0.7021923429,-0.0328876426,-0.3266008402,-0.0165848263,-0.4083059466,3.7756641699,0.8746316276,0.5042586479,0.9015629942,0.0000000000,0.1852115430,38.8944240274,-4.972,-3,0.4870953371,2.1335938894,-0.3443810091,0,0.0000000000,0,0.000,0
1.000123,2.0905178360,2.1153595065,-1.0359482959,-0.8275981472,-0.0181999949,-0.2083501488,-0.0173431595,-0.2616229525,3.5203918582,0.9657341924,0.5042586479,0.9045995346,0.0728769710,0.1354298785,28.4402744863,-5.487,-5,0.4928663315,2.0905178360,0.0010202848,0,0.0000000000,0,0.000,0
1.041825,2.0474177220,2.0570682366,-1.0286994365,-0.9248205030,-0.0022286060,-0.1038789335,-0.0174360180,-0.1255122843,3.2666560364,1.0624908638,0.5057099783,0.9053619202,0.0182972536,0.0687032237,14.4276769819,-6.002,-3,0.4611469043,2.0474177220,0.3466296966,0,0.0000000000,0,0.000,0
1.083622,2.0048251264,2.0018449282,-1.0069724109,-1.0037007803,0.0110351401,-0.0032716306,-0.0169762205,0.0019004296,3.0579051350,1.0627327950,0.5060713106,0.9053620950,0.0000041957,-0.0060888197,-1.2786521333,-5.487,-6,0.4199266513,2.0048251264,0.6930233544,0,0.0000000000,0,0.000,0
1.125213,1.9636426597,1.9496895814,-0.9709806272,-1.0631751672,0.0224853166,0.0921945400,-0.0160393324,0.1210396979,2.8593424381,1.0189169501,0.5060713933,0.9060445147,0.0163780711,-0.0733649169,-15.4066325485,-4.972,-5,0.3953109419,1.9636426597,1.0377145264,0,0.0000000000,0,0.000,0
1.166809,1.9242510030,1.9021361770,-0.9206463030,-1.0888078042,0.0308527724,0.1681615012,-0.0147538002,0.2148992139,2.2526283829,0.9980533038,0.5063937806,0.9081554924,0.0506634647,-0.1243557097,-26.1146990426,-4.457,-4,0.4024464532,1.9242510030,1.3824440699,0,0.0000000000,0,0.000,0
1.208465,1.8871999677,1.8607186957,-0.8558690967,-1.0915075630,0.0352408847,0.2356384663,-0.0132854300,0.2925432132,1.8634559848,1.0506540505,0.5073847680,0.9122550180,0.0983886147,-0.1762530481,-37.0131400957,-3.942,-5,0.4480262843,1.8871999677,1.7276704128,0,0.0000000000,0,0.000,0
1.250099,1.8531636451,1.8269711184,-0.7767561501,-1.0620282387,0.0347155606,0.2852720886,-0.0118389483,0.3425605233,1.2004154412,1.2046203429,0.5092819531,0.9122550180,0.0000000000,-0.1852115430,-38.8944240274,-3.428,-2,0.4480262843,1.8531636451,2.0727170311,0,0.0000000000,0,0.000,0
1.291795,1.8226776517,1.8054953873,-0.6831269814,-0.9883437768,0.0251139626,0.3052167955,-0.0107925332,0.3444618900,0.0456328003,1.2210817875,0.5092819531,0.9122550180,0.0000000000,-0.1852115430,-38.8944240274,-2.913,-3,0.4480262843,1.8226776517,2.4182794771,0,0.0000000000,0,0.000,0
1.333536,1.7963703357,1.7932235410,-0.5749654937,-0.8833182172,0.0102356374,0.3083527236,-0.0103660483,0.3184592233,-0.6240640007,1.2316765576,0.5092819531,0.9122550180,0.0000000000,-0.1852115430,-38.8944240274,-2.398,-3,0.4480262843,1.7963703357,2.7642125606,0,0.0000000000,0,0.000,0
1.375142,1.7749406386,1.7901555795,-0.4527867618,-0.7573886555,-0.0091367134,0.3046018937,-0.0103660483,0.2762204631,-1.0137302449,1.2343804083,0.5092819531,0.9122550180,0.0000000000,-0.1852115430,-38.8944240274,-1.883,-1,0.4480262843,1.7749406386,3.1090199080,0,0.0000000000,0,0.000,0
1.416919,1.7588382648,1.7916895603,-0.3156675912,-0.6190231132,-0.0278834850,0.3033555220,-0.0115278602,0.2365825638,-0.9513095824,1.2320227809,0.5092819531,0.9153591319,0.0744987350,-0.1625395214,-34.1332994887,-1.368,-2,0.4639747046,1.7588382648,3.4552538060,0,0.0000000000,0,0.000,0
1.458487,1.7488009348,1.7932235410,-0.1648787747,-0.4977132708,-0.0404283367,0.3328344961,-0.0132123742,0.2394758499,0.0694388657,1.2736202226,0.5106942313,0.9186390319,0.0787175999,-0.1722766563,-36.1780978185,-0.853,0,0.4797585004,1.7488009348,3.7997538994,0,0.0000000000,0,0.000,0
1.500099,1.7453292520,1.7947575218,0.0000000000,-0.3992898790,-0.0462238718,0.3992898790,-0.0132123742,0.2944169795,1.3185871119,1.3080998287,0.5121635081,0.9186390319,0.0000000000,-0.1852115430,-38.8944240274,-0.338,-1,0.4797585004,1.7453292520,0.0000000000,0,0.0000000000,0,0.000,0
1.541780,1.7453292520,1.7962915026,0.0000000000,-0.3194351545,-0.0483987061,0.3194351545,-0.0152289869,0.2082514407,-2.0679729324,1.3168580690,0.5121635081,0.9211975152,0.0614035973,-0.1574509049,-33.0646900197,0.177,0,0.4801422373,1.7453292520,0.0000000000,0,0.0000000000,0,0.000,0
1.583466,1.7453292520,1.7978254834,0.0000000000,-0.2546459117,-0.0504526363,0.2546459117,-0.0173311801,0.1373071394,-1.7026632300,1.3212755984,0.5132930579,0.9223132107,0.0267766928,-0.1059326924,-22.2458654090,0.692,0,0.4560703977,1.7453292520,0.0000000000,0,0.0000000000,0,0.000,0
1.625132,1.7453292520,1.8008934450,0.0000000000,-0.2020798799,-0.0539424530,0.2020798799,-0.0195787823,0.0755898200,-1.4812156660,1.2516704820,0.5137810491,0.9226347712,0.0077174532,-0.0579984158,-12.1796673077,1.207,0,0.4209977516,1.7453292520,0.0000000000,0,0.0000000000,0,0.000,0
1.666776,1.7453292520,1.8070293681,0.0000000000,-0.1458582673,-0.0605295682,0.1458582673,-0.0221008477,0.0037925386,-1.7231347534,1.1456519222,0.5139211771,0.9226355172,0.0000179022,-0.0074802097,-1.5708440454,1.721,0,0.3833777448,1.7453292520,0.0000000000,0,0.0000000000,0,0.000,0
1.708473,1.7453292520,1.8177672336,0.0000000000,-0.0911949889,-0.0717061198,0.0911949889,-0.0250886027,-0.0760239882,-1.9155966423,1.0265994373,0.5139215018,0.9229065809,0.0065055307,0.0404003498,8.4840734616,1.207,1,0.3547288685,1.7453292520,0.0000000000,0,0.0000000000,0,0.000,0
1.750129,1.7453292520,1.8377089839,0.0000000000,-0.0106505531,-0.0922942586,0.0106505531,-0.0289341968,-0.2012666074,-3.0058228612,0.9172964646,0.5140394435,0.9246219198,0.0411681330,0.1047265865,21.9925831668,0.692,1,0.3610832398,1.7453292520,0.0000000000,0,0.0000000000,0,0.000,0
1.791778,1.7453292520,1.8607186957,0.0000000000,0.0863680228,-0.1160825680,-0.0863680228,-0.0337709704,-0.3503193766,-3.5772664617,0.8875971511,0.5147819587,0.9296668383,0.1210780449,0.1813075645,38.0745885394,0.177,1,0.4386087979,1.7453292520,0.0000000000,0,0.0000000000,0,0.000,0
1.833487,1.7453292520,1.8745245228,0.0000000000,0.1560344675,-0.1304474852,-0.1560344675,-0.0392062823,-0.4538887638,-2.4856652931,1.0406981976,0.5169270053,0.9296668383,0.0000000000,0.1852115430,38.8944240274,-0.338,1,0.4386087979,1.7453292520,0.0000000000,0,0.0000000000,0,0.000,0
1.875134,1.7453292520,1.8760585036,0.0000000000,0.1627908229,-0.1320356874,-0.1627908229,-0.0447077693,-0.4692292818,-0.3681724305,1.0365374198,0.5169270053,0.9296668383,0.0000000000,0.1852115430,38.8944240274,-0.853,0,0.4386087979,1.7453292520,0.0000000000,0,0.0000000000,0,0.000,0
1.916772,1.7453292520,1.8745245228,0.0000000000,0.1366027731,-0.1302915411,-0.1366027731,-0.0501365835,-0.4449331537,0.5831070731,1.0480448637,0.5169270053,0.9296668383,0.0000000000,0.1852115430,38.8944240274,-1.368,0,0.4386087979,1.7453292520,0.0000000000,0,0.0000000000,0,0.000,0
1.958457,1.7453292520,1.8745245228,0.0000000000,0.1108311411,-0.1300847176,-0.1108311411,-0.0555567801,-0.4240992084,0.5000146882,1.0568474427,0.5169270053,0.9296668383,0.0000000000,0.1852115430,38.8944240274,-1.883,-1,0.4386087979,1.7453292520,0.0000000000,0,0.0000000000,0,0.000,0
2.000121,1.7453292520,1.8760585036,0.0000000000,0.0899216139,-0.1314508943,-0.0899216139,-0.0610339007,-0.4113086914,0.3069724081,1.0616165559,0.5169270053,0.9296668383,0.0000000000,0.1852115430,38.8944240274,-2.398,-2,0.4386087979,1.7453292520,0.0000000000,0,0.0000000000,0,0.000,0
2.041985,1.7453292520,1.8760585036,0.0000000000,0.0729569016,-0.1313147484,-0.0729569016,-0.0665053485,-0.3994726585,0.2840647885,1.0672339246,0.5169270053,0.9296668383,0.0000000000,0.1852115430,38.8944240274,-2.913,-2,0.4386087979,1.7453292520,0.0000000000,0,0.0000000000,0,0.000,0
2.083612,1.7453292520,1.8760585036,0.0000000000,0.0591927709,-0.1312042879,-0.0591927709,-0.0719721939,-0.3908836960,0.2061351005,1.0717943432,0.5169270053,0.9296668383,0.0000000000,0.1852115430,38.8944240274,-3.428,-3,0.4386087979,1.7453292520,0.0000000000,0,0.0000000000,0,0.000,0
2.125223,1.7453292520,1.8745245228,0.0000000000,0.0480253965,-0.1295806862,-0.0480253965,-0.0773713891,-0.3818185070,0.2175645364,1.0777565081,0.5169270053,0.9296668383,0.0000000000,0.1852115430,38.8944240274,-3.942,-3,0.4386087979,1.7453292520,0.0000000000,0,0.0000000000,0,0.000,0
2.166808,1.7453292520,1.8745245228,0.0000000000,0.0389648715,-0.1295079733,-0.0389648715,-0.0827675547,-0.3779383989,0.0931225942,1.0808568109,0.5169270053,0.9296668383,0.0000000000,0.1852115430,38.8944240274,-4.457,-2,0.4386087979,1.7453292520,0.0000000000,0,0.0000000000,0,0.000,0
2.208541,1.7453292520,1.8729905420,0.0000000000,0.0316137152,-0.1279149977,-0.0316137152,-0.0880973462,-0.3726817874,0.1261586754,1.0856790870,0.5169270053,0.9296668383,0.0000000000,0.1852115430,38.8944240274,-4.972,-4,0.4386087979,1.7453292520,0.0000000000,0,0.0000000000,0,0.000,0
2.250100,1.7453292520,1.8699225804,0.0000000000,0.0211251872,-0.1247628632,-0.0211251872,-0.0932957989,-0.3610605483,0.2789097379,1.0935548159,0.5169270053,0.9296668383,0.0000000000,0.1852115430,38.8944240274,-5.487,-5,0.4386087979,1.7453292520,0.0000000000,0,0.0000000000,0,0.000,0
2.291875,1.7453292520,1.8637866573,0.0000000000,-0.0009573106,-0.1184497226,0.0009573106,-0.0982312040,-0.3313056525,0.7141174988,1.1087808208,0.5169270053,0.9296668383,0.0000000000,0.1852115430,38.8944240274,-6.002,-4,0.4386087979,1.7453292520,0.0000000000,0,0.0000000000,0,0.000,0
2.333436,1.7453292520,1.8515148110,0.0000000000,-0.0369706959,-0.1058888602,0.0369706959,-0.1026432398,-0.2746907807,1.3587569252,1.1354837348,0.5169270053,0.9335479852,0.0931475252,0.1738396064,36.5063173475,-6.517,-5,0.4703748302,1.7453292520,0.0000000000,0,0.0000000000,0,0.000,0
2.375145,1.7453292520,1.8346410223,0.0000000000,-0.0933352502,-0.0885627323,0.0933352502,-0.1063333537,-0.1875449853,2.0914990876,1.2555110239,0.5185374223,0.9355330752,0.0476421590,0.1280634257,26.8933193937,-7.032,-6,0.4624327210,1.7453292520,0.0000000000,0,0.0000000000,0,0.000,0
2.416870,1.7453292520,1.8146992721,0.0000000000,-0.1526387518,-0.0681450571,0.1526387518,-0.1091727310,-0.0904786272,2.3295925950,1.2713604051,0.5193475639,0.9360005019,0.0112182421,0.0584313046,12.2705739578,-7.547,-7,0.4292708685,1.7453292520,0.0000000000,0,0.0000000000,0,0.000,0
2.458455,1.7453292520,1.7932235410,0.0000000000,-0.2098024865,-0.0462105733,0.2098024865,-0.1110981716,0.0083633400,2.3722072128,1.2110914971,0.5195369852,0.9360043200,0.0000916345,-0.0093028703,-1.9536027550,-7.032,-6,0.3909687726,1.7453292520,0.0000000000,0,0.0000000000,0,0.000,0
2.500254,1.7453292520,1.7702138292,0.0000000000,-0.2652301453,-0.0227560411,0.2652301453,-0.1120463400,0.1094535422,2.4261648533,1.1273984931,0.5195385303,0.9366164981,0.0146922739,-0.0697391994,-14.6452318723,-6.517,-6,0.3685713355,1.7453292520,0.0000000000,0,0.0000000000,0,0.000,0
2.541770,1.7453292520,1.7502720790,0.0000000000,-0.3102007599,-0.0024533907,0.3102007599,-0.1121485646,0.1946594815,2.0449425437,1.0790779371,0.5197858295,0.9384764923,0.0446398598,-0.1191987484,-25.0317371718,-6.002,-7,0.3759664366,1.7453292520,0.0000000000,0,0.0000000000,0,0.000,0
2.583451,1.7453292520,1.7349322711,0.0000000000,-0.3331144208,0.0130703048,0.3331144208,-0.1116039686,0.2489521761,1.3030246696,1.1140127255,0.5205317876,0.9416089391,0.0751787244,-0.1571904950,-33.0100039592,-5.487,-5,0.4091801849,1.7453292520,0.0000000000,0,0.0000000000,0,0.000,0
2.625192,1.7453292520,1.7257283864,0.0000000000,-0.3290839194,0.0222418438,0.3290839194,-0.1106772251,0.2640576890,0.3625323099,1.2245299321,0.5217695380,0.9454541317,0.0922846212,-0.1823514565,-38.2938058666,-4.972,-5,0.4485000877,1.7453292520,0.0000000000,0,0.0000000000,0,0.000,0
2.666775,1.7453292520,1.7241944056,0.0000000000,-0.2941440734,0.0234954239,0.2941440734,-0.1096982491,0.2325744306,-0.7555982014,1.3491856481,0.5232568359,0.9487180181,0.0783332744,-0.1762378658,-37.0099518145,-4.457,-3,0.4675457443,1.7453292520,0.0000000000,0,0.0000000000,0,0.000,0
2.708523,1.7453292520,1.7272623672,0.0000000000,-0.2386505233,0.0199821131,0.2386505233,-0.1088656610,0.1709224153,-1.4796483671,1.4055873640,0.5244912443,0.9505494990,0.0439555412,-0.1348816449,-28.3251454264,-3.942,-4,0.4576589184,1.7453292520,0.0000000000,0,0.0000000000,0,0.000,0
2.750107,1.7453292520,1.7287963479,0.0000000000,-0.1891021994,0.0180504950,0.1891021994,-0.1081135571,0.1182786261,-1.2634509406,1.3727714948,0.5251725316,0.9514074052,0.0205897498,-0.0914211753,-19.1984468181,-3.428,-3,0.4319919892,1.7453292520,0.0000000000,0,0.0000000000,0,0.000,0
2.791795,1.7453292520,1.7303303287,0.0000000000,-0.1489017177,0.0161938956,0.1489017177,-0.1074388114,0.0750553859,-1.0373577660,1.2911824686,0.5254888303,0.9517337092,0.0078312946,-0.0548296140,-11.5142189366,-2.913,-2,0.3994916799,1.7453292520,0.0000000000,0,0.0000000000,0,0.000,0
2.833470,1.7453292520,1.7318643095,0.0000000000,-0.1162855040,0.0143981618,0.1162855040,-0.1068388880,0.0394635041,-0.8542051622,1.1891942758,0.5256086586,0.9518173001,0.0020061829,-0.0267200579,-5.6112121601,-2.398,-2,0.3654640912,1.7453292520,0.0000000000,0,0.0000000000,0,0.000,0
2.875097,1.7453292520,1.7349322711,0.0000000000,-0.0898227016,0.0111178298,0.0898227016,-0.1063756451,0.0069406402,-0.7805487346,1.0818059319,0.5256393134,0.9518196702,0.0000568821,-0.0043078798,-0.9046547547,-1.883,1,0.3328459843,1.7453292520,0.0000000000,0,0.0000000000,0,0.000,0
2.916795,1.7453292520,1.7349322711,0.0000000000,-0.0683524011,0.0109455255,0.0683524011,-0.1059195815,-0.0144219465,-0.5127020809,0.9826651245,0.5256401824,0.9518290443,0.0002249770,0.0081997901,1.7219559135,-1.368,-2,0.3033149800,1.7453292520,0.0000000000,0,0.0000000000,0,0.000,0
2.958435,1.7453292520,1.7380002327,0.0000000000,-0.0509327115,0.0077377667,0.0509327115,-0.1055971746,-0.0378964887,-0.5633890111,0.8906895708,0.5256436189,0.9518882662,0.0014213275,0.0197145376,4.1400528905,-1.883,-1,0.2777328272,1.7453292520,0.0000000000,0,0.0000000000,0,0.000,0
3.000125,1.7453292520,1.7380002327,0.0000000000,-0.0367994401,0.0076243437,0.0367994401,-0.1052794936,-0.0519416184,-0.3370831125,0.8138622612,0.5256653249,0.9519908839,0.0024628230,0.0249245347,5.2341522889,-2.398,-2,0.2557776218,1.7453292520,0.0000000000,0,0.0000000000,0,0.000,0
3.041829,1.7453292520,1.7395342135,0.0000000000,-0.0253325674,0.0059983385,0.0253325674,-0.1050295628,-0.0663923205,-0.3468168508,0.7470523914,0.5257029157,0.9521462722,0.0037293206,0.0295292389,6.2011401718,-2.913,-1,0.2375901127,1.7453292520,0.0000000000,0,0.0000000000,0,0.000,0
3.083456,1.7453292520,1.7410681943,0.0000000000,-0.0205532969,0.0044260029,0.0205532969,-0.1048451460,-0.0741134411,-0.1853068951,0.6923653005,0.5257597880,0.9523273880,0.0043467784,0.0308359894,6.4755577661,-3.428,-3,0.2221665138,1.7453292520,0.0000000000,0,0.0000000000,0,0.000,0
3.125231,1.7453292520,1.7410681943,0.0000000000,-0.0166756889,0.0043948842,0.0166756889,-0.1046620259,-0.0778721731,-0.0902095674,0.6470662675,0.5258260014,0.9525158948,0.0045241638,0.0305490764,6.4153060458,-3.942,-4,0.2087230580,1.7453292520,0.0000000000,0,0.0000000000,0,0.000,0
3.166781,1.7453292520,1.7395342135,0.0000000000,-0.0135296348,0.0059036171,0.0135296348,-0.1044160418,-0.0777780244,0.0022595682,0.6086000082,0.5258948307,0.9526942503,0.0042805323,0.0289427483,6.0779771452,-4.457,-4,0.1964731008,1.7453292520,0.0000000000,0,0.0000000000,0,0.000,0
3.208441,1.7453292520,1.7410681943,0.0000000000,-0.0109771187,0.0043491518,0.0109771187,-0.1042348272,-0.0832400467,-0.1310885363,0.5718148936,0.5259598727,0.9528879157,0.0046479692,0.0293686200,6.1674102034,-4.972,-3,0.1862363214,1.7453292520,0.0000000000,0,0.0000000000,0,0.000,0
3.250186,1.7453292520,1.7410681943,0.0000000000,-0.0089061632,0.0043325319,0.0089061632,-0.1040543050,-0.0851658844,-0.0462201049,0.5419108301,0.5260304087,0.9530816085,0.0046486266,0.0287124233,6.0296088942,-5.487,-4,0.1772560322,1.7453292520,0.0000000000,0,0.0000000000,0,0.000,0
3.291770,1.7453292520,1.7395342135,0.0000000000,-0.0072259165,0.0058530283,0.0072259165,-0.1038104288,-0.0835846374,0.0379499295,0.5165071215,0.5261008619,0.9532607806,0.0043001297,0.0270660019,5.6838603997,-5.237,-6,0.1688067884,1.7453292520,0.0000000000,0,0.0000000000,0,0.000,0
3.333463,1.7453292520,1.7410681943,0.0000000000,-0.0058626670,0.0043081071,0.0058626670,-0.1036309244,-0.0878401190,-0.1021315585,0.4910785092,0.5261659506,0.9534504860,0.0045529301,0.0272722401,5.7271704236,-5.280,-6,0.1618717779,1.7453292520,0.0000000000,0,0.0000000000,0,0.000,0
3.375143,1.7453292520,1.7410681943,0.0000000000,-0.0047566097,0.0042992307,0.0047566097,-0.1034517898,-0.0887870433,-0.0227261829,0.4708878559,0.5262347793,0.9536376716,0.0044924555,0.0266264788,5.5915605490,-5.144,-3,0.1557331799,1.7453292520,0.0000000000,0,0.0000000000,0,0.000,0
3.416918,1.7453292520,1.7410681943,0.0000000000,-0.0038592224,0.0042920289,0.0038592224,-0.1032729552,-0.0895222666,-0.0176453598,0.4530288020,0.5263026062,0.9538220066,0.0044240387,0.0260089827,5.4618863689,-5.015,-4,0.1502818179,1.7453292520,0.0000000000,0,0.0000000000,0,0.000,0
3.458452,1.7453292520,1.7410681943,0.0000000000,-0.0031311372,0.0042861859,0.0031311372,-0.1030943641,-0.0900857287,-0.0135230905,0.4371779720,0.5263693153,0.9540033094,0.0043512682,0.0254243828,5.3391203949,-4.892,-5,0.1454248264,1.7453292520,0.0000000000,0,0.0000000000,0,0.000,0
3.500129,1.7453292520,1.7395342135,0.0000000000,-0.0025404133,0.0058154260,0.0025404133,-0.1028520547,-0.0873991334,0.0644782886,0.4237106707,0.5264348449,0.9541696733,0.0039927340,0.0240496012,5.0504162595,-4.603,-5,0.1405105877,1.7453292520,0.0000000000,0,0.0000000000,0,0.000,0
3.541778,1.7453292520,1.7395342135,0.0000000000,-0.0020611361,0.0058115796,0.0020611361,-0.1026099056,-0.0876471020,-0.0059512477,0.4093969700,0.5264949032,0.9543324010,0.0039054644,0.0234600697,4.9266146393,-4.479,-4,0.1360816422,1.7453292520,0.0000000000,0,0.0000000000,0,0.000,0
3.583478,1.7453292520,1.7395342135,0.0000000000,-0.0016722799,0.0058084590,0.0016722799,-0.1023678864,-0.0878033363,-0.0037496233,0.3964988981,0.5265535823,0.9544915662,0.0038199634,0.0229081889,4.8107196650,-4.363,-4,0.1320777155,1.7453292520,0.0000000000,0,0.0000000000,0,0.000,0
3.625257,1.7453292520,1.7410681943,0.0000000000,-0.0013567857,0.0042719463,0.0013567857,-0.1021898887,-0.0909958439,-0.0766201816,0.3842516992,0.5266109131,0.9546582907,0.0040013896,0.0231568314,4.8629345937,-4.416,-5,0.1290227202,1.7453292520,0.0000000000,0,0.0000000000,0,0.000,0
3.666764,1.7453292520,1.7410681943,0.0000000000,-0.0011008130,0.0042698920,0.0011008130,-0.1020119765,-0.0910803360,-0.0020278109,0.3753788682,0.5266708993,0.9548222581,0.0039352181,0.0227553493,4.7786233610,-4.331,-3,0.1262573748,1.7453292520,0.0000000000,0,0.0000000000,0,0.000,0
3.708479,1.7453292520,1.7410681943,0.0000000000,-0.0008931324,0.0042682253,0.0008931324,-0.1018341338,-0.0911158346,-0.0008519658,0.3673463271,0.5267298260,0.9549835748,0.0038715993,0.0223812560,4.7000637686,-4.253,-3,0.1237463244,1.7453292520,0.0000000000,0,0.0000000000,0,0.000,0
3.750116,1.7453292520,1.7395342135,0.0000000000,-0.0007246330,0.0058008539,0.0007246330,-0.1015924315,-0.0880008819,0.0747588647,0.3605996293,0.5267877348,0.9551318732,0.0035591620,0.0213057285,4.4742029913,-4.027,-4,0.1208826242,1.7453292520,0.0000000000,0,0.0000000000,0,0.000,0
3.791790,1.7453292520,1.7395342135,0.0000000000,-0.0005879229,0.0057997568,0.0005879229,-0.1013507750,-0.0879013076,0.0023897834,0.3522556655,0.5268409132,0.9552771499,0.0034866413,0.0208973601,4.3884456259,-3.941,-4,0.1182563626,1.7453292520,0.0000000000,0,0.0000000000,0,0.000,0
3.833489,1.7453292520,1.7410681943,0.0000000000,-0.0004770047,0.0042648858,0.0004770047,-0.1011730714,-0.0908862677,-0.0716390422,0.3440791144,0.5268929549,0.9554296466,0.0036599204,0.0212175756,4.4556908708,-4.008,-3,0.1164165538,1.7453292520,0.0000000000,0,0.0000000000,0,0.000,0
3.875261,1.7453292520,1.7410681943,0.0000000000,-0.0003870125,0.0042641636,0.0003870125,-0.1009953980,-0.0908023684,0.0020135812,0.3387306147,0.5269475264,0.9555800244,0.0036090676,0.0209442692,4.3982965332,-3.951,-4,0.1147251783,1.7453292520,0.0000000000,0,0.0000000000,0,0.000,0
3.916771,1.7453292520,1.7395342135,0.0000000000,-0.0003139983,0.0057975584,0.0003139983,-0.1007538330,-0.0875905437,0.0770837944,0.3343180675,0.5270012829,0.9557185416,0.0033244126,0.0200018134,4.2003808097,-3.753,-3,0.1125916512,1.7453292520,0.0000000000,0,0.0000000000,0,0.000,0
3.958447,1.7453292520,1.7410681943,0.0000000000,-0.0002547590,0.0042631022,0.0002547590,-0.1005762038,-0.0905230742,-0.0703807324,0.3275991490,0.5270507496,0.9558641951,0.0034956839,0.0203528529,4.2740991093,-3.827,-4,0.1111885396,1.7453292520,0.0000000000,0,0.0000000000,0,0.000,0
4.000126,1.7453292520,1.7395342135,0.0000000000,-0.0002066959,0.0057966973,0.0002066959,-0.1003346747,-0.0872859359,0.0776913185,0.3240055068,0.5271027131,0.9559984768,0.0032227609,0.0194616237,4.0869409736,-3.640,-3,0.1093145621,1.7453292520,0.0000000000,0,0.0000000000,0,0.000,0
4.041800,1.7453292520,1.7395342135,0.0000000000,-0.0001677004,0.0057963844,0.0001677004,-0.1000931587,-0.0870872277,0.0047689972,0.3185368952,0.5271505728,0.9561304197,0.0031666293,0.0191680285,4.0252859792,-3.578,-4,0.1075712100,1.7453292520,0.0000000000,0,0.0000000000,0,0.000,0
4.083457,1.7453292520,1.7410681943,0.0000000000,-0.0001360619,0.0042621497,0.0001360619,-0.0999155691,-0.0899917566,-0.0697086935,0.3129754032,0.5271975549,0.9562694338,0.0033363384,0.0195452287,4.1044980168,-3.657,-3,0.1065150022,1.7453292520,0.0000000000,0,0.0000000000,0,0.000,0
4.125206,1.7453292520,1.7410681943,0.0000000000,-0.0001103923,0.0042619437,0.0001103923,-0.0997379881,-0.0898426004,0.0035797482,0.3098981525,0.5272470080,0.9564069525,0.0033004494,0.0193688969,4.0674683482,-3.620,-4,0.1055247255,1.7453292520,0.0000000000,0,0.0000000000,0,0.000,0
4.166780,1.7453292520,1.7410681943,0.0000000000,-0.0000895656,0.0042617765,0.0000895656,-0.0995604141,-0.0896885311,0.0036976648,0.3070117591,0.5272958815,0.9565430326,0.0032659211,0.0192009694,4.0322035792,-3.585,-3,0.1045935761,1.7453292520,0.0000000000,0,0.0000000000,0,0.000,0
4.208474,1.7453292520,1.7410681943,0.0000000000,-0.0000726680,0.0042616409,0.0000726680,-0.0993828457,-0.0895304754,0.0037933352,0.3042965822,0.5273441972,0.9566777266,0.0032326563,0.0190406957,3.9985460935,-3.551,-4,0.1037155424,1.7453292520,0.0000000000,0,0.0000000000,0,0.000,0
4.250145,1.7453292520,1.7395342135,0.0000000000,-0.0000589584,0.0057955117,0.0000589584,-0.0991413661,-0.0862584847,0.0785277780,0.3021896121,0.5273919752,0.9568021022,0.0029850149,0.0182506440,3.8326352406,-3.385,-4,0.1023197278,1.7453292520,0.0000000000,0,0.0000000000,0,0.000,0
4.291769,1.7453292520,1.7410681943,0.0000000000,-0.0000478352,0.0042614416,0.0000478352,-0.0989638060,-0.0891422002,-0.0692091723,0.2976626849,0.5274360527,0.9569334340,0.0031519632,0.0186495176,3.9163987042,-3.469,-3,0.1015710953,1.7453292520,0.0000000000,0,0.0000000000,0,0.000,0
4.333479,1.7453292520,1.7410681943,0.0000000000,-0.0000388106,0.0042613692,0.0000388106,-0.0987862490,-0.0889761573,0.0039850291,0.2954769680,0.5274825535,0.9570635560,0.0031229282,0.0185138378,3.8879059278,-3.441,-2,0.1008578985,1.7453292520,0.0000000000,0,0.0000000000,0,0.000,0
4.375144,1.7453292520,1.7395342135,0.0000000000,-0.0000314885,0.0057952912,0.0000314885,-0.0985447785,-0.0856976862,0.0786833067,0.2938349019,0.5275285832,0.9571837631,0.0028849699,0.0177589869,3.7293872423,-3.282,-2,0.0996146904,1.7453292520,0.0000000000,0,0.0000000000,0,0.000,0
4.416789,1.7453292520,1.7395342135,0.0000000000,-0.0000255479,0.0057952436,0.0000255479,-0.0983033100,-0.0854654430,0.0055738358,0.2901999801,0.5275710680,0.9573022132,0.0028428037,0.0175483905,3.6851620106,-3.238,-2,0.0984401937,1.7453292520,0.0000000000,0,0.0000000000,0,0.000,0
4.458437,1.7453292520,1.7395342135,0.0000000000,-0.0000207280,0.0057952049,0.0000207280,-0.0980618431,-0.0852320628,0.0056011250,0.2867652800,0.5276128964,0.9574189777,0.0028023478,0.0173474018,3.6429543882,-3.196,-2,0.0973281723,1.7453292520,0.0000000000,0,0.0000000000,0,0.000,0
4.500121,1.7453292520,1.7395342135,0.0000000000,-0.0000168174,0.0057951735,0.0000168174,-0.0978203776,-0.0849977601,0.0056232659,0.2835126522,0.5276540950,0.9575341220,0.0027634627,0.0171551863,3.6025891168,-3.155,-3,0.0962729891,1.7453292520,0.0000000000,0,0.0000000000,0,0.000,0
4.541782,1.7453292520,1.7395342135,0.0000000000,-0.0000136446,0.0057951480,0.0000136446,-0.0975789131,-0.0847627088,0.0056412296,0.2804256882,0.5276946886,0.9576477062,0.0027260208,0.0169709855,3.5639069506,-3.117,-3,0.0952695440,1.7453292520,0.0000000000,0,0.0000000000,0,0.000,0
4.583460,1.7453292520,1.7410681943,0.0000000000,-0.0000110704,0.0042611466,0.0000110704,-0.0974013653,-0.0876377512,-0.0690010175,0.2770741783,0.5277346995,0.9577680538,0.0028883424,0.0173929444,3.6525183183,-3.205,-3,0.0948677406,1.7453292520,0.0000000000,0,0.0000000000,0,0.000,0
4.625136,1.7453292520,1.7410681943,0.0000000000,-0.0000089819,0.0042611298,0.0000089819,-0.0972238182,-0.0874646715,0.0041539132,0.2758962838,0.5277770576,0.9578875511,0.0028679341,0.0173056138,3.6341788876,-3.187,-3,0.0944695596,1.7453292520,0.0000000000,0,0.0000000000,0,0.000,0
4.666807,1.7453292520,1.7410681943,0.0000000000,-0.0000072873,0.0042611162,0.0000072873,-0.0970462717,-0.0872911921,0.0041635073,0.2747288306,0.5278190804,0.9580062041,0.0028476730,0.0172188754,3.6159638303,-3.169,-4,0.0940746643,1.7453292520,0.0000000000,0,0.0000000000,0,0.000,0
4.708471,1.7453292520,1.7410681943,0.0000000000,-0.0000059125,0.0042611052,0.0000059125,-0.0968687257,-0.0871173882,0.0041712913,0.2735708684,0.5278607709,0.9581240190,0.0028275561,0.0171326987,3.5978667230,-3.151,-1,0.0936827632,1.7453292520,0.0000000000,0,0.0000000000,0,0.000,0
4.750101,1.7453292520,1.7410681943,0.0000000000,-0.0000047970,0.0042610962,0.0000047970,-0.0966911800,-0.0869433213,0.0041776068,0.2724215736,0.5279021318,0.9582410015,0.0028075804,0.0170470562,3.5798818067,-3.133,-3,0.0932936033,1.7453292520,0.0000000000,0,0.0000000000,0,0.000,0
4.791823,1.7453292520,1.7395342135,0.0000000000,-0.0000038920,0.0057950698,0.0000038920,-0.0964497188,-0.0836583399,0.0788395525,0.2716861251,0.5279431660,0.9583490966,0.0025942835,0.0163717595,3.4380694964,-2.991,-2,0.0923579990,1.7453292520,0.0000000000,0,0.0000000000,0,0.000,0
4.833461,1.7453292520,1.7395342135,0.0000000000,-0.0000031577,0.0057950639,0.0000031577,-0.0962082578,-0.0834208148,0.0057006041,0.2689479576,0.5279810522,0.9584557849,0.0025605178,0.0162058463,3.4032277334,-2.956,-3,0.0914636754,1.7453292520,0.0000000000,0,0.0000000000,0,0.000,0
4.875125,1.7453292520,1.7395342135,0.0000000000,-0.0000025620,0.0057950591,0.0000025620,-0.0959667970,-0.0831831491,0.0057039771,0.2663302214,0.5280184165,0.9585611113,0.0025278356,0.0160458427,3.3696269663,-2.922,-3,0.0906070398,1.7453292520,0.0000000000,0,0.0000000000,0,0.000,0
4.916913,1.7453292520,1.7410681943,0.0000000000,-0.0000020787,0.0042610744,0.0000020787,-0.0957892522,-0.0860560702,-0.0689501080,0.2634286814,0.5280552758,0.9586729435,0.0026839723,0.0164693287,3.4585590277,-3.011,-2,0.0903292213,1.7453292520,0.0000000000,0,0.0000000000,0,0.000,0
4.958455,1.7453292520,1.7410681943,0.0000000000,-0.0000016865,0.0042610713,0.0000016865,-0.0956117076,-0.0858812695,0.0041952181,0.2626113378,0.5280943812,0.9587840707,0.0026670513,0.0164000233,3.4440049025,-2.997,-2,0.0900442080,1.7453292520,0.0000000000,0,0.0000000000,0,0.000,0
5.000113,1.7453292520,1.7395342135,0.0000000000,-0.0000013683,0.0057950495,0.0000013683,-0.0953702472,-0.0825956928,0.0788538412,0.2621641611,0.5281332089,0.9588867305,0.0024638364,0.0157542575,3.3083940845,-2.861,-3,0.0892105404,1.7453292520,0.0000000000,0,0.0000000000,0,0.000,0
5.041775,1.7453292520,1.7410681943,0.0000000000,-0.0000011102,0.0042610667,0.0000011102,-0.0951927027,-0.0854683855,-0.0689446246,0.2593363541,0.5281690505,0.9589957949,0.0026175454,0.0161756476,3.3968859872,-2.950,-2,0.0889501334,1.7453292520,0.0000000000,0,0.0000000000,0,0.000,0
5.083500,1.7453292520,1.7410681943,0.0000000000,-0.0000009007,0.0042610650,0.0000009007,-0.0950151583,-0.0852933993,0.0041996669,0.2585697647,0.5282070990,0.9591041808,0.0026012613,0.0161091559,3.3829227476,-2.936,-2,0.0886811636,1.7453292520,0.0000000000,0,0.0000000000,0,0.000,0
5.125119,1.7453292520,1.7395342135,0.0000000000,-0.0000007308,0.0057950444,0.0000007308,-0.0947736982,-0.0820076722,0.0788574508,0.2581631182,0.5282448811,0.9592042629,0.0024019718,0.0154720806,3.2491369235,-2.802,-3,0.0878660712,1.7453292520,0.0000000000,0,0.0000000000,0,0.000,0
5.166767,1.7453292520,1.7410681943,0.0000000000,-0.0000005929,0.0042610625,0.0000005929,-0.0945961539,-0.0848802429,-0.0689416961,0.2553960032,0.5282797423,0.9593106486,0.0025532557,0.0158910157,3.3371133037,-2.890,-2,0.0876190911,1.7453292520,0.0000000000,0,0.0000000000,0,0.000,0
5.208446,1.7453292520,1.7410681943,0.0000000000,-0.0000004811,0.0042610616,0.0000004811,-0.0944186097,-0.0847051578,0.0042020430,0.2546686131,0.5283167716,0.9594163784,0.0025375142,0.0158267969,3.3236273393,-2.876,-3,0.0873625536,1.7453292520,0.0000000000,0,0.0000000000,0,0.000,0
5.250103,1.7453292520,1.7410681943,0.0000000000,-0.0000003903,0.0042610609,0.0000003903,-0.0942410655,-0.0845300512,0.0042025568,0.2539134814,0.5283535442,0.9595214466,0.0025216381,0.0157614528,3.3099050809,-2.863,-2,0.0870973760,1.7453292520,0.0000000000,0,0.0000000000,0,0.000,0
5.291768,1.7453292520,1.7410681943,0.0000000000,-0.0000003167,0.0042610603,0.0000003167,-0.0940635213,-0.0843549273,0.0042029737,0.2531332798,0.5283900588,0.9596258486,0.0025056488,0.0156951108,3.2959732766,-2.849,-2,0.0868243941,1.7453292520,0.0000000000,0,0.0000000000,0,0.000,0
5.333439,1.7453292520,1.7395342135,0.0000000000,-0.0000002569,0.0057950406,0.0000002569,-0.0938220613,-0.0810690884,0.0788601337,0.2527066991,0.5284263143,0.9597221588,0.0023114443,0.0150665070,3.1639664767,-2.717,-3,0.0860120064,1.7453292520,0.0000000000,0,0.0000000000,0,0.000,0
5.375102,1.7453292520,1.7395342135,0.0000000000,-0.0000002085,0.0057950402,0.0000002085,-0.0935806012,-0.0808308675,0.0057173024,0.2503293164,0.5284597354,0.9598172566,0.0022823470,0.0149216324,3.1335427969,-2.686,-3,0.0852311050,1.7453292520,0.0000000000,0,0.0000000000,0,0.000,0
5.416778,1.7453292520,1.7395342135,0.0000000000,-0.0000001691,0.0057950399,0.0000001691,-0.0933391413,-0.0805926373,0.0057175251,0.2480438041,0.5284927128,0.9599111761,0.0022540686,0.0147812368,3.1040597208,-2.657,-2,0.0844789977,1.7453292520,0.0000000000,0,0.0000000000,0,0.000,0
5.458497,1.7453292520,1.7395342135,0.0000000000,-0.0000001372,0.0057950396,0.0000001372,-0.0930976813,-0.0803543995,0.0057177057,0.2458423139,0.5285252591,0.9600039489,0.0022265473,0.0146449541,3.0754403660,-2.628,-3,0.0837532332,1.7453292520,0.0000000000,0,0.0000000000,0,0.000,0
5.500145,1.7453292520,1.7410681943,0.0000000000,-0.0000001113,0.0042610586,0.0000001113,-0.0929201372,-0.0832268566,-0.0689389694,0.2433551344,0.5285573862,0.9601027552,0.0023713509,0.0150599830,3.1625964402,-2.715,-2,0.0835778265,1.7453292520,0.0000000000,0,0.0000000000,0,0.000,0
5.541820,1.7453292520,1.7410681943,0.0000000000,-0.0000000903,0.0042610585,0.0000000903,-0.0927425931,-0.0830516793,0.0042042552,0.2428363242,0.5285915788,0.9602009969,0.0023578004,0.0150064807,3.1513609559,-2.704,-3,0.0833870792,1.7453292520,0.0000000000,0,0.0000000000,0,0.000,0
5.583444,1.7453292520,1.7395342135,0.0000000000,-0.0000000733,0.0057950391,0.0000000733,-0.0925011331,-0.0797657971,0.0788611734,0.2426337982,0.5286255515,0.9602915650,0.0021736331,0.0144051463,3.0250807162,-2.578,-2,0.0826584307,1.7453292520,0.0000000000,0,0.0000000000,0,0.000,0
5.625115,1.7453292520,1.7410681943,0.0000000000,-0.0000000595,0.0042610582,0.0000000595,-0.0923235890,-0.0826382419,-0.0689386757,0.2401436320,0.5286568490,0.9603880648,0.0023159956,0.0148159848,3.1113567995,-2.664,-3,0.0824769237,1.7453292520,0.0000000000,0,0.0000000000,0,0.000,0
5.666842,1.7453292520,1.7395342135,0.0000000000,-0.0000000482,0.0057950389,0.0000000482,-0.0920821290,-0.0793523538,0.0788613152,0.2399639889,0.5286901735,0.9604769959,0.0021343474,0.0142202271,2.9862476957,-2.539,-3,0.0817595009,1.7453292520,0.0000000000,0,0.0000000000,0,0.000,0
5.708466,1.7453292520,1.7395342135,0.0000000000,-0.0000000391,0.0057950388,0.0000000391,-0.0918406691,-0.0791140929,0.0057182610,0.2378643824,0.5287208634,0.9605648463,0.0021084081,0.0140905279,2.9590108585,-2.512,-3,0.0810659621,1.7453292520,0.0000000000,0,0.0000000000,0,0.000,0
5.750097,1.7453292520,1.7410681943,0.0000000000,-0.0000000318,0.0042610580,0.0000000318,-0.0916631250,-0.0819865312,-0.0689385189,0.2354840207,0.5287511607,0.9606585250,0.0022482894,0.0144997673,3.0449511282,-2.598,-3,0.0809125798,1.7453292520,0.0000000000,0,0.0000000000,0,0.000,0
5.791760,1.7453292520,1.7395342135,0.0000000000,-0.0000000258,0.0057950387,0.0000000258,-0.0914216651,-0.0787006377,0.0788614425,0.2353793028,0.5287834465,0.9607448182,0.0020710362,0.0139151310,2.9221775098,-2.475,-2,0.0802252005,1.7453292520,0.0000000000,0,0.0000000000,0,0.000,0
5.833437,1.7453292520,1.7410681943,0.0000000000,-0.0000000209,0.0042610579,0.0000000209,-0.0912441210,-0.0815730735,-0.0689384574,0.2330209477,0.5288131673,0.9608368715,0.0022092806,0.0143220875,3.0076383652,-2.560,-2,0.0800749868,1.7453292520,0.0000000000,0,0.0000000000,0,0.000,0
5.875107,1.7453292520,1.7395342135,0.0000000000,-0.0000000170,0.0057950387,0.0000000170,-0.0910026610,-0.0782871779,0.0788614923,0.2329217867,0.5288448512,0.9609216328,0.0020342709,0.0137418887,2.8857966221,-2.439,-2,0.0793933057,1.7453292520,0.0000000000,0,0.0000000000,0,0.000,0
5.916764,1.7453292520,1.7410681943,0.0000000000,-0.0000000138,0.0042610579,0.0000000138,-0.0908251170,-0.0811596120,-0.0689384170,0.2305840479,0.5288740062,0.9610120866,0.0021708899,0.0141465343,2.9707722042,-2.523,-1,0.0792458405,1.7453292520,0.0000000000,0,0.0000000000,0,0.000,0
5.958443,1.7453292520,1.7395342135,0.0000000000,-0.0000000112,0.0057950386,0.0000000112,-0.0905836570,-0.0778737151,0.0788615251,0.2304892635,0.5289050992,0.9610953402,0.0019980886,0.0135706798,2.8498427528,-2.403,-2,0.0785694753,1.7453292520,0.0000000000,0,0.0000000000,0,0.000,0
6.000110,1.7453292520,1.7395342135,0.0000000000,-0.0000000091,0.0057950386,0.0000000091,-0.0903421971,-0.0776354471,0.0057184313,0.2285102008,0.5289336989,0.9611775882,0.0019739520,0.0134486213,2.8242104688,-2.377,-2,0.0779140919,1.7453292520,0.0000000000,0,0.0000000000,0,0.000,0
6.041778,1.7453292520,1.7410681943,0.0000000000,-0.0000000073,0.0042610578,0.0000000073,-0.0901646530,-0.0805078797,-0.0689383807,0.2262560495,0.5289619358,0.9612654263,0.0021081123,0.0138509567,2.9087009072,-2.461,-2,0.0777867264,1.7453292520,0.0000000000,0,0.0000000000,0,0.000,0
6.083458,1.7453292520,1.7410681943,0.0000000000,-0.0000000060,0.0042610578,0.0000000060,-0.0899871089,-0.0803326825,0.0042047329,0.2258776304,0.5289920729,0.9613527806,0.0020965051,0.0138055213,2.8991594771,-2.452,-2,0.0776407615,1.7453292520,0.0000000000,0,0.0000000000,0,0.000,0
6.125105,1.7453292520,1.7395342135,0.0000000000,-0.0000000048,0.0057950386,0.0000000048,-0.0897456490,-0.0770467841,0.0788615610,0.2257802298,0.5290220247,0.9614331109,0.0019279252,0.0132376051,2.7798970668,-2.333,-2,0.0769713896,1.7453292520,0.0000000000,0,0.0000000000,0,0.000,0
6.166775,1.7453292520,1.7395342135,0.0000000000,-0.0000000039,0.0057950386,0.0000000039,-0.0895041890,-0.0768085149,0.0057184604,0.2238220861,0.5290495510,0.9615124636,0.0019044672,0.0131177839,2.7547346248,-2.307,-2,0.0763228043,1.7453292520,0.0000000000,0,0.0000000000,0,0.000,0
6.208542,1.7453292520,1.7410681943,0.0000000000,-0.0000000032,0.0042610578,0.0000000032,-0.0893266450,-0.0796809464,-0.0689383571,0.2215954169,0.5290767262,0.9615972735,0.0020354373,0.0135151823,2.8381882789,-2.391,-2,0.0761967470,1.7453292520,0.0000000000,0,0.0000000000,0,0.000,0
6.250106,1.7453292520,1.7395342135,0.0000000000,-0.0000000026,0.0057950386,0.0000000026,-0.0890851850,-0.0763950475,0.0788615737,0.2215495854,0.5291057527,0.9616752217,0.0018707557,0.0129566988,2.7209067513,-2.274,-2,0.0755499387,1.7453292520,0.0000000000,0,0.0000000000,0,0.000,0
6.291853,1.7453292520,1.7395342135,0.0000000000,-0.0000000021,0.0057950385,0.0000000021,-0.0888437251,-0.0761567779,0.0057184708,0.2196575283,0.5291324146,0.9617522271,0.0018481308,0.0128406946,2.6965458611,-2.249,-2,0.0749222386,1.7453292520,0.0000000000,0,0.0000000000,0,0.000,0
6.333463,1.7453292520,1.7410681943,0.0000000000,-0.0000000017,0.0042610578,0.0000000017,-0.0886661810,-0.0790292091,-0.0689383487,0.2174982974,0.5291587388,0.9618345891,0.0019766874,0.0132353775,2.7794292716,-2.332,-2,0.0748113512,1.7453292520,0.0000000000,0,0.0000000000,0,0.000,0
6.375142,1.7453292520,1.7410681943,0.0000000000,-0.0000000014,0.0042610578,0.0000000014,-0.0884886369,-0.0788540108,0.0042047588,0.2171681413,0.5291868776,0.9619165008,0.0019658801,0.0131929616,2.7705219293,-2.323,-2,0.0746809560,1.7453292520,0.0000000000,0,0.0000000000,0,0.000,0
6.416852,1.7453292520,1.7410681943,0.0000000000,-0.0000000011,0.0042610578,0.0000000011,-0.0883110929,-0.0786788125,0.0042047603,0.2167813810,0.5292148454,0.9619979491,0.0019547600,0.0131482411,2.7611306397,-2.314,-2,0.0745328637,1.7453292520,0.0000000000,0,0.0000000000,0,0.000,0
6.458475,1.7453292520,1.7410681943,0.0000000000,-0.0000000009,0.0042610578,0.0000000009,-0.0881335488,-0.0785036141,0.0042047615,0.2163432788,0.5292426380,0.9620789226,0.0019433642,0.0131014502,2.7513045356,-2.304,-2,0.0743687233,1.7453292520,0.0000000000,0,0.0000000000,0,0.000,0
6.500117,1.7453292520,1.7410681943,0.0000000000,-0.0000000007,0.0042610578,0.0000000007,-0.0879560047,-0.0783284157,0.0042047625,0.2158586265,0.5292702520,0.9621594112,0.0019317263,0.0130528012,2.7410882569,-2.294,-2,0.0741900362,1.7453292520,0.0000000000,0,0.0000000000,0,0.000,0
6.541823,1.7453292520,1.7395342135,0.0000000000,-0.0000000006,0.0057950385,0.0000000006,-0.0877145448,-0.0750425163,0.0788615850,0.2156512552,0.5292976840,0.9622332398,0.0017718850,0.0124976439,2.6245052154,-2.177,-2,0.0735045087,1.7453292520,0.0000000000,0,0.0000000000,0,0.000,0
6.583470,1.7453292520,1.7410681943,0.0000000000,-0.0000000005,0.0042610577,0.0000000005,-0.0875370007,-0.0779149472,-0.0689383418,0.2133310497,0.5293228317,0.9623122415,0.0018960420,0.0128809472,2.7049989049,-2.258,-2,0.0733343829,1.7453292520,0.0000000000,0,0.0000000000,0,0.000,0
6.625252,1.7453292520,1.7410681943,0.0000000000,-0.0000000004,0.0042610577,0.0000000004,-0.0873594566,-0.0777397487,0.0042047644,0.2128291945,0.5293497262,0.9623907620,0.0018844918,0.0128319841,2.6947166687,-2.247,-2,0.0731504701,1.7453292520,0.0000000000,0,0.0000000000,0,0.000,0
6.666795,1.7453292520,1.7395342135,0.0000000000,-0.0000000003,0.0057950385,0.0000000003,-0.0871179967,-0.0744538492,0.0788615865,0.2126021730,0.5293764410,0.9624627325,0.0017272929,0.0122812749,2.5790677302,-2.132,-2,0.0724641914,1.7453292520,0.0000000000,0,0.0000000000,0,0.000,0
6.708426,1.7453292520,1.7410681943,0.0000000000,-0.0000000003,0.0042610577,0.0000000003,-0.0869404526,-0.0773262801,-0.0689383405,0.2102848480,0.5294009136,0.9625397861,0.0018492858,0.0126608130,2.6587707213,-2.211,-2,0.0722899043,1.7453292520,0.0000000000,0,0.0000000000,0,0.000,0
6.750128,1.7453292520,1.7395342135,0.0000000000,-0.0000000002,0.0057950385,0.0000000002,-0.0866989927,-0.0740403806,0.0788615872,0.2100820712,0.5294271001,0.9626103839,0.0016943465,0.0121154559,2.5442457480,-2.097,-2,0.0716152057,1.7453292520,0.0000000000,0,0.0000000000,0,0.000,0
6.791804,1.7453292520,1.7410681943,0.0000000000,-0.0000000002,0.0042610577,0.0000000002,-0.0865214486,-0.0769128115,-0.0689383400,0.2078024768,0.5294510792,0.9626860038,0.0018148775,0.0124932220,2.6235766259,-2.176,-2,0.0714490210,1.7453292520,0.0000000000,0,0.0000000000,0,0.000,0
6.833456,1.7453292520,1.7410681943,0.0000000000,-0.0000000001,0.0042610577,0.0000000001,-0.0863439045,-0.0767376129,0.0042047659,0.2073123620,0.5294767501,0.9627611593,0.0018037326,0.0124454545,2.6135454479,-2.166,-2,0.0712690792,1.7453292520,0.0000000000,0,0.0000000000,0,0.000,0
6.875136,1.7453292520,1.7410681943,0.0000000000,-0.0000000001,0.0042610577,0.0000000001,-0.0861663605,-0.0765624143,0.0042047660,0.2067823669,0.5295022489,0.9628358426,0.0017923991,0.0123961525,2.6031920185,-2.156,-2,0.0710766770,1.7453292520,0.0000000000,0,0.0000000000,0,0.000,0
6.916797,1.7453292520,1.7410681943,0.0000000000,-0.0000000001,0.0042610577,0.0000000001,-0.0859888164,-0.0763872157,0.0042047661,0.2062162579,0.5295275733,0.9629100469,0.0017809021,0.0123454791,2.5925506141,-2.145,-2,0.0708729951,1.7453292520,0.0000000000,0,0.0000000000,0,0.000,0
6.958439,1.7453292520,1.7410681943,0.0000000000,-0.0000000001,0.0042610577,0.0000000001,-0.0858112723,-0.0762120171,0.0042047662,0.2056174648,0.5295527211,0.9629837662,0.0017692643,0.0122935827,2.5816523715,-2.134,-2,0.0706591085,1.7453292520,0.0000000000,0,0.0000000000,0,0.000,0
7.000216,1.7453292520,1.7410681943,0.0000000000,-0.0000000001,0.0042610577,0.0000000001,-0.0856337283,-0.0760368185,0.0042047663,0.2049891102,0.5295776907,0.9630569956,0.0017575063,0.0122405980,2.5705255747,-2.123,-2,0.0704359964,1.7453292520,0.0000000000,0,0.0000000000,0,0.000,0
7.041944,1.7453292520,1.7410681943,0.0000000000,-0.0000000000,0.0042610577,0.0000000000,-0.0854561842,-0.0758616199,0.0042047664,0.2043340377,0.5296024806,0.9631297309,0.0017456467,0.0121866472,2.5591959152,-2.112,-2,0.0702045501,1.7453292520,0.0000000000,0,0.0000000000,0,0.000,0
7.083465,1.7453292520,1.7395342135,0.0000000000,-0.0000000000,0.0057950385,0.0000000000,-0.0852147242,-0.0725757204,0.0788615881,0.2039564084,0.5296270897,0.9631962188,0.0015957094,0.0116448165,2.4454114607,-1.998,-2,0.0694877736,1.7453292520,0.0000000000,0,0.0000000000,0,0.000,0
7.125093,1.7453292520,1.7395342135,0.0000000000,-0.0000000000,0.0057950385,0.0000000000,-0.0849732643,-0.0723374503,0.0057184824,0.2018635150,0.5296495733,0.9632618145,0.0015742975,0.0115268926,2.4206474360,-1.973,-2,0.0687983426,1.7453292520,0.0000000000,0,0.0000000000,0,0.000,0
7.166779,1.7453292520,1.7410681943,0.0000000000,-0.0000000000,0.0042610577,0.0000000000,-0.0847957202,-0.0752098811,-0.0689383392,0.1995548644,0.5296717442,0.9633321790,0.0016887477,0.0118931442,2.4975602850,-2.050,-2,0.0686086803,1.7453292520,0.0000000000,0,0.0000000000,0,0.000,0
7.208435,1.7453292520,1.7410681943,0.0000000000,-0.0000000000,0.0042610577,0.0000000000,-0.0846181762,-0.0750346825,0.0042047665,0.1989971262,0.5296955146,0.9634020852,0.0016777490,0.0118438045,2.4871989392,-2.040,-2,0.0684080089,1.7453292520,0.0000000000,0,0.0000000000,0,0.000,0
7.250127,1.7453292520,1.7410681943,0.0000000000,-0.0000000000,0.0042610577,0.0000000000,-0.0844406321,-0.0748594839,0.0042047665,0.1984074979,0.5297191177,0.9634715277,0.0016666191,0.0117932955,2.4765920466,-2.029,-2,0.0681973792,1.7453292520,0.0000000000,0,0.0000000000,0,0.000,0
7.291775,1.7453292520,1.7410681943,0.0000000000,-0.0000000000,0.0042610577,0.0000000000,-0.0842630880,-0.0746842853,0.0042047666,0.1977890308,0.5297425519,0.9635405018,0.0016553776,0.0117417466,2.4657667950,-2.018,-2,0.0679777481,1.7453292520,0.0000000000,0,0.0000000000,0,0.000,0
7.333476,1.7453292520,1.7410681943,0.0000000000,-0.0000000000,0.0042610577,0.0000000000,-0.0840855439,-0.0745090867,0.0042047666,0.1971445036,0.5297658158,0.9636090035,0.0016440420,0.0116892756,2.4547478786,-2.007,-2,0.0677499871,1.7453292520,0.0000000000,0,0.0000000000,0,0.000,0
7.375145,1.7453292520,1.7395342135,0.0000000000,-0.0000000000,0.0057950385,0.0000000000,-0.0838440840,-0.0712231872,0.0788615883,0.1967670954,0.5297889084,0.9636715168,0.0015003183,0.0111600171,2.3436035977,-1.896,-2,0.0670457765,1.7453292520,0.0000000000,0,0.0000000000,0,0.000,0
7.416770,1.7453292520,1.7395342135,0.0000000000,-0.0000000000,0.0057950385,0.0000000000,-0.0836026241,-0.0709849171,0.0057184826,0.1947116664,0.5298099718,0.9637331809,0.0014799397,0.0110458230,2.3196228260,-1.872,-2,0.0663684890,1.7453292520,0.0000000000,0,0.0000000000,0,0.000,0
7.458466,1.7453292520,1.7410681943,0.0000000000,-0.0000000000,0.0042610577,0.0000000000,-0.0834250800,-0.0738573479,-0.0689383391,0.1924500310,0.5298307392,0.9637994225,0.0015897987,0.0114047447,2.3949963855,-1.948,-2,0.0661818905,1.7453292520,0.0000000000,0,0.0000000000,0,0.000,0
7.500225,1.7453292520,1.7395342135,0.0000000000,-0.0000000000,0.0057950385,0.0000000000,-0.0831836201,-0.0705714484,0.0788615883,0.1921853458,0.5298530375,0.9638598462,0.0014501675,0.0108879111,2.2864613374,-1.839,-2,0.0655196013,1.7453292520,0.0000000000,0,0.0000000000,0,0.000,0
7.541876,1.7453292520,1.7395342135,0.0000000000,-0.0000000000,0.0057950385,0.0000000000,-0.0829421601,-0.0703331782,0.0057184826,0.1902521668,0.5298733676,0.9639194641,0.0014308287,0.0107795216,2.2636995308,-1.816,-2,0.0648808252,1.7453292520,0.0000000000,0,0.0000000000,0,0.000,0
7.583437,1.7453292520,1.7410681943,0.0000000000,-0.0000000000,0.0042610577,0.0000000000,-0.0827646160,-0.0732056090,-0.0689383391,0.1881094046,0.5298934173,0.9639835725,0.0015386031,0.0111370652,2.3387836857,-1.892,-2,0.0647254424,1.7453292520,0.0000000000,0,0.0000000000,0,0.000,0
7.625131,1.7453292520,1.7410681943,0.0000000000,-0.0000000000,0.0042610577,0.0000000000,-0.0825870720,-0.0730304104,0.0042047666,0.1876517047,0.5299149672,0.9640472728,0.0015288063,0.0110931504,2.3295615830,-1.882,-2,0.0645567493,1.7453292520,0.0000000000,0,0.0000000000,0,0.000,0
7.666797,1.7453292520,1.7395342135,0.0000000000,-0.0000000000,0.0057950385,0.0000000000,-0.0823456120,-0.0697445109,0.0788615883,0.1874320165,0.5299363694,0.9641053253,0.0013932597,0.0105863380,2.2231309856,-1.776,-2,0.0639163968,1.7453292520,0.0000000000,0,0.0000000000,0,0.000,0
7.708452,1.7453292520,1.7395342135,0.0000000000,-0.0000000000,0.0057950385,0.0000000000,-0.0821041521,-0.0695062408,0.0057184826,0.1855631100,0.5299558651,0.9641626056,0.0013747274,0.0104817181,2.2011608079,-1.754,-2,0.0632980247,1.7453292520,0.0000000000,0,0.0000000000,0,0.000,0
7.750118,1.7453292520,1.7395342135,0.0000000000,-0.0000000000,0.0057950385,0.0000000000,-0.0818626921,-0.0692679707,0.0057184826,0.1837582053,0.5299750929,0.9642191330,0.0013566582,0.0103799068,2.1797804265,-1.733,-2,0.0626997914,1.7453292520,0.0000000000,0,0.0000000000,0,0.000,0
7.791770,1.7453292520,1.7410681943,0.0000000000,-0.0000000000,0.0042610577,0.0000000000,-0.0816851481,-0.0721404015,-0.0689383391,0.1817435088,0.5299940598,0.9642800090,0.0014610231,0.0107337018,2.2540773705,-1.807,-2,0.0625750287,1.7453292520,0.0000000000,0,0.0000000000,0,0.000,0
7.833508,1.7453292520,1.7395342135,0.0000000000,-0.0000000000,0.0057950385,0.0000000000,-0.0814436881,-0.0688545020,0.0788615883,0.1816427545,0.5300144767,0.9643354457,0.0013304812,0.0102415136,2.1507178645,-1.703,-2,0.0619807415,1.7453292520,0.0000000000,0,0.0000000000,0,0.000,0
7.875108,1.7453292520,1.7410681943,0.0000000000,-0.0000000000,0.0042610577,0.0000000000,-0.0812661441,-0.0717269328,-0.0689383391,0.1796429590,0.5300330611,0.9643951755,0.0014335167,0.0105931095,2.2245530017,-1.777,-2,0.0618571271,1.7453292520,0.0000000000,0,0.0000000000,0,0.000,0
7.916782,1.7453292520,1.7410681943,0.0000000000,-0.0000000000,0.0042610577,0.0000000000,-0.0810886000,-0.0715517342,0.0042047666,0.1792777865,0.5300530758,0.9644545361,0.0014246528,0.0105537845,2.2162947370,-1.769,-2,0.0617179251,1.7453292520,0.0000000000,0,0.0000000000,0,0.000,0
7.958448,1.7453292520,1.7410681943,0.0000000000,-0.0000000000,0.0042610577,0.0000000000,-0.0809110559,-0.0713765356,0.0042047666,0.1788674646,0.5300729578,0.9645135192,0.0014155942,0.0105128134,2.2076908064,-1.760,-2,0.0615645954,1.7453292520,0.0000000000,0,0.0000000000,0,0.000,0
8.000122,1.7453292520,1.7410681943,0.0000000000,-0.0000000000,0.0042610577,0.0000000000,-0.0807335118,-0.0712013369,0.0042047666,0.1784162297,0.5300927044,0.9645721177,0.0014063658,0.0104703685,2.1987773874,-1.752,-2,0.0613984676,1.7453292520,0.0000000000,0,0.0000000000,0,0.000,0
8.041782,1.7453292520,1.7395342135,0.0000000000,-0.0000000000,0.0057950385,0.0000000000,-0.0804920519,-0.0679154374,0.0788615883,0.1781905142,0.5301123135,0.9646253892,0.0012785140,0.0099794103,2.0956761541,-1.648,-2,0.0607729094,1.7453292520,0.0000000000,0,0.0000000000,0,0.000,0
8.083440,1.7453292520,1.7395342135,0.0000000000,-0.0000000000,0.0057950385,0.0000000000,-0.0802505920,-0.0676771673,0.0057184826,0.1763657483,0.5301301323,0.9646779392,0.0012612010,0.0098792650,2.0746456485,-1.627,-2,0.0601689554,1.7453292520,0.0000000000,0,0.0000000000,0,0.000,0
8.125185,1.7453292520,1.7410681943,0.0000000000,-0.0000000000,0.0042610577,0.0000000000,-0.0800730479,-0.0705495981,-0.0689383391,0.1743466571,0.5301477026,0.9647346259,0.0013604821,0.0102233958,2.1469131161,-1.700,-2,0.0600295752,1.7453292520,0.0000000000,0,0.0000000000,0,0.000,0
8.166820,1.7453292520,1.7410681943,0.0000000000,-0.0000000000,0.0042610577,0.0000000000,-0.0798955038,-0.0703743995,0.0042047666,0.1739360868,0.5301666482,0.9647909468,0.0013517000,0.0101830536,2.1384412610,-1.691,-2,0.0598764642,1.7453292520,0.0000000000,0,0.0000000000,0,0.000,0
8.208479,1.7453292520,1.7395342135,0.0000000000,-0.0000000000,0.0057950385,0.0000000000,-0.0796540439,-0.0670885000,0.0788615883,0.1737416267,0.5301854633,0.9648420945,0.0012275454,0.0097010174,2.0372136447,-1.590,-2,0.0592683924,1.7453292520,0.0000000000,0,0.0000000000,0,0.000,0
8.250135,1.7453292520,1.7410681943,0.0000000000,-0.0000000000,0.0042610577,0.0000000000,-0.0794764998,-0.0699609308,-0.0689383391,0.1717149399,0.5302025432,0.9648973025,0.0013249920,0.0100415208,2.1087193635,-1.661,-2,0.0591217804,1.7453292520,0.0000000000,0,0.0000000000,0,0.000,0
8.291812,1.7453292520,1.7410681943,0.0000000000,-0.0000000000,0.0042610577,0.0000000000,-0.0792989557,-0.0697857322,0.0042047666,0.1712835655,0.5302209714,0.9649521468,0.0013162633,0.0100007609,2.1001597968,-1.653,-2,0.0589623078,1.7453292520,0.0000000000,0,0.0000000000,0,0.000,0
8.333461,1.7453292520,1.7410681943,0.0000000000,-0.0000000000,0.0042610577,0.0000000000,-0.0791214117,-0.0696105336,0.0042047666,0.1708149647,0.5302392705,0.9650066215,0.0013073920,0.0099587019,2.0913274035,-1.644,-2,0.0587911906,1.7453292520,0.0000000000,0,0.0000000000,0,0.000,0
8.375117,1.7453292520,1.7410681943,0.0000000000,-0.0000000000,0.0042610577,0.0000000000,-0.0789438676,-0.0694353350,0.0042047666,0.1703126650,0.5302574386,0.9650607214,0.0012983975,0.0099154838,2.0822516085,-1.635,-2,0.0586095364,1.7453292520,0.0000000000,0,0.0000000000,0,0.000,0
8.416785,1.7453292520,1.7410681943,0.0000000000,-0.0000000000,0.0042610577,0.0000000000,-0.0787663235,-0.0692601364,0.0042047666,0.1697798784,0.5302754742,0.9651144421,0.0012892978,0.0098712340,2.0729591332,-1.626,-2,0.0584183538,1.7453292520,0.0000000000,0,0.0000000000,0,0.000,0
8.458436,1.7453292520,1.7410681943,0.0000000000,-0.0000000000,0.0042610577,0.0000000000,-0.0785887794,-0.0690849377,0.0042047666,0.1692195298,0.5302933760,0.9651677800,0.0012801089,0.0098260678,2.0634742436,-1.616,-2,0.0582185608,1.7453292520,0.0000000000,0,0.0000000000,0,0.000,0
8.500115,1.7453292520,1.7395342135,0.0000000000,-0.0000000000,0.0057950385,0.0000000000,-0.0783473195,-0.0657990382,0.0788615883,0.1688827453,0.5303111428,0.9652161039,0.0011597746,0.0093472706,1.9629268208,-1.516,-2,0.0575767645,1.7453292520,0.0000000000,0,0.0000000000,0,0.000,0
8.541784,1.7453292520,1.7395342135,0.0000000000,-0.0000000000,0.0057950385,0.0000000000,-0.0781058596,-0.0655607681,0.0057184826,0.1670121878,0.5303272332,0.9652637435,0.0011433503,0.0092486682,1.9422203292,-1.495,-2,0.0569591177,1.7453292520,0.0000000000,0,0.0000000000,0,0.000,0
8.583468,1.7453292520,1.7410681943,0.0000000000,-0.0000000000,0.0042610577,0.0000000000,-0.0779283155,-0.0684331989,-0.0689383391,0.1649688856,0.5303430899,0.9653152504,0.0012361639,0.0095800134,2.0118028239,-1.565,0,0.0567947480,1.7453292520,0.0000000000,0,0.0000000000,0,0.000,0
8.625120,1.7453292520,1.7410681943,0.0000000000,-0.0000000000,0.0042610577,0.0000000000,-0.0777507714,-0.0682580003,0.0042047666,0.1644864698,0.5303602272,0.9653664001,0.0012275948,0.0095383319,2.0030497087,-1.556,-1,0.0566196851,1.7453292520,0.0000000000,0,0.0000000000,0,0.000,0
8.666863,1.7453292520,1.7395342135,0.0000000000,-0.0000000000,0.0057950385,0.0000000000,-0.0775093115,-0.0649721008,0.0788615883,0.1642145721,0.5303772390,0.9654126960,0.0011111005,0.0090700840,1.9047176454,-1.457,-1,0.0560060423,1.7453292520,0.0000000000,0,0.0000000000,0,0.000,0
8.708451,1.7453292520,1.7410681943,0.0000000000,-0.0000000000,0.0042610577,0.0000000000,-0.0773317674,-0.0678445316,-0.0689383391,0.1621874570,0.5303926306,0.9654627871,0.0012021856,0.0093984051,1.9736650666,-1.526,-1,0.0558418352,1.7453292520,0.0000000000,0,0.0000000000,0,0.000,0
8.750099,1.7453292520,1.7410681943,0.0000000000,-0.0000000000,0.0042610577,0.0000000000,-0.0771542233,-0.0676693330,0.0042047666,0.1617056755,0.5304092778,0.9655125278,0.0011937785,0.0093571370,1.9649987654,-1.518,-2,0.0556671437,1.7453292520,0.0000000000,0,0.0000000000,0,0.000,0
8.791789,1.7453292520,1.7410681943,0.0000000000,-0.0000000000,0.0042610577,0.0000000000,-0.0769766793,-0.0674941344,0.0042047666,0.1611935702,0.5304258022,0.9655619142,0.0011852722,0.0093148680,1.9561222884,-1.509,-1,0.0554829716,1.7453292520,0.0000000000,0,0.0000000000,0,0.000,0
8.833451,1.7453292520,1.7426021750,0.0000000000,-0.0000000000,0.0027270770,0.0000000000,-0.0768630511,-0.0704296367,-0.0704520551,0.1604169835,0.5304422026,0.9656155293,0.0012867635,0.0096912850,2.0351698444,-1.588,-1,0.0557332673,1.7453292520,0.0000000000,0,0.0000000000,0,0.000,0
8.875137,1.7453292520,1.7426021750,0.0000000000,-0.0000000000,0.0027270770,0.0000000000,-0.0767494229,-0.0703175095,0.0026910506,0.1611366907,0.5304600002,0.9656691222,0.0012862282,0.0097030262,2.0376355007,-1.590,-1,0.0559444842,1.7453292520,0.0000000000,0,0.0000000000,0,0.000,0
8.916798,1.7453292520,1.7441361558,0.0000000000,-0.0000000000,0.0011930962,0.0000000000,-0.0766997105,-0.0733160833,-0.0719657711,0.1615037647,0.5304777830,0.9657274654,0.0014002385,0.0101314113,2.1275963682,-1.680,-1,0.0565806872,1.7453292520,0.0000000000,0,0.0000000000,0,0.000,0
8.958437,1.7453292520,1.7441361558,0.0000000000,-0.0000000000,0.0011930962,0.0000000000,-0.0766499982,-0.0732670277,0.0011773347,0.1633386571,0.5304971337,0.9657861411,0.0014082151,0.0101963202,2.1412272429,-1.694,-1,0.0571524171,1.7453292520,0.0000000000,0,0.0000000000,0,0.000,0
9.000205,1.7453292520,1.7456701366,0.0000000000,-0.0000000000,-0.0003408846,0.0000000000,-0.0766642017,-0.0763286730,-0.0734794870,0.1647419969,0.5305165858,0.9658501636,0.0015365416,0.0106796147,2.2427190793,-1.795,-1,0.0581442143,1.7453292520,0.0000000000,0,0.0000000000,0,0.000,0
9.041921,1.7453292520,1.7456701366,0.0000000000,-0.0000000000,-0.0003408846,0.0000000000,-0.0766784052,-0.0763426889,-0.0003363813,0.1676014067,0.5305378004,0.9659149041,0.0015537712,0.0107978166,2.2675414905,-1.820,-1,0.0590496125,1.7453292520,0.0000000000,0,0.0000000000,0,0.000,0
9.083447,1.7453292520,1.7472041174,0.0000000000,-0.0000000000,-0.0018748654,0.0000000000,-0.0767565246,-0.0794674057,-0.0749932030,0.1699576084,0.5305592422,0.9659856727,0.0016984459,0.0113395696,2.3813096098,-1.934,-1,0.0603740460,1.7453292520,0.0000000000,0,0.0000000000,0,0.000,0
9.125106,1.7453292520,1.7472041174,0.0000000000,-0.0000000000,-0.0018748654,0.0000000000,-0.0768346440,-0.0795444931,-0.0018500973,0.1737725852,0.5305826681,0.9660575844,0.0017258813,0.0115120815,2.4175371181,-1.970,-1,0.0615930141,1.7453292520,0.0000000000,0,0.0000000000,0,0.000,0
9.166769,1.7453292520,1.7487380982,0.0000000000,-0.0000000000,-0.0034088462,0.0000000000,-0.0769766793,-0.0827322814,-0.0765069190,0.1770183135,0.5306064593,0.9661363011,0.0018892002,0.0121164531,2.5444551613,-2.097,-1,0.0632333110,1.7453292520,0.0000000000,0,0.0000000000,0,0.000,0
9.208544,1.7453292520,1.7487380982,0.0000000000,-0.0000000000,-0.0034088462,0.0000000000,-0.0771187145,-0.0828724403,-0.0033638133,0.1817381130,0.5306324865,0.9662166353,0.0019280215,0.0123451276,2.5924767893,-2.145,-1,0.0647514307,1.7453292520,0.0000000000,0,0.0000000000,0,0.000,0
9.250124,1.7453292520,1.7502720790,0.0000000000,-0.0000000000,-0.0049428270,0.0000000000,-0.0773246657,-0.0861233001,-0.0780206350,0.1858268532,0.5306590321,0.9663046594,0.0021125775,0.0130168991,2.7335488114,-2.286,-1,0.0666960315,1.7453292520,0.0000000000,0,0.0000000000,0,0.000,0
9.291767,1.7453292520,1.7502720790,0.0000000000,-0.0000000000,-0.0049428270,0.0000000000,-0.0775306168,-0.0863265305,-0.0048775293,0.1914160307,0.5306880997,0.9663948348,0.0021642116,0.0133043846,2.7939207567,-2.347,-1,0.0685036805,1.7453292520,0.0000000000,0,0.0000000000,0,0.000,0
9.333475,1.7453292520,1.7518060598,0.0000000000,-0.0000000000,-0.0064768078,0.0000000000,-0.0778004838,-0.0896404617,-0.0795343510,0.1963153986,0.5307178571,0.9664937069,0.0023729303,0.0140489738,2.9502845037,-2.503,-1,0.0707454340,1.7453292520,0.0000000000,0,0.0000000000,0,0.000,0
9.375103,1.7453292520,1.7518060598,0.0000000000,-0.0000000000,-0.0064768078,0.0000000000,-0.0780703508,-0.0899067636,-0.0063912453,0.2027514021,0.5307504602,0.9665953350,0.0024390738,0.0143986894,3.0237247750,-2.576,-2,0.0728370518,1.7453292520,0.0000000000,0,0.0000000000,0,0.000,0
9.416921,1.7453292520,1.7518060598,0.0000000000,-0.0000000000,-0.0064768078,0.0000000000,-0.0783402177,-0.0901730655,-0.0063912453,0.2087577999,0.5307839458,0.9666996010,0.0025023833,0.0147297298,3.0932432656,-2.646,-2,0.0747921070,1.7453292520,0.0000000000,0,0.0000000000,0,0.000,0
9.458556,1.7453292520,1.7518060598,0.0000000000,-0.0000000000,-0.0064768078,0.0000000000,-0.0786100847,-0.0904393674,-0.0063912453,0.2143734276,0.5308182730,0.9668063975,0.0025631172,0.0150437743,3.1591925943,-2.712,-3,0.0766229594,1.7453292520,0.0000000000,0,0.0000000000,0,0.000,0
9.500142,1.7453292520,1.7518060598,0.0000000000,-0.0000000000,-0.0064768078,0.0000000000,-0.0788799517,-0.0907056693,-0.0063912453,0.2196336517,0.5308534042,0.9669156272,0.0026215124,0.0153423570,3.2218949662,-2.775,-3,0.0783408645,1.7453292520,0.0000000000,0,0.0000000000,0,0.000,0
9.541780,1.7453292520,1.7518060598,0.0000000000,-0.0000000000,-0.0064768078,0.0000000000,-0.0791498187,-0.0909719712,-0.0063912453,0.2245706790,0.5308893055,0.9670272016,0.0026777862,0.0156268800,3.2816447993,-2.834,-3,0.0799560715,1.7453292520,0.0000000000,0,0.0000000000,0,0.000,0
9.583496,1.7453292520,1.7518060598,0.0000000000,-0.0000000000,-0.0064768078,0.0000000000,-0.0794196857,-0.0912382731,-0.0063912453,0.2292138391,0.5309259456,0.9671410407,0.0027321382,0.0158986244,3.3387111243,-2.891,-3,0.0814779137,1.7453292520,0.0000000000,0,0.0000000000,0,0.000,0
9.625132,1.7453292520,1.7518060598,0.0000000000,-0.0000000000,-0.0064768078,0.0000000000,-0.0796895527,-0.0915045750,-0.0063912453,0.2335898413,0.5309632963,0.9672570720,0.0027847509,0.0161587608,3.3933397771,-2.946,-2,0.0829148902,1.7453292520,0.0000000000,0,0.0000000000,0,0.000,0
9.666859,1.7453292520,1.7518060598,0.0000000000,-0.0000000000,-0.0064768078,0.0000000000,-0.0799594197,-0.0917708768,-0.0063912453,0.2377230090,0.5310013319,0.9673752300,0.0028357923,0.0164083591,3.4457554021,-2.998,-3,0.0842747405,1.7453292520,0.0000000000,0,0.0000000000,0,0.000,0
9.708444,1.7453292520,1.7518060598,0.0000000000,-0.0000000000,-0.0064768078,0.0000000000,-0.0802292867,-0.0920371787,-0.0063912453,0.2416354926,0.5310400289,0.9674954557,0.0028854161,0.0166483966,3.4961632822,-3.049,-3,0.0855645120,1.7453292520,0.0000000000,0,0.0000000000,0,0.000,0
9.750103,1.7453292520,1.7518060598,0.0000000000,-0.0000000000,-0.0064768078,0.0000000000,-0.0804991537,-0.0923034806,-0.0063912453,0.2453474637,0.5310793661,0.9676176959,0.0029337634,0.0168797667,3.5447510108,-3.097,-2,0.0867906226,1.7453292520,0.0000000000,0,0.0000000000,0,0.000,0
9.791794,1.7453292520,1.7518060598,0.0000000000,-0.0000000000,-0.0064768078,0.0000000000,-0.0807690207,-0.0925697825,-0.0063912453,0.2488772919,0.5311193241,0.9677419027,0.0029809637,0.0171032858,3.5916900203,-3.144,-3,0.0879589163,1.7453292520,0.0000000000,0,0.0000000000,0,0.000,0
9.833452,1.7453292520,1.7518060598,0.0000000000,-0.0000000000,-0.0064768078,0.0000000000,-0.0810388877,-0.0928360844,-0.0063912453,0.2522417057,0.5311598854,0.9678680333,0.0030271358,0.0173196999,3.6371369772,-3.190,-2,0.0890747146,1.7453292520,0.0000000000,0,0.0000000000,0,0.000,0
9.875136,1.7453292520,1.7518060598,0.0000000000,-0.0000000000,-0.0064768078,0.0000000000,-0.0813087546,-0.0931023863,-0.0063912453,0.2554559393,0.5312010342,0.9679960495,0.0030723887,0.0175296908,3.6812350580,-3.234,-2,0.0901428637,1.7453292520,0.0000000000,0,0.0000000000,0,0.000,0
9.916800,1.7453292520,1.7518060598,0.0000000000,-0.0000000000,-0.0064768078,0.0000000000,-0.0815786216,-0.0933686882,-0.0063912453,0.2585338660,0.5312427561,0.9681259171,0.0031168223,0.0177338815,3.7241151145,-3.277,-3,0.0911677764,1.7453292520,0.0000000000,0,0.0000000000,0,0.000,0
9.958464,1.7453292520,1.7518060598,0.0000000000,-0.0000000000,-0.0064768078,0.0000000000,-0.0818484886,-0.0936349901,-0.0063912453,0.2614881197,0.5312850380,0.9682576058,0.0031605284,0.0179328416,3.7658967381,-3.319,-3,0.0921534710,1.7453292520,0.0000000000,0,0.0000000000,0,0.000,0
10.000120,1.7453292520,1.7518060598,0.0000000000,-0.0000000000,-0.0064768078,0.0000000000,-0.0821183556,-0.0939012919,-0.0063912453,0.2643302058,0.5313278682,0.9683910888,0.0032035913,0.0181270916,3.8066892330,-3.359,-3,0.0931036068,1.7453292520,0.0000000000,0,0.0000000000,0,0.000,0
10.041790,1.7453292520,1.7518060598,0.0000000000,-0.0000000000,-0.0064768078,0.0000000000,-0.0823882226,-0.0941675938,-0.0063912453,0.2670706019,0.5313712362,0.9685263425,0.0032460882,0.0183171072,3.8465925050,-3.399,-2,0.0940215159,1.7453292520,0.0000000000,0,0.0000000000,0,0.000,0
10.083567,1.7453292520,1.7518060598,0.0000000000,-0.0000000000,-0.0064768078,0.0000000000,-0.0826580896,-0.0944338957,-0.0063912453,0.2697188496,0.5314151325,0.9686633462,0.0032880902,0.0185033232,3.8856978731,-3.438,-3,0.0949102326,1.7453292520,0.0000000000,0,0.0000000000,0,0.000,0
10.125225,1.7453292520,1.7518060598,0.0000000000,-0.0000000000,-0.0064768078,0.0000000000,-0.0829279566,-0.0947001976,-0.0063912453,0.2722836383,0.5314595484,0.9688020821,0.0033296624,0.0186861372,3.9240888121,-3.477,-2,0.0957725199,1.7453292520,0.0000000000,0,0.0000000000,0,0.000,0
10.166777,1.7453292520,1.7518060598,0.0000000000,-0.0000000000,-0.0064768078,0.0000000000,-0.0831978236,-0.0949664995,-0.0063912453,0.2747728810,0.5315044762,0.9689425348,0.0033708647,0.0188659125,3.9618416300,-3.515,-3,0.0966108941,1.7453292520,0.0000000000,0,0.0000000000,0,0.000,0
10.208541,1.7453292520,1.7518060598,0.0000000000,-0.0000000000,-0.0064768078,0.0000000000,-0.0834676906,-0.0952328014,-0.0063912453,0.2771937841,0.5315499092,0.9690846912,0.0034117520,0.0190429814,3.9990260877,-3.552,-3,0.0974276462,1.7453292520,0.0000000000,0,0.0000000000,0,0.000,0
10.250108,1.7453292520,1.7518060598,0.0000000000,-0.0000000000,-0.0064768078,0.0000000000,-0.0837375576,-0.0954991033,-0.0063912453,0.2795529102,0.5315958412,0.9692285401,0.0034523748,0.0192176475,4.0357059647,-3.588,-2,0.0982248626,1.7453292520,0.0000000000,0,0.0000000000,0,0.000,0
10.291845,1.7453292520,1.7518060598,0.0000000000,-0.0000000000,-0.0064768078,0.0000000000,-0.0840074245,-0.0957654052,-0.0063912453,0.2818562357,0.5316422667,0.9693740726,0.0034927796,0.0193901885,4.0719395762,-3.625,-3,0.0990044434,1.7453292520,0.0000000000,0,0.0000000000,0,0.000,0
10.333575,1.7453292520,1.7518060598,0.0000000000,-0.0000000000,-0.0064768078,0.0000000000,-0.0842772915,-0.0960317070,-0.0063912453,0.2841092032,0.5316891809,0.9695212813,0.0035330089,0.0195608583,4.1077802456,-3.661,-3,0.0997681187,1.7453292520,0.0000000000,0,0.0000000000,0,0.000,0
10.375145,1.7453292520,1.7518060598,0.0000000000,-0.0000000000,-0.0064768078,0.0000000000,-0.0845471585,-0.0962980089,-0.0063912453,0.2863167692,0.5317365795,0.9696701606,0.0035731020,0.0197298892,4.1432767358,-3.696,-3,0.1005174638,1.7453292520,0.0000000000,0,0.0000000000,0,0.000,0
10.416870,1.7453292520,1.7518060598,0.0000000000,-0.0000000000,-0.0064768078,0.0000000000,-0.0848170255,-0.0965643108,-0.0063912453,0.2884834475,0.5317844586,0.9698207062,0.0036130950,0.0198974935,4.1784736437,-3.731,-4,0.1012539134,1.7453292520,0.0000000000,0,0.0000000000,0,0.000,0
10.458475,1.7453292520,1.7518060598,0.0000000000,-0.0000000000,-0.0064768078,0.0000000000,-0.0850868925,-0.0968306127,-0.0063912453,0.2906133488,0.5318328151,0.9699729154,0.0036530209,0.0200638655,4.2134117607,-3.766,-4,0.1019787741,1.7453292520,0.0000000000,0,0.0000000000,0,0.000,0
10.500114,1.7453292520,1.7518060598,0.0000000000,-0.0000000000,-0.0064768078,0.0000000000,-0.0853567595,-0.0970969146,-0.0063912453,0.2927102166,0.5318816460,0.9701267867,0.0036929104,0.0202291829,4.2481284011,-3.801,-3,0.1026932355,1.7453292520,0.0000000000,0,0.0000000000,0,0.000,0
10.541786,1.7453292520,1.7518060598,0.0000000000,-0.0000000000,-0.0064768078,0.0000000000,-0.0856266265,-0.0973632165,-0.0063912453,0.2947774601,0.5319309489,0.9702823196,0.0037327914,0.0203936081,4.2826577039,-3.835,-4,0.1033983808,1.7453292520,0.0000000000,0,0.0000000000,0,0.000,0
10.583451,1.7453292520,1.7518060598,0.0000000000,-0.0000000000,-0.0064768078,0.0000000000,-0.0858964935,-0.0976295184,-0.0063912453,0.2968181841,0.5319807216,0.9704395150,0.0037726900,0.0205572900,4.3170309063,-3.870,-3,0.1040951967,1.7453292520,0.0000000000,0,0.0000000000,0,0.000,0
10.625210,1.7453292520,1.7518060598,0.0000000000,-0.0000000000,-0.0064768078,0.0000000000,-0.0861663605,-0.0978958202,-0.0063912453,0.2988352161,0.5320309623,0.9705983746,0.0038126298,0.0207203647,4.3512765960,-3.904,-4,0.1047845814,1.7453292520,0.0000000000,0,0.0000000000,0,0.000,0
10.666786,1.7453292520,1.7518060598,0.0000000000,-0.0000000000,-0.0064768078,0.0000000000,-0.0864362275,-0.0981621221,-0.0063912453,0.3008311311,0.5320816695,0.9707589010,0.0038526329,0.0208829569,4.3854209391,-3.938,-4,0.1054673532,1.7453292520,0.0000000000,0,0.0000000000,0,0.000,0
10.708492,1.7453292520,1.7518060598,0.0000000000,-0.0000000000,-0.0064768078,0.0000000000,-0.0867060945,-0.0984284240,-0.0063912453,0.3028082741,0.5321328419,0.9709210976,0.0038927196,0.0210451804,4.4194878910,-3.972,-4,0.1061442569,1.7453292520,0.0000000000,0,0.0000000000,0,0.000,0
10.750136,1.7453292520,1.7518060598,0.0000000000,-0.0000000000,-0.0064768078,0.0000000000,-0.0869759614,-0.0986947259,-0.0063912453,0.3047687810,0.5321844784,0.9710849688,0.0039329085,0.0212071399,4.4534993867,-4.006,-4,0.1068159709,1.7453292520,0.0000000000,0,0.0000000000,0,0.000,0
10.791797,1.7453292520,1.7518060598,0.0000000000,-0.0000000000,-0.0064768078,0.0000000000,-0.0872458284,-0.0989610278,-0.0063912453,0.3067145966,0.5322365784,0.9712505195,0.0039732169,0.0213689310,4.4874755162,-4.040,-3,0.1074831129,1.7453292520,0.0000000000,0,0.0000000000,0,0.000,0
10.833528,1.7453292520,1.7518060598,0.0000000000,-0.0000000000,-0.0064768078,0.0000000000,-0.0875156954,-0.0992273297,-0.0063912453,0.3086474924,0.5322891412,0.9714177554,0.0040136608,0.0215306414,4.5214346842,-4.074,-4,0.1081462457,1.7453292520,0.0000000000,0,0.0000000000,0,0.000,0
10.875198,1.7453292520,1.7518060598,0.0000000000,-0.0000000000,-0.0064768078,0.0000000000,-0.0877855624,-0.0994936316,-0.0063912453,0.3105690816,0.5323421664,0.9715866827,0.0040542548,0.0216923512,4.5553937557,-4.108,-2,0.1088058814,1.7453292520,0.0000000000,0,0.0000000000,0,0.000,0
10.916914,1.7453292520,1.7518060598,0.0000000000,-0.0000000000,-0.0064768078,0.0000000000,-0.0880554294,-0.0997599335,-0.0063912453,0.3124808334,0.5323956537,0.9717573082,0.0040950127,0.0218541342,4.5893681898,-4.142,-3,0.1094624866,1.7453292520,0.0000000000,0,0.0000000000,0,0.000,0
10.958440,1.7453292520,1.7518060598,0.0000000000,-0.0000000000,-0.0064768078,0.0000000000,-0.0883252964,-0.1000262353,-0.0063912453,0.3143840859,0.5324496030,0.9719296393,0.0041359471,0.0220160579,4.6233721612,-4.176,-4,0.1101164861,1.7453292520,0.0000000000,0,0.0000000000,0,0.000,0
11.000132,1.7453292520,1.7518060598,0.0000000000,-0.0000000000,-0.0064768078,0.0000000000,-0.0885951634,-0.1002925372,-0.0063912453,0.3162800579,0.5325040143,0.9721036839,0.0041770697,0.0221781841,4.6574186714,-4.210,-4,0.1107682669,1.7453292520,0.0000000000,0,0.0000000000,0,0.000,0
11.041802,1.7453292520,1.7518060598,0.0000000000,-0.0000000000,-0.0064768078,0.0000000000,-0.0888650304,-0.1005588391,-0.0063912453,0.3181698591,0.5325588878,0.9722794502,0.0042183913,0.0223405698,4.6915196506,-4.244,-3,0.1114181811,1.7453292520,0.0000000000,0,0.0000000000,0,0.000,0
11.083449,1.7453292520,1.7518060598,0.0000000000,-0.0000000000,-0.0064768078,0.0000000000,-0.0891348974,-0.1008251410,-0.0063912453,0.3200545006,0.5326142236,0.9724569470,0.0042599220,0.0225032669,4.7256860502,-4.278,-3,0.1120665498,1.7453292520,0.0000000000,0,0.0000000000,0,0.000,0
11.125236,1.7453292520,1.7518060598,0.0000000000,-0.0000000000,-0.0064768078,0.0000000000,-0.0894047644,-0.1010914429,-0.0063912453,0.3219349029,0.5326700221,0.9726361833,0.0043016713,0.0226663235,4.7599279280,-4.313,-3,0.1127136650,1.7453292520,0.0000000000,0,0.0000000000,0,0.000,0
11.166772,1.7453292520,1.7518060598,0.0000000000,-0.0000000000,-0.0064768078,0.0000000000,-0.0896746313,-0.1013577448,-0.0063912453,0.3238119047,0.5327262837,0.9728171686,0.0043436478,0.0228297835,4.7942545254,-4.347,-4,0.1133597929,1.7453292520,0.0000000000,0,0.0000000000,0,0.000,0
11.208452,1.7453292520,1.7518060598,0.0000000000,-0.0000000000,-0.0064768078,0.0000000000,-0.0899444983,-0.1016240467,-0.0063912453,0.3256862697,0.5327830088,0.9729999128,0.0043858597,0.0229936873,4.8286743384,-4.381,-5,0.1140051758,1.7453292520,0.0000000000,0,0.0000000000,0,0.000,0
11.250130,1.7453292520,1.7518060598,0.0000000000,-0.0000000000,-0.0064768078,0.0000000000,-0.0902143653,-0.1018903486,-0.0063912453,0.3275586936,0.5328401981,0.9731844259,0.0044283147,0.0231580723,4.8631951819,-4.416,-3,0.1146500343,1.7453292520,0.0000000000,0,0.0000000000,0,0.000,0
11.291773,1.7453292520,1.7518060598,0.0000000000,-0.0000000000,-0.0064768078,0.0000000000,-0.0904842323,-0.1021566504,-0.0063912453,0.3294298100,0.5328978520,0.9733707184,0.0044710196,0.0233229726,4.8978242493,-4.451,-4,0.1152945695,1.7453292520,0.0000000000,0,0.0000000000,0,0.000,0
11.333475,1.7453292520,1.7518060598,0.0000000000,-0.0000000000,-0.0064768078,0.0000000000,-0.0907540993,-0.1024229523,-0.0063912453,0.3313001960,0.5329559712,0.9735588009,0.0045139813,0.0234884198,4.9325681660,-4.485,-3,0.1159389644,1.7453292520,0.0000000000,0,0.0000000000,0,0.000,0
11.375207,1.7453292520,1.7518060598,0.0000000000,-0.0000000000,-0.0064768078,0.0000000000,-0.0910239663,-0.1026892542,-0.0063912453,0.3331703773,0.5330145564,0.9737486845,0.0045572060,0.0236544430,4.9674330388,-4.520,-4,0.1165833856,1.7453292520,0.0000000000,0,0.0000000000,0,0.000,0
11.416908,1.7453292520,1.7518060598,0.0000000000,-0.0000000000,-0.0064768078,0.0000000000,-0.0912938333,-0.1029555561,-0.0063912453,0.3350408329,0.5330736082,0.9739403803,0.0046006994,0.0238210691,5.0024245009,-4.555,-5,0.1172279851,1.7453292520,0.0000000000,0,0.0000000000,0,0.000,0
11.458452,1.7453292520,1.7518060598,0.0000000000,-0.0000000000,-0.0064768078,0.0000000000,-0.0915637003,-0.1032218580,-0.0063912453,0.3369119988,0.5331331275,0.9741338998,0.0046444670,0.0239883226,5.0375477532,-4.590,-3,0.1178729009,1.7453292520,0.0000000000,0,0.0000000000,0,0.000,0
11.500202,1.7453292520,1.7518060598,0.0000000000,-0.0000000000,-0.0064768078,0.0000000000,-0.0918335673,-0.1034881599,-0.0063912453,0.3387842724,0.5331931149,0.9743292545,0.0046885141,0.0241562267,5.0728076017,-4.626,-4,0.1185182592,1.7453292520,0.0000000000,0,0.0000000000,0,0.000,0
11.541784,1.7453292520,1.7518060598,0.0000000000,-0.0000000000,-0.0064768078,0.0000000000,-0.0921034343,-0.1037544618,-0.0063912453,0.3406580157,0.5332535712,0.9745264564,0.0047328455,0.0243248023,5.1082084918,-4.661,-4,0.1191641745,1.7453292520,0.0000000000,0,0.0000000000,0,0.000,0
11.583441,1.7453292520,1.7518060598,0.0000000000,-0.0000000000,-0.0064768078,0.0000000000,-0.0923733013,-0.1040207637,-0.0063912453,0.3425335585,0.5333144972,0.9747255175,0.0047774658,0.0244940692,5.1437545397,-4.696,-4,0.1198107513,1.7453292520,0.0000000000,0,0.0000000000,0,0.000,0
11.625135,1.7453292520,1.7518060598,0.0000000000,-0.0000000000,-0.0064768078,0.0000000000,-0.0926431682,-0.1042870655,-0.0063912453,0.3444112012,0.5333758936,0.9749264500,0.0048223794,0.0246640455,5.1794495610,-4.732,-5,0.1204580847,1.7453292520,0.0000000000,0,0.0000000000,0,0.000,0
11.666797,1.7453292520,1.7518060598,0.0000000000,-0.0000000000,-0.0064768078,0.0000000000,-0.0929130352,-0.1045533674,-0.0063912453,0.3462912174,0.5334377613,0.9751292662,0.0048675904,0.0248347481,5.2152970968,-4.768,-5,0.1211062614,1.7453292520,0.0000000000,0,0.0000000000,0,0.000,0
11.708581,1.7453292520,1.7518060598,0.0000000000,-0.0000000000,-0.0064768078,0.0000000000,-0.0931829022,-0.1048196693,-0.0063912453,0.3481738566,0.5335001009,0.9753339788,0.0049131028,0.0250061926,5.2513004376,-4.804,-5,0.1217553604,1.7453292520,0.0000000000,0,0.0000000000,0,0.000,0
11.750098,1.7453292520,1.7518060598,0.0000000000,-0.0000000000,-0.0064768078,0.0000000000,-0.0934527692,-0.1050859712,-0.0063912453,0.3500593459,0.5335629133,0.9755406005,0.0049589203,0.0251783935,5.2874626451,-4.840,-4,0.1224054535,1.7453292520,0.0000000000,0,0.0000000000,0,0.000,0
11.791777,1.7453292520,1.7518060598,0.0000000000,-0.0000000000,-0.0064768078,0.0000000000,-0.0937226362,-0.1053522731,-0.0063912453,0.3519478924,0.5336261992,0.9757491441,0.0050050464,0.0253513646,5.3237865722,-4.877,-4,0.1230566062,1.7453292520,0.0000000000,0,0.0000000000,0,0.000,0
11.833546,1.7453292520,1.7518060598,0.0000000000,-0.0000000000,-0.0064768078,0.0000000000,-0.0939925032,-0.1056185750,-0.0063912453,0.3538396848,0.5336899594,0.9759596226,0.0050514847,0.0255251185,5.3602748812,-4.913,-5,0.1237088782,1.7453292520,0.0000000000,0,0.0000000000,0,0.000,0
11.875129,1.7453292520,1.7518060598,0.0000000000,-0.0000000000,-0.0064768078,0.0000000000,-0.0942623702,-0.1058848769,-0.0063912453,0.3557348949,0.5337541945,0.9761720492,0.0050982383,0.0256996670,5.3969300603,-4.950,-6,0.1243623238,1.7453292520,0.0000000000,0,0.0000000000,0,0.000,0
11.916798,1.7453292520,1.7518060598,0.0000000000,-0.0000000000,-0.0064768078,0.0000000000,-0.0945322372,-0.1061511787,-0.0063912453,0.3576336795,0.5338189052,0.9763864372,0.0051453105,0.0258750211,5.4337544385,-4.986,-4,0.1250169925,1.7453292520,0.0000000000,0,0.0000000000,0,0.000,0
11.958492,1.7453292520,1.7518060598,0.0000000000,-0.0000000000,-0.0064768078,0.0000000000,-0.0948021042,-0.1064174806,-0.0063912453,0.3595361813,0.5338840923,0.9766027999,0.0051927042,0.0260511914,5.4707502003,-5.023,-6,0.1256729294,1.7453292520,0.0000000000,0,0.0000000000,0,0.000,0
12.000127,1.7453292520,1.7518060598,0.0000000000,-0.0000000000,-0.0064768078,0.0000000000,-0.0950719712,-0.1066837825,-0.0063912453,0.3614425305,0.5339497564,0.9768211508,0.0052404224,0.0262281876,5.5079193975,-5.061,-4,0.1263301757,1.7453292520,0.0000000000,0,0.0000000000,0,0.000,0
12.041790,1.7453292520,1.7518060598,0.0000000000,-0.0000000000,-0.0064768078,0.0000000000,-0.0953418381,-0.1069500844,-0.0063912453,0.3633528459,0.5340158980,0.9770415036,0.0052884679,0.0264060189,5.5452639611,-5.098,-5,0.1269887686,1.7453292520,0.0000000000,0,0.0000000000,0,0.000,0
12.083607,1.7453292520,1.7518060598,0.0000000000,-0.0000000000,-0.0064768078,0.0000000000,-0.0956117051,-0.1072163863,-0.0063912453,0.3652672355,0.5340825179,0.9772638721,0.0053368435,0.0265846939,5.5827857118,-5.136,-3,0.1276487425,1.7453292520,0.0000000000,0,0.0000000000,0,0.000,0
12.125234,1.7453292520,1.7518060598,0.0000000000,-0.0000000000,-0.0064768078,0.0000000000,-0.0958815721,-0.1074826882,-0.0063912453,0.3671857981,0.5341496164,0.9774882701,0.0053855517,0.0267642208,5.6204863699,-5.173,-6,0.1283101283,1.7453292520,0.0000000000,0,0.0000000000,0,0.000,0
12.166888,1.7453292520,1.7518060598,0.0000000000,-0.0000000000,-0.0064768078,0.0000000000,-0.0961514391,-0.1077489901,-0.0063912453,0.3691086235,0.5342171943,0.9777147116,0.0054345953,0.0269446074,5.6583675636,-5.211,-4,0.1289729543,1.7453292520,0.0000000000,0,0.0000000000,0,0.000,0
12.208472,1.7453292520,1.7518060598,0.0000000000,-0.0000000000,-0.0064768078,0.0000000000,-0.0964213061,-0.1080152920,-0.0063912453,0.3710357938,0.5342852518,0.9779432106,0.0054839766,0.0271258611,5.6964308373,-5.249,-5,0.1296372464,1.7453292520,0.0000000000,0,0.0000000000,0,0.000,0
12.250251,1.7453292520,1.7518060598,0.0000000000,-0.0000000000,-0.0064768078,0.0000000000,-0.0966911731,-0.1082815938,-0.0063912453,0.3729673838,0.5343537896,0.9781737813,0.0055336981,0.0273079889,5.7346776592,-5.287,-3,0.1303030281,1.7453292520,0.0000000000,0,0.0000000000,0,0.000,0
12.291800,1.7453292520,1.7518060598,0.0000000000,-0.0000000000,-0.0064768078,0.0000000000,-0.0969610401,-0.1085478957,-0.0063912453,0.3749034618,0.5344228079,0.9784064381,0.0055837623,0.0274909973,5.7731094274,-5.326,-5,0.1309703209,1.7453292520,0.0000000000,0,0.0000000000,0,0.000,0
12.333577,1.7453292520,1.7518060598,0.0000000000,-0.0000000000,-0.0064768078,0.0000000000,-0.0972309071,-0.1088141976,-0.0063912453,0.3768440900,0.5344923071,0.9786411952,0.0056341714,0.0276748927,5.8117274764,-5.364,-5,0.1316391443,1.7453292520,0.0000000000,0,0.0000000000,0,0.000,0
12.375112,1.7453292520,1.7518060598,0.0000000000,-0.0000000000,-0.0064768078,0.0000000000,-0.0975007741,-0.1090804995,-0.0063912453,0.3787893254,0.5345622876,0.9788780672,0.0056849277,0.0278596813,5.8505330829,-5.403,-4,0.1323095160,1.7453292520,0.0000000000,0,0.0000000000,0,0.000,0
12.416789,1.7453292520,1.7518060598,0.0000000000,-0.0000000000,-0.0064768078,0.0000000000,-0.0977706411,-0.1093468014,-0.0063912453,0.3807392197,0.5346327496,0.9791170686,0.0057360335,0.0280453689,5.8895274702,-5.442,-6,0.1329814525,1.7453292520,0.0000000000,0,0.0000000000,0,0.000,0
12.458434,1.7453292520,1.7518060598,0.0000000000,-0.0000000000,-0.0064768078,0.0000000000,-0.0980405081,-0.1096131033,-0.0063912453,0.3826938203,0.5347036933,0.9793582141,0.0057874911,0.0282319610,5.9287118134,-5.481,-5,0.1336549684,1.7453292520,0.0000000000,0,0.0000000000,0,0.000,0
12.500131,1.7453292520,1.7518060598,0.0000000000,-0.0000000000,-0.0064768078,0.0000000000,-0.0983103750,-0.1098794052,-0.0063912453,0.3846531705,0.5347751188,0.9796015184,0.0058393025,0.0284194631,5.9680872436,-5.521,-6,0.1343300773,1.7453292520,0.0000000000,0,0.0000000000,0,0.000,0
12.541783,1.7453292520,1.7518060598,0.0000000000,-0.0000000000,-0.0064768078,0.0000000000,-0.0985802420,-0.1101457071,-0.0063912453,0.3866173099,0.5348470263,0.9798469963,0.0058914700,0.0286078802,6.0076548515,-5.560,-7,0.1350067915,1.7453292520,0.0000000000,0,0.0000000000,0,0.000,0
12.583422,1.7453292520,1.7518060598,0.0000000000,-0.0000000000,-0.0064768078,0.0000000000,-0.0988501090,-0.1104120089,-0.0063912453,0.3885862744,0.5349194159,0.9800946628,0.0059439956,0.0287972176,6.0474156911,-5.600,-4,0.1356851223,1.7453292520,0.0000000000,0,0.0000000000,0,0.000,0
12.625127,1.7453292520,1.7518060598,0.0000000000,-0.0000000000,-0.0064768078,0.0000000000,-0.0991199760,-0.1106783108,-0.0063912453,0.3905600971,0.5349922874,0.9803445328,0.0059968814,0.0289874799,6.0873707832,-5.640,-6,0.1363650798,1.7453292520,0.0000000000,0,0.0000000000,0,0.000,0
12.666787,1.7453292520,1.7518060598,0.0000000000,-0.0000000000,-0.0064768078,0.0000000000,-0.0993898430,-0.1109446127,-0.0063912453,0.3925388081,0.5350656409,0.9805966215,0.0060501296,0.0291786720,6.1275211176,-5.680,-4,0.1370466736,1.7453292520,0.0000000000,0,0.0000000000,0,0.000,0
12.708512,1.7453292520,1.7518060598,0.0000000000,-0.0000000000,-0.0064768078,0.0000000000,-0.0996597100,-0.1112109146,-0.0063912453,0.3945224351,0.5351394762,0.9808509441,0.0061037421,0.0293707984,6.1678676565,-5.721,-7,0.1377299121,1.7453292520,0.0000000000,0,0.0000000000,0,0.000,0
12.750107,1.7453292520,1.7518060598,0.0000000000,-0.0000000000,-0.0064768078,0.0000000000,-0.0999295770,-0.1114772165,-0.0063912453,0.3965110033,0.5352137932,0.9811075158,0.0061577210,0.0295638635,6.2084113365,-5.761,-6,0.1384148031,1.7453292520,0.0000000000,0,0.0000000000,0,0.000,0
12.791771,1.7453292520,1.7518060598,0.0000000000,-0.0000000000,-0.0064768078,0.0000000000,-0.1001994440,-0.1117435184,-0.0063912453,0.3985045357,0.5352885915,0.9813663520,0.0062120683,0.0297578718,6.2491530713,-5.802,-4,0.1391013537,1.7453292520,0.0000000000,0,0.0000000000,0,0.000,0
12.833502,1.7453292520,1.7518060598,0.0000000000,-0.0000000000,-0.0064768078,0.0000000000,-0.1004693110,-0.1120098203,-0.0063912453,0.4005030536,0.5353638710,0.9816274681,0.0062667860,0.0299528274,6.2900937531,-5.843,-6,0.1397895705,1.7453292520,0.0000000000,0,0.0000000000,0,0.000,0
12.875110,1.7453292520,1.7518060598,0.0000000000,-0.0000000000,-0.0064768078,0.0000000000,-0.1007391780,-0.1122761222,-0.0063912453,0.4025065764,0.5354396311,0.9818908796,0.0063218761,0.0301487345,6.3312342549,-5.884,-6,0.1404794594,1.7453292520,0.0000000000,0,0.0000000000,0,0.000,0
12.916798,1.7453292520,1.7518060598,0.0000000000,-0.0000000000,-0.0064768078,0.0000000000,-0.1010090449,-0.1125424240,-0.0063912453,0.4045151217,0.5355158715,0.9821566021,0.0063773405,0.0303455973,6.3725754320,-5.925,-7,0.1411710258,1.7453292520,0.0000000000,0,0.0000000000,0,0.000,0
12.958446,1.7453292520,1.7518060598,0.0000000000,-0.0000000000,-0.0064768078,0.0000000000,-0.1012789119,-0.1128087259,-0.0063912453,0.4065287060,0.5355925917,0.9824246514,0.0064331813,0.0305434196,6.4141181238,-5.967,-5,0.1418642747,1.7453292520,0.0000000000,0,0.0000000000,0,0.000,0
13.000117,1.7453292520,1.7518060598,0.0000000000,-0.0000000000,-0.0064768078,0.0000000000,-0.1015487789,-0.1130750278,-0.0063912453,0.4085473442,0.5356697909,0.9826950430,0.0064894004,0.0307422055,6.4558631546,-6.009,-7,0.1425592107,1.7453292520,0.0000000000,0,0.0000000000,0,0.000,0
13.041797,1.7453292520,1.7518060598,0.0000000000,-0.0000000000,-0.0064768078,0.0000000000,-0.1018186459,-0.1133413297,-0.0063912453,0.4105710500,0.5357474687,0.9829677930,0.0065459997,0.0309419587,6.4978113356,-6.051,-6,0.1432558379,1.7453292520,0.0000000000,0,0.0000000000,0,0.000,0
13.083567,1.7453292520,1.7518060598,0.0000000000,-0.0000000000,-0.0064768078,0.0000000000,-0.1020885129,-0.1136076316,-0.0063912453,0.4125998361,0.5358256242,0.9832429172,0.0066029811,0.0311426832,6.5399634656,-6.093,-5,0.1439541601,1.7453292520,0.0000000000,0,0.0000000000,0,0.000,0
13.125212,1.7453292520,1.7518060598,0.0000000000,-0.0000000000,-0.0064768078,0.0000000000,-0.1023583799,-0.1138739335,-0.0063912453,0.4146337142,0.5359042567,0.9835204317,0.0066603467,0.0313443825,6.5823203321,-6.135,-5,0.1446541808,1.7453292520,0.0000000000,0,0.0000000000,0,0.000,0
13.166779,1.7453292520,1.7518060598,0.0000000000,-0.0000000000,-0.0064768078,0.0000000000,-0.1026282469,-0.1141402354,-0.0063912453,0.4166726948,0.5359833652,0.9838003524,0.0067180983,0.0315470605,6.6248827122,-6.178,-6,0.1453559032,1.7453292520,0.0000000000,0,0.0000000000,0,0.000,0
13.208477,1.7453292520,1.7518060598,0.0000000000,-0.0000000000,-0.0064768078,0.0000000000,-0.1028981139,-0.1144065373,-0.0063912453,0.4187167879,0.5360629488,0.9840826957,0.0067762378,0.0317507208,6.6676513739,-6.220,-6,0.1460593302,1.7453292520,0.0000000000,0,0.0000000000,0,0.000,0
13.250122,1.7453292520,1.7518060598,0.0000000000,-0.0000000000,-0.0064768078,0.0000000000,-0.1031679809,-0.1146728391,-0.0063912453,0.4207660027,0.5361430064,0.9843674776,0.0068347673,0.0319553670,6.7106270763,-6.263,-5,0.1467644645,1.7453292520,0.0000000000,0,0.0000000000,0,0.000,0
13.291784,1.7453292520,1.7518060598,0.0000000000,-0.0000000000,-0.0064768078,0.0000000000,-0.1034378479,-0.1149391410,-0.0063912453,0.4228203474,0.5362235370,0.9846547147,0.0068936885,0.0321610027,6.7538105706,-6.307,-5,0.1474713086,1.7453292520,0.0000000000,0,0.0000000000,0,0.000,0
13.333473,1.7453292520,1.7518060598,0.0000000000,-0.0000000000,-0.0064768078,0.0000000000,-0.1037077149,-0.1152054429,-0.0063912453,0.4248798299,0.5363045392,0.9849444231,0.0069530035,0.0323676314,6.7972026007,-6.350,-6,0.1481798647,1.7453292520,0.0000000000,0,0.0000000000,0,0.000,0
13.375103,1.7453292520,1.7518060598,0.0000000000,-0.0000000000,-0.0064768078,0.0000000000,-0.1039775818,-0.1154717448,-0.0063912453,0.4269444574,0.5363860118,0.9852366196,0.0070127141,0.0325752567,6.8408039038,-6.394,-6,0.1488901350,1.7453292520,0.0000000000,0,0.0000000000,0,0.000,0
13.416811,1.7453292520,1.7518060598,0.0000000000,-0.0000000000,-0.0064768078,0.0000000000,-0.1042474488,-0.1157380467,-0.0063912453,0.4290142366,0.5364679534,0.9855313205,0.0070728222,0.0327838820,6.8846152110,-6.437,-6,0.1496021213,1.7453292520,0.0000000000,0,0.0000000000,0,0.000,0
13.458426,1.7453292520,1.7518060598,0.0000000000,-0.0000000000,-0.0064768078,0.0000000000,-0.1045173158,-0.1160043486,-0.0063912453,0.4310891736,0.5365503624,0.9858285426,0.0071333298,0.0329935107,6.9286372476,-6.481,-6,0.1503158255,1.7453292520,0.0000000000,0,0.0000000000,0,0.000,0
13.500148,1.7453292520,1.7518060598,0.0000000000,-0.0000000000,-0.0064768078,0.0000000000,-0.1047871828,-0.1162706505,-0.0063912453,0.4331692743,0.5366332375,0.9861283025,0.0071942389,0.0332041464,6.9728707336,-6.526,-6,0.1510312490,1.7453292520,0.0000000000,0,0.0000000000,0,0.000,0
13.541784,1.7453292520,1.7518060598,0.0000000000,-0.0000000000,-0.0064768078,0.0000000000,-0.1050570498,-0.1165369523,-0.0063912453,0.4352545439,0.5367165768,0.9864306172,0.0072555512,0.0334157923,7.0173163840,-6.570,-8,0.1517483936,1.7453292520,0.0000000000,0,0.0000000000,0,0.000,0
13.583442,1.7453292520,1.7518060598,0.0000000000,-0.0000000000,-0.0064768078,0.0000000000,-0.1053269168,-0.1168032542,-0.0063912453,0.4373449875,0.5368003786,0.9867355034,0.0073172687,0.0336284519,7.0619749095,-6.615,-6,0.1524672604,1.7453292520,0.0000000000,0,0.0000000000,0,0.000,0
13.625099,1.7453292520,1.7518060598,0.0000000000,-0.0000000000,-0.0064768078,0.0000000000,-0.1055967838,-0.1170695561,-0.0063912453,0.4394406097,0.5368846410,0.9870429781,0.0073793934,0.0338421286,7.1068470162,-6.660,-6,0.1531878509,1.7453292520,0.0000000000,0,0.0000000000,0,0.000,0
13.666765,1.7453292520,1.7518060598,0.0000000000,-0.0000000000,-0.0064768078,0.0000000000,-0.1058666508,-0.1173358580,-0.0063912453,0.4415414149,0.5369693622,0.9873530584,0.0074419271,0.0340568257,7.1519334064,-6.705,-7,0.1539101662,1.7453292520,0.0000000000,0,0.0000000000,0,0.000,0
13.708436,1.7453292520,1.7518060598,0.0000000000,-0.0000000000,-0.0064768078,0.0000000000,-0.1061365178,-0.1176021599,-0.0063912453,0.4436474073,0.5370545400,0.9876657614,0.0075048719,0.0342725466,7.1972347785,-6.750,-7,0.1546342074,1.7453292520,0.0000000000,0,0.0000000000,0,0.000,0
13.750089,1.7453292520,1.7518060598,0.0000000000,-0.0000000000,-0.0064768078,0.0000000000,-0.1064063848,-0.1178684618,-0.0063912453,0.4457585906,0.5371401723,0.9879811043,0.0075682295,0.0344892944,7.2427518276,-6.795,-6,0.1553599755,1.7453292520,0.0000000000,0,0.0000000000,0,0.000,0
13.791774,1.7453292520,1.7502720790,0.0000000000,-0.0000000000,-0.0049428270,0.0000000000,-0.1066123359,-0.1150240628,0.0682655764,0.4485661797,0.5372262568,0.9882829588,0.0072445101,0.0338358856,7.1055359734,-6.658,-7,0.1553492802,1.7453292520,0.0000000000,0,0.0000000000,0,0.000,0
13.833527,1.7453292520,1.7502720790,0.0000000000,-0.0000000000,-0.0049428270,0.0000000000,-0.1068182870,-0.1152272932,-0.0048775293,0.4485539130,0.5373084043,0.9885858743,0.0072699698,0.0339000921,7.1190193408,-6.672,-5,0.1553892008,1.7453292520,0.0000000000,0,0.0000000000,0,0.000,0
13.875188,1.7453292520,1.7502720790,0.0000000000,-0.0000000000,-0.0049428270,0.0000000000,-0.1070242381,-0.1154305235,-0.0048775293,0.4486877906,0.5373905897,0.9888899335,0.0072974208,0.0339733819,7.1344101981,-6.687,-6,0.1554753030,1.7453292520,0.0000000000,0,0.0000000000,0,0.000,0
13.916896,1.7453292520,1.7502720790,0.0000000000,-0.0000000000,-0.0049428270,0.0000000000,-0.1072301893,-0.1156337539,-0.0048775293,0.4489550268,0.5374728326,0.9891952132,0.0073267128,0.0340550136,7.1515528647,-6.704,-5,0.1556035492,1.7453292520,0.0000000000,0,0.0000000000,0,0.000,0
13.958496,1.7453292520,1.7502720790,0.0000000000,-0.0000000000,-0.0049428270,0.0000000000,-0.1074361404,-0.1158369843,-0.0048775293,0.4493439782,0.5375551504,0.9895017745,0.0073574731,0.0341443110,7.1703053078,-6.723,-8,0.1557702625,1.7453292520,0.0000000000,0,0.0000000000,0,0.000,0
14.000117,1.7453292520,1.7502720790,0.0000000000,-0.0000000000,-0.0049428270,0.0000000000,-0.1076420915,-0.1160402147,-0.0048775293,0.4498440420,0.5376375565,0.9898093895,0.0073827587,0.0342406567,7.1905379135,-6.743,-6,0.1559720948,1.7453292520,0.0000000000,0,0.0000000000,0,0.000,0
14.041808,1.7453292520,1.7502720790,0.0000000000,-0.0000000000,-0.0049428270,0.0000000000,-0.1078480426,-0.1162434451,-0.0048775293,0.4504455628,0.5377199862,0.9901181179,0.0074094827,0.0343434829,7.2121314135,-6.765,-6,0.1562059972,1.7453292520,0.0000000000,0,0.0000000000,0,0.000,0
14.083460,1.7453292520,1.7502720790,0.0000000000,-0.0000000000,-0.0049428270,0.0000000000,-0.1080539938,-0.1164466755,-0.0048775293,0.4511397479,0.5378024526,0.9904280154,0.0074375390,0.0344522760,7.2349779617,-6.788,-7,0.1564691934,1.7453292520,0.0000000000,0,0.0000000000,0,0.000,0
14.125108,1.7453292520,1.7502720790,0.0000000000,-0.0000000000,-0.0049428270,0.0000000000,-0.1082599449,-0.1166499059,-0.0048775293,0.4519185905,0.5378849676,0.9907391333,0.0074668306,0.0345665675,7.2589791740,-6.812,-7,0.1567591555,1.7453292520,0.0000000000,0,0.0000000000,0,0.000,0
14.166756,1.7453292520,1.7502720790,0.0000000000,-0.0000000000,-0.0049428270,0.0000000000,-0.1084658960,-0.1168531363,-0.0048775293,0.4527747991,0.5379675414,0.9910515195,0.0074972689,0.0346859300,7.2840453014,-6.837,-5,0.1570735813,1.7453292520,0.0000000000,0,0.0000000000,0,0.000,0
14.208429,1.7453292520,1.7502720790,0.0000000000,-0.0000000000,-0.0049428270,0.0000000000,-0.1086718471,-0.1170563666,-0.0048775293,0.4537017341,0.5380501834,0.9913652184,0.0075287731,0.0348099737,7.3100944738,-6.863,-7,0.1574103747,1.7453292520,0.0000000000,0,0.0000000000,0,0.000,0
14.250095,1.7453292520,1.7502720790,0.0000000000,-0.0000000000,-0.0049428270,0.0000000000,-0.1088777982,-0.1172595970,-0.0048775293,0.4546933488,0.5381329018,0.9916802713,0.0075612693,0.0349383429,7.3370520112,-6.890,-7,0.1577676266,1.7453292520,0.0000000000,0,0.0000000000,0,0.000,0
14.291761,1.7453292520,1.7502720790,0.0000000000,-0.0000000000,-0.0049428270,0.0000000000,-0.1090837494,-0.1174628274,-0.0048775293,0.4557441371,0.5382157037,0.9919967167,0.0075946901,0.0350707133,7.3648497941,-6.918,-8,0.1581435989,1.7453292520,0.0000000000,0,0.0000000000,0,0.000,0
14.333451,1.7453292520,1.7502720790,0.0000000000,-0.0000000000,-0.0049428270,0.0000000000,-0.1092897005,-0.1176660578,-0.0048775293,0.4568490850,0.5382985954,0.9923145906,0.0076289737,0.0352067890,7.3934256894,-6.946,-8,0.1585367088,1.7453292520,0.0000000000,0,0.0000000000,0,0.000,0
14.375096,1.7453292520,1.7502720790,0.0000000000,-0.0000000000,-0.0049428270,0.0000000000,-0.1094956516,-0.1178692882,-0.0048775293,0.4580036264,0.5383815825,0.9926339266,0.0076640640,0.0353463001,7.4227230266,-6.975,-8,0.1589455149,1.7453292520,0.0000000000,0,0.0000000000,0,0.000,0
14.416858,1.7453292520,1.7518060598,0.0000000000,-0.0000000000,-0.0064768078,0.0000000000,-0.1097655186,-0.1211832195,-0.0795343510,0.4584943186,0.5384646697,0.9929716322,0.0081049335,0.0363776996,7.6393169137,-7.192,-6,0.1601260241,1.7453292520,0.0000000000,0,0.0000000000,0,0.000,0
14.458485,1.7453292520,1.7502720790,0.0000000000,-0.0000000000,-0.0049428270,0.0000000000,-0.1099714697,-0.1183388205,0.0682655764,0.4626391983,0.5385522289,0.9932955962,0.0077751358,0.0357937827,7.5166943750,-7.069,-7,0.1605105558,1.7453292520,0.0000000000,0,0.0000000000,0,0.000,0
14.500096,1.7453292520,1.7502720790,0.0000000000,-0.0000000000,-0.0049428270,0.0000000000,-0.1101774209,-0.1185420509,-0.0048775293,0.4637693266,0.5386359281,0.9936210275,0.0078103526,0.0359329858,7.5459270262,-7.099,-7,0.1609118508,1.7453292520,0.0000000000,0,0.0000000000,0,0.000,0
14.541796,1.7453292520,1.7502720790,0.0000000000,-0.0000000000,-0.0049428270,0.0000000000,-0.1103833720,-0.1187452812,-0.0048775293,0.4649479774,0.5387197131,0.9939479598,0.0078463741,0.0360755877,7.5758734143,-7.129,-5,0.1613285012,1.7453292520,0.0000000000,0,0.0000000000,0,0.000,0
14.583492,1.7453292520,1.7518060598,0.0000000000,-0.0000000000,-0.0064768078,0.0000000000,-0.1106532390,-0.1220592125,-0.0795343510,0.4654505972,0.5388035882,0.9942936315,0.0082961209,0.0371212103,7.7954541607,-7.348,-6,0.1625220394,1.7453292520,0.0000000000,0,0.0000000000,0,0.000,0
14.625108,1.7453292520,1.7502720790,0.0000000000,-0.0000000000,-0.0049428270,0.0000000000,-0.1108591901,-0.1192148135,0.0682655764,0.4696452795,0.5388919478,0.9946253045,0.0079601520,0.0365315870,7.6716332776,-7.224,-6,0.1629134526,1.7453292520,0.0000000000,0,0.0000000000,0,0.000,0
14.666806,1.7453292520,1.7502720790,0.0000000000,-0.0000000000,-0.0049428270,0.0000000000,-0.1110651412,-0.1194180439,-0.0048775293,0.4707957514,0.5389764164,0.9949584816,0.0079962510,0.0366736482,7.7014661318,-7.254,-7,0.1633214049,1.7453292520,0.0000000000,0,0.0000000000,0,0.000,0
14.708467,1.7453292520,1.7502720790,0.0000000000,-0.0000000000,-0.0049428270,0.0000000000,-0.1112710923,-0.1196212743,-0.0048775293,0.4719941079,0.5390609596,0.9952931965,0.0080331582,0.0368190971,7.7320103932,-7.285,-8,0.1637445084,1.7453292520,0.0000000000,0,0.0000000000,0,0.000,0
14.750251,1.7453292520,1.7502720790,0.0000000000,-0.0000000000,-0.0049428270,0.0000000000,-0.1114770435,-0.1198245047,-0.0048775293,0.4732363442,0.5391455814,0.9956294808,0.0080708225,0.0369676926,7.7632154358,-7.316,-8,0.1641814995,1.7453292520,0.0000000000,0,0.0000000000,0,0.000,0
14.791781,1.7453292520,1.7502720790,0.0000000000,-0.0000000000,-0.0049428270,0.0000000000,-0.1116829946,-0.1200277351,-0.0048775293,0.4745188134,0.5392302851,0.9959673640,0.0081091974,0.0371192147,7.7950350887,-7.348,-7,0.1646312276,1.7453292520,0.0000000000,0,0.0000000000,0,0.000,0
14.833543,1.7453292520,1.7502720790,0.0000000000,-0.0000000000,-0.0049428270,0.0000000000,-0.1118889457,-0.1202309655,-0.0048775293,0.4758381945,0.5393150734,0.9963068740,0.0081482404,0.0372734631,7.8274272460,-7.380,-6,0.1650926447,1.7453292520,0.0000000000,0,0.0000000000,0,0.000,0
14.875126,1.7453292520,1.7502720790,0.0000000000,-0.0000000000,-0.0049428270,0.0000000000,-0.1120948968,-0.1204341958,-0.0048775293,0.4771914633,0.5393999485,0.9966480371,0.0081879127,0.0374302548,7.8603535111,-7.413,-6,0.1655647968,1.7453292520,0.0000000000,0,0.0000000000,0,0.000,0
14.916867,1.7453292520,1.7502720790,0.0000000000,-0.0000000000,-0.0049428270,0.0000000000,-0.1123008480,-0.1206374262,-0.0048775293,0.4785758658,0.5394849119,0.9969908779,0.0082281789,0.0375894232,7.8937788716,-7.447,-5,0.1660468149,1.7453292520,0.0000000000,0,0.0000000000,0,0.000,0
14.958669,1.7453292520,1.7502720790,0.0000000000,-0.0000000000,-0.0049428270,0.0000000000,-0.1125067991,-0.1208406566,-0.0048775293,0.4799888942,0.5395699648,0.9973354198,0.0082690067,0.0377508162,7.9276714028,-7.480,-8,0.1665379080,1.7453292520,0.0000000000,0,0.0000000000,0,0.000,0
15.000117,1.7453292520,1.7518060598,0.0000000000,-0.0000000000,-0.0064768078,0.0000000000,-0.1127766661,-0.1241545879,-0.0795343510,0.4806830727,0.5396551078,0.9976996527,0.0087415905,0.0388387245,8.1561321375,-7.709,-6,0.1678133090,1.7453292520,0.0000000000,0,0.0000000000,0,0.000,0
15.041832,1.7453292520,1.7502720790,0.0000000000,-0.0000000000,-0.0049428270,0.0000000000,-0.1129826172,-0.1213101889,0.0682655764,0.4851413130,0.5397447547,0.9980493948,0.0083938094,0.0382471380,8.0318989830,-7.585,-7,0.1682673541,1.7453292520,0.0000000000,0,0.0000000000,0,0.000,0
15.083587,1.7453292520,1.7502720790,0.0000000000,-0.0000000000,-0.0049428270,0.0000000000,-0.1131885683,-0.1215134193,-0.0048775293,0.4864739050,0.5398304843,0.9984008114,0.0084339977,0.0384047119,8.0649895072,-7.618,-8,0.1687332754,1.7453292520,0.0000000000,0,0.0000000000,0,0.000,0
15.125179,1.7453292520,1.7502720790,0.0000000000,-0.0000000000,-0.0049428270,0.0000000000,-0.1133945195,-0.1217166497,-0.0048775293,0.4878409346,0.5399162781,0.9987539296,0.0084748365,0.0385648941,8.0986277695,-7.651,-9,0.1692101018,1.7453292520,0.0000000000,0,0.0000000000,0,0.000,0
15.166795,1.7453292520,1.7502720790,0.0000000000,-0.0000000000,-0.0049428270,0.0000000000,-0.1136004706,-0.1219198801,-0.0048775293,0.4892395991,0.5400021373,0.9991087749,0.0085162887,0.0387275128,8.1327776874,-7.686,-7,0.1696969495,1.7453292520,0.0000000000,0,0.0000000000,0,0.000,0
15.208452,1.7453292520,1.7502720790,0.0000000000,-0.0000000000,-0.0049428270,0.0000000000,-0.1138064217,-0.1221231104,-0.0048775293,0.4906673463,0.5400880627,0.9994653716,0.0085583208,0.0388924112,8.1674063595,-7.720,-7,0.1701930135,1.7453292520,0.0000000000,0,0.0000000000,0,0.000,0
15.250201,1.7453292520,1.7502720790,0.0000000000,-0.0000000000,-0.0049428270,0.0000000000,-0.1140123728,-0.1223263408,-0.0048775293,0.4921218519,0.5401740546,0.9998237425,0.0086009022,0.0390594466,8.2024837863,-7.755,-8,0.1706975606,1.7453292520,0.0000000000,0,0.0000000000,0,0.000,0
15.291774,1.7453292520,1.7487380982,0.0000000000,-0.0000000000,-0.0034088462,0.0000000000,-0.1141544081,-0.1194188703,0.0697792924,0.4943639788,0.5402601129,1.0001657793,0.0082088815,0.0382818067,8.0391793986,-7.592,-9,0.1704424508,1.7453292520,0.0000000000,0,0.0000000000,0,0.000,0
15.333475,1.7453292520,1.7502720790,0.0000000000,-0.0000000000,-0.0049428270,0.0000000000,-0.1143603592,-0.1226697301,-0.0780206350,0.4928772161,0.5403419104,1.0005260021,0.0086453476,0.0392313324,8.2385798091,-7.791,-7,0.1710141669,1.7453292520,0.0000000000,0,0.0000000000,0,0.000,0
15.375101,1.7453292520,1.7487380982,0.0000000000,-0.0000000000,-0.0034088462,0.0000000000,-0.1145023945,-0.1197622596,0.0697792924,0.4953153839,0.5404276996,1.0008699423,0.0082545661,0.0384653728,8.0777282802,-7.630,-7,0.1708182174,1.7453292520,0.0000000000,0,0.0000000000,0,0.000,0
15.416919,1.7453292520,1.7487380982,0.0000000000,-0.0000000000,-0.0034088462,0.0000000000,-0.1146444297,-0.1199024185,-0.0033638133,0.4947618973,0.5405092683,1.0012140422,0.0082583957,0.0384803311,8.0808695296,-7.634,-8,0.1706755581,1.7453292520,0.0000000000,0,0.0000000000,0,0.000,0
15.458451,1.7453292520,1.7487380982,0.0000000000,-0.0000000000,-0.0034088462,0.0000000000,-0.1147864650,-0.1200425774,-0.0033638133,0.4943627290,0.5405905396,1.0015583935,0.0082644313,0.0385052015,8.0860923053,-7.639,-6,0.1705814684,1.7453292520,0.0000000000,0,0.0000000000,0,0.000,0
15.500227,1.7453292520,1.7487380982,0.0000000000,-0.0000000000,-0.0034088462,0.0000000000,-0.1149285002,-0.1201827363,-0.0033638133,0.4941042191,0.5406715344,1.0019030805,0.0082724891,0.0385391372,8.0932188202,-7.646,-8,0.1705316498,1.7453292520,0.0000000000,0,0.0000000000,0,0.000,0
15.541780,1.7453292520,1.7487380982,0.0000000000,-0.0000000000,-0.0034088462,0.0000000000,-0.1150705355,-0.1203228951,-0.0033638133,0.4939739284,0.5407522711,1.0022481806,0.0082824012,0.0385813664,8.1020869529,-7.655,-9,0.1705221880,1.7453292520,0.0000000000,0,0.0000000000,0,0.000,0
15.583446,1.7453292520,1.7472041174,0.0000000000,-0.0000000000,-0.0018748654,0.0000000000,-0.1151486549,-0.1173523531,0.0712930084,0.4947216902,0.5408327666,1.0025759241,0.0078658452,0.0376819267,7.9132045971,-7.466,-8,0.1697933615,1.7453292520,0.0000000000,0,0.0000000000,0,0.000,0
15.625141,1.7453292520,1.7472041174,0.0000000000,-0.0000000000,-0.0018748654,0.0000000000,-0.1152267743,-0.1174294405,-0.0018500973,0.4926149599,0.5409089003,1.0029025803,0.0078397479,0.0375781709,7.8914158814,-7.444,-7,0.1691489909,1.7453292520,0.0000000000,0,0.0000000000,0,0.000,0
15.666774,1.7453292520,1.7487380982,0.0000000000,-0.0000000000,-0.0034088462,0.0000000000,-0.1153688095,-0.1206172288,-0.0765069190,0.4899979931,0.5409844773,1.0032460322,0.0082428469,0.0384329141,8.0709119549,-7.624,-5,0.1693386667,1.7453292520,0.0000000000,0,0.0000000000,0,0.000,0
15.708441,1.7453292520,1.7487380982,0.0000000000,-0.0000000000,-0.0034088462,0.0000000000,-0.1155108448,-0.1207573877,-0.0033638133,0.4905613572,0.5410636127,1.0035903165,0.0082628231,0.0385200109,8.0892022921,-7.642,-8,0.1695474243,1.7453292520,0.0000000000,0,0.0000000000,0,0.000,0
15.750166,1.7453292520,1.7487380982,0.0000000000,-0.0000000000,-0.0034088462,0.0000000000,-0.1156528801,-0.1208975466,-0.0033638133,0.4911800293,0.5411426024,1.0039354686,0.0082836491,0.0386108251,8.1082732648,-7.661,-8,0.1697736010,1.7453292520,0.0000000000,0,0.0000000000,0,0.000,0
15.791772,1.7453292520,1.7472041174,0.0000000000,-0.0000000000,-0.0018748654,0.0000000000,-0.1157309995,-0.1179270046,0.0712930084,0.4926074927,0.5412214519,1.0042636604,0.0078766032,0.0377587236,7.9293319592,-7.482,-9,0.1692559061,1.7453292520,0.0000000000,0,0.0000000000,0,0.000,0
15.833558,1.7453292520,1.7487380982,0.0000000000,-0.0000000000,-0.0034088462,0.0000000000,-0.1158730347,-0.1211147929,-0.0765069190,0.4903570211,0.5412961114,1.0046089353,0.0082865980,0.0386372237,8.1138169717,-7.667,-8,0.1695641529,1.7453292520,0.0000000000,0,0.0000000000,0,0.000,0
15.875123,1.7453292520,1.7472041174,0.0000000000,-0.0000000000,-0.0018748654,0.0000000000,-0.1159511541,-0.1181442508,0.0712930084,0.4920215015,0.5413743248,1.0049373834,0.0078827538,0.0378014879,7.9383124581,-7.491,-7,0.1691198903,1.7453292520,0.0000000000,0,0.0000000000,0,0.000,0
15.916863,1.7453292520,1.7472041174,0.0000000000,-0.0000000000,-0.0018748654,0.0000000000,-0.1160292735,-0.1182213382,-0.0018500973,0.4907400881,0.5414484102,1.0052652086,0.0078678048,0.0377493050,7.9273540423,-7.480,-7,0.1687347796,1.7453292520,0.0000000000,0,0.0000000000,0,0.000,0
15.958466,1.7453292520,1.7472041174,0.0000000000,-0.0000000000,-0.0018748654,0.0000000000,-0.1161073929,-0.1182984256,-0.0018500973,0.4896302767,0.5415220471,1.0055925099,0.0078552324,0.0377079612,7.9186718440,-7.471,-7,0.1684035462,1.7453292520,0.0000000000,0,0.0000000000,0,0.000,0
16.000172,1.7453292520,1.7472041174,0.0000000000,-0.0000000000,-0.0018748654,0.0000000000,-0.1161855123,-0.1183755130,-0.0018500973,0.4886767694,0.5415952592,1.0059193778,0.0078448292,0.0376765034,7.9120657174,-7.465,-7,0.1681213869,1.7453292520,0.0000000000,0,0.0000000000,0,0.000,0
16.041781,1.7453292520,1.7487380982,0.0000000000,-0.0000000000,-0.0034088462,0.0000000000,-0.1163275475,-0.1215633013,-0.0765069190,0.4871142576,0.5416680679,1.0062636887,0.0082634621,0.0385934259,8.1046194460,-7.657,-7,0.1686470144,1.7453292520,0.0000000000,0,0.0000000000,0,0.000,0
16.083492,1.7453292520,1.7472041174,0.0000000000,-0.0000000000,-0.0018748654,0.0000000000,-0.1164056669,-0.1185927593,0.0712930084,0.4894048585,0.5417444303,1.0065915790,0.0078693665,0.0378028222,7.9385926658,-7.491,-7,0.1683980143,1.7453292520,0.0000000000,0,0.0000000000,0,0.000,0
16.125129,1.7453292520,1.7472041174,0.0000000000,-0.0000000000,-0.0018748654,0.0000000000,-0.1164837863,-0.1186698467,-0.0018500973,0.4886899239,0.5418168343,1.0069191734,0.0078622651,0.0377864820,7.9351612136,-7.488,-5,0.1681907872,1.7453292520,0.0000000000,0,0.0000000000,0,0.000,0
16.166772,1.7453292520,1.7472041174,0.0000000000,-0.0000000000,-0.0018748654,0.0000000000,-0.1165619057,-0.1187469341,-0.0018500973,0.4880961914,0.5418888644,1.0072465426,0.0078568606,0.0377778493,7.9333483469,-7.486,-6,0.1680216119,1.7453292520,0.0000000000,0,0.0000000000,0,0.000,0
16.208552,1.7453292520,1.7487380982,0.0000000000,-0.0000000000,-0.0034088462,0.0000000000,-0.1167039410,-0.1219347224,-0.0765069190,0.4868616434,0.5419605365,1.0075915910,0.0082811626,0.0387155513,8.1302657760,-7.683,-7,0.1686525259,1.7453292520,0.0000000000,0,0.0000000000,0,0.000,0
16.250252,1.7453292520,1.7472041174,0.0000000000,-0.0000000000,-0.0018748654,0.0000000000,-0.1167820604,-0.1189641803,0.0712930084,0.4894577481,0.5420357452,1.0079203603,0.0078904626,0.0379450190,7.9684539974,-7.521,-8,0.1684971758,1.7453292520,0.0000000000,0,0.0000000000,0,0.000,0
16.291772,1.7453292520,1.7472041174,0.0000000000,-0.0000000000,-0.0018748654,0.0000000000,-0.1168601798,-0.1190412677,-0.0018500973,0.4890145447,0.5421070863,1.0082489920,0.0078871625,0.0379460031,7.9686606530,-7.521,-7,0.1683752901,1.7453292520,0.0000000000,0,0.0000000000,0,0.000,0
16.333578,1.7453292520,1.7472041174,0.0000000000,-0.0000000000,-0.0018748654,0.0000000000,-0.1169382991,-0.1191183551,-0.0018500973,0.4886684478,0.5421780860,1.0085775435,0.0078852342,0.0379531967,7.9701712970,-7.523,-7,0.1682838904,1.7453292520,0.0000000000,0,0.0000000000,0,0.000,0
16.375109,1.7453292520,1.7472041174,0.0000000000,-0.0000000000,-0.0018748654,0.0000000000,-0.1170164185,-0.1191954425,-0.0018500973,0.4884108180,0.5422487566,1.0089060668,0.0078845590,0.0379660568,7.9728719180,-7.526,-7,0.1682202646,1.7453292520,0.0000000000,0,0.0000000000,0,0.000,0
16.416791,1.7453292520,1.7472041174,0.0000000000,-0.0000000000,-0.0018748654,0.0000000000,-0.1170945379,-0.1192725299,-0.0018500973,0.4882337880,0.5423191093,1.0092346096,0.0078850286,0.0379840886,7.9766586076,-7.529,-8,0.1681819429,1.7453292520,0.0000000000,0,0.0000000000,0,0.000,0
16.458488,1.7453292520,1.7472041174,0.0000000000,-0.0000000000,-0.0018748654,0.0000000000,-0.1171726573,-0.1193496173,-0.0018500973,0.4881301936,0.5423891541,1.0095632156,0.0078865443,0.0380068413,7.9814366647,-7.534,-7,0.1681666765,1.7453292520,0.0000000000,0,0.0000000000,0,0.000,0
16.500130,1.7453292520,1.7472041174,0.0000000000,-0.0000000000,-0.0018748654,0.0000000000,-0.1172507767,-0.1194267047,-0.0018500973,0.4880935111,0.5424588998,1.0098919246,0.0078890159,0.0380339037,7.9871197800,-7.540,-8,0.1681724175,1.7453292520,0.0000000000,0,0.0000000000,0,0.000,0
16.541861,1.7453292520,1.7472041174,0.0000000000,-0.0000000000,-0.0018748654,0.0000000000,-0.1173288961,-0.1195037921,-0.0018500973,0.4881177996,0.5425283545,1.0102207730,0.0078923615,0.0380649014,7.9936292926,-7.546,-7,0.1681973010,1.7453292520,0.0000000000,0,0.0000000000,0,0.000,0
16.583516,1.7453292520,1.7472041174,0.0000000000,-0.0000000000,-0.0018748654,0.0000000000,-0.1174070155,-0.1195808794,-0.0018500973,0.4881976495,0.5425975251,1.0105497941,0.0078965061,0.0380994929,8.0008935116,-7.554,-7,0.1682396290,1.7453292520,0.0000000000,0,0.0000000000,0,0.000,0
16.625135,1.7453292520,1.7472041174,0.0000000000,-0.0000000000,-0.0018748654,0.0000000000,-0.1174851349,-0.1196579668,-0.0018500973,0.4883281345,0.5426664180,1.0108790184,0.0079013816,0.0381373671,8.0088470990,-7.562,-9,0.1682978552,1.7453292520,0.0000000000,0,0.0000000000,0,0.000,0
16.666797,1.7453292520,1.7472041174,0.0000000000,-0.0000000000,-0.0018748654,0.0000000000,-0.1175632543,-0.1197350542,-0.0018500973,0.4885047686,0.5427350388,1.0112084736,0.0079069256,0.0381782405,8.0174305063,-7.570,-6,0.1683705715,1.7453292520,0.0000000000,0,0.0000000000,0,0.000,0
16.708453,1.7453292520,1.7472041174,0.0000000000,-0.0000000000,-0.0018748654,0.0000000000,-0.1176413737,-0.1198121416,-0.0018500973,0.4887234670,0.5428033924,1.0115381853,0.0079130815,0.0382218546,8.0265894617,-7.579,-6,0.1684564957,1.7453292520,0.0000000000,0,0.0000000000,0,0.000,0
16.750208,1.7453292520,1.7456701366,0.0000000000,-0.0000000000,-0.0003408846,0.0000000000,-0.1176555772,-0.1167785281,0.0728067244,0.4897326460,0.5428714831,1.0118505681,0.0074971864,0.0373227377,7.8377749074,-7.391,-8,0.1678002541,1.7453292520,0.0000000000,0,0.0000000000,0,0.000,0
16.791801,1.7453292520,1.7456701366,0.0000000000,-0.0000000000,-0.0003408846,0.0000000000,-0.1176697807,-0.1167925440,-0.0003363813,0.4878262473,0.5429357030,1.0121616382,0.0074656830,0.0372107465,7.8142567679,-7.367,-6,0.1672061749,1.7453292520,0.0000000000,0,0.0000000000,0,0.000,0
16.833449,1.7453292520,1.7456701366,0.0000000000,-0.0000000000,-0.0003408846,0.0000000000,-0.1176839843,-0.1168065599,-0.0003363813,0.4861005525,0.5429993706,1.0124714992,0.0074366641,0.0371101224,7.7931257007,-7.346,-8,0.1666687016,1.7453292520,0.0000000000,0,0.0000000000,0,0.000,0
16.875113,1.7453292520,1.7472041174,0.0000000000,-0.0000000000,-0.0018748654,0.0000000000,-0.1177621036,-0.1199312767,-0.0749932030,0.4837951663,0.5430625102,1.0127977057,0.0078289549,0.0379571434,7.9710001151,-7.524,-6,0.1669372445,1.7453292520,0.0000000000,0,0.0000000000,0,0.000,0
16.916784,1.7453292520,1.7472041174,0.0000000000,-0.0000000000,-0.0018748654,0.0000000000,-0.1178402230,-0.1200083641,-0.0018500973,0.4845822396,0.5431286776,1.0131245104,0.0078433147,0.0380374700,7.9878687001,-7.541,-7,0.1672015231,1.7453292520,0.0000000000,0,0.0000000000,0,0.000,0
16.958481,1.7453292520,1.7472041174,0.0000000000,-0.0000000000,-0.0018748654,0.0000000000,-0.1179183424,-0.1200854514,-0.0018500973,0.4853569580,0.5431946548,1.0134519070,0.0078575182,0.0381170617,8.0045829558,-7.557,-8,0.1674619319,1.7453292520,0.0000000000,0,0.0000000000,0,0.000,0
17.000108,1.7453292520,1.7472041174,0.0000000000,-0.0000000000,-0.0018748654,0.0000000000,-0.1179964618,-0.1201625388,-0.0018500973,0.4861204655,0.5432604384,1.0137798896,0.0078715814,0.0381959910,8.0211581179,-7.574,-6,0.1677188297,1.7453292520,0.0000000000,0,0.0000000000,0,0.000,0
17.041789,1.7453292520,1.7456701366,0.0000000000,-0.0000000000,-0.0003408846,0.0000000000,-0.1180106653,-0.1171289253,0.0728067244,0.4876229421,0.5433260252,1.0140908563,0.0074632020,0.0373318095,7.8396799998,-7.392,-8,0.1672161252,1.7453292520,0.0000000000,0,0.0000000000,0,0.000,0
17.083572,1.7453292520,1.7456701366,0.0000000000,-0.0000000000,-0.0003408846,0.0000000000,-0.1180248689,-0.1171429412,-0.0003363813,0.4861627853,0.5433879186,1.0144007605,0.0074376985,0.0372475850,7.8219928504,-7.375,-7,0.1667618686,1.7453292520,0.0000000000,0,0.0000000000,0,0.000,0
17.125132,1.7453292520,1.7456701366,0.0000000000,-0.0000000000,-0.0003408846,0.0000000000,-0.1180390724,-0.1171569571,-0.0003363813,0.4848434757,0.5434493185,1.0147096831,0.0074141440,0.0371722519,7.8061729029,-7.359,-7,0.1663517295,1.7453292520,0.0000000000,0,0.0000000000,0,0.000,0
17.166772,1.7453292520,1.7456701366,0.0000000000,-0.0000000000,-0.0003408846,0.0000000000,-0.1180532759,-0.1171709730,-0.0003363813,0.4836524242,0.5435102436,1.0150176983,0.0073923654,0.0371050163,7.7920534224,-7.345,-6,0.1659817643,1.7453292520,0.0000000000,0,0.0000000000,0,0.000,0
17.208462,1.7453292520,1.7456701366,0.0000000000,-0.0000000000,-0.0003408846,0.0000000000,-0.1180674794,-0.1171849889,-0.0003363813,0.4825781670,0.5435707108,1.0153248735,0.0073722045,0.0370451549,7.7794825356,-7.332,-7,0.1656483823,1.7453292520,0.0000000000,0,0.0000000000,0,0.000,0
17.250119,1.7453292520,1.7456701366,0.0000000000,-0.0000000000,-0.0003408846,0.0000000000,-0.1180816830,-0.1171990048,-0.0003363813,0.4816102653,0.5436307357,1.0156312701,0.0073535177,0.0369920091,7.7683219065,-7.321,-5,0.1653483136,1.7453292520,0.0000000000,0,0.0000000000,0,0.000,0
17.291775,1.7453292520,1.7456701366,0.0000000000,-0.0000000000,-0.0003408846,0.0000000000,-0.1180958865,-0.1172130206,-0.0003363813,0.4807392132,0.5436903320,1.0159369440,0.0073361738,0.0369449787,7.7584455303,-7.311,-6,0.1650785806,1.7453292520,0.0000000000,0,0.0000000000,0,0.000,0
17.333457,1.7453292520,1.7456701366,0.0000000000,-0.0000000000,-0.0003408846,0.0000000000,-0.1181100900,-0.1172270365,-0.0003363813,0.4799563546,0.5437495126,1.0162419462,0.0073200536,0.0369035173,7.7497386342,-7.302,-7,0.1648364719,1.7453292520,0.0000000000,0,0.0000000000,0,0.000,0
17.375130,1.7453292520,1.7456701366,0.0000000000,-0.0000000000,-0.0003408846,0.0000000000,-0.1181242936,-0.1172410524,-0.0003363813,0.4792538072,0.5438082890,1.0165463233,0.0073050484,0.0368671270,7.7420966771,-7.295,-7,0.1646195185,1.7453292520,0.0000000000,0,0.0000000000,0,0.000,0
17.416775,1.7453292520,1.7472041174,0.0000000000,-0.0000000000,-0.0018748654,0.0000000000,-0.1182024129,-0.1203657692,-0.0749932030,0.4778889023,0.5438666716,1.0168674633,0.0077073598,0.0377644251,7.9305292764,-7.483,-8,0.1651826844,1.7453292520,0.0000000000,0,0.0000000000,0,0.000,0
17.458548,1.7453292520,1.7456701366,0.0000000000,-0.0000000000,-0.0003408846,0.0000000000,-0.1182166165,-0.1173321557,0.0728067244,0.4802693027,0.5439279734,1.0171723181,0.0073165152,0.0369687044,7.7634279198,-7.316,-7,0.1649576234,1.7453292520,0.0000000000,0,0.0000000000,0,0.000,0
17.500218,1.7453292520,1.7456701366,0.0000000000,-0.0000000000,-0.0003408846,0.0000000000,-0.1182308200,-0.1173461716,-0.0003363813,0.4796163069,0.5439858849,1.0174765756,0.0073021812,0.0369353732,7.7564283717,-7.309,-6,0.1647561970,1.7453292520,0.0000000000,0,0.0000000000,0,0.000,0
17.541942,1.7453292520,1.7456701366,0.0000000000,-0.0000000000,-0.0003408846,0.0000000000,-0.1182450235,-0.1173601875,-0.0003363813,0.4790320250,0.5440434093,1.0177802758,0.0072888038,0.0369063852,7.7503408882,-7.303,-5,0.1645762929,1.7453292520,0.0000000000,0,0.0000000000,0,0.000,0
17.583444,1.7453292520,1.7456701366,0.0000000000,-0.0000000000,-0.0003408846,0.0000000000,-0.1182592270,-0.1173742034,-0.0003363813,0.4785103159,0.5441005555,1.0180834548,0.0072762980,0.0368813518,7.7450838730,-7.298,-5,0.1644159875,1.7453292520,0.0000000000,0,0.0000000000,0,0.000,0
17.625159,1.7453292520,1.7456701366,0.0000000000,-0.0000000000,-0.0003408846,0.0000000000,-0.1182734306,-0.1173882193,-0.0003363813,0.4780455877,0.5441573315,1.0183861460,0.0072645866,0.0368599191,7.7405830039,-7.293,-5,0.1642735294,1.7453292520,0.0000000000,0,0.0000000000,0,0.000,0
17.666797,1.7453292520,1.7456701366,0.0000000000,-0.0000000000,-0.0003408846,0.0000000000,-0.1182876341,-0.1174022351,-0.0003363813,0.4776327480,0.5442137447,1.0186883793,0.0072535992,0.0368417647,7.7367705852,-7.289,-5,0.1641473234,1.7453292520,0.0000000000,0,0.0000000000,0,0.000,0
17.708626,1.7453292520,1.7456701366,0.0000000000,-0.0000000000,-0.0003408846,0.0000000000,-0.1183018376,-0.1174162510,-0.0003363813,0.4772671598,0.5442698017,1.0189901822,0.0072432716,0.0368265950,7.7335849564,-7.286,-5,0.1640359172,1.7453292520,0.0000000000,0,0.0000000000,0,0.000,0
17.750096,1.7453292520,1.7456701366,0.0000000000,-0.0000000000,-0.0003408846,0.0000000000,-0.1183160412,-0.1174302669,-0.0003363813,0.4769446007,0.5443255087,1.0192915800,0.0072335455,0.0368141426,7.7309699546,-7.284,-6,0.1639379883,1.7453292520,0.0000000000,0,0.0000000000,0,0.000,0
17.791800,1.7453292520,1.7456701366,0.0000000000,-0.0000000000,-0.0003408846,0.0000000000,-0.1183302447,-0.1174442828,-0.0003363813,0.4766612256,0.5443808713,1.0195925953,0.0072243675,0.0368041639,7.7288744242,-7.282,-5,0.1638523323,1.7453292520,0.0000000000,0,0.0000000000,0,0.000,0
17.833472,1.7453292520,1.7456701366,0.0000000000,-0.0000000000,-0.0003408846,0.0000000000,-0.1183444482,-0.1174582987,-0.0003363813,0.4764135330,0.5444358943,1.0198932490,0.0072156893,0.0367964370,7.7272517706,-7.280,-6,0.1637778524,1.7453292520,0.0000000000,0,0.0000000000,0,0.000,0
17.875117,1.7453292520,1.7456701366,0.0000000000,-0.0000000000,-0.0003408846,0.0000000000,-0.1183586517,-0.1174723146,-0.0003363813,0.4761983348,0.5444905826,1.0201935601,0.0072074667,0.0367907598,7.7260595536,-7.279,-7,0.1637135502,1.7453292520,0.0000000000,0,0.0000000000,0,0.000,0
17.916802,1.7453292520,1.7456701366,0.0000000000,-0.0000000000,-0.0003408846,0.0000000000,-0.1183728553,-0.1174863305,-0.0003363813,0.4760127274,0.5445449401,1.0204935459,0.0071996595,0.0367869482,7.7252591171,-7.278,-6,0.1636585161,1.7453292520,0.0000000000,0,0.0000000000,0,0.000,0
17.958505,1.7453292520,1.7456701366,0.0000000000,-0.0000000000,-0.0003408846,0.0000000000,-0.1183870588,-0.1175003464,-0.0003363813,0.4758540672,0.5445989709,1.0207932222,0.0071922311,0.0367848345,7.7248152517,-7.278,-7,0.1636119222,1.7453292520,0.0000000000,0,0.0000000000,0,0.000,0
18.000204,1.7453292520,1.7456701366,0.0000000000,-0.0000000000,-0.0003408846,0.0000000000,-0.1184012623,-0.1175143623,-0.0003363813,0.4757199465,0.5446526783,1.0210926034,0.0071851481,0.0367842661,7.7246958872,-7.277,-5,0.1635730143,1.7453292520,0.0000000000,0,0.0000000000,0,0.000,0
18.041795,1.7453292520,1.7456701366,0.0000000000,-0.0000000000,-0.0003408846,0.0000000000,-0.1184154658,-0.1175283781,-0.0003363813,0.4756081732,0.5447060656,1.0213917026,0.0071783801,0.0367851039,7.7248718132,-7.278,-6,0.1635411058,1.7453292520,0.0000000000,0,0.0000000000,0,0.000,0
18.083550,1.7453292520,1.7456701366,0.0000000000,-0.0000000000,-0.0003408846,0.0000000000,-0.1184296694,-0.1175423940,-0.0003363813,0.4755167508,0.5447591357,1.0216905317,0.0071718995,0.0367872211,7.7253164237,-7.278,-8,0.1635155715,1.7453292520,0.0000000000,0,0.0000000000,0,0.000,0
18.125239,1.7453292520,1.7456701366,0.0000000000,-0.0000000000,-0.0003408846,0.0000000000,-0.1184438729,-0.1175564099,-0.0003363813,0.4754438616,0.5448118911,1.0219891017,0.0071656810,0.0367905023,7.7260054851,-7.279,-6,0.1634958420,1.7453292520,0.0000000000,0,0.0000000000,0,0.000,0
18.166761,1.7453292520,1.7456701366,0.0000000000,-0.0000000000,-0.0003408846,0.0000000000,-0.1184580764,-0.1175704258,-0.0003363813,0.4753878501,0.5448643345,1.0222874227,0.0071597018,0.0367948425,7.7269169247,-7.280,-8,0.1634813988,1.7453292520,0.0000000000,0,0.0000000000,0,0.000,0
18.208466,1.7453292520,1.7456701366,0.0000000000,-0.0000000000,-0.0003408846,0.0000000000,-0.1184722799,-0.1175844417,-0.0003363813,0.4753472090,0.5449164680,1.0225855035,0.0071539409,0.0368001459,7.7280306379,-7.281,-6,0.1634717697,1.7453292520,0.0000000000,0,0.0000000000,0,0.000,0
18.250111,1.7453292520,1.7472041174,0.0000000000,-0.0000000000,-0.0018748654,0.0000000000,-0.1185503993,-0.1207091585,-0.0749932030,0.4745899042,0.5449682936,1.0229006483,0.0075634742,0.0377318571,7.9236899981,-7.476,-7,0.1642259046,1.7453292520,0.0000000000,0,0.0000000000,0,0.000,0
18.291761,1.7453292520,1.7456701366,0.0000000000,-0.0000000000,-0.0003408846,0.0000000000,-0.1185646029,-0.1176755450,0.0728067244,0.4775208175,0.5450227968,1.0231998888,0.0071817712,0.0369752509,7.7648026789,-7.318,-6,0.1641726325,1.7453292520,0.0000000000,0,0.0000000000,0,0.000,0
18.333585,1.7453292520,1.7456701366,0.0000000000,-0.0000000000,-0.0003408846,0.0000000000,-0.1185788064,-0.1176895609,-0.0003363813,0.4773672781,0.5450742739,1.0234988234,0.0071744324,0.0369732981,7.7643925926,-7.317,-6,0.1641276488,1.7453292520,0.0000000000,0,0.0000000000,0,0.000,0
18.375101,1.7453292520,1.7456701366,0.0000000000,-0.0000000000,-0.0003408846,0.0000000000,-0.1185930099,-0.1177035768,-0.0003363813,0.4772378382,0.5451254305,1.0237974665,0.0071674340,0.0369728665,7.7643019555,-7.317,-7,0.1640902131,1.7453292520,0.0000000000,0,0.0000000000,0,0.000,0
18.416788,1.7453292520,1.7456701366,0.0000000000,-0.0000000000,-0.0003408846,0.0000000000,-0.1186072134,-0.1177175926,-0.0003363813,0.4771303451,0.5451762693,1.0240958309,0.0071607459,0.0369738191,7.7645020041,-7.317,-8,0.1640596511,1.7453292520,0.0000000000,0,0.0000000000,0,0.000,0
18.458451,1.7453292520,1.7456701366,0.0000000000,-0.0000000000,-0.0003408846,0.0000000000,-0.1186214170,-0.1177316085,-0.0003363813,0.4770428381,0.5452267934,1.0243939285,0.0071543411,0.0369760311,7.7649665395,-7.318,-5,0.1640353487,1.7453292520,0.0000000000,0,0.0000000000,0,0.000,0
18.500132,1.7453292520,1.7456701366,0.0000000000,-0.0000000000,-0.0003408846,0.0000000000,-0.1186356205,-0.1177456244,-0.0003363813,0.4769735321,0.5452770051,1.0246917699,0.0071481945,0.0369793890,7.7656716989,-7.318,-5,0.1640167468,1.7453292520,0.0000000000,0,0.0000000000,0,0.000,0
18.541783,1.7453292520,1.7456701366,0.0000000000,-0.0000000000,-0.0003408846,0.0000000000,-0.1186498240,-0.1177596403,-0.0003363813,0.4769208013,0.5453269068,1.0249893651,0.0071422837,0.0369837893,7.7665957475,-7.319,-6,0.1640033363,1.7453292520,0.0000000000,0,0.0000000000,0,0.000,0
18.583435,1.7453292520,1.7456701366,0.0000000000,-0.0000000000,-0.0003408846,0.0000000000,-0.1186640275,-0.1177736562,-0.0003363813,0.4768831654,0.5453765006,1.0252867229,0.0071365880,0.0369891376,7.7677188886,-7.320,-6,0.1639946535,1.7453292520,0.0000000000,0,0.0000000000,0,0.000,0
18.625104,1.7453292520,1.7456701366,0.0000000000,-0.0000000000,-0.0003408846,0.0000000000,-0.1186782311,-0.1177876721,-0.0003363813,0.4768592764,0.5454257885,1.0255838516,0.0071310886,0.0369953481,7.7690230910,-7.322,-6,0.1639902763,1.7453292520,0.0000000000,0,0.0000000000,0,0.000,0
18.666802,1.7453292520,1.7456701366,0.0000000000,-0.0000000000,-0.0003408846,0.0000000000,-0.1186924346,-0.1178016880,-0.0003363813,0.4768479067,0.5454747723,1.0258807586,0.0071257685,0.0370023425,7.7704919311,-7.323,-5,0.1639898201,1.7453292520,0.0000000000,0,0.0000000000,0,0.000,0
18.708537,1.7453292520,1.7456701366,0.0000000000,-0.0000000000,-0.0003408846,0.0000000000,-0.1187066381,-0.1178157039,-0.0003363813,0.4768479387,0.5455234535,1.0261774508,0.0071206121,0.0370100498,7.7721104500,-7.325,-7,0.1639929349,1.7453292520,0.0000000000,0,0.0000000000,0,0.000,0
18.750113,1.7453292520,1.7472041174,0.0000000000,-0.0000000000,-0.0018748654,0.0000000000,-0.1187847575,-0.1209404207,-0.0749932030,0.4761252047,0.5455718338,1.0264913088,0.0075325915,0.0379473152,7.9689361817,-7.522,-6,0.1647601424,1.7453292520,0.0000000000,0,0.0000000000,0,0.000,0
18.791772,1.7453292520,1.7456701366,0.0000000000,-0.0000000000,-0.0003408846,0.0000000000,-0.1187989610,-0.1179068071,0.0728067244,0.4790967437,0.5456227238,1.0267892140,0.0071497263,0.0371900801,7.8099168150,-7.363,-6,0.1647173529,1.7453292520,0.0000000000,0,0.0000000000,0,0.000,0
18.833456,1.7453292520,1.7456701366,0.0000000000,-0.0000000000,-0.0003408846,0.0000000000,-0.1188131646,-0.1179208230,-0.0003363813,0.4789736828,0.5456707518,1.0270868325,0.0071428436,0.0371898565,7.8098698634,-7.363,-5,0.1646819219,1.7453292520,0.0000000000,0,0.0000000000,0,0.000,0
18.875125,1.7453292520,1.7456701366,0.0000000000,-0.0000000000,-0.0003408846,0.0000000000,-0.1188273681,-0.1179348389,-0.0003363813,0.4788720187,0.5457184655,1.0273841769,0.0071362648,0.0371909861,7.8101070778,-7.363,-6,0.1646531921,1.7453292520,0.0000000000,0,0.0000000000,0,0.000,0
18.916868,1.7453292520,1.7456701366,0.0000000000,-0.0000000000,-0.0003408846,0.0000000000,-0.1188415716,-0.1179488548,-0.0003363813,0.4787898401,0.5457658674,1.0276812587,0.0071299631,0.0371933468,7.8106028367,-7.363,-5,0.1646305649,1.7453292520,0.0000000000,0,0.0000000000,0,0.000,0
18.958475,1.7453292520,1.7456701366,0.0000000000,-0.0000000000,-0.0003408846,0.0000000000,-0.1188557751,-0.1179628707,-0.0003363813,0.4787254066,0.5458129601,1.0279780884,0.0071239142,0.0371968276,7.8113338036,-7.364,-7,0.1646134952,1.7453292520,0.0000000000,0,0.0000000000,0,0.000,0
19.000140,1.7453292520,1.7456701366,0.0000000000,-0.0000000000,-0.0003408846,0.0000000000,-0.1188699787,-0.1179768866,-0.0003363813,0.4786771333,0.5458597456,1.0282746758,0.0071180961,0.0372013273,7.8122787230,-7.365,-8,0.1646014866,1.7453292520,0.0000000000,0,0.0000000000,0,0.000,0
19.041795,1.7453292520,1.7456701366,0.0000000000,-0.0000000000,-0.0003408846,0.0000000000,-0.1188841822,-0.1179909025,-0.0003363813,0.4786435768,0.5459062259,1.0285710295,0.0071124885,0.0372067535,7.8134182350,-7.366,-5,0.1645940871,1.7453292520,0.0000000000,0,0.0000000000,0,0.000,0
19.083455,1.7453292520,1.7456701366,0.0000000000,-0.0000000000,-0.0003408846,0.0000000000,-0.1188983857,-0.1180049184,-0.0003363813,0.4786234229,0.5459524029,1.0288671575,0.0071070732,0.0372130224,7.8147347060,-7.367,-6,0.1645908852,1.7453292520,0.0000000000,0,0.0000000000,0,0.000,0
19.125143,1.7453292520,1.7456701366,0.0000000000,-0.0000000000,-0.0003408846,0.0000000000,-0.1189125892,-0.1180189343,-0.0003363813,0.4786154750,0.5459982783,1.0291630672,0.0071018333,0.0372200575,7.8162120751,-7.369,-7,0.1645915061,1.7453292520,0.0000000000,0,0.0000000000,0,0.000,0
19.166777,1.7453292520,1.7456701366,0.0000000000,-0.0000000000,-0.0003408846,0.0000000000,-0.1189267928,-0.1180329501,-0.0003363813,0.4786186432,0.5460438535,1.0294587653,0.0070967536,0.0372277891,7.8178357137,-7.371,-7,0.1645956083,1.7453292520,0.0000000000,0,0.0000000000,0,0.000,0
19.208473,1.7453292520,1.7456701366,0.0000000000,-0.0000000000,-0.0003408846,0.0000000000,-0.1189409963,-0.1180469660,-0.0003363813,0.4786319352,0.5460891299,1.0297542578,0.0070918203,0.0372361538,7.8195922977,-7.372,-8,0.1646028813,1.7453292520,0.0000000000,0,0.0000000000,0,0.000,0
19.250206,1.7453292520,1.7456701366,0.0000000000,-0.0000000000,-0.0003408846,0.0000000000,-0.1189551998,-0.1180609819,-0.0003363813,0.4786544473,0.5461341090,1.0300495503,0.0070870206,0.0372450938,7.8214696914,-7.374,-7,0.1646130419,1.7453292520,0.0000000000,0,0.0000000000,0,0.000,0
19.291794,1.7453292520,1.7456701366,0.0000000000,-0.0000000000,-0.0003408846,0.0000000000,-0.1189694033,-0.1180749978,-0.0003363813,0.4786853567,0.5461787919,1.0303446480,0.0070823432,0.0372545564,7.8234568411,-7.376,-8,0.1646258325,1.7453292520,0.0000000000,0,0.0000000000,0,0.000,0
19.333532,1.7453292520,1.7456701366,0.0000000000,-0.0000000000,-0.0003408846,0.0000000000,-0.1189836069,-0.1180890137,-0.0003363813,0.4787239140,0.5462231797,1.0306395554,0.0070777776,0.0372644937,7.8255436792,-7.378,-8,0.1646410183,1.7453292520,0.0000000000,0,0.0000000000,0,0.000,0
19.375101,1.7453292520,1.7456701366,0.0000000000,-0.0000000000,-0.0003408846,0.0000000000,-0.1189978104,-0.1181030296,-0.0003363813,0.4787694369,0.5462672734,1.0309342768,0.0070733140,0.0372748621,7.8277210358,-7.380,-8,0.1646583858,1.7453292520,0.0000000000,0,0.0000000000,0,0.000,0
19.416797,1.7453292520,1.7456701366,0.0000000000,-0.0000000000,-0.0003408846,0.0000000000,-0.1190120139,-0.1181170455,-0.0003363813,0.4788213041,0.5463110740,1.0312288161,0.0070689440,0.0372856217,7.8299805586,-7.383,-7,0.1646777403,1.7453292520,0.0000000000,0,0.0000000000,0,0.000,0
19.458453,1.7453292520,1.7456701366,0.0000000000,-0.0000000000,-0.0003408846,0.0000000000,-0.1190262174,-0.1181310614,-0.0003363813,0.4788789498,0.5463545824,1.0315231769,0.0070646594,0.0372967364,7.8323146405,-7.385,-6,0.1646989046,1.7453292520,0.0000000000,0,0.0000000000,0,0.000,0
19.500212,1.7453292520,1.7456701366,0.0000000000,-0.0000000000,-0.0003408846,0.0000000000,-0.1190404210,-0.1181450773,-0.0003363813,0.4789418587,0.5463977994,1.0318173625,0.0070604532,0.0373081731,7.8347163527,-7.387,-5,0.1647217174,1.7453292520,0.0000000000,0,0.0000000000,0,0.000,0
19.541874,1.7453292520,1.7456701366,0.0000000000,-0.0000000000,-0.0003408846,0.0000000000,-0.1190546245,-0.1181590931,-0.0003363813,0.4790095617,0.5464407258,1.0321113758,0.0070563188,0.0373199018,7.8371793841,-7.390,-5,0.1647460318,1.7453292520,0.0000000000,0,0.0000000000,0,0.000,0
19.583454,1.7453292520,1.7456701366,0.0000000000,-0.0000000000,-0.0003408846,0.0000000000,-0.1190688280,-0.1181731090,-0.0003363813,0.4790816316,0.5464833622,1.0324052195,0.0070522501,0.0373318952,7.8396979868,-7.392,-6,0.1647717139,1.7453292520,0.0000000000,0,0.0000000000,0,0.000,0
19.625119,1.7453292520,1.7456701366,0.0000000000,-0.0000000000,-0.0003408846,0.0000000000,-0.1190830315,-0.1181871249,-0.0003363813,0.4791576792,0.5465257094,1.0326988963,0.0070482416,0.0373441282,7.8422669253,-7.395,-7,0.1647986420,1.7453292520,0.0000000000,0,0.0000000000,0,0.000,0
19.666784,1.7453292520,1.7456701366,0.0000000000,-0.0000000000,-0.0003408846,0.0000000000,-0.1190972351,-0.1182011408,-0.0003363813,0.4792373505,0.5465677680,1.0329924083,0.0070442886,0.0373565782,7.8448814309,-7.398,-7,0.1648267050,1.7453292520,0.0000000000,0,0.0000000000,0,0.000,0
19.708441,1.7453292520,1.7456701366,0.0000000000,-0.0000000000,-0.0003408846,0.0000000000,-0.1191114386,-0.1182151567,-0.0003363813,0.4793203227,0.5466095386,1.0332857577,0.0070403863,0.0373692246,7.8475371605,-7.400,-7,0.1648558020,1.7453292520,0.0000000000,0,0.0000000000,0,0.000,0
19.750109,1.7453292520,1.7456701366,0.0000000000,-0.0000000000,-0.0003408846,0.0000000000,-0.1191256421,-0.1182291726,-0.0003363813,0.4794063021,0.5466510217,1.0335789465,0.0070365307,0.0373820484,7.8502301580,-7.403,-7,0.1648858409,1.7453292520,0.0000000000,0,0.0000000000,0,0.000,0
19.791785,1.7453292520,1.7456701366,0.0000000000,-0.0000000000,-0.0003408846,0.0000000000,-0.1191398456,-0.1182431885,-0.0003363813,0.4794950212,0.5466922179,1.0338719764,0.0070327180,0.0373950325,7.8529568204,-7.406,-6,0.1649167380,1.7453292520,0.0000000000,0,0.0000000000,0,0.000,0
19.833442,1.7453292520,1.7472041174,0.0000000000,-0.0000000000,-0.0018748654,0.0000000000,-0.1192179650,-0.1213679053,-0.0749932030,0.4788486603,0.5467331276,1.0341823662,0.0074493549,0.0383432231,8.0520768494,-7.605,-5,0.1657119575,1.7453292520,0.0000000000,0,0.0000000000,0,0.000,0
19.875143,1.7453292520,1.7456701366,0.0000000000,-0.0000000000,-0.0003408846,0.0000000000,-0.1192321686,-0.1183342918,0.0728067244,0.4819063190,0.5467761728,1.0344767248,0.0070646061,0.0375856082,7.8929777194,-7.446,-6,0.1656920487,1.7453292520,0.0000000000,0,0.0000000000,0,0.000,0
19.916928,1.7453292520,1.7456701366,0.0000000000,-0.0000000000,-0.0003408846,0.0000000000,-0.1192463721,-0.1183483076,-0.0003363813,0.4818497937,0.5468167206,1.0347708391,0.0070587435,0.0375891895,7.8937298002,-7.446,-6,0.1656774663,1.7453292520,0.0000000000,0,0.0000000000,0,0.000,0
19.958530,1.7453292520,1.7456701366,0.0000000000,-0.0000000000,-0.0003408846,0.0000000000,-0.1192605756,-0.1183623235,-0.0003363813,0.4818087579,0.5468569681,1.0350647184,0.0070531035,0.0375937521,7.8946879321,-7.447,-7,0.1656677347,1.7453292520,0.0000000000,0,0.0000000000,0,0.000,0
20.000119,1.7453292520,1.7456701366,0.0000000000,-0.0000000000,-0.0003408846,0.0000000000,-0.1192747791,-0.1183763394,-0.0003363813,0.4817818283,0.5468969169,1.0353583712,0.0070476668,0.0375992069,7.8958334542,-7.449,-7,0.1656624205,1.7453292520,0.0000000000,0,0.0000000000,0,0.000,0
20.041783,1.7453292520,1.7456701366,0.0000000000,-0.0000000000,-0.0003408846,0.0000000000,-0.1192889827,-0.1183903553,-0.0003363813,0.4817677451,0.5469365688,1.0356518052,0.0070424155,0.0376054732,7.8971493704,-7.450,-8,0.1656611294,1.7453292520,0.0000000000,0,0.0000000000,0,0.000,0
20.083470,1.7453292520,1.7456701366,0.0000000000,-0.0000000000,-0.0003408846,0.0000000000,-0.1193031862,-0.1184043712,-0.0003363813,0.4817653615,0.5469759250,1.0359450274,0.0070373336,0.0376124771,7.8986202003,-7.451,-6,0.1656635022,1.7453292520,0.0000000000,0,0.0000000000,0,0.000,0
20.125195,1.7453292520,1.7456701366,0.0000000000,-0.0000000000,-0.0003408846,0.0000000000,-0.1193173897,-0.1184183871,-0.0003363813,0.4817736329,0.5470149871,1.0362380443,0.0070324064,0.0376201516,7.9002318441,-7.453,-6,0.1656692118,1.7453292520,0.0000000000,0,0.0000000000,0,0.000,0
20.166777,1.7453292520,1.7456701366,0.0000000000,-0.0000000000,-0.0003408846,0.0000000000,-0.1193315932,-0.1184324030,-0.0003363813,0.4817916081,0.5470537562,1.0365308618,0.0070276204,0.0376284355,7.9019714599,-7.455,-7,0.1656779603,1.7453292520,0.0000000000,0,0.0000000000,0,0.000,0
20.208478,1.7453292520,1.7472041174,0.0000000000,-0.0000000000,-0.0018748654,0.0000000000,-0.1194097126,-0.1215571198,-0.0749932030,0.4810773204,0.5470922335,1.0368410966,0.0074456352,0.0385764372,8.1010518073,-7.654,-6,0.1664542123,1.7453292520,0.0000000000,0,0.0000000000,0,0.000,0
20.250108,1.7453292520,1.7456701366,0.0000000000,-0.0000000000,-0.0003408846,0.0000000000,-0.1194239162,-0.1185235062,0.0728067244,0.4840834630,0.5471327097,1.0371351807,0.0070580170,0.0378114382,7.9404020279,-7.493,-8,0.1664158684,1.7453292520,0.0000000000,0,0.0000000000,0,0.000,0
20.291767,1.7453292520,1.7456701366,0.0000000000,-0.0000000000,-0.0003408846,0.0000000000,-0.1194381197,-0.1185375221,-0.0003363813,0.4839733282,0.5471708034,1.0374289897,0.0070514154,0.0378113991,7.9403938136,-7.493,-8,0.1663845048,1.7453292520,0.0000000000,0,0.0000000000,0,0.000,0
20.333588,1.7453292520,1.7456701366,0.0000000000,-0.0000000000,-0.0003408846,0.0000000000,-0.1194523232,-0.1185515380,-0.0003363813,0.4838834928,0.5472085935,1.0377225357,0.0070451051,0.0378126538,7.9406573060,-7.493,-7,0.1663594979,1.7453292520,0.0000000000,0,0.0000000000,0,0.000,0
20.375104,1.7453292520,1.7456701366,0.0000000000,-0.0000000000,-0.0003408846,0.0000000000,-0.1194665267,-0.1185655539,-0.0003363813,0.4838121436,0.5472460823,1.0380158299,0.0070390606,0.0378150856,7.9411679846,-7.494,-8,0.1663402799,1.7453292520,0.0000000000,0,0.0000000000,0,0.000,0
20.416781,1.7453292520,1.7456701366,0.0000000000,-0.0000000000,-0.0003408846,0.0000000000,-0.1194807303,-0.1185795698,-0.0003363813,0.4837576294,0.5472832717,1.0383088823,0.0070332586,0.0378185882,7.9419035159,-7.495,-7,0.1663263337,1.7453292520,0.0000000000,0,0.0000000000,0,0.000,0
20.458524,1.7453292520,1.7456701366,0.0000000000,-0.0000000000,-0.0003408846,0.0000000000,-0.1194949338,-0.1185935857,-0.0003363813,0.4837184467,0.5473201633,1.0386017023,0.0070276778,0.0378230646,7.9428435585,-7.496,-6,0.1663171885,1.7453292520,0.0000000000,0,0.0000000000,0,0.000,0
20.500096,1.7453292520,1.7456701366,0.0000000000,-0.0000000000,-0.0003408846,0.0000000000,-0.1195091373,-0.1186076016,-0.0003363813,0.4836932262,0.5473567589,1.0388942980,0.0070222989,0.0378284266,7.9439695853,-7.497,-6,0.1663124156,1.7453292520,0.0000000000,0,0.0000000000,0,0.000,0
20.541794,1.7453292520,1.7456701366,0.0000000000,-0.0000000000,-0.0003408846,0.0000000000,-0.1195233408,-0.1186216175,-0.0003363813,0.4836807213,0.5473930600,1.0391866774,0.0070171043,0.0378345939,7.9452647217,-7.498,-7,0.1663116245,1.7453292520,0.0000000000,0,0.0000000000,0,0.000,0
20.583431,1.7453292520,1.7456701366,0.0000000000,-0.0000000000,-0.0003408846,0.0000000000,-0.1195375444,-0.1186356334,-0.0003363813,0.4836797965,0.5474290678,1.0394788473,0.0070120780,0.0378414933,7.9467135985,-7.499,-5,0.1663144598,1.7453292520,0.0000000000,0,0.0000000000,0,0.000,0
20.625117,1.7453292520,1.7456701366,0.0000000000,-0.0000000000,-0.0003408846,0.0000000000,-0.1195517479,-0.1186496492,-0.0003363813,0.4836894181,0.5474647837,1.0397708142,0.0070072054,0.0378490582,7.9483022171,-7.501,-5,0.1663205976,1.7453292520,0.0000000000,0,0.0000000000,0,0.000,0
20.666777,1.7453292520,1.7456701366,0.0000000000,-0.0000000000,-0.0003408846,0.0000000000,-0.1195659514,-0.1186636651,-0.0003363813,0.4837086446,0.5475002089,1.0400625839,0.0070024731,0.0378572278,7.9500178276,-7.503,-7,0.1663297433,1.7453292520,0.0000000000,0,0.0000000000,0,0.000,0
20.708477,1.7453292520,1.7456701366,0.0000000000,-0.0000000000,-0.0003408846,0.0000000000,-0.1195801549,-0.1186776810,-0.0003363813,0.4837366188,0.5475353443,1.0403541618,0.0069978691,0.0378659467,7.9518488175,-7.505,-8,0.1663416283,1.7453292520,0.0000000000,0,0.0000000000,0,0.000,0
20.750126,1.7453292520,1.7456701366,0.0000000000,-0.0000000000,-0.0003408846,0.0000000000,-0.1195943585,-0.1186916969,-0.0003363813,0.4837725600,0.5475701910,1.0406455527,0.0069933823,0.0378751648,7.9537846099,-7.507,-8,0.1663560083,1.7453292520,0.0000000000,0,0.0000000000,0,0.000,0
20.791771,1.7453292520,1.7456701366,0.0000000000,-0.0000000000,-0.0003408846,0.0000000000,-0.1196085620,-0.1187057128,-0.0003363813,0.4838157573,0.5476047499,1.0409367612,0.0069890027,0.0378848361,7.9558155715,-7.509,-8,0.1663726605,1.7453292520,0.0000000000,0,0.0000000000,0,0.000,0
20.833465,1.7453292520,1.7456701366,0.0000000000,-0.0000000000,-0.0003408846,0.0000000000,-0.1196227655,-0.1187197287,-0.0003363813,0.4838655635,0.5476390219,1.0412277912,0.0069847210,0.0378949187,7.9579329281,-7.511,-8,0.1663913824,1.7453292520,0.0000000000,0,0.0000000000,0,0.000,0
20.875125,1.7453292520,1.7456701366,0.0000000000,-0.0000000000,-0.0003408846,0.0000000000,-0.1196369691,-0.1187337446,-0.0003363813,0.4839213892,0.5476730078,1.0415186466,0.0069805291,0.0379053747,7.9601286883,-7.513,-8,0.1664119893,1.7453292520,0.0000000000,0,0.0000000000,0,0.000,0
20.916866,1.7453292520,1.7456701366,0.0000000000,-0.0000000000,-0.0003408846,0.0000000000,-0.1196511726,-0.1187477605,-0.0003363813,0.4839826974,0.5477067082,1.0418093307,0.0069764191,0.0379161694,7.9623955735,-7.515,-8,0.1664343132,1.7453292520,0.0000000000,0,0.0000000000,0,0.000,0
20.958512,1.7453292520,1.7456701366,0.0000000000,-0.0000000000,-0.0003408846,0.0000000000,-0.1196653761,-0.1187617764,-0.0003363813,0.4840489996,0.5477401239,1.0420998467,0.0069723844,0.0379272712,7.9647269543,-7.517,-8,0.1664582011,1.7453292520,0.0000000000,0,0.0000000000,0,0.000,0
21.000111,1.7453292520,1.7456701366,0.0000000000,-0.0000000000,-0.0003408846,0.0000000000,-0.1196795796,-0.1187757922,-0.0003363813,0.4841198505,0.5477732555,1.0423901975,0.0069684184,0.0379386514,7.9671167925,-7.520,-7,0.1664835134,1.7453292520,0.0000000000,0,0.0000000000,0,0.000,0
21.041785,1.7453292520,1.7456701366,0.0000000000,-0.0000000000,-0.0003408846,0.0000000000,-0.1196937832,-0.1187898081,-0.0003363813,0.4841948449,0.5478061036,1.0426803856,0.0069645156,0.0379502838,7.9695595887,-7.522,-8,0.1665101235,1.7453292520,0.0000000000,0,0.0000000000,0,0.000,0
21.083459,1.7453292520,1.7456701366,0.0000000000,-0.0000000000,-0.0003408846,0.0000000000,-0.1197079867,-0.1188038240,-0.0003363813,0.4842736137,0.5478386688,1.0429704136,0.0069606706,0.0379621444,7.9720503339,-7.525,-7,0.1665379156,1.7453292520,0.0000000000,0,0.0000000000,0,0.000,0
21.125145,1.7453292520,1.7456701366,0.0000000000,-0.0000000000,-0.0003408846,0.0000000000,-0.1197221902,-0.1188178399,-0.0003363813,0.4843558209,0.5478709516,1.0432602835,0.0069568788,0.0379742117,7.9745844659,-7.527,-8,0.1665667845,1.7453292520,0.0000000000,0,0.0000000000,0,0.000,0
21.166923,1.7453292520,1.7456701366,0.0000000000,-0.0000000000,-0.0003408846,0.0000000000,-0.1197363937,-0.1188318558,-0.0003363813,0.4844411604,0.5479029525,1.0435499975,0.0069531357,0.0379864659,7.9771578294,-7.530,-6,0.1665966345,1.7453292520,0.0000000000,0,0.0000000000,0,0.000,0
21.208483,1.7453292520,1.7456701366,0.0000000000,-0.0000000000,-0.0003408846,0.0000000000,-0.1197505973,-0.1188458717,-0.0003363813,0.4845293535,0.5479346721,1.0438395574,0.0069494374,0.0379988888,7.9797666400,-7.532,-7,0.1666273782,1.7453292520,0.0000000000,0,0.0000000000,0,0.000,0
21.250137,1.7453292520,1.7456701366,0.0000000000,-0.0000000000,-0.0003408846,0.0000000000,-0.1197648008,-0.1188598876,-0.0003363813,0.4846201464,0.5479661106,1.0441289649,0.0069457803,0.0380114640,7.9824074504,-7.535,-8,0.1666589362,1.7453292520,0.0000000000,0,0.0000000000,0,0.000,0
21.291827,1.7453292520,1.7456701366,0.0000000000,-0.0000000000,-0.0003408846,0.0000000000,-0.1197790043,-0.1188739035,-0.0003363813,0.4847133082,0.5479972686,1.0444182216,0.0069421612,0.0380241768,7.9850771211,-7.538,-7,0.1666912361,1.7453292520,0.0000000000,0,0.0000000000,0,0.000,0
21.333535,1.7453292520,1.7456701366,0.0000000000,-0.0000000000,-0.0003408846,0.0000000000,-0.1197932078,-0.1188879194,-0.0003363813,0.4848086283,0.5480281465,1.0447073290,0.0069385770,0.0380370133,7.9877727925,-7.540,-7,0.1667242121,1.7453292520,0.0000000000,0,0.0000000000,0,0.000,0
21.375110,1.7453292520,1.7456701366,0.0000000000,-0.0000000000,-0.0003408846,0.0000000000,-0.1198074114,-0.1189019352,-0.0003363813,0.4849059151,0.5480587446,1.0449962884,0.0069350250,0.0380499612,7.9904918602,-7.543,-8,0.1667578041,1.7453292520,0.0000000000,0,0.0000000000,0,0.000,0
21.416889,1.7453292520,1.7456701366,0.0000000000,-0.0000000000,-0.0003408846,0.0000000000,-0.1198216149,-0.1189159511,-0.0003363813,0.4850049942,0.5480890634,1.0452851010,0.0069315028,0.0380630093,7.9932319518,-7.546,-7,0.1667919576,1.7453292520,0.0000000000,0,0.0000000000,0,0.000,0
21.458472,1.7453292520,1.7456701366,0.0000000000,-0.0000000000,-0.0003408846,0.0000000000,-0.1198358184,-0.1189299670,-0.0003363813,0.4851057066,0.5481191031,1.0455737680,0.0069280080,0.0380761472,7.9959909067,-7.549,-8,0.1668266227,1.7453292520,0.0000000000,0,0.0000000000,0,0.000,0
21.500131,1.7453292520,1.7456701366,0.0000000000,-0.0000000000,-0.0003408846,0.0000000000,-0.1198500219,-0.1189439829,-0.0003363813,0.4852079077,0.5481488642,1.0458622905,0.0069245387,0.0380893655,7.9987667569,-7.551,-7,0.1668617541,1.7453292520,0.0000000000,0,0.0000000000,0,0.000,0
21.541800,1.7453292520,1.7456701366,0.0000000000,-0.0000000000,-0.0003408846,0.0000000000,-0.1198642255,-0.1189579988,-0.0003363813,0.4853114657,0.5481783469,1.0461506693,0.0069210929,0.0381026558,8.0015577101,-7.554,-8,0.1668973106,1.7453292520,0.0000000000,0,0.0000000000,0,0.000,0
21.583535,1.7453292520,1.7456701366,0.0000000000,-0.0000000000,-0.0003408846,0.0000000000,-0.1198784290,-0.1189720147,-0.0003363813,0.4854162607,0.5482075515,1.0464389055,0.0069176690,0.0381160102,8.0043621337,-7.557,-8,0.1669332547,1.7453292520,0.0000000000,0,0.0000000000,0,0.000,0
21.625127,1.7453292520,1.7456701366,0.0000000000,-0.0000000000,-0.0003408846,0.0000000000,-0.1198926325,-0.1189860306,-0.0003363813,0.4855221833,0.5482364785,1.0467269999,0.0069142653,0.0381294216,8.0071785405,-7.560,-7,0.1669695521,1.7453292520,0.0000000000,0,0.0000000000,0,0.000,0
21.666770,1.7453292520,1.7456701366,0.0000000000,-0.0000000000,-0.0003408846,0.0000000000,-0.1199068360,-0.1190000465,-0.0003363813,0.4856291342,0.5482651280,1.0470149533,0.0069108805,0.0381428837,8.0100055763,-7.563,-6,0.1670061717,1.7453292520,0.0000000000,0,0.0000000000,0,0.000,0
21.708453,1.7453292520,1.7456701366,0.0000000000,-0.0000000000,-0.0003408846,0.0000000000,-0.1199210396,-0.1190140624,-0.0003363813,0.4857370226,0.5482935004,1.0473027663,0.0069075133,0.0381563905,8.0128420074,-7.566,-8,0.1670430851,1.7453292520,0.0000000000,0,0.0000000000,0,0.000,0
21.750115,1.7453292520,1.7456701366,0.0000000000,-0.0000000000,-0.0003408846,0.0000000000,-0.1199352431,-0.1190280782,-0.0003363813,0.4858457662,0.5483215959,1.0475904398,0.0069041625,0.0381699367,8.0156867103,-7.568,-8,0.1670802664,1.7453292520,0.0000000000,0,0.0000000000,0,0.000,0
21.791770,1.7453292520,1.7456701366,0.0000000000,-0.0000000000,-0.0003408846,0.0000000000,-0.1199494466,-0.1190420941,-0.0003363813,0.4859552898,0.5483494149,1.0478779742,0.0069008270,0.0381835174,8.0185386614,-7.571,-8,0.1671176923,1.7453292520,0.0000000000,0,0.0000000000,0,0.000,0
21.833460,1.7453292520,1.7456701366,0.0000000000,-0.0000000000,-0.0003408846,0.0000000000,-0.1199636501,-0.1190561100,-0.0003363813,0.4860655250,0.5483769575,1.0481653703,0.0068975059,0.0381971282,8.0213969286,-7.574,-6,0.1671553411,1.7453292520,0.0000000000,0,0.0000000000,0,0.000,0
21.875114,1.7453292520,1.7456701366,0.0000000000,-0.0000000000,-0.0003408846,0.0000000000,-0.1199778537,-0.1190701259,-0.0003363813,0.4861764094,0.5484042241,1.0484526286,0.0068941982,0.0382107651,8.0242606628,-7.577,-8,0.1671931935,1.7453292520,0.0000000000,0,0.0000000000,0,0.000,0
21.916789,1.7453292520,1.7456701366,0.0000000000,-0.0000000000,-0.0003408846,0.0000000000,-0.1199920572,-0.1190841418,-0.0003363813,0.4862878865,0.5484312149,1.0487397495,0.0068909032,0.0382244242,8.0271290907,-7.580,-7,0.1672312317,1.7453292520,0.0000000000,0,0.0000000000,0,0.000,0
21.958516,1.7453292520,1.7456701366,0.0000000000,-0.0000000000,-0.0003408846,0.0000000000,-0.1200062607,-0.1190981577,-0.0003363813,0.4863999045,0.5484579301,1.0490267337,0.0068876201,0.0382381024,8.0300015077,-7.583,-8,0.1672694394,1.7453292520,0.0000000000,0,0.0000000000,0,0.000,0
