t,q_ref_rad,q_meas_rad,qd_ref_rad_s,qd_meas_rad_s,e_rad,e_dot_rad_s,e_int,psi,psi_dot,kappa_delta,nussbaum_n,zeta,zeta_dot,u_cmd,u_aux,u_robust,u_fric,tail_activation,max_control_eff,current_from_u_raw,goal_current_raw,slew_boost,max_current_slew_eff_raw_s,present_current_raw,psi_hat_norm
0.000001,2.4405634335,2.4405634335,0.0000004672,0.0000000000,0.0000000000,0.0000004672,0.0000000000,0.0000004672,0.0000560595,-0.0000000000,0.4965219569,0.8860000000,0.0000000000,-0.0000000197,-0.0000000012,-0.0000000000,0.0000000033,0.0000000000,0.0419278226,-0.0000041395,-0.101,1.000000,18.1765949701,0,0.0000000000
0.008417,2.4405893251,2.4390294527,0.0030755336,0.0000000000,0.0015598723,0.0030755336,0.0000129989,0.0061862576,0.7422948539,0.0000000000,0.4965219569,0.8860000316,0.0000037887,-0.0002826823,-0.0000078435,-0.0000000000,0.0000214073,0.0000000000,0.0419278226,-0.0593632883,-0.041,1.000000,18.1765949701,0,0.0000042788
0.016777,2.4406662723,2.4390294527,0.0061241162,0.0000000000,0.0016368195,0.0061241162,0.0000266391,0.0094011072,0.3857819536,0.0000065891,0.4965219731,0.8860001045,0.0000087503,-0.0004195220,-0.0000156183,-0.0000000000,0.0000426265,0.0000000000,0.0419278226,-0.0880996179,-0.013,1.000000,18.1765949701,0,0.0000140923
0.029077,2.4408720659,2.4390294527,0.0105846447,0.0000000000,0.0018426132,0.0105846447,0.0000419942,0.0142854829,0.5861250781,0.0000217287,0.4965220105,0.8860002729,0.0000202079,-0.0006286954,-0.0000269940,-0.0000000000,0.0000736713,0.0000000000,0.0419278226,-0.1320260373,0.031,1.000000,18.1765949701,0,0.0000367058
0.036570,2.4410512263,2.4390294527,0.0132797846,0.0000000000,0.0020217735,0.0132797846,0.0000588423,0.0173530483,0.3681078525,0.0000566405,0.4965220968,0.8860005215,0.0000298288,-0.0007610617,-0.0000338675,-0.0000000000,0.0000924274,0.0000000000,0.0419278226,-0.1598229491,0.059,1.000000,18.1765949701,0,0.0000698157
0.043747,2.4412607961,2.4390294527,0.0158404247,0.0000000000,0.0022313433,0.0158404247,0.0000774368,0.0203482291,0.3594217000,0.0001078138,0.4965222243,0.8860008634,0.0000410356,-0.0008910750,-0.0000403979,-0.0000000000,0.0001102458,0.0000000000,0.0419278226,-0.1871257425,0.086,1.000000,18.1765949701,0,0.0001150310
0.050894,2.4415062153,2.4390294527,0.0183664246,0.0000000000,0.0024767626,0.0183664246,0.0000980765,0.0233819834,0.3640505121,0.0001777727,0.4965223996,0.8860013153,0.0000542222,-0.0010236009,-0.0000468399,-0.0000000000,0.0001278212,0.0000000000,0.0419278226,-0.2149561799,0.114,1.000000,18.1765949701,0,0.0001743720
0.058414,2.4418037524,2.4390294527,0.0209942564,0.0000000000,0.0027742996,0.0209942564,0.0001211957,0.0266235204,0.3889844350,0.0002696961,0.4965226314,0.8860019016,0.0000703635,-0.0011661612,-0.0000535417,-0.0000000000,0.0001461028,0.0000000000,0.0419278226,-0.2448938502,0.144,1.000000,18.1765949701,0,0.0002509194
0.066753,2.4421803762,2.4390294527,0.0238664886,0.0000000000,0.0031509235,0.0238664886,0.0001474534,0.0302696189,0.4375318242,0.0003884355,0.4965229320,0.8860026605,0.0000910646,-0.0013276828,-0.0000608668,-0.0000000000,0.0001660816,0.0000000000,0.0419278226,-0.2788133952,0.178,1.000000,18.1765949701,0,0.0003495046
0.075103,2.4426061639,2.4390294527,0.0266925343,0.0000000000,0.0035767111,0.0266925343,0.0001772593,0.0339706689,0.4441260045,0.0005415336,0.4965233212,0.8860036178,0.0001148716,-0.0014932543,-0.0000680740,-0.0000000000,0.0001857355,0.0000000000,0.0419278226,-0.3135834111,0.213,1.000000,18.1765949701,0,0.0004731892
0.083417,2.4430779998,2.4390294527,0.0294512615,0.0000000000,0.0040485471,0.0294512615,0.0002109972,0.0376997296,0.4474872763,0.0007338263,0.4965238121,0.8860047990,0.0001417487,-0.0016619814,-0.0000751096,-0.0000000000,0.0002049175,0.0000000000,0.0419278226,-0.3490161020,0.248,1.000000,18.1765949701,0,0.0006248969
0.091753,2.4435983145,2.4390294527,0.0321555888,0.0000000000,0.0045688618,0.0321555888,0.0002490711,0.0414749446,0.4530257980,0.0009699578,0.4965244178,0.8860062321,0.0001719654,-0.0018349966,-0.0000820065,-0.0000000000,0.0002237170,0.0000000000,0.0419278226,-0.3853492775,0.285,1.000000,18.1765949701,0,0.0008077491
0.100180,2.4441717827,2.4390294527,0.0348213226,0.0000000000,0.0051423300,0.0348213226,0.0002919238,0.0453218412,0.4616275935,0.0012549008,0.4965251526,0.8860079481,0.0002059305,-0.0020138355,-0.0000888049,-0.0000000000,0.0002422440,0.0000000000,0.0419278226,-0.4229054576,0.322,1.000000,18.1765949701,0,0.0010252013
0.108426,2.4447782131,2.4374954720,0.0373570531,0.0000000000,0.0072827412,0.0373570531,0.0003526133,0.0521682710,0.8215715848,0.0015974900,0.4965260326,0.8860102296,0.0002737789,-0.0023459040,-0.0000952718,-0.0000000000,0.0002598632,0.0000000000,0.0419278226,-0.4926398333,0.392,1.000000,18.1765949701,0,0.0013150371
0.116760,2.4454358128,2.4374954720,0.0398412506,0.0000000000,0.0079403408,0.0398412506,0.0004187828,0.0560237079,0.4626524252,0.0020508960,0.4965272025,0.8860128727,0.0003171640,-0.0025338426,-0.0001016072,-0.0000000000,0.0002771200,0.0000000000,0.0419278226,-0.5321069453,0.431,1.000000,18.1765949701,0,0.0016472320
0.125087,2.4461368889,2.4374954720,0.0422390722,0.0000000000,0.0086414169,0.0422390722,0.0004907946,0.0598848737,0.4633398972,0.0025711792,0.4965285578,0.8860159081,0.0003642544,-0.0027264009,-0.0001077224,-0.0000000000,0.0002937724,0.0000000000,0.0419278226,-0.5725441960,0.472,1.000000,18.1765949701,0,0.0020245564
0.133423,2.4468817690,2.4374954720,0.0445493605,0.0000000000,0.0093862970,0.0445493605,0.0005690138,0.0637516219,0.4640097787,0.0031628226,0.4965301143,0.8860193683,0.0004152172,-0.0029245853,-0.0001136143,-0.0000000000,0.0003098126,0.0041774535,0.0419278226,-0.6141629217,0.513,1.000000,18.1765949701,0,0.0024497520
0.141797,2.4476724383,2.4374954720,0.0467741468,0.0000000000,0.0101769664,0.0467741468,0.0006538218,0.0676303024,0.4654416591,0.0038302793,0.4965318886,0.8860232877,0.0004703311,-0.0031301819,-0.0001192882,-0.0000000000,0.0003252549,0.0195678468,0.0419278226,-0.6573382053,0.557,1.000000,18.1765949701,0,0.0029256312
0.150094,2.4484966700,2.4374954720,0.0488782719,0.0000000000,0.0110011980,0.0488782719,0.0007454985,0.0714617493,0.4597736280,0.0045780622,0.4965338983,0.8860276956,0.0005289505,-0.0033412228,-0.0001246544,-0.0000000000,0.0003398558,0.0465248870,0.0419278226,-0.7016567942,0.601,1.000000,18.1765949701,0,0.0034540261
0.158430,2.4493643913,2.4374954720,0.0508862600,0.0000000000,0.0118689194,0.0508862600,0.0008444061,0.0752905596,0.4594572435,0.0054092389,0.4965361584,0.8860326278,0.0005918614,-0.0035606048,-0.0001297754,-0.0000000000,0.0003537858,0.0855705295,0.0419278226,-0.7477270002,0.647,1.000000,18.1765949701,0,0.0040373851
0.166760,2.4502701172,2.4374954720,0.0527819982,0.0000000000,0.0127746452,0.0527819982,0.0009508615,0.0790900396,0.4559375971,0.0063277789,0.4965386874,0.8860381182,0.0006588499,-0.0037877858,-0.0001346101,-0.0000000000,0.0003669336,0.1364263182,0.0419278226,-0.7954350164,0.695,1.000000,18.1765949701,1,0.0046776266
0.175122,2.4512167050,2.4374954720,0.0545682815,0.0000000000,0.0137212330,0.0545682815,0.0010652051,0.0828689947,0.4534746055,0.0073368593,0.4965415025,0.8860442036,0.0007302440,-0.0040238860,-0.0001391656,-0.0000000000,0.0003793191,0.1988074704,0.0419278226,-0.8450160680,0.744,1.000000,18.1765949701,1,0.0053767294
0.183425,2.4521925088,2.4374954720,0.0562217576,0.0000000000,0.0146970369,0.0562217576,0.0011876804,0.0865811839,0.4454627059,0.0084396619,0.4965446225,0.8860509152,0.0008054001,-0.0042670588,-0.0001433825,-0.0000000000,0.0003907808,0.2709941936,0.0419278226,-0.8960823512,0.795,1.000000,18.1765949701,1,0.0061356652
0.191761,2.4532067383,2.4374954720,0.0577565412,0.0000000000,0.0157112663,0.0577565412,0.0013186077,0.0902593279,0.4413772800,0.0096379009,0.4965480637,0.8860582906,0.0008850454,-0.0045194151,-0.0001472967,-0.0000000000,0.0004014172,0.3522725442,0.0419278226,-0.9490771738,0.848,1.000000,18.1765949701,1,0.0069558980
0.200092,2.4542536048,2.4374954720,0.0591606048,0.0000000000,0.0167581328,0.0591606048,0.0014582588,0.0938801712,0.4345012017,0.0109339614,0.4965518450,0.8860663648,0.0009689015,-0.0047800207,-0.0001508774,-0.0000000000,0.0004111454,0.4403817976,0.0419278226,-1.0038043534,0.903,1.000000,18.1765949701,0,0.0078382770
0.208425,2.4553322989,2.4374954720,0.0604305791,0.0000000000,0.0178368270,0.0604305791,0.0016068990,0.0974389986,0.4270592861,0.0123292782,0.4965559844,0.8860751731,0.0010570001,-0.0050487388,-0.0001541163,-0.0000000000,0.0004199427,0.5329411347,0.0419278226,-1.0602351501,0.959,1.000000,18.1765949701,0,0.0087833866
0.216753,2.4564404562,2.4374954720,0.0615613919,0.0000000000,0.0189449842,0.0615613919,0.0017647739,0.1009262842,0.4184742648,0.0138248397,0.4965605001,0.8860847502,0.0011492468,-0.0053249875,-0.0001570002,-0.0000000000,0.0004277745,0.6269528266,0.0419278226,-1.1182473786,1.017,1.000000,18.1765949701,1,0.0097914244
0.225094,2.4575789428,2.4374954720,0.0625512410,0.0000000000,0.0200834709,0.0625512410,0.0019321361,0.1043421951,0.4099093076,0.0154210303,0.4965654097,0.8860951313,0.0012457354,-0.0056085670,-0.0001595246,-0.0000000000,0.0004346289,0.7192024940,0.0419278226,-1.1777990664,1.077,1.000000,18.1765949701,1,0.0108624135
0.233428,2.4587433777,2.4374954720,0.0633936714,0.0000000000,0.0212479057,0.0633936714,0.0021092020,0.1076717887,0.3995512334,0.0171178932,0.4965707313,0.8861063495,0.0013461796,-0.0058982131,-0.0001616730,-0.0000000000,0.0004404615,0.8055687879,0.0419278226,-1.2386247460,1.138,1.000000,18.1765949701,1,0.0119958319
0.241762,2.4599332218,2.4374954720,0.0640859742,0.0000000000,0.0224377498,0.0640859742,0.0022961832,0.1109114946,0.3887647094,0.0189146176,0.4965764817,0.8861184371,0.0014505101,-0.0061931358,-0.0001634386,-0.0000000000,0.0004452540,0.8817969686,0.0419278226,-1.3005585241,1.200,1.000000,18.1765949701,0,0.0131908715
0.250087,2.4611451605,2.4374954720,0.0646239466,0.0000000000,0.0236496886,0.0646239466,0.0024932640,0.1140507086,0.3767056821,0.0208098883,0.4965826775,0.8861314240,0.0015584348,-0.0064919513,-0.0001648106,-0.0000000000,0.0004489778,0.9430425873,0.0419278226,-1.3633097679,1.263,1.000000,18.1765949701,0,0.0144462508
0.258430,2.4623815771,2.4374954720,0.0650058144,0.0000000000,0.0248861051,0.0650058144,0.0027006482,0.1170925906,0.3650258434,0.0228016645,0.4965893341,0.8861453405,0.0016699830,-0.0067939586,-0.0001657845,-0.0000000000,0.0004516209,0.9843284583,0.0419278226,-1.4267313050,1.326,1.000000,18.1765949701,0,0.0157605718
0.266763,2.4636364271,2.4374954720,0.0652268597,0.0000000000,0.0261409551,0.0652268597,0.0029184895,0.1200205702,0.3513575543,0.0248876112,0.4965964666,0.8861602122,0.0017845933,-0.0070971186,-0.0001663482,-0.0000000000,0.0004531507,0.9999850554,0.0419278226,-1.4903948962,1.390,1.000000,18.1765949701,0,0.0171317875
0.275093,2.4649089359,2.4374954720,0.0652846880,0.0000000000,0.0274134639,0.0652846880,0.0031469350,0.1228308595,0.3372347068,0.0270643829,0.4966040883,0.8861760620,0.0019019863,-0.0074026587,-0.0001664957,-0.0000000000,0.0004535509,1.0000000000,0.0419278226,-1.5545583280,1.454,1.000000,18.1765949701,0,0.0185575396
0.283424,2.4661978923,2.4374954720,0.0651765967,0.0000000000,0.0287024203,0.0651765967,0.0033861219,0.1255184855,0.3225151215,0.0293281035,0.4966122109,0.8861929103,0.0020217952,-0.0077126228,-0.0001662200,-0.0000000000,0.0004528028,1.0000000000,0.0419278226,-1.6196507912,1.519,1.000000,18.1765949701,1,0.0200351290
0.291760,2.4675021529,2.4374954720,0.0648997117,0.0000000000,0.0300066810,0.0648997117,0.0036361775,0.1280784294,0.3071932730,0.0316743220,0.4966208445,0.8862107736,0.0021435926,-0.0080263529,-0.0001655139,-0.0000000000,0.0004508865,1.0000000000,0.0419278226,-1.6855341126,1.585,1.000000,18.1765949701,2,0.0215615170
0.300091,2.4688179217,2.4374954720,0.0644520300,0.0000000000,0.0313224497,0.0644520300,0.0038971979,0.1305012433,0.2907376701,0.0340979908,0.4966299977,0.8862296631,0.0022667352,-0.0083427759,-0.0001643722,-0.0000000000,0.0004477879,1.0000000000,0.0419278226,-1.7519829297,1.651,1.000000,18.1765949701,2,0.0231331965
0.308436,2.4701463978,2.4374954720,0.0638300300,0.0000000000,0.0326509259,0.0638300300,0.0041692890,0.1327858921,0.2741578464,0.0365933282,0.4966396760,0.8862495864,0.0023907942,-0.0086612419,-0.0001627859,-0.0000000000,0.0004434823,1.0000000000,0.0419278226,-1.8188607983,1.718,1.000000,18.1765949701,3,0.0247464501
0.316757,2.4714794682,2.4374954720,0.0630349059,0.0000000000,0.0339839963,0.0630349059,0.0044524890,0.1349174948,0.2557923262,0.0391541089,0.4966498832,0.8862705429,0.0025147820,-0.0089800394,-0.0001607581,-0.0000000000,0.0004379776,1.0000000000,0.0419278226,-1.8858082716,1.785,1.000000,18.1765949701,3,0.0263969316
0.325096,2.4728219059,2.4374954720,0.0620610159,0.0000000000,0.0353264340,0.0620610159,0.0047468759,0.1368999660,0.2378965527,0.0417731802,0.4966606189,0.8862925288,0.0026383147,-0.0092986057,-0.0001582744,-0.0000000000,0.0004312344,1.0000000000,0.0419278226,-1.9527072068,1.852,1.000000,18.1765949701,2,0.0280802600
0.333428,2.4741675575,2.4374954720,0.0609094470,0.0000000000,0.0366720855,0.0609094470,0.0050524766,0.1387221984,0.2186678836,0.0444432184,0.4966718811,0.8863155322,0.0027603995,-0.0096152319,-0.0001553375,-0.0000000000,0.0004232595,1.0000000000,0.0419278226,-2.0191987027,1.918,1.000000,18.1765949701,2,0.0297915601
0.341755,2.4755148570,2.4374954720,0.0595787984,0.0000000000,0.0380193850,0.0595787984,0.0053693048,0.1403796947,0.1988995608,0.0471561235,0.4966836634,0.8863395340,0.0028802196,-0.0099285350,-0.0001519440,-0.0000000000,0.0004140425,1.0000000000,0.0419278226,-2.0849923509,1.984,1.000000,18.1765949701,3,0.0315256849
0.350087,2.4768632300,2.4374954720,0.0580664303,0.0000000000,0.0393677581,0.0580664303,0.0056973695,0.1418686833,0.1786786292,0.0499033398,0.4966959560,0.8863645085,0.0029969363,-0.0102370859,-0.0001480870,-0.0000000000,0.0004035645,1.0000000000,0.0419278226,-2.1497880346,2.049,1.000000,18.1765949701,2,0.0332772574
0.358429,2.4782112506,2.4374954720,0.0563702100,0.0000000000,0.0407157787,0.0563702100,0.0060366676,0.1431841966,0.1578615888,0.0526759129,0.4967087455,0.8863904219,0.0031096162,-0.0105392701,-0.0001437611,-0.0000000000,0.0003918097,1.0000000000,0.0419278226,-2.2132467281,2.112,1.000000,18.1765949701,1,0.0350406494
0.366758,2.4795533157,2.4374954720,0.0544939459,0.0000000000,0.0420578438,0.0544939459,0.0063871497,0.1443188662,0.1361603592,0.0554644663,0.4967220146,0.8864172317,0.0032171759,-0.0108331674,-0.0001389760,-0.0000000000,0.0003788037,1.0000000000,0.0419278226,-2.2749651457,2.174,1.000000,18.1765949701,2,0.0368099220
0.375093,2.4808902086,2.4374954720,0.0524333334,0.0000000000,0.0433947367,0.0524333334,0.0067487725,0.1452699008,0.1141241452,0.0582591267,0.4967357412,0.8864448875,0.0033186935,-0.0111171419,-0.0001337209,-0.0000000000,0.0003645157,1.0000000000,0.0419278226,-2.3345998072,2.234,1.000000,18.1765949701,1,0.0385790006
0.383427,2.4822186670,2.4374954720,0.0501897193,0.0000000000,0.0447231950,0.0501897193,0.0071214658,0.1460320988,0.0914637644,0.0610497899,0.4967498995,0.8864733302,0.0034131216,-0.0113892855,-0.0001279990,-0.0000000000,0.0003489542,1.0000000000,0.0419278226,-2.3917499573,2.291,1.000000,18.1765949701,2,0.0403416181
0.391851,2.4835509944,2.4374954720,0.0477354448,0.0000000000,0.0460555224,0.0477354448,0.0075052618,0.1466022682,0.0684203327,0.0638259328,0.4967644591,0.8865024926,0.0034994916,-0.0116479049,-0.0001217398,-0.0000000000,0.0003319260,1.0000000000,0.0419278226,-2.4460600195,2.345,1.000000,18.1765949701,1,0.0420914045
0.400098,2.4848428652,2.4374954720,0.0451516267,0.0000000000,0.0473473932,0.0451516267,0.0078998234,0.1469731626,0.0445073249,0.0665772971,0.4967793854,0.8865322981,0.0035766535,-0.0118904915,-0.0001151503,-0.0000000000,0.0003139934,1.0000000000,0.0419278226,-2.4970032063,2.396,1.000000,18.1765949701,1,0.0438217943
0.408422,2.4861322266,2.4374954720,0.0423622955,0.0000000000,0.0486367547,0.0423622955,0.0083051297,0.1471441552,0.0205191066,0.0692927098,0.4967946392,0.8865626628,0.0036437732,-0.0121156777,-0.0001080367,-0.0000000000,0.0002946280,1.0000000000,0.0419278226,-2.5442923132,2.443,1.000000,18.1765949701,2,0.0455262561
0.417316,2.4874913348,2.4374954720,0.0391812187,0.0000000000,0.0499958629,0.0391812187,0.0087217619,0.1470730870,-0.0085281799,0.0719598950,0.4968101773,0.8865934791,0.0036979468,-0.0123189847,-0.0000999240,-0.0000000000,0.0002725354,1.0000000000,0.0419278226,-2.5869867784,2.486,1.000000,18.1765949701,1,0.0471968800
0.425987,2.4887953469,2.4374954720,0.0358816000,0.0000000000,0.0512998749,0.0358816000,0.0091492608,0.1467847711,-0.0345979149,0.0745674821,0.4968259446,0.8866246428,0.0037396449,-0.0124995631,-0.0000915089,-0.0000000000,0.0002496118,1.0000000000,0.0419278226,-2.6249082561,2.524,1.000000,18.1765949701,1,0.0488268120
0.433785,2.4899485098,2.4374954720,0.0327475912,0.0000000000,0.0524530378,0.0327475912,0.0095863695,0.1463719544,-0.0495379927,0.0771071362,0.4968418878,0.8866560849,0.0037730512,-0.0126628501,-0.0000835163,-0.0000000000,0.0002278319,1.0000000000,0.0419278226,-2.6591985282,2.558,1.000000,18.1765949701,3,0.0504125805
0.441774,2.4911086513,2.4374954720,0.0293748283,0.0000000000,0.0536131793,0.0293748283,0.0100331460,0.1457437760,-0.0753814112,0.0795697473,0.4968579715,0.8866876936,0.0037930443,-0.0128014706,-0.0000749147,-0.0000000000,0.0002043861,1.0000000000,0.0419278226,-2.6883088334,2.588,1.000000,18.1765949701,3,0.0519476694
0.450117,2.4922951020,2.4374954720,0.0256794773,0.0000000000,0.0547996301,0.0256794773,0.0104898096,0.1448550089,-0.1066520558,0.0819434425,0.4968741384,0.8867193330,0.0037967315,-0.0129101512,-0.0000654904,-0.0000000000,0.0001786906,1.0000000000,0.0419278226,-2.7111317570,2.610,1.000000,18.1765949701,4,0.0534242487
0.458472,2.4934557068,2.4374954720,0.0218025868,0.0000000000,0.0559602348,0.0218025868,0.0109561449,0.1437429089,-0.1334520001,0.0842168212,0.4968903191,0.8867508799,0.0037856303,-0.0129900399,-0.0000556032,-0.0000000000,0.0001517258,1.0000000000,0.0419278226,-2.7279083777,2.627,1.000000,18.1765949701,4,0.0548360748
0.466811,2.4945843481,2.4374954720,0.0177597493,0.0000000000,0.0570888762,0.0177597493,0.0114318855,0.1424106567,-0.1598702660,0.0863799030,0.4969064504,0.8867822103,0.0037596518,-0.0130400594,-0.0000452927,-0.0000000000,0.0001236003,1.0000000000,0.0419278226,-2.7384124745,2.638,1.000000,18.1765949701,4,0.0561773139
0.475126,2.4956781342,2.4374954720,0.0135581278,0.0000000000,0.0581826622,0.0135581278,0.0119167410,0.1408593856,-0.1861525298,0.0884233406,0.4969224691,0.8868131998,0.0037187352,-0.0130591334,-0.0000345773,-0.0000000000,0.0000943643,1.0000000000,0.0419278226,-2.7424180229,2.642,1.000000,18.1765949701,1,0.0574424975
0.484889,2.4969193163,2.4374954720,0.0084109961,0.0000000000,0.0594238443,0.0084109961,0.0124119397,0.1386655316,-0.2632624768,0.0903258081,0.4969383116,0.8868435363,0.0036403812,-0.0130090107,-0.0000214506,-0.0000000000,0.0000585434,1.0000000000,0.0419278226,-2.7318922568,2.631,1.000000,18.1765949701,4,0.0586127610
0.493170,2.4979331372,2.4374954720,0.0038679556,0.0000000000,0.0604376653,0.0038679556,0.0129155869,0.1366325604,-0.2439565478,0.0920813334,0.4969538184,0.8868732629,0.0035671936,-0.0129573779,-0.0000098645,-0.0000000000,0.0000269229,1.0000000000,0.0419278226,-2.7210493639,2.620,1.000000,18.1765949701,4,0.0596961946
0.501571,2.4989231993,2.4374954720,-0.0009050869,0.0000000000,0.0614277273,-0.0009050869,0.0134274846,0.1343305373,-0.2762427688,0.0936899549,0.4969690117,0.8869022382,0.0034770311,-0.0128676097,0.0000023082,0.0000000000,-0.0000062999,1.0000000000,0.0419278226,-2.7021980386,2.601,1.000000,18.1765949701,2,0.0606869993
0.509705,2.4998427665,2.4374954720,-0.0056799425,0.0000000000,0.0623472945,-0.0056799425,0.0139470454,0.1318942546,-0.2923539242,0.0951466488,0.4969838193,0.8869303831,0.0033773934,-0.0127512284,0.0000144856,0.0000000000,-0.0000395350,1.0000000000,0.0419278226,-2.6777579567,2.577,1.000000,18.1765949701,2,0.0615840743
0.517684,2.5007057926,2.4374954720,-0.0105078365,0.0000000000,0.0632103206,-0.0105078365,0.0144737981,0.1292997344,-0.3113424277,0.0964491462,0.4969982010,0.8869576131,0.0032676012,-0.0126062399,0.0000267982,0.0000000000,-0.0000731368,1.0000000000,0.0419278226,-2.6473103828,2.547,1.000000,18.1765949701,2,0.0623858565
0.525810,2.5015431574,2.4374954720,-0.0155675584,0.0000000000,0.0640476855,-0.0155675584,0.0150075288,0.1264293038,-0.3444516704,0.0975916463,0.4970121136,0.8869837998,0.0031423934,-0.0124218538,0.0000397020,0.0000000000,-0.0001083471,1.0000000000,0.0419278226,-2.6085893081,2.508,1.000000,18.1765949701,2,0.0630876593
0.533389,2.5022849796,2.4374954720,-0.0204146632,0.0000000000,0.0647895076,-0.0204146632,0.0155474414,0.1235878380,-0.3409758975,0.0985763428,0.4970254918,0.8870089479,0.0030177719,-0.0122263922,0.0000520636,0.0000000000,-0.0001420709,1.0000000000,0.0419278226,-2.5675423578,2.467,1.000000,18.1765949701,3,0.0636941706
0.541782,2.5030603454,2.4374954720,-0.0259210643,0.0000000000,0.0655648735,-0.0259210643,0.0160938153,0.1201600649,-0.4113327711,0.0993921170,0.4970383381,0.8870328185,0.0028644729,-0.0119630665,0.0000661066,0.0000000000,-0.0001803707,1.0000000000,0.0419278226,-2.5122439555,2.411,1.000000,18.1765949701,1,0.0641928002
0.550116,2.5037806260,2.4374954720,-0.0315297558,0.0000000000,0.0662851540,-0.0315297558,0.0166461916,0.1165265207,-0.4360252976,0.1000312353,0.4970505307,0.8870553396,0.0027025317,-0.0116667598,0.0000804104,0.0000000000,-0.0002193668,1.0000000000,0.0419278226,-2.4500195544,2.349,1.000000,18.1765949701,2,0.0645828610
0.558432,2.5044482560,2.4374954720,-0.0372620835,0.0000000000,0.0669527840,-0.0372620835,0.0172041315,0.1126702622,-0.4627510211,0.1004925999,0.4970620330,0.8870764435,0.0025324764,-0.0113365793,0.0000950296,0.0000000000,-0.0002592034,1.0000000000,0.0419278226,-2.3806816458,2.280,1.000000,18.1765949701,3,0.0648637747
0.566748,2.5050630084,2.4374954720,-0.0431246876,0.0000000000,0.0675675365,-0.0431246876,0.0177671943,0.1085837640,-0.4903797837,0.1007756334,0.4970728105,0.8870960722,0.0023554414,-0.0109726380,0.0001099810,0.0000000000,-0.0002999217,1.0000000000,0.0419278226,-2.3042539887,2.203,1.000000,18.1765949701,2,0.0650353981
0.575165,2.5056296822,2.4374954720,-0.0491866610,0.0000000000,0.0681342102,-0.0491866610,0.0183349794,0.1042070685,-0.5252034624,0.1008788712,0.4970828339,0.8871141598,0.0021705073,-0.0105701892,0.0001254409,0.0000000000,-0.0003419955,1.0000000000,0.0419278226,-2.2197397228,2.119,1.000000,18.1765949701,1,0.0650968262
0.583467,2.5061322673,2.4374954720,-0.0552880614,0.0000000000,0.0686367953,-0.0552880614,0.0189069527,0.0996677959,-0.5447127106,0.1008055630,0.4970920696,0.8871306998,0.0019848024,-0.0101424885,0.0001410013,0.0000000000,-0.0003843088,1.0000000000,0.0419278226,-2.1299225950,2.029,1.000000,18.1765949701,1,0.0650509746
0.591851,2.5065811870,2.4374954720,-0.0615653070,0.0000000000,0.0690857150,-0.0615653070,0.0194826670,0.0948497874,-0.5781610255,0.1005573735,0.4971005146,0.8871456607,0.0017953144,-0.0096798973,0.0001570102,0.0000000000,-0.0004278017,1.0000000000,0.0419278226,-2.0327784400,1.932,1.000000,18.1765949701,1,0.0648987021
0.601005,2.5070023575,2.4374954720,-0.0685478645,0.0000000000,0.0695068855,-0.0685478645,0.0200618910,0.0892748177,-0.6689963597,0.1001215847,0.4971081528,0.8871588857,0.0015869977,-0.0091381748,0.0001748178,0.0000000000,-0.0004761281,1.0000000000,0.0419278226,-1.9190167177,1.818,1.000000,18.1765949701,1,0.0646320577
0.608548,2.5072938125,2.4374954720,-0.0743961861,0.0000000000,0.0697983405,-0.0743961861,0.0206435438,0.0845788639,-0.5635144530,0.0995376182,0.4971149044,0.8871707212,0.0014202556,-0.0086744205,0.0001897328,0.0000000000,-0.0005165569,1.0000000000,0.0419278226,-1.8216283011,1.721,1.000000,18.1765949701,1,0.0642772673
0.616772,2.5075530295,2.4374954720,-0.0808658836,0.0000000000,0.0700575575,-0.0808658836,0.0212273568,0.0791996396,-0.6455069200,0.0987982821,0.4971209463,0.8871810604,0.0012407061,-0.0081426680,0.0002062325,0.0000000000,-0.0005612262,1.0000000000,0.0419278226,-1.7099602901,1.609,1.000000,18.1765949701,1,0.0638288565
0.625086,2.5077515623,2.4374954720,-0.0874977198,0.0000000000,0.0702560903,-0.0874977198,0.0218128242,0.0735393892,-0.6792300497,0.0979085050,0.4971262242,0.8871899345,0.0010648894,-0.0075824559,0.0002231457,0.0000000000,-0.0006069497,1.0000000000,0.0419278226,-1.5923157343,1.492,1.000000,18.1765949701,1,0.0632906628
0.633415,2.5078851249,2.4390294527,-0.0942300147,0.0000000000,0.0688556722,-0.0942300147,0.0223866215,0.0645916560,-1.0737279851,0.0966772574,0.4971307540,0.8871967377,0.0008163816,-0.0066962724,0.0002403150,0.0000000000,-0.0006532932,1.0000000000,0.0419278226,-1.4062172139,1.340,1.000000,18.1765949701,0,0.0626223792
0.641752,2.5079519733,2.4374954720,-0.1010492157,0.0000000000,0.0704565014,-0.1010492157,0.0229737590,0.0615306481,-0.3673209472,0.0956428018,0.4971342266,0.8872028787,0.0007369217,-0.0063963754,0.0002577061,0.0000000000,-0.0007001546,1.0000000000,0.0419278226,-1.3432388405,1.242,1.000000,18.1765949701,1,0.0619231292
0.650085,2.5079507283,2.4374954720,-0.1079396742,0.0000000000,0.0704552563,-0.1079396742,0.0235608862,0.0552166531,-0.7576794000,0.0943592990,0.4971373611,0.8872077914,0.0005895291,-0.0057799022,0.0002752788,0.0000000000,-0.0007474178,1.0000000000,0.0419278226,-1.2137794695,1.113,1.000000,18.1765949701,1,0.0611537968
0.658476,2.5078795194,2.4374954720,-0.1149465111,0.0000000000,0.0703840474,-0.1149465111,0.0241474199,0.0486467463,-0.7883888150,0.0929658913,0.4971398686,0.8872115771,0.0004542884,-0.0051447831,0.0002931484,0.0000000000,-0.0007953828,1.0000000000,0.0419278226,-1.0804044487,0.980,1.000000,18.1765949701,1,0.0603220353
0.666758,2.5077392664,2.4374954720,-0.1219238908,0.0000000000,0.0702437944,-0.1219238908,0.0247327848,0.0419680226,-0.8014468383,0.0914794891,0.4971418009,0.8872143729,0.0003354944,-0.0045062760,0.0003109428,0.0000000000,-0.0008430436,1.0000000000,0.0419278226,-0.9463179623,0.846,1.000000,18.1765949701,0,0.0594378169
0.675097,2.5075267490,2.4374954720,-0.1290039771,0.0000000000,0.0700312771,-0.1290039771,0.0253163788,0.0350413292,-0.8312032129,0.0899119183,0.4971432278,0.8872163060,0.0002319640,-0.0038532474,0.0003289992,0.0000000000,-0.0008912953,1.0000000000,0.0419278226,-0.8091819612,0.708,1.000000,18.1765949701,0,0.0585102811
0.683421,2.5072422875,2.4374954720,-0.1361185277,0.0000000000,0.0697468155,-0.1361185277,0.0258976023,0.0279349528,-0.8527651742,0.0882798019,0.4971442144,0.8872175239,0.0001461460,-0.0031934056,0.0003471434,0.0000000000,-0.0009396633,1.0000000000,0.0419278226,-0.6706151862,0.570,1.000000,18.1765949701,0,0.0575499094
0.691839,2.5068801581,2.4374954720,-0.1433546656,0.0000000000,0.0693846861,-0.1433546656,0.0264758080,0.0205497650,-0.8862225257,0.0865968267,0.4971448360,0.8872181770,0.0000783762,-0.0025192282,0.0003655978,0.0000000000,-0.0009887299,1.0000000000,0.0419278226,-0.5290379191,0.428,1.000000,18.1765949701,0,0.0565673223
0.700093,2.5064515521,2.4374954720,-0.1504825361,0.0000000000,0.0689560801,-0.1504825361,0.0270504420,0.0131373003,-0.8894957710,0.0848867633,0.4971451694,0.8872184415,0.0000317368,-0.0018541450,0.0003837760,0.0000000000,-0.0010369298,1.0000000000,0.0419278226,-0.3893704417,0.289,1.000000,18.1765949701,0,0.0555749449
0.708427,2.5059441349,2.4374954720,-0.1577051289,0.0000000000,0.0684486630,-0.1577051289,0.0276208475,0.0054694248,-0.9201450517,0.0831622764,0.4971453044,0.8872184869,0.0000054493,-0.0011787513,0.0004021958,0.0000000000,-0.0010856298,1.0000000000,0.0419278226,-0.2475377735,0.147,1.000000,18.1765949701,0,0.0545847401
0.716756,2.5053614152,2.4374954720,-0.1649410781,0.0000000000,0.0678659433,-0.1649410781,0.0281863970,-0.0023661461,-0.9402685184,0.0814441490,0.4971453275,0.8872184953,0.0000010102,-0.0005013627,0.0004206496,0.0000000000,-0.0011342721,1.0000000000,0.0419278226,-0.1052861668,0.004,1.000000,18.1765949701,0,0.0536095903
0.725172,2.5046950374,2.4374954720,-0.1722646158,0.0000000000,0.0671995655,-0.1722646158,0.0287463934,-0.0104609263,-0.9713736208,0.0797493991,0.4971453318,0.8872186583,0.0000195607,0.0001855849,0.0004393269,0.0000000000,-0.0011833463,1.0000000000,0.0419278226,0.0389728243,-0.140,1.000000,18.1765949701,0,0.0526630946
0.733428,2.5039650897,2.4374954720,-0.1794519397,0.0000000000,0.0664696178,-0.1794519397,0.0293003069,-0.0185517404,-0.9708976939,0.0781054901,0.4971454150,0.8872191662,0.0000609539,0.0008597372,0.0004576567,0.0000000000,-0.0012313480,1.0000000000,0.0419278226,0.1805448078,-0.281,1.000000,18.1765949701,0,0.0517587811
0.741763,2.5031511243,2.4374954720,-0.1867029638,0.0000000000,0.0656556523,-0.1867029638,0.0298474373,-0.0268798026,-0.9993674576,0.0765259424,0.4971456743,0.8872202231,0.0001268217,0.0015421243,0.0004761490,0.0000000000,-0.0012796090,1.0000000000,0.0419278226,0.3238461110,-0.425,1.000000,18.1765949701,0,0.0509111684
0.750096,2.5022594033,2.4390294527,-0.1939407778,0.0000000000,0.0632299506,-0.1939407778,0.0303743536,-0.0384154950,-1.3842830853,0.0748714645,0.4971462137,0.8872223613,0.0002565909,0.0024876156,0.0004946077,0.0000000000,-0.0013276098,1.0000000000,0.0419278226,0.5223992800,-0.576,1.000000,18.1765949701,0,0.0501587894
0.758422,2.5012904386,2.4374954720,-0.2011516353,0.0000000000,0.0637949666,-0.2011516353,0.0309059783,-0.0439800226,-0.6677433161,0.0736880197,0.4971473050,0.8872251449,0.0003340205,0.0029134886,0.0005129975,0.0000000000,-0.0013752547,1.0000000000,0.0419278226,0.6118326136,-0.713,1.000000,18.1765949701,-1,0.0494686429
0.766758,2.5002417456,2.4374954720,-0.2083438037,0.0000000000,0.0627462737,-0.2083438037,0.0314288639,-0.0527393043,-1.0511138118,0.0724363968,0.4971487256,0.8872291185,0.0004768391,0.0036036838,0.0005313397,0.0000000000,-0.0014225945,1.0000000000,0.0419278226,0.7567735974,-0.858,1.000000,18.1765949701,0,0.0488803079
0.775093,2.4991145929,2.4374954720,-0.2154983920,0.0000000000,0.0616191210,-0.2154983920,0.0319423566,-0.0616260889,-1.0664141511,0.0713379406,0.4971507537,0.8872345094,0.0006469051,0.0042988059,0.0005495861,0.0000000000,-0.0014695015,1.0000000000,0.0419278226,0.9027492383,-1.004,1.000000,18.1765949701,0,0.0484093038
0.783427,2.4979088610,2.4374954720,-0.2226077391,0.0000000000,0.0604133891,-0.2226077391,0.0324458015,-0.0706335982,-1.0809011122,0.0704145128,0.4971535050,0.8872415529,0.0008452268,0.0050009099,0.0005677171,0.0000000000,-0.0015159233,1.0000000000,0.0419278226,1.0501910789,-1.151,1.000000,18.1765949701,0,0.0480713090
0.791844,2.4966111228,2.4359614912,-0.2297351087,0.0000000000,0.0606496317,-0.2297351087,0.0329512151,-0.0767934275,-0.7391795127,0.0698402360,0.4971570996,0.8872498504,0.0009956898,0.0054696746,0.0005858940,0.0000000000,-0.0015622691,1.0000000000,0.0419278226,1.1486316717,-1.249,1.000000,18.1765949701,0,0.0478346208
0.800094,2.4952612229,2.4359614912,-0.2366612559,0.0000000000,0.0592997318,-0.2366612559,0.0334453795,-0.0859132055,-1.0943733674,0.0692643688,0.4971613341,0.8872602001,0.0012419726,0.0061834717,0.0006035578,0.0000000000,-0.0016071157,1.0000000000,0.0419278226,1.2985290505,-1.399,1.000000,18.1765949701,0,0.0477562453
0.808427,2.4938194791,2.4344275104,-0.2435893728,-0.0022288758,0.0594046304,-0.2413604970,0.0339404181,-0.0899159856,-0.4803336124,0.0691365953,0.4971666157,0.8872715282,0.0013593649,0.0064800083,0.0006155423,0.0000000000,-0.0016517823,1.0000000000,0.0419278226,1.3608017358,-1.462,1.000000,18.1765949701,0,0.0477531656
0.816760,2.4922995565,2.4344275104,-0.2504401086,-0.0042505907,0.0578961927,-0.2461895179,0.0344228864,-0.0972650264,-0.8818848917,0.0689583897,0.4971723963,0.8872847696,0.0015889679,0.0070541472,0.0006278578,0.0000000000,-0.0016957561,1.0000000000,0.0419278226,1.4813709029,-1.582,1.000000,18.1765949701,0,0.0478923860
0.825111,2.4906978295,2.4328935296,-0.2572215601,-0.0083132750,0.0578515256,-0.2489082851,0.0349049824,-0.0995971321,-0.2798526885,0.0692011835,0.4971791530,0.8872986736,0.0016684866,0.0072246222,0.0006347914,0.0000000000,-0.0017390911,1.0000000000,0.0419278226,1.5171706682,-1.618,1.000000,18.1765949701,-1,0.0480779322
0.833423,2.4890263822,2.4313595488,-0.2638776194,-0.0119983569,0.0577349932,-0.2518792626,0.0353861074,-0.1023251303,-0.3273597824,0.0695020285,0.4971862474,0.8873133760,0.0017642891,0.0074334165,0.0006423683,0.0000000000,-0.0017814331,1.0000000000,0.0419278226,1.5610174696,-1.662,1.000000,18.1765949701,-1,0.0483185302
0.841767,2.4872711437,2.4298255680,-0.2704585716,-0.0175698079,0.0575453856,-0.2528887637,0.0358656523,-0.1032383373,-0.1095848404,0.0699389784,0.4971937487,0.8873283809,0.0018005777,0.0074933818,0.0006449429,0.0000000000,-0.0018231069,1.0000000000,0.0419278226,1.5736101781,-1.674,1.000000,18.1765949701,-2,0.0485759762
0.850096,2.4854425160,2.4282915872,-0.2769181325,-0.0248523013,0.0572921088,-0.2520658312,0.0363430865,-0.1024476391,0.0948837871,0.0704533523,0.4972014039,0.8873432017,0.0017785008,0.0074104838,0.0006428441,0.0000000000,-0.0018638244,1.0000000000,0.0419278226,1.5562015882,-1.657,1.000000,18.1765949701,-1,0.0488139284
0.858423,2.4835383809,2.4252236256,-0.2832590811,-0.0336868057,0.0585061220,-0.2495722753,0.0368306375,-0.0970623037,0.6462402446,0.0711449876,0.4972089648,0.8873565596,0.0016029514,0.0069441137,0.0006364848,0.0000000000,-0.0019036103,1.0000000000,0.0419278226,1.4582638746,-1.559,1.000000,18.1765949701,-1,0.0489392157
0.866763,2.4815558791,2.4221556641,-0.2894844690,-0.0417001953,0.0596371039,-0.2477842737,0.0373276134,-0.0925381295,0.5429009094,0.0716487488,0.4972157790,0.8873687373,0.0014613174,0.0065412248,0.0006319249,0.0000000000,-0.0019424910,1.0000000000,0.0419278226,1.3736572156,-1.474,1.000000,18.1765949701,-2,0.0489754773
0.875092,2.4795017529,2.4175537217,-0.2955675002,-0.0534265392,0.0622515346,-0.2421409610,0.0378463762,-0.0811910319,1.3616517126,0.0722909963,0.4972219909,0.8873781468,0.0011291474,0.0055522372,0.0006175327,0.0000000000,-0.0019803073,1.0000000000,0.0419278226,1.1659698103,-1.323,1.000000,18.1765949701,-1,0.0488070948
0.883426,2.4773726298,2.4144857601,-0.3015131621,-0.0662918646,0.0632634580,-0.2352212976,0.0383735717,-0.0717418481,1.1339020606,0.0725020608,0.4972267905,0.8873855027,0.0008827027,0.0047006018,0.0005998855,0.0000000000,-0.0020170998,1.0000000000,0.0419278226,0.9871263795,-1.172,1.000000,18.1765949701,-1,0.0484902241
0.891754,2.4751725082,2.4114177986,-0.3073050672,-0.0824191856,0.0642229134,-0.2248858816,0.0389087626,-0.0589732291,1.5322342774,0.0725791503,0.4972305424,0.8873904754,0.0005967251,0.0035520151,0.0005735270,0.0000000000,-0.0020527772,1.0000000000,0.0419278226,0.7459231703,-1.020,1.000000,18.1765949701,-1,0.0480016931
0.900093,2.4728978897,2.4068158562,-0.3129470017,-0.1015053190,0.0666586611,-0.2114416826,0.0394642515,-0.0401438961,2.2595199614,0.0726221380,0.4972330787,0.8873927802,0.0002765746,0.0018775945,0.0005392403,0.0000000000,-0.0020873735,1.0000000000,0.0419278226,0.3942948372,-0.869,1.000000,18.1765949701,-1,0.0473207852
0.908426,2.4705544232,2.4052818754,-0.3184196422,-0.1210463850,0.0659601834,-0.1973732572,0.0400139196,-0.0269206474,1.5867898359,0.0720564275,0.4972342543,0.8873938132,0.0001239682,0.0006723188,0.0005033615,0.0000000000,-0.0021207815,1.0000000000,0.0419278226,0.1411869473,-0.717,1.000000,18.1765949701,-1,0.0465550704
0.916761,2.4681411157,2.4006799330,-0.3237206251,-0.1410001003,0.0682621707,-0.1827205248,0.0405827711,-0.0071352531,2.3742473258,0.0716512748,0.4972347812,0.8873938856,0.0000086882,-0.0010815534,0.0004659926,0.0000000000,-0.0021529990,1.0000000000,0.0419278226,-0.2271262085,-0.566,1.000000,18.1765949701,-1,0.0457285458
0.925090,2.4656615620,2.3976119715,-0.3288374591,-0.1613281115,0.0689660571,-0.1675093476,0.0411574882,0.0100405418,2.0610953848,0.0709827675,0.4972348181,0.8873940285,0.0000171364,-0.0026054033,0.0004271995,0.0000000000,-0.0021839627,1.0000000000,0.0419278226,-0.5471347012,-0.414,1.000000,18.1765949701,-1,0.0449224738
0.933436,2.4631103680,2.3945440099,-0.3337759133,-0.1819956300,0.0696002319,-0.1517802832,0.0417374901,0.0276009877,2.1072535043,0.0703258573,0.4972348909,0.8873951034,0.0001289949,-0.0041504923,0.0003870856,0.0000000000,-0.0022137204,1.0000000000,0.0419278226,-0.8716033830,-0.263,1.000000,18.1765949701,-1,0.0442061032
0.941759,2.4605014405,2.3914760483,-0.3385048498,-0.2007422249,0.0701657609,-0.1377626249,0.0423222048,0.0433183440,1.8860827580,0.0697397915,0.4972354392,0.8873977420,0.0003166367,-0.0055253181,0.0003513364,0.0000000000,-0.0022420980,1.0000000000,0.0419278226,-1.1603168047,-0.111,1.000000,18.1765949701,-1,0.0436309939
0.950087,2.4578269254,2.3899420675,-0.3430349172,-0.2177464346,0.0691218235,-0.1252884826,0.0428982200,0.0542872058,1.3162634100,0.0691796968,0.4972367850,0.8874018724,0.0004956425,-0.0064894245,0.0003195235,0.0000000000,-0.0022691733,1.0000000000,0.0419278226,-1.3627791365,0.040,1.000000,18.1765949701,0,0.0431906054
0.958421,2.4550887636,2.3899420675,-0.3473576683,-0.2309413279,0.0664586188,-0.1164163404,0.0434520418,0.0584163188,0.4954935701,0.0686048484,0.4972388916,0.8874066386,0.0005719459,-0.0068664080,0.0002968969,0.0000000000,-0.0022949093,1.0000000000,0.0419278226,-1.4419456720,0.192,1.000000,18.1765949701,0,0.0428124163
0.966758,2.4522895068,2.3899420675,-0.3514642188,-0.2406809580,0.0637146904,-0.1107832608,0.0439829976,0.0591235052,0.0848623656,0.0680552236,0.4972413224,0.8874115049,0.0005839564,-0.0069479342,0.0002825308,0.0000000000,-0.0023192670,1.0000000000,0.0419278226,-1.4590661786,0.343,1.000000,18.1765949701,0,0.0424508853
0.975091,2.4494326960,2.3899420675,-0.3553450290,-0.2450575955,0.0608827423,-0.1102874335,0.0444903538,0.0544953615,-0.5553772486,0.0674228856,0.4972438043,0.8874156235,0.0004942334,-0.0065705780,0.0002812663,0.0000000000,-0.0023422034,1.0000000000,0.0419278226,-1.3798213828,0.495,1.000000,18.1765949701,0,0.0420347825
0.983425,2.4465191303,2.3899420675,-0.3589948401,-0.2445696989,0.0579664050,-0.1144251412,0.0449734072,0.0450421222,-1.1343887152,0.0666072998,0.4972459048,0.8874184234,0.0003359829,-0.0057809909,0.0002918187,0.0000000000,-0.0023637011,1.0000000000,0.0419278226,-1.2140080785,0.646,1.000000,18.1765949701,0,0.0415169764
0.991759,2.4435505708,2.3899420675,-0.3624071278,-0.2396693978,0.0549700081,-0.1227377301,0.0454314906,0.0312303818,-1.6574088458,0.0655437439,0.4972473327,0.8874197608,0.0001604856,-0.0046259533,0.0003130183,0.0000000000,-0.0023837350,1.0000000000,0.0419278226,-0.9714502034,0.798,1.000000,18.1765949701,0,0.0408867102
1.000178,2.4404981732,2.3899420675,-0.3656060949,-0.2307667991,0.0518670369,-0.1348392958,0.0458637159,0.0133925106,-2.1405445456,0.0642227969,0.4972480147,0.8874200047,0.0000292755,-0.0031455442,0.0003438810,0.0000000000,-0.0024024594,1.0000000000,0.0419278226,-0.6605642777,0.646,1.000000,18.1765949701,0,0.0401762917
1.008432,2.4374556495,2.3899420675,-0.3684937433,-0.2182338928,0.0487533168,-0.1502598505,0.0462699935,-0.0078112826,-2.5444551810,0.0627075433,0.4972481392,0.8874200870,0.0000098668,-0.0014080101,0.0003832081,0.0000000000,-0.0024193138,1.0000000000,0.0419278226,-0.2956821187,0.495,1.000000,18.1765949701,0,0.0394650207
1.016765,2.4343353289,2.3899420675,-0.3711537710,-0.2024080945,0.0455430935,-0.1687456766,0.0466495193,-0.0322983810,-2.9384518054,0.0611248530,0.4972481811,0.8874214790,0.0001670399,0.0005672080,0.0004303525,0.0000000000,-0.0024347995,1.0000000000,0.0419278226,0.1191136850,0.343,1.000000,18.1765949701,0,0.0388769540
1.025092,2.4311707548,2.3914760483,-0.3735495083,-0.1858243347,0.0407503303,-0.1877251736,0.0469891054,-0.0604614573,-3.3795691606,0.0595936989,0.4972488910,0.8874263102,0.0005797532,0.0027980658,0.0004787560,0.0000000000,-0.0024487134,1.0000000000,0.0419278226,0.5875938273,0.192,1.000000,18.1765949701,0,0.0385891962
1.033427,2.4279591081,2.3914760483,-0.3756788844,-0.1685530616,0.0374405695,-0.2071258228,0.0473011101,-0.0861276394,-3.0799418486,0.0586407304,0.4972513548,0.8874360550,0.0011693743,0.0048184727,0.0005282335,0.0000000000,-0.0024610538,1.0000000000,0.0419278226,1.0118792652,0.040,1.000000,18.1765949701,0,0.0387185778
1.041761,2.4247062092,2.3930100291,-0.3775336370,-0.1528870512,0.0325646950,-0.2246465858,0.0475724826,-0.1130643027,-3.2323995960,0.0582290671,0.4972563243,0.8874528045,0.0020099435,0.0069408575,0.0005729168,0.0000000000,-0.0024717824,1.0000000000,0.0419278226,1.4575800655,-0.111,1.000000,18.1765949701,0,0.0394237225
1.050098,2.4214125753,2.3914760483,-0.3791093228,-0.1386771038,0.0307243186,-0.2404322191,0.0478285186,-0.1322524594,-2.3025788101,0.0589730941,0.4972648655,0.8874758301,0.0027630621,0.0085213148,0.0006131749,0.0000000000,-0.0024808818,1.0000000000,0.0419278226,1.7894761161,-0.263,1.000000,18.1765949701,0,0.0406207260
1.058440,2.4180795500,2.3930100291,-0.3804007625,-0.1235590112,0.0257714302,-0.2568417513,0.0480432805,-0.1582866622,-3.1241043382,0.0601501155,0.4972766062,0.8875090588,0.0039874532,0.0106926993,0.0006550242,0.0000000000,-0.0024883295,0.9983821483,0.0419278226,2.2454668459,-0.414,1.000000,18.1765949701,0,0.0425916037
1.066766,2.4147187226,2.3930100291,-0.3814000253,-0.1098460559,0.0223327027,-0.2715539694,0.0482293863,-0.1796446836,-2.5629625674,0.0626202947,0.4972935476,0.8875525242,0.0052158445,0.0125508763,0.0006925448,0.0000000000,-0.0024940859,0.8756525608,0.0419278226,2.6356840294,-0.566,1.000000,18.1765949701,0,0.0452798412
1.075093,2.4113256573,2.3930100291,-0.3821052750,-0.0974076388,0.0188689778,-0.2846976362,0.0483866278,-0.1995122604,-2.3841092151,0.0661471376,0.4973157048,0.8876073051,0.0065737053,0.0143384470,0.0007260651,0.0000000000,-0.0024981452,0.6206018553,0.0419278226,3.0110738653,-0.717,1.000000,18.1765949701,0,0.0486983225
1.083416,2.4079049083,2.3930100291,-0.3825117286,-0.0861252989,0.0153841365,-0.2963864297,0.0485148290,-0.2179955360,-2.2179930721,0.0707328670,0.4973436248,0.8876745222,0.0080660544,0.0161477703,0.0007558751,0.0000000000,-0.0025004835,0.3255016967,0.0419278226,3.3910317553,-0.869,1.000000,18.1765949701,0,0.0528465531
1.091753,2.4044515043,2.3930100291,-0.3826153854,-0.0758915859,0.0118725972,-0.3067237996,0.0486137673,-0.2352092649,-2.0656474615,0.0763615678,0.4973778751,0.8877553689,0.0097015979,0.0180811818,0.0007822385,0.0000000000,-0.0025010796,0.0857572659,0.0419278226,3.7970481822,-1.020,1.000000,18.1765949701,-1,0.0577143443
1.100086,2.4009761709,2.3930100291,-0.3824113806,-0.0666090359,0.0083445319,-0.3158023447,0.0486833050,-0.2512259801,-1.9220058327,0.0830062321,0.4974190584,0.8878510958,0.0114872311,0.0202444280,0.0008053915,0.0000000000,-0.0024999063,0.0000000000,0.0419278226,4.2513298787,-1.172,1.000000,18.1765949701,-1,0.0632825736
1.108518,2.3974380243,2.3930100291,-0.3818880036,-0.0581892441,0.0047585545,-0.3236987595,0.0487229596,-0.2662050447,-1.7974877473,0.0906277092,0.4974678048,0.8879630790,0.0134379915,0.0226152066,0.0008255298,0.0000000000,-0.0024968949,0.0000000000,0.0419278226,4.7491933942,-1.323,1.000000,18.1765949701,0,0.0695299577
1.116760,2.3939611789,2.3930100291,-0.3810646460,-0.0527808979,0.0012509855,-0.3282837481,0.0487333845,-0.2777457858,-1.3848889317,0.0992938394,0.4975248062,0.8880905534,0.0152969264,0.0249091626,0.0008372229,0.0000000000,-0.0024921545,0.0000000000,0.0419278226,5.2309241505,-1.474,1.000000,18.1765949701,0,0.0762961145
1.125094,2.3904303743,2.3914760483,-0.3799154748,-0.0478752256,-0.0007737063,-0.3320402492,0.0487269370,-0.2855296824,-0.9340675934,0.1089302681,0.4975896625,0.8882318199,0.0169519725,0.0270564974,0.0008468031,0.0000000000,-0.0024855320,0.0000000000,0.0419278226,5.6818644469,-1.626,1.000000,18.1765949701,0,0.0833938688
1.133420,2.3868903440,2.3899420675,-0.3784463281,-0.0434255064,-0.0028050335,-0.3350208217,0.0487035617,-0.2925675200,-0.8445405123,0.1190610542,0.4976614981,0.8883873624,0.0186651003,0.0292725454,0.0008544045,0.0000000000,-0.0024770548,0.0000000000,0.0419278226,6.1472345282,-1.777,1.000000,18.1765949701,-1,0.0907862549
1.141755,2.3833372764,2.3884080867,-0.3766515526,-0.0416182382,-0.0048343871,-0.3350333145,0.0486632751,-0.2966500334,-0.4899016007,0.1297707145,0.4977405472,0.8885551299,0.0201321071,0.0313124002,0.0008544363,0.0000000000,-0.0024666825,0.0000000000,0.0419278226,6.5756040357,-1.929,1.000000,18.1765949701,-2,0.0983065314
1.150099,2.3797732535,2.3884080867,-0.3745270643,-0.0399789448,-0.0084077224,-0.3345481195,0.0485932108,-0.3033305692,-0.8016643014,0.1403709656,0.4978257551,0.8887386665,0.0220243871,0.0336920152,0.0008531989,0.0000000000,-0.0024543817,0.0000000000,0.0419278226,7.0753231841,-2.080,1.000000,18.1765949701,-1,0.1060982805
1.158431,2.3762109655,2.3853401252,-0.3720764575,-0.0407208899,-0.0088978340,-0.3313555677,0.0485190622,-0.3011844932,0.2575291195,0.1522255356,0.4979189078,0.8889285765,0.0227891956,0.0352352318,0.0008450569,0.0000000000,-0.0024401619,0.0002867230,0.0419278226,7.3993986830,-2.232,1.000000,18.1765949701,-2,0.1136608645
1.166757,2.3726510905,2.3838061444,-0.3692972148,-0.0436227513,-0.0109072435,-0.3256744635,0.0484281685,-0.2995837019,0.1920949580,0.1636338845,0.4980152243,0.8891250056,0.0235714947,0.0367959117,0.0008305684,0.0000000000,-0.0024239954,0.0429287377,0.0419278226,7.7271414651,-2.383,1.000000,18.1765949701,-1,0.1210196032
1.175186,2.3690494774,2.3822721636,-0.3661448401,-0.0484837776,-0.0129472613,-0.3176610624,0.0483202746,-0.2957281650,0.4626644280,0.1749786837,0.4981147714,0.8893246793,0.0239608462,0.0380724652,0.0008101318,0.0000000000,-0.0024056073,0.1471527380,0.0419278226,7.9952176870,-2.535,1.000000,18.1765949701,-2,0.1280457459
1.183428,2.3655332131,2.3792042020,-0.3627314188,-0.0551218761,-0.0133578547,-0.3076095427,0.0482089592,-0.2866018462,1.0951582543,0.1865183247,0.4982158837,0.8895201181,0.0234526517,0.0385198048,0.0007844974,0.0000000000,-0.0023856357,0.1738634273,0.0419278226,8.0891590113,-2.686,1.000000,18.1765949701,-2,0.1344519443
1.191760,2.3619876484,2.3761362404,-0.3589474036,-0.0633718784,-0.0137885915,-0.2955755253,0.0480940542,-0.2755365738,1.3278326839,0.1974394247,0.4983147743,0.8897076664,0.0225058007,0.0384923230,0.0007538070,0.0000000000,-0.0023634221,0.2035567119,0.0419278226,8.0833878226,-2.838,1.000000,18.1765949701,-2,0.1401502016
1.200088,2.3584560797,2.3730682789,-0.3548295280,-0.0753128433,-0.0141843648,-0.2795166847,0.0479758512,-0.2603802931,1.8187536892,0.2077796540,0.4984096004,0.8898809915,0.0207990154,0.0376390088,0.0007128521,0.0000000000,-0.0023391613,0.2321969168,0.0419278226,7.9041918384,-2.989,1.000000,18.1765949701,-2,0.1449490181
1.208510,2.3548996378,2.3684663365,-0.3503223618,-0.0883728419,-0.0130646737,-0.2619495199,0.0478669789,-0.2406967751,2.3620221579,0.2175206556,0.4984971724,0.8900338049,0.0183376044,0.0357690495,0.0006680505,0.0000000000,-0.0023125031,0.1546226506,0.0419278226,7.5115003913,-3.141,1.000000,18.1765949701,-4,0.1486756839
1.216760,2.3514344127,2.3638643941,-0.3455736999,-0.1046767424,-0.0118353378,-0.2408969574,0.0477683511,-0.2173000034,2.8076125994,0.2260723919,0.4985743310,0.8901617190,0.0153496880,0.0329856375,0.0006143601,0.0000000000,-0.0022843001,0.0838733954,0.0419278226,6.9269838808,-3.292,1.000000,18.1765949701,-3,0.1512354613
1.225095,2.3479548645,2.3623304133,-0.3404402296,-0.1216941676,-0.0136842333,-0.2187460620,0.0476543158,-0.1989334588,2.2039853593,0.2319825073,0.4986388814,0.8902708729,0.0130984742,0.0306879104,0.0005578686,0.0000000000,-0.0022536784,0.1962149485,0.0419278226,6.4444611904,-3.444,1.000000,18.1765949701,-2,0.1529431342
1.233422,2.3445034457,2.3577284710,-0.3349750042,-0.1415876753,-0.0124206994,-0.1933873290,0.0475508100,-0.1711674094,3.3319259300,0.2378867726,0.4986939387,0.8903531246,0.0098702037,0.0265927075,0.0004931962,0.0000000000,-0.0022209269,0.1154287982,0.0419278226,5.5844685674,-3.595,1.000000,18.1765949701,-1,0.1535205762
1.241851,2.3410382002,2.3546605094,-0.3291005411,-0.1618610748,-0.0127028150,-0.1672394662,0.0474449532,-0.1456842081,3.0579841529,0.2415401376,0.4987354107,0.8904133545,0.0072275859,0.0226136940,0.0004265112,0.0000000000,-0.0021855511,0.1320548084,0.0419278226,4.7488757303,-3.747,1.000000,18.1765949701,-3,0.1532027694
1.250097,2.3376797455,2.3500585670,-0.3230224232,-0.1824790576,-0.0113422015,-0.1405433657,0.0473504349,-0.1163791289,3.5166095038,0.2442711162,0.4987657705,0.8904520987,0.0046492989,0.0177984624,0.0003584281,0.0000000000,-0.0021487636,0.0606431523,0.0419278226,3.7376770960,-3.838,1.000000,18.1765949701,-3,0.1520333739
1.258429,2.3343203252,2.3439226439,-0.3165478569,-0.2034095965,-0.0084467972,-0.1131382604,0.0472800449,-0.0832931587,3.9703164247,0.2460729029,0.4987852963,0.8904720489,0.0023940296,0.0122268209,0.0002885368,0.0000000000,-0.0021093718,0.0000000000,0.0419278226,2.5676323936,-3.687,1.000000,18.1765949701,-4,0.1501316096
1.266754,2.3310016903,2.3393207015,-0.3097468654,-0.2246236414,-0.0070429778,-0.0851232239,0.0472213534,-0.0525480096,3.6894178916,0.2460387518,0.4987953494,0.8904799885,0.0009527532,0.0069759387,0.0002170900,0.0000000000,-0.0020677695,0.0000000000,0.0419278226,1.4649471261,-3.536,1.000000,18.1765949701,-3,0.1477766943
1.275167,2.3276895357,2.3331847784,-0.3025382303,-0.2483237178,-0.0040845748,-0.0542145124,0.0471873153,-0.0157974730,4.4100643944,0.2457090256,0.4987993500,0.8904807054,0.0000860256,0.0006928016,0.0001382634,0.0000000000,-0.0020234260,0.0000000000,0.0419278226,0.1454883421,-3.384,1.000000,18.1765949701,-2,0.1451651908
1.283425,2.3244824554,2.3270488552,-0.2951366991,-0.2720498881,-0.0010209492,-0.0230868110,0.0471788074,0.0214061996,4.4644407115,0.2446896940,0.4987997112,0.8904820178,0.0001574873,-0.0056473494,0.0000588784,0.0000000000,-0.0019776349,0.0000000000,0.0419278226,-1.1859433654,-3.233,1.000000,18.1765949701,-4,0.1426263444
1.291757,2.3212943591,2.3209129321,-0.2873449435,-0.2957997269,0.0020617948,0.0084547834,0.0471959890,0.0590870656,4.5217039220,0.2435253515,0.4988003724,0.8904919832,0.0011958524,-0.0120242788,-0.0000215623,-0.0000000000,-0.0019291489,0.0000000000,0.0419278226,-2.5250985487,-3.081,1.000000,18.1765949701,-4,0.1405099403
1.300094,2.3181547584,2.3147770089,-0.2792236591,-0.3195710344,0.0051931564,0.0403473753,0.0472392653,0.0972412142,4.5784978302,0.2428268283,0.4988053936,0.8905189188,0.0032322645,-0.0184584312,-0.0001028980,-0.0000000000,-0.0018783116,0.0000000000,0.0419278226,-3.8762705463,-2.930,1.000000,18.1765949701,-3,0.1391857449
1.308435,2.3150681326,2.3086410858,-0.2707784027,-0.3455906910,0.0083902652,0.0748122883,0.0473091842,0.1381245289,4.9059977565,0.2433493618,0.4988189643,0.8905733477,0.0065314731,-0.0254127020,-0.0001907940,-0.0000000000,-0.0018251273,0.0000000000,0.0419278226,-5.3366674289,-2.778,1.000000,18.1765949701,-3,0.1391219847
1.316762,2.3120437852,2.3025051626,-0.2620301398,-0.3714208502,0.0116485760,0.1093907104,0.0474062556,0.1792696732,4.9374173180,0.2458901130,0.4988463822,0.8906657139,0.0110839459,-0.0326333817,-0.0002789794,-0.0000000000,-0.0017696998,0.0746981684,0.0419278226,-6.8530101534,-2.627,1.000000,18.1765949701,-2,0.1407641424
1.325089,2.3090798128,2.2979032203,-0.2529690491,-0.3970791245,0.0134323045,0.1441100754,0.0475181915,0.2176418973,4.6046668946,0.2509305509,0.4988928970,0.8908038432,0.0165755087,-0.0397731395,-0.0003675243,-0.0000000000,-0.0017119394,0.1788781420,0.0419278226,-8.3523592988,-2.475,1.000000,18.1765949701,-2,0.1443876370
1.333462,2.3061637147,2.2917672971,-0.2435471390,-0.4225814898,0.0167970024,0.1790343508,0.0476581665,0.2593864849,5.0093505142,0.2599425012,0.4989624255,0.8908038432,0.0000000000,-0.0419278226,-0.0004565918,-0.0000000000,-0.0016515106,0.4437023532,0.0419278226,-8.8048427556,-2.324,1.000000,18.1765949701,-2,0.1443876370
1.341754,2.3033419011,2.2856313739,-0.2339117793,-0.4457135610,0.0202425197,0.2118017818,0.0478268542,0.2991630477,4.7731875312,0.2618969711,0.4989624255,0.8908038432,0.0000000000,-0.0419278226,-0.0005401586,-0.0000000000,-0.0015893357,0.7315534246,0.0419278226,-8.8048427556,-2.172,1.000000,18.1765949701,-1,0.1443876370
1.350078,2.3005788619,2.2810294316,-0.2239403848,-0.4666956430,0.0222006171,0.2427552582,0.0480118593,0.3341877296,4.2029618291,0.2631949571,0.4989624255,0.8908038432,0.0000000000,-0.0419278226,-0.0006190993,-0.0000000000,-0.0015246038,0.8677544568,0.0419278226,-8.8048427556,-2.021,1.000000,18.1765949701,-2,0.1443876370
1.358426,2.2978808911,2.2764274892,-0.2136439431,-0.4857275646,0.0242127045,0.2720836215,0.0482136319,0.3677110561,4.0227991824,0.2642945109,0.4989624255,0.8908038432,0.0000000000,-0.0419278226,-0.0006938955,-0.0000000000,-0.0014573614,0.9647504671,0.0419278226,-8.8048427556,-1.869,1.000000,18.1765949701,-1,0.1443876370
1.366756,2.2952647625,2.2702915661,-0.2030794629,-0.5029905815,0.0278305661,0.2999111186,0.0484455533,0.4029523122,4.2289507367,0.2656100050,0.4989624255,0.8908038432,0.0000000000,-0.0419278226,-0.0007648641,-0.0000000000,-0.0013879619,1.0000000000,0.0419278226,-8.8048427556,-1.718,1.000000,18.1765949701,-2,0.1443876370
1.375092,2.2927258000,2.2656896237,-0.1922227752,-0.5186491031,0.0299824982,0.3264263280,0.0486954074,0.4339876273,3.7242378018,0.2663699970,0.4989624255,0.8908038432,0.0000000000,-0.0419278226,-0.0008324859,-0.0000000000,-0.0013162320,1.0000000000,0.0419278226,-8.8048427556,-1.566,1.000000,18.1765949701,-2,0.1443876370
1.383420,2.2902709479,2.2610876813,-0.1810969056,-0.5306233820,0.0321976115,0.3495264764,0.0489637208,0.4617515608,3.3316720304,0.2670372332,0.4989624255,0.8908038432,0.0000000000,-0.0419278226,-0.0008913983,-0.0000000000,-0.0012423114,1.0000000000,0.0419278226,-8.8048427556,-1.415,1.000000,18.1765949701,-1,0.1443876370
1.391760,2.2878975606,2.2580197198,-0.1696822235,-0.5392558466,0.0329412248,0.3695736231,0.0492382310,0.4835462041,2.6153571850,0.2672863125,0.4989624255,0.8908038432,0.0000000000,-0.0419278226,-0.0009425245,-0.0000000000,-0.0011660604,1.0000000000,0.0419278226,-8.8048427556,-1.263,1.000000,18.1765949701,-1,0.1443876370
1.400094,2.2856134516,2.2549517582,-0.1580080916,-0.5448570989,0.0337568968,0.3868490073,0.0495195385,0.5027188958,2.3007230141,0.2675259143,0.4989624255,0.8908038432,0.0000000000,-0.0419278226,-0.0009865820,-0.0000000000,-0.0010876695,1.0000000000,0.0419278226,-8.8048427556,-1.112,1.000000,18.1765949701,-1,0.1443876370
1.408421,2.2834217846,2.2503498158,-0.1460845503,-0.5477088721,0.0361833724,0.4016243218,0.0498210666,0.5226105123,2.3869939738,0.2681283443,0.4989624255,0.8908038432,0.0000000000,-0.0419278226,-0.0010242635,-0.0000000000,-0.0010072057,1.0000000000,0.0419278226,-8.8048427556,-0.961,1.000000,18.1765949701,-1,0.1443876370
1.416842,2.2813001519,2.2488158350,-0.1337696400,-0.5458378383,0.0355850915,0.4120681983,0.0501176091,0.5321586084,1.1457715340,0.2681178732,0.4989624255,0.8908038432,0.0000000000,-0.0419278226,-0.0010508986,-0.0000000000,-0.0009237080,1.0000000000,0.0419278226,-8.8048427556,-0.809,1.000000,18.1765949701,-1,0.1443876370
1.425093,2.2793164881,2.2457478735,-0.1214601151,-0.5419118303,0.0366470867,0.4204517152,0.0504230014,0.5429523795,1.2952525331,0.2685039947,0.4989624255,0.8908038432,0.0000000000,-0.0419278226,-0.0010722791,-0.0000000000,-0.0008398790,1.0000000000,0.0419278226,-8.8048427556,-0.658,1.000000,18.1765949701,-1,0.1443876370
1.433427,2.2774111690,2.2442138927,-0.1087902705,-0.5338929699,0.0362301951,0.4251026994,0.0507249197,0.5470731233,0.4944892556,0.2686617640,0.4989624255,0.8908038432,0.0000000000,-0.0419278226,-0.0010841405,-0.0000000000,-0.0007532458,1.0000000000,0.0419278226,-8.8048427556,-0.506,1.000000,18.1765949701,-1,0.1443876370
1.441754,2.2756084182,2.2426799119,-0.0958994272,-0.5243905394,0.0359074441,0.4284911121,0.0510241484,0.5501156066,0.3650979938,0.2688603812,0.4989624255,0.8908038432,0.0000000000,-0.0419278226,-0.0010927820,-0.0000000000,-0.0006647730,1.0000000000,0.0419278226,-8.8048427556,-0.355,1.000000,18.1765949701,-1,0.1443876370
1.450087,2.2739081532,2.2411459311,-0.0827768964,-0.5113135520,0.0356668726,0.4285366557,0.0513213724,0.5499764526,-0.0166984800,0.2691793855,0.4989624255,0.8908038432,0.0000000000,-0.0419278226,-0.0010928981,-0.0000000000,-0.0005744087,1.0000000000,0.0419278226,-8.8048427556,-0.203,1.000000,18.1765949701,0,0.1443876370
1.458431,2.2723121849,2.2396119503,-0.0694227303,-0.4949942418,0.0355121789,0.4255715115,0.0516173072,0.5469958930,-0.3576671495,0.2696074651,0.4989624255,0.8908038432,0.0000000000,-0.0419278226,-0.0010853361,-0.0000000000,-0.0004821788,1.0000000000,0.0419278226,-8.8048427556,-0.052,1.000000,18.1765949701,0,0.1443876370
1.466764,2.2708272403,2.2411459311,-0.0558818297,-0.4757339633,0.0323838405,0.4198521336,0.0518871725,0.5353297355,-1.3999389064,0.2694362749,0.4989624255,0.8908038432,0.0000000000,-0.0419278226,-0.0010707500,-0.0000000000,-0.0003884247,1.0000000000,0.0419278226,-8.8048427556,0.100,1.000000,18.1765949701,0,0.1443876370
1.475091,2.2694540194,2.2411459311,-0.0421516084,-0.4538060623,0.0308860525,0.4116544539,0.0521445563,0.5244112418,-1.3102192446,0.2696842797,0.4989624255,0.8908038432,0.0000000000,-0.0419278226,-0.0010498434,-0.0000000000,-0.0002931650,1.0000000000,0.0419278226,-8.8048427556,0.251,1.000000,18.1765949701,0,0.1443876370
1.483427,2.2681927571,2.2411459311,-0.0282199343,-0.4294584784,0.0294864773,0.4012385442,0.0523902770,0.5114580682,-1.5543808220,0.2699845725,0.4989624255,0.8908038432,0.0000000000,-0.0419278226,-0.0010232797,-0.0000000000,-0.0001963563,1.0000000000,0.0419278226,-8.8048427556,0.403,1.000000,18.1765949701,0,0.1443876370
1.491839,2.2670371199,2.2411459311,-0.0139797286,-0.4029161070,0.0281800592,0.3889363784,0.0526251108,0.4967929137,-1.7598185390,0.2703138937,0.4989624255,0.8908038432,0.0000000000,-0.0419278226,-0.0009919054,-0.0000000000,-0.0000972982,1.0000000000,0.0419278226,-8.8048427556,0.554,1.000000,18.1765949701,0,0.1443876370
1.500093,2.2660305158,2.2411459311,0.0001608364,-0.3743829404,0.0270113650,0.3745437768,0.0528502055,0.4803012401,-1.9790008420,0.2706643614,0.4989624255,0.8908038432,0.0000000000,-0.0419278226,-0.0009551999,-0.0000000000,0.0000011195,1.0000000000,0.0419278226,-8.8048427556,0.706,1.000000,18.1765949701,0,0.1443876370
1.508431,2.2660917337,2.2426799119,0.0145221567,-0.3462728872,0.0253789156,0.3607950439,0.0530616965,0.4635190029,-2.0138684569,0.2705836554,0.4989624255,0.8908038432,0.0000000000,-0.0419278226,-0.0009201365,-0.0000000000,0.0001010727,0.9938742234,0.0419278226,-8.8048427556,0.857,1.000000,18.1765949701,0,0.1443876370
1.516754,2.2662722086,2.2426799119,0.0288464061,-0.3163177456,0.0253892225,0.3451641517,0.0532732733,0.4481172054,-1.8482157039,0.2708749137,0.4989624255,0.8908038432,0.0000000000,-0.0419278226,-0.0008802730,-0.0000000000,0.0002007121,0.9940284277,0.0419278226,-8.8048427556,1.009,1.000000,18.1765949701,0,0.1443876370
1.525171,2.2665759270,2.2442138927,0.0433140706,-0.2869178815,0.0239919465,0.3302319522,0.0534732062,0.4306071594,-2.1012055242,0.2707261334,0.4989624255,0.8908038432,0.0000000000,-0.0419278226,-0.0008421914,-0.0000000000,0.0003012366,0.9567929157,0.0419278226,-8.8048427556,1.160,1.000000,18.1765949701,0,0.1443876370
1.533427,2.2669920152,2.2442138927,0.0574752383,-0.2602505610,0.0242565439,0.3177257993,0.0536753441,0.4188258149,-1.4137613348,0.2708833457,0.4989624255,0.8908038432,0.0000000000,-0.0419278226,-0.0008102969,-0.0000000000,0.0003994679,0.9662430098,0.0419278226,-8.8048427556,1.312,1.000000,18.1765949701,0,0.1443876370
1.541758,2.2675301722,2.2457478735,0.0717241802,-0.2338329344,0.0231106479,0.3055571147,0.0538679328,0.4045712827,-1.7105438695,0.2706178702,0.4989624255,0.8908038432,0.0000000000,-0.0419278226,-0.0007792631,-0.0000000000,0.0004980913,0.9180995835,0.0419278226,-8.8048427556,1.463,1.000000,18.1765949701,0,0.1443876370
1.550098,2.2681876900,2.2457478735,0.0859410808,-0.2076417943,0.0236193801,0.2935828750,0.0540647610,0.3938014674,-1.2923778270,0.2707145176,0.4989624255,0.8908038432,0.0000000000,-0.0419278226,-0.0007487251,-0.0000000000,0.0005962236,0.9417446455,0.0419278226,-8.8048427556,1.615,1.000000,18.1765949701,0,0.1443876370
1.558456,2.2689653517,2.2472818543,0.1001296253,-0.1838849657,0.0227281041,0.2840145910,0.0542541618,0.3826498679,-1.3381919463,0.2703711936,0.4989624255,0.8908038432,0.0000000000,-0.0419278226,-0.0007243231,-0.0000000000,0.0006938401,0.8981265374,0.0419278226,-8.8048427556,1.766,1.000000,18.1765949701,1,0.1443876370
1.566756,2.2698546727,2.2488158350,0.1141510118,-0.1601073181,0.0219483692,0.2742583299,0.0544370649,0.3715254047,-1.3349355859,0.2700106384,0.4989624255,0.8908038432,0.0000000000,-0.0419278226,-0.0006994417,-0.0000000000,0.0007899424,0.8521562005,0.0419278226,-8.8048427556,1.917,1.000000,18.1765949701,1,0.1443876370
1.575091,2.2708645171,2.2518837966,0.1281530979,-0.1363107864,0.0197550696,0.2644638843,0.0546016905,0.3575373948,-1.6785611860,0.2692265417,0.4989624255,0.8908038432,0.0000000000,-0.0419278226,-0.0006744629,-0.0000000000,0.0008855025,0.6932355427,0.0419278226,-8.8048427556,2.069,1.000000,18.1765949701,2,0.1443876370
1.583425,2.2719906576,2.2534177774,0.1420667378,-0.1147260017,0.0192246113,0.2567927395,0.0547618956,0.3489707299,-1.0279997881,0.2688246387,0.4989624255,0.8908038432,0.0000000000,-0.0419278226,-0.0006548992,-0.0000000000,0.0009800065,0.6501429508,0.0419278226,-8.8048427556,2.220,1.000000,18.1765949701,1,0.1443876370
1.591811,2.2732403895,2.2564857390,0.1559680030,-0.0906896435,0.0172698368,0.2466576465,0.0549058109,0.3350953623,-1.6650441036,0.2680011897,0.4989624255,0.8908038432,0.0000000000,-0.0419278226,-0.0006290516,-0.0000000000,0.0010739301,0.4842354672,0.0419278226,-8.8048427556,2.372,1.000000,18.1765949701,2,0.1443876370
1.600100,2.2745896593,2.2595537006,0.1696008584,-0.0666584469,0.0154146295,0.2362593054,0.0550342661,0.3211392426,-1.6747343712,0.2671532644,0.4989624255,0.8908038432,0.0000000000,-0.0419278226,-0.0006025327,-0.0000000000,0.0011655154,0.3279772009,0.0419278226,-8.8048427556,2.523,1.000000,18.1765949701,1,0.1443876370
1.608428,2.2760587025,2.2641556429,0.1831830174,-0.0426319321,0.0121452414,0.2258149496,0.0551354765,0.3043016805,-2.0205074511,0.2658611469,0.4989624255,0.8908038432,0.0000000000,-0.0419278226,-0.0005758964,-0.0000000000,0.0012562024,0.1000670595,0.0419278226,-8.8048427556,2.675,1.000000,18.1765949701,3,0.1443876370
1.616762,2.2776416506,2.2702915661,0.1966505169,-0.0163807883,0.0074431399,0.2130313052,0.0551975026,0.2822408233,-2.6473028582,0.2640932680,0.4989624255,0.8908038432,0.0000000000,-0.0419278226,-0.0005432943,-0.0000000000,0.0013455351,0.0000000000,0.0419278226,-8.8048427556,2.826,1.000000,18.1765949701,3,0.1443876370
1.625093,2.2793356076,2.2748935084,0.2099780492,0.0118882185,0.0043745650,0.1980898306,0.0552339573,0.2612411052,-2.5199661732,0.2626804479,0.4989624255,0.8908038432,0.0000000000,-0.0419278226,-0.0005051890,-0.0000000000,0.0014333254,0.0000000000,0.0419278226,-8.8048427556,2.978,1.000000,18.1765949701,2,0.1443876370
1.633415,2.2811378907,2.2810294316,0.2231468257,0.0442164157,-0.0001427238,0.1789304100,0.0552327680,0.2331091761,-3.3758314903,0.2607091786,0.4989624255,0.8909667311,0.0195465565,-0.0403193174,-0.0004563267,-0.0000000000,0.0015194356,0.0000000000,0.0419278226,-8.4670566468,3.129,1.000000,18.1765949701,3,0.1489413330
1.641749,2.2830520807,2.2871653547,0.2361824975,0.0779976497,-0.0045563601,0.1581848478,0.0551947983,0.2035606923,-3.5458180631,0.2671015741,0.4990443673,0.8910931489,0.0151701346,-0.0355867056,-0.0004034192,-0.0000000000,0.0016040219,0.0000000000,0.0419278226,-7.4732081799,3.281,1.000000,18.1765949701,3,0.1516808909
1.650089,2.2850755865,2.2933012779,0.2490645347,0.1153257450,-0.0088808294,0.1337387897,0.0551207914,0.1704532637,-3.9728914293,0.2697618493,0.4991079257,0.8911824333,0.0107141230,-0.0296853947,-0.0003410744,-0.0000000000,0.0016869422,0.0002327422,0.0419278226,-6.2339328963,3.432,1.000000,18.1765949701,2,0.1527251058
1.658420,2.2872037088,2.3009711818,0.2617634272,0.1536421662,-0.0146402776,0.1081212610,0.0549987891,0.1332771706,-4.4611311673,0.2685628258,0.4991527953,0.8912368412,0.0065289465,-0.0227578758,-0.0002757419,-0.0000000000,0.0017680047,0.2666128099,0.0419278226,-4.7791539101,3.584,1.000000,18.1765949701,1,0.1522649781
1.666853,2.2894644999,2.3086410858,0.2744330746,0.1950839300,-0.0202848112,0.0793491447,0.0548297490,0.0931283287,-4.8178610315,0.2643500895,0.4991801300,0.8912631019,0.0031512938,-0.0151918677,-0.0002023643,-0.0000000000,0.0018481822,0.7348111406,0.0419278226,-3.1902922264,3.432,1.000000,18.1765949701,3,0.1506372786
1.675096,2.2917772515,2.3147770089,0.2866333428,0.2371316784,-0.0243468460,0.0495016644,0.0546268586,0.0550135875,-4.5737689440,0.2583863343,0.4991933214,0.8912721155,0.0010816279,-0.0080123443,-0.0001262442,-0.0000000000,0.0019247066,0.9692241898,0.0419278226,-1.6825923102,3.281,1.000000,18.1765949701,2,0.1483217248
1.683428,2.2942160937,2.3209129321,0.2987685684,0.2797290888,-0.0282859127,0.0190394796,0.0543911427,0.0164959889,-4.6221118311,0.2511109281,0.4991978488,0.8912729094,0.0000952714,-0.0009314997,-0.0000485564,-0.0000000000,0.0020001369,1.0000000000,0.0419278226,-0.1956149414,3.129,1.000000,18.1765949701,3,0.1457038031
1.691761,2.2967557028,2.3301168168,0.3107014257,0.3228250734,-0.0351950064,-0.0121236476,0.0540978510,-0.0286777984,-5.4208544825,0.2422306555,0.4991982475,0.8912752481,0.0002806336,0.0069895676,0.0000309190,0.0000000000,0.0020736224,1.0000000000,0.0419278226,1.4678091940,2.978,1.000000,18.1765949701,2,0.1431985560
1.700093,2.2993934111,2.3377867207,0.3224193560,0.3641444168,-0.0404619273,-0.0417250608,0.0537606682,-0.0690717952,-4.8472796148,0.2341051234,0.4991994222,0.8912884915,0.0015892155,0.0137371795,0.0001064115,0.0000000000,0.0021451034,1.0000000000,0.0419278226,2.8848077014,2.826,1.000000,18.1765949701,3,0.1412055123
1.708420,2.3021259948,2.3454566247,0.3339088501,0.4060811231,-0.0456374800,-0.0721722730,0.0533803559,-0.1101726617,-4.9321039746,0.2267478950,0.4992060738,0.8913214410,0.0039539330,0.0203143443,0.0001840611,0.0000000000,0.0022145197,1.0000000000,0.0419278226,4.2660123070,2.675,1.000000,18.1765949701,2,0.1400976865
1.716759,2.3049577801,2.3546605094,0.3451872551,0.4463489364,-0.0522383313,-0.1011616813,0.0529450365,-0.1527006070,-5.1033534336,0.2203763278,0.4992226213,0.8913834997,0.0074470497,0.0268865603,0.0002579929,0.0000000000,0.0022819998,1.0000000000,0.0419278226,5.6461776538,2.523,1.000000,18.1765949701,2,0.1402586306
1.725092,2.3078802497,2.3638643941,0.3562199629,0.4873318460,-0.0587525605,-0.1311118831,0.0524554318,-0.1960708423,-5.2044282381,0.2158466233,0.4992537820,0.8914843655,0.0121038928,0.0335017939,0.0003343750,0.0000000000,0.0023473633,1.0000000000,0.0419278226,7.0353767163,2.372,1.000000,18.1765949701,3,0.1420504971
1.733426,2.3108943127,2.3715342981,0.3670109206,0.5245056366,-0.0636195770,-0.1574947160,0.0519252687,-0.2326423366,-4.3885793222,0.2144307290,0.4993044116,0.8916257292,0.0169636411,0.0392202320,0.0004016592,0.0000000000,0.0024106647,1.0000000000,0.0419278226,8.2362487224,2.220,1.000000,18.1765949701,2,0.1454482305
1.741759,2.3139964164,2.3807381828,0.3775474526,0.5604532189,-0.0699255676,-0.1829057663,0.0513425556,-0.2711516680,-4.6211197628,0.2147901753,0.4993753347,0.8916257292,0.0000000000,0.0419278226,0.0004664650,0.0000000000,0.0024718623,1.0000000000,0.0419278226,8.8048427556,2.069,1.000000,18.1765949701,1,0.1454482305
1.750096,2.3171873522,2.3884080867,0.3878319294,0.5975174376,-0.0746150887,-0.2096855082,0.0507207632,-0.3078579165,-4.4047498277,0.2103465138,0.4993753347,0.8916257292,0.0000000000,0.0419278226,0.0005347615,0.0000000000,0.0025310045,1.0000000000,0.0419278226,8.8048427556,1.917,1.000000,18.1765949701,1,0.1454482305
1.758428,2.3204607146,2.3960779907,0.3978437184,0.6311367563,-0.0792026137,-0.2332930379,0.0500607414,-0.3412270846,-4.0043001706,0.2061205986,0.4993753347,0.8916257292,0.0000000000,0.0419278226,0.0005949678,0.0000000000,0.0025880098,1.0000000000,0.0419278226,8.8048427556,1.766,1.000000,18.1765949701,2,0.1454482305
1.766762,2.3238171130,2.4052818754,0.4075850372,0.6638602339,-0.0852359942,-0.2562751967,0.0493504415,-0.3768919278,-4.2797811788,0.2014034806,0.4993753347,0.8916257292,0.0000000000,0.0419278226,0.0006535793,0.0000000000,0.0026429297,1.0000000000,0.0419278226,8.8048427556,1.615,1.000000,18.1765949701,1,0.1454482305
1.775181,2.3272887184,2.4129517793,0.4171412935,0.6935422577,-0.0896029093,-0.2764009642,0.0486037505,-0.4064266625,-3.5441681608,0.1974392846,0.4993753347,0.8916257292,0.0000000000,0.0419278226,0.0007049061,0.0000000000,0.0026962776,1.0000000000,0.0419278226,8.8048427556,1.463,1.000000,18.1765949701,2,0.1454482305
1.783430,2.3307675008,2.4206216833,0.4262227263,0.7204655130,-0.0939469754,-0.2942427867,0.0478208591,-0.4336677695,-3.2689328463,0.1936687920,0.4993753347,0.8916257292,0.0000000000,0.0419278226,0.0007504081,0.0000000000,0.0027464847,1.0000000000,0.0419278226,8.8048427556,1.312,1.000000,18.1765949701,1,0.1454482305
1.791761,2.3343556329,2.4282915872,0.4351037216,0.7426575350,-0.0981548149,-0.3075538134,0.0470029023,-0.4561421109,-2.6969209700,0.1903279934,0.4993753347,0.8916257292,0.0000000000,0.0419278226,0.0007843553,0.0000000000,0.0027951177,1.0000000000,0.0419278226,8.8048427556,1.160,1.000000,18.1765949701,1,0.1454482305
1.800089,2.3380151936,2.4344275104,0.4436836555,0.7627869399,-0.1007455277,-0.3191032844,0.0461633562,-0.4736645711,-2.1026952234,0.1876697726,0.4993753347,0.8916257292,0.0000000000,0.0419278226,0.0008138099,0.0000000000,0.0028416609,1.0000000000,0.0419278226,8.8048427556,1.009,1.000000,18.1765949701,1,0.1454482305
1.808509,2.3417863073,2.4405634335,0.4520491075,0.7788165598,-0.1032013975,-0.3267674523,0.0453033446,-0.4870541102,-1.6067446859,0.1853967450,0.4993753347,0.8916257292,0.0000000000,0.0419278226,0.0008333559,0.0000000000,0.0028866200,1.0000000000,0.0419278226,8.8048427556,0.857,1.000000,18.1765949701,1,0.1454482305
1.816759,2.3455482569,2.4466993567,0.4599388015,0.7911274455,-0.1056453063,-0.3311886441,0.0444229670,-0.4971970002,-1.2171468045,0.1834375372,0.4993753347,0.8916257292,0.0000000000,0.0419278226,0.0008446312,0.0000000000,0.0029286395,1.0000000000,0.0419278226,8.8048427556,0.706,1.000000,18.1765949701,1,0.1454482305
1.825093,2.3494138857,2.4513012990,0.4675963002,0.8000652315,-0.1064323933,-0.3324689313,0.0435360304,-0.5009150052,-0.4461605968,0.1822955444,0.4993753347,0.8916257292,0.0000000000,0.0419278226,0.0008478964,0.0000000000,0.0029690648,1.0000000000,0.0419278226,8.8048427556,0.554,1.000000,18.1765949701,1,0.1454482305
1.833427,2.3533416804,2.4559032414,0.4749326295,0.8037145515,-0.1071272719,-0.3287819219,0.0426433032,-0.4994882974,0.1712049317,0.1816335516,0.4993753347,0.8916257292,0.0000000000,0.0419278226,0.0008384934,0.0000000000,0.0030074628,1.0000000000,0.0419278226,8.8048427556,0.403,1.000000,18.1765949701,1,0.1454482305
1.841795,2.3573451418,2.4605051838,0.4819704644,0.8025669372,-0.1077192335,-0.3205964728,0.0417456429,-0.4933636211,0.7349611584,0.1814009108,0.4993753347,0.8916257292,0.0000000000,0.0419278226,0.0008176180,0.0000000000,0.0030439920,1.0000000000,0.0419278226,8.8048427556,0.251,1.000000,18.1765949701,1,0.1454482305
1.850096,2.3613739932,2.4635731453,0.4886239603,0.7970682353,-0.1067271069,-0.3084442749,0.0408562503,-0.4801180445,1.5894691903,0.1820259318,0.4993753347,0.8916257292,0.0000000000,0.0419278226,0.0007866262,0.0000000000,0.0030782491,1.0000000000,0.0419278226,8.8048427556,0.100,1.000000,18.1765949701,4,0.1454482305
1.858431,2.3654733190,2.4651071261,0.4949700279,0.7853939778,-0.1040954433,-0.2904239499,0.0399887883,-0.4577265956,2.6869738750,0.1836690766,0.4993753347,0.8916257292,0.0000000000,0.0419278226,0.0007406689,0.0000000000,0.0031106716,1.0000000000,0.0419278226,8.8048427556,-0.052,1.000000,18.1765949701,0,0.1454482305
1.866754,2.3696180972,2.4651071261,0.5009683101,0.7681181463,-0.0998525251,-0.2671498362,0.0391566839,-0.4268465421,3.7056064201,0.1862413503,0.4993753347,0.8916257292,0.0000000000,0.0419278226,0.0006813129,0.0000000000,0.0031410906,1.0000000000,0.0419278226,8.8048427556,-0.203,1.000000,18.1765949701,0,0.1454482305
1.875173,2.3738603525,2.4651071261,0.5066877754,0.7435324979,-0.0954706046,-0.2368447225,0.0383610955,-0.3886234235,4.5867742323,0.1893650344,0.4993753347,0.8916257292,0.0000000000,0.0419278226,0.0006040257,0.0000000000,0.0031698900,1.0000000000,0.0419278226,8.8048427556,-0.355,1.000000,18.1765949701,0,0.1454482305
1.883426,2.3780637130,2.4651071261,0.5119497488,0.7145453129,-0.0911025748,-0.2025955641,0.0376019074,-0.3464479545,5.0610562710,0.1927028305,0.4993753347,0.8916257292,0.0000000000,0.0419278226,0.0005166800,0.0000000000,0.0031962080,1.0000000000,0.0419278226,8.8048427556,-0.506,1.000000,18.1765949701,0,0.1454482305
1.891759,2.3823509861,2.4651071261,0.5169142313,0.6793368122,-0.0866152906,-0.1624225809,0.0368801133,-0.2980749491,5.8047606476,0.1963689670,0.4993753347,0.8916257292,0.0000000000,0.0419278226,0.0004142267,0.0000000000,0.0032208817,1.0000000000,0.0419278226,8.8048427556,-0.658,1.000000,18.1765949701,0,0.1454482305
1.900088,2.3866755592,2.4635731453,0.5215217818,0.6384852302,-0.0805246686,-0.1169634484,0.0362090744,-0.2411815187,6.8272116571,0.2007095305,0.4993753347,0.8917710097,0.0174336613,0.0396389839,0.0002982922,0.0000000000,0.0032436454,1.0000000000,0.0419278226,8.3241866215,-0.809,1.000000,18.1765949701,0,0.1486810882
1.908505,2.3910837981,2.4620391646,0.5258157838,0.5947439339,-0.0743339651,-0.0689281502,0.0355896247,-0.1814622909,7.1663073265,0.2095024167,0.4994481808,0.8918556642,0.0101585413,0.0314004155,0.0001757876,0.0000000000,0.0032647419,1.0000000000,0.0419278226,6.5940872592,-0.961,1.000000,18.1765949701,0,0.1493949201
1.916759,2.3954398821,2.4605051838,0.5296692334,0.5483815051,-0.0681805263,-0.0187122717,0.0350214537,-0.1195859277,7.4251635902,0.2146470131,0.4994906083,0.8918930425,0.0044854014,0.0220660772,0.0000477220,0.0000000000,0.0032835769,1.0000000000,0.0419278226,4.6338762167,-1.112,1.000000,18.1765949701,0,0.1482174373
1.925093,2.3998690968,2.4605051838,0.5331988289,0.4996415626,-0.0634744317,0.0335572663,0.0344925001,-0.0584916598,7.3313121508,0.2163027249,0.4995093372,0.8919020320,0.0010787371,0.0124274078,-0.0000855812,-0.0000000000,0.0033007483,1.0000000000,0.0419278226,2.6097556470,-1.263,1.000000,18.1765949701,0,0.1459307204
1.933421,2.4043231956,2.4589712030,0.5363609325,0.4532028337,-0.0572225447,0.0831580988,0.0340156455,0.0030552183,7.3856253623,0.2161865704,0.4995138411,0.8919020565,0.0000029421,0.0026229742,-0.0002120783,-0.0000000000,0.0033160662,1.0000000000,0.0419278226,0.5508245810,-1.112,1.000000,18.1765949701,0,0.1433230677
1.941761,2.4088079730,2.4589712030,0.5391592919,0.4088514343,-0.0524858176,0.1303078576,0.0335782637,0.0591808372,6.7350742726,0.2145332513,0.4995138533,0.8919112074,0.0010981099,-0.0062713136,-0.0003323245,-0.0000000000,0.0033295704,1.0000000000,0.0419278226,-1.3169758629,-0.961,1.000000,18.1765949701,0,0.1411419900
1.950096,2.4133125091,2.4574372222,0.5415866019,0.3663933595,-0.0462061065,0.1751932424,0.0331932128,0.1161580492,6.8372654418,0.2134569216,0.4995184379,0.8919463398,0.0042158851,-0.0152352663,-0.0004467958,-0.0000000000,0.0033412447,1.0000000000,0.0419278226,-3.1994059183,-0.809,1.000000,18.1765949701,0,0.1401019403
1.958420,2.4178294697,2.4559032414,0.5436399584,0.3256526359,-0.0399237268,0.2179873225,0.0328605151,0.1711008792,6.5931396014,0.2136997465,0.4995360375,0.8920226268,0.0091544448,-0.0239316190,-0.0005559336,-0.0000000000,0.0033510919,1.0000000000,0.0419278226,-5.0256399908,-0.658,1.000000,18.1765949701,0,0.1408435452
1.966754,2.4223672979,2.4543692606,0.5453233197,0.2864696458,-0.0336293286,0.2588536740,0.0325802707,0.2241915707,6.3708829825,0.2164052388,0.4995742451,0.8921547340,0.0158528541,-0.0326265023,-0.0006601552,-0.0000000000,0.0033591452,1.0000000000,0.0419278226,-6.8515654772,-0.506,1.000000,18.1765949701,0,0.1439419405
1.975123,2.4269368920,2.4543692606,0.5466376575,0.2509284830,-0.0288578335,0.2957091745,0.0323397887,0.2702861334,5.5313475221,0.2222088105,0.4996403817,0.8923502821,0.0234657792,-0.0407666492,-0.0007541479,-0.0000000000,0.0033654209,1.0000000000,0.0419278226,-8.5609963424,-0.355,1.000000,18.1765949701,0,0.1495740364
1.983428,2.4314809418,2.4528352798,0.5475684274,0.2164617853,-0.0225840059,0.3311066421,0.0323397887,0.3181434228,5.7428747208,0.2323793319,0.4997382139,0.8923502821,0.0000000000,-0.0419278226,-0.0008444221,-0.0000000000,0.0033698586,0.8901444436,0.0419278226,-8.8048427556,-0.203,1.000000,18.1765949701,0,0.1495740364
1.991761,2.4360463190,2.4513012990,0.5481276859,0.1851985634,-0.0163070490,0.3629291226,0.0323397887,0.3624319397,5.3146220332,0.2330313812,0.4997382139,0.8923502821,0.0000000000,-0.0419278226,-0.0009255791,-0.0000000000,0.0033725224,0.4020541594,0.0419278226,-8.8048427556,-0.052,1.000000,18.1765949701,0,0.1495740364
2.000148,2.4406445222,2.4497673183,0.5483112964,0.1568410731,-0.0100137728,0.3914702234,0.0323397887,0.4034714869,4.9247456618,0.2334716463,0.4997382139,0.8923502821,0.0000000000,-0.0419278226,-0.0009983675,-0.0000000000,0.0033733966,0.0155136635,0.0419278226,-8.8048427556,0.100,1.000000,18.1765949701,0,0.1495740364
2.008428,2.4451842234,2.4497673183,0.5481191566,0.1311192438,-0.0053279520,0.4169999128,0.0323397887,0.4383072164,4.1802875471,0.2333602446,0.4997382139,0.8923502821,0.0000000000,-0.0419278226,-0.0010634759,-0.0000000000,0.0033724818,0.0000000000,0.0419278226,-8.8048427556,0.251,1.000000,18.1765949701,0,0.1495740364
2.016763,2.4497508021,2.4482333375,0.5475511590,0.1077881065,0.0009051461,0.4397630525,0.0323473316,0.4734567267,4.2179412299,0.2335254697,0.4997382139,0.8923502821,0.0000000000,-0.0419278226,-0.0011215288,-0.0000000000,0.0033697763,0.0000000000,0.0419278226,-8.8048427556,0.403,1.000000,18.1765949701,0,0.1495740364
2.025092,2.4543072246,2.4482333375,0.5466086858,0.0866254604,0.0055817886,0.4599832254,0.0323938465,0.5030105775,3.5464620946,0.2332307065,0.4997382139,0.8923502821,0.0000000000,-0.0419278226,-0.0011730964,-0.0000000000,0.0033652827,0.0000000000,0.0419278226,-8.8048427556,0.554,1.000000,18.1765949701,0,0.1495740364
2.033430,2.4588598538,2.4466993567,0.5452902015,0.0674297571,0.0117774448,0.4778604443,0.0324919919,0.5332891458,3.6334281968,0.2332479022,0.4997382139,0.8923502821,0.0000000000,-0.0419278226,-0.0012186887,-0.0000000000,0.0033589870,0.0809812424,0.0419278226,-8.8048427556,0.706,1.000000,18.1765949701,0,0.1495740364
2.041766,2.4633985393,2.4466993567,0.5435981198,0.0522470568,0.0164023796,0.4913510630,0.0326286784,0.5560996646,2.7372622520,0.2329306107,0.4997382139,0.8923502821,0.0000000000,-0.0419278226,-0.0012530939,-0.0000000000,0.0033508915,0.4101172987,0.0419278226,-8.8048427556,0.857,1.000000,18.1765949701,0,0.1495740364
2.050182,2.4679648269,2.4466993567,0.5415116664,0.0384754987,0.0210469000,0.5030361678,0.0328040692,0.5771817309,2.5298479628,0.2326088597,0.4997382139,0.8923502821,0.0000000000,-0.0419278226,-0.0012828944,-0.0000000000,0.0033408849,0.7913900032,0.0419278226,-8.8048427556,1.009,1.000000,18.1765949701,0,0.1495740364
2.058430,2.4724216963,2.4466993567,0.5390994328,0.0282128012,0.0255620695,0.5108866316,0.0330170865,0.5942093667,2.0433162910,0.2323601247,0.4997382139,0.8923502821,0.0000000000,-0.0419278226,-0.0013029155,-0.0000000000,0.0033292821,0.9963289765,0.0419278226,-8.8048427556,1.160,1.000000,18.1765949701,0,0.1495740364
2.066761,2.4769015497,2.4466993567,0.5362955694,0.0189039608,0.0300948042,0.5173916086,0.0332678765,0.6099636461,1.8905135296,0.2321247978,0.4997382139,0.8923502821,0.0000000000,-0.0419278226,-0.0013195051,-0.0000000000,0.0033157502,1.0000000000,0.0419278226,-8.8048427556,1.312,1.000000,18.1765949701,1,0.1495740364
2.075092,2.4813562063,2.4466993567,0.5331245862,0.0126891979,0.0345847653,0.5204353884,0.0335560829,0.6222086743,1.4694033817,0.2319823094,0.4997382139,0.8923502821,0.0000000000,-0.0419278226,-0.0013272677,-0.0000000000,0.0033003879,1.0000000000,0.0419278226,-8.8048427556,1.463,1.000000,18.1765949701,0,0.1495740364
2.083515,2.4858322824,2.4466993567,0.5295468549,0.0070520604,0.0390928646,0.5224947945,0.0338818568,0.6335423947,1.3600464480,0.2318573659,0.4997382139,0.8923502821,0.0000000000,-0.0419278226,-0.0013325198,-0.0000000000,0.0032829801,1.0000000000,0.0419278226,-8.8048427556,1.615,1.000000,18.1765949701,0,0.1495740364
2.091761,2.4901828393,2.4466993567,0.5256857745,0.0041677373,0.0434598067,0.5215180372,0.0342440218,0.6415954968,0.9663722539,0.2318273234,0.4997382139,0.8923502821,0.0000000000,-0.0419278226,-0.0013300288,-0.0000000000,0.0032641049,1.0000000000,0.0419278226,-8.8048427556,1.766,1.000000,18.1765949701,2,0.1495740364
2.100096,2.4945472479,2.4466993567,0.5214238451,0.0015514950,0.0478390775,0.5198723501,0.0346426808,0.6490401389,0.8933570514,0.2318108981,0.4997382139,0.8923502821,0.0000000000,-0.0419278226,-0.0013258318,-0.0000000000,0.0032431629,1.0000000000,0.0419278226,-8.8048427556,1.917,1.000000,18.1765949701,2,0.1495740364
2.108426,2.4988716615,2.4466993567,0.5168076757,0.0014072927,0.0521643103,0.5154003830,0.0350773834,0.6535867221,0.5455899831,0.2318871201,0.4997382139,0.8923502821,0.0000000000,-0.0419278226,-0.0013144269,-0.0000000000,0.0032203538,1.0000000000,0.0419278226,-8.8048427556,2.069,1.000000,18.1765949701,2,0.1495740364
2.116837,2.5031974996,2.4451653759,0.5117876764,0.0012764931,0.0580248723,0.5105111832,0.0355609240,0.6608133931,0.8672005288,0.2322850082,0.4997382139,0.8923502821,0.0000000000,-0.0419278226,-0.0013019580,-0.0000000000,0.0031953999,1.0000000000,0.0419278226,-8.8048427556,2.220,1.000000,18.1765949701,2,0.1495740364
2.125095,2.5074021880,2.4466993567,0.5065112866,0.0011578507,0.0606962539,0.5053534360,0.0360667261,0.6614597554,0.0775634649,0.2320520553,0.4997382139,0.8923502821,0.0000000000,-0.0419278226,-0.0012888041,-0.0000000000,0.0031690043,1.0000000000,0.0419278226,-8.8048427556,2.372,1.000000,18.1765949701,3,0.1495740364
2.133426,2.5115988947,2.4466993567,0.5008422468,0.0010502353,0.0648935719,0.4997920116,0.0366075059,0.6647674399,0.3969221476,0.2321414954,0.4997382139,0.8923502821,0.0000000000,-0.0419278226,-0.0012746208,-0.0000000000,0.0031404535,1.0000000000,0.0419278226,-8.8048427556,2.523,1.000000,18.1765949701,3,0.1495740364
2.141759,2.5157476973,2.4466993567,0.4948289515,0.0009526221,0.0690429290,0.4938763294,0.0371828636,0.6676597119,0.3470726342,0.2322348658,0.4997382139,0.8923502821,0.0000000000,-0.0419278226,-0.0012595341,-0.0000000000,0.0031099535,1.0000000000,0.0419278226,-8.8048427556,2.675,1.000000,18.1765949701,4,0.1495740364
2.150181,2.5198881917,2.4451653759,0.4884072825,0.0008640815,0.0747179072,0.4875432009,0.0378055128,0.6732110528,0.6661609094,0.2326431547,0.4997382139,0.8923502821,0.0000000000,-0.0419278226,-0.0012433827,-0.0000000000,0.0030771377,1.0000000000,0.0419278226,-8.8048427556,2.826,1.000000,18.1765949701,2,0.1495740364
2.158430,2.5238900037,2.4466993567,0.4817857903,0.0007837703,0.0771861946,0.4810020200,0.0384487311,0.6722061354,-0.1205900813,0.2324307268,0.4997382139,0.8923502821,0.0000000000,-0.0419278226,-0.0012267007,-0.0000000000,0.0030430373,1.0000000000,0.0419278226,-8.8048427556,2.978,1.000000,18.1765949701,2,0.1495740364
2.166759,2.5278738510,2.4466993567,0.4747718110,0.0007109234,0.0811704558,0.4740608876,0.0391251516,0.6738447293,0.1966312641,0.2325334667,0.4997382139,0.8923502821,0.0000000000,-0.0419278226,-0.0012089987,-0.0000000000,0.0030066246,1.0000000000,0.0419278226,-8.8048427556,3.129,1.000000,18.1765949701,1,0.1495740364
2.175088,2.5317977044,2.4466993567,0.4674331971,0.0006448473,0.0850946845,0.4667883498,0.0398342740,0.6750649392,0.1464251827,0.2326384167,0.4997382139,0.8923502821,0.0000000000,-0.0419278226,-0.0011904515,-0.0000000000,0.0029682075,1.0000000000,0.0419278226,-8.8048427556,3.281,1.000000,18.1765949701,1,0.1495740364
2.183519,2.5357062314,2.4466993567,0.4596783480,0.0005849126,0.0890035520,0.4590934354,0.0405759702,0.6758643845,0.0959334413,0.2327472437,0.4997382139,0.8923502821,0.0000000000,-0.0419278226,-0.0011708272,-0.0000000000,0.0029272583,1.0000000000,0.0419278226,-8.8048427556,3.432,1.000000,18.1765949701,2,0.1495740364
2.191760,2.5394623172,2.4466993567,0.4517862865,0.0005305484,0.0927599466,0.4512557381,0.0413489698,0.6762491024,0.0461661495,0.2328530298,0.4997382139,0.8923502821,0.0000000000,-0.0419278226,-0.0011508387,-0.0000000000,0.0028852139,1.0000000000,0.0419278226,-8.8048427556,3.584,1.000000,18.1765949701,4,0.1495740364
2.200090,2.5431913383,2.4466993567,0.4435018199,0.0004812371,0.0964892478,0.4430205829,0.0421530469,0.6762131987,-0.0043084446,0.2329611793,0.4997382139,0.8923502821,0.0000000000,-0.0419278226,-0.0011298365,-0.0000000000,0.0028406790,1.0000000000,0.0419278226,-8.8048427556,3.735,1.000000,18.1765949701,5,0.1495740364
2.208422,2.5468508158,2.4466993567,0.4349118836,0.0004365089,0.1001489794,0.4344753747,0.0429876217,0.6757591491,-0.0544859481,0.2330691033,0.4997382139,0.8923502821,0.0000000000,-0.0419278226,-0.0011080436,-0.0000000000,0.0027940721,1.0000000000,0.0419278226,-8.8048427556,3.887,1.000000,18.1765949701,4,0.1495740364
2.216842,2.5504753051,2.4466993567,0.4259277018,0.0003959380,0.1037736992,0.4255317637,0.0438524025,0.6748669480,-0.1070641317,0.2331780510,0.4997382139,0.8923502821,0.0000000000,-0.0419278226,-0.0010852347,-0.0000000000,0.0027448612,1.0000000000,0.0419278226,-8.8048427556,4.038,1.000000,18.1765949701,3,0.1495740364
2.225092,2.5539517927,2.4466993567,0.4168364529,0.0003591379,0.1072503959,0.4164773150,0.0447461558,0.6735985034,-0.1522133610,0.2332813091,0.4997382139,0.8923502821,0.0000000000,-0.0419278226,-0.0010621432,-0.0000000000,0.0026945839,1.0000000000,0.0419278226,-8.8048427556,4.190,1.000000,18.1765949701,3,0.1495740364
2.233425,2.5573861095,2.4466993567,0.4073690529,0.0003257582,0.1106849023,0.4070432947,0.0456685300,0.6718949190,-0.2044301215,0.2333839038,0.4997382139,0.8923502821,0.0000000000,-0.0419278226,-0.0010380835,-0.0000000000,0.0026417179,1.0000000000,0.0419278226,-8.8048427556,4.341,1.000000,18.1765949701,2,0.1495740364
2.241757,2.5607398796,2.4466993567,0.3976239219,0.0002954809,0.1140388444,0.3973284411,0.0466188537,0.6697780601,-0.2540230722,0.2334830259,0.4997382139,0.8923502821,0.0000000000,-0.0419278226,-0.0010133077,-0.0000000000,0.0025867644,1.0000000000,0.0419278226,-8.8048427556,4.492,1.000000,18.1765949701,2,0.1495740364
2.250172,2.5640436890,2.4482333375,0.3875045781,0.0002680177,0.1158088290,0.3872365605,0.0475839273,0.6641529788,-0.6750097520,0.2332761975,0.4997382139,0.8923502821,0.0000000000,-0.0419278226,-0.0009875704,-0.0000000000,0.0025291312,1.0000000000,0.0419278226,-8.8048427556,4.644,1.000000,18.1765949701,2,0.1495740364
2.258430,2.5672016580,2.4466993567,0.3773117136,0.0002431070,0.1205009203,0.3770686065,0.0485881016,0.6642936833,0.0168845333,0.2336687714,0.4997382139,0.8923502821,0.0000000000,-0.0419278226,-0.0009616390,-0.0000000000,0.0024704997,1.0000000000,0.0419278226,-8.8048427556,4.795,1.000000,18.1765949701,4,0.1495740364
2.266763,2.5703018889,2.4466993567,0.3667690038,0.0002205117,0.1236012795,0.3665484922,0.0496181123,0.6609465233,-0.4016591975,0.2337521219,0.4997382139,0.8923502821,0.0000000000,-0.0419278226,-0.0009348095,-0.0000000000,0.0024092524,1.0000000000,0.0419278226,-8.8048427556,4.947,1.000000,18.1765949701,4,0.1495740364
2.275090,2.5733115192,2.4466993567,0.3559812335,0.0002000164,0.1266110263,0.3557812171,0.0506732042,0.6571969775,-0.4499454961,0.2338282040,0.4997382139,0.8923502821,0.0000000000,-0.0419278226,-0.0009073497,-0.0000000000,0.0023459558,1.0000000000,0.0419278226,-8.8048427556,5.098,1.000000,18.1765949701,5,0.1495740364
2.283452,2.5762419737,2.4482333375,0.3449044636,0.0001814261,0.1280076056,0.3447230375,0.0517399342,0.6499642527,-0.8679269724,0.2335920708,0.4997382139,0.8923502821,0.0000000000,-0.0419278226,-0.0008791480,-0.0000000000,0.0022803159,1.0000000000,0.0419278226,-8.8048427556,5.250,1.000000,18.1765949701,5,0.1495740364
2.291760,2.5790609033,2.4482333375,0.3336630651,0.0001645636,0.1308266310,0.3334985015,0.0528301561,0.6454133132,-0.5461127405,0.2336510573,0.4997382139,0.8923502821,0.0000000000,-0.0419278226,-0.0008505221,-0.0000000000,0.0022130418,1.0000000000,0.0419278226,-8.8048427556,5.401,1.000000,18.1765949701,3,0.1495740364
2.300092,2.5817931924,2.4482333375,0.3221610547,0.0001492684,0.1335590070,0.3220117863,0.0539431479,0.6404505612,-0.5955302466,0.2337002125,0.4997382139,0.8923502821,0.0000000000,-0.0419278226,-0.0008212275,-0.0000000000,0.0021435351,1.0000000000,0.0419278226,-8.8048427556,5.553,1.000000,18.1765949701,3,0.1495740364
2.308439,2.5844334708,2.4497673183,0.3104166091,0.0023642705,0.1346527217,0.3080523385,0.0550652539,0.6297696823,-1.2817054633,0.2334645193,0.4997382139,0.8923502821,0.0000000000,-0.0419278226,-0.0007856267,-0.0000000000,0.0020718765,1.0000000000,0.0419278226,-8.8048427556,5.704,1.000000,18.1765949701,7,0.1495740364
2.316781,2.5869732169,2.4497673183,0.2984664690,0.0043734014,0.1371810544,0.2940930676,0.0562084293,0.6219589073,-0.9372930054,0.2335141443,0.4997382139,0.8923502821,0.0000000000,-0.0419278226,-0.0007500263,-0.0000000000,0.0019982676,1.0000000000,0.0419278226,-8.8048427556,5.856,1.000000,18.1765949701,6,0.1495740364
2.325089,2.5894028292,2.4513012990,0.2863605436,0.0061957953,0.1380663333,0.2801647482,0.0573589821,0.6109232532,-1.3242784900,0.2332282229,0.4997382139,0.8923502821,0.0000000000,-0.0419278226,-0.0007145049,-0.0000000000,0.0019230030,1.0000000000,0.0419278226,-8.8048427556,6.007,1.000000,18.1765949701,5,0.1495740364
2.333427,2.5917391544,2.4528352798,0.2740153844,0.0100776844,0.1388466256,0.2639377000,0.0585160373,0.5973867785,-1.6243769574,0.2329366580,0.4997382139,0.8923502821,0.0000000000,-0.0419278226,-0.0006731210,-0.0000000000,0.0018455503,1.0000000000,0.0419278226,-8.8048427556,6.159,1.000000,18.1765949701,4,0.1495740364
2.341758,2.5939698924,2.4543692606,0.2614930147,0.0135987748,0.1395233804,0.2478942399,0.0596787321,0.5838338275,-1.6263541249,0.2326073179,0.4997382139,0.8923502821,0.0000000000,-0.0419278226,-0.0006322053,-0.0000000000,0.0017662857,1.0000000000,0.0419278226,-8.8048427556,6.310,1.000000,18.1765949701,4,0.1495740364
2.350087,2.5960951697,2.4559032414,0.2487939275,0.0190214764,0.1400838718,0.2297724511,0.0608460977,0.5679762544,-1.9029087682,0.2322491828,0.4997382139,0.8923502821,0.0000000000,-0.0419278226,-0.0005859893,-0.0000000000,0.0016852074,1.0000000000,0.0419278226,-8.8048427556,6.462,1.000000,18.1765949701,6,0.1495740364
2.358431,2.5981173741,2.4589712030,0.2359019769,0.0261690458,0.1389975110,0.2097329311,0.0620044103,0.5469213747,-2.5265855633,0.2315170724,0.4997382139,0.8923502821,0.0000000000,-0.0419278226,-0.0005348824,-0.0000000000,0.0016022087,1.0000000000,0.0419278226,-8.8048427556,6.613,1.000000,18.1765949701,5,0.1495740364
2.366762,2.6000285472,2.4605051838,0.2228675919,0.0348811667,0.1393252118,0.1879864253,0.0631654538,0.5269705285,-2.3941015443,0.2310441989,0.4997382139,0.8923502821,0.0000000000,-0.0419278226,-0.0004794223,-0.0000000000,0.0015176165,1.0000000000,0.0419278226,-8.8048427556,6.765,1.000000,18.1765949701,7,0.1495740364
2.375093,2.6018302601,2.4620391646,0.2096822500,0.0450124232,0.1395353907,0.1646698269,0.0643282487,0.5052179182,-2.6103132435,0.2304894496,0.4997382139,0.8923502821,0.0000000000,-0.0419278226,-0.0004199579,-0.0000000000,0.0014313838,1.0000000000,0.0419278226,-8.8048427556,6.916,1.000000,18.1765949701,7,0.1495740364
2.383426,2.6035221469,2.4635731453,0.1963482769,0.0564309151,0.1396284310,0.1399173618,0.0654918190,0.4817975683,-2.8104419807,0.2298367275,0.4997382139,0.8923502821,0.0000000000,-0.0419278226,-0.0003568316,-0.0000000000,0.0013435370,1.0000000000,0.0419278226,-8.8048427556,7.067,1.000000,18.1765949701,7,0.1495740364
2.391844,2.6051177945,2.4666411069,0.1827425390,0.0690170015,0.1380846184,0.1137255375,0.0666425241,0.4536743840,-3.3747821222,0.2287214950,0.4997382139,0.8923502821,0.0000000000,-0.0419278226,-0.0002900345,-0.0000000000,0.0012532705,1.0000000000,0.0419278226,-8.8048427556,7.219,1.000000,18.1765949701,8,0.1495740364
2.400094,2.6065700071,2.4697090685,0.1692837377,0.0804332856,0.1364040162,0.0888504521,0.0677792242,0.4265824646,-3.2510303220,0.2275168196,0.4997382139,0.8923502821,0.0000000000,-0.0419278226,-0.0002265955,-0.0000000000,0.0011633912,1.0000000000,0.0419278226,-8.8048427556,7.370,1.000000,18.1765949701,6,0.1495740364
2.408426,2.6079234529,2.4727770301,0.1555759656,0.0930173694,0.1346180134,0.0625585962,0.0689010410,0.3978497733,-3.4479229532,0.2261752256,0.4997382139,0.8923502821,0.0000000000,-0.0419278226,-0.0001595433,-0.0000000000,0.0010712885,1.0000000000,0.0419278226,-8.8048427556,7.522,1.000000,18.1765949701,5,0.1495740364
2.416758,2.6091623160,2.4743110109,0.1417606496,0.1066607127,0.1342453911,0.0350999369,0.0700197526,0.3707541906,-3.2514699276,0.2250511571,0.4997382139,0.8923502821,0.0000000000,-0.0419278226,-0.0000895155,-0.0000000000,0.0009779327,1.0000000000,0.0419278226,-8.8048427556,7.673,1.000000,18.1765949701,9,0.1495740364
2.425172,2.6102960244,2.4773789724,0.1277121971,0.1212648638,0.1322281752,0.0064473333,0.0711216541,0.3391819251,-3.7886718602,0.2234044889,0.4997382139,0.8923502821,0.0000000000,-0.0419278226,-0.0000164427,-0.0000000000,0.0008825002,1.0000000000,0.0419278226,-8.8048427556,7.825,1.000000,18.1765949701,7,0.1495740364
2.433432,2.6112936563,2.4804469340,0.1138337792,0.1345116454,0.1300825937,-0.0206778662,0.0722056757,0.3088644993,-3.6380911018,0.2216804510,0.4997382139,0.8923502821,0.0000000000,-0.0419278226,0.0000527348,0.0000000000,0.0007877724,1.0000000000,0.0419278226,-8.8048427556,7.976,1.000000,18.1765949701,7,0.1495740364
2.441763,2.6121833844,2.4835148956,0.0997590206,0.1487560927,0.1278234408,-0.0489970722,0.0732708710,0.2771089505,-3.8106658567,0.2197892595,0.4997382139,0.8923502821,0.0000000000,-0.0419278226,0.0001249574,0.0000000000,0.0006912948,1.0000000000,0.0419278226,-8.8048427556,8.128,1.000000,18.1765949701,6,0.1495740364
2.450096,2.6129558333,2.4865828572,0.0856107051,0.1616766029,0.1254545298,-0.0760658978,0.0743163254,0.2463663368,-3.6891136399,0.2178280945,0.4997382139,0.8925105348,0.0192303159,-0.0382195169,0.0001939911,0.0000000000,0.0005939466,1.0000000000,0.0419278226,-8.0260985543,7.976,1.000000,18.1765949701,8,0.1533264364
2.458515,2.6136161880,2.4896508187,0.0712585066,0.1756251039,0.1229676849,-0.1043665973,0.0753410561,0.2141371980,-3.8674966576,0.2212803783,0.4998183302,0.8926329212,0.0146863733,-0.0335184732,0.0002661664,0.0000000000,0.0004948721,1.0000000000,0.0419278226,-7.0388793792,7.825,1.000000,18.1765949701,8,0.1553956607
2.466759,2.6141455062,2.4942527611,0.0571567890,0.1905060499,0.1188105256,-0.1333492609,0.0763311439,0.1778746910,-4.3515008333,0.2215417250,0.4998794807,0.8927174358,0.0101417497,-0.0277639166,0.0003400810,0.0000000000,0.0003972610,1.0000000000,0.0419278226,-5.8304224824,7.673,1.000000,18.1765949701,7,0.1558959853
2.475093,2.6145623412,2.4973207227,0.0428596724,0.2040039001,0.1160827210,-0.1611442277,0.0772984999,0.1456161647,-3.8710231620,0.2198107156,0.4999216908,0.8927737698,0.0067600839,-0.0224993133,0.0004109665,0.0000000000,0.0002980816,1.0000000000,0.0419278226,-4.7248557900,7.522,1.000000,18.1765949701,6,0.1552818557
2.483427,2.6148598388,2.5003886843,0.0285358151,0.2162472048,0.1132427056,-0.1877113897,0.0782421891,0.1143392560,-3.7532290394,0.2164415621,0.4999498183,0.8928081358,0.0041239144,-0.0173545934,0.0004787208,0.0000000000,0.0001985526,1.0000000000,0.0419278226,-3.6444646081,7.370,1.000000,18.1765949701,8,0.1538302463
2.491839,2.6150389991,2.5034566458,0.0140562993,0.2295814426,0.1102781558,-0.2155251433,0.0791611737,0.0815440703,-3.9354222866,0.2117342461,0.4999669741,0.8928253542,0.0020662073,-0.0120209455,0.0005496543,0.0000000000,0.0000978310,1.0000000000,0.0419278226,-2.5243985459,7.219,1.000000,18.1765949701,8,0.1517454552
2.500093,2.6150963512,2.5049906266,-0.0001608985,0.2416763418,0.1087328189,-0.2418372402,0.0800672805,0.0530564000,-3.4185204402,0.2066248602,0.4999755687,0.8928325236,0.0008603284,-0.0074916431,0.0006167581,0.0000000000,-0.0000011199,1.0000000000,0.0419278226,-1.5732450438,7.067,1.000000,18.1765949701,7,0.1493113877
2.508429,2.6150351764,2.5095925690,-0.0145170545,0.2548759674,0.1039947178,-0.2693930219,0.0809339032,0.0169452819,-4.3333341711,0.2000985817,0.4999791472,0.8928332393,0.0000858839,-0.0019480527,0.0006870337,0.0000000000,-0.0001010372,1.0000000000,0.0419278226,-0.4090910718,6.916,1.000000,18.1765949701,6,0.1466702603
2.516754,2.6148546569,2.5126605306,-0.0288464990,0.2668487659,0.1006782221,-0.2956952649,0.0817728884,-0.0151162410,-3.8473827452,0.1938049675,0.4999795044,0.8928337968,0.0000669062,0.0027663641,0.0007541124,0.0000000000,-0.0002007128,1.0000000000,0.0419278226,0.5809364651,6.765,1.000000,18.1765949701,7,0.1440703232
2.525171,2.6145509497,2.5172624729,-0.0433136877,0.2777087635,0.0957108795,-0.3210224512,0.0825704790,-0.0495221063,-4.1287038404,0.1872518936,0.4999797827,0.8928396469,0.0007020153,0.0076050822,0.0008187044,0.0000000000,-0.0003012339,1.0000000000,0.0419278226,1.5970672676,6.613,1.000000,18.1765949701,7,0.1417265470
2.533425,2.6141350095,2.5187964537,-0.0574705411,0.2875593886,0.0937049994,-0.3450299297,0.0833513540,-0.0767432816,-3.2665410289,0.1819596438,0.4999827026,0.8928534363,0.0016547206,0.0112610050,0.0008799307,0.0000000000,-0.0003994353,1.0000000000,0.0419278226,2.3648110425,6.462,1.000000,18.1765949701,7,0.1397425083
2.541762,2.6135963415,2.5233983961,-0.0717325927,0.2964944563,0.0885136311,-0.3682270490,0.0840889676,-0.1095231352,-3.9335824355,0.1764134353,0.4999895847,0.8928809669,0.0033036715,0.0155226982,0.0009390904,0.0000000000,-0.0004981494,1.0000000000,0.0419278226,3.2597666302,6.310,1.000000,18.1765949701,4,0.1383448733
2.550087,2.6129400762,2.5249323769,-0.0859232785,0.3045990623,0.0862773447,-0.3905223409,0.0848079455,-0.1355507445,-3.1233131171,0.1724739749,0.5000033240,0.8929225341,0.0049880640,0.0187992212,0.0009959501,0.0000000000,-0.0005961009,1.0000000000,0.0419278226,3.9478364601,6.159,1.000000,18.1765949701,6,0.1375363953
2.558420,2.6121650801,2.5280003384,-0.1000693120,0.3119503931,0.0823926258,-0.4120197052,0.0854945507,-0.1640861342,-3.4242467565,0.1689325959,0.5000240653,0.8929826498,0.0072138867,0.0223404190,0.0010507749,0.0000000000,-0.0006934259,1.0000000000,0.0419278226,4.6914879830,6.007,1.000000,18.1765949701,6,0.1374809622
2.566762,2.6112714651,2.5310683000,-0.1141617745,0.3186184612,0.0783931695,-0.4327802357,0.0861478271,-0.1921454223,-3.3671145819,0.1663520201,0.5000540558,0.8930642895,0.0097967603,0.0258095486,0.0011037205,0.0000000000,-0.0007900160,1.0000000000,0.0419278226,5.4200052137,5.856,1.000000,18.1765949701,6,0.1382697317
2.575085,2.6102631592,2.5326022808,-0.1281425211,0.3224378960,0.0758291856,-0.4505804171,0.0867797370,-0.2144145817,-2.6722991243,0.1653851863,0.5000947724,0.8931655790,0.0121547422,0.0286130779,0.0011491164,0.0000000000,-0.0008854305,1.0000000000,0.0419278226,6.0087463558,5.704,1.000000,18.1765949701,5,0.1397941777
2.583426,2.6091361201,2.5356702424,-0.1420677843,0.3259023369,0.0716145042,-0.4679701212,0.0873765245,-0.2395861813,-3.0205919470,0.1648851191,0.5001452703,0.8932918074,0.0151474118,0.0318342503,0.0011934654,0.0000000000,-0.0009800136,1.0000000000,0.0419278226,6.6851925551,5.553,1.000000,18.1765949701,5,0.1422155611
2.592303,2.6078095851,2.5372042232,-0.1567798506,0.3268159028,0.0687487987,-0.4835957534,0.0879494312,-0.2603381905,-2.4902411083,0.1659124579,0.5002081723,0.8934414299,0.0179546997,0.0346516884,0.0012333155,0.0000000000,-0.0010793990,1.0000000000,0.0419278226,7.2768545613,5.401,1.000000,18.1765949701,5,0.1454197999
2.601336,2.6063262828,2.5387382040,-0.1716247140,0.3254156823,0.0657394699,-0.4970403962,0.0884972601,-0.2792191741,-2.2657180346,0.1679640621,0.5002826901,0.8936148750,0.0208134119,0.0373803532,0.0012676034,0.0000000000,-0.0011790648,1.0000000000,0.0419278226,7.8498741691,5.250,1.000000,18.1765949701,5,0.1493650113
2.609457,2.6048786869,2.5402721847,-0.1848538183,0.3219167282,0.0627777699,-0.5067705466,0.0890204082,-0.2943154111,-1.8115484319,0.1711397265,0.5003690157,0.8938098744,0.0233999248,0.0398075818,0.0012924182,0.0000000000,-0.0012673178,1.0000000000,0.0419278226,8.3595921827,5.098,1.000000,18.1765949701,4,0.1539084665
2.616754,2.6034867241,2.5418061655,-0.1966381885,0.3165141055,0.0598825173,-0.5131522940,0.0890204082,-0.3064471301,-1.4558062794,0.1752596527,0.5004659959,0.8938098744,0.0000000000,0.0419278226,0.0013086936,0.0000000000,-0.0013454536,1.0000000000,0.0419278226,8.8048427556,4.947,1.000000,18.1765949701,4,0.1539084665
2.625093,2.6017912401,2.5418061655,-0.2099781956,0.3093847487,0.0582275335,-0.5193629443,0.0890204082,-0.3159445783,-1.1396937833,0.1745280463,0.5004659959,0.8938098744,0.0000000000,0.0419278226,0.0013245326,0.0000000000,-0.0014333264,1.0000000000,0.0419278226,8.8048427556,4.795,1.000000,18.1765949701,4,0.1539084665
2.633432,2.5999851951,2.5418061655,-0.2231734862,0.3006891478,0.0564708862,-0.5238626340,0.0890204082,-0.3239329696,-0.9586069588,0.1739492560,0.5004659959,0.8938098744,0.0000000000,0.0419278226,0.0013360082,0.0000000000,-0.0015196093,1.0000000000,0.0419278226,8.8048427556,4.644,1.000000,18.1765949701,4,0.1539084665
2.641745,2.5980757181,2.5418061655,-0.2361763646,0.2905728758,0.0546188773,-0.5267492404,0.0890204082,-0.3304976657,-0.7877635297,0.1735161380,0.5004659959,0.8938098744,0.0000000000,0.0419278226,0.0013433699,0.0000000000,-0.0016039822,1.0000000000,0.0419278226,8.8048427556,4.492,1.000000,18.1765949701,6,0.1539084665
2.650086,2.5960519355,2.5433401463,-0.2490604987,0.2769390998,0.0511385642,-0.5259995986,0.0890204082,-0.3366599256,-0.7394711961,0.1729938914,0.5004659959,0.8938098744,0.0000000000,0.0419278226,0.0013414581,0.0000000000,-0.0016869163,1.0000000000,0.0419278226,8.8048427556,4.341,1.000000,18.1765949701,2,0.1539084665
2.658427,2.5939215008,2.5418061655,-0.2617730112,0.2623436270,0.0506250236,-0.5241166382,0.0890204082,-0.3357968569,0.1035682466,0.1734399115,0.5004659959,0.8938098744,0.0000000000,0.0419278226,0.0013366560,0.0000000000,-0.0017680656,1.0000000000,0.0419278226,8.8048427556,4.190,1.000000,18.1765949701,4,0.1539084665
2.666752,2.5916898488,2.5433401463,-0.2742836833,0.2468758412,0.0469472597,-0.5211595246,0.0890204082,-0.3401437823,-0.5216310532,0.1731113600,0.5004659959,0.8938098744,0.0000000000,0.0419278226,0.0013291145,0.0000000000,-0.0018472410,1.0000000000,0.0419278226,8.8048427556,4.038,1.000000,18.1765949701,4,0.1539084665
2.675087,2.5893521476,2.5433401463,-0.2866203703,0.2306168189,0.0447019221,-0.5172371892,0.0890204082,-0.3406806874,-0.0644286099,0.1733007786,0.5004659959,0.8938098744,0.0000000000,0.0419278226,0.0013191113,0.0000000000,-0.0019246256,1.0000000000,0.0419278226,8.8048427556,3.887,1.000000,18.1765949701,5,0.1539084665
2.683517,2.5868843323,2.5433401463,-0.2988963580,0.2136401008,0.0423305475,-0.5125364588,0.0890204082,-0.3406895070,-0.0010583485,0.1735526632,0.5004659959,0.8938098744,0.0000000000,0.0419278226,0.0013071230,0.0000000000,-0.0020009275,1.0000000000,0.0419278226,8.8048427556,3.735,1.000000,18.1765949701,4,0.1539084665
2.691759,2.5843718435,2.5418061655,-0.3106983231,0.1960123925,0.0414521782,-0.5067107156,0.0890204082,-0.3366082051,0.4897562250,0.1743458829,0.5004659959,0.8938098744,0.0000000000,0.0419278226,0.0012922656,0.0000000000,-0.0020736034,1.0000000000,0.0419278226,8.8048427556,3.584,1.000000,18.1765949701,2,0.1539084665
2.700092,2.5817337190,2.5433401463,-0.3224182191,0.1800230754,0.0373709045,-0.5024412945,0.0890204082,-0.3404441937,-0.4603186285,0.1740966901,0.5004659959,0.8938098744,0.0000000000,0.0419278226,0.0012813773,0.0000000000,-0.0021450965,1.0000000000,0.0419278226,8.8048427556,3.432,1.000000,18.1765949701,5,0.1539084665
2.708422,2.5790001860,2.5433401463,-0.3339116579,0.1632909950,0.0347324225,-0.4972026529,0.0890204082,-0.3404455774,-0.0001660455,0.1743688707,0.5004659959,0.8938098744,0.0000000000,0.0419278226,0.0012680172,0.0000000000,-0.0022145366,1.0000000000,0.0419278226,8.8048427556,3.281,1.000000,18.1765949701,3,0.1539084665
2.716774,2.5761640243,2.5418061655,-0.3452068833,0.1481140626,0.0335164581,-0.4933209459,0.0890204082,-0.3389787757,0.1760162069,0.1749389091,0.5004659959,0.8938098744,0.0000000000,0.0419278226,0.0012581177,0.0000000000,-0.0022821166,1.0000000000,0.0419278226,8.8048427556,3.129,1.000000,18.1765949701,3,0.1539084665
2.725090,2.5732473893,2.5418061655,-0.3562171252,0.1343477363,0.0306780263,-0.4905648614,0.0890204082,-0.3418598168,-0.3457249344,0.1749493323,0.5004659959,0.8938098744,0.0000000000,0.0419278226,0.0012510888,0.0000000000,-0.0023473466,1.0000000000,0.0419278226,8.8048427556,2.978,1.000000,18.1765949701,2,0.1539084665
2.733427,2.5702324391,2.5433401463,-0.3670113224,0.1218609086,0.0262000300,-0.4888722310,0.0890204082,-0.3490604869,-0.8640804094,0.1744015926,0.5004659959,0.8938098744,0.0000000000,0.0419278226,0.0012467721,0.0000000000,-0.0024106670,1.0000000000,0.0419278226,8.8048427556,2.826,1.000000,18.1765949701,4,0.1539084665
2.741759,2.5671303880,2.5433401463,-0.3775476599,0.1105346577,0.0231623206,-0.4880823176,0.0890204082,-0.3543034645,-0.6291573083,0.1741981220,0.5004659959,0.8938098744,0.0000000000,0.0419278226,0.0012447576,0.0000000000,-0.0024718635,0.9206570144,0.0419278226,8.8048427556,2.675,1.000000,18.1765949701,4,0.1539084665
2.750091,2.5639415765,2.5418061655,-0.3878254562,0.1002611148,0.0215658515,-0.4880865710,0.0890204082,-0.3574783055,-0.3809809277,0.1743518044,0.5004659959,0.8938098744,0.0000000000,0.0419278226,0.0012447684,0.0000000000,-0.0025309675,0.8272825903,0.0419278226,8.8048427556,2.523,1.000000,18.1765949701,1,0.1539084665
2.758425,2.5606675891,2.5418061655,-0.3978394380,0.0909424371,0.0183448013,-0.4887818751,0.0890204082,-0.3645706153,-0.8510771738,0.1739824315,0.5004659959,0.8938098744,0.0000000000,0.0419278226,0.0012465417,0.0000000000,-0.0025879856,0.5763529839,0.0419278226,8.8048427556,2.372,1.000000,18.1765949701,4,0.1539084665
2.766766,2.5573084180,2.5433401463,-0.4075888142,0.0824898753,0.0134996663,-0.4900786895,0.0890204082,-0.3754898677,-1.3103102846,0.1730955418,0.5004659959,0.8938098744,0.0000000000,0.0419278226,0.0012498489,0.0000000000,-0.0026429509,0.1834588099,0.0419278226,8.8048427556,2.220,1.000000,18.1765949701,1,0.1539084665
2.775089,2.5538763821,2.5433401463,-0.4170387946,0.0748229291,0.0101111845,-0.4918617238,0.0890204082,-0.3840024269,-1.0215071038,0.1725962018,0.5004659959,0.8938098744,0.0000000000,0.0419278226,0.0012543962,0.0000000000,-0.0026957082,0.0178804702,0.0419278226,8.8048427556,2.069,1.000000,18.1765949701,1,0.1539084665
2.783423,2.5503622632,2.5418061655,-0.4262153607,0.0678685803,0.0081705525,-0.4940839410,0.0890204082,-0.3900787393,-0.7291574928,0.1724899626,0.5004659959,0.8938098744,0.0000000000,0.0419278226,0.0012600635,0.0000000000,-0.0027464442,0.0000000000,0.0419278226,8.8048427556,1.917,1.000000,18.1765949701,2,0.1539084665
2.791858,2.5467289358,2.5418061655,-0.4352055923,0.0615605971,0.0045730592,-0.4967661894,0.0890204082,-0.3999056093,-1.1792244050,0.1718741125,0.5004659959,0.8938098744,0.0000000000,0.0419278226,0.0012669041,0.0000000000,-0.0027956729,0.0000000000,0.0419278226,8.8048427556,1.766,1.000000,18.1765949701,3,0.1539084665
2.800094,2.5431094470,2.5433401463,-0.4436887342,0.0558389036,-0.0005479068,-0.4995276378,0.0890158423,-0.4128417983,-1.5523426794,0.1707964934,0.5004659959,0.8938098744,0.0000000000,0.0419278226,0.0012739466,0.0000000000,-0.0028416883,0.0000000000,0.0419278226,8.8048427556,1.615,1.000000,18.1765949701,3,0.1539084665
2.808423,2.5393796588,2.5418061655,-0.4519647618,0.0506490077,-0.0027142317,-0.5026137694,0.0889932237,-0.4202525543,-0.8892907192,0.1705705569,0.5004659959,0.8938098744,0.0000000000,0.0419278226,0.0012818172,0.0000000000,-0.0028861688,0.0000000000,0.0419278226,8.8048427556,1.463,1.000000,18.1765949701,3,0.1539084665
2.816756,2.5355798198,2.5418061655,-0.4599363352,0.0459414819,-0.0064873283,-0.5058778170,0.0889391626,-0.4310632788,-1.2972869314,0.1698643168,0.5004659959,0.8938098744,0.0000000000,0.0419278226,0.0012901415,0.0000000000,-0.0029286264,0.0000000000,0.0419278226,8.8048427556,1.312,1.000000,18.1765949701,1,0.1539084665
2.825181,2.5316720978,2.5418061655,-0.4676749318,0.0416714928,-0.0103707935,-0.5093464246,0.0888527394,-0.4423296657,-1.3519664367,0.1691208742,0.5004659959,0.8938098744,0.0000000000,0.0419278226,0.0012989875,0.0000000000,-0.0029694781,0.0249505074,0.0419278226,8.8048427556,1.160,1.000000,18.1765949701,1,0.1539084665
2.833427,2.5277855471,2.5418061655,-0.4749319762,0.0377983739,-0.0142353420,-0.5127303501,0.0887341115,-0.4535055574,-1.3411069975,0.1683820645,0.5004659959,0.8938098744,0.0000000000,0.0419278226,0.0013076175,0.0000000000,-0.0030074594,0.2359728603,0.0419278226,8.8048427556,1.009,1.000000,18.1765949701,0,0.1539084665
2.841761,2.5237978356,2.5433401463,-0.4819430071,0.0342852386,-0.0197370770,-0.5162282457,0.0885696359,-0.4680920797,-1.7503826828,0.1671621473,0.5004659959,0.8938098744,0.0000000000,0.0419278226,0.0013165382,0.0000000000,-0.0030438500,0.6917959393,0.0419278226,8.8048427556,0.857,1.000000,18.1765949701,0,0.1539084665
2.850086,2.5197575343,2.5418061655,-0.4886165055,0.0310986284,-0.0222252951,-0.5197151339,0.0883844251,-0.4767031960,-1.0333339517,0.1668379340,0.5004659959,0.8938098744,0.0000000000,0.0419278226,0.0013254308,0.0000000000,-0.0030782109,0.8692444447,0.0419278226,8.8048427556,0.706,1.000000,18.1765949701,0,0.1539084665
2.858507,2.5156158277,2.5418061655,-0.4950264885,0.0282081948,-0.0263505818,-0.5232346833,0.0881648369,-0.4886320895,-1.4314672210,0.1660401535,0.5004659959,0.8938098744,0.0000000000,0.0419278226,0.0013344067,0.0000000000,-0.0031109589,1.0000000000,0.0419278226,8.8048427556,0.554,1.000000,18.1765949701,0,0.1539084665
2.866764,2.5115037421,2.5418061655,-0.5009753371,0.0255864099,-0.0304477737,-0.5265617469,0.0879111054,-0.5003463680,-1.4057134138,0.1652587630,0.5004659959,0.8938098744,0.0000000000,0.0419278226,0.0013428918,0.0000000000,-0.0031411261,1.0000000000,0.0419278226,8.8048427556,0.403,1.000000,18.1765949701,0,0.1539084665
2.875098,2.5073047773,2.5418061655,-0.5066380445,0.0232083044,-0.0346332291,-0.5298463489,0.0876224952,-0.5122278681,-1.4257800200,0.1644660334,0.5004659959,0.8938098744,0.0000000000,0.0419278226,0.0013512685,0.0000000000,-0.0031696404,1.0000000000,0.0419278226,8.8048427556,0.251,1.000000,18.1765949701,0,0.1539084665
2.883420,2.5030661029,2.5418061655,-0.5119461957,0.0210512297,-0.0388596497,-0.5329974254,0.0872986648,-0.5240919285,-1.4236872418,0.1636763025,0.5004659959,0.8938098744,0.0000000000,0.0419278226,0.0013593047,0.0000000000,-0.0031961903,1.0000000000,0.0419278226,8.8048427556,0.100,1.000000,18.1765949701,0,0.1539084665
2.891836,2.4987362686,2.5418061655,-0.5169582423,0.0190946424,-0.0431783690,-0.5360528846,0.0869388450,-0.5360791643,-1.4384682973,0.1628799508,0.5004659959,0.8938098744,0.0000000000,0.0419278226,0.0013670970,0.0000000000,-0.0032210998,1.0000000000,0.0419278226,8.8048427556,-0.052,1.000000,18.1765949701,0,0.1539084665
2.900095,2.4944476478,2.5402721847,-0.5215255142,0.0173199083,-0.0459229272,-0.5388454225,0.0865561540,-0.5446997469,-1.0344699130,0.1625661428,0.5004659959,0.8938098744,0.0000000000,0.0419278226,0.0013742188,0.0000000000,-0.0032436638,1.0000000000,0.0419278226,8.8048427556,-0.203,1.000000,18.1765949701,0,0.1539084665
2.908428,2.4900835653,2.5402721847,-0.5257781566,0.0157101252,-0.0502778649,-0.5414882818,0.0861371718,-0.5564046494,-1.4045882992,0.1617965050,0.5004659959,0.8938098744,0.0000000000,0.0419278226,0.0013809589,0.0000000000,-0.0032645576,1.0000000000,0.0419278226,8.8048427556,-0.355,1.000000,18.1765949701,0,0.1539084665
2.916755,2.4856891529,2.5402721847,-0.5296674105,0.0142499620,-0.0546639825,-0.5439173725,0.0856816386,-0.5679937477,-1.3906918005,0.1610393964,0.5004659959,0.8938098744,0.0000000000,0.0419278226,0.0013871539,0.0000000000,-0.0032835680,1.0000000000,0.0419278226,8.8048427556,-0.506,1.000000,18.1765949701,0,0.1539084665
2.925169,2.4812171676,2.5387382040,-0.5332293971,0.0129255123,-0.0575944631,-0.5461549094,0.0852016847,-0.5765244771,-1.0236875229,0.1607460631,0.5004659959,0.8938098744,0.0000000000,0.0419278226,0.0013928602,0.0000000000,-0.0033008966,1.0000000000,0.0419278226,8.8048427556,-0.658,1.000000,18.1765949701,0,0.1539084665
2.933427,2.4768004833,2.5387382040,-0.5363630585,0.0094952865,-0.0619916611,-0.5458583450,0.0846850875,-0.5854701381,-1.0734793169,0.1602581624,0.5004659959,0.8938098744,0.0000000000,0.0419278226,0.0013921039,0.0000000000,-0.0033160765,1.0000000000,0.0419278226,8.8048427556,-0.809,1.000000,18.1765949701,0,0.1539084665
2.941764,2.4723168372,2.5372042232,-0.5391604876,0.0063838800,-0.0649236513,-0.5455443676,0.0841440571,-0.5915125757,-0.7250925126,0.1602198424,0.5004659959,0.8938098744,0.0000000000,0.0419278226,0.0013913032,0.0000000000,-0.0033295762,1.0000000000,0.0419278226,8.8048427556,-0.961,1.000000,18.1765949701,0,0.1539084665
2.950099,2.4678130441,2.5356702424,-0.5415872543,0.0013327845,-0.0678647695,-0.5429200389,0.0835785174,-0.5952869577,-0.4529258460,0.1604166757,0.5004659959,0.8938098744,0.0000000000,0.0419278226,0.0013846104,0.0000000000,-0.0033412479,1.0000000000,0.0419278226,8.8048427556,-1.112,1.000000,18.1765949701,0,0.1539084665
2.958425,2.4632945286,2.5356702424,-0.5436411423,-0.0054777173,-0.0723445962,-0.5381634251,0.0829756457,-0.6000217406,-0.5681739478,0.1603674478,0.5004659959,0.8938098744,0.0000000000,0.0419278226,0.0013724795,0.0000000000,-0.0033510976,1.0000000000,0.0419278226,8.8048427556,-1.263,1.000000,18.1765949701,0,0.1539084665
2.966750,2.4587618219,2.5341362616,-0.5453225778,-0.0116552232,-0.0753082291,-0.5336673546,0.0823480772,-0.6020302585,-0.2410221501,0.1607491498,0.5004659959,0.8938098744,0.0000000000,0.0419278226,0.0013610132,0.0000000000,-0.0033591417,1.0000000000,0.0419278226,8.8048427556,-1.415,1.000000,18.1765949701,0,0.1539084665
2.975098,2.4542033578,2.5326022808,-0.5466343633,-0.0172585665,-0.0783008812,-0.5293757968,0.0816955698,-0.6043255120,-0.2754304153,0.1611038884,0.5004659959,0.8938098744,0.0000000000,0.0419278226,0.0013500684,0.0000000000,-0.0033654052,1.0000000000,0.0419278226,8.8048427556,-1.566,1.000000,18.1765949701,0,0.1539084665
2.983429,2.4496454286,2.5310683000,-0.5475685087,-0.0245699879,-0.0812832951,-0.5229985208,0.0810182090,-0.6045392209,-0.0256450747,0.1616733205,0.5004659959,0.8938098744,0.0000000000,0.0419278226,0.0013338045,0.0000000000,-0.0033698590,1.0000000000,0.0419278226,8.8048427556,-1.718,1.000000,18.1765949701,-2,0.1539084665
2.991762,2.4450800717,2.5295343192,-0.5481277247,-0.0312018559,-0.0842769972,-0.5169258687,0.0803159007,-0.6051045716,-0.0678420755,0.1622074310,0.5004659959,0.8938098744,0.0000000000,0.0419278226,0.0013183174,0.0000000000,-0.0033725226,1.0000000000,0.0419278226,8.8048427556,-1.869,1.000000,18.1765949701,-1,0.1539084665
3.000183,2.4404632762,2.5280003384,-0.5483112653,-0.0394462069,-0.0873129777,-0.5088650585,0.0795882926,-0.6037906759,0.1576674836,0.1629390527,0.5004659959,0.8938098744,0.0000000000,0.0419278226,0.0012977598,0.0000000000,-0.0033733964,1.0000000000,0.0419278226,8.8048427556,-2.021,1.000000,18.1765949701,-2,0.1539084665
3.008431,2.4359409691,2.5249323769,-0.5481190173,-0.0491531699,-0.0887121803,-0.4989658474,0.0788490244,-0.5973992358,0.7669728155,0.1643454485,0.5004659959,0.8938098744,0.0000000000,0.0419278226,0.0012725139,0.0000000000,-0.0033724811,1.0000000000,0.0419278226,8.8048427556,-2.172,1.000000,18.1765949701,-1,0.1539084665
3.016769,2.4313731350,2.5203304345,-0.5475506737,-0.0601868039,-0.0886153926,-0.4873638698,0.0781105628,-0.5863331972,1.3279246214,0.1664024679,0.5004659959,0.8938098744,0.0000000000,0.0419278226,0.0012429253,0.0000000000,-0.0033697740,1.0000000000,0.0419278226,8.8048427556,-2.324,1.000000,18.1765949701,-1,0.1539084665
3.025107,2.4268112110,2.5157284921,-0.5466065928,-0.0724238026,-0.0885058588,-0.4741827902,0.0773730140,-0.5736618427,1.5205625485,0.1686300036,0.5004659959,0.8938098744,0.0000000000,0.0419278226,0.0012093096,0.0000000000,-0.0033652727,1.0000000000,0.0419278226,8.8048427556,-2.475,1.000000,18.1765949701,-1,0.1539084665
3.033424,2.4222700832,2.5111265498,-0.5452912181,-0.0879811963,-0.0883566664,-0.4573100218,0.0766367084,-0.5572188115,1.9731637439,0.1712458239,0.5004659959,0.8938098744,0.0000000000,0.0419278226,0.0011662789,0.0000000000,-0.0033589918,1.0000000000,0.0419278226,8.8048427556,-2.627,1.000000,18.1765949701,-1,0.1539084665
3.041760,2.4177316899,2.5049906266,-0.5435995137,-0.1065503737,-0.0866536494,-0.4370491399,0.0759145947,-0.5342877776,2.7517240692,0.1747003670,0.5004659959,0.8938098744,0.0000000000,0.0419278226,0.0011146075,0.0000000000,-0.0033508982,1.0000000000,0.0419278226,8.8048427556,-2.778,1.000000,18.1765949701,-3,0.1539084665
3.050097,2.4132081303,2.5003886843,-0.5415346649,-0.1300802833,-0.0864415988,-0.4114543816,0.0751942480,-0.5089821838,3.0366712540,0.1782053804,0.5004659959,0.8938098744,0.0000000000,0.0419278226,0.0010493332,0.0000000000,-0.0033409953,1.0000000000,0.0419278226,8.8048427556,-2.930,1.000000,18.1765949701,-2,0.1539084665
3.058430,2.4087053006,2.4942527611,-0.5390995086,-0.1581098543,-0.0846492761,-0.3809896544,0.0744888374,-0.4756534730,3.9994452962,0.1826775052,0.5004659959,0.8938098744,0.0000000000,0.0419278226,0.0009716389,0.0000000000,-0.0033292825,1.0000000000,0.0419278226,8.8048427556,-3.081,1.000000,18.1765949701,-3,0.1539084665
3.066759,2.4042262210,2.4865828572,-0.5362961737,-0.1879919939,-0.0812886985,-0.3483041798,0.0738114316,-0.4369618467,4.6429951519,0.1878409312,0.5004659959,0.8938098744,0.0000000000,0.0419278226,0.0008882810,0.0000000000,-0.0033157531,1.0000000000,0.0419278226,8.8048427556,-3.233,1.000000,18.1765949701,-2,0.1539084665
3.075222,2.3997013286,2.4789129532,-0.5330721805,-0.2217833927,-0.0779517260,-0.3112887877,0.0731618338,-0.3939597624,5.1602501148,0.1933675572,0.5004659959,0.8938098744,0.0000000000,0.0419278226,0.0007938806,0.0000000000,-0.0033001335,1.0000000000,0.0419278226,8.8048427556,-3.384,1.000000,18.1765949701,-2,0.1539084665
3.083424,2.3953429029,2.4712430493,-0.5295875983,-0.2591207082,-0.0744281434,-0.2704668901,0.0725415993,-0.3467516114,5.6649781251,0.1991849723,0.5004659959,0.8938098744,0.0000000000,0.0419278226,0.0006897724,0.0000000000,-0.0032831788,1.0000000000,0.0419278226,8.8048427556,-3.536,1.000000,18.1765949701,-3,0.1539084665
3.091759,2.3909451180,2.4620391646,-0.5256867902,-0.2996743683,-0.0693916678,-0.2260124219,0.0719633354,-0.2928648992,6.4664054553,0.2057063258,0.5004659959,0.8938098744,0.0000000000,0.0419278226,0.0005764001,0.0000000000,-0.0032641098,1.0000000000,0.0419278226,8.8048427556,-3.687,1.000000,18.1765949701,-4,0.1539084665
3.100090,2.3865828348,2.4528352798,-0.5214271308,-0.3431454329,-0.0643031176,-0.1782816979,0.0714274761,-0.2355566980,6.8769841481,0.2123279004,0.5004659959,0.8939538297,0.0172746381,0.0339133532,0.0004546723,0.0000000000,-0.0032431791,1.0000000000,0.0419278226,7.1218041807,-3.838,1.000000,18.1765949701,-3,0.1567199066
3.108509,2.3822123699,2.4436313951,-0.5167599573,-0.3892627464,-0.0592077163,-0.1274972109,0.0709340785,-0.1751392583,7.2500927661,0.2229482049,0.5005375405,0.8940361244,0.0098753619,0.0253282337,0.0003251565,0.0000000000,-0.0032201173,1.0000000000,0.0419278226,5.3189290811,-3.990,1.000000,18.1765949701,-3,0.1570892889
3.116759,2.3779689381,2.4328935296,-0.5118354553,-0.4355514798,-0.0524503273,-0.0762839755,0.0704969924,-0.1109368366,7.7042906061,0.2304599565,0.5005784214,0.8940699132,0.0040546577,0.0152946726,0.0001945472,0.0000000000,-0.0031956382,1.0000000000,0.0419278226,3.2118812420,-3.838,1.000000,18.1765949701,-4,0.1555931673
3.125092,2.3737258703,2.4221556641,-0.5065128381,-0.4842245766,-0.0456790293,-0.0222882615,0.0701163338,-0.0438686728,8.0481796558,0.2349811137,0.5005952023,0.8940752693,0.0006427334,0.0042222043,0.0000568418,0.0000000000,-0.0031690121,1.0000000000,0.0419278226,0.8866629101,-3.687,1.000000,18.1765949701,-3,0.1530229805
3.133425,2.3695287982,2.4114177986,-0.5008434029,-0.5328315484,-0.0388621112,0.0319881455,0.0697924829,0.0236268005,8.0994567972,0.2372648412,0.5005978622,0.8940768336,0.0001877117,-0.0071992199,-0.0000815794,-0.0000000000,-0.0031404594,1.0000000000,0.0419278226,-1.5118361861,-3.536,1.000000,18.1765949701,-4,0.1503504376
3.141846,2.3653364347,2.4006799330,-0.4947648442,-0.5813785412,-0.0320408254,0.0866136970,0.0695254760,0.0915361439,8.1491212011,0.2386904795,0.5005986390,0.8941004124,0.0028294632,-0.0188044649,-0.0002208911,-0.0000000000,-0.0031096271,1.0000000000,0.0419278226,-3.9489376281,-3.384,1.000000,18.1765949701,-3,0.1486294109
3.150097,2.3612798855,2.3899420675,-0.4884733197,-0.6298711296,-0.0250840342,0.1413978099,0.0693164424,0.1599303267,8.2073019390,0.2409481127,0.5006103476,0.8941728716,0.0086950940,-0.0306511867,-0.0003606072,-0.0000000000,-0.0030774765,0.9886671073,0.0419278226,-6.4367492061,-3.233,1.000000,18.1765949701,-3,0.1489860932
3.158429,2.3572374877,2.3792042020,-0.4817868561,-0.6783143702,-0.0181133719,0.1965275141,0.0693164424,0.2289037661,8.2768127302,0.2460103863,0.5006463216,0.8941728716,0.0000000000,-0.0419278226,-0.0005012046,-0.0000000000,-0.0030430428,0.5566214571,0.0419278226,-8.8048427556,-3.081,1.000000,18.1765949701,-2,0.1489860932
3.166765,2.3532504494,2.3684663365,-0.4747671525,-0.7244839738,-0.0111002662,0.2497168213,0.0693164424,0.2960211013,8.0540802278,0.2497634613,0.5006463216,0.8941728716,0.0000000000,-0.0419278226,-0.0006368534,-0.0000000000,-0.0030066003,0.0504559638,0.0419278226,-8.8048427556,-2.930,1.000000,18.1765949701,-3,0.1489860932
3.175218,2.3492685600,2.3607964326,-0.4673164010,-0.7685912616,-0.0071616887,0.3012748605,0.0693164424,0.3554011556,7.1256065059,0.2520524425,0.5006463216,0.8941728716,0.0000000000,-0.0419278226,-0.0007683420,-0.0000000000,-0.0029675934,0.0000000000,0.0419278226,-8.8048427556,-2.778,1.000000,18.1765949701,-2,0.1489860932
3.183423,2.3454647608,2.3485245863,-0.4597684562,-0.8108279135,0.0015462948,0.3510594573,0.0693293282,0.4224925134,8.0509629432,0.2550132437,0.5006463216,0.8941728716,0.0000000000,-0.0419278226,-0.0008953078,-0.0000000000,-0.0029277362,0.0000000000,0.0419278226,-8.8048427556,-2.627,1.000000,18.1765949701,-4,0.1489860932
3.191756,2.3416664663,2.3393207015,-0.4517904271,-0.8491389184,0.0071695207,0.3973484913,0.0693890742,0.4800081867,6.9018807913,0.2566346406,0.5006463216,0.8941728716,0.0000000000,-0.0419278226,-0.0010133589,-0.0000000000,-0.0028852360,0.0000000000,0.0419278226,-8.8048427556,-2.475,1.000000,18.1765949701,-2,0.1489860932
3.200095,2.3379334838,2.3285828360,-0.4434971494,-0.8838891419,0.0143718114,0.4403919925,0.0695088393,0.5374735315,6.8958413784,0.2581987731,0.5006463216,0.8941728716,0.0000000000,-0.0419278226,-0.0011231328,-0.0000000000,-0.0028406538,0.2461733972,0.0419278226,-8.8048427556,-2.324,1.000000,18.1765949701,-3,0.1489860932
3.208432,2.3342714934,2.3193789513,-0.4349008897,-0.9154095377,0.0200927657,0.4805086480,0.0696762790,0.5891171058,6.1972289198,0.2590250866,0.5006463216,0.8941728716,0.0000000000,-0.0419278226,-0.0012254424,-0.0000000000,-0.0027940122,0.7199285002,0.0419278226,-8.8048427556,-2.172,1.000000,18.1765949701,-1,0.1489860932
3.216783,2.3306767413,2.3086410858,-0.4259918183,-0.9440002990,0.0273982963,0.5180084807,0.0699045982,0.6413508562,6.2680500458,0.2598817315,0.5006463216,0.8941728716,0.0000000000,-0.0419278226,-0.0013210783,-0.0000000000,-0.0027452141,1.0000000000,0.0419278226,-8.8048427556,-2.021,1.000000,18.1765949701,-2,0.1489860932
3.225089,2.3271762865,2.2994372010,-0.4168397072,-0.9677048423,0.0332363861,0.5508651351,0.0701815680,0.6860750629,5.3669048056,0.2602542509,0.5006463216,0.8941728716,0.0000000000,-0.0419278226,-0.0014048727,-0.0000000000,-0.0026946020,1.0000000000,0.0419278226,-8.8048427556,-1.869,1.000000,18.1765949701,-2,0.1489860932
3.233426,2.3237404483,2.2902333163,-0.4073681778,-0.9892061885,0.0391265767,0.5818380107,0.0705076228,0.7290673631,5.1590760196,0.2604261592,0.5006463216,0.8941728716,0.0000000000,-0.0419278226,-0.0014838630,-0.0000000000,-0.0026417130,1.0000000000,0.0419278226,-8.8048427556,-1.718,1.000000,18.1765949701,-2,0.1489860932
3.241764,2.3203841898,2.2810294316,-0.3976155765,-1.0087091117,0.0450849944,0.6110935352,0.0708833311,0.7705267718,4.9751290436,0.2604222840,0.5006463216,0.8941728716,0.0000000000,-0.0419278226,-0.0015584734,-0.0000000000,-0.0025867171,1.0000000000,0.0419278226,-8.8048427556,-1.566,1.000000,18.1765949701,-1,0.1489860932
3.250118,2.3171041554,2.2733595276,-0.3875705408,-1.0241704777,0.0495626963,0.6365999369,0.0712963536,0.8053331499,4.1767653696,0.2601497184,0.5006463216,0.8941728716,0.0000000000,-0.0419278226,-0.0016235224,-0.0000000000,-0.0025295087,1.0000000000,0.0419278226,-8.8048427556,-1.415,1.000000,18.1765949701,-2,0.1489860932
3.258425,2.3139269768,2.2641556429,-0.3773175691,-1.0359659254,0.0556564095,0.6586483563,0.0717601570,0.8399410165,4.1529439999,0.2602049052,0.5006463216,0.8941728716,0.0000000000,-0.0419278226,-0.0016797526,-0.0000000000,-0.0024705336,1.0000000000,0.0419278226,-8.8048427556,-1.263,1.000000,18.1765949701,-1,0.1489860932
3.266763,2.3108249103,2.2564857390,-0.3667687669,-1.0444361802,0.0602723645,0.6776674133,0.0722624267,0.8686226227,3.4417927426,0.2600742091,0.5006463216,0.8941728716,0.0000000000,-0.0419278226,-0.0017282569,-0.0000000000,-0.0024092511,1.0000000000,0.0419278226,-8.8048427556,-1.112,1.000000,18.1765949701,-1,0.1489860932
3.275086,2.3078167654,2.2503498158,-0.3559864505,-1.0498902991,0.0634311263,0.6939038486,0.0727910194,0.8916535773,2.7637145431,0.2598089782,0.5006463216,0.8941728716,0.0000000000,-0.0419278226,-0.0017696647,-0.0000000000,-0.0023459866,1.0000000000,0.0419278226,-8.8048427556,-0.961,1.000000,18.1765949701,-1,0.1489860932
3.283514,2.3048635056,2.2442138927,-0.3448214091,-1.0503797384,0.0666165700,0.7055583292,0.0733461575,0.9101817425,2.2233798283,0.2598574060,0.5006463216,0.8941728716,0.0000000000,-0.0419278226,-0.0017993872,-0.0000000000,-0.0022798213,1.0000000000,0.0419278226,-8.8048427556,-0.809,1.000000,18.1765949701,-1,0.1489860932
3.291762,2.3020654880,2.2380779695,-0.3336611158,-1.0463659356,0.0699316740,0.7127048197,0.0739289215,0.9244866635,1.7165905161,0.2602448209,0.5006463216,0.8941728716,0.0000000000,-0.0419278226,-0.0018176129,-0.0000000000,-0.0022130301,1.0000000000,0.0419278226,-8.8048427556,-0.658,1.000000,18.1765949701,-1,0.1489860932
3.300092,2.2993337226,2.2319420464,-0.3221612623,-1.0382674404,0.0732898263,0.7161061781,0.0745396700,0.9351595401,1.2807451957,0.2609355193,0.5006463216,0.8941728716,0.0000000000,-0.0419278226,-0.0018262874,-0.0000000000,-0.0021435364,1.0000000000,0.0419278226,-8.8048427556,-0.506,1.000000,18.1765949701,-1,0.1489860932
3.308442,2.2966924250,2.2273401040,-0.3104121660,-1.0242350251,0.0751707561,0.7138228591,0.0751660930,0.9372294316,0.2483869810,0.2619058044,0.5006463216,0.8941728716,0.0000000000,-0.0419278226,-0.0018204642,-0.0000000000,-0.0020718493,1.0000000000,0.0419278226,-8.8048427556,-0.355,1.000000,18.1765949701,-1,0.1489860932
3.316784,2.2941527329,2.2242721424,-0.2984620285,-1.0070490883,0.0756013965,0.7085870599,0.0757961046,0.9334701064,-0.4511190228,0.2629178797,0.5006463216,0.8941728716,0.0000000000,-0.0419278226,-0.0018071114,-0.0000000000,-0.0019982401,1.0000000000,0.0419278226,-8.8048427556,-0.203,1.000000,18.1765949701,-1,0.1489860932
3.325088,2.2917243669,2.2196702001,-0.2863622314,-0.9847738554,0.0776484325,0.6984116239,0.0764431749,0.9279981270,-0.6566375311,0.2645908331,0.5006463216,0.8941728716,0.0000000000,-0.0419278226,-0.0017811609,-0.0000000000,-0.0019230135,1.0000000000,0.0419278226,-8.8048427556,-0.052,1.000000,18.1765949701,-1,0.1489860932
3.333427,2.2893878601,2.2181362193,-0.2740161871,-0.9578823462,0.0766931422,0.6838661592,0.0770822844,0.9121856491,-1.8974973434,0.2661899773,0.5006463216,0.8941728716,0.0000000000,-0.0419278226,-0.0017440656,-0.0000000000,-0.0018455554,1.0000000000,0.0419278226,-8.8048427556,0.100,1.000000,18.1765949701,0,0.1489860932
3.341757,2.2871572121,2.2196702001,-0.2614943894,-0.9268036165,0.0727519626,0.6653092271,0.0776885508,0.8863993426,-3.0943567856,0.2676239193,0.5006463216,0.8941728716,0.0000000000,-0.0419278226,-0.0016967398,-0.0000000000,-0.0017662945,1.0000000000,0.0419278226,-8.8048427556,0.251,1.000000,18.1765949701,0,0.1489860932
3.350179,2.2850089714,2.2196702001,-0.2486536610,-0.8896979678,0.0703929336,0.6410443069,0.0782751585,0.8580278147,-3.4045833394,0.2696785590,0.5006463216,0.8941728716,0.0000000000,-0.0419278226,-0.0016348569,-0.0000000000,-0.0016843080,1.0000000000,0.0419278226,-8.8048427556,0.403,1.000000,18.1765949701,0,0.1489860932
3.358430,2.2830098601,2.2196702001,-0.2359043965,-0.8471255666,0.0681519785,0.6112211701,0.0788430917,0.8243141512,-4.0456396246,0.2720343679,0.5006463216,0.8941728716,0.0000000000,-0.0419278226,-0.0015587989,-0.0000000000,-0.0016022243,1.0000000000,0.0419278226,-8.8048427556,0.554,1.000000,18.1765949701,0,0.1489860932
3.366763,2.2810981507,2.2196702001,-0.2228663974,-0.7995945153,0.0659702566,0.5767281179,0.0793928438,0.7860302817,-4.5940643382,0.2745418968,0.5006463216,0.8941728716,0.0000000000,-0.0419278226,-0.0014708312,-0.0000000000,-0.0015176087,1.0000000000,0.0419278226,-8.8048427556,0.706,1.000000,18.1765949701,0,0.1489860932
3.375093,2.2792965876,2.2212041809,-0.2096821036,-0.7475656909,0.0623391494,0.5378835873,0.0799123368,0.7404866177,-5.4652396853,0.2767965328,0.5006463216,0.8941728716,0.0000000000,-0.0419278226,-0.0013717659,-0.0000000000,-0.0014313829,1.0000000000,0.0419278226,-8.8048427556,0.857,1.000000,18.1765949701,0,0.1489860932
3.383425,2.2776049347,2.2212041809,-0.1963500348,-0.6936860108,0.0603414189,0.4973359760,0.0804151819,0.6964673436,-5.2823128942,0.2791225328,0.5006463216,0.8941728716,0.0000000000,-0.0419278226,-0.0012683572,-0.0000000000,-0.0013435486,1.0000000000,0.0419278226,-8.8048427556,1.009,1.000000,18.1765949701,0,0.1489860932
3.391761,2.2760241781,2.2227381616,-0.1828767311,-0.6358986252,0.0568984051,0.4530218941,0.0808893353,0.6457829747,-6.0821242566,0.2809648049,0.5006463216,0.8941728716,0.0000000000,-0.0419278226,-0.0011553429,-0.0000000000,-0.0012541638,1.0000000000,0.0419278226,-8.8048427556,1.160,1.000000,18.1765949701,0,0.1489860932
3.400093,2.2745569761,2.2242721424,-0.1692848616,-0.5790244839,0.0535741338,0.4097396222,0.0813357864,0.5963389229,-5.9332862262,0.2823388490,0.5006463216,0.8941728716,0.0000000000,-0.0419278226,-0.0010449600,-0.0000000000,-0.0011633987,1.0000000000,0.0419278226,-8.8048427556,1.312,1.000000,18.1765949701,0,0.1489860932
3.408425,2.2732034805,2.2242721424,-0.1555766709,-0.5252075819,0.0519149173,0.3696309110,0.0817684107,0.5533615963,-5.1572791927,0.2835701241,0.5006463216,0.8941728716,0.0000000000,-0.0419278226,-0.0009426706,-0.0000000000,-0.0010712933,1.0000000000,0.0419278226,-8.8048427556,1.463,1.000000,18.1765949701,0,0.1489860932
3.416751,2.2719655880,2.2258061232,-0.1417728218,-0.4741637669,0.0488530762,0.3323909451,0.0821755197,0.5104422435,-5.1503223323,0.2840369869,0.5006463216,0.8941728716,0.0000000000,-0.0419278226,-0.0008476975,-0.0000000000,-0.0009780151,1.0000000000,0.0419278226,-8.8048427556,1.615,1.000000,18.1765949701,0,0.1489860932
3.425093,2.2708409420,2.2258061232,-0.1278445972,-0.4256352969,0.0474527515,0.2977906998,0.0825709593,0.4734508760,-4.4389640928,0.2845430293,0.5006463216,0.8941728716,0.0000000000,-0.0419278226,-0.0007594564,-0.0000000000,-0.0008834019,1.0000000000,0.0419278226,-8.8048427556,1.766,1.000000,18.1765949701,2,0.1489860932
3.433426,2.2698339339,2.2288740848,-0.1138444843,-0.3793883855,0.0431150642,0.2655439012,0.0829302515,0.4329437102,-4.8608598995,0.2839875571,0.5006463216,0.8941728716,0.0000000000,-0.0419278226,-0.0006772173,-0.0000000000,-0.0007878456,1.0000000000,0.0419278226,-8.8048427556,1.917,1.000000,18.1765949701,1,0.1489860932
3.441757,2.2689440481,2.2304080656,-0.0997686194,-0.3352109752,0.0404402362,0.2354423558,0.0832672534,0.3978622568,-4.2097744071,0.2835855095,0.5006463216,0.8941728716,0.0000000000,-0.0419278226,-0.0006004492,-0.0000000000,-0.0006913608,1.0000000000,0.0419278226,-8.8048427556,2.069,1.000000,18.1765949701,2,0.1489860932
3.450173,2.2681644943,2.2334760272,-0.0854806374,-0.2929107183,0.0363524232,0.2074300809,0.0835701903,0.3620302959,-4.2998353078,0.2825701972,0.5006463216,0.8941728716,0.0000000000,-0.0419278226,-0.0005290095,-0.0000000000,-0.0005930501,1.0000000000,0.0419278226,-8.8048427556,2.220,1.000000,18.1765949701,1,0.1489860932
3.458430,2.2675167488,2.2365439887,-0.0714038397,-0.2523131443,0.0324060910,0.1809093046,0.0838402411,0.3279383871,-4.0910290586,0.2813791754,0.5006463216,0.8941728716,0.0000000000,-0.0419278226,-0.0004613735,-0.0000000000,-0.0004958768,1.0000000000,0.0419278226,-8.8048427556,2.372,1.000000,18.1765949701,2,0.1489860932
3.466762,2.2669811598,2.2411459311,-0.0571507620,-0.2132599990,0.0270467079,0.1561092369,0.0840656303,0.2927168296,-4.2265869052,0.2796038462,0.5006463216,0.8941728716,0.0000000000,-0.0419278226,-0.0003981258,-0.0000000000,-0.0003972193,1.0000000000,0.0419278226,-8.8048427556,2.523,1.000000,18.1765949701,2,0.1489860932
3.475086,2.2665648450,2.2457478735,-0.0428724577,-0.1733788610,0.0218018955,0.1305064033,0.0842473128,0.2568769463,-4.3007859878,0.2776407947,0.5006463216,0.8941728716,0.0000000000,-0.0419278226,-0.0003328308,-0.0000000000,-0.0002981704,0.8428001075,0.0419278226,-8.8048427556,2.675,1.000000,18.1765949701,2,0.1489860932
3.483503,2.2662648677,2.2503498158,-0.0284052690,-0.1327466874,0.0166691542,0.1043414184,0.0843862224,0.2206553089,-4.3465964955,0.2754887015,0.5006463216,0.8943248165,0.0182333925,-0.0416826787,-0.0002661022,-0.0000000000,-0.0001976450,0.4327896507,0.0419278226,-8.7533625291,2.826,1.000000,18.1765949701,3,0.1528665013
3.491760,2.2660889911,2.2564857390,-0.0141932326,-0.0914332826,0.0101226629,0.0772400499,0.0844705779,0.1806357872,-4.8023425988,0.2798667586,0.5007217234,0.8944278344,0.0123621524,-0.0343702032,-0.0001969855,-0.0000000000,-0.0000987839,0.0181697560,0.0419278226,-7.2177426624,2.978,1.000000,18.1765949701,1,0.1544752016
3.500094,2.2660305160,2.2626216621,0.0001623971,-0.0472730870,0.0036774010,0.0474354841,0.0845012229,0.1380611488,-5.1089566050,0.2795764095,0.5007728187,0.8944879678,0.0072159998,-0.0261726093,-0.0001209748,-0.0000000000,0.0000011304,0.0000000000,0.0419278226,-5.4962479552,3.129,1.000000,18.1765949701,1,0.1542206863
3.508421,2.2660915791,2.2702915661,0.0145038195,-0.0005306932,-0.0041969722,0.0150345127,0.0844662481,0.0899871854,-5.7688756125,0.2749735421,0.5008026339,0.8945132038,0.0030283231,-0.0167524790,-0.0000383426,-0.0000000000,0.0001009451,0.0000000000,0.0419278226,-3.5180205898,3.281,1.000000,18.1765949701,3,0.1525130116
3.516841,2.2662747242,2.2764274892,0.0289960267,0.0485538989,-0.0104285882,-0.0195578721,0.0843793432,0.0429331188,-5.6464879974,0.2679430109,0.5008151442,0.8945188402,0.0006763687,-0.0076867629,0.0000498785,0.0000000000,0.0002017524,0.0266724705,0.0419278226,-1.6142202163,3.129,1.000000,18.1765949701,2,0.1500220074
3.525093,2.2665725649,2.2840973932,0.0431805717,0.0975341199,-0.0180788964,-0.0543535482,0.0842286858,-0.0072046250,-6.0165292529,0.2588632026,0.5008179381,0.8945189950,0.0000185755,0.0016683029,0.0001386180,0.0000000000,0.0003003097,0.5536745837,0.0419278226,0.3503436063,2.978,1.000000,18.1765949701,2,0.1473467224
3.533427,2.2669920087,2.2933012779,0.0574750448,0.1486485464,-0.0271537062,-0.0911735016,0.0840024049,-0.0622702748,-6.6078779732,0.2487241871,0.5008180149,0.8945302311,0.0013483308,0.0114761393,0.0002325200,0.0000000000,0.0003994665,1.0000000000,0.0419278226,2.4099892426,2.826,1.000000,18.1765949701,2,0.1451883883
3.541762,2.2675304975,2.3025051626,0.0717319267,0.2016988165,-0.0361204680,-0.1299668898,0.0837014010,-0.1191684566,-6.8277818122,0.2392306630,0.5008235844,0.8945702582,0.0048032546,0.0210160085,0.0003314549,0.0000000000,0.0004981448,1.0000000000,0.0419278226,4.4133617837,2.675,1.000000,18.1765949701,2,0.1442933873
3.550196,2.2681961745,2.3101750666,0.0861088705,0.2542761293,-0.0434233742,-0.1681672587,0.0833395395,-0.1722292102,-6.3672904421,0.2322578150,0.5008434230,0.8946521421,0.0098260677,0.0296005125,0.0004288774,0.0000000000,0.0005973800,1.0000000000,0.0419278226,6.2161076192,2.523,1.000000,18.1765949701,3,0.1451837187
3.558432,2.2689629046,2.3193789513,0.1000882249,0.3086533191,-0.0521694327,-0.2085650942,0.0829047943,-0.2304253981,-6.9835425409,0.2272558415,0.5008839970,0.8947964991,0.0173228358,0.0388807327,0.0005319041,0.0000000000,0.0006935558,1.0000000000,0.0419278226,8.1649538714,2.372,1.000000,18.1765949701,2,0.1486287243
3.566761,2.2698552011,2.3270488552,0.1141588092,0.3624342222,-0.0592525566,-0.2482754129,0.0824110230,-0.2846896837,-6.5117142686,0.2265016523,0.5009554933,0.8947964991,0.0000000000,0.0419278226,0.0006331774,0.0000000000,0.0007899957,1.0000000000,0.0419278226,8.8048427556,2.220,1.000000,18.1765949701,2,0.1486287243
3.575092,2.2708646474,2.3362527399,0.1281548012,0.4134453841,-0.0677367773,-0.2852905829,0.0818465498,-0.3391111140,-6.5305716389,0.2198328356,0.5009554933,0.8947964991,0.0000000000,0.0419278226,0.0007275773,0.0000000000,0.0008855141,1.0000000000,0.0419278226,8.8048427556,2.069,1.000000,18.1765949701,2,0.1486287243
3.583514,2.2720032605,2.3454566247,0.1422142484,0.4641731118,-0.0760902211,-0.3219588634,0.0812124646,-0.3929945729,-6.4660150676,0.2130682713,0.5009554933,0.8947964991,0.0000000000,0.0419278226,0.0008210925,0.0000000000,0.0009810058,1.0000000000,0.0419278226,8.8048427556,1.917,1.000000,18.1765949701,1,0.1486287243
3.591777,2.2732350815,2.3546605094,0.1559117897,0.5124148729,-0.0843363347,-0.3565030832,0.0805096618,-0.4446085724,-6.1936799437,0.2064214593,0.5009554933,0.8947964991,0.0000000000,0.0419278226,0.0009091907,0.0000000000,0.0010735513,1.0000000000,0.0419278226,8.8048427556,1.766,1.000000,18.1765949701,1,0.1486287243
3.600099,2.2745894895,2.3638643941,0.1695992187,0.5584017233,-0.0924470518,-0.3888025046,0.0797392697,-0.4937755223,-5.9000339809,0.1999509503,0.5009554933,0.8947964991,0.0000000000,0.0419278226,0.0009915640,0.0000000000,0.0011655044,1.0000000000,0.0419278226,8.8048427556,1.615,1.000000,18.1765949701,2,0.1486287243
3.608418,2.2760570435,2.3730682789,0.1831683124,0.6023432437,-0.1004330039,-0.4191749313,0.0789023280,-0.5408333153,-5.6469351603,0.1936567114,0.5009554933,0.8947964991,0.0000000000,0.0419278226,0.0010690229,0.0000000000,0.0012561045,1.0000000000,0.0419278226,8.8048427556,1.463,1.000000,18.1765949701,2,0.1486287243
3.616762,2.2776416467,2.3822721636,0.1966504848,0.6422006596,-0.1082787058,-0.4455501749,0.0780000055,-0.5836798573,-5.1415850408,0.1877965413,0.5009554933,0.8947964991,0.0000000000,0.0419278226,0.0011362877,0.0000000000,0.0013455349,1.0000000000,0.0419278226,8.8048427556,1.312,1.000000,18.1765949701,1,0.1486287243
3.625113,2.2793396672,2.3899420675,0.2100088109,0.6805824402,-0.1144686270,-0.4705736292,0.0770461003,-0.6219370924,-4.5908682136,0.1826184724,0.5009554933,0.8947964991,0.0000000000,0.0419278226,0.0012001051,0.0000000000,0.0014335273,1.0000000000,0.0419278226,8.8048427556,1.160,1.000000,18.1765949701,1,0.1486287243
3.633425,2.2811400310,2.3991459523,0.2231619167,0.7153968612,-0.1220699204,-0.4922349444,0.0760288509,-0.6596976340,-4.5312649930,0.1773227460,0.5009554933,0.8947964991,0.0000000000,0.0419278226,0.0012553480,0.0000000000,0.0015195339,1.0000000000,0.0419278226,8.8048427556,1.009,1.000000,18.1765949701,1,0.1486287243
3.641746,2.2830512668,2.4068158562,0.2361771404,0.7469754876,-0.1280079792,-0.5107983472,0.0749621178,-0.6911058726,-3.7689886355,0.1729215650,0.5009554933,0.8947964991,0.0000000000,0.0419278226,0.0013026903,0.0000000000,0.0016039872,1.0000000000,0.0419278226,8.8048427556,0.857,1.000000,18.1765949701,1,0.1486287243
3.650088,2.2850754941,2.4144857601,0.2490639654,0.7756190675,-0.1338163731,-0.5265551021,0.0738469813,-0.7194976770,-3.4070165279,0.1688727529,0.5009554933,0.8947964991,0.0000000000,0.0419278226,0.0013428748,0.0000000000,0.0016869385,1.0000000000,0.0419278226,8.8048427556,0.706,1.000000,18.1765949701,1,0.1486287243
3.658424,2.2872045713,2.4221556641,0.2617684145,0.7993715201,-0.1394921319,-0.5376031057,0.0726845469,-0.7429639549,-2.8159533475,0.1653926344,0.5009554933,0.8947964991,0.0000000000,0.0419278226,0.0013710506,0.0000000000,0.0017680364,1.0000000000,0.0419278226,8.8048427556,0.554,1.000000,18.1765949701,1,0.1486287243
3.666836,2.2894599258,2.4282915872,0.2744082175,0.8186874470,-0.1434824298,-0.5442792295,0.0714888600,-0.7587438161,-1.8935833399,0.1629389673,0.5009554933,0.8947964991,0.0000000000,0.0419278226,0.0013880767,0.0000000000,0.0018480256,1.0000000000,0.0419278226,8.8048427556,0.403,1.000000,18.1765949701,1,0.1486287243
3.675094,2.2917767149,2.4359614912,0.2866305938,0.8339791969,-0.1489224134,-0.5473486031,0.0702478399,-0.7738407038,-1.8116265245,0.1604195409,0.5009554933,0.8947964991,0.0000000000,0.0419278226,0.0013959045,0.0000000000,0.0019246895,1.0000000000,0.0419278226,8.8048427556,0.251,1.000000,18.1765949701,1,0.1486287243
3.683427,2.2942156952,2.4405634335,0.2987666416,0.8456207932,-0.1511515086,-0.5468541516,0.0689882440,-0.7790152588,-0.6209465988,0.1593090338,0.5009554933,0.8947964991,0.0000000000,0.0419278226,0.0013946435,0.0000000000,0.0020001250,1.0000000000,0.0419278226,8.8048427556,0.100,1.000000,18.1765949701,3,0.1486287243
3.691759,2.2967550236,2.4451653759,0.3106983231,0.8517226205,-0.1532487856,-0.5410242974,0.0677111708,-0.7786098534,0.0486486457,0.1588066670,0.5009554933,0.8947964991,0.0000000000,0.0419278226,0.0013797756,0.0000000000,0.0020736034,1.0000000000,0.0419278226,8.8048427556,-0.052,1.000000,18.1765949701,6,0.1486287243
3.700116,2.2994008326,2.4466993567,0.3224514246,0.8505706916,-0.1521304135,-0.5281192670,0.0664434173,-0.7647338031,1.6651260363,0.1600754683,0.5009554933,0.8947964991,0.0000000000,0.0419278226,0.0013468639,0.0000000000,0.0021452981,1.0000000000,0.0419278226,8.8048427556,-0.203,1.000000,18.1765949701,-1,0.1486287243
3.708427,2.3021282638,2.4482333375,0.3339181342,0.8428392004,-0.1508930424,-0.5089210662,0.0651859753,-0.7443180826,2.4498864554,0.1620346732,0.5009554933,0.8947964991,0.0000000000,0.0419278226,0.0012979027,0.0000000000,0.0022145755,1.0000000000,0.0419278226,8.8048427556,-0.355,1.000000,18.1765949701,0,0.1486287243
3.716758,2.3049575368,2.4482333375,0.3451863115,0.8269108024,-0.1479732840,-0.4817244909,0.0639528646,-0.7125387747,3.8135169489,0.1653509487,0.5009554933,0.8947964991,0.0000000000,0.0419278226,0.0012285432,0.0000000000,0.0022819941,1.0000000000,0.0419278226,8.8048427556,-0.506,1.000000,18.1765949701,0,0.1486287243
3.725093,2.3078805265,2.4466993567,0.3562209805,0.8035473517,-0.1433835913,-0.4473263712,0.0627580013,-0.6702037190,5.0802066832,0.1699179000,0.5009554933,0.8947964991,0.0000000000,0.0419278226,0.0011408176,0.0000000000,0.0023473693,1.0000000000,0.0419278226,8.8048427556,-0.658,1.000000,18.1765949701,0,0.1486287243
3.733425,2.3108937482,2.4466993567,0.3670089523,0.7712110166,-0.1401866745,-0.4042020644,0.0615897790,-0.6218822599,5.7985750923,0.1748464903,0.5009554933,0.8947964991,0.0000000000,0.0419278226,0.0010308375,0.0000000000,0.0024106532,1.0000000000,0.0419278226,8.8048427556,-0.809,1.000000,18.1765949701,0,0.1486287243
3.741785,2.3140063796,2.4451653759,0.3775804143,0.7307357738,-0.1353101322,-0.3531553595,0.0604621946,-0.5622625955,7.1543597354,0.1809854004,0.5009554933,0.8947964991,0.0000000000,0.0419278226,0.0009006530,0.0000000000,0.0024720527,1.0000000000,0.0419278226,8.8048427556,-0.961,1.000000,18.1765949701,0,0.1486287243
3.750095,2.3171867053,2.4436313951,0.3878298983,0.6851069623,-0.1303366192,-0.2972770640,0.0593760561,-0.4975778890,7.7621647763,0.1874176814,0.5009554933,0.8947964991,0.0000000000,0.0419278226,0.0007581464,0.0000000000,0.0025309929,1.0000000000,0.0419278226,8.8048427556,-1.112,1.000000,18.1765949701,0,0.1486287243
3.758428,2.3204604858,2.4436313951,0.3978430368,0.6325747001,-0.1267644155,-0.2347316633,0.0583196860,-0.4289797244,8.2317797485,0.1936883151,0.5009554933,0.8947964991,0.0000000000,0.0419278226,0.0005986368,0.0000000000,0.0025880060,1.0000000000,0.0419278226,8.8048427556,-1.263,1.000000,18.1765949701,0,0.1486287243
3.766753,2.3238134371,2.4420974143,0.4075746449,0.5782383737,-0.1215688117,-0.1706637288,0.0573066126,-0.3555922608,8.8064956293,0.2002353634,0.5009554933,0.8947964991,0.0000000000,0.0419278226,0.0004352441,0.0000000000,0.0026428714,1.0000000000,0.0419278226,8.8048427556,-1.415,1.000000,18.1765949701,0,0.1486287243
3.775177,2.3272871808,2.4420974143,0.4171371726,0.5244945360,-0.1177897620,-0.1073573634,0.0563250312,-0.2857485901,8.3812404929,0.2057629617,0.5009554933,0.8947964991,0.0000000000,0.0419278226,0.0002737938,0.0000000000,0.0026962547,1.0000000000,0.0419278226,8.8048427556,-1.566,1.000000,18.1765949701,0,0.1486287243
3.783429,2.3307668845,2.4405634335,0.4262211594,0.4735169944,-0.1124864863,-0.0472958351,0.0553876438,-0.2160790660,8.3603428892,0.2110900314,0.5009554933,0.8949171503,0.0144781540,0.0364330988,0.0001206187,0.0000000000,0.0027464761,1.0000000000,0.0419278226,7.6509507490,-1.718,1.000000,18.1765949701,-1,0.1507905436
3.791761,2.3343555115,2.4390294527,0.4351034292,0.4250486381,-0.1070885413,0.0100547910,0.0544952393,-0.1488880758,8.0629188279,0.2189061955,0.5010152162,0.8949758773,0.0070472362,0.0264837469,-0.0000256428,-0.0000000000,0.0027951161,1.0000000000,0.0419278226,5.5615868435,-1.869,1.000000,18.1765949701,-2,0.1504335226
3.800093,2.3380168281,2.4374954720,0.4436873841,0.3788562532,-0.1016308359,0.0648311309,0.0536483157,-0.0841078413,7.7736281360,0.2224913669,0.5010442755,0.8949948296,0.0022742714,0.0162245516,-0.0001653390,-0.0000000000,0.0028416810,1.0000000000,0.0419278226,3.4071558298,-2.021,1.000000,18.1765949701,-1,0.1485046612
3.808424,2.3417480955,2.4344275104,0.4519666762,0.3324994257,-0.0945682649,0.1194672505,0.0528602468,-0.0162225301,8.1462373409,0.2237064468,0.5010536520,0.8949955373,0.0000849268,0.0052045749,-0.0003046776,-0.0000000000,0.0028861790,1.0000000000,0.0419278226,1.0929607360,-1.869,1.000000,18.1765949701,-2,0.1458787998
3.816755,2.3455465105,2.4298255680,0.4599352408,0.2882223154,-0.0859163798,0.1717129253,0.0521442770,0.0524998072,8.2466804752,0.2236240270,0.5010540021,0.8950029475,0.0008892259,-0.0059960013,-0.0004379199,-0.0000000000,0.0029286206,1.0000000000,0.0419278226,-1.2591602736,-1.718,1.000000,18.1765949701,-1,0.1435781007
3.825095,2.3494147685,2.4267576064,0.4675979986,0.2458316250,-0.0787393488,0.2217663736,0.0514881157,0.1161598319,7.6392029670,0.2228880805,0.5010576681,0.8950391414,0.0043432702,-0.0163312769,-0.0005655713,-0.0000000000,0.0029690738,1.0000000000,0.0419278226,-3.4295681578,-1.566,1.000000,18.1765949701,-2,0.1425337359
3.833426,2.3533410293,2.4221556641,0.4749314493,0.2029231470,-0.0699673928,0.2720083023,0.0509050541,0.1832479379,8.0505727177,0.2240487965,0.5010755721,0.8951295407,0.0108479162,-0.0273489314,-0.0006937035,-0.0000000000,0.0030074567,1.0000000000,0.0419278226,-5.7432756008,-1.415,1.000000,18.1765949701,-1,0.1438226577
3.841755,2.3573260772,2.4175537217,0.4819379713,0.1595450067,-0.0611339817,0.3223929645,0.0503956043,0.2506734121,8.0910569016,0.2284875052,0.5011202781,0.8953010273,0.0205783846,-0.0389165471,-0.0008221996,-0.0000000000,0.0030438240,1.0000000000,0.0419278226,-8.1724748911,-1.263,1.000000,18.1765949701,-1,0.1485115566
3.850179,2.3614148405,2.4129517793,0.4886892756,0.1157408565,-0.0521944351,0.3729484190,0.0503956043,0.3189828061,8.1971272874,0.2381156920,0.5012050390,0.8953010273,0.0000000000,-0.0419278226,-0.0009511313,-0.0000000000,0.0030785841,1.0000000000,0.0419278226,-8.8048427556,-1.112,1.000000,18.1765949701,-1,0.1485115566
3.858426,2.3654707699,2.4083498370,0.4949662111,0.0715502915,-0.0432855273,0.4234159196,0.0503956043,0.3871433976,8.1792709814,0.2393406714,0.5012050390,0.8953010273,0.0000000000,-0.0419278226,-0.0010798387,-0.0000000000,0.0031106522,1.0000000000,0.0419278226,-8.8048427556,-0.961,1.000000,18.1765949701,-1,0.1485115566
3.866754,2.3696184674,2.4037478946,0.5009688275,0.0270092267,-0.0342828602,0.4739596009,0.0503956043,0.4555663758,8.2107573762,0.2399688410,0.5012050390,0.8953010273,0.0000000000,-0.0419278226,-0.0012087404,-0.0000000000,0.0031410932,1.0000000000,0.0419278226,-8.8048427556,-0.809,1.000000,18.1765949701,-1,0.1485115566
3.875088,2.3738172763,2.3976119715,0.5066317859,-0.0178497612,-0.0236932950,0.5244815470,0.0503956043,0.5271191984,8.5863387200,0.2403635916,0.5012050390,0.8953010273,0.0000000000,-0.0419278226,-0.0013375866,-0.0000000000,0.0031696090,0.9448874485,0.0419278226,-8.8048427556,-0.658,1.000000,18.1765949701,-1,0.1485115566
3.883506,2.3781047175,2.3930100291,0.5119991365,-0.0607682471,-0.0145601016,0.5727673836,0.0503956043,0.5935435570,7.9709230252,0.2398460343,0.5012050390,0.8953010273,0.0000000000,-0.0419278226,-0.0014607301,-0.0000000000,0.0031964542,0.2604587854,0.0419278226,-8.8048427556,-0.506,1.000000,18.1765949701,-1,0.1485115566
3.891760,2.3823511386,2.3899420675,0.5169144008,-0.1019265894,-0.0070119082,0.6188409901,0.0503956043,0.6546078756,7.3277182289,0.2385420503,0.5012050390,0.8953010273,0.0000000000,-0.0419278226,-0.0015782317,-0.0000000000,0.0032208826,0.0000000000,0.0419278226,-8.8048427556,-0.355,1.000000,18.1765949701,-1,0.1485115566
3.900093,2.3866780599,2.3838061444,0.5215243320,-0.1414883828,0.0036756773,0.6630127148,0.0504262349,0.7200353485,7.8512967571,0.2374852269,0.5012050390,0.8953010273,0.0000000000,-0.0419278226,-0.0016908830,-0.0000000000,0.0032436580,0.0000000000,0.0419278226,-8.8048427556,-0.203,1.000000,18.1765949701,-1,0.1485115566
3.908427,2.3910424253,2.3807381828,0.5257773418,-0.1796020173,0.0113245187,0.7053793592,0.0505206059,0.7776856463,6.9180357335,0.2354432176,0.5012050390,0.8953010273,0.0000000000,-0.0419278226,-0.0017989308,-0.0000000000,0.0032645536,0.0598708479,0.0419278226,-8.8048427556,-0.052,1.000000,18.1765949701,0,0.1485115566
3.916838,2.3954817173,2.3792042020,0.5297043914,-0.2119443391,0.0174815206,0.7416487305,0.0506662852,0.8263264703,5.8368988786,0.2331559214,0.5012050390,0.8953010273,0.0000000000,-0.0419278226,-0.0018914286,-0.0000000000,0.0032837483,0.5024260166,0.0419278226,-8.8048427556,0.100,1.000000,18.1765949701,0,0.1485115566
3.925094,2.3998694615,2.3776702212,0.5331991037,-0.2390517575,0.0235572364,0.7722508611,0.0508625955,0.8691885440,5.1434488453,0.2310238642,0.5012050390,0.8953010273,0.0000000000,-0.0419278226,-0.0019694733,-0.0000000000,0.0033007496,0.9390434659,0.0419278226,-8.8048427556,0.251,1.000000,18.1765949701,0,0.1485115566
3.933427,2.4043260753,2.3776702212,0.5363628528,-0.2591819500,0.0281282050,0.7955448029,0.0510969973,0.9017915611,3.9123620484,0.2290220748,0.5012050390,0.8953010273,0.0000000000,-0.0419278226,-0.0020288799,-0.0000000000,0.0033160755,1.0000000000,0.0419278226,-8.8048427556,0.403,1.000000,18.1765949701,0,0.1485115566
3.941757,2.4088057959,2.3776702212,0.5391580263,-0.2729834087,0.0326863283,0.8121414350,0.0513693833,0.9277092122,3.1101181290,0.2274585220,0.5012050390,0.8953010273,0.0000000000,-0.0419278226,-0.0020712064,-0.0000000000,0.0033295644,1.0000000000,0.0419278226,-8.8048427556,0.554,1.000000,18.1765949701,0,0.1485115566
3.950171,2.4133528575,2.3776702212,0.5416066240,-0.2810443518,0.0372791823,0.8226509757,0.0516800432,0.9476464867,2.3924729407,0.2263361560,0.5012050390,0.8953010273,0.0000000000,-0.0419278226,-0.0020980089,-0.0000000000,0.0033413409,1.0000000000,0.0419278226,-8.8048427556,0.706,1.000000,18.1765949701,0,0.1485115566
3.958438,2.4178390835,2.3776702212,0.5436439254,-0.2816694505,0.0417689593,0.8253133759,0.0520281178,0.9595688026,1.4306779093,0.2258449651,0.5012050390,0.8953010273,0.0000000000,-0.0419278226,-0.0021047988,-0.0000000000,0.0033511109,1.0000000000,0.0419278226,-8.8048427556,0.857,1.000000,18.1765949701,0,0.1485115566
3.966748,2.4223638940,2.3792042020,0.5453221987,-0.2755498226,0.0447250248,0.8208720213,0.0524008264,0.9613657031,0.2156280612,0.2257142421,0.5012050390,0.8953010273,0.0000000000,-0.0419278226,-0.0020934720,-0.0000000000,0.0033591399,1.0000000000,0.0419278226,-8.8048427556,1.009,1.000000,18.1765949701,0,0.1485115566
3.975089,2.4269184168,2.3792042020,0.5466331089,-0.2633123507,0.0492100295,0.8099454596,0.0528109100,0.9597507232,-0.1937975805,0.2263403547,0.5012050390,0.8953010273,0.0000000000,-0.0419278226,-0.0020656060,-0.0000000000,0.0033653992,1.0000000000,0.0419278226,-8.8048427556,1.160,1.000000,18.1765949701,0,0.1485115566
3.983423,2.4314781930,2.3792042020,0.5475679773,-0.2455256520,0.0536687637,0.7930936293,0.0532581497,0.9521949393,-0.9066940767,0.2274348550,0.5012050390,0.8953010273,0.0000000000,-0.0419278226,-0.0020226287,-0.0000000000,0.0033698564,1.0000000000,0.0419278226,-8.8048427556,1.312,1.000000,18.1765949701,0,0.1485115566
3.991845,2.4360923915,2.3807381828,0.5481314141,-0.2249343702,0.0566320073,0.7730657844,0.0537300831,0.9385174454,-1.6412992595,0.2285177269,0.5012050390,0.8953010273,0.0000000000,-0.0419278226,-0.0019715516,-0.0000000000,0.0033725402,1.0000000000,0.0419278226,-8.8048427556,1.463,1.000000,18.1765949701,0,0.1485115566
4.000094,2.4406149024,2.3807381828,0.5483113318,-0.2040280505,0.0610357544,0.7523393823,0.0542387143,0.9270384205,-1.3774829898,0.2298432032,0.5012050390,0.8953010273,0.0000000000,-0.0419278226,-0.0019186930,-0.0000000000,0.0033733967,1.0000000000,0.0419278226,-8.8048427556,1.615,1.000000,18.1765949701,0,0.1485115566
4.008434,2.4451873795,2.3807381828,0.5481188940,-0.1850648497,0.0655005060,0.7331837436,0.0547845519,0.9172880011,-1.1700503275,0.2310008089,0.5012050390,0.8953010273,0.0000000000,-0.0419278226,-0.0018698404,-0.0000000000,0.0033724806,1.0000000000,0.0419278226,-8.8048427556,1.766,1.000000,18.1765949701,1,0.1485115566
4.016762,2.4497499803,2.3822721636,0.5475512951,-0.1656352904,0.0684187513,0.7131865854,0.0553547081,0.9036486802,-1.6367185166,0.2319381620,0.5012050390,0.8953010273,0.0000000000,-0.0419278226,-0.0018188416,-0.0000000000,0.0033697769,1.0000000000,0.0419278226,-8.8048427556,1.917,1.000000,18.1765949701,3,0.1485115566
4.025090,2.4543062522,2.3822721636,0.5466089271,-0.1480115938,0.0728749072,0.6946205209,0.0559619990,0.8945313598,-1.0940784380,0.2329678621,0.5012050390,0.8953010273,0.0000000000,-0.0419278226,-0.0017714925,-0.0000000000,0.0033652838,1.0000000000,0.0419278226,-8.8048427556,2.069,1.000000,18.1765949701,1,0.1485115566
4.033424,2.4588566623,2.3838061444,0.5452912583,-0.1297970397,0.0757878639,0.6750882981,0.0565935646,0.8814070236,-1.5749203486,0.2337767969,0.5012050390,0.8953010273,0.0000000000,-0.0419278226,-0.0017216794,-0.0000000000,0.0033589920,1.0000000000,0.0419278226,-8.8048427556,2.220,1.000000,18.1765949701,2,0.1485115566
4.041768,2.4633994248,2.3853401252,0.5435977527,-0.1132754208,0.0787027904,0.6568731735,0.0572494212,0.8696276497,-1.4135248740,0.2344500164,0.5012050390,0.8953010273,0.0000000000,-0.0419278226,-0.0016752253,-0.0000000000,0.0033508898,1.0000000000,0.0419278226,-8.8048427556,2.372,1.000000,18.1765949701,2,0.1485115566
4.050098,2.4679194689,2.3853401252,0.5415342998,-0.0960605129,0.0831250406,0.6375948127,0.0579421298,0.8598149226,-1.1775272511,0.2354001680,0.5012050390,0.8953010273,0.0000000000,-0.0419278226,-0.0016260597,-0.0000000000,0.0033409936,1.0000000000,0.0419278226,-8.8048427556,2.523,1.000000,18.1765949701,1,0.1485115566
4.058431,2.4724220651,2.3884080867,0.5390992178,-0.0804456289,0.0844709708,0.6195448466,0.0586460546,0.8451320781,-1.7619413327,0.2357194019,0.5012050390,0.8953010273,0.0000000000,-0.0419278226,-0.0015800268,-0.0000000000,0.0033292811,1.0000000000,0.0419278226,-8.8048427556,2.675,1.000000,18.1765949701,2,0.1485115566
4.066791,2.4769177870,2.3899420675,0.5362847084,-0.0640531802,0.0873395903,0.6003378886,0.0593738845,0.8323398744,-1.5350644420,0.2363165092,0.5012050390,0.8953010273,0.0000000000,-0.0419278226,-0.0015310432,-0.0000000000,0.0033156977,1.0000000000,0.0419278226,-8.8048427556,2.826,1.000000,18.1765949701,2,0.1485115566
4.075099,2.4813600960,2.3914760483,0.5331216486,-0.0469554369,0.0901507903,0.5800770856,0.0601251411,0.8184028904,-1.6724380869,0.2369236672,0.5012050390,0.8953010273,0.0000000000,-0.0419278226,-0.0014793721,-0.0000000000,0.0033003736,1.0000000000,0.0419278226,-8.8048427556,2.978,1.000000,18.1765949701,1,0.1485115566
4.083429,2.4857866311,2.3960779907,0.5295853507,-0.0292179520,0.0898746207,0.5588033027,0.0608740963,0.7973191411,-2.5300499170,0.2369878369,0.5012050390,0.8953010273,0.0000000000,-0.0419278226,-0.0014251175,-0.0000000000,0.0032831679,1.0000000000,0.0419278226,-8.8048427556,3.129,1.000000,18.1765949701,3,0.1485115566
4.091754,2.4901792467,2.3976119715,0.5256891212,-0.0109001856,0.0926291966,0.5365893068,0.0616460062,0.7813368741,-1.9178720354,0.2375704542,0.5012050390,0.8953010273,0.0000000000,-0.0419278226,-0.0013684651,-0.0000000000,0.0032641213,1.0000000000,0.0419278226,-8.8048427556,3.281,1.000000,18.1765949701,2,0.1485115566
4.100176,2.4945889497,2.4006799330,0.5213812154,0.0079439284,0.0938638890,0.5134372869,0.0624282053,0.7614082400,-2.3914360918,0.2378449415,0.5012050390,0.8953010273,0.0000000000,-0.0419278226,-0.0013094204,-0.0000000000,0.0032429529,1.0000000000,0.0419278226,-8.8048427556,3.432,1.000000,18.1765949701,3,0.1485115566
4.108427,2.4988720150,2.4037478946,0.5168072821,0.0272654693,0.0949692317,0.4895418127,0.0632196156,0.7404883456,-2.5103873266,0.2380694675,0.5012050390,0.8953010273,0.0000000000,-0.0419278226,-0.0012484797,-0.0000000000,0.0032203518,1.0000000000,0.0419278226,-8.8048427556,3.584,1.000000,18.1765949701,2,0.1485115566
4.116759,2.5031579284,2.4068158562,0.5118354560,0.0470200630,0.0960749625,0.4648153929,0.0640202403,0.7187473623,-2.6089180048,0.2382339226,0.5012050390,0.8953010273,0.0000000000,-0.0419278226,-0.0011854199,-0.0000000000,0.0031956382,1.0000000000,0.0419278226,-8.8048427556,3.735,1.000000,18.1765949701,3,0.1485115566
4.125093,2.5074014748,2.4098838178,0.5065122154,0.0671674598,0.0971360947,0.4393447556,0.0648297077,0.6961823082,-2.7078064835,0.2383266292,0.5012050390,0.8953010273,0.0000000000,-0.0419278226,-0.0011204620,-0.0000000000,0.0031690089,1.0000000000,0.0419278226,-8.8048427556,3.887,1.000000,18.1765949701,2,0.1485115566
4.133426,2.5115989313,2.4144857601,0.5008421957,0.0876711510,0.0966151322,0.4131710446,0.0656348338,0.6697678595,-3.1697338482,0.2380301480,0.5012050390,0.8953010273,0.0000000000,-0.0419278226,-0.0010537112,-0.0000000000,0.0031404533,1.0000000000,0.0419278226,-8.8048427556,4.038,1.000000,18.1765949701,4,0.1485115566
4.141787,2.5157614414,2.4175537217,0.4948083388,0.1084980211,0.0975913682,0.3863103176,0.0664480952,0.6456478528,-2.8944007990,0.2379428770,0.5012050390,0.8953010273,0.0000000000,-0.0419278226,-0.0009852082,-0.0000000000,0.0031098486,1.0000000000,0.0419278226,-8.8048427556,4.190,1.000000,18.1765949701,5,0.1485115566
4.150097,2.5198470172,2.4206216833,0.4884732626,0.1296180326,0.0984890047,0.3588552300,0.0672688369,0.6207847628,-2.9835708053,0.2377528425,0.5012050390,0.8953010273,0.0000000000,-0.0419278226,-0.0009151894,-0.0000000000,0.0030774762,1.0000000000,0.0419278226,-8.8048427556,4.341,1.000000,18.1765949701,3,0.1485115566
4.158429,2.5238896376,2.4252236256,0.4817864153,0.1510039397,0.0978081945,0.3307824756,0.0680839052,0.5921636166,-3.4345375469,0.2371243053,0.5012050390,0.8953010273,0.0000000000,-0.0419278226,-0.0008435954,-0.0000000000,0.0030430405,1.0000000000,0.0419278226,-8.8048427556,4.492,1.000000,18.1765949701,3,0.1485115566
4.166755,2.5278717312,2.4282915872,0.4747756585,0.1726310289,0.0985994682,0.3021446296,0.0689055675,0.5659074393,-3.1507412715,0.2366977555,0.5012050390,0.8953010273,0.0000000000,-0.0419278226,-0.0007705602,-0.0000000000,0.0030066447,1.0000000000,0.0419278226,-8.8048427556,4.644,1.000000,18.1765949701,4,0.1485115566
4.175201,2.5318505004,2.4328935296,0.4673314523,0.1922480081,0.0978648556,0.2750834442,0.0697211079,0.5381914763,-3.3259155641,0.2357920270,0.5012050390,0.8953010273,0.0000000000,-0.0419278226,-0.0007015460,-0.0000000000,0.0029676726,1.0000000000,0.0419278226,-8.8048427556,4.795,1.000000,18.1765949701,5,0.1485115566
4.183429,2.5356646773,2.4374954720,0.4597632076,0.2122705809,0.0969633467,0.2474926267,0.0705291358,0.5096070171,-3.4301350993,0.2347593218,0.5012050390,0.8953010273,0.0000000000,-0.0419278226,-0.0006311811,-0.0000000000,0.0029277083,1.0000000000,0.0419278226,-8.8048427556,4.947,1.000000,18.1765949701,4,0.1485115566
4.191761,2.5394624920,2.4405634335,0.4517859088,0.2326610497,0.0975773665,0.2191248591,0.0713422805,0.4832604934,-3.1615828424,0.2339461365,0.5012050390,0.8953010273,0.0000000000,-0.0419278226,-0.0005588347,-0.0000000000,0.0028852119,1.0000000000,0.0419278226,-8.8048427556,5.098,1.000000,18.1765949701,4,0.1485115566
4.200094,2.5431928821,2.4451653759,0.4434982940,0.2511563450,0.0966007469,0.1923419491,0.0721472868,0.4553317923,-3.3514441393,0.2326613133,0.5012050390,0.8953010273,0.0000000000,-0.0419278226,-0.0004905302,-0.0000000000,0.0028406599,1.0000000000,0.0419278226,-8.8048427556,5.250,1.000000,18.1765949701,4,0.1485115566
4.208427,2.5468529334,2.4482333375,0.4349067759,0.2701614877,0.0970848728,0.1647452882,0.0729563274,0.4294943593,-3.1004919541,0.2316097994,0.5012050390,0.8953010273,0.0000000000,-0.0419278226,-0.0004201503,-0.0000000000,0.0027940442,1.0000000000,0.0419278226,-8.8048427556,5.401,1.000000,18.1765949701,6,0.1485115566
4.216839,2.5504740661,2.4528352798,0.4259308574,0.2874002148,0.0960061341,0.1385306426,0.0737563785,0.4019262282,-3.3081757341,0.2300954725,0.5012050390,0.8953010273,0.0000000000,-0.0419278226,-0.0003532950,-0.0000000000,0.0027448786,1.0000000000,0.0419278226,-8.8048427556,5.553,1.000000,18.1765949701,5,0.1485115566
4.225093,2.5539522396,2.4574372222,0.4168352532,0.3030367041,0.0947935381,0.1137985491,0.0745463246,0.3755648445,-3.1633660416,0.2284987987,0.5012050390,0.8953010273,0.0000000000,-0.0419278226,-0.0002902207,-0.0000000000,0.0026945773,1.0000000000,0.0419278226,-8.8048427556,5.704,1.000000,18.1765949701,6,0.1485115566
4.233427,2.5573867955,2.4620391646,0.4073671112,0.3194487500,0.0935329187,0.0879183612,0.0753257656,0.3479496337,-3.3138253010,0.2267731182,0.5012050390,0.8953010273,0.0000000000,-0.0419278226,-0.0002242184,-0.0000000000,0.0026417070,1.0000000000,0.0419278226,-8.8048427556,5.856,1.000000,18.1765949701,6,0.1485115566
4.241764,2.5607425592,2.4651071261,0.3976159288,0.3343353933,0.0937361533,0.0632805354,0.0761069002,0.3244856688,-2.8156757835,0.2253624348,0.5012050390,0.8953010273,0.0000000000,-0.0419278226,-0.0001613845,-0.0000000000,0.0025867191,1.0000000000,0.0419278226,-8.8048427556,6.007,1.000000,18.1765949701,5,0.1485115566
4.250118,2.5640224027,2.4697090685,0.3875715120,0.3478384111,0.0923373471,0.0397331008,0.0768763781,0.2989189479,-3.0680065056,0.2235108134,0.5012050390,0.8953010273,0.0000000000,-0.0419278226,-0.0001013314,-0.0000000000,0.0025295143,1.0000000000,0.0419278226,-8.8048427556,6.159,1.000000,18.1765949701,7,0.1485115566
4.258430,2.5672017414,2.4743110109,0.3773114373,0.3600864033,0.0908451655,0.0172250340,0.0776334212,0.2741938900,-2.9670069557,0.2216106532,0.5012050390,0.8955018960,0.0241042429,-0.0416341064,-0.0000439290,-0.0000000000,0.0024704981,1.0000000000,0.0419278226,-8.7431623359,6.310,1.000000,18.1765949701,7,0.1540140670
4.266763,2.5703021944,2.4789129532,0.3667679372,0.3711960170,0.0892805650,-0.0044280798,0.0783774259,0.2501671047,-2.8832142262,0.2280584757,0.5013042462,0.8956724667,0.0204684904,-0.0385958093,0.0000112929,0.0000000000,0.0024092462,1.0000000000,0.0419278226,-8.1051199518,6.462,1.000000,18.1765949701,5,0.1579975949
4.275088,2.5733105626,2.4819809148,0.3559847539,0.3812730578,0.0891637264,-0.0252883039,0.0791204569,0.2298075042,-2.4431520624,0.2324162729,0.5013884247,0.8958183216,0.0175025868,-0.0357762490,0.0000644928,0.0000000000,0.0023459766,1.0000000000,0.0419278226,-7.5130122888,6.613,1.000000,18.1765949701,5,0.1608198225
4.283511,2.5762622311,2.4881168380,0.3448257994,0.3904134972,0.0859275471,-0.0455876979,0.0798365198,0.2037871312,-3.1224447632,0.2340154862,0.5014603584,0.8959335705,0.0138298650,-0.0316351316,0.0001162624,0.0000000000,0.0022798474,1.0000000000,0.0419278226,-6.6433776355,6.543,1.000000,18.1765949701,6,0.1623369522
4.291760,2.5790608783,2.4911847995,0.3336631676,0.3987043869,0.0856111341,-0.0650412193,0.0805499459,0.1844086866,-2.3254133463,0.2344582615,0.5015171668,0.8960280686,0.0113397696,-0.0284606774,0.0001658748,0.0000000000,0.0022130424,1.0000000000,0.0419278226,-5.9767422447,6.391,1.000000,18.1765949701,7,0.1630043453
4.300093,2.5817933709,2.4957867419,0.3221602824,0.4062246874,0.0836989633,-0.0840644049,0.0812474373,0.1622756905,-2.6559595329,0.2331417345,0.5015637264,0.8961009554,0.0087464211,-0.0246756271,0.0002143897,0.0000000000,0.0021435304,1.0000000000,0.0419278226,-5.1818816953,6.240,1.000000,18.1765949701,5,0.1628275558
4.308430,2.5844304640,2.4988547035,0.3104303625,0.4130460204,0.0832293445,-0.1026156579,0.0819410152,0.1434756764,-2.2560016993,0.2310161881,0.5015996255,0.8961575677,0.0067934722,-0.0214167273,0.0002617010,0.0000000000,0.0020719608,1.0000000000,0.0419278226,-4.4975127242,6.088,1.000000,18.1765949701,6,0.1620392187
4.316850,2.5869936746,2.5034566458,0.2983674011,0.4192333508,0.0811554640,-0.1208659498,0.0826173107,0.1217735183,-2.6042589648,0.2275420129,0.5016275014,0.8961979195,0.0048422229,-0.0176409019,0.0003082447,0.0000000000,0.0019976545,1.0000000000,0.0419278226,-3.7045893969,5.937,1.000000,18.1765949701,6,0.1606557839
4.325094,2.5894040219,2.5049906266,0.2863544252,0.4248456055,0.0819999486,-0.1384911803,0.0833006436,0.1064992340,-1.8329141230,0.2241441962,0.5016473666,0.8962284623,0.0036651295,-0.0149878390,0.0003531944,0.0000000000,0.0019229648,1.0000000000,0.0419278226,-3.1474461816,5.785,1.000000,18.1765949701,7,0.1589338111
4.333427,2.5917390730,2.5111265498,0.2740158275,0.4299362343,0.0781701579,-0.1559204068,0.0839520616,0.0821063732,-2.9271432971,0.2189339325,0.5016624006,0.8962463234,0.0021433378,-0.0108523997,0.0003976442,0.0000000000,0.0018455531,1.0000000000,0.0419278226,-2.2790039426,5.634,1.000000,18.1765949701,5,0.1567675297
4.341766,2.5939719887,2.5126605306,0.2614808764,0.4345537192,0.0788428620,-0.1730728429,0.0846090854,0.0669377852,-1.8202305542,0.2144769616,0.5016711914,0.8962580283,0.0014045859,-0.0083191975,0.0004413881,0.0000000000,0.0017662085,1.0000000000,0.0419278226,-1.7470314699,5.482,1.000000,18.1765949701,6,0.1544106077
4.350092,2.5960963811,2.5172624729,0.2487864534,0.4387420362,0.0763415192,-0.1899555828,0.0852452648,0.0457146823,-2.5467723462,0.2089108718,0.5016769520,0.8962633907,0.0006434820,-0.0048920251,0.0004844442,0.0000000000,0.0016851594,1.0000000000,0.0419278226,-1.0273252619,5.331,1.000000,18.1765949701,4,0.1518558254
4.358430,2.5981171205,2.5218644153,0.2359036486,0.4425410739,0.0737387348,-0.2066374254,0.0858597542,0.0244696267,-2.5494066812,0.2031279951,0.5016795909,0.8962648982,0.0001809030,-0.0015796893,0.0005269879,0.0000000000,0.0016022195,1.0000000000,0.0419278226,-0.3317347630,5.179,1.000000,18.1765949701,3,0.1491994514
4.366763,2.6000285675,2.5249323769,0.2228674487,0.4437581378,0.0725753064,-0.2208906891,0.0864645484,0.0085021509,-1.9160970901,0.1978500418,0.5016803328,0.8962650770,0.0000214583,0.0008147807,0.0005633381,0.0000000000,0.0015176155,1.0000000000,0.0419278226,0.1711039574,5.028,1.000000,18.1765949701,5,0.1465393276
4.375094,2.6018305279,2.5264663576,0.2096802175,0.4448620827,0.0728370147,-0.2351818652,0.0870715236,-0.0046707652,-1.5807499306,0.1930159904,0.5016804208,0.8962651301,0.0000063706,0.0027154164,0.0005997849,0.0000000000,0.0014313705,1.0000000000,0.0419278226,0.5702374544,4.876,1.000000,18.1765949701,5,0.1439218787
4.383422,2.6035213941,2.5280003384,0.1963544432,0.4436345467,0.0730008735,-0.2472801035,0.0876798642,-0.0158437263,-1.3407553380,0.1884171818,0.5016804470,0.8962657313,0.0000721485,0.0042587487,0.0006306391,0.0000000000,0.0013435777,1.0000000000,0.0419278226,0.8943372368,4.725,1.000000,18.1765949701,4,0.1413730117
4.391759,2.6051023232,2.5310683000,0.1828799790,0.4402922272,0.0715328279,-0.2574122482,0.0882759711,-0.0283036190,-1.4951871138,0.1836699840,0.5016807428,0.8962676184,0.0002264455,0.0059244032,0.0006564791,0.0000000000,0.0012541854,1.0000000000,0.0419278226,1.2441246642,4.573,1.000000,18.1765949701,4,0.1389214572
4.400093,2.6065698689,2.5341362616,0.1692850746,0.4350316807,0.0699622960,-0.2657466060,0.0888589902,-0.0391821677,-1.3054258551,0.1792118200,0.5016816715,0.8962711777,0.0004271225,0.0073099373,0.0006777342,0.0000000000,0.0011634002,1.0000000000,0.0419278226,1.5350868377,4.422,1.000000,18.1765949701,5,0.1365820134
4.408425,2.6079233201,2.5356702424,0.1555773762,0.4280311951,0.0698215345,-0.2724538189,0.0894408363,-0.0455952042,-0.7695643769,0.1754319788,0.5016834231,0.8962759321,0.0005705229,0.0080435930,0.0006948397,0.0000000000,0.0010712980,1.0000000000,0.0419278226,1.6891545374,4.271,1.000000,18.1765949701,4,0.1343345122
4.416754,2.6091617488,2.5372042232,0.1417673073,0.4194524874,0.0695747160,-0.2776851802,0.0900206256,-0.0507450462,-0.6179810417,0.1718882853,0.5016857627,0.8962817450,0.0006975535,0.0085824512,0.0007081812,0.0000000000,0.0009779778,1.0000000000,0.0419278226,1.8023147432,4.119,1.000000,18.1765949701,3,0.1321725800
4.425092,2.6102858184,2.5387382040,0.1278459942,0.4094422441,0.0692216706,-0.2815962500,0.0905974729,-0.0547884645,-0.4852101951,0.1685577009,0.5016886232,0.8962884379,0.0008031482,0.0089558585,0.0007181556,0.0000000000,0.0008834114,1.0000000000,0.0419278226,1.8807302778,3.968,1.000000,18.1765949701,3,0.1300880398
4.433460,2.6112967733,2.5387382040,0.1137876306,0.3959046422,0.0703095294,-0.2821170116,0.0911833856,-0.0525710001,0.2660957363,0.1659327132,0.5016919167,0.8962945396,0.0007321972,0.0084943939,0.0007194837,0.0000000000,0.0007874567,1.0000000000,0.0419278226,1.7838227280,3.816,1.000000,18.1765949701,3,0.1280187526
4.441766,2.6121836854,2.5387382040,0.0997539086,0.3813964046,0.0712788594,-0.2816424959,0.0917773761,-0.0495856913,0.3582370490,0.1633834892,0.5016949191,0.8962999157,0.0006451330,0.0079368183,0.0007182736,0.0000000000,0.0006912597,1.0000000000,0.0419278226,1.6667318492,3.665,1.000000,18.1765949701,4,0.1259583145
4.450086,2.6129549563,2.5387382040,0.0856281312,0.3637788702,0.0721502113,-0.2781507390,0.0923786279,-0.0437705657,0.6978150733,0.1610300173,0.5016975644,0.8963040672,0.0004981817,0.0070135868,0.0007093685,0.0000000000,0.0005940667,1.0000000000,0.0419278226,1.4728532364,3.513,1.000000,18.1765949701,4,0.1238846671
4.458422,2.6136095284,2.5387382040,0.0714179469,0.3455699058,0.0729082241,-0.2741519588,0.0929861964,-0.0376672798,0.7323943132,0.1586735766,0.5016996072,0.8963071138,0.0003655934,0.0060645723,0.0006991704,0.0000000000,0.0004959743,1.0000000000,0.0419278226,1.2735601800,3.362,1.000000,18.1765949701,2,0.1218021586
4.466756,2.6141453855,2.5387382040,0.0571604073,0.3245956053,0.0735632312,-0.2674351980,0.0935992234,-0.0290452002,1.0346495441,0.1564535522,0.5017011062,0.8963089097,0.0002155067,0.0048017983,0.0006820407,0.0000000000,0.0003972861,1.0000000000,0.0419278226,1.0083776358,3.210,1.000000,18.1765949701,2,0.1197035667
4.475086,2.6145620419,2.5402721847,0.0428716643,0.3033418663,0.0725666443,-0.2604702020,0.0942039454,-0.0234631403,0.6698471867,0.1538648948,0.5017019898,0.8963100698,0.0001392069,0.0039390428,0.0006642778,0.0000000000,0.0002981649,1.0000000000,0.0419278226,0.8271989960,3.059,1.000000,18.1765949701,3,0.1176151666
4.483444,2.6148603436,2.5387382040,0.0285053634,0.2818346608,0.0745211041,-0.2533292974,0.0948249546,-0.0118283330,1.3961768844,0.1519441582,0.5017025606,0.8963103623,0.0000351095,0.0023335864,0.0006460663,0.0000000000,0.0001983409,1.0000000000,0.0419278226,0.4900531472,2.907,1.000000,18.1765949701,4,0.1155258121
4.491759,2.6150378728,2.5387382040,0.0141936149,0.2600975471,0.0748221166,-0.2459039322,0.0954484722,-0.0031903381,1.0365593898,0.1496751330,0.5017027046,0.8963103834,0.0000025311,0.0011239457,0.0006271294,0.0000000000,0.0000987865,1.0000000000,0.0419278226,0.2360285930,2.756,1.000000,18.1765949701,2,0.1134616309
4.500091,2.6150963515,2.5387382040,-0.0001574516,0.2381518939,0.0750052634,-0.2383093455,0.0960735161,0.0053843021,1.0289568199,0.1474210570,0.5017027150,0.8963104430,0.0000071439,-0.0000589969,0.0006077609,0.0000000000,-0.0000010960,1.0000000000,0.0419278226,-0.0123893498,2.604,1.000000,18.1765949701,1,0.1114361280
4.508442,2.6150349824,2.5402721847,-0.0145400428,0.2160170835,0.0735356561,-0.2305571263,0.0966863132,0.0108221292,0.6525392500,0.1448886185,0.5017027443,0.8963106810,0.0000285639,-0.0008373981,0.0005879904,0.0000000000,-0.0001011972,1.0000000000,0.0419278226,-0.1758535918,2.453,1.000000,18.1765949701,3,0.1094551612
4.516749,2.6148548038,2.5387382040,-0.0288377381,0.1959395729,0.0750035138,-0.2247773110,0.0973113425,0.0201334194,1.1173548205,0.1429084519,0.5017028614,0.8963114981,0.0000980587,-0.0020709176,0.0005732501,0.0000000000,-0.0002006519,1.0000000000,0.0419278226,-0.4348926888,2.301,1.000000,18.1765949701,1,0.1075369992
4.525158,2.6145515047,2.5387382040,-0.0432916802,0.1777281482,0.0748036694,-0.2210198284,0.0979347064,0.0241086784,0.4770310884,0.1405793934,0.5017032634,0.8963126586,0.0001392503,-0.0026352229,0.0005636674,0.0000000000,-0.0003010811,1.0000000000,0.0419278226,-0.5533968106,2.150,1.000000,18.1765949701,2,0.1056698814
4.533428,2.6141348360,2.5387382040,-0.0574757112,0.1612093677,0.0744808401,-0.2186850789,0.0985553801,0.0264143034,0.2766750008,0.1382345229,0.5017038344,0.8963140379,0.0001655222,-0.0029856272,0.0005577131,0.0000000000,-0.0003994711,1.0000000000,0.0419278226,-0.6269817212,1.998,1.000000,18.1765949701,1,0.1038472519
4.541789,2.6135944494,2.5387382040,-0.0717776245,0.1462259102,0.0740255709,-0.2180035348,0.0991722598,0.0267999567,0.0462783919,0.1358591992,0.5017045131,0.8963154436,0.0001686847,-0.0031003225,0.0005559750,0.0000000000,-0.0004984607,1.0000000000,0.0419278226,-0.6510677261,1.847,1.000000,18.1765949701,3,0.1020591590
4.550044,2.6129438251,2.5387382040,-0.0858490182,0.1326350765,0.0734521529,-0.2184840947,0.0997843611,0.0257841504,-0.1218967586,0.1334687092,0.5017052047,0.8963167315,0.0001545504,-0.0030456137,0.0005572005,0.0000000000,-0.0005955891,1.0000000000,0.0419278226,-0.6395788685,1.695,1.000000,18.1765949701,3,0.1002979279
4.558481,2.6121590266,2.5387382040,-0.1001717111,0.1203074304,0.0727373848,-0.2204791415,0.1003905060,0.0229672627,-0.3380265241,0.1310389653,0.5017058384,0.8963177427,0.0001213444,-0.0027825358,0.0005622885,0.0000000000,-0.0006941291,1.0000000000,0.0419278226,-0.5843325230,1.544,1.000000,18.1765949701,2,0.0985550819
4.566755,2.6112722981,2.5387382040,-0.1141494803,0.1091255662,0.0719141778,-0.2232750465,0.1009897908,0.0191273928,-0.4607843869,0.1285957476,0.5017063359,0.8963184366,0.0000832675,-0.0024045978,0.0005694189,0.0000000000,-0.0007899319,1.0000000000,0.0419278226,-0.5049655423,1.393,1.000000,18.1765949701,2,0.0968280004
4.575084,2.6102632069,2.5387382040,-0.1281418980,0.0989829900,0.0709627042,-0.2271248881,0.1015811467,0.0139710305,-0.6187634781,0.1261251122,0.5017066773,0.8963188028,0.0000439421,-0.0018841719,0.0005792372,0.0000000000,-0.0008854263,1.0000000000,0.0419278226,-0.3956760987,1.241,1.000000,18.1765949701,0,0.0951155785
4.583421,2.6091367807,2.5387382040,-0.1420600479,0.0897831064,0.0698885403,-0.2318431543,0.1021635512,0.0076937543,-0.7532731464,0.1236358542,0.5017068575,0.8963189126,0.0000131787,-0.0012480674,0.0005912702,0.0000000000,-0.0009799612,1.0000000000,0.0419278226,-0.2620941607,1.090,1.000000,18.1765949701,1,0.0934208836
4.591802,2.6078878844,2.5387382040,-0.1559531055,0.0814382975,0.0686870489,-0.2373914031,0.1027359432,0.0003237502,-0.8844004903,0.1211347831,0.5017069115,0.8963189128,0.0000000231,-0.0005041658,0.0006054199,0.0000000000,-0.0010738297,1.0000000000,0.0419278226,-0.1058748197,0.938,1.000000,18.1765949701,0,0.0917509017
4.605083,2.6056717125,2.5387382040,-0.1777430337,0.0738690893,0.0665138758,-0.2516121230,0.1032902255,-0.0176663420,-2.1588110661,0.1182528542,0.5017069116,0.8963194779,0.0000678045,0.0013473204,0.0006416870,0.0000000000,-0.0012199495,1.0000000000,0.0419278226,0.2829372913,0.787,1.000000,18.1765949701,1,0.0901399927
4.613149,2.6041852897,2.5372042232,-0.1908276453,0.0670033943,0.0666004362,-0.2578310396,0.1038452292,-0.0231660890,-0.6599696344,0.1160928969,0.5017071896,0.8963204398,0.0001154334,0.0018504993,0.0006575472,0.0000000000,-0.0013069851,1.0000000000,0.0419278226,0.3886048515,0.635,1.000000,18.1765949701,0,0.0885788762
4.620626,2.6027132727,2.5387382040,-0.2028498822,0.0607758250,0.0636298158,-0.2636257072,0.1043754776,-0.0343375577,-1.3405762477,0.1135172519,0.5017076629,0.8963225279,0.0002505723,0.0029469991,0.0006723253,0.0000000000,-0.0013864493,1.0000000000,0.0419278226,0.6188698007,0.484,1.000000,18.1765949701,0,0.0871052411
4.628149,2.6011421664,2.5372042232,-0.2148310216,0.0551270714,0.0636247794,-0.2699580930,0.1049056841,-0.0401571361,-0.6983494065,0.1115332915,0.5017086903,0.8963253571,0.0003395051,0.0034649938,0.0006884748,0.0000000000,-0.0014651340,1.0000000000,0.0419278226,0.7276486993,0.332,1.000000,18.1765949701,0,0.0856981926
4.635422,2.5995379970,2.5372042232,-0.2263000241,0.0500033361,0.0620497168,-0.2763033602,0.1054227651,-0.0491206106,-1.0756169342,0.1093907692,0.5017100822,0.8963295472,0.0005028124,0.0043003460,0.0007046572,0.0000000000,-0.0015399570,1.0000000000,0.0419278226,0.9030726569,0.181,1.000000,18.1765949701,0,0.0843900579
4.642007,2.5980139358,2.5372042232,-0.2365826050,0.0453558217,0.0605520570,-0.2819384267,0.1059273656,-0.0572324685,-0.9734229506,0.1074154181,0.5017121437,0.8963351816,0.0006761251,0.0050394795,0.0007190283,0.0000000000,-0.0016066075,1.0000000000,0.0419278226,1.0582906876,0.029,1.000000,18.1765949701,0,0.0831844686
4.650087,2.5960517283,2.5372042232,-0.2490617755,0.0411402662,0.0586137971,-0.2902020417,0.1064158139,-0.0688638338,-1.3957638379,0.1054474504,0.5017149157,0.8963432611,0.0009695363,0.0061168405,0.0007401030,0.0000000000,-0.0016869245,1.0000000000,0.0419278226,1.2845364998,-0.122,1.000000,18.1765949701,0,0.0821342929
4.658425,2.5939220730,2.5356702424,-0.2617697025,0.0373165217,0.0580398443,-0.2990862243,0.1068994793,-0.0784109688,-1.1456561968,0.1038831168,0.5017188906,0.8963536559,0.0012473822,0.0069761912,0.0007627604,0.0000000000,-0.0017680445,1.0000000000,0.0419278226,1.4650001592,-0.274,1.000000,18.1765949701,0,0.0812311415
4.666756,2.5916889755,2.5356702424,-0.2742884324,0.0316192959,0.0558391115,-0.3059077284,0.1073648052,-0.0891442942,-1.2879990518,0.1023594196,0.5017240043,0.8963669905,0.0016001439,0.0079388540,0.0007801573,0.0000000000,-0.0018472709,1.0000000000,0.0419278226,1.6671593394,-0.425,1.000000,18.1765949701,0,0.0805067163
4.675089,2.5893518349,2.5356702424,-0.2866219724,0.0264515935,0.0535313273,-0.3130735659,0.1078108996,-0.1004535201,-1.3571071073,0.1010458960,0.5017305639,0.8963838125,0.0020186451,0.0089562301,0.0007984323,0.0000000000,-0.0019246356,1.0000000000,0.0419278226,1.8808083287,-0.577,1.000000,18.1765949701,0,0.0799879350
4.683512,2.5868855892,2.5356702424,-0.2988902854,0.0217641985,0.0510917096,-0.3206544840,0.1082366638,-0.1124596946,-1.4407409402,0.0999698008,0.5017388386,0.8964047826,0.0025164075,0.0100438259,0.0008177659,0.0000000000,-0.0020008900,1.0000000000,0.0419278226,2.1092034347,-0.728,1.000000,18.1765949701,0,0.0797066995
4.691761,2.5843712799,2.5356702424,-0.3107008978,0.0175124692,0.0486015533,-0.3282133670,0.1086416768,-0.1245646653,-1.4525964856,0.0991900196,0.5017491528,0.8964304091,0.0030751869,0.0111503431,0.0008370434,0.0000000000,-0.0020736192,1.0000000000,0.0419278226,2.3415720562,-0.880,1.000000,18.1765949701,0,0.0796850236
4.700093,2.5817334743,2.5341362616,-0.3224192766,0.0136559129,0.0475196367,-0.3360751896,0.1090376738,-0.1341847019,-1.1544043855,0.0989418823,0.5017617562,0.8964601095,0.0035640493,0.0120391703,0.0008570934,0.0000000000,-0.0021451029,1.0000000000,0.0419278226,2.5282257690,-1.031,1.000000,18.1765949701,0,0.0798852149
4.708426,2.5789987519,2.5326022808,-0.3339175262,0.0079289250,0.0463514287,-0.3418464512,0.1094239357,-0.1418951514,-0.9252539465,0.0990555654,0.5017763614,0.8964933404,0.0039876971,0.0127587235,0.0008718119,0.0000000000,-0.0022145719,1.0000000000,0.0419278226,2.6793319408,-1.182,1.000000,18.1765949701,0,0.0802714418
4.716760,2.5761688829,2.5310683000,-0.3451880460,0.0027342268,0.0450850504,-0.3479222728,0.1097996444,-0.1501155330,-0.9864457955,0.0993799208,0.5017927005,0.8965305939,0.0044704267,0.0135486428,0.0008873071,0.0000000000,-0.0022820045,1.0000000000,0.0419278226,2.8452149909,-1.334,1.000000,18.1765949701,0,0.0808639263
4.725090,2.5732473501,2.5295343192,-0.3562172692,-0.0042065308,0.0437369272,-0.3520107384,0.1101641188,-0.1565219819,-0.7687738610,0.1000438353,0.5018110149,0.8965712306,0.0048764010,0.0141841759,0.0008977339,0.0000000000,-0.0023473474,1.0000000000,0.0419278226,2.9786769430,-1.485,1.000000,18.1765949701,0,0.0816210402
4.733427,2.5702321540,2.5280003384,-0.3670123168,-0.0105021860,0.0422914759,-0.3565101308,0.1105165478,-0.1635445282,-0.8427055546,0.1008867665,0.5018309892,0.8966157834,0.0053463339,0.0149035851,0.0009092087,0.0000000000,-0.0024106728,1.0000000000,0.0419278226,3.1297528684,-1.637,1.000000,18.1765949701,0,0.0825644861
4.741769,2.5671266268,2.5280003384,-0.3775601039,-0.0184415731,0.0392310505,-0.3591185309,0.1108434732,-0.1719085687,-1.0036848578,0.1018040835,0.5018528845,0.8966652356,0.0059342739,0.0157678583,0.0009158609,0.0000000000,-0.0024719354,1.0000000000,0.0419278226,3.3112502391,-1.788,1.000000,18.1765949701,-2,0.0837366389
4.750091,2.5639415839,2.5264663576,-0.3878254331,-0.0256430410,0.0376208983,-0.3621823920,0.1111569807,-0.1778610585,-0.7142987783,0.1032142475,0.5018771829,0.8967185436,0.0063969580,0.0164432422,0.0009236747,0.0000000000,-0.0025309674,1.0000000000,0.0419278226,3.4530808591,-1.940,1.000000,18.1765949701,-1,0.0850734478
4.758503,2.5606364147,2.5233983961,-0.3979323005,-0.0344040509,0.0374334599,-0.3635282496,0.1114689262,-0.1792715751,-0.1692619918,0.1051519949,0.5019033701,0.8967732194,0.0065610976,0.0167075810,0.0009271070,0.0000000000,-0.0025885117,1.0000000000,0.0419278226,3.5085920032,-2.091,1.000000,18.1765949701,-1,0.0864394401
4.766759,2.5573110000,2.5203304345,-0.4075815147,-0.0445796525,0.0372338119,-0.3630018622,0.1117792079,-0.1788357356,0.0523007422,0.1072271469,0.5019302232,0.8968281828,0.0065956020,0.0167944346,0.0009257646,0.0000000000,-0.0026429099,1.0000000000,0.0419278226,3.5268312571,-2.243,1.000000,18.1765949701,-1,0.0877773811
4.775091,2.5538756255,2.5172624729,-0.4170408233,-0.0560383679,0.0369314932,-0.3610024554,0.1120869704,-0.1771332648,0.2042964944,0.1093483758,0.5019572114,0.8968826593,0.0065371790,0.0167498918,0.0009206655,0.0000000000,-0.0026957194,1.0000000000,0.0419278226,3.5174772715,-2.394,1.000000,18.1765949701,-2,0.0890487447
4.783422,2.5503628953,2.5126605306,-0.4262137536,-0.0686609392,0.0380924112,-0.3575528144,0.1124044071,-0.1710650325,0.7281878772,0.1117299274,0.5019839543,0.8969340480,0.0061666416,0.0162612121,0.0009118678,0.0000000000,-0.0027464354,1.0000000000,0.0419278226,3.4148545307,-2.546,1.000000,18.1765949701,-2,0.0901251215
4.791758,2.5467727740,2.5080585882,-0.4351000119,-0.0845680688,0.0391945968,-0.3505319431,0.1127310288,-0.1615331556,1.1438252237,0.1140664968,0.5020091758,0.8969803774,0.0055595357,0.0153766672,0.0008939625,0.0000000000,-0.0027950975,1.0000000000,0.0419278226,3.2291001173,-2.697,1.000000,18.1765949701,-3,0.0909139081
4.800184,2.5430697581,2.5034566458,-0.4437792409,-0.1034544763,0.0402008125,-0.3403247646,0.1130660356,-0.1489972996,1.5043027165,0.1162143778,0.5020319096,0.8970201924,0.0047778012,0.0141240907,0.0008679311,0.0000000000,-0.0028421769,1.0000000000,0.0419278226,2.9660590488,-2.849,1.000000,18.1765949701,-3,0.0913509372
4.808425,2.5393784204,2.4973207227,-0.4519674340,-0.1250432554,0.0427680387,-0.3269241786,0.1134224359,-0.1301467743,2.2620630347,0.1183526994,0.5020514433,0.8970508721,0.0036815598,0.0121494795,0.0008337556,0.0000000000,-0.0028861831,1.0000000000,0.0419278226,2.5513907028,-2.697,1.000000,18.1765949701,-3,0.0913126252
4.816760,2.5355779465,2.4896508187,-0.4599401547,-0.1513121125,0.0467866958,-0.3086280421,0.1138123250,-0.1034851350,3.1993967194,0.1203781161,0.5020664928,0.8970704501,0.0023493582,0.0092565495,0.0007870949,0.0000000000,-0.0029286466,1.0000000000,0.0419278226,1.9438753990,-2.546,1.000000,18.1765949701,-2,0.0907062320
4.825094,2.5317126788,2.4819809148,-0.4675968822,-0.1840549379,0.0507773363,-0.2835419443,0.1142354695,-0.0700563840,4.0114501173,0.1219423093,0.5020760955,0.8970794864,0.0010843621,0.0055253942,0.0007231177,0.0000000000,-0.0029690679,1.0000000000,0.0419278226,1.1603327727,-2.394,1.000000,18.1765949701,-3,0.0895642228
4.833426,2.5277857504,2.4758449916,-0.4749316077,-0.2182122628,0.0531803706,-0.2567193449,0.1146786392,-0.0380243714,3.8438415171,0.1225165881,0.5020805275,0.8970821554,0.0003202804,0.0018762933,0.0006547120,0.0000000000,-0.0030074575,1.0000000000,0.0419278226,0.3940216031,-2.243,1.000000,18.1765949701,-2,0.0881068936
4.841763,2.5237968808,2.4666411069,-0.4819446344,-0.2558814936,0.0586093757,-0.2260631408,0.1151670507,0.0038954346,5.0303767175,0.1232247289,0.5020818365,0.8970821835,0.0000033721,-0.0029019621,0.0005765294,0.0000000000,-0.0030438584,1.0000000000,0.0419278226,-0.6094120509,-2.091,1.000000,18.1765949701,-1,0.0865334369
4.850104,2.5197487215,2.4589712030,-0.4886306019,-0.2967362196,0.0624632063,-0.1918943823,0.1156875774,0.0462311654,5.0802877019,0.1234928607,0.5020818502,0.8970861464,0.0004755386,-0.0077533607,0.0004893887,0.0000000000,-0.0030782832,1.0000000000,0.0419278226,-1.6282057440,-1.940,1.000000,18.1765949701,-2,0.0852082130
4.858426,2.5156558591,2.4497673183,-0.4949665676,-0.3404803677,0.0678227287,-0.1544861999,0.1162527668,0.0948406638,5.8331398033,0.1243004712,0.5020837938,0.8971028841,0.0020085323,-0.0133497804,0.0003939865,0.0000000000,-0.0031106540,1.0000000000,0.0419278226,-2.8034538842,-1.788,1.000000,18.1765949701,-2,0.0846385355
4.866755,2.5115080379,2.4405634335,-0.5009693331,-0.3868453833,0.0731421809,-0.1141239498,0.1168622850,0.1463683607,6.1833236226,0.1261271343,0.5020920022,0.8971430763,0.0048230555,-0.0193947245,0.0002910506,0.0000000000,-0.0031410957,1.0000000000,0.0419278226,-4.0728921512,-1.637,1.000000,18.1765949701,-1,0.0854456136
4.875178,2.5072640571,2.4298255680,-0.5066909683,-0.4333587964,0.0799002972,-0.0733321719,0.1175281208,0.2012383043,6.5843932418,0.1301268782,0.5021117107,0.8972204006,0.0092789180,-0.0261348081,0.0001870192,0.0000000000,-0.0031699060,1.0000000000,0.0419278226,-5.4883096927,-1.485,1.000000,18.1765949701,-2,0.0884008000
4.883426,2.5030630983,2.4221556641,-0.5119498160,-0.4800068143,0.0836342385,-0.0319430017,0.1182250728,0.2507303108,5.9390407809,0.1369306998,0.5021496179,0.8973440001,0.0148319459,-0.0328193935,0.0000814643,0.0000000000,-0.0031962083,1.0000000000,0.0419278226,-6.8920726300,-1.334,1.000000,18.1765949701,-1,0.0938998827
4.891760,2.4987755853,2.4114177986,-0.5169145599,-0.5267769264,0.0903502809,0.0098623665,0.1189779918,0.3066161542,6.7063012044,0.1483077933,0.5022101854,0.8975377523,0.0232502628,-0.0413279128,-0.0000251520,-0.0000000000,-0.0032208834,1.0000000000,0.0419278226,-8.6788616905,-1.182,1.000000,18.1765949701,-1,0.1030201657
4.900087,2.4944516755,2.4022139138,-0.5215214068,-0.5714289089,0.0954839132,0.0499075020,0.1197736911,0.3576412819,6.1230153228,0.1654544333,0.5023050663,0.8975377523,0.0000000000,-0.0419278226,-0.0001272792,-0.0000000000,-0.0032436436,1.0000000000,0.0419278226,-8.8048427556,-1.031,1.000000,18.1765949701,-1,0.1030201657
4.908505,2.4900432451,2.3945440099,-0.5258156202,-0.6141596294,0.0989881298,0.0883440092,0.1205985922,0.4038505561,5.5451129090,0.1674274860,0.5023050663,0.8975377523,0.0000000000,-0.0419278226,-0.0002253040,-0.0000000000,-0.0032647411,1.0000000000,0.0419278226,-8.8048427556,-0.880,1.000000,18.1765949701,-1,0.1030201657
4.916759,2.4856870840,2.3853401252,-0.5296691501,-0.6551476579,0.1040686966,0.1254785078,0.1214658313,0.4519302007,5.7695573472,0.1694337150,0.5023050663,0.8975377523,0.0000000000,-0.0419278226,-0.0003200082,-0.0000000000,-0.0032835765,1.0000000000,0.0419278226,-8.8048427556,-0.728,1.000000,18.1765949701,-1,0.1030201657
4.925094,2.4812573762,2.3761362404,-0.5331991257,-0.6945549673,0.1090667371,0.1613558416,0.1223747208,0.4986298525,5.6039582164,0.1712139216,0.5023050663,0.8975377523,0.0000000000,-0.0419278226,-0.0004115062,-0.0000000000,-0.0033007497,1.0000000000,0.0419278226,-8.8048427556,-0.577,1.000000,18.1765949701,-1,0.1030201657
4.933427,2.4768007520,2.3684663365,-0.5363628793,-0.7302996003,0.1124830736,0.1939367211,0.1233120797,0.5389198581,4.8348006701,0.1725376011,0.5023050663,0.8975377523,0.0000000000,-0.0419278226,-0.0004945973,-0.0000000000,-0.0033160756,1.0000000000,0.0419278226,-8.8048427556,-0.425,1.000000,18.1765949701,-1,0.1030201657
4.941790,2.4723030691,2.3607964326,-0.5391684887,-0.7604931053,0.1158268167,0.2213246166,0.1242773032,0.5739001851,4.1976392395,0.1737023778,0.5023050663,0.8975377523,0.0000000000,-0.0419278226,-0.0005644447,-0.0000000000,-0.0033296147,1.0000000000,0.0419278226,-8.8048427556,-0.274,1.000000,18.1765949701,-1,0.1030201657
4.950111,2.4678061448,2.3531265286,-0.5415906800,-0.7878803025,0.1191553765,0.2462896225,0.1252702647,0.6064548193,3.9065561113,0.1747526393,0.5023050663,0.8975377523,0.0000000000,-0.0419278226,-0.0006281130,-0.0000000000,-0.0033412643,1.0000000000,0.0419278226,-8.8048427556,-0.122,1.000000,18.1765949701,-2,0.1030201657
4.958431,2.4632914483,2.3469906055,-0.5436424134,-0.8082642701,0.1208923996,0.2646218567,0.1262777013,0.6292301634,2.7330412874,0.1755264294,0.5023050663,0.8975377523,0.0000000000,-0.0419278226,-0.0006748658,-0.0000000000,-0.0033511037,1.0000000000,0.0419278226,-8.8048427556,0.029,1.000000,18.1765949701,-1,0.1030201657
4.966783,2.4587435541,2.3423886631,-0.5453285916,-0.8245247926,0.1210388199,0.2791962010,0.1272863582,0.6450898835,1.9031664108,0.1760634063,0.5023050663,0.8975377523,0.0000000000,-0.0419278226,-0.0007120348,-0.0000000000,-0.0033591704,1.0000000000,0.0419278226,-8.8048427556,0.181,1.000000,18.1765949701,-1,0.1030201657
4.975176,2.4541610954,2.3408546823,-0.5466447551,-0.8325873684,0.1180361436,0.2859426133,0.1282699927,0.6468428925,0.2103610862,0.1762223313,0.5023050663,0.8975377523,0.0000000000,-0.0419278226,-0.0007292402,-0.0000000000,-0.0033654547,1.0000000000,0.0419278226,-8.8048427556,0.332,1.000000,18.1765949701,0,0.1030201657
4.983422,2.4496494856,2.3408546823,-0.5475678444,-0.8332139481,0.1135280932,0.2856461036,0.1292160601,0.6385262636,-0.9979954758,0.1762307277,0.5023050663,0.8975377523,0.0000000000,-0.0419278226,-0.0007284840,-0.0000000000,-0.0033698558,1.0000000000,0.0419278226,-8.8048427556,0.484,1.000000,18.1765949701,0,0.1030201657
4.991759,2.4450815440,2.3408546823,-0.5481276049,-0.8226379119,0.1089000717,0.2745103070,0.1301235607,0.6190940563,-2.3318648742,0.1763308107,0.5023050663,0.8975377523,0.0000000000,-0.0419278226,-0.0007000843,-0.0000000000,-0.0033725220,1.0000000000,0.0419278226,-8.8048427556,0.635,1.000000,18.1765949701,0,0.1030201657
5.000093,2.4405126045,2.3408546823,-0.5483113324,-0.8019004769,0.1042133278,0.2535891445,0.1309920051,0.5897213492,-3.5247248560,0.1764577939,0.5023050663,0.8975377523,0.0000000000,-0.0419278226,-0.0006467290,-0.0000000000,-0.0033733967,1.0000000000,0.0419278226,-8.8048427556,0.787,1.000000,18.1765949701,0,0.1030201657
5.008430,2.4359416499,2.3408546823,-0.5481190739,-0.7741749607,0.0994848711,0.2260558867,0.1318210457,0.5536148511,-4.3327797672,0.1765196695,0.5023050663,0.8975377523,0.0000000000,-0.0419278226,-0.0005765109,-0.0000000000,-0.0033724814,1.0000000000,0.0419278226,-8.8048427556,0.938,1.000000,18.1765949701,0,0.1030201657
5.016790,2.4313615559,2.3423886631,-0.5475487543,-0.7356531126,0.0931519629,0.1881043582,0.1325973121,0.5038516036,-5.9715897067,0.1761767343,0.5023050663,0.8975377523,0.0000000000,-0.0419278226,-0.0004797230,-0.0000000000,-0.0033697648,1.0000000000,0.0419278226,-8.8048427556,1.090,1.000000,18.1765949701,0,0.1030201657
5.025089,2.4268208783,2.3423886631,-0.5466089925,-0.6917961393,0.0883621443,0.1451871468,0.1333336633,0.4521478907,-6.2044455460,0.1758112407,0.5023050663,0.8975377523,0.0000000000,-0.0419278226,-0.0003702711,-0.0000000000,-0.0033652841,1.0000000000,0.0419278226,-8.8048427556,1.241,1.000000,18.1765949701,0,0.1030201657
5.033429,2.4222676196,2.3423886631,-0.5452904023,-0.6430999092,0.0835322539,0.0978095070,0.1340297654,0.3958644793,-6.7540093692,0.1751073428,0.5023050663,0.8975377523,0.0000000000,-0.0419278226,-0.0002494438,-0.0000000000,-0.0033589879,1.0000000000,0.0419278226,-8.8048427556,1.393,1.000000,18.1765949701,0,0.1030201657
5.041754,2.4177347009,2.3439226439,-0.5436007617,-0.5900142027,0.0771637871,0.0464134409,0.1346727970,0.3324546990,-7.6091736362,0.1737158023,0.5023050663,0.8975377523,0.0000000000,-0.0419278226,-0.0001183683,-0.0000000000,-0.0033509042,1.0000000000,0.0419278226,-8.8048427556,1.544,1.000000,18.1765949701,0,0.1030201657
5.050176,2.4131649893,2.3439226439,-0.5415131392,-0.5374047471,0.0722952137,-0.0041083921,0.1352752571,0.2728579343,-7.1516117546,0.1722573921,0.5023050663,0.8977060482,0.0201955068,-0.0405083890,0.0000104776,0.0000000000,-0.0033408919,1.0000000000,0.0419278226,-8.5067616922,1.695,1.000000,18.1765949701,1,0.1102270583
5.058430,2.4087052014,2.3454566247,-0.5390994507,-0.4874561535,0.0660176990,-0.0516432972,0.1358254046,0.2133983574,-7.1351492293,0.1822370511,0.5023874184,0.8978127750,0.0128072144,-0.0333486207,0.0001317060,0.0000000000,-0.0033292822,1.0000000000,0.0419278226,-7.0032103446,1.847,1.000000,18.1765949701,1,0.1137279052
5.066762,2.4042247124,2.3469906055,-0.5362951649,-0.4399211106,0.0597331939,-0.0963740543,0.1363231812,0.1566774053,-6.8065142508,0.1855876882,0.5024396126,0.8978709917,0.0069860043,-0.0254729741,0.0002457830,0.0000000000,-0.0033157483,1.0000000000,0.0419278226,-5.3493245693,1.998,1.000000,18.1765949701,2,0.1146058369
5.075103,2.3997648167,2.3485245863,-0.5331201725,-0.3945752930,0.0534817186,-0.1385448795,0.1367688622,0.1025306135,-6.4976150145,0.1843814443,0.5024680733,0.8978958172,0.0029790550,-0.0175463823,0.0003533314,0.0000000000,-0.0033003664,1.0000000000,0.0419278226,-3.6847402834,2.150,1.000000,18.1765949701,1,0.1137861462
5.083429,2.3953402068,2.3515925478,-0.5295853261,-0.3512152253,0.0457428290,-0.1783701008,0.1371500524,0.0477118296,-6.5782540698,0.1799692422,0.5024802078,0.8979011092,0.0006350508,-0.0095163484,0.0004548977,0.0000000000,-0.0032831678,1.0000000000,0.0419278226,-1.9984331658,1.998,1.000000,18.1765949701,1,0.1120137406
5.091756,2.3909466084,2.3531265286,-0.5256881785,-0.3096563437,0.0395791637,-0.2160318348,0.1374798788,-0.0018657187,-5.9493058046,0.1743797616,0.5024827943,0.8979011172,0.0000009516,-0.0024568789,0.0005509465,0.0000000000,-0.0032641167,1.0000000000,0.0419278226,-0.5159445680,1.847,1.000000,18.1765949701,2,0.1100117767
5.100094,2.3865806724,2.3546605094,-0.5214249213,-0.2697312387,0.0334524420,-0.2516936827,0.1377586491,-0.0494203548,-5.7065563220,0.1684726357,0.5024827982,0.8979065611,0.0006532675,0.0040408422,0.0006418950,0.0000000000,-0.0032431682,1.0000000000,0.0419278226,0.8485768556,1.695,1.000000,18.1765949701,1,0.1083170004
5.108426,2.3822551586,2.3577284710,-0.5168076233,-0.2312880602,0.0258405799,-0.2855195631,0.1379739873,-0.0981510591,-5.8476845232,0.1627538977,0.5024854589,0.8979275747,0.0025216403,0.0104165587,0.0007281613,0.0000000000,-0.0032203535,0.9988805145,0.0419278226,2.1874773318,1.544,1.000000,18.1765949701,3,0.1074326372
5.116755,2.3779709768,2.3607964326,-0.5118379159,-0.1941890721,0.0182776861,-0.3176488438,0.1381263013,-0.1451500579,-5.6398798590,0.1583240308,0.5024957287,0.8979727534,0.0054214415,0.0160351419,0.0008101007,0.0000000000,-0.0031956504,0.5706406398,0.0419278226,3.3673797899,1.393,1.000000,18.1765949701,1,0.1077686939
5.125149,2.3736971977,2.3638643941,-0.5064754868,-0.1560804641,0.0107194595,-0.3503950227,0.1382156302,-0.1928187922,-5.7202481093,0.1555850990,0.5025178053,0.8980516304,0.0094652414,0.0215314568,0.0008936133,0.0000000000,-0.0031688246,0.0361339433,0.0419278226,4.5216059361,1.241,1.000000,18.1765949701,1,0.1097438389
5.133427,2.3695276022,2.3669323557,-0.5008417287,-0.1192849500,0.0032728759,-0.3815567787,0.1382429041,-0.2387425698,-5.5108533193,0.1552227963,0.5025563386,0.8981723821,0.0144901947,0.0273616048,0.0009730852,0.0000000000,-0.0031404509,0.0000000000,0.0419278226,5.7459370172,1.090,1.000000,18.1765949701,1,0.1136436263
5.141768,2.3653749098,2.3715342981,-0.4948225631,-0.0836804856,-0.0056840194,-0.4111420776,0.1381955373,-0.2861629686,-5.6904478539,0.1571608414,0.5026153037,0.8983471889,0.0209768178,0.0337336640,0.0010485367,0.0000000000,-0.0031099210,0.0000000000,0.0419278226,7.0840694393,0.938,1.000000,18.1765949701,1,0.1198485991
5.150093,2.3612818760,2.3746022596,-0.4884765083,-0.0469274940,-0.0130537997,-0.4415490143,0.1380867556,-0.3313135531,-5.4180701421,0.1623316588,0.5027006116,0.8985862391,0.0286860287,0.0406210261,0.0011260836,0.0000000000,-0.0030774928,0.1539250420,0.0419278226,8.5304154892,0.787,1.000000,18.1765949701,1,0.1285229645
5.158426,2.3572387466,2.3792042020,-0.4817890050,-0.0113616000,-0.0219009128,-0.4704274050,0.1379042480,-0.3779422720,-5.5954462670,0.1701926188,0.5028171686,0.8985862391,0.0000000000,0.0419278226,0.0011997322,0.0000000000,-0.0030430539,0.8491483894,0.0419278226,8.8048427556,0.635,1.000000,18.1765949701,1,0.1285229645
5.166847,2.3532114692,2.3822721636,-0.4746963788,0.0231275303,-0.0291920764,-0.4978239092,0.1376609807,-0.4200589005,-5.0539954123,0.1663964241,0.5028171686,0.8985862391,0.0000000000,0.0419278226,0.0012696016,0.0000000000,-0.0030062314,1.0000000000,0.0419278226,8.8048427556,0.484,1.000000,18.1765949701,1,0.1285229645
5.175093,2.3493269302,2.3853401252,-0.4674288965,0.0566399757,-0.0363349532,-0.5240688722,0.1373581895,-0.4607881838,-4.8875140008,0.1626649511,0.5028171686,0.8985862391,0.0000000000,0.0419278226,0.0013365342,0.0000000000,-0.0029681849,1.0000000000,0.0419278226,8.8048427556,0.332,1.000000,18.1765949701,1,0.1285229645
5.183423,2.3454646164,2.3884080867,-0.4597681615,0.0892665132,-0.0434505721,-0.5490346748,0.1369961014,-0.5002426422,-4.7345350034,0.1590113792,0.5028171686,0.8985862391,0.0000000000,0.0419278226,0.0014002045,0.0000000000,-0.0029277346,1.0000000000,0.0419278226,8.8048427556,0.181,1.000000,18.1765949701,1,0.1285229645
5.191761,2.3416643669,2.3899420675,-0.4517858912,0.1166317312,-0.0489402577,-0.5684176224,0.1365882659,-0.5309302513,-3.6825130969,0.1562910273,0.5028171686,0.8985862391,0.0000000000,0.0419278226,0.0014496369,0.0000000000,-0.0028852118,1.0000000000,0.0419278226,8.8048427556,0.029,1.000000,18.1765949701,0,0.1285229645
5.200094,2.3379337308,2.3899420675,-0.4434977136,0.1414535140,-0.0528119004,-0.5849512276,0.1361481667,-0.5555868982,-2.9587976267,0.1542517406,0.5028171686,0.8985862391,0.0000000000,0.0419278226,0.0014918026,0.0000000000,-0.0028406568,1.0000000000,0.0419278226,8.8048427556,-0.122,1.000000,18.1765949701,0,0.1285229645
5.208451,2.3342631827,2.3899420675,-0.4348808414,0.1595105073,-0.0565850260,-0.5943913487,0.1356766248,-0.5729854101,-2.0878214317,0.1529063379,0.5028171686,0.8985862391,0.0000000000,0.0419278226,0.0015158778,0.0000000000,-0.0027939029,1.0000000000,0.0419278226,8.8048427556,-0.274,1.000000,18.1765949701,0,0.1285229645
5.216759,2.3306868870,2.3899420675,-0.4260176465,0.1714314582,-0.0602290418,-0.5974491047,0.1351747161,-0.5837750881,-1.2947613540,0.1521994146,0.5028171686,0.8985862391,0.0000000000,0.0419278226,0.0015236760,0.0000000000,-0.0027453562,1.0000000000,0.0419278226,8.8048427556,-0.425,1.000000,18.1765949701,0,0.1285229645
5.225094,2.3271743574,2.3899420675,-0.4168345280,0.1777866757,-0.0637776739,-0.5946212037,0.1346432355,-0.5885188364,-0.5692497951,0.1520825504,0.5028171686,0.8985862391,0.0000000000,0.0419278226,0.0015164640,0.0000000000,-0.0026945732,1.0000000000,0.0419278226,8.8048427556,-0.577,1.000000,18.1765949701,0,0.1285229645
5.233428,2.3237396039,2.3899420675,-0.4073657876,0.1790934617,-0.0672198510,-0.5864592493,0.1340830701,-0.5877453962,0.0928128276,0.1525020305,0.5028171686,0.8985862391,0.0000000000,0.0419278226,0.0014956485,0.0000000000,-0.0026416995,1.0000000000,0.0419278226,8.8048427556,-0.728,1.000000,18.1765949701,-1,0.1285229645
5.241787,2.3203748613,2.3899420675,-0.3975877466,0.1735921624,-0.0705533420,-0.5711799090,0.1334951256,-0.5796661111,0.9695142049,0.1536292213,0.5028171686,0.8985862391,0.0000000000,0.0419278226,0.0014566816,0.0000000000,-0.0025865594,1.0000000000,0.0419278226,8.8048427556,-0.880,1.000000,18.1765949701,0,0.1285229645
5.250095,2.3171130702,2.3884080867,-0.3875985664,0.1641444247,-0.0722274819,-0.5517429911,0.1328932299,-0.5641475336,1.8622292999,0.1555889521,0.5028171686,0.8985862391,0.0000000000,0.0419278226,0.0014071115,0.0000000000,-0.0025296691,1.0000000000,0.0419278226,8.8048427556,-1.031,1.000000,18.1765949701,-1,0.1285229645
5.258429,2.3139255030,2.3884080867,-0.3773126872,0.1511170468,-0.0753410437,-0.5284297340,0.1322653879,-0.5476368934,1.9812768303,0.1574950588,0.5028171686,0.8985862391,0.0000000000,0.0419278226,0.0013476557,0.0000000000,-0.0024705054,1.0000000000,0.0419278226,8.8048427556,-1.182,1.000000,18.1765949701,0,0.1285229645
5.266763,2.3108248223,2.3884080867,-0.3667684596,0.1370716108,-0.0783619356,-0.5038400705,0.1316123717,-0.5296906270,2.1535519596,0.1595073494,0.5028171686,0.8985862391,0.0000000000,0.0419278226,0.0012849446,0.0000000000,-0.0024092493,1.0000000000,0.0419278226,8.8048427556,-1.334,1.000000,18.1765949701,0,0.1285229645
5.275114,2.3078069702,2.3868741060,-0.3559503976,0.1243316151,-0.0797734340,-0.4802820127,0.1309475931,-0.5095913094,2.4119181116,0.1618330401,0.5028171686,0.8985862391,0.0000000000,0.0419278226,0.0012248644,0.0000000000,-0.0023457740,1.0000000000,0.0419278226,8.8048427556,-1.485,1.000000,18.1765949701,0,0.1285229645
5.283428,2.3048930696,2.3868741060,-0.3449362058,0.1127757267,-0.0826216883,-0.4577119325,0.1302590791,-0.4933567709,1.9481446223,0.1636186424,0.5028171686,0.8985862391,0.0000000000,0.0419278226,0.0011673039,0.0000000000,-0.0022805049,1.0000000000,0.0419278226,8.8048427556,-1.637,1.000000,18.1765949701,0,0.1285229645
5.291761,2.3020655193,2.3853401252,-0.3336612443,0.1000650139,-0.0838430513,-0.4337262582,0.1295603870,-0.4724856682,2.5045323246,0.1659530704,0.5028171686,0.8985862391,0.0000000000,0.0419278226,0.0011061332,0.0000000000,-0.0022130309,1.0000000000,0.0419278226,8.8048427556,-1.788,1.000000,18.1765949701,-1,0.1285229645
5.300093,2.2993333054,2.3853401252,-0.3221594573,0.0885356868,-0.0865097699,-0.4106951440,0.1288394722,-0.4554615143,2.0428984746,0.1677426581,0.5028171686,0.8985862391,0.0000000000,0.0419278226,0.0010473969,0.0000000000,-0.0021435254,1.0000000000,0.0419278226,8.8048427556,-1.940,1.000000,18.1765949701,-1,0.1285229645
5.308464,2.2966856195,2.3838061444,-0.3103810329,0.0758490666,-0.0875514053,-0.3862300995,0.1281098772,-0.4337845743,2.6012327989,0.1700783150,0.5028171686,0.8985862391,0.0000000000,0.0419278226,0.0009850036,0.0000000000,-0.0020716584,1.0000000000,0.0419278226,8.8048427556,-2.091,1.000000,18.1765949701,-2,0.1285229645
5.316761,2.2941596645,2.3807381828,-0.2984955853,0.0621127170,-0.0869313658,-0.3606083023,0.1273854491,-0.4076457001,3.1366648943,0.1729373104,0.5028171686,0.8985862391,0.0000000000,0.0419278226,0.0009196603,0.0000000000,-0.0019984478,1.0000000000,0.0419278226,8.8048427556,-2.243,1.000000,18.1765949701,-1,0.1285229645
5.325093,2.2917231424,2.3792042020,-0.2863559500,0.0496530799,-0.0877631269,-0.3360090299,0.1266540897,-0.3854194615,2.6671486364,0.1752350166,0.5028171686,0.8985862391,0.0000000000,0.0419278226,0.0008569247,0.0000000000,-0.0019229743,1.0000000000,0.0419278226,8.8048427556,-2.394,1.000000,18.1765949701,-1,0.1285229645
5.333420,2.2893896212,2.3761362404,-0.2740257764,0.0338937408,-0.0869391615,-0.3079195172,0.1259295967,-0.3564079389,3.4813827090,0.1782422744,0.5028171686,0.8985862391,0.0000000000,0.0419278226,0.0007852879,0.0000000000,-0.0018456158,1.0000000000,0.0419278226,8.8048427556,-2.546,1.000000,18.1765949701,-2,0.1285229645
5.341756,2.2871574545,2.3730682789,-0.2614957930,0.0173702633,-0.0860095007,-0.2788660563,0.1252128509,-0.3262149182,3.6231624839,0.1812829278,0.5028171686,0.8985862391,0.0000000000,0.0419278226,0.0007111928,0.0000000000,-0.0017663034,1.0000000000,0.0419278226,8.8048427556,-2.697,1.000000,18.1765949701,-2,0.1285229645
5.350099,2.2850287032,2.3700003173,-0.2487754532,0.0001536695,-0.0849724870,-0.2489291227,0.1245047468,-0.2949167009,3.7557860829,0.1843385317,0.5028171686,0.8987916025,0.0246436126,0.0409657943,0.0006348446,0.0000000000,-0.0016850889,1.0000000000,0.0419278226,8.6028168116,-2.849,1.000000,18.1765949701,-3,0.1352946208
5.358430,2.2830098516,2.3669323557,-0.2359043405,-0.0199204952,-0.0838093406,-0.2159838453,0.1238063356,-0.2603500822,4.1479942400,0.1975878341,0.5029172061,0.8989591306,0.0201033656,0.0377821906,0.0005508241,0.0000000000,-0.0016022239,1.0000000000,0.0419278226,7.9342600331,-3.000,1.000000,18.1765949701,-3,0.1400710112
5.366753,2.2811004004,2.3623304133,-0.2228822838,-0.0403577608,-0.0810007501,-0.1825245230,0.1231313294,-0.2219784885,4.6045912403,0.2085513835,0.5029987484,0.8990854175,0.0151544251,0.0332874001,0.0004654928,0.0000000000,-0.0015177122,1.0000000000,0.0419278226,6.9903540273,-3.152,1.000000,18.1765949701,-2,0.1428987638
5.375182,2.2792779247,2.3577284710,-0.2095403822,-0.0633532550,-0.0780906516,-0.1461871272,0.1224805740,-0.1805033137,4.9770209839,0.2168659595,0.5030601786,0.8991711789,0.0102913698,0.0276242707,0.0003728214,0.0000000000,-0.0014304525,1.0000000000,0.0419278226,5.8010968456,-3.303,1.000000,18.1765949701,-2,0.1439375119
5.383426,2.2776047677,2.3546605094,-0.1963486661,-0.0886692055,-0.0765520331,-0.1076794606,0.1218426404,-0.1395689847,4.9121194817,0.2220506219,0.5031018769,0.8992232948,0.0062539061,0.0214744214,0.0002746152,0.0000000000,-0.0013435395,1.0000000000,0.0419278226,4.5096284992,-3.455,1.000000,18.1765949701,-2,0.1435481911
5.391759,2.2760245881,2.3515925478,-0.1828803720,-0.1138610640,-0.0749211421,-0.0690193080,0.1212182975,-0.0982855152,4.9540163335,0.2248602244,0.5031272089,0.8992493656,0.0031285035,0.0149367581,0.0001760201,0.0000000000,-0.0012541880,1.0000000000,0.0419278226,3.1367192007,-3.303,1.000000,18.1765949701,-1,0.1420817103
5.400087,2.2745579482,2.3469906055,-0.1692942694,-0.1389403639,-0.0716433702,-0.0303539055,0.1206212694,-0.0536991566,5.3503630338,0.2262221544,0.5031398791,0.8992571807,0.0009378104,0.0077008629,0.0000774116,0.0000000000,-0.0011634618,1.0000000000,0.0419278226,1.6171812105,-3.152,1.000000,18.1765949701,-1,0.1398754893
5.408444,2.2732005683,2.3423886631,-0.1555457477,-0.1639175670,-0.0682569182,0.0083718193,0.1200524618,-0.0088088104,5.3868415483,0.2260994328,0.5031436769,0.8992573909,0.0000252261,0.0003484368,-0.0000213507,-0.0000000000,-0.0010710849,1.0000000000,0.0419278226,0.0731717185,-3.000,1.000000,18.1765949701,-2,0.1373841895
5.416752,2.2719654071,2.3362527399,-0.1417706985,-0.1888021625,-0.0632147927,0.0470314640,0.1195256718,0.0393450548,5.7784638252,0.2256288584,0.5031437790,0.8992615787,0.0005025363,-0.0075243694,-0.0001199445,-0.0000000000,-0.0009780007,1.0000000000,0.0419278226,-1.5801175668,-2.849,1.000000,18.1765949701,-3,0.1351130553
5.425104,2.2708396188,2.3316507976,-0.1278272582,-0.2136027578,-0.0595977524,0.0857754996,0.1190290239,0.0847828132,5.4525310053,0.2247117926,0.5031458141,0.8992809694,0.0023268810,-0.0149109730,-0.0002187535,-0.0000000000,-0.0008832838,1.0000000000,0.0419278226,-3.1313043250,-2.697,1.000000,18.1765949701,-2,0.1335665078
5.433426,2.2698339024,2.3255148744,-0.1138440175,-0.2383271602,-0.0543270922,0.1244831427,0.1185762981,0.1335115777,5.8474517403,0.2251093347,0.5031552363,0.8993291141,0.0057773595,-0.0228780209,-0.0003174697,-0.0000000000,-0.0007878425,1.0000000000,0.0419278226,-4.8043843952,-2.546,1.000000,18.1765949701,-2,0.1333620982
5.441750,2.2689447134,2.3209129321,-0.0997799138,-0.2652113271,-0.0504616163,0.1654314134,0.1181557847,0.1817220366,5.7852550652,0.2271214649,0.5031786273,0.8994188597,0.0107694761,-0.0309334433,-0.0004219002,-0.0000000000,-0.0006914383,1.0000000000,0.0419278226,-6.4960230946,-2.394,1.000000,18.1765949701,-4,0.1350656118
5.450096,2.2681711132,2.3147770089,-0.0856122840,-0.2918256455,-0.0449481037,0.2062133615,0.1177812171,0.2330844789,6.1634930759,0.2325876685,0.5032222171,0.8995689815,0.0180146190,-0.0400128719,-0.0005259065,-0.0000000000,-0.0005939575,1.0000000000,0.0419278226,-8.4027031067,-2.243,1.000000,18.1765949701,-1,0.1394523276
5.458431,2.2675166921,2.3086410858,-0.0714024819,-0.3181951962,-0.0393168026,0.2467927143,0.1177812171,0.2848475957,6.2115740154,0.2425607767,0.5032950945,0.8995689815,0.0000000000,-0.0419278226,-0.0006293961,-0.0000000000,-0.0004958674,1.0000000000,0.0419278226,-8.8048427556,-2.091,1.000000,18.1765949701,-2,0.1394523276
5.466755,2.2669815419,2.3025051626,-0.0571622164,-0.3443427288,-0.0335674917,0.2871805124,0.1177812171,0.3366535253,6.2167115538,0.2444309285,0.5032950945,0.8995689815,0.0000000000,-0.0419278226,-0.0007323972,-0.0000000000,-0.0003972987,1.0000000000,0.0419278226,-8.8048427556,-1.940,1.000000,18.1765949701,-1,0.1394523276
5.475179,2.2665608448,2.2979032203,-0.0427119229,-0.3702888787,-0.0292388526,0.3275769558,0.1177812171,0.3856466459,5.8791744753,0.2455463368,0.5032950945,0.8995689815,0.0000000000,-0.0419278226,-0.0008354203,-0.0000000000,-0.0002970557,1.0000000000,0.0419278226,-8.8048427556,-1.788,1.000000,18.1765949701,-3,0.1394523276
5.483427,2.2662670056,2.2933012779,-0.0285344492,-0.3938234873,-0.0247970548,0.3652890381,0.1177812171,0.4321801386,5.5840191134,0.2463497721,0.5032950945,0.8995689815,0.0000000000,-0.0419278226,-0.0009315976,-0.0000000000,-0.0001985431,0.9821610427,0.0419278226,-8.8048427556,-1.637,1.000000,18.1765949701,-1,0.1394523276
5.491756,2.2660890403,2.2886993355,-0.0141991976,-0.4151706933,-0.0202518094,0.4009714956,0.1177812171,0.4768894535,5.3651177975,0.2468808720,0.5032950945,0.8995689815,0.0000000000,-0.0419278226,-0.0010225986,-0.0000000000,-0.0000988254,0.7322699796,0.0419278226,-8.8048427556,-1.485,1.000000,18.1765949701,-2,0.1394523276
5.500088,2.2660305150,2.2840973932,0.0001514846,-0.4345338026,-0.0155983952,0.4346852873,0.1177812171,0.5198449258,5.1546566757,0.2471765171,0.5032950945,0.8995689815,0.0000000000,-0.0419278226,-0.0011085790,-0.0000000000,0.0000010544,0.3429841234,0.0419278226,-8.8048427556,-1.334,1.000000,18.1765949701,-1,0.1394523276
5.508514,2.2660929360,2.2794954508,0.0146640239,-0.4520972255,-0.0108342582,0.4667612494,0.1177812171,0.5613824640,4.9845045751,0.2472618240,0.5032950945,0.8995689815,0.0000000000,-0.0419278226,-0.0011903824,-0.0000000000,0.0001020599,0.0402251123,0.0419278226,-8.8048427556,-1.182,1.000000,18.1765949701,-1,0.1394523276
5.516761,2.2662724100,2.2748935084,0.0288584113,-0.4657993563,-0.0059750033,0.4946577675,0.1177812171,0.5989294623,4.5056398063,0.2472630262,0.5032950945,0.8995689815,0.0000000000,-0.0419278226,-0.0012615270,-0.0000000000,0.0002007956,0.0000000000,0.0419278226,-8.8048427556,-1.031,1.000000,18.1765949701,-1,0.1394523276
5.525091,2.2665724521,2.2718255469,0.0431760863,-0.4759990792,-0.0025490574,0.5191751656,0.1177812171,0.6302507889,3.7585591927,0.2468981950,0.5032950945,0.8995689815,0.0000000000,-0.0419278226,-0.0013240537,-0.0000000000,0.0003002785,0.0000000000,0.0419278226,-8.8048427556,-0.880,1.000000,18.1765949701,-1,0.1394523276
5.533424,2.2669918234,2.2687575853,0.0574695235,-0.4830219224,0.0009781706,0.5404914459,0.1177893685,0.6585801819,3.3995271486,0.2465436275,0.5032950945,0.8995689815,0.0000000000,-0.0419278226,-0.0013784167,-0.0000000000,0.0003994283,0.0000000000,0.0419278226,-8.8048427556,-0.728,1.000000,18.1765949701,-1,0.1394523276
5.541845,2.2675364730,2.2656896237,0.0718740463,-0.4871631581,0.0046143072,0.5590372044,0.1178278211,0.6843852236,3.0966050125,0.2462142269,0.5032950945,0.8995689815,0.0000000000,-0.0419278226,-0.0014257140,-0.0000000000,0.0004991272,0.0000000000,0.0419278226,-8.8048427556,-0.577,1.000000,18.1765949701,-1,0.1394523276
5.550097,2.2681876166,2.2641556429,0.0859396279,-0.4886906147,0.0068081087,0.5746302425,0.1178845553,0.7043910943,2.4007044764,0.2456606965,0.5032950945,0.8995689815,0.0000000000,-0.0419278226,-0.0014654810,-0.0000000000,0.0005962136,0.0000000000,0.0419278226,-8.8048427556,-0.425,1.000000,18.1765949701,-1,0.1394523276
5.558428,2.2689625893,2.2610876813,0.1000828899,-0.4856183516,0.0106335901,0.5857012415,0.1179731686,0.7231468764,2.2506938513,0.2455860068,0.5032950945,0.8995689815,0.0000000000,-0.0419278226,-0.0014937154,-0.0000000000,0.0006935191,0.0332045093,0.0419278226,-8.8048427556,-0.274,1.000000,18.1765949701,-1,0.1394523276
5.566795,2.2698590791,2.2595537006,0.1142160285,-0.4806027614,0.0130355683,0.5948187899,0.1180817983,0.7371418678,1.6793989682,0.2452965588,0.5032950945,0.8995689815,0.0000000000,-0.0419278226,-0.0015169679,-0.0000000000,0.0007903871,0.1527580635,0.0419278226,-8.8048427556,-0.122,1.000000,18.1765949701,0,0.1394523276
5.575152,2.2708722921,2.2595537006,0.1282546692,-0.4715955891,0.0139976138,0.5998502582,0.1181984451,0.7441989778,0.8468532040,0.2449448780,0.5032950945,0.8995689815,0.0000000000,-0.0419278226,-0.0015297996,-0.0000000000,0.0008861941,0.2185300861,0.0419278226,-8.8048427556,0.029,1.000000,18.1765949701,0,0.1394523276
5.583455,2.2719948331,2.2595537006,0.1421156280,-0.4589678286,0.0150484194,0.6010834567,0.1183238486,0.7476427302,0.4132502920,0.2448097280,0.5032950945,0.8995689815,0.0000000000,-0.0419278226,-0.0015329447,-0.0000000000,0.0009803377,0.2985484621,0.0419278226,-8.8048427556,0.181,1.000000,18.1765949701,0,0.1394523276
5.591793,2.2732374954,2.2595537006,0.1559373558,-0.4408271164,0.0161880287,0.5967644722,0.1184587488,0.7457200280,-0.2307242693,0.2449975580,0.5032950945,0.8995689815,0.0000000000,-0.0419278226,-0.0015219299,-0.0000000000,0.0010737236,0.3920205564,0.0419278226,-8.8048427556,0.332,1.000000,18.1765949701,0,0.1394523276
5.600127,2.2745943297,2.2595537006,0.1696459611,-0.4199147246,0.0174260646,0.5895606858,0.1186039661,0.7411181723,-0.5522226825,0.2453461551,0.5032950945,0.8995689815,0.0000000000,-0.0419278226,-0.0015035581,-0.0000000000,0.0011658175,0.4976599445,0.0419278226,-8.8048427556,0.484,1.000000,18.1765949701,0,0.1394523276
5.608435,2.2760600691,2.2595537006,0.1831951294,-0.3964882644,0.0187587239,0.5796833938,0.1187602888,0.7340416835,-0.8491786554,0.2458354654,0.5032950945,0.8995689815,0.0000000000,-0.0419278226,-0.0014783680,-0.0000000000,0.0012562830,0.6113566898,0.0419278226,-8.8048427556,0.635,1.000000,18.1765949701,0,0.1394523276
5.616769,2.2776430376,2.2595537006,0.1966618579,-0.3707814036,0.0201956579,0.5674432615,0.1189285859,0.7248212513,-1.1064518604,0.2464371719,0.5032950945,0.8995689815,0.0000000000,-0.0419278226,-0.0014471520,-0.0000000000,0.0013456101,0.7279305140,0.0419278226,-8.8048427556,0.787,1.000000,18.1765949701,0,0.1394523276
5.625103,2.2793376602,2.2610876813,0.2099936036,-0.3430060919,0.0201985148,0.5529996955,0.1190969069,0.7105493318,-1.7126303426,0.2468447558,0.5032950945,0.8995689815,0.0000000000,-0.0419278226,-0.0014103165,-0.0000000000,0.0014334275,0.7281517717,0.0419278226,-8.8048427556,0.938,1.000000,18.1765949701,0,0.1394523276
5.633440,2.2811433826,2.2610876813,0.2231855465,-0.3133545797,0.0218357940,0.5365401262,0.1192788718,0.6975208252,-1.5634207873,0.2476044149,0.5032950945,0.8995689815,0.0000000000,-0.0419278226,-0.0013683396,-0.0000000000,0.0015196878,0.8449843768,0.0419278226,-8.8048427556,1.090,1.000000,18.1765949701,0,0.1394523276
5.641768,2.2830564628,2.2626216621,0.2362113391,-0.2842301244,0.0220494443,0.5204414634,0.1194626172,0.6820276541,-1.8591805366,0.2480104144,0.5032950945,0.8995689815,0.0000000000,-0.0419278226,-0.0013272832,-0.0000000000,0.0016042083,0.8584859284,0.0419278226,-8.8048427556,1.241,1.000000,18.1765949701,0,0.1394523276
5.650090,2.2850759459,2.2641556429,0.2490667492,-0.2578126150,0.0223848751,0.5068793641,0.1196491578,0.6693156584,-1.5254394827,0.2482564806,0.5032950945,0.8995689815,0.0000000000,-0.0419278226,-0.0012926957,-0.0000000000,0.0016869564,0.8787195753,0.0419278226,-8.8048427556,1.393,1.000000,18.1765949701,0,0.1394523276
5.658436,2.2872079111,2.2641556429,0.2617877247,-0.2316215811,0.0243680552,0.4934093057,0.1198522249,0.6599844298,-1.1197474321,0.2487674858,0.5032950945,0.8995689815,0.0000000000,-0.0419278226,-0.0012583430,-0.0000000000,0.0017681591,0.9699060389,0.0419278226,-8.8048427556,1.544,1.000000,18.1765949701,0,0.1394523276
5.666797,2.2894493672,2.2656896237,0.2743508261,-0.2056359731,0.0249279124,0.4799867992,0.1200599575,0.6478786343,-1.4526954634,0.2489432369,0.5032950945,0.8995689815,0.0000000000,-0.0419278226,-0.0012241115,-0.0000000000,0.0018476640,0.9853002229,0.0419278226,-8.8048427556,1.695,1.000000,18.1765949701,1,0.1394523276
5.675104,2.2917795758,2.2656896237,0.2866452504,-0.1820655738,0.0271242233,0.4687108242,0.1202859927,0.6411874145,-0.8029463751,0.2493125958,0.5032950945,0.8995689815,0.0000000000,-0.0419278226,-0.0011953544,-0.0000000000,0.0019247810,1.0000000000,0.0419278226,-8.8048427556,1.847,1.000000,18.1765949701,1,0.1394523276
5.683436,2.2942185828,2.2687575853,0.2987806016,-0.1584570279,0.0263611542,0.4572376294,0.1205056690,0.6284153760,-1.5326446163,0.2490483320,0.5032950945,0.8995689815,0.0000000000,-0.0419278226,-0.0011660943,-0.0000000000,0.0020002114,1.0000000000,0.0419278226,-8.8048427556,1.998,1.000000,18.1765949701,2,0.1394523276
5.691764,2.2967564674,2.2718255469,0.3107049187,-0.1348138810,0.0256967661,0.4455187996,0.1207198087,0.6155882238,-1.5392582669,0.2487638078,0.5032950945,0.8995689815,0.0000000000,-0.0419278226,-0.0011362077,-0.0000000000,0.0020736438,0.9977432622,0.0419278226,-8.8048427556,2.150,1.000000,18.1765949701,1,0.1394523276
5.700106,2.2993976017,2.2748935084,0.3224374644,-0.1111393489,0.0251354495,0.4335768133,0.1209292708,0.6027380025,-1.5420265542,0.2484571840,0.5032950945,0.8995689815,0.0000000000,-0.0419278226,-0.0011057520,-0.0000000000,0.0021452133,0.9896844462,0.0419278226,-8.8048427556,2.301,1.000000,18.1765949701,1,0.1394523276
5.708464,2.3021406193,2.2779614700,0.3339686837,-0.0874363489,0.0246758544,0.4214050326,0.1211349029,0.5898562294,-1.5458127780,0.2481278154,0.5032950945,0.8995689815,0.0000000000,-0.0419278226,-0.0010747103,-0.0000000000,0.0022148794,0.9790002324,0.0419278226,-8.8048427556,2.453,1.000000,18.1765949701,2,0.1394523276
5.716777,2.3049638204,2.2825634124,0.3452106734,-0.0614786510,0.0227496536,0.4066893244,0.1213244834,0.5715020220,-2.2025048874,0.2475103091,0.5032950945,0.8995689815,0.0000000000,-0.0419278226,-0.0010371808,-0.0000000000,0.0022821392,0.8992991500,0.0419278226,-8.8048427556,2.604,1.000000,18.1765949701,1,0.1394523276
5.725110,2.3078866612,2.2871653547,0.3562435313,-0.0334758161,0.0209114746,0.3897193474,0.1214987457,0.5510532525,-2.4538523328,0.2468956661,0.5032950945,0.8995689815,0.0000000000,-0.0419278226,-0.0009939022,-0.0000000000,0.0023475023,0.7816512950,0.0419278226,-8.8048427556,2.756,1.000000,18.1765949701,4,0.1394523276
5.733439,2.3108991441,2.2917672971,0.3670277673,-0.0036179275,0.0191523996,0.3706456948,0.1216583490,0.5286434538,-2.6891758467,0.2462593592,0.5032950945,0.8995689815,0.0000000000,-0.0419278226,-0.0009452587,-0.0000000000,0.0024107630,0.6441822262,0.0419278226,-8.8048427556,2.907,1.000000,18.1765949701,2,0.1394523276
5.741755,2.3139951362,2.2979032203,0.3775432166,0.0301514742,0.0159206326,0.3473917424,0.1217910209,0.4991020331,-3.5449704895,0.2452623269,0.5032950945,0.8995689815,0.0000000000,-0.0419278226,-0.0008859540,-0.0000000000,0.0024718378,0.3696319433,0.0419278226,-8.8048427556,3.059,1.000000,18.1765949701,3,0.1394523276
5.750091,2.3171852684,2.3040391434,0.3878253868,0.0652399613,0.0127755123,0.3225854255,0.1218974835,0.4681544847,-3.7137058028,0.2441575047,0.5032950945,0.8995689815,0.0000000000,-0.0419278226,-0.0008226904,-0.0000000000,0.0025309671,0.1364794245,0.0419278226,-8.8048427556,3.210,1.000000,18.1765949701,4,0.1394523276
5.758430,2.3204613181,2.3101750666,0.3978455166,0.1015249326,0.0097095126,0.2963205840,0.1219783961,0.4358803515,-3.8728959870,0.2429244327,0.5032950945,0.8995689815,0.0000000000,-0.0419278226,-0.0007557071,-0.0000000000,0.0025880200,0.0091566557,0.0419278226,-8.8048427556,3.362,1.000000,18.1765949701,3,0.1394523276
5.766779,2.3238239129,2.3178449705,0.4076042594,0.1411240577,0.0051772503,0.2664802017,0.1220215399,0.3970814381,-4.6558696021,0.2411664563,0.5032950945,0.8995689815,0.0000000000,-0.0419278226,-0.0006796051,-0.0000000000,0.0026430375,0.0000000000,0.0419278226,-8.8048427556,3.513,1.000000,18.1765949701,1,0.1394523276
5.775096,2.3272535966,2.3224469129,0.4170471386,0.1815004299,0.0037756230,0.2355467087,0.1220530034,0.3633953379,-4.0423320235,0.2399737212,0.5032950945,0.8995689815,0.0000000000,-0.0419278226,-0.0006007154,-0.0000000000,0.0026957545,0.0000000000,0.0419278226,-8.8048427556,3.665,1.000000,18.1765949701,4,0.1394523276
5.783431,2.3307679262,2.3285828360,0.4262238078,0.2225818085,0.0009206560,0.2036419993,0.1220606755,0.3258282291,-4.5080530651,0.2382026833,0.5032950945,0.8995689815,0.0000000000,-0.0419278226,-0.0005193487,-0.0000000000,0.0027464907,0.0000000000,0.0419278226,-8.8048427556,3.816,1.000000,18.1765949701,4,0.1394523276
5.791772,2.3343602807,2.3362527399,0.4351149185,0.2620737917,-0.0033812380,0.1730411268,0.1220606755,0.2866837952,-4.6973320596,0.2358567097,0.5032950945,0.8995689815,0.0000000000,-0.0419278226,-0.0004413072,-0.0000000000,0.0027951787,0.0000000000,0.0419278226,-8.8048427556,3.968,1.000000,18.1765949701,4,0.1394523276
5.800098,2.3380188407,2.3439226439,0.4436919749,0.3023529802,-0.0076213984,0.1413389947,0.1219971639,0.2464980788,-4.8222859671,0.2332974803,0.5032950945,0.8997372384,0.0201908278,-0.0383835429,-0.0003604572,-0.0000000000,0.0028417058,0.0000000000,0.0419278226,-8.0605440165,4.119,1.000000,18.1765949701,3,0.1443491872
5.808481,2.3417737412,2.3515925478,0.4520220048,0.3433462078,-0.0117692747,0.1086757970,0.1218990866,0.2055004899,-4.9197106670,0.2387791101,0.5033767200,0.8998561098,0.0142645643,-0.0320771344,-0.0002771562,-0.0000000000,0.0028864750,0.0805765359,0.0419278226,-6.7361982286,4.271,1.000000,18.1765949701,3,0.1468459988
5.816798,2.3455662283,2.3607964326,0.4599754383,0.3827582331,-0.0174045626,0.0772172051,0.1217540486,0.1627072017,-5.1351945857,0.2394151032,0.5034343519,0.8999307688,0.0089590774,-0.0248891967,-0.0001969272,-0.0000000000,0.0029288337,0.4958120116,0.0419278226,-5.2267313000,4.422,1.000000,18.1765949701,4,0.1473576603
5.825096,2.3494150364,2.3684663365,0.4675985141,0.4229648953,-0.0214540629,0.0446336188,0.1215752647,0.1219050182,-4.8962620290,0.2368941000,0.5034705335,0.8999723660,0.0049916663,-0.0177399319,-0.0001138292,-0.0000000000,0.0029690765,0.8197513287,0.0419278226,-3.7253857031,4.271,1.000000,18.1765949701,5,0.1464595788
5.833437,2.3533463937,2.3776702212,0.4749411723,0.4616634618,-0.0269464277,0.0132777106,0.1213507112,0.0794198526,-5.0982198646,0.2315061754,0.5034906875,0.8999897383,0.0020846720,-0.0102423569,-0.0000338622,-0.0000000000,0.0030075073,1.0000000000,0.0419278226,-2.1508949476,4.119,1.000000,18.1765949701,5,0.1445659711
5.841756,2.3573266213,2.3868741060,0.4819388987,0.5012229768,-0.0323948130,-0.0192840781,0.1210807544,0.0357713801,-5.2378167041,0.2243765153,0.5034991034,0.8999931865,0.0004137899,-0.0027312794,0.0000491802,0.0000000000,0.0030438288,1.0000000000,0.0419278226,-0.5735686770,3.968,1.000000,18.1765949701,4,0.1421260271
5.850095,2.3613733404,2.3960779907,0.4886229162,0.5393345447,-0.0377684814,-0.0507116285,0.1207660170,-0.0066386222,-5.0892002743,0.2164226849,0.5035007738,0.8999933024,0.0000139011,0.0042618903,0.0001293300,0.0000000000,0.0030782437,1.0000000000,0.0419278226,0.8949969593,3.816,1.000000,18.1765949701,3,0.1395902588
5.858421,2.3654686890,2.4052818754,0.4949630953,0.5783616193,-0.0430987209,-0.0833985239,0.1204068610,-0.0502655188,-5.2352275912,0.2082519663,0.5035008299,0.8999997716,0.0007763097,0.0110994850,0.0002126915,0.0000000000,0.0031106363,1.0000000000,0.0419278226,2.3308918421,3.665,1.000000,18.1765949701,4,0.1373688545
5.866771,2.3696269279,2.4129517793,0.5009806518,0.6159902338,-0.0468241452,-0.1150095820,0.1200166598,-0.0896600270,-4.7273409875,0.2010803421,0.5035039637,0.9000198743,0.0024123220,0.0169813428,0.0002933092,0.0000000000,0.0031411529,1.0000000000,0.0419278226,3.5660819966,3.513,1.000000,18.1765949701,4,0.1357683451
5.875107,2.3738266582,2.4221556641,0.5066439839,0.6523503669,-0.0520348529,-0.1457063830,0.1195830361,-0.1311328678,-4.9767408882,0.1944325757,0.5035137011,0.9000619228,0.0050458164,0.0229157956,0.0003715954,0.0000000000,0.0031696702,1.0000000000,0.0419278226,4.8123170822,3.362,1.000000,18.1765949701,2,0.1351308557
5.883440,2.3780710780,2.4313595488,0.5119586222,0.6853310406,-0.0571816732,-0.1733724184,0.1191065221,-0.1694903543,-4.6028983899,0.1893570774,0.5035340659,0.9001309530,0.0082836281,0.0282479990,0.0004421521,0.0000000000,0.0031962522,1.0000000000,0.0419278226,5.9320797913,3.210,1.000000,18.1765949701,1,0.1356405207
5.891796,2.3823698813,2.4390294527,0.5169352288,0.7174752315,-0.0607353773,-0.2005400027,0.1186003940,-0.2042146622,-4.1669169416,0.1863184393,0.5035674905,0.9002301098,0.0118988141,0.0330733920,0.0005114377,0.0000000000,0.0032209858,1.0000000000,0.0419278226,6.9454123109,3.059,1.000000,18.1765949701,3,0.1373787812
5.900105,2.3866844142,2.4466993567,0.5215308114,0.7466318099,-0.0642563799,-0.2251009985,0.1180649241,-0.2362963686,-3.8498047739,0.1850613017,0.5036154851,0.9003622834,0.0158608394,0.0376217735,0.0005740756,0.0000000000,0.0032436899,1.0000000000,0.0419278226,7.9005724435,2.907,1.000000,18.1765949701,2,0.1403893008
5.908450,2.3910545956,2.4559032414,0.5257886536,0.7730784568,-0.0692403204,-0.2472898032,0.1174879215,-0.2689522320,-3.9187036004,0.1851079639,0.5036794290,0.9003622834,0.0000000000,0.0419278226,0.0006306638,0.0000000000,0.0032646090,1.0000000000,0.0419278226,8.8048427556,2.756,1.000000,18.1765949701,3,0.1403893008
5.916772,2.3954470417,2.4620391646,0.5296752527,0.7948381684,-0.0711074091,-0.2651629156,0.1168953597,-0.2911176776,-2.6598534792,0.1822977086,0.5036794290,0.9003622834,0.0000000000,0.0419278226,0.0006762457,0.0000000000,0.0032836062,1.0000000000,0.0419278226,8.8048427556,2.604,1.000000,18.1765949701,2,0.1403893008
5.925119,2.3998829884,2.4697090685,0.5332092910,0.8145754435,-0.0744534892,-0.2813661525,0.1162749140,-0.3145780193,-2.8152410052,0.1791597362,0.5036794290,0.9003622834,0.0000000000,0.0419278226,0.0007175688,0.0000000000,0.0033007990,1.0000000000,0.0419278226,8.8048427556,2.453,1.000000,18.1765949701,2,0.1403893008
5.933428,2.4043269389,2.4773789724,0.5363634286,0.8302493798,-0.0777684825,-0.2938859512,0.1156268433,-0.3343204242,-2.3690885811,0.1763241545,0.5036794290,0.9003622834,0.0000000000,0.0419278226,0.0007494981,0.0000000000,0.0033160783,1.0000000000,0.0419278226,8.8048427556,2.301,1.000000,18.1765949701,2,0.1403893008
5.941755,2.4088051262,2.4835148956,0.5391576370,0.8422376406,-0.0794943208,-0.3030800036,0.1149643906,-0.3475952022,-1.5929733575,0.1742256218,0.5036794290,0.9003622834,0.0000000000,0.0419278226,0.0007729457,0.0000000000,0.0033295625,1.0000000000,0.0419278226,8.8048427556,2.150,1.000000,18.1765949701,2,0.1403893008
5.950091,2.4133097297,2.4896508187,0.5415852215,0.8508827877,-0.0811747515,-0.3092975661,0.1142879344,-0.3578171192,-1.2266300427,0.1723842121,0.5036794290,0.9003622834,0.0000000000,0.0419278226,0.0007888024,0.0000000000,0.0033412381,1.0000000000,0.0419278226,8.8048427556,1.998,1.000000,18.1765949701,2,0.1403893008
5.958447,2.4178438751,2.4942527611,0.5436459020,0.8542666679,-0.0812617714,-0.3106207659,0.1136107529,-0.3599808746,-0.2596506439,0.1714113021,0.5036794290,0.9003622834,0.0000000000,0.0419278226,0.0007921769,0.0000000000,0.0033511204,1.0000000000,0.0419278226,8.8048427556,1.847,1.000000,18.1765949701,1,0.1403893008
5.966757,2.4223690636,2.4988547035,0.5453239012,0.8528782848,-0.0813306382,-0.3075543836,0.1129329976,-0.3577195617,0.2713575386,0.1708066957,0.5036794290,0.9003622834,0.0000000000,0.0419278226,0.0007843567,0.0000000000,0.0033591480,1.0000000000,0.0419278226,8.8048427556,1.695,1.000000,18.1765949701,1,0.1403893008
5.975078,2.4269121098,2.5034566458,0.5466315547,0.8471611922,-0.0813570570,-0.3005296375,0.1122550221,-0.3514158003,0.7564513714,0.1705309289,0.5036794290,0.9003622834,0.0000000000,0.0419278226,0.0007664415,0.0000000000,0.0033653918,1.0000000000,0.0419278226,8.8048427556,1.544,1.000000,18.1765949701,2,0.1403893008
5.983427,2.4314802710,2.5049906266,0.5475683176,0.8375177180,-0.0782680942,-0.2899494004,0.1116027880,-0.3353440181,1.9286138659,0.1714327382,0.5036794290,0.9003622834,0.0000000000,0.0419278226,0.0007394587,0.0000000000,0.0033698581,1.0000000000,0.0419278226,8.8048427556,1.393,1.000000,18.1765949701,2,0.1403893008
5.991766,2.4360490684,2.5095925690,0.5481279095,0.8243127961,-0.0782262252,-0.2761848866,0.1109509028,-0.3221391431,1.5845849993,0.1716843226,0.5036794290,0.9003622834,0.0000000000,0.0419278226,0.0007043550,0.0000000000,0.0033725235,1.0000000000,0.0419278226,8.8048427556,1.241,1.000000,18.1765949701,1,0.1403893008
6.000119,2.4406285789,2.5126605306,0.5483113174,0.8078774421,-0.0766213109,-0.2595661247,0.1103123919,-0.3029626244,2.3011822415,0.1725836957,0.5036794290,0.9003622834,0.0000000000,0.0419278226,0.0006619721,0.0000000000,0.0033733967,1.0000000000,0.0419278226,8.8048427556,1.090,1.000000,18.1765949701,1,0.1403893008
6.008433,2.4451865874,2.5126605306,0.5481189599,0.7862830297,-0.0719406297,-0.2381640698,0.1097128866,-0.2728558782,3.6128095463,0.1746987590,0.5036794290,0.9005320915,0.0203769630,0.0415948098,0.0006073904,0.0000000000,0.0033724809,1.0000000000,0.0419278226,8.7349100666,0.938,1.000000,18.1765949701,1,0.1446126931
6.016769,2.4497536500,2.5141945113,0.5475506873,0.7600090628,-0.0687582918,-0.2124583756,0.1091399009,-0.2413950530,3.7752990238,0.1819803390,0.5037615264,0.9006685345,0.0163731659,0.0380803731,0.0005418331,0.0000000000,0.0033697741,1.0000000000,0.0419278226,7.9968783604,0.787,1.000000,18.1765949701,1,0.1473564243
6.025098,2.4543106344,2.5141945113,0.5466078396,0.7317193543,-0.0640406003,-0.1851115147,0.1086062292,-0.2052050833,4.3427963692,0.1879685756,0.5038274493,0.9007692345,0.0120839960,0.0335064628,0.0004720904,0.0000000000,0.0033652786,1.0000000000,0.0419278226,7.0363571838,0.635,1.000000,18.1765949701,0,0.1486256030
6.033430,2.4588598631,2.5141945113,0.5452901984,0.6993723795,-0.0593076161,-0.1540821811,0.1081119991,-0.1652633782,4.7930046128,0.1922890964,0.5038760779,0.9008355318,0.0079556832,0.0280082453,0.0003929562,0.0000000000,0.0033589869,1.0000000000,0.0419278226,5.8817315137,0.484,1.000000,18.1765949701,0,0.1485365085
6.041781,2.4634064709,2.5141945113,0.5435948308,0.6611163617,-0.0545436850,-0.1175215308,0.1076574684,-0.1196897501,5.4688353604,0.1951024543,0.5039080817,0.9008706419,0.0042132048,0.0213886845,0.0002997155,0.0000000000,0.0033508758,1.0000000000,0.0419278226,4.4916237366,0.332,1.000000,18.1765949701,0,0.1472486172
6.050095,2.4679178232,2.5141945113,0.5415351203,0.6219582629,-0.0498098849,-0.0804231426,0.1072423860,-0.0735993265,5.5308508333,0.1961588761,0.5039250267,0.9008839655,0.0015988346,0.0144931134,0.0002051033,0.0000000000,0.0033409975,1.0000000000,0.0419278226,3.0435538134,0.181,1.000000,18.1765949701,0,0.1451407739
6.058419,2.4724156455,2.5126605306,0.5391029616,0.5797530505,-0.0435383241,-0.0406500888,0.1068795666,-0.0217287106,6.2244739085,0.1964489479,0.5039314564,0.9008851279,0.0001394923,0.0066680703,0.0001036700,0.0000000000,0.0033292991,1.0000000000,0.0419278226,1.4002947693,0.029,1.000000,18.1765949701,0,0.1425926744
6.066750,2.4768953614,2.5126605306,0.5362997075,0.5347839357,-0.0388031493,0.0015157718,0.1065562070,0.0295223587,6.1501283218,0.1954912853,0.5039320173,0.9008872669,0.0002566697,-0.0010693194,-0.0000038657,-0.0000000000,0.0033157702,1.0000000000,0.0419278226,-0.2245570714,0.124,1.000000,18.1765949701,0,0.1401305174
6.075117,2.4813699576,2.5126605306,0.5331141996,0.4895366826,-0.0340715142,0.0435775170,0.1062722777,0.0807011629,6.1414565047,0.1942985669,0.5039330495,0.9009031848,0.0019101590,-0.0087386596,-0.0001111359,-0.0000000000,0.0033003374,1.0000000000,0.0419278226,-1.8351185115,0.275,1.000000,18.1765949701,0,0.1382817525
6.083432,2.4857881018,2.5126605306,0.5295841112,0.4462660184,-0.0294075597,0.0833180928,0.1060272148,0.1294627083,5.8513854466,0.1935479026,0.5039407305,0.9009440455,0.0049032763,-0.0160155978,-0.0002124863,-0.0000000000,0.0032831618,1.0000000000,0.0419278226,-3.3632755387,0.427,1.000000,18.1765949701,0,0.1375146818
6.091771,2.4901881634,2.5126605306,0.5256808143,0.4047882307,-0.0247718727,0.1208925836,0.1058207825,0.1760401212,5.5892895525,0.1939977901,0.5039604449,0.9010197125,0.0090800379,-0.0230324963,-0.0003083127,-0.0000000000,0.0032640806,0.9815242180,0.0419278226,-4.8368242153,0.578,1.000000,18.1765949701,0,0.1382341091
6.100105,2.4945519876,2.5126605306,0.5214190017,0.3671655582,-0.0201943230,0.1542534436,0.1056524965,0.2183260565,5.0743122319,0.1962741700,0.5039969434,0.9011370009,0.0140746174,-0.0295338727,-0.0003933929,-0.0000000000,0.0032431391,0.7278271131,0.0419278226,-6.2021132628,0.730,1.000000,18.1765949701,1,0.1406832134
6.108436,2.4988767804,2.5111265498,0.5168019753,0.3308108148,-0.0141290268,0.1859911605,0.1055347546,0.2619933525,5.2400755205,0.2012929431,0.5040534947,0.9013087698,0.0206122628,-0.0365441645,-0.0004743337,-0.0000000000,0.0032203255,0.2281196743,0.0419278226,-7.6742745449,0.881,1.000000,18.1765949701,1,0.1453102435
6.116801,2.5031792730,2.5111265498,0.5118096882,0.2978350299,-0.0096392067,0.2139746583,0.1055347546,0.2988936331,4.4280336646,0.2089909951,0.5041362621,0.9013087698,0.0000000000,-0.0419278226,-0.0005457001,-0.0000000000,0.0031955097,0.0079155540,0.0419278226,-8.8048427556,1.033,1.000000,18.1765949701,0,0.1453102435
6.125097,2.5074035470,2.5111265498,0.5065095167,0.2679241492,-0.0052450160,0.2385853675,0.1055347546,0.3322312049,4.0005086170,0.2095784398,0.5041362621,0.9013087698,0.0000000000,-0.0419278226,-0.0006084649,-0.0000000000,0.0031689954,0.0000000000,0.0419278226,-8.8048427556,1.184,1.000000,18.1765949701,1,0.1453102435
6.133439,2.5116053395,2.5095925690,0.5008332248,0.2407933080,0.0006448811,0.2600399168,0.1055401286,0.3653883889,3.9788620875,0.2103892481,0.5041362621,0.9013087698,0.0000000000,-0.0419278226,-0.0006631805,-0.0000000000,0.0031404080,0.0000000000,0.0419278226,-8.8048427556,1.336,1.000000,18.1765949701,0,0.1453102435
6.141778,2.5157569232,2.5095925690,0.4948151154,0.2161841180,0.0049362638,0.2786309974,0.1055812641,0.3925427171,3.2585193854,0.2106953518,0.5041362621,0.9013087698,0.0000000000,-0.0419278226,-0.0007105933,-0.0000000000,0.0031098831,0.0000000000,0.0419278226,-8.8048427556,1.487,1.000000,18.1765949701,0,0.1453102435
6.150103,2.5198499568,2.5095925690,0.4884685534,0.1938622067,0.0091561028,0.2946063467,0.1056575650,0.4169739031,2.9317423215,0.2109101258,0.5041362621,0.9013087698,0.0000000000,-0.0419278226,-0.0007513353,-0.0000000000,0.0030774520,0.0017865770,0.0419278226,-8.8048427556,1.638,1.000000,18.1765949701,0,0.1453102435
6.158440,2.5238948562,2.5095925690,0.4817775068,0.1736149852,0.0133160219,0.3081625217,0.1057685318,0.4389010961,2.6312631576,0.2110570679,0.5041362621,0.9013087698,0.0000000000,-0.0419278226,-0.0007859077,-0.0000000000,0.0030429944,0.1710681149,0.0419278226,-8.8048427556,1.790,1.000000,18.1765949701,1,0.1453102435
6.166778,2.5278825891,2.5095925690,0.4747559503,0.1552496231,0.0174080840,0.3195063272,0.1059135992,0.4585147805,2.3536421199,0.2111544384,0.5041362621,0.9013087698,0.0000000000,-0.0419278226,-0.0008148378,-0.0000000000,0.0030065419,0.4961146444,0.0419278226,-8.8048427556,1.941,1.000000,18.1765949701,2,0.1453102435
6.175098,2.5318025507,2.5095925690,0.4674238610,0.1385912128,0.0214226780,0.3288326482,0.1060921215,0.4759901171,2.0970403937,0.2112164818,0.5041362621,0.9013087698,0.0000000000,-0.0419278226,-0.0008386227,-0.0000000000,0.0029681584,0.8176164922,0.0419278226,-8.8048427556,2.093,1.000000,18.1765949701,1,0.1453102435
6.183452,2.5356754042,2.5095925690,0.4597413067,0.1234811033,0.0253813685,0.3362602034,0.1063036329,0.4914881921,1.8597690024,0.2112549786,0.5041362621,0.9013087698,0.0000000000,-0.0419278226,-0.0008575652,-0.0000000000,0.0029275922,0.9939110945,0.0419278226,-8.8048427556,2.244,1.000000,18.1765949701,2,0.1453102435
6.191808,2.5394839838,2.5095925690,0.4517394680,0.1120042649,0.0292551452,0.3397352031,0.1065474258,0.5028969042,1.3690454491,0.2112894501,0.5041362621,0.9013087698,0.0000000000,-0.0419278226,-0.0008664275,-0.0000000000,0.0028849633,1.0000000000,0.0419278226,-8.8048427556,2.396,1.000000,18.1765949701,1,0.1453102435
6.200111,2.5432006015,2.5095925690,0.4434806626,0.1015941307,0.0330309004,0.3418865319,0.1068226833,0.5128183002,1.1905675191,0.2113173243,0.5041362621,0.9013087698,0.0000000000,-0.0419278226,-0.0008719141,-0.0000000000,0.0028405647,1.0000000000,0.0419278226,-8.8048427556,2.547,1.000000,18.1765949701,1,0.1453102435
6.208442,2.5468593999,2.5095925690,0.4348911773,0.0921515570,0.0367433398,0.3427396203,0.1071288778,0.5213462160,1.0233499051,0.2113425477,0.5041362621,0.9013087698,0.0000000000,-0.0419278226,-0.0008740897,-0.0000000000,0.0027939592,1.0000000000,0.0419278226,-8.8048427556,2.699,1.000000,18.1765949701,2,0.1453102435
6.216781,2.5504493756,2.5095925690,0.4259937282,0.0835866147,0.0403819710,0.3424071135,0.1074653942,0.5285718524,0.8670763611,0.2113668528,0.5041362621,0.9013087698,0.0000000000,-0.0419278226,-0.0008732417,-0.0000000000,0.0027452246,1.0000000000,0.0419278226,-8.8048427556,2.850,1.000000,18.1765949701,3,0.1453102435
6.225140,2.5539717600,2.5095925690,0.4167828378,0.0758177331,0.0439484885,0.3409651047,0.1078316316,0.5345740754,0.7202667626,0.2113915200,0.5041362621,0.9013087698,0.0000000000,-0.0419278226,-0.0008695642,-0.0000000000,0.0026942860,1.0000000000,0.0419278226,-8.8048427556,3.002,1.000000,18.1765949701,4,0.1453102435
6.233466,2.5574027345,2.5095925690,0.4073219924,0.0687709231,0.0474194943,0.3385510693,0.1082267941,0.5394431071,0.5842837979,0.2114164426,0.5041362621,0.9013087698,0.0000000000,-0.0419278226,-0.0008634076,-0.0000000000,0.0026414538,1.0000000000,0.0419278226,-8.8048427556,3.153,1.000000,18.1765949701,2,0.1453102435
6.245718,2.5623056093,2.5095925690,0.3928948751,0.0623790725,0.0523586796,0.3305158026,0.1086631164,0.5416472976,0.2645028679,0.2114883746,0.5041362621,0.9013087698,0.0000000000,-0.0419278226,-0.0008429153,-0.0000000000,0.0025599026,1.0000000000,0.0419278226,-8.8048427556,3.305,1.000000,18.1765949701,3,0.1453102435
6.254182,2.5655875862,2.5095925690,0.3825874723,0.0565813065,0.0556735922,0.3260061658,0.1091270630,0.5441785513,0.3037504437,0.2115135557,0.5041362621,0.9013087698,0.0000000000,-0.0419278226,-0.0008314144,-0.0000000000,0.0025009191,1.0000000000,0.0419278226,-8.8048427556,3.456,1.000000,18.1765949701,2,0.1453102435
6.261736,2.5684422938,2.5095925690,0.3731590456,0.0513224086,0.0585581744,0.3218366370,0.1096150478,0.5462189796,0.2448513953,0.2115280538,0.5041362621,0.9013087698,0.0000000000,-0.0419278226,-0.0008207808,-0.0000000000,0.0024464478,1.0000000000,0.0419278226,-8.8048427556,3.608,1.000000,18.1765949701,3,0.1453102435
6.268601,2.5709738499,2.5095925690,0.3644093819,0.0465522942,0.0611168284,0.3178570876,0.1101243547,0.5478231187,0.1924966898,0.2115347058,0.5041362621,0.9013087698,0.0000000000,-0.0419278226,-0.0008106317,-0.0000000000,0.0023954612,1.0000000000,0.0419278226,-8.8048427556,3.759,1.000000,18.1765949701,2,0.1453102435
6.275422,2.5734294606,2.5095925690,0.3555466978,0.0422255337,0.0635970185,0.3133211641,0.1106543298,0.5487354340,0.1094778346,0.2115402993,0.5041362621,0.9013087698,0.0000000000,-0.0419278226,-0.0007990638,-0.0000000000,0.0023433931,1.0000000000,0.0419278226,-8.8048427556,3.911,1.000000,18.1765949701,4,0.1453102435
6.283442,2.5762386454,2.5095925690,0.3449173857,0.0383009201,0.0664284980,0.3066164656,0.1112079007,0.5481999018,-0.0642638593,0.2115557761,0.5041362621,0.9013087698,0.0000000000,-0.0419278226,-0.0007819647,-0.0000000000,0.0022803929,1.0000000000,0.0419278226,-8.8048427556,4.062,1.000000,18.1765949701,4,0.1453102435
6.291755,2.5790592033,2.5095925690,0.3336700294,0.0347410760,0.0692692785,0.2989289534,0.1117851446,0.5467233706,-0.1771837450,0.2115694542,0.5041362621,0.9013087698,0.0000000000,-0.0419278226,-0.0007623593,-0.0000000000,0.0022130837,1.0000000000,0.0419278226,-8.8048427556,4.213,1.000000,18.1765949701,3,0.1453102435
6.300110,2.5817989901,2.5095925690,0.3221359684,0.0315120984,0.0720274084,0.2906238700,0.1123853730,0.5444877878,-0.2682699341,0.2115772817,0.5041362621,0.9013087698,0.0000000000,-0.0419278226,-0.0007411788,-0.0000000000,0.0021433828,1.0000000000,0.0419278226,-8.8048427556,4.365,1.000000,18.1765949701,3,0.1453102435
6.308439,2.5844333724,2.5111265498,0.3104170592,0.0285832352,0.0731444481,0.2818338240,0.1129949101,0.5385172160,-0.7164686228,0.2112525651,0.5041362621,0.9013087698,0.0000000000,-0.0419278226,-0.0007187615,-0.0000000000,0.0020718793,1.0000000000,0.0419278226,-8.8048427556,4.516,1.000000,18.1765949701,5,0.1453102435
6.316760,2.5869669038,2.5095925690,0.2984970317,0.0259265925,0.0772270520,0.2725704391,0.1136384689,0.5379964630,-0.0624903603,0.2115691788,0.5041362621,0.9013087698,0.0000000000,-0.0419278226,-0.0006951371,-0.0000000000,0.0019984568,1.0000000000,0.0419278226,-8.8048427556,4.668,1.000000,18.1765949701,6,0.1453102435
6.325103,2.5894066729,2.5111265498,0.2863408251,0.0235168690,0.0781465294,0.2628239561,0.1142896900,0.5307181980,-0.8733918016,0.2112242722,0.5041362621,0.9013087698,0.0000000000,-0.0419278226,-0.0006702806,-0.0000000000,0.0019228798,1.0000000000,0.0419278226,-8.8048427556,4.819,1.000000,18.1765949701,6,0.1453102435
6.333439,2.5917423252,2.5095925690,0.2739981182,0.0213311151,0.0820285792,0.2526670031,0.1149732614,0.5289450309,-0.2127800466,0.2115192586,0.5041362621,0.9013087698,0.0000000000,-0.0419278226,-0.0006443773,-0.0000000000,0.0018454415,1.0000000000,0.0419278226,-8.8048427556,4.971,1.000000,18.1765949701,4,0.1453102435
6.341777,2.5939748937,2.5095925690,0.2614640547,0.0193485141,0.0842724104,0.2421155406,0.1156755315,0.5235422899,-0.6483289162,0.2114744940,0.5041362621,0.9013087698,0.0000000000,-0.0419278226,-0.0006174679,-0.0000000000,0.0017661016,1.0000000000,0.0419278226,-8.8048427556,5.122,1.000000,18.1765949701,4,0.1453102435
6.350058,2.5960878015,2.5111265498,0.2488393835,0.0175501841,0.0848615533,0.2312891994,0.1163827111,0.5145833002,-1.0750787652,0.2110876109,0.5041362621,0.9013087698,0.0000000000,-0.0419278226,-0.0005898574,-0.0000000000,0.0016854988,1.0000000000,0.0419278226,-8.8048427556,5.274,1.000000,18.1765949701,5,0.1453102435
6.358475,2.5981276992,2.5095925690,0.2358339048,0.0159189983,0.0884446982,0.2199149065,0.1171197503,0.5110518897,-0.4237692599,0.2113403327,0.5041362621,0.9013087698,0.0000000000,-0.0419278226,-0.0005608495,-0.0000000000,0.0016017686,1.0000000000,0.0419278226,-8.8048427556,5.425,1.000000,18.1765949701,5,0.1453102435
6.366767,2.6000295000,2.5095925690,0.2228608637,0.0144394215,0.0903549041,0.2084214421,0.1178727078,0.5040945473,-0.8348810914,0.2112476834,0.5041362621,0.9013087698,0.0000000000,-0.0419278226,-0.0005315377,-0.0000000000,0.0015175726,1.0000000000,0.0419278226,-8.8048427556,5.577,1.000000,18.1765949701,5,0.1453102435
6.375100,2.6018317042,2.5095925690,0.2096712884,0.0130973627,0.0921647322,0.1965739257,0.1186407473,0.4965986741,-0.8995047873,0.2111362846,0.5041362621,0.9013087698,0.0000000000,-0.0419278226,-0.0005013230,-0.0000000000,0.0014313119,1.0000000000,0.0419278226,-8.8048427556,5.728,1.000000,18.1765949701,8,0.1453102435
6.383468,2.6035303299,2.5111265498,0.1962812349,0.0118800403,0.0923362925,0.1844011946,0.1194102164,0.4855253959,-1.3287933848,0.2106727904,0.5041362621,0.9013087698,0.0000000000,-0.0419278226,-0.0004702788,-0.0000000000,0.0013430937,1.0000000000,0.0419278226,-8.8048427556,5.880,1.000000,18.1765949701,4,0.1453102435
6.391752,2.6051010291,2.5095925690,0.1828914699,0.0107758608,0.0954472450,0.1721156091,0.1202056101,0.4802024593,-0.6387523862,0.2108541687,0.5041362621,0.9013087698,0.0000000000,-0.0419278226,-0.0004389469,-0.0000000000,0.0012542619,1.0000000000,0.0419278226,-8.8048427556,6.031,1.000000,18.1765949701,4,0.1453102435
6.400089,2.6065691821,2.5095925690,0.1692917217,0.0097743082,0.0969210876,0.1595174135,0.1210132858,0.4713277229,-1.0649683647,0.2106801051,0.5041362621,0.9013087698,0.0000000000,-0.0419278226,-0.0004068177,-0.0000000000,0.0011634447,1.0000000000,0.0419278226,-8.8048427556,6.183,1.000000,18.1765949701,4,0.1453102435
6.408418,2.6079222914,2.5095925690,0.1555882977,0.0088658441,0.0982793576,0.1467224536,0.1218322805,0.4620378562,-1.1147840071,0.2104831965,0.5041362621,0.9013087698,0.0000000000,-0.0419278226,-0.0003741866,-0.0000000000,0.0010713716,1.0000000000,0.0419278226,-8.8048427556,6.334,1.000000,18.1765949701,7,0.1453102435
6.416763,2.6091629405,2.5111265498,0.1417533196,0.0080418163,0.0979907071,0.1337115034,0.1226488697,0.4492588429,-1.5334815960,0.2099243402,0.5041362621,0.9013087698,0.0000000000,-0.0419278226,-0.0003410048,-0.0000000000,0.0009778830,1.0000000000,0.0419278226,-8.8048427556,6.486,1.000000,18.1765949701,7,0.1453102435
6.425106,2.6102876033,2.5111265498,0.1278226064,0.0072943770,0.0991196159,0.1205282294,0.1234748665,0.4391320551,-1.2152145321,0.2096776413,0.5041362621,0.9013087698,0.0000000000,-0.0419278226,-0.0003073834,-0.0000000000,0.0008832521,1.0000000000,0.0419278226,-8.8048427556,6.637,1.000000,18.1765949701,7,0.1453102435
6.433433,2.6112937530,2.5111265498,0.1138323486,0.0066164078,0.1001296170,0.1072159408,0.1243092800,0.4286484013,-1.2580384569,0.2094057121,0.5041362621,0.9013087698,0.0000000000,-0.0419278226,-0.0002734331,-0.0000000000,0.0007877626,1.0000000000,0.0419278226,-8.8048427556,6.789,1.000000,18.1765949701,6,0.1453102435
6.441755,2.6121825639,2.5095925690,0.0997729505,0.0060014518,0.1025559021,0.0937714987,0.1251639125,0.4208652710,-0.9339756452,0.2094504225,0.5041362621,0.9013087698,0.0000000000,-0.0419278226,-0.0002391457,-0.0000000000,0.0006913905,1.0000000000,0.0419278226,-8.8048427556,6.940,1.000000,18.1765949701,7,0.1453102435
6.450093,2.6129555223,2.5111265498,0.0856168847,0.0054436524,0.1017980485,0.0801732324,0.1260122295,0.4065983895,-1.7120257725,0.2087811692,0.5041362621,0.9013087698,0.0000000000,-0.0419278226,-0.0002044660,-0.0000000000,0.0005939892,1.0000000000,0.0419278226,-8.8048427556,7.091,1.000000,18.1765949701,6,0.1453102435
6.458418,2.6136092333,2.5111265498,0.0714250023,0.0049376971,0.1024546337,0.0664873052,0.1268660182,0.3950583180,-1.3848085829,0.2084284977,0.5041362621,0.9013087698,0.0000000000,-0.0419278226,-0.0001695627,-0.0000000000,0.0004960231,1.0000000000,0.0419278226,-8.8048427556,7.243,1.000000,18.1765949701,6,0.1453102435
6.466756,2.6141453790,2.5111265498,0.0571606009,0.0044787673,0.1029933864,0.0526818336,0.1277242964,0.3831691137,-1.4267045102,0.2080472579,0.5041362621,0.9013087698,0.0000000000,-0.0419278226,-0.0001343546,-0.0000000000,0.0003972875,1.0000000000,0.0419278226,-8.8048427556,7.394,1.000000,18.1765949701,6,0.1453102435
6.475084,2.6145619362,2.5111265498,0.0428758957,0.0040624924,0.1034123084,0.0388134033,0.1285860656,0.3709824092,-1.4624045397,0.2076380409,0.5041362621,0.9013087698,0.0000000000,-0.0419278226,-0.0000989859,-0.0000000000,0.0002981942,1.0000000000,0.0419278226,-8.8048427556,7.546,1.000000,18.1765949701,8,0.1453102435
6.483419,2.6148596151,2.5111265498,0.0285492949,0.0036849077,0.1037121322,0.0248643872,0.1294503334,0.3584810536,-1.5001626827,0.2071997453,0.5041362621,0.9013087698,0.0000000000,-0.0419278226,-0.0000634117,-0.0000000000,0.0001986464,1.0000000000,0.0419278226,-8.8048427556,7.697,1.000000,18.1765949701,8,0.1453102435
6.491756,2.6150378209,2.5111265498,0.0141999002,0.0033424173,0.1038922837,0.0108574829,0.1303161024,0.3456856207,-1.5354519377,0.2067323462,0.5041362621,0.9013087698,0.0000000000,-0.0419278226,-0.0000276899,-0.0000000000,0.0000988303,1.0000000000,0.0419278226,-8.8048427556,7.849,1.000000,18.1765949701,7,0.1453102435
6.500111,2.6150963482,2.5111265498,-0.0001906559,0.0030317594,0.1039525757,-0.0032224153,0.1311823739,0.3325796486,-1.5727166523,0.2062347524,0.5041362621,0.9013087698,0.0000000000,-0.0419278226,0.0000082181,0.0000000000,-0.0000013271,1.0000000000,0.0419278226,-8.8048427556,8.000,1.000000,18.1765949701,7,0.1453102435
6.508448,2.6150348995,2.5111265498,-0.0145498631,0.0027499753,0.1038927278,-0.0172998384,0.1320481466,0.3192370618,-1.6011104191,0.2057088778,0.5041362621,0.9013087698,0.0000000000,-0.0419278226,0.0000441198,0.0000000000,-0.0001012655,1.0000000000,0.0419278226,-8.8048427556,8.152,1.000000,18.1765949701,7,0.1453102435
6.516760,2.6148544865,2.5111265498,-0.0288566584,0.0024943814,0.1037137667,-0.0313510398,0.1329124280,0.3056826677,-1.6265272929,0.2051553493,0.5041362621,0.9013087698,0.0000000000,-0.0419278226,0.0000799546,0.0000000000,-0.0002007834,1.0000000000,0.0419278226,-8.8048427556,8.303,1.000000,18.1765949701,6,0.1453102435
6.525094,2.6145542807,2.5111265498,-0.0431814269,0.0022625434,0.1034148779,-0.0454439703,0.1337742186,0.2918459118,-1.6604107063,0.2045714141,0.5041362621,0.9013087698,0.0000000000,-0.0419278226,0.0001158959,0.0000000000,-0.0003003156,1.0000000000,0.0419278226,-8.8048427556,8.455,1.000000,18.1765949701,6,0.1453102435
6.533454,2.6141332964,2.5111265498,-0.0575215804,0.0020522533,0.1029950883,-0.0595738337,0.1346325111,0.2777286645,-1.6940696746,0.2039567193,0.5041362621,0.9013087698,0.0000000000,-0.0419278226,0.0001519313,0.0000000000,-0.0003997890,1.0000000000,0.0419278226,-8.8048427556,8.606,1.000000,18.1765949701,6,0.1453102435
6.541774,2.6135955273,2.5111265498,-0.0717519741,0.0018615085,0.1024584028,-0.0736134826,0.1354863311,0.2634650666,-1.7116317536,0.2033162381,0.5041362621,0.9014836442,0.0209849314,-0.0404648830,0.0001877367,0.0000000000,-0.0004982834,1.0000000000,0.0419278226,-8.4976254234,8.455,1.000000,18.1765949701,9,0.1497729485
6.550097,2.6129392139,2.5111265498,-0.0859403509,0.0016884923,0.1018030722,-0.0876288432,0.1363346900,0.2489847429,-1.7376388397,0.2090163234,0.5042204627,0.9016427691,0.0190949798,-0.0390420941,0.0002234801,0.0000000000,-0.0005962186,1.0000000000,0.0419278226,-8.1988397596,8.303,1.000000,18.1765949701,8,0.1533840390
6.558432,2.6121639201,2.5111265498,-0.1000889430,0.0015315569,0.1010286699,-0.1016204999,0.1371765956,0.2342852834,-1.7639351428,0.2134131881,0.5042970243,0.9017856710,0.0171482331,-0.0373458194,0.0002591630,0.0000000000,-0.0006935607,1.0000000000,0.0419278226,-7.8426220772,8.152,1.000000,18.1765949701,8,0.1561928266
6.566756,2.6112722581,2.5111265498,-0.1141500700,0.0013892078,0.1001378166,-0.1155392778,0.1380110774,0.2194201108,-1.7838207126,0.2165982220,0.5043657353,0.9019122921,0.0151945348,-0.0354218953,0.0002946601,0.0000000000,-0.0007899359,1.0000000000,0.0419278226,-7.4385980087,8.000,1.000000,18.1765949701,6,0.1582529048
6.575122,2.6102584030,2.5111265498,-0.1282046713,0.0012600891,0.0991246949,-0.1294647604,0.1388371165,0.2042970836,-1.8147632586,0.2186598026,0.5044265824,0.9020227776,0.0132582620,-0.0332914368,0.0003301743,0.0000000000,-0.0008858537,1.0000000000,0.0419278226,-6.9912017292,7.849,1.000000,18.1765949701,6,0.1596149426
6.583438,2.6091343734,2.5111265498,-0.1420882383,0.0011429713,0.0980013307,-0.1432312096,0.1396537943,0.1891049173,-1.8230599557,0.2196945597,0.5044796481,0.9021177504,0.0113967309,-0.0310181971,0.0003652829,0.0000000000,-0.0009801521,1.0000000000,0.0419278226,-6.5138213817,7.697,1.000000,18.1765949701,6,0.1603386047
6.591813,2.6078862354,2.5126605306,-0.1559705660,0.0010367389,0.0952198154,-0.1570073048,0.1404472927,0.1705871612,-2.2221307429,0.2193683010,0.5045252427,0.9021949547,0.0092645110,-0.0280740674,0.0004004161,0.0000000000,-0.0010739474,1.0000000000,0.0419278226,-5.8955541616,7.546,1.000000,18.1765949701,7,0.1603655939
6.600333,2.6064975493,2.5126605306,-0.1699834244,0.0009403801,0.0938316766,-0.1709238045,0.1412292234,0.1546848398,-1.9082785660,0.2184479787,0.5045622930,0.9022582522,0.0075957047,-0.0255083936,0.0004359074,0.0000000000,-0.0011680776,1.0000000000,0.0419278226,-5.3567626657,7.394,1.000000,18.1765949701,7,0.1598674172
6.608700,2.6050182657,2.5126605306,-0.1836246840,0.0008529774,0.0923528896,-0.1844776614,0.1419988308,0.1389529824,-1.8878228833,0.2167984900,0.5045926602,0.9023090640,0.0060974156,-0.0229307699,0.0004704738,0.0000000000,-0.0012591415,1.0000000000,0.0419278226,-4.8154616761,7.243,1.000000,18.1765949701,6,0.1589123375
6.616768,2.6034841209,2.5126605306,-0.1966594749,0.0007736981,0.0908191951,-0.1974331730,0.1427556574,0.1236978217,-1.8306192876,0.2145436868,0.5046170312,0.9023490438,0.0047975793,-0.0204134855,0.0005035143,0.0000000000,-0.0013455943,1.0000000000,0.0419278226,-4.2868319636,7.091,1.000000,18.1765949701,7,0.1575727580
6.625115,2.6017867840,2.5126605306,-0.2100119615,0.0007017875,0.0891222668,-0.2107137490,0.1434983430,0.1077794704,-1.9102021552,0.2117257020,0.5046362030,0.9023791231,0.0036095185,-0.0177963557,0.0005373838,0.0000000000,-0.0014335480,1.0000000000,0.0419278226,-3.7372347058,6.940,1.000000,18.1765949701,6,0.1558902177
6.633464,2.5999781235,2.5126605306,-0.2232233361,0.0006365605,0.0873139768,-0.2238598966,0.1442259594,0.0917595245,-1.9223935060,0.2084422531,0.5046506250,0.9024006949,0.0025886055,-0.0151855986,0.0005709105,0.0000000000,-0.0015199340,1.0000000000,0.0419278226,-3.1889757130,6.789,1.000000,18.1765949701,6,0.1539216217
6.641785,2.5980663667,2.5126605306,-0.2362379088,0.0005773960,0.0854025561,-0.2368153047,0.1449376474,0.0757097939,-1.9259676768,0.2047822392,0.5046609667,0.9024152054,0.0017412716,-0.0126072736,0.0006039507,0.0000000000,-0.0016043800,1.0000000000,0.0419278226,-2.6475274534,6.637,1.000000,18.1765949701,5,0.1517242751
6.650079,2.5960536149,2.5141945113,-0.2490501508,0.0005237304,0.0818561284,-0.2495738812,0.1456197818,0.0565806300,-2.2954996611,0.2004168619,0.5046679227,0.9024231933,0.0009585435,-0.0096000386,0.0006364889,0.0000000000,-0.0016868500,1.0000000000,0.0419278226,-2.0160081096,6.486,1.000000,18.1765949701,6,0.1493193431
6.658431,2.5939204688,2.5126605306,-0.2617789778,0.0004750528,0.0812572396,-0.2622540305,0.1462969255,0.0433787844,-1.5842214715,0.1966100649,0.5046717517,0.9024278288,0.0005562551,-0.0075707859,0.0006688271,0.0000000000,-0.0017681035,1.0000000000,0.0419278226,-1.5898650295,6.334,1.000000,18.1765949701,5,0.1468301549
6.666755,2.5916892553,2.5126605306,-0.2742869111,0.0004308994,0.0790262769,-0.2747178105,0.1469554778,0.0271336773,-1.9494128492,0.1923005559,0.5046739736,0.9024296160,0.0002144661,-0.0051356188,0.0007006135,0.0000000000,-0.0018472613,1.0000000000,0.0419278226,-1.0784799393,6.183,1.000000,18.1765949701,6,0.1442754868
6.675145,2.5893357396,2.5126605306,-0.2867044188,0.0003908499,0.0766729888,-0.2870952687,0.1475944194,0.0107126166,-1.9705272912,0.1879187038,0.5046748303,0.9024298904,0.0000329268,-0.0027441645,0.0007321798,0.0000000000,-0.0019251504,1.0000000000,0.0419278226,-0.5762745361,6.031,1.000000,18.1765949701,5,0.1417072800
6.683430,2.5869102376,2.5126605306,-0.2987711582,0.0003545227,0.0742476931,-0.2991256809,0.1482131501,-0.0055243339,-1.9484340597,0.1835561695,0.5046749618,0.9024299622,0.0000086231,-0.0004495274,0.0007628610,0.0000000000,-0.0020001530,1.0000000000,0.0419278226,-0.0944007457,5.880,1.000000,18.1765949701,4,0.1391769933
6.691767,2.5843695023,2.5126605306,-0.3107090177,0.0003215719,0.0717071450,-0.3110305896,0.1488107097,-0.0218855482,-1.9633457114,0.1792624198,0.5046749962,0.9024310729,0.0001332814,0.0017929864,0.0007932221,0.0000000000,-0.0020736689,1.0000000000,0.0419278226,0.3765271350,5.728,1.000000,18.1765949701,5,0.1367338957
6.700098,2.5817318390,2.5126605306,-0.3224263433,0.0002916837,0.0690696514,-0.3227180270,0.1493862901,-0.0382434973,-1.9629538990,0.1751087000,0.5046755286,0.9024344138,0.0004009018,0.0039683334,0.0008230286,0.0000000000,-0.0021451458,1.0000000000,0.0419278226,0.8333500218,5.577,1.000000,18.1765949701,7,0.1344257481
6.708432,2.5789968722,2.5126605306,-0.3339252171,0.0002645734,0.0663348387,-0.3341897905,0.1499390804,-0.0546015205,-1.9629627835,0.1711550696,0.5046771299,0.9024411256,0.0008054203,0.0060820975,0.0008522851,0.0000000000,-0.0022146181,1.0000000000,0.0419278226,1.2772404795,5.425,1.000000,18.1765949701,7,0.1322985908
6.716790,2.5761582971,2.5126605306,-0.3452290856,0.0002399829,0.0634964033,-0.3454690685,0.1504682171,-0.0709961766,-1.9673587251,0.1674561247,0.5046803470,0.9024523178,0.0013430607,0.0081460247,0.0008810506,0.0000000000,-0.0022822488,1.0000000000,0.0419278226,1.7106651891,5.274,1.000000,18.1765949701,4,0.1303972316
6.725098,2.5732444216,2.5126605306,-0.3562280348,0.0002176779,0.0605826545,-0.3564457127,0.1509730726,-0.0872617137,-1.9518644606,0.1640753356,0.5046857113,0.9024690112,0.0020032152,0.0101474029,0.0009090444,0.0000000000,-0.0023474109,1.0000000000,0.0419278226,2.1309546084,5.122,1.000000,18.1765949701,4,0.1287624956
6.733451,2.5702234884,2.5126605306,-0.3670425314,0.0001974460,0.0575618362,-0.3672399774,0.1514527545,-0.1035823335,-1.9584743662,0.1610496395,0.5046937118,0.9024922625,0.0027901505,0.0121204305,0.0009365730,0.0000000000,-0.0024108492,1.0000000000,0.0419278226,2.5452904081,4.971,1.000000,18.1765949701,5,0.1274359168
6.741758,2.5671306194,2.5126605306,-0.3775468942,0.0001790946,0.0544690715,-0.3777259888,0.1519066635,-0.1197629993,-1.9416798969,0.1584376629,0.5047048543,0.9025230331,0.0036924737,0.0140522676,0.0009633155,0.0000000000,-0.0024718590,1.0000000000,0.0419278226,2.9509761923,4.819,1.000000,18.1765949701,5,0.1264537365
6.750131,2.5639260346,2.5126605306,-0.3878742485,0.0001624488,0.0512645812,-0.3880366973,0.1523338683,-0.1360165805,-1.9504297524,0.1562669302,0.5047195984,0.9025623878,0.0047225684,0.0159824987,0.0009896110,0.0000000000,-0.0025312467,1.0000000000,0.0419278226,3.3563247370,4.668,1.000000,18.1765949701,6,0.1258546450
6.758409,2.5606739261,2.5126605306,-0.3978205556,0.0001473501,0.0480125585,-0.3979679057,0.1527339730,-0.1520117832,-1.9194243191,0.1545982087,0.5047384529,0.9026112215,0.0058600415,0.0178846849,0.0010149386,0.0000000000,-0.0025878786,1.0000000000,0.0419278226,3.7557838268,4.516,1.000000,18.1765949701,6,0.1256676416
6.766756,2.5573123365,2.5126605306,-0.4075777365,0.0001336548,0.0446510466,-0.4077113913,0.1531060650,-0.1680643303,-1.9263056573,0.1534423859,0.5047618441,0.9026706414,0.0071303915,0.0198122076,0.0010397874,0.0000000000,-0.0026428887,1.0000000000,0.0419278226,4.1605635995,4.365,1.000000,18.1765949701,4,0.1259275755
6.775120,2.5538635009,2.5126605306,-0.4170733342,0.0001212324,0.0412022816,-0.4171945665,0.1534494174,-0.1840581907,-1.9192632449,0.1528414924,0.5047902993,0.9027417393,0.0085317394,0.0217668641,0.0010639724,0.0000000000,-0.0026959001,1.0000000000,0.0419278226,4.5710414637,4.213,1.000000,18.1765949701,2,0.1266647273
6.783449,2.5503512691,2.5126605306,-0.4262433115,0.0001099646,0.0376901138,-0.4263532761,0.1537635017,-0.1998823629,-1.8989006675,0.1528309229,0.5048243371,0.9028255842,0.0100613905,0.0237518524,0.0010873298,0.0000000000,-0.0027465980,1.0000000000,0.0419278226,4.9878889950,4.062,1.000000,18.1765949701,4,0.1279039631
6.791754,2.5467744909,2.5126605306,-0.4350958755,0.0000997440,0.0341133937,-0.4351956195,0.1540477799,-0.2155477603,-1.8798476787,0.1534318773,0.5048644639,0.9029233192,0.0117281963,0.0257850494,0.0011098805,0.0000000000,-0.0027950749,1.0000000000,0.0419278226,5.4148603740,3.911,1.000000,18.1765949701,5,0.1296682493
6.800093,2.5431100398,2.5126605306,-0.4436873820,0.0000904734,0.0304489953,-0.4437778554,0.1543015216,-0.2311572897,-1.8731435352,0.1546572989,0.5049112196,0.9030362679,0.0135538461,0.0278954217,0.0011317678,0.0000000000,-0.0028416810,1.0000000000,0.0419278226,5.8580385657,3.759,1.000000,18.1765949701,3,0.1319824010
6.808422,2.5393799191,2.5126605306,-0.4519642000,0.0000820644,0.0267189224,-0.4520462644,0.1545241792,-0.2466140722,-1.8548138950,0.1565336021,0.5049652285,0.9031657776,0.0155411705,0.0300886797,0.0011528547,0.0000000000,-0.0028861658,1.0000000000,0.0419278226,6.3186227371,3.608,1.000000,18.1765949701,3,0.1348659437
6.816841,2.5355408506,2.5126605306,-0.4600157671,0.0000744370,0.0228798972,-0.4600902041,0.1547148451,-0.2620943100,-1.8576285375,0.1590639734,0.5050271233,0.9033135051,0.0177272988,0.0322929083,0.0011733692,0.0000000000,-0.0029290475,0.9062673741,0.0419278226,6.7815107363,3.456,1.000000,18.1765949701,5,0.1383440640
6.825094,2.5317125409,2.5126605306,-0.4675971476,0.0000675185,0.0190516268,-0.4676646661,0.1548736086,-0.2771151685,-1.8025030165,0.1622985181,0.5050976817,0.9034807205,0.0200658492,0.0343632908,0.0011926864,0.0000000000,-0.0029690693,0.6358306768,0.0419278226,7.2162910576,3.305,1.000000,18.1765949701,4,0.1424195476
6.833427,2.5277854516,2.5141945113,-0.4749321492,0.0000612431,0.0135905924,-0.4749933923,0.1549868636,-0.2951778340,-2.1675198625,0.1657936651,0.5051774925,0.9036729827,0.0230714598,0.0367076345,0.0012113769,0.0000000000,-0.0030074603,0.1897059557,0.0419278226,7.7086032385,3.153,1.000000,18.1765949701,3,0.1472467650
6.841755,2.5238006120,2.5126605306,-0.4819382744,0.0000555509,0.0111397659,-0.4819938253,0.1550796949,-0.3069540721,-1.4131485725,0.1709622841,0.5052691852,0.9038849499,0.0254360630,0.0388898191,0.0012292301,0.0000000000,-0.0030438256,0.0520626976,0.0419278226,8.1668620107,3.002,1.000000,18.1765949701,3,0.1525668523
6.850177,2.5197132942,2.5126605306,-0.4886872492,0.0000503878,0.0070524774,-0.4887376370,0.1551384656,-0.3217572880,-1.7763859040,0.1762471166,0.5053701852,0.9041224142,0.0284957153,0.0416784077,0.0012464288,0.0000000000,-0.0030785737,0.0000000000,0.0419278226,8.7524656108,2.850,1.000000,18.1765949701,1,0.1585335054
6.858431,2.5156536872,2.5126605306,-0.4949698196,0.0000457045,0.0029928970,-0.4950155242,0.1551384656,-0.3360975019,-1.7208256747,0.1822634740,0.5054832217,0.9041224142,0.0000000000,0.0419278226,0.0012624393,0.0000000000,-0.0031106705,0.0000000000,0.0419278226,8.8048427556,2.699,1.000000,18.1765949701,2,0.1585335054
6.866758,2.5115063872,2.5126605306,-0.5009716402,0.0000414566,-0.0011543788,-0.5010130967,0.1551288458,-0.3503410499,-1.7092257575,0.1812625770,0.5054832217,0.9041224142,0.0000000000,0.0419278226,0.0012777350,0.0000000000,-0.0031411074,0.0000000000,0.0419278226,8.8048427556,2.547,1.000000,18.1765949701,2,0.1585335054
6.875091,2.5073080714,2.5126605306,-0.5066337615,0.0000376034,-0.0053526728,-0.5066713649,0.1550842402,-0.3643811131,-1.6848075837,0.1802808366,0.5054832217,0.9041224142,0.0000000000,0.0419278226,0.0012921653,0.0000000000,-0.0031696189,0.0000000000,0.0419278226,8.8048427556,2.396,1.000000,18.1765949701,3,0.1585335054
6.883506,2.5030218377,2.5126605306,-0.5119995119,0.0000341084,-0.0096388866,-0.5120336203,0.1550039161,-0.3783349927,-1.6744655502,0.1793106705,0.5054832217,0.9041224142,0.0000000000,0.0419278226,0.0013058406,0.0000000000,-0.0031964561,0.0079101029,0.0419278226,8.8048427556,2.244,1.000000,18.1765949701,2,0.1585335054
6.891762,2.4987745328,2.5126605306,-0.5169157297,0.0000309382,-0.0138861735,-0.5169466679,0.1548881980,-0.3917972557,-1.6154715647,0.1783809047,0.5054832217,0.9041224142,0.0000000000,0.0419278226,0.0013183704,0.0000000000,-0.0032208892,0.2105033084,0.0419278226,8.8048427556,2.093,1.000000,18.1765949701,2,0.1585335054
6.900094,2.4944480259,2.5126605306,-0.5215251286,0.0000280627,-0.0182126641,-0.5215531914,0.1547364258,-0.4051458443,-1.6018306339,0.1774656745,0.5054832217,0.9041224142,0.0000000000,0.0419278226,0.0013301184,0.0000000000,-0.0032436619,0.5650984535,0.0419278226,8.8048427556,1.941,1.000000,18.1765949701,2,0.1585335054
6.908426,2.4900844917,2.5126605306,-0.5257772954,0.0000254544,-0.0225761834,-0.5258027498,0.1545482909,-0.4182468624,-1.5721221689,0.1765748204,0.5054832217,0.9041224142,0.0000000000,0.0419278226,0.0013409561,0.0000000000,-0.0032645533,0.8897041886,0.0419278226,8.8048427556,1.790,1.000000,18.1765949701,2,0.1585335054
6.916784,2.4856738426,2.5126605306,-0.5296802819,0.0000230886,-0.0269868191,-0.5297033705,0.1543234008,-0.4311287581,-1.5458274894,0.1757068686,0.5054832217,0.9041224142,0.0000000000,0.0419278226,0.0013509038,0.0000000000,-0.0032836308,1.0000000000,0.0419278226,8.8048427556,1.638,1.000000,18.1765949701,2,0.1585335054
6.925093,2.4812577025,2.5126605306,-0.5331988799,0.0000209427,-0.0314029470,-0.5332198226,0.1540617095,-0.4436736807,-1.5053907033,0.1748703018,0.5054832217,0.9041224142,0.0000000000,0.0419278226,0.0013598719,0.0000000000,-0.0033007485,1.0000000000,0.0419278226,8.8048427556,1.487,1.000000,18.1765949701,2,0.1585335054
6.933427,2.4768008024,2.5126605306,-0.5363628457,0.0000189962,-0.0358598360,-0.5363818418,0.1537628776,-0.4559817445,-1.4769676592,0.1740586742,0.5054832217,0.9041224142,0.0000000000,0.0419278226,0.0013679360,0.0000000000,-0.0033160755,1.0000000000,0.0419278226,8.8048427556,1.336,1.000000,18.1765949701,0,0.1585335054
6.941757,2.4723207725,2.5126605306,-0.5391582000,0.0000172306,-0.0403398559,-0.5391754306,0.1534267121,-0.4680041284,-1.4426860681,0.1732756837,0.5054832217,0.9041224142,0.0000000000,0.0419278226,0.0013750605,0.0000000000,-0.0033295652,1.0000000000,0.0419278226,8.8048427556,1.184,1.000000,18.1765949701,0,0.1585335054
6.950171,2.4677737696,2.5126605306,-0.5416067429,0.0000156291,-0.0448868497,-0.5416223720,0.1530526550,-0.4798502382,-1.4215331717,0.1725144697,0.5054832217,0.9041224142,0.0000000000,0.0419278226,0.0013813009,0.0000000000,-0.0033413414,1.0000000000,0.0419278226,8.8048427556,1.033,1.000000,18.1765949701,0,0.1585335054
6.958431,2.4632914086,2.5126605306,-0.5436424298,0.0000141765,-0.0493692025,-0.5436566062,0.1526412450,-0.4911920954,-1.3610228625,0.1717969802,0.5054832217,0.9041224142,0.0000000000,0.0419278226,0.0013864888,0.0000000000,-0.0033511038,1.0000000000,0.0419278226,8.8048427556,0.881,1.000000,18.1765949701,0,0.1585335054
6.966762,2.4587551984,2.5126605306,-0.5453247590,0.0000128588,-0.0539054052,-0.5453376178,0.1521920333,-0.5023249503,-1.3359425910,0.1711040057,0.5054832217,0.9041224142,0.0000000000,0.0419278226,0.0013907759,0.0000000000,-0.0033591521,1.0000000000,0.0419278226,8.8048427556,0.730,1.000000,18.1765949701,1,0.1585335054
6.975094,2.4542058395,2.5126605306,-0.5466337521,0.0000116637,-0.0584547573,-0.5466454158,0.1517049103,-0.5131480887,-1.2987766054,0.1704424549,0.5054832217,0.9041224142,0.0000000000,0.0419278226,0.0013941112,0.0000000000,-0.0033654022,1.0000000000,0.0419278226,8.8048427556,0.578,1.000000,18.1765949701,1,0.1585335054
6.983538,2.4495857141,2.5126605306,-0.5475782516,0.0000105796,-0.0630748765,-0.5475888312,0.1511792863,-0.5237853519,-1.2764715924,0.1698048725,0.5054832217,0.9041224142,0.0000000000,0.0419278226,0.0013965172,0.0000000000,-0.0033699054,1.0000000000,0.0419278226,8.8048427556,0.427,1.000000,18.1765949701,1,0.1585335054
6.991749,2.4450868734,2.5126605306,-0.5481271711,0.0000095963,-0.0675737116,-0.5481367674,0.1506161721,-0.5338232329,-1.2045457115,0.1692172280,0.5054832217,0.9041224142,0.0000000000,0.0419278226,0.0013979146,0.0000000000,-0.0033725200,1.0000000000,0.0419278226,8.8048427556,0.275,1.000000,18.1765949701,0,0.1585335054
7.000093,2.4405122700,2.5126605306,-0.5483113321,0.0000087044,-0.0721483100,-0.5483200364,0.1500149362,-0.5436845022,-1.1833523248,0.1686533713,0.5054832217,0.9041224142,0.0000000000,0.0419278226,0.0013983820,0.0000000000,-0.0033733967,1.0000000000,0.0419278226,8.8048427556,0.124,1.000000,18.1765949701,0,0.1585335054
7.008433,2.4359401585,2.5126605306,-0.5481189498,0.0000078954,-0.0767204169,-0.5481268452,0.1493755994,-0.5532019328,-1.1420916713,0.1681238832,0.5054832217,0.9041224142,0.0000000000,0.0419278226,0.0013978893,0.0000000000,-0.0033724808,1.0000000000,0.0419278226,8.8048427556,-0.028,1.000000,18.1765949701,0,0.1585335054
7.016773,2.4313706923,2.5126605306,-0.5475502690,0.0000071615,-0.0812898789,-0.5475574305,0.1486981837,-0.5623754347,-1.1008202224,0.1676289023,0.5054832217,0.9041224142,0.0000000000,0.0419278226,0.0013964371,0.0000000000,-0.0033697721,1.0000000000,0.0419278226,8.8048427556,-0.179,1.000000,18.1765949701,0,0.1585335054
7.025230,2.4267437581,2.5126605306,-0.5465898021,0.0000064959,-0.0859168094,-0.5465962980,0.1479822103,-0.5713093711,-1.0720723658,0.1671628033,0.5054832217,0.9041224142,0.0000000000,0.0419278226,0.0013939859,0.0000000000,-0.0033651926,1.0000000000,0.0419278226,8.8048427556,-0.331,1.000000,18.1765949701,0,0.1585335054
7.033436,2.4222639749,2.5126605306,-0.5452891952,0.0000058922,-0.0903965892,-0.5452950874,0.1472289054,-0.5796477986,-1.0006112988,0.1667453527,0.5054832217,0.9041224142,0.0000000000,0.0419278226,0.0013906674,0.0000000000,-0.0033589821,1.0000000000,0.0419278226,8.8048427556,-0.482,1.000000,18.1765949701,0,0.1585335054
7.041757,2.4177332114,2.5111265498,-0.5436001444,0.0000053445,-0.0933933687,-0.5436054889,0.1464506273,-0.5846772245,-0.6035311174,0.1668348335,0.5054832217,0.9041224142,0.0000000000,0.0419278226,0.0013863585,0.0000000000,-0.0033509012,1.0000000000,0.0419278226,8.8048427556,-0.634,1.000000,18.1765949701,0,0.1585335054
7.050091,2.4132111900,2.5111265498,-0.5415361902,0.0000048478,-0.0979153873,-0.5415410380,0.1456346657,-0.5923980806,-0.9265027335,0.1664835327,0.5054832217,0.9041224142,0.0000000000,0.0419278226,0.0013810935,0.0000000000,-0.0033410026,1.0000000000,0.0419278226,8.8048427556,-0.785,1.000000,18.1765949701,0,0.1585335054
7.058477,2.4086799746,2.5111265498,-0.5390847313,0.0000043972,-0.1024466001,-0.5390891285,0.1447809441,-0.5997869712,-0.8866668645,0.1661668457,0.5054832217,0.9041224142,0.0000000000,0.0419278226,0.0013748404,0.0000000000,-0.0033292113,1.0000000000,0.0419278226,8.8048427556,-0.937,1.000000,18.1765949701,0,0.1585335054
7.066765,2.4042233818,2.5095925690,-0.5362942751,0.0000039885,-0.1053692098,-0.5362982636,0.1439028673,-0.6036662358,-0.4655117604,0.1663713508,0.5054832217,0.9041224142,0.0000000000,0.0419278226,0.0013677228,0.0000000000,-0.0033157440,1.0000000000,0.0419278226,8.8048427556,-1.088,1.000000,18.1765949701,0,0.1585335054
7.075111,2.3997603550,2.5095925690,-0.5331168024,-0.0022252580,-0.1098195728,-0.5308915444,0.1429877042,-0.6080003333,-0.5200916952,0.1663694802,0.5054832217,0.9041224142,0.0000000000,0.0419278226,0.0013539341,0.0000000000,-0.0033003501,1.0000000000,0.0419278226,8.8048427556,-1.239,1.000000,18.1765949701,0,0.1585335054
7.083424,2.3953428844,2.5080585882,-0.5295875827,-0.0042473092,-0.1126915759,-0.5253402735,0.1420486078,-0.6090788555,-0.1294226675,0.1668672809,0.5054832217,0.9041224142,0.0000000000,0.0419278226,0.0013397766,0.0000000000,-0.0032831788,1.0000000000,0.0419278226,8.8048427556,-1.391,1.000000,18.1765949701,0,0.1585335054
7.091757,2.3909461221,2.5080585882,-0.5256877255,-0.0083102985,-0.1170652573,-0.5173774270,0.1410730639,-0.6107640743,-0.2022262556,0.1671362149,0.5054832217,0.9041224142,0.0000000000,0.0419278226,0.0013194690,0.0000000000,-0.0032641144,1.0000000000,0.0419278226,8.8048427556,-1.542,1.000000,18.1765949701,0,0.1585335054
7.100186,2.3865327818,2.5065246074,-0.5213759630,-0.0142245327,-0.1199110194,-0.5071514303,0.1400738054,-0.6071750790,0.4306794375,0.1681249783,0.5054832217,0.9041224142,0.0000000000,0.0419278226,0.0012933896,0.0000000000,-0.0032429270,1.0000000000,0.0419278226,8.8048427556,-1.694,1.000000,18.1765949701,-1,0.1585335054
7.108426,2.3822552454,2.5049906266,-0.5168077200,-0.0195890739,-0.1226241004,-0.4972186461,0.1390519379,-0.6036380851,0.4244392709,0.1690964720,0.5054832217,0.9041224142,0.0000000000,0.0419278226,0.0012680580,0.0000000000,-0.0032203540,1.0000000000,0.0419278226,8.8048427556,-1.845,1.000000,18.1765949701,-2,0.1585335054
7.116760,2.3779685983,2.5034566458,-0.5118350451,-0.0266838884,-0.1253364628,-0.4851511567,0.1380074674,-0.5979872465,0.6781006343,0.1702885543,0.5054832217,0.9041224142,0.0000000000,0.0419278226,0.0012372822,0.0000000000,-0.0031956361,1.0000000000,0.0419278226,8.8048427556,-1.997,1.000000,18.1765949701,-1,0.1585335054
7.125092,2.3737258248,2.5003886843,-0.5065127788,-0.0353481577,-0.1264620550,-0.4711646211,0.1369536170,-0.5872752853,1.2854353423,0.1721797474,0.5054832217,0.9041224142,0.0000000000,0.0419278226,0.0012016123,0.0000000000,-0.0031690118,1.0000000000,0.0419278226,8.8048427556,-2.148,1.000000,18.1765949701,-1,0.1585335054
7.133425,2.3695285769,2.4973207227,-0.5008430930,-0.0454360102,-0.1275340347,-0.4554070829,0.1358908333,-0.5746946554,1.5096755856,0.1742611166,0.5054832217,0.9041224142,0.0000000000,0.0419278226,0.0011614258,0.0000000000,-0.0031404578,1.0000000000,0.0419278226,8.8048427556,-2.300,1.000000,18.1765949701,-2,0.1585335054
7.141788,2.3653648126,2.4927187803,-0.4948074192,-0.0568151322,-0.1270312145,-0.4379922870,0.1348322399,-0.5573250836,2.0843486119,0.1770197251,0.5054832217,0.9041224142,0.0000000000,0.0419278226,0.0011170128,0.0000000000,-0.0031098439,1.0000000000,0.0419278226,8.8048427556,-2.451,1.000000,18.1765949701,-1,0.1585335054
7.150097,2.3612797961,2.4896508187,-0.4884731765,-0.0715943837,-0.1279643120,-0.4168787928,0.1337658706,-0.5391162135,2.1850644219,0.1796634330,0.5054832217,0.9041224142,0.0000000000,0.0419278226,0.0010631670,0.0000000000,-0.0030774757,1.0000000000,0.0419278226,8.8048427556,-2.603,1.000000,18.1765949701,-2,0.1585335054
7.158429,2.3572375513,2.4835148956,-0.4817869647,-0.0894577427,-0.1257691561,-0.3923292220,0.1327177943,-0.5112405177,3.3450834916,0.1836725346,0.5054832217,0.9041224142,0.0000000000,0.0419278226,0.0010005582,0.0000000000,-0.0030430433,1.0000000000,0.0419278226,8.8048427556,-2.754,1.000000,18.1765949701,-3,0.1585335054
7.166754,2.3532555233,2.4789129532,-0.4747763617,-0.1101185597,-0.1250318726,-0.3646578020,0.1316758620,-0.4831322489,3.3729922537,0.1874766417,0.5054832217,0.9041224142,0.0000000000,0.0419278226,0.0009299877,0.0000000000,-0.0030066483,1.0000000000,0.0419278226,8.8048427556,-2.906,1.000000,18.1765949701,-3,0.1585335054
7.175185,2.3492837324,2.4727770301,-0.4673456519,-0.1355457032,-0.1227232948,-0.3317999487,0.1306531679,-0.4466979866,4.3721114788,0.1922799355,0.5054832217,0.9041224142,0.0000000000,0.0419278226,0.0008461902,0.0000000000,-0.0029677472,1.0000000000,0.0419278226,8.8048427556,-3.057,1.000000,18.1765949701,-1,0.1585335054
7.183427,2.3454631355,2.4666411069,-0.4597651383,-0.1630672957,-0.1202516249,-0.2966978426,0.1296510711,-0.4076752607,4.6827271043,0.1972638309,0.5054832217,0.9041224142,0.0000000000,0.0419278226,0.0007566693,0.0000000000,-0.0029277186,1.0000000000,0.0419278226,8.8048427556,-3.209,1.000000,18.1765949701,-1,0.1585335054
7.191761,2.3416643339,2.4589712030,-0.4517858200,-0.1947175463,-0.1162007251,-0.2570682737,0.1286827317,-0.3609554348,5.6063791074,0.2031186687,0.5054832217,0.9041224142,0.0000000000,0.0419278226,0.0006556019,0.0000000000,-0.0028852114,1.0000000000,0.0419278226,8.8048427556,-3.360,1.000000,18.1765949701,-4,0.1585335054
7.200093,2.3379343224,2.4528352798,-0.4434990648,-0.2278838448,-0.1136064035,-0.2156152201,0.1277360116,-0.3152835709,5.4806236664,0.2084952820,0.5054832217,0.9041224142,0.0000000000,0.0419278226,0.0005498840,0.0000000000,-0.0028406641,1.0000000000,0.0419278226,8.8048427556,-3.512,1.000000,18.1765949701,-3,0.1585335054
7.208452,2.3342629657,2.4451653759,-0.4348803179,-0.2646541593,-0.1093989730,-0.1702261586,0.1268243535,-0.2624374919,6.3415294824,0.2145826207,0.5054832217,0.9043023935,0.0215975129,0.0392393928,0.0004341282,0.0000000000,-0.0027939000,1.0000000000,0.0419278226,8.2402724783,-3.663,1.000000,18.1765949701,-4,0.1624743786
7.216761,2.3306862641,2.4374954720,-0.4260160610,-0.3024646421,-0.1050909782,-0.1235514190,0.1259485954,-0.2080706152,6.5240252081,0.2260720004,0.5055688153,0.9044196723,0.0140734659,0.0317653747,0.0003150935,0.0000000000,-0.0027453475,1.0000000000,0.0419278226,6.6707286832,-3.815,1.000000,18.1765949701,-4,0.1639474971
7.225094,2.3271740489,2.4282915872,-0.4168336999,-0.3412186156,-0.0991791566,-0.0756150843,0.1251221024,-0.1492083654,7.0634699732,0.2346761786,0.5056245533,0.9044815780,0.0074286782,0.0226719425,0.0001928413,0.0000000000,-0.0026945686,1.0000000000,0.0419278226,4.7611079222,-3.966,1.000000,18.1765949701,-5,0.1633324940
7.233426,2.3237403738,2.4190877025,-0.4073679668,-0.3830572638,-0.0931712717,-0.0243107030,0.1243456751,-0.0867379198,7.4964534715,0.2402207267,0.5056539629,0.9045028456,0.0025521159,0.0122982962,0.0000619996,0.0000000000,-0.0026417118,1.0000000000,0.0419278226,2.5826422064,-3.815,1.000000,18.1765949701,-4,0.1612168280
7.241758,2.3203867015,2.4098838178,-0.3976230691,-0.4254650086,-0.0870801509,0.0278419395,0.1236200072,-0.0232038556,7.6240877038,0.2430958546,0.5056640646,0.9045043806,0.0001841909,0.0013561675,-0.0000710054,-0.0000000000,-0.0025867596,1.0000000000,0.0419278226,0.2847951702,-3.663,1.000000,18.1765949701,-2,0.1583939120
7.250096,2.3171127695,2.4006799330,-0.3875976209,-0.4683889559,-0.0809063575,0.0807913350,0.1229457876,0.0413418799,7.7454882633,0.2443063174,0.5056647937,0.9045092702,0.0005867623,-0.0099125703,-0.0002060423,-0.0000000000,-0.0025296637,1.0000000000,0.0419278226,-2.0816397667,-3.512,1.000000,18.1765949701,-3,0.1557540261
7.258426,2.3139267681,2.3914760483,-0.3773168780,-0.5117811277,-0.0746419735,0.1344642497,0.1223237711,0.1068425224,7.8600771003,0.2451406735,0.5056671160,0.9045420075,0.0039284775,-0.0214062563,-0.0003429245,-0.0000000000,-0.0024705296,1.0000000000,0.0419278226,-4.4953138205,-3.360,1.000000,18.1765949701,-3,0.1542753894
7.266755,2.3108278115,2.3822721636,-0.3667788953,-0.5533691294,-0.0683007939,0.1865902341,0.1217545979,0.1710008569,7.6990001361,0.2471121543,0.5056826634,0.9046263473,0.0101207669,-0.0328142404,-0.0004758615,-0.0000000000,-0.0024093102,1.0000000000,0.0419278226,-6.8909904742,-3.209,1.000000,18.1765949701,-3,0.1549216783
7.275175,2.3077852668,2.3730682789,-0.3558704918,-0.5955495239,-0.0618998371,0.2396790321,0.1217545979,0.2368019551,7.8961317810,0.2519762549,0.5057227070,0.9046263473,0.0000000000,-0.0419278226,-0.0006112540,-0.0000000000,-0.0023453028,1.0000000000,0.0419278226,-8.8048427556,-3.057,1.000000,18.1765949701,-3,0.1549216783
7.283426,2.3048940475,2.3638643941,-0.3449400019,-0.6360383759,-0.0553571641,0.2910983739,0.1217545979,0.3012150455,7.7295708519,0.2551086763,0.5057227070,0.9046263473,0.0000000000,-0.0419278226,-0.0007423889,-0.0000000000,-0.0022805275,1.0000000000,0.0419278226,-8.8048427556,-2.906,1.000000,18.1765949701,-2,0.1549216783
7.291754,2.3020680902,2.3546605094,-0.3336717763,-0.6749929043,-0.0487579453,0.3413211279,0.1217545979,0.3645438480,7.5994563050,0.2576476033,0.5057227070,0.9046263473,0.0000000000,-0.0419278226,-0.0008704721,-0.0000000000,-0.0022130942,1.0000000000,0.0419278226,-8.8048427556,-2.754,1.000000,18.1765949701,-3,0.1549216783
7.300087,2.2993352268,2.3439226439,-0.3221677703,-0.7125557154,-0.0405395578,0.3903879450,0.1217545979,0.4299323827,7.8466241616,0.2600231315,0.5057227070,0.9046263473,0.0000000000,-0.0419278226,-0.0009956074,-0.0000000000,-0.0021435759,1.0000000000,0.0419278226,-8.8048427556,-2.603,1.000000,18.1765949701,-1,0.1549216783
7.308427,2.2966972142,2.3347187592,-0.3104340727,-0.7488561611,-0.0337674715,0.4384220884,0.1217545979,0.4914158894,7.3780208016,0.2614073937,0.5057227070,0.9046263473,0.0000000000,-0.0419278226,-0.0011181090,-0.0000000000,-0.0020719836,1.0000000000,0.0419278226,-8.8048427556,-2.451,1.000000,18.1765949701,-2,0.1549216783
7.316758,2.2941604110,2.3255148744,-0.2984991991,-0.7817826950,-0.0269133421,0.4832834959,0.1217545979,0.5498895979,7.0168450204,0.2623252598,0.5057227070,0.9046263473,0.0000000000,-0.0419278226,-0.0012325191,-0.0000000000,-0.0019984702,1.0000000000,0.0419278226,-8.8048427556,-2.300,1.000000,18.1765949701,-2,0.1549216783
7.325089,2.2917240547,2.3163109897,-0.2863606302,-0.8116489023,-0.0199761509,0.5252882721,0.1217545979,0.6056716358,6.6938445466,0.2628463403,0.5057227070,0.9046263473,0.0000000000,-0.0419278226,-0.0013396440,-0.0000000000,-0.0019230035,0.7107831577,0.0419278226,-8.8048427556,-2.148,1.000000,18.1765949701,-3,0.1549216783
7.333428,2.2893876373,2.3071071050,-0.2740149741,-0.8387392222,-0.0129547899,0.5647242482,0.1217545979,0.6590520348,6.4056478829,0.2630282268,0.5057227070,0.9046263473,0.0000000000,-0.0419278226,-0.0014402177,-0.0000000000,-0.0018455477,0.1476275479,0.0419278226,-8.8048427556,-1.997,1.000000,18.1765949701,-1,0.1549216783
7.341758,2.2871571305,2.2979032203,-0.2614939170,-0.8633116571,-0.0058418219,0.6018177400,0.1217545979,0.7102718812,6.1463815699,0.2629201147,0.5057227070,0.9046263473,0.0000000000,-0.0419278226,-0.0015348173,-0.0000000000,-0.0017662914,0.0000000000,0.0419278226,-8.8048427556,-1.845,1.000000,18.1765949701,-2,0.1549216783
7.350178,2.2850090595,2.2886993355,-0.2486542045,-0.8856002294,0.0013406079,0.6369460250,0.1217657696,0.7596754875,5.9284327560,0.2625505651,0.5057227070,0.9046263473,0.0000000000,-0.0419278226,-0.0016244051,-0.0000000000,-0.0016843115,0.0000000000,0.0419278226,-8.8048427556,-1.694,1.000000,18.1765949701,-1,0.1549216783
7.358431,2.2830094588,2.2810294316,-0.2359017515,-0.9058172108,0.0071257590,0.6699154593,0.1218251509,0.8041927849,5.3420756820,0.2616887098,0.5057227070,0.9046263473,0.0000000000,-0.0419278226,-0.0017084871,-0.0000000000,-0.0016022072,0.0000000000,0.0419278226,-8.8048427556,-1.542,1.000000,18.1765949701,-2,0.1549216783
7.366762,2.2810983080,2.2733595276,-0.2228675085,-0.9241551432,0.0129886856,0.7012876347,0.1219333900,0.8473154615,5.1747211995,0.2606532711,0.5057227070,0.9046263473,0.0000000000,-0.0419278226,-0.0017884956,-0.0000000000,-0.0015176159,0.1497723795,0.0419278226,-8.8048427556,-1.391,1.000000,18.1765949701,-1,0.1549216783
7.375097,2.2792957766,2.2656896237,-0.2096759471,-0.9385597975,0.0189378875,0.7288838504,0.1220912057,0.8868824062,4.7480333618,0.2596676294,0.5057227070,0.9046263473,0.0000000000,-0.0419278226,-0.0018588743,-0.0000000000,-0.0014313425,0.6263606418,0.0419278226,-8.8048427556,-1.239,1.000000,18.1765949701,-1,0.1549216783
7.383545,2.2775812866,2.2580197198,-0.1961562195,-0.9471678728,0.0249422019,0.7510116533,0.1222990574,0.9211397295,4.1108787981,0.2589568267,0.5057227070,0.9046263473,0.0000000000,-0.0419278226,-0.0019153069,-0.0000000000,-0.0013422671,0.9856256128,0.0419278226,-8.8048427556,-1.088,1.000000,18.1765949701,-1,0.1549216783
7.391756,2.2760251472,2.2518837966,-0.1828853363,-0.9527470026,0.0295536793,0.7698616663,0.1225453380,0.9493909814,3.3901502303,0.2581578856,0.5057227070,0.9046263473,0.0000000000,-0.0419278226,-0.0019633802,-0.0000000000,-0.0012542210,1.0000000000,0.0419278226,-8.8048427556,-0.937,1.000000,18.1765949701,-1,0.1549216783
7.400093,2.2745569985,2.2472818543,-0.1692850779,-0.9533498337,0.0326908975,0.7840647558,0.1228177622,0.9700932098,2.4842674024,0.2574851263,0.5057227070,0.9046263473,0.0000000000,-0.0419278226,-0.0019996023,-0.0000000000,-0.0011634002,1.0000000000,0.0419278226,-8.8048427556,-0.785,1.000000,18.1765949701,-1,0.1549216783
7.408430,2.2732028385,2.2426799119,-0.1555698540,-0.9494388836,0.0359164627,0.7938690297,0.1231170660,0.9865985844,1.9806449567,0.2571908103,0.5057227070,0.9046263473,0.0000000000,-0.0419278226,-0.0020246062,-0.0000000000,-0.0010712473,1.0000000000,0.0419278226,-8.8048427556,-0.634,1.000000,18.1765949701,-1,0.1549216783
7.416760,2.2719642732,2.2380779695,-0.1417573882,-0.9414336817,0.0392343641,0.7996762935,0.1234440191,0.9993175922,1.5262809319,0.2572624041,0.5057227070,0.9046263473,0.0000000000,-0.0419278226,-0.0020394165,-0.0000000000,-0.0009779106,1.0000000000,0.0419278226,-8.8048427556,-0.482,1.000000,18.1765949701,-1,0.1549216783
7.425089,2.2708414868,2.2334760272,-0.1278517347,-0.9297147644,0.0426469477,0.8018630296,0.1237994103,1.0086321525,1.1177472315,0.2576801020,0.5057227070,0.9046263473,0.0000000000,-0.0419278226,-0.0020449933,-0.0000000000,-0.0008834505,1.0000000000,0.0419278226,-8.8048427556,-0.331,1.000000,18.1765949701,-1,0.1549216783
7.433426,2.2698338920,2.2304080656,-0.1138438642,-0.9123984238,0.0446089445,0.7985545596,0.1241711515,1.0095867632,0.1145532888,0.2584539209,0.5057227070,0.9046263473,0.0000000000,-0.0419278226,-0.0020365557,-0.0000000000,-0.0007878414,1.0000000000,0.0419278226,-8.8048427556,-0.179,1.000000,18.1765949701,0,0.1549216783
7.441759,2.2689438968,2.2304080656,-0.0997660516,-0.8900049073,0.0435917371,0.7902388556,0.1245344160,0.9996090818,-1.1973217660,0.2593338843,0.5057227070,0.9046263473,0.0000000000,-0.0419278226,-0.0020153482,-0.0000000000,-0.0006913431,1.0000000000,0.0419278226,-8.8048427556,-0.028,1.000000,18.1765949701,0,0.1549216783
7.450088,2.2681717618,2.2288740848,-0.0856251724,-0.8630061084,0.0442002091,0.7773809359,0.1249027511,0.9883227840,-1.3543557414,0.2608699222,0.5057227070,0.9046263473,0.0000000000,-0.0419278226,-0.0019825566,-0.0000000000,-0.0005940463,1.0000000000,0.0419278226,-8.8048427556,0.124,1.000000,18.1765949701,0,0.1549216783
7.458507,2.2675112401,2.2304080656,-0.0712719534,-0.8296011850,0.0418159412,0.7583292316,0.1252512172,0.9648795284,-2.8131906647,0.2625680512,0.5057227070,0.9046263473,0.0000000000,-0.0419278226,-0.0019339690,-0.0000000000,-0.0004949651,1.0000000000,0.0419278226,-8.8048427556,0.275,1.000000,18.1765949701,0,0.1549216783
7.466790,2.2669795636,2.2304080656,-0.0571028919,-0.7903855487,0.0410614900,0.7332826567,0.1255933963,0.9386720187,-3.1449011731,0.2649886578,0.5057227070,0.9046263473,0.0000000000,-0.0419278226,-0.0018700926,-0.0000000000,-0.0003968875,1.0000000000,0.0419278226,-8.8048427556,0.427,1.000000,18.1765949701,0,0.1549216783
7.475091,2.2665646355,2.2304080656,-0.0428640669,-0.7458992707,0.0403938460,0.7030352037,0.1259300117,0.9074305440,-3.7489769631,0.2677774380,0.5057227070,0.9046263473,0.0000000000,-0.0419278226,-0.0017929525,-0.0000000000,-0.0002981121,1.0000000000,0.0419278226,-8.8048427556,0.578,1.000000,18.1765949701,0,0.1549216783
7.483421,2.2662671981,2.2304080656,-0.0285460471,-0.6988611018,0.0398291959,0.6703150547,0.1262619217,0.8739162794,-4.0217117498,0.2706235622,0.5057227070,0.9046263473,0.0000000000,-0.0419278226,-0.0017095062,-0.0000000000,-0.0001986238,1.0000000000,0.0419278226,-8.8048427556,0.730,1.000000,18.1765949701,0,0.1549216783
7.491836,2.2660879156,2.2319420464,-0.0140621403,-0.6472793495,0.0378229090,0.6332172092,0.1265771126,0.8331447418,-4.8925845121,0.2733673658,0.5057227070,0.9046263473,0.0000000000,-0.0419278226,-0.0016148955,-0.0000000000,-0.0000978716,1.0000000000,0.0419278226,-8.8048427556,0.881,1.000000,18.1765949701,0,0.1549216783
7.500093,2.2660305157,2.2319420464,0.0001596169,-0.5938051887,0.0374617352,0.5939648055,0.1268892937,0.7934828727,-4.7594242902,0.2762806124,0.5057227070,0.9046263473,0.0000000000,-0.0419278226,-0.0015147899,-0.0000000000,0.0000011110,1.0000000000,0.0419278226,-8.8048427556,1.033,1.000000,18.1765949701,0,0.1549216783
7.508430,2.2660917180,2.2334760272,0.0145203021,-0.5408433833,0.0356880933,0.5553636855,0.1271866945,0.7516525517,-5.0196385262,0.2785776147,0.5057227070,0.9046263473,0.0000000000,-0.0419278226,-0.0014163454,-0.0000000000,0.0001010598,1.0000000000,0.0419278226,-8.8048427556,1.184,1.000000,18.1765949701,0,0.1549216783
7.516755,2.2662722282,2.2334760272,0.0288475775,-0.4905751888,0.0355830419,0.5194227664,0.1274832198,0.7157953889,-4.3028595251,0.2807314902,0.5057227070,0.9046263473,0.0000000000,-0.0419278226,-0.0013246852,-0.0000000000,0.0002007203,1.0000000000,0.0419278226,-8.8048427556,1.336,1.000000,18.1765949701,0,0.1549216783
7.525170,2.2665758715,2.2350100079,0.0433118709,-0.4427502500,0.0340810223,0.4860621210,0.1277672283,0.6797317789,-4.3276332018,0.2821859357,0.5057227070,0.9046263473,0.0000000000,-0.0419278226,-0.0012396055,-0.0000000000,0.0003012213,1.0000000000,0.0419278226,-8.8048427556,1.487,1.000000,18.1765949701,0,0.1549216783
7.533427,2.2669920149,2.2365439887,0.0574752315,-0.3971414807,0.0327040923,0.4546167122,0.1280397624,0.6458205193,-4.0693511565,0.2833201278,0.5057227070,0.9046263473,0.0000000000,-0.0419278226,-0.0011594102,-0.0000000000,0.0003994678,1.0000000000,0.0419278226,-8.8048427556,1.638,1.000000,18.1765949701,0,0.1549216783
7.541764,2.2675306355,2.2380779695,0.0717352124,-0.3557717768,0.0314737207,0.4275069892,0.1283020434,0.6165259002,-3.5153542887,0.2840725772,0.5057227070,0.9046263473,0.0000000000,-0.0419278226,-0.0010902722,-0.0000000000,0.0004981675,1.0000000000,0.0419278226,-8.8048427556,1.790,1.000000,18.1765949701,2,0.1549216783
7.550098,2.2681877470,2.2396119503,0.0859422087,-0.3160182665,0.0303710212,0.4019604752,0.1285551353,0.5890389858,-3.2984297255,0.2846124964,0.5057227070,0.9046263473,0.0000000000,-0.0419278226,-0.0010251208,-0.0000000000,0.0005962314,1.0000000000,0.0419278226,-8.8048427556,1.941,1.000000,18.1765949701,1,0.1549216783
7.558452,2.2689649694,2.2411459311,0.1001231591,-0.2777307341,0.0293967605,0.3778538932,0.1288001083,0.5632390775,-3.0959890018,0.2849687381,0.5057227070,0.9046263473,0.0000000000,-0.0419278226,-0.0009636417,-0.0000000000,0.0006937957,1.0000000000,0.0419278226,-8.8048427556,2.093,1.000000,18.1765949701,1,0.1549216783
7.566763,2.2698554925,2.2442138927,0.1141631106,-0.2407729256,0.0270093735,0.3549360362,0.1290251864,0.5358018079,-3.2924723459,0.2847950358,0.5057227070,0.9046263473,0.0000000000,-0.0419278226,-0.0009051943,-0.0000000000,0.0007900251,1.0000000000,0.0419278226,-8.8048427556,2.244,1.000000,18.1765949701,2,0.1549216783
7.575091,2.2708645000,2.2472818543,0.1281528751,-0.2050212512,0.0247473227,0.3331741263,0.1292314141,0.5097508157,-3.1261190630,0.2844697672,0.5057227070,0.9046263473,0.0000000000,-0.0419278226,-0.0008496948,-0.0000000000,0.0008855010,0.9808932959,0.0419278226,-8.8048427556,2.396,1.000000,18.1765949701,1,0.1549216783
7.583420,2.2719898757,2.2503498158,0.1420575805,-0.1703636077,0.0226078549,0.3124211882,0.1294198129,0.4849346652,-2.9779380712,0.2840138464,0.5057227070,0.9046263473,0.0000000000,-0.0419278226,-0.0007967685,-0.0000000000,0.0009799444,0.8914823097,0.0419278226,-8.8048427556,2.547,1.000000,18.1765949701,1,0.1549216783
7.591961,2.2732637188,2.2564857390,0.1562148042,-0.1344694356,0.0175418687,0.2906842398,0.1295659951,0.4532808109,-3.7984625078,0.2826591424,0.5057227070,0.9046263473,0.0000000000,-0.0419278226,-0.0007413328,-0.0000000000,0.0010755928,0.5076122972,0.0419278226,-8.8048427556,2.699,1.000000,18.1765949701,1,0.1549216783
7.600446,2.2746484385,2.2610876813,0.1701675326,-0.0974536631,0.0141143682,0.2676211957,0.1296836149,0.4235267298,-3.5704897374,0.2815789671,0.5057227070,0.9046263473,0.0000000000,-0.0419278226,-0.0006825150,-0.0000000000,0.0011693105,0.2270434834,0.0419278226,-8.8048427556,2.850,1.000000,18.1765949701,2,0.1549216783
7.608426,2.2760583557,2.2672236045,0.1831799440,-0.0594205361,0.0091723052,0.2426004801,0.1297600507,0.3887664464,-4.1712340059,0.2799358762,0.5057227070,0.9046263473,0.0000000000,-0.0419278226,-0.0006187046,-0.0000000000,0.0012561819,0.0019227157,0.0419278226,-8.8048427556,3.002,1.000000,18.1765949701,3,0.1549216783
7.616767,2.2776426697,2.2733595276,0.1966588494,-0.0182357361,0.0043867349,0.2148945855,0.1297966069,0.3515924554,-4.4608789138,0.2780988449,0.5057227070,0.9046263473,0.0000000000,-0.0419278226,-0.0005480462,-0.0000000000,0.0013455902,0.0000000000,0.0419278226,-8.8048427556,3.153,1.000000,18.1765949701,2,0.1549216783
7.625095,2.2793358947,2.2810294316,0.2099802244,0.0258078077,-0.0018401449,0.1841724168,0.1297966069,0.3085037033,-5.1706502537,0.2755696170,0.5057227070,0.9046263473,0.0000000000,-0.0419278226,-0.0004696954,-0.0000000000,0.0014333397,0.0000000000,0.0419278226,-8.8048427556,3.305,1.000000,18.1765949701,2,0.1549216783
7.633424,2.2811399272,2.2886993355,0.2231611851,0.0724443918,-0.0079709477,0.1507167933,0.1297966069,0.2628723056,-5.4757677256,0.2727216634,0.5057227070,0.9046263473,0.0000000000,-0.0419278226,-0.0003843734,-0.0000000000,0.0015195291,0.0000000000,0.0419278226,-8.8048427556,3.456,1.000000,18.1765949701,2,0.1549216783
7.641743,2.2830506365,2.2963692395,0.2361729912,0.1214330086,-0.0140084350,0.1147399826,0.1296798699,0.2147899367,-5.7698842651,0.2695208662,0.5057227070,0.9047680273,0.0170016058,-0.0384904810,-0.0002926217,-0.0000000000,0.0016039604,0.2193147236,0.0419278226,-8.0830010157,3.608,1.000000,18.1765949701,3,0.1579859178
7.650086,2.2850749816,2.3055731242,0.2490608072,0.1725550504,-0.0214783868,0.0765057567,0.1295008833,0.1615438972,-6.3895247498,0.2707876770,0.5057899412,0.9048484451,0.0096501385,-0.0286876919,-0.0001951128,-0.0000000000,0.0016869183,0.8213997578,0.0419278226,-6.0244153078,3.759,1.000000,18.1765949701,4,0.1584123175
7.658417,2.2872029175,2.3147770089,0.2617588515,0.2256122282,-0.0288557408,0.0361466234,0.1292604188,0.1062962290,-6.6297201825,0.2668977939,0.5058280846,0.9048828971,0.0041342383,-0.0179976620,-0.0000921848,-0.0000000000,0.0017679756,1.0000000000,0.0419278226,-3.7795090239,3.679,1.000000,18.1765949701,4,0.1569638939
7.666849,2.2894634773,2.3224469129,0.2744275181,0.2781958065,-0.0345637996,-0.0037682884,0.1289723872,0.0547610989,-6.1842156047,0.2600245244,0.5058444215,0.9048918691,0.0010766348,-0.0080874360,0.0000096103,0.0000000000,0.0018481472,1.0000000000,0.0419278226,-1.6983615587,3.527,1.000000,18.1765949701,2,0.1545189971
7.675095,2.2917769425,2.3301168168,0.2866317598,0.3303498037,-0.0402165128,-0.0437180440,0.1286372496,0.0032545929,-6.1807807297,0.2512895927,0.5058486755,0.9048919000,0.0000037104,0.0014594982,0.0001114942,0.0000000000,0.0019246967,1.0000000000,0.0419278226,0.3064946185,3.376,1.000000,18.1765949701,4,0.1517580672
7.683422,2.2942144218,2.3408546823,0.2987604856,0.3821141469,-0.0488109599,-0.0833536613,0.1282304916,-0.0538506797,-6.8526327040,0.2409218634,0.5058486902,0.9049001145,0.0009857380,0.0114722361,0.0002125771,0.0000000000,0.0020000869,1.0000000000,0.0419278226,2.4091695784,3.224,1.000000,18.1765949701,2,0.1493797755
7.691759,2.2967549133,2.3500585670,0.3106978192,0.4335250520,-0.0557664063,-0.1228272327,0.1277657715,-0.1075960044,-6.4494389672,0.2316077308,0.5058525849,0.9049320096,0.0038274127,0.0203810709,0.0003132466,0.0000000000,0.0020736003,1.0000000000,0.0419278226,4.2800248851,3.073,1.000000,18.1765949701,2,0.1480138021
7.700091,2.2993926634,2.3607964326,0.3224161250,0.4846153690,-0.0641567536,-0.1621992440,0.1272311319,-0.1641584262,-6.7874906212,0.2232772486,0.5058677059,0.9050043823,0.0086847237,0.0293214321,0.0004136571,0.0000000000,0.0021450838,1.0000000000,0.0419278226,6.1575007409,2.921,1.000000,18.1765949701,3,0.1483219446
7.708424,2.3021274160,2.3715342981,0.3339146652,0.5354148947,-0.0724484466,-0.2015002296,0.1266273949,-0.2205220284,-6.7636322603,0.2173284988,0.5059020089,0.9051325743,0.0153830438,0.0380188511,0.0005138865,0.0000000000,0.0022145547,1.0000000000,0.0419278226,7.9839587350,2.770,1.000000,18.1765949701,2,0.1508488908
7.716759,2.3049578046,2.3807381828,0.3451873501,0.5837217807,-0.0790963626,-0.2385344306,0.1259682585,-0.2714089314,-6.1064283544,0.2150837288,0.5059627417,0.9051325743,0.0000000000,0.0419278226,0.0006083350,0.0000000000,0.0022820003,1.0000000000,0.0419278226,8.8048427556,2.618,1.000000,18.1765949701,3,0.1508488908
7.725093,2.3078807171,2.3914760483,0.3562216811,0.6319965789,-0.0871855533,-0.2757748978,0.1252417122,-0.3254309415,-6.4826412132,0.2084230221,0.5059627417,0.9051325743,0.0000000000,0.0419278226,0.0007033094,0.0000000000,0.0023473734,1.0000000000,0.0419278226,8.8048427556,2.467,1.000000,18.1765949701,2,0.1508488908
7.733426,2.3108941956,2.4022139138,0.3670105123,0.6780133957,-0.0951713508,-0.3110028834,0.1244486176,-0.3773007512,-6.2243771612,0.2018435221,0.5059627417,0.9051325743,0.0000000000,0.0419278226,0.0007931514,0.0000000000,0.0024106623,1.0000000000,0.0419278226,8.8048427556,2.315,1.000000,18.1765949701,2,0.1508488908
7.741849,2.3140304344,2.4114177986,0.3776599736,0.7219820974,-0.1014887725,-0.3443221238,0.1236028779,-0.4240003318,-5.6039496830,0.1958950322,0.5059627417,0.9051325743,0.0000000000,0.0419278226,0.0008781256,0.0000000000,0.0024725125,1.0000000000,0.0419278226,8.8048427556,2.164,1.000000,18.1765949701,2,0.1508488908
7.750096,2.3171870994,2.4206216833,0.3878311355,0.7640930440,-0.1077752145,-0.3762619085,0.1227047511,-0.4693105873,-5.4372306602,0.1900275018,0.5059627417,0.9051325743,0.0000000000,0.0419278226,0.0009595817,0.0000000000,0.0025310000,1.0000000000,0.0419278226,8.8048427556,2.013,1.000000,18.1765949701,2,0.1508488908
7.758427,2.3204603155,2.4298255680,0.3978425295,0.8022900271,-0.1139228710,-0.4044474976,0.1217553938,-0.5106415351,-4.9597137336,0.1845210347,0.5059627417,0.9051325743,0.0000000000,0.0419278226,0.0010314635,0.0000000000,0.0025880031,1.0000000000,0.0419278226,8.8048427556,1.861,1.000000,18.1765949701,1,0.1508488908
7.766754,2.3238138887,2.4390294527,0.4075759217,0.8369368265,-0.1199700028,-0.4293609048,0.1207556438,-0.5485503486,-4.5490576173,0.1793513979,0.5059627417,0.9051325743,0.0000000000,0.0419278226,0.0010950002,0.0000000000,0.0026428785,1.0000000000,0.0419278226,8.8048427556,1.710,1.000000,18.1765949701,2,0.1508488908
7.775091,2.3272513720,2.4482333375,0.4170411734,0.8683634107,-0.1259149311,-0.4513222374,0.1197063527,-0.5833529611,-4.1763135035,0.1745054909,0.5059627417,0.9051325743,0.0000000000,0.0419278226,0.0011510082,0.0000000000,0.0026957214,1.0000000000,0.0419278226,8.8048427556,1.558,1.000000,18.1765949701,1,0.1508488908
7.783427,2.3307663547,2.4574372222,0.4262198124,0.8968690798,-0.1317657671,-0.4706492674,0.1186083046,-0.6153824806,-3.8435423369,0.1699621214,0.5059627417,0.9051325743,0.0000000000,0.0419278226,0.0012002980,0.0000000000,0.0027464687,1.0000000000,0.0419278226,8.8048427556,1.407,1.000000,18.1765949701,2,0.1508488908
7.791759,2.3343546561,2.4651071261,0.4351013683,0.9204964397,-0.1359815910,-0.4853950714,0.1174751247,-0.6396182819,-2.9082961525,0.1664206372,0.5059627417,0.9051325743,0.0000000000,0.0419278226,0.0012379043,0.0000000000,0.0027951049,1.0000000000,0.0419278226,8.8048427556,1.255,1.000000,18.1765949701,1,0.1508488908
7.800108,2.3380232768,2.4727770301,0.4437020934,0.9396989004,-0.1400919589,-0.4959968070,0.1163076917,-0.6595343542,-2.3899286832,0.1633442599,0.5059627417,0.9051325743,0.0000000000,0.0419278226,0.0012649419,0.0000000000,0.0028417604,1.0000000000,0.0419278226,8.8048427556,1.104,1.000000,18.1765949701,1,0.1508488908
7.808433,2.3417520615,2.4804469340,0.4519752340,0.9526588544,-0.1441067005,-0.5006836203,0.1151068026,-0.6733785800,-1.6613070865,0.1609153021,0.5059627417,0.9051325743,0.0000000000,0.0419278226,0.0012768947,0.0000000000,0.0028862248,1.0000000000,0.0419278226,8.8048427556,0.952,1.000000,18.1765949701,1,0.1508488908
7.816755,2.3455465519,2.4865828572,0.4599353252,0.9621853815,-0.1465022512,-0.5022500563,0.1138859505,-0.6809063996,-0.9033383575,0.1593150125,0.5059627417,0.9051325743,0.0000000000,0.0419278226,0.0012808896,0.0000000000,0.0029286210,1.0000000000,0.0419278226,8.8048427556,0.801,1.000000,18.1765949701,1,0.1508488908
7.825089,2.3494117455,2.4927187803,0.4675921826,0.9663687226,-0.1487967453,-0.4987765400,0.1126459776,-0.6832124226,-0.2767227651,0.1582549774,0.5059627417,0.9051325743,0.0000000000,0.0419278226,0.0012720311,0.0000000000,0.0029690432,1.0000000000,0.0419278226,8.8048427556,0.649,1.000000,18.1765949701,1,0.1508488908
7.833424,2.3533399992,2.4988547035,0.4749295821,0.9657054954,-0.1510006471,-0.4907759133,0.1113876389,-0.6808295286,0.2859472828,0.1576713397,0.5059627417,0.9051325743,0.0000000000,0.0419278226,0.0012516271,0.0000000000,0.0030074469,1.0000000000,0.0419278226,8.8048427556,0.498,1.000000,18.1765949701,1,0.1508488908
7.841773,2.3573346351,2.5034566458,0.4819525582,0.9606461597,-0.1515792127,-0.4786936014,0.1101244787,-0.6711417858,1.1625291441,0.1579832479,0.5059627417,0.9051325743,0.0000000000,0.0419278226,0.0012208135,0.0000000000,0.0030438994,1.0000000000,0.0419278226,8.8048427556,0.346,1.000000,18.1765949701,2,0.1508488908
7.850153,2.3614018983,2.5049906266,0.4886685855,0.9493704319,-0.1489818756,-0.4607018464,0.1088829631,-0.6492159144,2.6311045664,0.1598416981,0.5059627417,0.9051325743,0.0000000000,0.0419278226,0.0011749291,0.0000000000,0.0030784780,1.0000000000,0.0419278226,8.8048427556,0.195,1.000000,18.1765949701,-1,0.1508488908
7.858430,2.3654730423,2.5065246074,0.4949696136,0.9324560890,-0.1463486260,-0.4374864754,0.1076633912,-0.6219734674,3.2690936336,0.1622001665,0.5059627417,0.9051325743,0.0000000000,0.0419278226,0.0011157229,0.0000000000,0.0031106695,1.0000000000,0.0419278226,8.8048427556,0.043,1.000000,18.1765949701,0,0.1508488908
7.866763,2.3696227337,2.5065246074,0.5009747902,0.9104272069,-0.1420737938,-0.4094524167,0.1064794430,-0.5866170228,4.2427733494,0.1654879292,0.5059627417,0.9051325743,0.0000000000,0.0419278226,0.0010442275,0.0000000000,0.0031411233,1.0000000000,0.0419278226,8.8048427556,-0.108,1.000000,18.1765949701,0,0.1508488908
7.875086,2.3738159524,2.5065246074,0.5066300645,0.8793014002,-0.1377037568,-0.3726713357,0.1053319116,-0.5422885705,5.3194142869,0.1695693242,0.5059627417,0.9051325743,0.0000000000,0.0419278226,0.0009504247,0.0000000000,0.0031696004,1.0000000000,0.0419278226,8.8048427556,-0.260,1.000000,18.1765949701,0,0.1508488908
7.883592,2.3781490825,2.5049906266,0.5120525298,0.8421530501,-0.1316256149,-0.3301005202,0.1042350315,-0.4887281429,6.4272513064,0.1745985653,0.5059627417,0.9051325743,0.0000000000,0.0419278226,0.0008418562,0.0000000000,0.0031967204,1.0000000000,0.0419278226,8.8048427556,-0.411,1.000000,18.1765949701,0,0.1508488908
7.891764,2.3823534828,2.5049906266,0.5169170062,0.7995419163,-0.1271791509,-0.2826249101,0.1031752053,-0.4334668958,6.6313496464,0.1794169009,0.5059627417,0.9051325743,0.0000000000,0.0419278226,0.0007207790,0.0000000000,0.0032208955,1.0000000000,0.0419278226,8.8048427556,-0.562,1.000000,18.1765949701,0,0.1508488908
7.900090,2.3866764750,2.5049906266,0.5215227157,0.7519757323,-0.1225859466,-0.2304530165,0.1021536557,-0.3731801964,7.2344039311,0.1844435907,0.5059627417,0.9051325743,0.0000000000,0.0419278226,0.0005877249,0.0000000000,0.0032436500,1.0000000000,0.0419278226,8.8048427556,-0.714,1.000000,18.1765949701,0,0.1508488908
7.908422,2.3910400966,2.5049906266,0.5257751771,0.6999150407,-0.1179265806,-0.1741398636,0.1011709342,-0.3085825542,7.7517170682,0.1895291821,0.5059627417,0.9051325743,0.0000000000,0.0419278226,0.0004441093,0.0000000000,0.0032645430,1.0000000000,0.0419278226,8.8048427556,-0.865,1.000000,18.1765949701,0,0.1508488908
7.916755,2.3954377031,2.5034566458,0.5296674012,0.6437775794,-0.1116760898,-0.1141101782,0.1002403001,-0.2370570449,8.5830611156,0.1950270127,0.5059627417,0.9052702673,0.0165231545,0.0388407809,0.0002910155,0.0000000000,0.0032835680,1.0000000000,0.0419278226,8.1565639924,-1.017,1.000000,18.1765949701,0,0.1534319211
7.925112,2.3998791663,2.5034566458,0.5332064129,0.5861711358,-0.1069073781,-0.0529647229,0.0993494053,-0.1673193940,8.3685181026,0.2030915215,0.5060279369,0.9053407447,0.0084572877,0.0290134330,0.0001350761,0.0000000000,0.0033007851,1.0000000000,0.0419278226,6.0928209318,-1.168,1.000000,18.1765949701,0,0.1533819724
7.933411,2.4043178304,2.5019226650,0.5363573544,0.5316899948,-0.1006252388,0.0046673597,0.0985108616,-0.0980378281,8.3137879181,0.2075288755,0.5060612911,0.9053652961,0.0029461765,0.0185120088,-0.0000119032,-0.0000000000,0.0033160489,1.0000000000,0.0419278226,3.8875218458,-1.320,1.000000,18.1765949701,0,0.1515851090
7.941760,2.4088076619,2.5003886843,0.5391591111,0.4800436779,-0.0943080361,0.0591154332,0.0977249613,-0.0318187261,7.9462922317,0.2089123312,0.5060729079,0.9053678940,0.0003117401,0.0081369950,-0.0001507622,-0.0000000000,0.0033295696,1.0000000000,0.0419278226,1.7087689458,-1.471,1.000000,18.1765949701,0,0.1489767668
7.950094,2.4133112640,2.4988547035,0.5415859835,0.4287398291,-0.0879790083,0.1128461544,0.0969918029,0.0337585142,7.8692688370,0.2085782945,0.5060741370,0.9053708150,0.0003505277,-0.0022013133,-0.0002877918,-0.0000000000,0.0033412418,1.0000000000,0.0419278226,-0.4622757913,-1.320,1.000000,18.1765949701,0,0.1464296037
7.958521,2.4178842355,2.4988547035,0.5436625340,0.3822043698,-0.0831416800,0.1614581642,0.0962989556,0.0912942767,6.9042915041,0.2071528312,0.5060755191,0.9053920790,0.0025516752,-0.0112053785,-0.0004117672,-0.0000000000,0.0033512000,1.0000000000,0.0419278226,-2.3531294922,-1.168,1.000000,18.1765949701,0,0.1446688751
7.966759,2.4223700528,2.4973207227,0.5453242270,0.3377652305,-0.0768694337,0.2075589965,0.0956583770,0.1492201482,6.9511045815,0.2067761291,0.5060855791,0.9054488174,0.0068086109,-0.0202618409,-0.0005293382,-0.0000000000,0.0033591496,1.0000000000,0.0419278226,-4.2549865844,-1.017,1.000000,18.1765949701,0,0.1443958550
7.975096,2.4269222017,2.4957867419,0.5466340413,0.2952275706,-0.0705416577,0.2514064707,0.0950705299,0.2050549394,6.7001749453,0.2081527105,0.5061124174,0.9055564425,0.0129150123,-0.0291523287,-0.0006411626,-0.0000000000,0.0033654036,1.0000000000,0.0419278226,-6.1219890170,-0.865,1.000000,18.1765949701,0,0.1462211262
7.983432,2.4314832618,2.4957867419,0.5475688072,0.2566435346,-0.0657614108,0.2909252725,0.0945225181,0.2535269450,5.8166406683,0.2118910966,0.5061633072,0.9057229659,0.0199828087,-0.0372675094,-0.0007419475,-0.0000000000,0.0033698604,1.0000000000,0.0419278226,-7.8261769774,-0.714,1.000000,18.1765949701,0,0.1503810625
7.991757,2.4360441347,2.4942527611,0.5481275082,0.2216456567,-0.0594677426,0.3264818515,0.0945225181,0.3015827493,5.7666965088,0.2193197775,0.5062419984,0.9057229659,0.0000000000,-0.0419278226,-0.0008326275,-0.0000000000,0.0033725216,1.0000000000,0.0419278226,-8.8048427556,-0.562,1.000000,18.1765949701,0,0.1503810625
8.000081,2.4406078138,2.4927187803,0.5483113379,0.1899006246,-0.0531897467,0.3584107133,0.0945225181,0.3459797109,5.3276353917,0.2201097540,0.5062419984,0.9057229659,0.0000000000,-0.0419278226,-0.0009140557,-0.0000000000,0.0033733968,1.0000000000,0.0419278226,-8.8048427556,-0.411,1.000000,18.1765949701,0,0.1503810625
8.008431,2.4451856830,2.4911847995,0.5481190352,0.1611061055,-0.0469143219,0.3870129297,0.0945225181,0.3870449209,4.9278252004,0.2206876442,0.5062419984,0.9057229659,0.0000000000,-0.0419278226,-0.0009870001,-0.0000000000,0.0033724812,1.0000000000,0.0419278226,-8.8048427556,-0.260,1.000000,18.1765949701,0,0.1503810625
8.016775,2.4497570262,2.4911847995,0.5475501279,0.1349878667,-0.0421946073,0.4125622612,0.0945225181,0.4219676056,4.1907221681,0.2207155312,0.5062419984,0.9057229659,0.0000000000,-0.0419278226,-0.0010521586,-0.0000000000,0.0033697714,1.0000000000,0.0419278226,-8.8048427556,-0.108,1.000000,18.1765949701,0,0.1503810625
8.025089,2.4543055219,2.4896508187,0.5466091083,0.1112971637,-0.0359775495,0.4353119446,0.0945225181,0.4570643658,4.2116112253,0.2210141488,0.5062419984,0.9057229659,0.0000000000,-0.0419278226,-0.0011101772,-0.0000000000,0.0033652847,1.0000000000,0.0419278226,-8.8048427556,0.043,1.000000,18.1765949701,0,0.1503810625
8.033554,2.4589274161,2.4881168380,0.5452677858,0.0898083715,-0.0296996018,0.4554594142,0.0945225181,0.4896798395,3.9138568400,0.2212235401,0.5062419984,0.9057229659,0.0000000000,-0.0419278226,-0.0011615593,-0.0000000000,0.0033588798,1.0000000000,0.0419278226,-8.8048427556,0.195,1.000000,18.1765949701,0,0.1503810625
8.041761,2.4633958295,2.4881168380,0.5435992432,0.0703168355,-0.0251204617,0.4732824077,0.0945225181,0.5165970053,3.2300599027,0.2210037303,0.5062419984,0.9057229659,0.0000000000,-0.0419278226,-0.0012070133,-0.0000000000,0.0033508969,0.9893926067,0.0419278226,-8.8048427556,0.346,1.000000,18.1765949701,0,0.1503810625
8.050097,2.4679188857,2.4865828572,0.5415345906,0.0526369225,-0.0189629893,0.4888976681,0.0945225181,0.5444410057,3.3412800497,0.2211100175,0.5062419984,0.9057229659,0.0000000000,-0.0419278226,-0.0012468370,-0.0000000000,0.0033409950,0.6284544872,0.0419278226,-8.8048427556,0.498,1.000000,18.1765949701,0,0.1503810625
8.058425,2.4724191690,2.4850488764,0.5391009068,0.0366002529,-0.0128376247,0.5025006539,0.0945225181,0.5702089658,3.0921552089,0.2211890221,0.5062419984,0.9057229659,0.0000000000,-0.0419278226,-0.0012815287,-0.0000000000,0.0033292892,0.1403040335,0.0419278226,-8.8048427556,0.649,1.000000,18.1765949701,0,0.1503810625
8.066834,2.4769407761,2.4850488764,0.5362693223,0.0220540969,-0.0082333843,0.5142152255,0.0945225181,0.5910675587,2.5030311426,0.2209173088,0.5062419984,0.9057229659,0.0000000000,-0.0419278226,-0.0013114044,-0.0000000000,0.0033156233,0.0000000000,0.0419278226,-8.8048427556,0.801,1.000000,18.1765949701,0,0.1503810625
8.075104,2.4813628096,2.4850488764,0.5331195991,0.0110887958,-0.0037490596,0.5220308033,0.0945225181,0.6077890053,2.0065735966,0.2207198209,0.5062419984,0.9057229659,0.0000000000,-0.0419278226,-0.0013313365,-0.0000000000,0.0033003637,0.0000000000,0.0419278226,-8.8048427556,0.952,1.000000,18.1765949701,1,0.1503810625
8.083426,2.4857851102,2.4850488764,0.5295866325,0.0011426547,0.0007297426,0.5284439778,0.0945285993,0.6231030775,1.8376886623,0.2205402195,0.5062419984,0.9057229659,0.0000000000,-0.0419278226,-0.0013476920,-0.0000000000,0.0032831741,0.0000000000,0.0419278226,-8.8048427556,1.104,1.000000,18.1765949701,0,0.1503810625
8.091760,2.4901823409,2.4850488764,0.5256862388,-0.0056501757,0.0051655619,0.5313364144,0.0945716456,0.6348474969,1.4093303287,0.2204510875,0.5062419984,0.9057229659,0.0000000000,-0.0419278226,-0.0013550686,-0.0000000000,0.0032641071,0.0000000000,0.0419278226,-8.8048427556,1.255,1.000000,18.1765949701,0,0.1503810625
8.100093,2.4945453822,2.4850488764,0.5214257514,-0.0118116526,0.0095636050,0.5332374040,0.0946513423,0.6455615851,1.2856905823,0.2203798610,0.5062419984,0.9057229659,0.0000000000,-0.0419278226,-0.0013599167,-0.0000000000,0.0032431723,0.0066782659,0.0419278226,-8.8048427556,1.407,1.000000,18.1765949701,0,0.1503810625
8.108512,2.4989159978,2.4850488764,0.5167582848,-0.0151715809,0.0139533076,0.5319298657,0.0947676199,0.6530866515,0.9030079648,0.2204037835,0.5062419984,0.9057229659,0.0000000000,-0.0419278226,-0.0013565821,-0.0000000000,0.0032201090,0.2153270434,0.0419278226,-8.8048427556,1.558,1.000000,18.1765949701,1,0.1503810625
8.116760,2.5031579653,2.4850488764,0.5118354115,-0.0159903480,0.0181999263,0.5278257594,0.0949192860,0.6575658800,0.5375074223,0.2205132808,0.5062419984,0.9057229659,0.0000000000,-0.0419278226,-0.0013461154,-0.0000000000,0.0031956380,0.5640118685,0.0419278226,-8.8048427556,1.710,1.000000,18.1765949701,3,0.1503810625
8.125093,2.5074014455,2.4850488764,0.5065122537,-0.0167330154,0.0224476254,0.5232452691,0.0951063495,0.6616057739,0.4847872764,0.2206306780,0.5062419984,0.9057229659,0.0000000000,-0.0419278226,-0.0013344337,-0.0000000000,0.0031690091,0.8823682633,0.0419278226,-8.8048427556,1.861,1.000000,18.1765949701,3,0.1503810625
8.133426,2.5115990044,2.4850488764,0.5008420933,-0.0151777806,0.0266363494,0.5160198739,0.0953283191,0.6629180575,0.1574740241,0.2208276161,0.5062419984,0.9057229659,0.0000000000,-0.0419278226,-0.0013160068,-0.0000000000,0.0031404528,1.0000000000,0.0419278226,-8.8048427556,2.013,1.000000,18.1765949701,2,0.1503810625
8.141788,2.5157616329,2.4850488764,0.4948080516,-0.0137670956,0.0307909641,0.5085751472,0.0955849104,0.6639774072,0.1271219682,0.2210221252,0.5062419984,0.9057229659,0.0000000000,-0.0419278226,-0.0012970205,-0.0000000000,0.0031098471,1.0000000000,0.0419278226,-8.8048427556,2.164,1.000000,18.1765949701,3,0.1503810625
8.150097,2.5198470704,2.4850488764,0.4884731773,-0.0124875255,0.0348691327,0.5009607028,0.0958754866,0.6647487280,0.0925584975,0.2212126483,0.5062419984,0.9057229659,0.0000000000,-0.0419278226,-0.0012776013,-0.0000000000,0.0030774757,1.0000000000,0.0419278226,-8.8048427556,2.315,1.000000,18.1765949701,3,0.1503810625
8.158430,2.5238897614,2.4850488764,0.4817862040,-0.0113268839,0.0389052303,0.4931130878,0.0961996968,0.6652364901,0.0585314462,0.2214007362,0.5062419984,0.9057229659,0.0000000000,-0.0419278226,-0.0012575876,-0.0000000000,0.0030430394,1.0000000000,0.0419278226,-8.8048427556,2.467,1.000000,18.1765949701,3,0.1503810625
8.166755,2.5278716685,2.4850488764,0.4747757723,-0.0102741170,0.0428811569,0.4850498892,0.0965570398,0.6654218394,0.0222419219,0.2215856440,0.5062419984,0.9057229659,0.0000000000,-0.0419278226,-0.0012370240,-0.0000000000,0.0030066452,1.0000000000,0.0419278226,-8.8048427556,2.618,1.000000,18.1765949701,3,0.1503810625
8.175090,2.5317989057,2.4850488764,0.4674308829,-0.0093191986,0.0468029695,0.4767500815,0.0969470645,0.6652953348,-0.0151805500,0.2217676181,0.5062419984,0.9057229659,0.0000000000,-0.0419278226,-0.0012158569,-0.0000000000,0.0029681953,1.0000000000,0.0419278226,-8.8048427556,2.770,1.000000,18.1765949701,2,0.1503810625
8.183427,2.5356640377,2.4850488764,0.4597645132,-0.0084530341,0.0506631810,0.4682175473,0.0973692577,0.6648454840,-0.0539820956,0.2219462051,0.5062419984,0.9057229659,0.0000000000,-0.0419278226,-0.0011940964,-0.0000000000,0.0029277153,1.0000000000,0.0419278226,-8.8048427556,2.921,1.000000,18.1765949701,2,0.1503810625
8.191761,2.5394624324,2.4850488764,0.4517860376,-0.0076673746,0.0544571126,0.4594534122,0.0978230670,0.6640635752,-0.0938290650,0.2221209953,0.5062419984,0.9057229659,0.0000000000,-0.0419278226,-0.0011717452,-0.0000000000,0.0028852125,1.0000000000,0.0419278226,-8.8048427556,3.073,1.000000,18.1765949701,2,0.1503810625
8.200093,2.5431926182,2.4850488764,0.4434988967,-0.0069547375,0.0581832501,0.4504536342,0.0983079274,0.6629420023,-0.1345887476,0.2222916645,0.5062419984,0.9057229659,0.0000000000,-0.0419278226,-0.0011487930,-0.0000000000,0.0028406632,1.0000000000,0.0419278226,-8.8048427556,3.224,1.000000,18.1765949701,3,0.1503810625
8.208449,2.5468628463,2.4850488764,0.4348828631,-0.0063083358,0.0618498061,0.4411911988,0.0988233424,0.6614695718,-0.1766916582,0.2224583438,0.5062419984,0.9057229659,0.0000000000,-0.0419278226,-0.0011251710,-0.0000000000,0.0027939139,1.0000000000,0.0419278226,-8.8048427556,3.376,1.000000,18.1765949701,4,0.1503810625
8.216876,2.5504898631,2.4850488764,0.4258906202,-0.0057220132,0.0654734922,0.4316126334,0.0993689549,0.6596256474,-0.2212709214,0.2226215935,0.5062419984,0.9057229659,0.0000000000,-0.0419278226,-0.0011007428,-0.0000000000,0.0027446571,1.0000000000,0.0419278226,-8.8048427556,3.527,1.000000,18.1765949701,4,0.1503810625
8.225086,2.5539494830,2.4865828572,0.4168426537,-0.0051901859,0.0673961101,0.4220328397,0.0999305891,0.6544179718,-0.6249210814,0.2224646998,0.5062419984,0.9057229659,0.0000000000,-0.0419278226,-0.0010763114,-0.0000000000,0.0026946184,1.0000000000,0.0419278226,-8.8048427556,3.679,1.000000,18.1765949701,5,0.1503810625
8.233427,2.5573867646,2.4850488764,0.4073671989,-0.0047077889,0.0723646320,0.4120749877,0.1005336277,0.6549222300,0.0605109911,0.2229247994,0.5062419984,0.9057229659,0.0000000000,-0.0419278226,-0.0010509159,-0.0000000000,0.0026417075,1.0000000000,0.0419278226,-8.8048427556,3.830,1.000000,18.1765949701,2,0.1503810625
8.241764,2.5607427791,2.4850488764,0.3976152728,-0.0042702277,0.0757181608,0.4018855006,0.1011646124,0.6520150329,-0.3488636595,0.2230672792,0.5062419984,0.9057229659,0.0000000000,-0.0419278226,-0.0010249296,-0.0000000000,0.0025867154,1.0000000000,0.0419278226,-8.8048427556,3.982,1.000000,18.1765949701,5,0.1503810625
8.250118,2.5640227322,2.4850488764,0.3875704762,-0.0038733353,0.0789958593,0.3914438115,0.1018229112,0.6487319679,-0.3939677952,0.2232025088,0.5062419984,0.9057229659,0.0000000000,-0.0419278226,-0.0009983001,-0.0000000000,0.0025295083,1.0000000000,0.0419278226,-8.8048427556,4.133,1.000000,18.1765949701,3,0.1503810625
8.258432,2.5672022647,2.4850488764,0.3773097038,-0.0035133317,0.0821733468,0.3808230354,0.1025076891,0.6450969064,-0.4362073746,0.2233284892,0.5062419984,0.9057229659,0.0000000000,-0.0419278226,-0.0009712140,-0.0000000000,0.0024704881,1.0000000000,0.0419278226,-8.8048427556,4.285,1.000000,18.1765949701,4,0.1503810625
8.266765,2.5703025670,2.4865828572,0.3667666362,-0.0031867883,0.0837378133,0.3699534245,0.1032055042,0.6380224059,-0.8489400697,0.2231347521,0.5062419984,0.9057229659,0.0000000000,-0.0419278226,-0.0009434932,-0.0000000000,0.0024092386,1.0000000000,0.0419278226,-8.8048427556,4.436,1.000000,18.1765949701,3,0.1503810625
8.275090,2.5733112408,2.4850488764,0.3559822580,-0.0028905952,0.0882787852,0.3588728532,0.1039411608,0.6366855982,-0.1604169170,0.2235540101,0.5062419984,0.9057229659,0.0000000000,-0.0419278226,-0.0009152343,-0.0000000000,0.0023459619,1.0000000000,0.0419278226,-8.8048427556,4.588,1.000000,18.1765949701,3,0.1503810625
8.283515,2.5762636735,2.4865828572,0.3448201971,-0.0026219314,0.0896957109,0.3474421285,0.1046886250,0.6288059244,-0.9455608582,0.2233399040,0.5062419984,0.9057229659,0.0000000000,-0.0419278226,-0.0008860825,-0.0000000000,0.0022798141,1.0000000000,0.0419278226,-8.8048427556,4.739,1.000000,18.1765949701,4,0.1503810625
8.291760,2.5790609887,2.4850488764,0.3336627151,-0.0023782384,0.0940256225,0.3360409535,0.1054721719,0.6267765695,-0.2435225894,0.2237363488,0.5062419984,0.9057229659,0.0000000000,-0.0419278226,-0.0008570061,-0.0000000000,0.0022130397,1.0000000000,0.0419278226,-8.8048427556,4.890,1.000000,18.1765949701,4,0.1503810625
8.300094,2.5817938892,2.4865828572,0.3221580397,-0.0021571952,0.0952232866,0.3243152349,0.1062656993,0.6182118686,-1.0277641131,0.2234945844,0.5062419984,0.9057229659,0.0000000000,-0.0419278226,-0.0008271020,-0.0000000000,0.0021435168,1.0000000000,0.0419278226,-8.8048427556,5.042,1.000000,18.1765949701,3,0.1503810625
8.308438,2.5844331824,2.4865828572,0.3104179282,-0.0019566967,0.0978614408,0.3123746248,0.1070812113,0.6123147675,-0.7076521208,0.2235534182,0.5062419984,0.9057229659,0.0000000000,-0.0419278226,-0.0007966498,-0.0000000000,0.0020718846,1.0000000000,0.0419278226,-8.8048427556,5.193,1.000000,18.1765949701,3,0.1503810625
8.316761,2.5869672019,2.4865828572,0.2984955882,-0.0017748333,0.1003944272,0.3002704214,0.1079178315,0.6060660237,-0.7498492642,0.2235973323,0.5062419984,0.9057229659,0.0000000000,-0.0419278226,-0.0007657804,-0.0000000000,0.0019984478,1.0000000000,0.0419278226,-8.8048427556,5.345,1.000000,18.1765949701,4,0.1503810625
8.325090,2.5894030403,2.4865828572,0.2863594609,-0.0016098730,0.1028293284,0.2879693339,0.1087747426,0.5994456063,-0.7944500852,0.2236257998,0.5062419984,0.9057229659,0.0000000000,-0.0419278226,-0.0007344089,-0.0000000000,0.0019229962,1.0000000000,0.0419278226,-8.8048427556,5.496,1.000000,18.1765949701,3,0.1503810625
8.333425,2.5917386154,2.4865828572,0.2740183192,-0.0014602448,0.1051640535,0.2754785641,0.1096511097,0.5924557414,-0.8387837904,0.2236378274,0.5062419984,0.9057229659,0.0000000000,-0.0419278226,-0.0007025537,-0.0000000000,0.0018455688,1.0000000000,0.0419278226,-8.8048427556,5.648,1.000000,18.1765949701,4,0.1503810625
8.341767,2.5939722738,2.4865828572,0.2614792260,-0.0013245237,0.1073969409,0.2628037497,0.1105460842,0.5850979301,-0.8829373527,0.2236324316,0.5062419984,0.9057229659,0.0000000000,-0.0419278226,-0.0006702291,-0.0000000000,0.0017661981,1.0000000000,0.0419278226,-8.8048427556,5.799,1.000000,18.1765949701,7,0.1503810625
8.350087,2.5960949754,2.4881168380,0.2487951264,-0.0012014171,0.1079849624,0.2499965435,0.1114459589,0.5743458551,-1.2902489953,0.2232868651,0.5062419984,0.9057229659,0.0000000000,-0.0419278226,-0.0006375668,-0.0000000000,0.0016852150,1.0000000000,0.0419278226,-8.8048427556,5.951,1.000000,18.1765949701,6,0.1503810625
8.358506,2.5981350003,2.4881168380,0.2357857548,-0.0010897525,0.1100243530,0.2368755072,0.1123628285,0.5661791269,-0.9800073837,0.2232435394,0.5062419984,0.9057229659,0.0000000000,-0.0419278226,-0.0006041042,-0.0000000000,0.0016014574,1.0000000000,0.0419278226,-8.8048427556,6.102,1.000000,18.1765949701,6,0.1503810625
8.366763,2.6000286208,2.4881168380,0.2228670726,-0.0009884664,0.1119173980,0.2238555390,0.1132954735,0.5578383798,-1.0008896565,0.2231793768,0.5062419984,0.9057229659,0.0000000000,-0.0419278226,-0.0005708993,-0.0000000000,0.0015176131,1.0000000000,0.0419278226,-8.8048427556,6.254,1.000000,18.1765949701,5,0.1503810625
8.375093,2.6018304419,2.4881168380,0.2096808701,-0.0008965943,0.1137186973,0.2105774644,0.1142431293,0.5490721207,-1.0519510973,0.2230941724,0.5062419984,0.9057229659,0.0000000000,-0.0419278226,-0.0005370362,-0.0000000000,0.0014313748,1.0000000000,0.0419278226,-8.8048427556,6.405,1.000000,18.1765949701,4,0.1503810625
8.383421,2.6035212627,2.4896508187,0.1963555192,0.0014156146,0.1138624022,0.1949399046,0.1151919826,0.5346555747,-1.7299855131,0.2226494404,0.5062419984,0.9057229659,0.0000000000,-0.0419278226,-0.0004971557,-0.0000000000,0.0013435848,1.0000000000,0.0419278226,-8.8048427556,6.557,1.000000,18.1765949701,5,0.1503810625
8.391852,2.6051192220,2.4896508187,0.1827298516,0.0035129174,0.1154484472,0.1792169342,0.1161540530,0.5230311383,-1.3949323766,0.2225011834,0.5062419984,0.9057229659,0.0000000000,-0.0419278226,-0.0004570574,-0.0000000000,0.0012531860,1.0000000000,0.0419278226,-8.8048427556,6.708,1.000000,18.1765949701,7,0.1503810625
8.400094,2.6065699532,2.4896508187,0.1692842587,0.0054152883,0.1168883715,0.1638689704,0.1171281228,0.5115033446,-1.3833352361,0.2223240343,0.5062419984,0.9057229659,0.0000000000,-0.0419278226,-0.0004179155,-0.0000000000,0.0011633947,1.0000000000,0.0419278226,-8.8048427556,6.860,1.000000,18.1765949701,7,0.1503810625
8.408435,2.6079249158,2.4911847995,0.1555604338,0.0093697208,0.1166868891,0.1461907130,0.1181005135,0.4943837680,-2.0543491959,0.2217545976,0.5062419984,0.9057229659,0.0000000000,-0.0419278226,-0.0003728305,-0.0000000000,0.0010711838,1.0000000000,0.0419278226,-8.8048427556,7.011,1.000000,18.1765949701,7,0.1503810625
8.416755,2.6091618797,2.4911847995,0.1417657714,0.0129566122,0.1179034767,0.1288091592,0.1190830425,0.4803871789,-1.6795906848,0.2214829994,0.5062419984,0.9057229659,0.0000000000,-0.0419278226,-0.0003285023,-0.0000000000,0.0009779674,1.0000000000,0.0419278226,-8.8048427556,7.163,1.000000,18.1765949701,7,0.1503810625
8.425174,2.6102962840,2.4927187803,0.1277087915,0.0162101233,0.1174854179,0.1114986682,0.1200620877,0.4632118095,-2.0610443287,0.2208293483,0.5062419984,0.9057229659,0.0000000000,-0.0419278226,-0.0002843553,-0.0000000000,0.0008824771,1.0000000000,0.0419278226,-8.8048427556,7.314,1.000000,18.1765949701,6,0.1503810625
8.433428,2.6112931626,2.4942527611,0.1138410872,0.0191612398,0.1169315511,0.0946798475,0.1210365172,0.4462538447,-2.0349557801,0.2201391519,0.5062419984,0.9057229659,0.0000000000,-0.0419278226,-0.0002414623,-0.0000000000,0.0007878224,1.0000000000,0.0419278226,-8.8048427556,7.466,1.000000,18.1765949701,6,0.1503810625
8.441763,2.6121834210,2.4957867419,0.0997583989,0.0240669432,0.1162599605,0.0756914557,0.1220053503,0.4268869909,-2.3240224555,0.2193592717,0.5062419984,0.9057229659,0.0000000000,-0.0419278226,-0.0001930361,-0.0000000000,0.0006912906,1.0000000000,0.0419278226,-8.8048427556,7.617,1.000000,18.1765949701,5,0.1503810625
8.450095,2.6129557283,2.4957867419,0.0856127911,0.0285166905,0.1170069899,0.0570961006,0.1229804085,0.4107366913,-1.9380359528,0.2188874634,0.5062419984,0.9057229659,0.0000000000,-0.0419278226,-0.0001456123,-0.0000000000,0.0005939610,1.0000000000,0.0419278226,-8.8048427556,7.768,1.000000,18.1765949701,7,0.1503810625
8.458451,2.6136116488,2.4988547035,0.0713672204,0.0347817359,0.1145593586,0.0365854845,0.1239350698,0.3863064223,-2.9316322789,0.2176013878,0.5062419984,0.9057229659,0.0000000000,-0.0419278226,-0.0000933041,-0.0000000000,0.0004956237,1.0000000000,0.0419278226,-8.8048427556,7.920,1.000000,18.1765949701,8,0.1503810625
8.466762,2.6141457177,2.5003886843,0.0571504502,0.0404644823,0.1135271643,0.0166859679,0.1248811295,0.3652898292,-2.5219911780,0.2166237264,0.5062419984,0.9057229659,0.0000000000,-0.0419278226,-0.0000425543,-0.0000000000,0.0003972171,1.0000000000,0.0419278226,-8.8048427556,8.071,1.000000,18.1765949701,7,0.1503810625
8.475091,2.6145622291,2.5019226650,0.0428641631,0.0478479269,0.1123677514,-0.0049837638,0.1258175275,0.3422408377,-2.7658789801,0.2155251110,0.5062419984,0.9057229659,0.0000000000,-0.0419278226,0.0000127101,0.0000000000,0.0002981128,1.0000000000,0.0419278226,-8.8048427556,8.223,1.000000,18.1765949701,7,0.1503810625
8.483421,2.6148596817,2.5034566458,0.0285452833,0.0567739997,0.1110805163,-0.0282287164,0.1267431984,0.3173521929,-2.9866373661,0.2142956647,0.5062419984,0.9057229659,0.0000000000,-0.0419278226,0.0000719918,0.0000000000,0.0001986185,1.0000000000,0.0419278226,-8.8048427556,8.374,1.000000,18.1765949701,8,0.1503810625
8.491802,2.6150384799,2.5049906266,0.0141197654,0.0670993226,0.1096666780,-0.0529795573,0.1276570874,0.2906946086,-3.1989101190,0.2129224572,0.5062419984,0.9057229659,0.0000000000,-0.0419278226,0.0001351139,0.0000000000,0.0000982726,1.0000000000,0.0419278226,-8.8048427556,8.526,1.000000,18.1765949701,9,0.1503810625
8.500091,2.6150963515,2.5065246074,-0.0001575739,0.0764649679,0.1081373648,-0.0766225417,0.1285582321,0.2649029811,-3.0949953074,0.2115058175,0.5062419984,0.9059045435,0.0217893077,-0.0414460733,0.0001954107,0.0000000000,-0.0000010968,1.0000000000,0.0419278226,-8.7036753936,8.603,1.000000,18.1765949701,10,0.1548678822
8.508430,2.6150351517,2.5095925690,-0.0145199819,0.0871890075,0.1049472827,-0.1017089894,0.1294327928,0.2343433901,-3.6671509173,0.2159683337,0.5063277363,0.9060486857,0.0172970607,-0.0372140974,0.0002593887,0.0000000000,-0.0001010576,1.0000000000,0.0419278226,-7.8149604537,8.451,1.000000,18.1765949701,8,0.1576658397
8.516758,2.6148545261,2.5126605306,-0.0288542983,0.0991451869,0.1016307753,-0.1279994852,0.1302797159,0.2023014183,-3.8450366168,0.2177210459,0.5063957480,0.9061567030,0.0129620824,-0.0323206835,0.0003264374,0.0000000000,-0.0002007670,1.0000000000,0.0419278226,-6.7873435333,8.300,1.000000,18.1765949701,7,0.1589546398
8.525092,2.6145543575,2.5157284921,-0.0431783720,0.1122189858,0.0981883760,-0.1553973578,0.1310979524,0.1688737618,-4.0113187719,0.2170959493,0.5064466857,0.9062318241,0.0090145341,-0.0269382662,0.0003963103,0.0000000000,-0.0003002944,1.0000000000,0.0419278226,-5.6570359115,8.148,1.000000,18.1765949701,9,0.1589436668
8.533420,2.6141352545,2.5187964537,-0.0574632382,0.1263065283,0.0946212835,-0.1837697665,0.1318864631,0.1341946175,-4.1614973207,0.2144610512,0.5064820959,0.9062788647,0.0056448678,-0.0212357771,0.0004686685,0.0000000000,-0.0003993847,1.0000000000,0.0419278226,-4.4595131929,7.997,1.000000,18.1765949701,9,0.1578681047
8.541765,2.6135961306,2.5218644153,-0.0717376135,0.1390847170,0.0909416082,-0.2108223305,0.1326443098,0.1005814925,-4.0335750026,0.2103570138,0.5065042636,0.9063049451,0.0031296525,-0.0157207025,0.0005376607,0.0000000000,-0.0004981841,1.0000000000,0.0419278226,-3.3013475225,7.846,1.000000,18.1765949701,8,0.1560256284
8.550098,2.6129391583,2.5233983961,-0.0859414517,0.1529041244,0.0886721503,-0.2388455760,0.1333832444,0.0687797293,-3.8162115818,0.2055156892,0.5065165518,0.9063169498,0.0014405575,-0.0105958370,0.0006091285,0.0000000000,-0.0005962262,1.0000000000,0.0419278226,-2.2251257644,7.694,1.000000,18.1765949701,8,0.1536893138
8.558429,2.6121642130,2.5264663576,-0.1000839857,0.1654390995,0.0847580353,-0.2655230852,0.1340895614,0.0350252507,-4.0505374344,0.1996625973,0.5065222075,0.9063200030,0.0003663898,-0.0053149557,0.0006771642,0.0000000000,-0.0006935266,1.0000000000,0.0419278226,-1.1161406937,7.543,1.000000,18.1765949701,6,0.1510577749
8.566762,2.6112714929,2.5295343192,-0.1141613634,0.1790378987,0.0807201021,-0.2931992621,0.1347622289,-0.0000069784,-4.2038674862,0.1933448631,0.5065236460,0.9063200030,0.0000000000,-0.0000412330,0.0007477468,0.0000000000,-0.0007900132,1.0000000000,0.0419278226,-0.0086589288,7.391,1.000000,18.1765949701,7,0.1483574661
8.575179,2.6102510618,2.5326022808,-0.1283005360,0.1913727699,0.0765616379,-0.3196733059,0.1354002425,-0.0341106193,-4.0924369132,0.1870360962,0.5065236460,0.9063227765,0.0003328128,0.0048708418,0.0008152636,0.0000000000,-0.0008865064,1.0000000000,0.0419278226,1.0228767732,7.240,1.000000,18.1765949701,6,0.1458120215
8.583426,2.6091361286,2.5356702424,-0.1420676845,0.2047900635,0.0723025227,-0.3468577479,0.1360027636,-0.0691595489,-4.2058715482,0.1808852563,0.5065249525,0.9063339323,0.0013387033,0.0097092501,0.0008845922,0.0000000000,-0.0009800129,1.0000000000,0.0419278226,2.0389425280,7.088,1.000000,18.1765949701,6,0.1436366572
8.591820,2.6078851987,2.5387382040,-0.1559815428,0.2169602990,0.0679144949,-0.3729418418,0.1365687177,-0.1034002074,-4.1088790181,0.1752924156,0.5065302079,0.9063583709,0.0029326256,0.0142432486,0.0009511145,0.0000000000,-0.0010740213,1.0000000000,0.0419278226,2.9910822042,6.937,1.000000,18.1765949701,6,0.1420171618
8.600643,2.6064448991,2.5418061655,-0.1704898466,0.2279993831,0.0633435234,-0.3984892297,0.1370965804,-0.1375050461,-4.0925806531,0.1704228545,0.5065417198,0.9064008221,0.0050941497,0.0186106516,0.0010162681,0.0000000000,-0.0011714686,1.0000000000,0.0419278226,3.9082368431,6.785,1.000000,18.1765949701,7,0.1411272629
8.609255,2.6049159574,2.5448741271,-0.1845265168,0.2380124496,0.0586897382,-0.4225389664,0.1375856615,-0.1703149423,-3.9371875354,0.1665428102,0.5065617135,0.9064650109,0.0077026480,0.0227221748,0.0010776022,0.0000000000,-0.0012651410,1.0000000000,0.0419278226,4.7716567097,6.634,1.000000,18.1765949701,7,0.1410920396
8.616956,2.6034471280,2.5464081079,-0.1969616765,0.2470948607,0.0556353330,-0.4440565372,0.1380492893,-0.1974414022,-3.2551751881,0.1642547963,0.5065919379,0.9065505316,0.0102624900,0.0261162165,0.0011324785,0.0000000000,-0.0013475918,1.0000000000,0.0419278226,5.4844054646,6.482,1.000000,18.1765949701,6,0.1418679555
8.625102,2.6017895105,2.5494760695,-0.2099913027,0.2553331155,0.0508629544,-0.4653244182,0.1384731473,-0.2277692823,-3.6393456196,0.1624923205,0.5066321932,0.9066635810,0.0135659198,0.0299282776,0.0011867180,0.0000000000,-0.0014334124,1.0000000000,0.0419278226,6.2849382978,6.331,1.000000,18.1765949701,7,0.1436503930
8.633418,2.5999883243,2.5510100503,-0.2231514234,0.2628056732,0.0474853376,-0.4859570966,0.1388688584,-0.2547197170,-3.2340521631,0.1622619891,0.5066853825,0.9068048412,0.0169512354,0.0334390648,0.0012393376,0.0000000000,-0.0015194655,1.0000000000,0.0419278226,7.0222036000,6.179,1.000000,18.1765949701,7,0.1464091184
8.641749,2.5980747961,2.5525440310,-0.2361824337,0.2673548250,0.0440119859,-0.5035372588,0.1392356250,-0.2788363059,-2.8939906671,0.1633211029,0.5067518068,0.9069748028,0.0203953832,0.0367463331,0.0012841723,0.0000000000,-0.0016040214,1.0000000000,0.0419278226,7.7167299460,6.028,1.000000,18.1765949701,5,0.1500958908
8.650084,2.5960524115,2.5556119926,-0.2490575661,0.2714811601,0.0388981991,-0.5205387262,0.1395597766,-0.3056741247,-3.2205382472,0.1649584182,0.5068316707,0.9071803311,0.0246633957,0.0405344780,0.0013275312,0.0000000000,-0.0016868975,1.0000000000,0.0419278226,8.5122403874,5.876,1.000000,18.1765949701,5,0.1548771960
8.658506,2.5939007733,2.5571459734,-0.2618928229,0.2729951010,0.0352039797,-0.5348879239,0.1395597766,-0.3273600420,-2.6023100803,0.1683421684,0.5069281650,0.9071803311,0.0000000000,0.0419278226,0.0013641260,0.0000000000,-0.0017688271,1.0000000000,0.0419278226,8.8048427556,5.725,1.000000,18.1765949701,4,0.1548771960
8.666756,2.5916888340,2.5586799542,-0.2742892021,0.2721394542,0.0314629204,-0.5464286563,0.1395597766,-0.3463305182,-2.2764571483,0.1666167175,0.5069281650,0.9071803311,0.0000000000,0.0419278226,0.0013935584,0.0000000000,-0.0018472757,1.0000000000,0.0419278226,8.8048427556,5.573,1.000000,18.1765949701,5,0.1548771960
8.675089,2.5893518409,2.5586799542,-0.2866219416,0.2691344589,0.0291429980,-0.5557564005,0.1395597766,-0.3602656283,-1.6722132093,0.1655104447,0.5069281650,0.9071803311,0.0000000000,0.0419278226,0.0014173470,0.0000000000,-0.0019246354,1.0000000000,0.0419278226,8.8048427556,5.422,1.000000,18.1765949701,6,0.1548771960
8.683418,2.5869138452,2.5586799542,-0.2987537171,0.2641798844,0.0267331480,-0.5629336015,0.1395597766,-0.3722287914,-1.4355795714,0.1645982109,0.5069281650,0.9071803311,0.0000000000,0.0419278226,0.0014356510,0.0000000000,-0.0020000451,1.0000000000,0.0419278226,8.8048427556,5.271,1.000000,18.1765949701,4,0.1548771960
8.691830,2.5843499080,2.5586799542,-0.3107985047,0.2574569326,0.0242074024,-0.5682554372,0.1395597766,-0.3825667580,-1.2405559921,0.1638519061,0.5069281650,0.9071803311,0.0000000000,0.0419278226,0.0014492233,0.0000000000,-0.0020742174,0.9645679609,0.0419278226,8.8048427556,5.119,1.000000,18.1765949701,6,0.1548771960
8.700093,2.5817334572,2.5602139350,-0.3224193504,0.2469010877,0.0201169360,-0.5693204382,0.1395597766,-0.3917554252,-1.1026400612,0.1630922474,0.5069281650,0.9071803311,0.0000000000,0.0419278226,0.0014519394,0.0000000000,-0.0021451034,0.7218140025,0.0419278226,8.8048427556,4.968,1.000000,18.1765949701,6,0.1548771960
8.708423,2.5789998224,2.5586799542,-0.3339131458,0.2350974705,0.0189843355,-0.5690106163,0.1395597766,-0.3936949478,-0.2327427205,0.1633077594,0.5069281650,0.9071803311,0.0000000000,0.0419278226,0.0014511492,0.0000000000,-0.0022145455,0.6302333686,0.0419278226,8.8048427556,4.816,1.000000,18.1765949701,6,0.1548771960
8.716760,2.5761686793,2.5586799542,-0.3451888357,0.2221620539,0.0162266754,-0.5673508895,0.1395597766,-0.3975119340,-0.4580383449,0.1632199873,0.5069281650,0.9071803311,0.0000000000,0.0419278226,0.0014469164,0.0000000000,-0.0022820092,0.3952742870,0.0419278226,8.8048427556,4.665,1.000000,18.1765949701,6,0.1548771960
8.725094,2.5732458009,2.5586799542,-0.3562229644,0.2059711562,0.0133957736,-0.5621941206,0.1395597766,-0.3979773360,-0.0558482293,0.1634681525,0.5069281650,0.9071803311,0.0000000000,0.0419278226,0.0014337651,0.0000000000,-0.0023473810,0.1764111891,0.0419278226,8.8048427556,4.513,1.000000,18.1765949701,6,0.1548771960
8.733423,2.5702339152,2.5586799542,-0.3670061751,0.1912851067,0.0104673159,-0.5582912818,0.1395597766,-0.3998904142,-0.2295693885,0.1635810042,0.5069281650,0.9071803311,0.0000000000,0.0419278226,0.0014238117,0.0000000000,-0.0024106370,0.0278560049,0.0419278226,8.8048427556,4.362,1.000000,18.1765949701,5,0.1548771960
8.741764,2.5671284734,2.5586799542,-0.3775539944,0.1757351629,0.0074502096,-0.5532891573,0.1395597766,-0.4008802628,-0.1187818332,0.1637910117,0.5069281650,0.9071803311,0.0000000000,0.0419278226,0.0014110547,0.0000000000,-0.0024719001,0.0000000000,0.0419278226,8.8048427556,4.210,1.000000,18.1765949701,2,0.1548771960
8.750097,2.5639393946,2.5586799542,-0.3878323069,0.1594016186,0.0043539178,-0.5472339255,0.1395597766,-0.4009742666,-0.0112804551,0.1640938496,0.5069281650,0.9071803311,0.0000000000,0.0419278226,0.0013956121,0.0000000000,-0.0025310067,0.0000000000,0.0419278226,8.8048427556,4.059,1.000000,18.1765949701,4,0.1548771960
8.758428,2.5606663896,2.5586799542,-0.3978430119,0.1445861807,0.0011650758,-0.5424291926,0.1395597766,-0.4025025740,-0.1833968826,0.1642620350,0.5069281650,0.9071803311,0.0000000000,0.0419278226,0.0013833585,0.0000000000,-0.0025880058,0.0000000000,0.0419278226,8.8048427556,3.907,1.000000,18.1765949701,5,0.1548771960
8.766753,2.5573134463,2.5586799542,-0.4075745988,0.1311477501,-0.0021115270,-0.5387223490,0.1395421806,-0.4053204140,-0.3381408110,0.1643114471,0.5069281650,0.9071803311,0.0000000000,0.0419278226,0.0013739050,0.0000000000,-0.0026428711,0.0000000000,0.0419278226,8.8048427556,3.756,1.000000,18.1765949701,4,0.1548771960
8.775094,2.5538742831,2.5586799542,-0.4170444233,0.1189583422,-0.0054814451,-0.5360027655,0.1394965019,-0.4093385293,-0.4821738354,0.1642525239,0.5069281650,0.9071803311,0.0000000000,0.0419278226,0.0013669692,0.0000000000,-0.0026957394,0.0000000000,0.0419278226,8.8048427556,3.604,1.000000,18.1765949701,2,0.1548771960
8.783427,2.5503607809,2.5586799542,-0.4262191297,0.1079018677,-0.0089321381,-0.5341209974,0.1394220674,-0.4143832337,-0.6053645180,0.1641009739,0.5069281650,0.9071803311,0.0000000000,0.0419278226,0.0013621701,0.0000000000,-0.0027464649,0.0004126041,0.0419278226,8.8048427556,3.453,1.000000,18.1765949701,3,0.1548771960
8.791749,2.5467764575,2.5586799542,-0.4350911373,0.0978730271,-0.0124594901,-0.5329641645,0.1393182383,-0.4203341022,-0.7141042199,0.1638679951,0.5069281650,0.9071803311,0.0000000000,0.0419278226,0.0013592199,0.0000000000,-0.0027950491,0.1176623911,0.0419278226,8.8048427556,3.301,1.000000,18.1765949701,2,0.1548771960
8.800345,2.5429982402,2.5586799542,-0.4439421957,0.0887763080,-0.0161860311,-0.5327185037,0.1391833547,-0.4276223537,-0.8745901835,0.1635227788,0.5069281650,0.9071803311,0.0000000000,0.0419278226,0.0013585933,0.0000000000,-0.0028430566,0.3918524902,0.0419278226,8.8048427556,3.150,1.000000,18.1765949701,2,0.1548771960
8.809415,2.5389308152,2.5586799542,-0.4529300732,0.0805250751,-0.0202065828,-0.5334551483,0.1390149665,-0.4365098530,-1.0664999190,0.1630478645,0.5069281650,0.9071803311,0.0000000000,0.0419278226,0.0013604720,0.0000000000,-0.0028913304,0.7287763440,0.0419278226,8.8048427556,2.998,1.000000,18.1765949701,2,0.1548771960
8.817641,2.5351725048,2.5586799542,-0.4607642932,0.0730407455,-0.0239223765,-0.5338050388,0.1388156134,-0.4444358817,-0.9511234407,0.1626374951,0.5069281650,0.9071803311,0.0000000000,0.0419278226,0.0013613643,0.0000000000,-0.0029330144,0.9541349676,0.0419278226,8.8048427556,2.847,1.000000,18.1765949701,2,0.1548771960
8.825365,2.5315857549,2.5586799542,-0.4678408368,0.0662520401,-0.0274705614,-0.5340928769,0.1385866920,-0.4519961427,-0.9072313232,0.1622467038,0.5069281650,0.9071803311,0.0000000000,0.0419278226,0.0013620984,0.0000000000,-0.0029703500,1.0000000000,0.0419278226,8.8048427556,2.695,1.000000,18.1765949701,2,0.1548771960
8.833471,2.5277644227,2.5586799542,-0.4749702594,0.0600943047,-0.0312569129,-0.5350645642,0.1383262177,-0.4607443646,-1.0497866231,0.1617603287,0.5069281650,0.9071803311,0.0000000000,0.0419278226,0.0013645765,0.0000000000,-0.0030076589,1.0000000000,0.0419278226,8.8048427556,2.544,1.000000,18.1765949701,2,0.1548771960
8.841772,2.5237923751,2.5586799542,-0.4819523143,0.0545088944,-0.0351972311,-0.5364612087,0.1380329075,-0.4702556993,-1.1413601709,0.1612117184,0.5069281650,0.9071803311,0.0000000000,0.0419278226,0.0013681384,0.0000000000,-0.0030438981,1.0000000000,0.0419278226,8.8048427556,2.393,1.000000,18.1765949701,3,0.1548771960
8.850132,2.5197350948,2.5586799542,-0.4886523945,0.0494426150,-0.0392257311,-0.5380950095,0.1377060264,-0.4802124220,-1.1948067148,0.1606257266,0.5069281650,0.9071803311,0.0000000000,0.0419278226,0.0013723051,0.0000000000,-0.0030783949,1.0000000000,0.0419278226,8.8048427556,2.241,1.000000,18.1765949701,2,0.1548771960
8.858457,2.5156408093,2.5586799542,-0.4949890995,0.0448472163,-0.0432939112,-0.5398363158,0.1373452438,-0.4903888832,-1.2211753513,0.1600200096,0.5069281650,0.9071803311,0.0000000000,0.0419278226,0.0013767459,0.0000000000,-0.0031107687,1.0000000000,0.0419278226,8.8048427556,2.090,1.000000,18.1765949701,3,0.1548771960
8.867429,2.5111700879,2.5586799542,-0.5014403328,0.0406789327,-0.0477409536,-0.5421192656,0.1369474025,-0.5018959501,-1.3808480325,0.1593145122,0.5069281650,0.9071803311,0.0000000000,0.0419278226,0.0013825681,0.0000000000,-0.0031434750,1.0000000000,0.0419278226,8.8048427556,1.938,1.000000,18.1765949701,1,0.1548771960
8.877060,2.5063093243,2.5586799542,-0.5079210166,0.0368980665,-0.0525802391,-0.5448190830,0.1365092339,-0.5146386443,-1.5291232955,0.1585185573,0.5069281650,0.9071803311,0.0000000000,0.0419278226,0.0013894535,0.0000000000,-0.0031760734,1.0000000000,0.0419278226,8.8048427556,1.787,1.000000,18.1765949701,1,0.1548771960
8.885174,2.5021671592,2.5586799542,-0.5130204735,0.0334686094,-0.0567029222,-0.5464890829,0.1360367095,-0.5249622249,-1.2388296803,0.1578978120,0.5069281650,0.9071803311,0.0000000000,0.0419278226,0.0013937125,0.0000000000,-0.0032015424,1.0000000000,0.0419278226,8.8048427556,1.635,1.000000,18.1765949701,1,0.1548771960
8.893190,2.4980355065,2.5586799542,-0.5177312553,0.0303579000,-0.0608169037,-0.5480891553,0.1355299020,-0.5352324017,-1.2324212146,0.1572801428,0.5069281650,0.9071803311,0.0000000000,0.0419278226,0.0013977932,0.0000000000,-0.0032249278,1.0000000000,0.0419278226,8.8048427556,1.484,1.000000,18.1765949701,1,0.1548771960
8.900875,2.4940408239,2.5586799542,-0.5219386356,0.0275363127,-0.0647955576,-0.5494749483,0.1349899390,-0.5450522313,-1.1783795482,0.1566943693,0.5069281650,0.9071803311,0.0000000000,0.0419278226,0.0014013274,0.0000000000,-0.0032456984,1.0000000000,0.0419278226,8.8048427556,1.332,1.000000,18.1765949701,1,0.1548771960
8.908788,2.4898945575,2.5586799542,-0.5259534867,0.0249769753,-0.0689272849,-0.5509304620,0.1344155450,-0.5552797361,-1.2273005780,0.1560797559,0.5069281650,0.9071803311,0.0000000000,0.0419278226,0.0014050394,0.0000000000,-0.0032654166,1.0000000000,0.0419278226,8.8048427556,1.181,1.000000,18.1765949701,0,0.1548771960
8.916777,2.4856775409,2.5586799542,-0.5296771732,0.0226555131,-0.0731311139,-0.5523326863,0.1338061190,-0.5656316887,-1.2422343076,0.1554574831,0.5069281650,0.9071803311,0.0000000000,0.0419278226,0.0014086154,0.0000000000,-0.0032836156,1.0000000000,0.0419278226,8.8048427556,1.029,1.000000,18.1765949701,1,0.1548771960
8.925117,2.4812446993,2.5586799542,-0.5332086731,0.0205498171,-0.0775519935,-0.5537584902,0.1331598524,-0.5764746100,-1.3011505603,0.1548028918,0.5069281650,0.9071803311,0.0000000000,0.0419278226,0.0014122517,0.0000000000,-0.0033007960,1.0000000000,0.0419278226,8.8048427556,0.878,1.000000,18.1765949701,0,0.1548771960
8.933463,2.4767815237,2.5586799542,-0.5363756972,0.0186398331,-0.0820043189,-0.5550155304,0.1324764831,-0.5872478041,-1.2927832855,0.1541563766,0.5069281650,0.9071803311,0.0000000000,0.0419278226,0.0014154575,0.0000000000,-0.0033161376,1.0000000000,0.0419278226,8.8048427556,0.726,1.000000,18.1765949701,0,0.1548771960
8.941767,2.4723156014,2.5586799542,-0.5391612059,0.0169073709,-0.0864603995,-0.5560685767,0.1317559797,-0.5978610781,-1.2735928849,0.1535247578,0.5069281650,0.9071803311,0.0000000000,0.0419278226,0.0014181431,0.0000000000,-0.0033295797,1.0000000000,0.0419278226,8.8048427556,0.575,1.000000,18.1765949701,0,0.1548771960
8.950075,2.4678255325,2.5586799542,-0.5415810514,0.0153359307,-0.0909415415,-0.5569169821,0.1309981336,-0.6083563049,-1.2594272178,0.1529056681,0.5069281650,0.9071803311,0.0000000000,0.0419278226,0.0014203068,0.0000000000,-0.0033412181,1.0000000000,0.0419278226,8.8048427556,0.423,1.000000,18.1765949701,0,0.1548771960
8.958410,2.4633028664,2.5586799542,-0.5436377009,0.0139105466,-0.0954561103,-0.5575482475,0.1302026660,-0.6187378740,-1.2457882950,0.1522993918,0.5069281650,0.9071803311,0.0000000000,0.0419278226,0.0014219167,0.0000000000,-0.0033510811,1.0000000000,0.0419278226,8.8048427556,0.272,1.000000,18.1765949701,0,0.1548771960
8.966761,2.4587555223,2.5586799542,-0.5453246523,0.0126176436,-0.0999961097,-0.5579422959,0.1293693651,-0.6289700367,-1.2278595153,0.1517089137,0.5069281650,0.9071803311,0.0000000000,0.0419278226,0.0014229217,0.0000000000,-0.0033591516,1.0000000000,0.0419278226,8.8048427556,0.120,1.000000,18.1765949701,0,0.1548771960
8.975100,2.4542027018,2.5586799542,-0.5466345248,0.0114449082,-0.1045422682,-0.5580794331,0.1284981795,-0.6389948762,-1.2029807482,0.1511385768,0.5069281650,0.9071803311,0.0000000000,0.0419278226,0.0014232714,0.0000000000,-0.0033654059,1.0000000000,0.0419278226,8.8048427556,-0.031,1.000000,18.1765949701,0,0.1548771960
8.983426,2.4496469010,2.5571459734,-0.5475682676,0.0103811717,-0.1075580453,-0.5579494393,0.1276018625,-0.6457380285,-0.8091782682,0.1510418900,0.5069281650,0.9071803311,0.0000000000,0.0419278226,0.0014229399,0.0000000000,-0.0033698578,1.0000000000,0.0419278226,8.8048427556,-0.182,1.000000,18.1765949701,0,0.1548771960
8.991808,2.4450547783,2.5571459734,-0.5481297759,0.0094163032,-0.1121446869,-0.5575460791,0.1266673234,-0.6553652396,-1.1552653396,0.1505119276,0.5069281650,0.9071803311,0.0000000000,0.0419278226,0.0014219112,0.0000000000,-0.0033725324,1.0000000000,0.0419278226,8.8048427556,-0.334,1.000000,18.1765949701,0,0.1548771960
9.000092,2.4405132252,2.5571459734,-0.5483113329,0.0085411135,-0.1166812682,-0.5568524464,0.1256949795,-0.6646400363,-1.1129755941,0.1500125722,0.5069281650,0.9071803311,0.0000000000,0.0419278226,0.0014201422,0.0000000000,-0.0033733967,1.0000000000,0.0419278226,8.8048427556,-0.485,1.000000,18.1765949701,0,0.1548771960
9.008433,2.4359399255,2.5571459734,-0.5481189304,0.0077472675,-0.1212500583,-0.5558661979,0.1246845623,-0.6737237256,-1.0900427168,0.1495339408,0.5069281650,0.9071803311,0.0000000000,0.0419278226,0.0014176270,0.0000000000,-0.0033724807,1.0000000000,0.0419278226,8.8048427556,-0.637,1.000000,18.1765949701,0,0.1548771960
9.016757,2.4313795654,2.5571459734,-0.5475517385,0.0070272048,-0.1258063279,-0.5545789433,0.1236361763,-0.6825189825,-1.0554308300,0.1490824493,0.5069281650,0.9071803311,0.0000000000,0.0419278226,0.0014143441,0.0000000000,-0.0033697791,1.0000000000,0.0419278226,8.8048427556,-0.788,1.000000,18.1765949701,0,0.1548771960
9.025088,2.4268215681,2.5556119926,-0.5466091637,0.0041451918,-0.1288139723,-0.5507543555,0.1225627265,-0.6857260507,-0.3848481825,0.1493420996,0.5069281650,0.9071803311,0.0000000000,0.0419278226,0.0014045902,0.0000000000,-0.0033652849,1.0000000000,0.0419278226,8.8048427556,-0.940,1.000000,18.1765949701,0,0.1548771960
9.033426,2.4222693176,2.5540780118,-0.5452909646,0.0015310450,-0.1318173917,-0.5468220095,0.1214642482,-0.6888416490,-0.3738717990,0.1496106939,0.5069281650,0.9071803311,0.0000000000,0.0419278226,0.0013945616,0.0000000000,-0.0033589906,1.0000000000,0.0419278226,8.8048427556,-1.091,1.000000,18.1765949701,0,0.1548771960
9.041766,2.4177281489,2.5525440310,-0.5435980457,-0.0030690082,-0.1347984479,-0.5405290375,0.1203409278,-0.6895767034,-0.0882065282,0.1501202303,0.5069281650,0.9071803311,0.0000000000,0.0419278226,0.0013785126,0.0000000000,-0.0033508912,1.0000000000,0.0419278226,8.8048427556,-1.243,1.000000,18.1765949701,0,0.1548771960
9.050098,2.4132074799,2.5525440310,-0.5415343406,-0.0072415136,-0.1392954138,-0.5342928270,0.1191801327,-0.6934160681,-0.4607237668,0.1501623556,0.5069281650,0.9071803311,0.0000000000,0.0419278226,0.0013626084,0.0000000000,-0.0033409938,1.0000000000,0.0419278226,8.8048427556,-1.394,1.000000,18.1765949701,0,0.1548771960
9.058430,2.4087054424,2.5510100503,-0.5390995913,-0.0132550851,-0.1422293089,-0.5258445062,0.1179948885,-0.6919631718,0.1743475546,0.1508900673,0.5069281650,0.9071803311,0.0000000000,0.0419278226,0.0013410626,0.0000000000,-0.0033292829,1.0000000000,0.0419278226,8.8048427556,-1.546,1.000000,18.1765949701,0,0.1548771960
9.066856,2.4041746706,2.5494760695,-0.5362616752,-0.0187097306,-0.1451951133,-0.5175519446,0.1167849292,-0.6907537770,0.1451273775,0.1515949460,0.5069281650,0.9071803311,0.0000000000,0.0419278226,0.0013199140,0.0000000000,-0.0033155863,1.0000000000,0.0419278226,8.8048427556,-1.697,1.000000,18.1765949701,-1,0.1548771960
9.075098,2.3997673452,2.5479420887,-0.5331220823,-0.0258862749,-0.1480276897,-0.5072358073,0.1155513651,-0.6872794910,0.4169143228,0.1525195897,0.5069281650,0.9071803311,0.0000000000,0.0419278226,0.0012936048,0.0000000000,-0.0033003757,1.0000000000,0.0419278226,8.8048427556,-1.849,1.000000,18.1765949701,-2,0.1548771960
9.083423,2.3953436502,2.5464081079,-0.5295882281,-0.0346246777,-0.1508677632,-0.4949635504,0.1142941338,-0.6818873118,0.6470615092,0.1536375074,0.5069281650,0.9071803311,0.0000000000,0.0419278226,0.0012623068,0.0000000000,-0.0032831819,1.0000000000,0.0419278226,8.8048427556,-2.000,1.000000,18.1765949701,-2,0.1548771960
9.091754,2.3909473979,2.5418061655,-0.5256889140,-0.0447797733,-0.1506043844,-0.4809091407,0.1130390972,-0.6685473592,1.6007943023,0.1558837105,0.5069281650,0.9071803311,0.0000000000,0.0419278226,0.0012264638,0.0000000000,-0.0032641203,1.0000000000,0.0419278226,8.8048427556,-2.152,1.000000,18.1765949701,-1,0.1548771960
9.100122,2.3865664216,2.5387382040,-0.5214103578,-0.0562198887,-0.1518524106,-0.4651904691,0.1117736605,-0.6565550504,1.4390770649,0.1578299176,0.5069281650,0.9071803311,0.0000000000,0.0419278226,0.0011863764,0.0000000000,-0.0032430965,1.0000000000,0.0419278226,8.8048427556,-2.303,1.000000,18.1765949701,-1,0.1548771960
9.108427,2.3822549684,2.5326022808,-0.5168074115,-0.0710544645,-0.1499436689,-0.4457529470,0.1105241299,-0.6345588658,2.6395421497,0.1611255027,0.5069281650,0.9071803311,0.0000000000,0.0419278226,0.0011368049,0.0000000000,-0.0032203524,1.0000000000,0.0419278226,8.8048427556,-2.455,1.000000,18.1765949701,-1,0.1548771960
9.116759,2.3779691674,2.5280003384,-0.5118357321,-0.0889680058,-0.1495257650,-0.4228677263,0.1092780819,-0.6120723522,2.6983816331,0.1642946581,0.5069281650,0.9071803311,0.0000000000,0.0419278226,0.0010784406,0.0000000000,-0.0031956396,1.0000000000,0.0419278226,8.8048427556,-2.606,1.000000,18.1765949701,-2,0.1548771960
9.125094,2.3737250655,2.5218644153,-0.5065117899,-0.1096743410,-0.1475163160,-0.3968374490,0.1080487792,-0.5832634618,3.4570668424,0.1682718318,0.5069281650,0.9071803311,0.0000000000,0.0419278226,0.0010120556,0.0000000000,-0.0031690068,1.0000000000,0.0419278226,8.8048427556,-2.757,1.000000,18.1765949701,-1,0.1548771960
9.133427,2.3695276593,2.5157284921,-0.5008418087,-0.1329138962,-0.1454457806,-0.3679279124,0.1068367311,-0.5514369809,3.8191777037,0.1725351518,0.5069281650,0.9071803311,0.0000000000,0.0419278226,0.0009383275,0.0000000000,-0.0031404513,1.0000000000,0.0419278226,8.8048427556,-2.909,1.000000,18.1765949701,-1,0.1548771960
9.141758,2.3653797126,2.5095925690,-0.4948297656,-0.1606800996,-0.1433000710,-0.3341496659,0.1056425638,-0.5145748626,4.4234542059,0.1772596211,0.5069281650,0.9071803311,0.0000000000,0.0419278226,0.0008521827,0.0000000000,-0.0031099576,1.0000000000,0.0419278226,8.8048427556,-3.060,1.000000,18.1765949701,-3,0.1548771960
9.150097,2.3612796339,2.5034566458,-0.4884729167,-0.1947811017,-0.1410705068,-0.2936918150,0.1044669762,-0.4708482841,5.2471894153,0.1825785320,0.5069281650,0.9071803311,0.0000000000,0.0419278226,0.0007490030,0.0000000000,-0.0030774744,1.0000000000,0.0419278226,8.8048427556,-3.212,1.000000,18.1765949701,-3,0.1548771960
9.158429,2.3572375610,2.4942527611,-0.4817869811,-0.2301703689,-0.1357076571,-0.2516166122,0.1033360791,-0.4192375818,6.1932842823,0.1889957744,0.5069281650,0.9071803311,0.0000000000,0.0419278226,0.0006416985,0.0000000000,-0.0030430434,1.0000000000,0.0419278226,8.8048427556,-3.363,1.000000,18.1765949701,-2,0.1548771960
9.166762,2.3532515590,2.4865828572,-0.4747691664,-0.2689570403,-0.1318034173,-0.2058121260,0.1022377173,-0.3667623140,6.2970321329,0.1951279086,0.5069281650,0.9071803311,0.0000000000,0.0419278226,0.0005248832,0.0000000000,-0.0030066108,1.0000000000,0.0419278226,8.8048427556,-3.515,1.000000,18.1765949701,-3,0.1548771960
9.175186,2.3492831445,2.4773789724,-0.4673445186,-0.3108253473,-0.1263301032,-0.1565191713,0.1011849664,-0.3076374213,7.0949871267,0.2019106504,0.5069281650,0.9071803311,0.0000000000,0.0419278226,0.0003991712,0.0000000000,-0.0029677413,1.0000000000,0.0419278226,8.8048427556,-3.666,1.000000,18.1765949701,-4,0.1548771960
9.183428,2.3454626422,2.4681750877,-0.4597641312,-0.3554888701,-0.1206929979,-0.1042752611,0.1001791914,-0.2451899634,7.4936949408,0.2087170344,0.5069281650,0.9073344925,0.0184993690,0.0355855085,0.0002659335,0.0000000000,-0.0029277132,1.0000000000,0.0419278226,7.4729567755,-3.818,1.000000,18.1765949701,-3,0.1579961688
9.191755,2.3416672041,2.4589712030,-0.4517920210,-0.4026878099,-0.1150164254,-0.0491042111,0.0992207212,-0.1796903389,7.8599549373,0.2197853778,0.5070004837,0.9074202686,0.0102931393,0.0262823186,0.0001252306,0.0000000000,-0.0028852446,1.0000000000,0.0419278226,5.5192869057,-3.969,1.000000,18.1765949701,-4,0.1584357521
9.200091,2.3379351935,2.4482333375,-0.4435010542,-0.4499576389,-0.1077420418,0.0064565847,0.0983228709,-0.1105679419,8.2946876493,0.2274292612,0.5070407002,0.9074535244,0.0039906858,0.0154432820,-0.0000164662,-0.0000000000,-0.0028406748,1.0000000000,0.0419278226,3.2430892120,-3.818,1.000000,18.1765949701,-3,0.1568787804
9.208427,2.3342736775,2.4374954720,-0.4349061580,-0.4995206441,-0.1003841366,0.0646144861,0.0974863364,-0.0386221047,8.6335004568,0.2318507755,0.5070562881,0.9074576370,0.0004935192,0.0035204156,-0.0001647865,-0.0000000000,-0.0027940409,1.0000000000,0.0419278226,0.7392872809,-3.666,1.000000,18.1765949701,-3,0.1542346114
9.216756,2.3306884500,2.4267576064,-0.4260216253,-0.5489348127,-0.0929507885,0.1229131874,0.0967117465,0.0336754424,8.6757056559,0.2339564515,0.5070582156,0.9074607836,0.0003775844,-0.0087442118,-0.0003134658,-0.0000000000,-0.0027453781,1.0000000000,0.0419278226,-1.8362844731,-3.515,1.000000,18.1765949701,-3,0.1516025152
9.225093,2.3271747596,2.4160197409,-0.4168356080,-0.5982139780,-0.0854466702,0.1813783701,0.0959996909,0.1063416822,8.7199487800,0.2352950645,0.5070596903,0.9074922868,0.0037803936,-0.0211828672,-0.0004625697,-0.0000000000,-0.0026945792,1.0000000000,0.0419278226,-4.4484021073,-3.363,1.000000,18.1765949701,-3,0.1501679284
9.233426,2.3237402614,2.4052818754,-0.4073676485,-0.6473706879,-0.0778640554,0.2400030393,0.0953508238,0.1793856098,8.7652713029,0.2377438824,0.5070744541,0.9075825881,0.0108361477,-0.0338846403,-0.0006120804,-0.0000000000,-0.0026417100,1.0000000000,0.0419278226,-7.1157744585,-3.212,1.000000,18.1765949701,-3,0.1511863366
9.241763,2.3203847655,2.3930100291,-0.3976172940,-0.6964163238,-0.0686690883,0.2987990298,0.0953508238,0.2564428048,9.2468634075,0.2438953375,0.5071167614,0.9075825881,0.0000000000,-0.0419278226,-0.0007620279,-0.0000000000,-0.0025867269,1.0000000000,0.0419278226,-8.8048427556,-3.060,1.000000,18.1765949701,-3,0.1511863366
9.250092,2.3171144137,2.3822721636,-0.3876027894,-0.7431323337,-0.0609361922,0.3555295443,0.0953508238,0.3285308511,8.6505655549,0.2471310746,0.5071167614,0.9075825881,0.0000000000,-0.0419278226,-0.0009067079,-0.0000000000,-0.0025296933,1.0000000000,0.0419278226,-8.8048427556,-2.909,1.000000,18.1765949701,-3,0.1511863366
9.258430,2.3139251547,2.3730682789,-0.3773115336,-0.7877352424,-0.0546681879,0.4104237089,0.0953508238,0.3958732721,8.0810905222,0.2492452043,0.5071167614,0.9075825881,0.0000000000,-0.0419278226,-0.0010467046,-0.0000000000,-0.0024704987,1.0000000000,0.0419278226,-8.8048427556,-2.757,1.000000,18.1765949701,-2,0.1511863366
9.266756,2.3108275401,2.3623304133,-0.3667779478,-0.8304214503,-0.0467854468,0.4636435026,0.0953508238,0.4647481896,8.2649900963,0.2511247858,0.5071167614,0.9075825881,0.0000000000,-0.0419278226,-0.0011824312,-0.0000000000,-0.0024093047,1.0000000000,0.0419278226,-8.8048427556,-2.606,1.000000,18.1765949701,-3,0.1511863366
9.275103,2.3078107747,2.3515925478,-0.3559644014,-0.8691402276,-0.0388443946,0.5131758262,0.0953508238,0.5300514431,7.8363904184,0.2524350844,0.5071167614,0.9075825881,0.0000000000,-0.0419278226,-0.0013087536,-0.0000000000,-0.0023458566,1.0000000000,0.0419278226,-8.8048427556,-2.455,1.000000,18.1765949701,-2,0.1511863366
9.283507,2.3048659459,2.3423886631,-0.3448308873,-0.9042603235,-0.0323858297,0.5594294362,0.0953508238,0.5891317629,7.0896383756,0.2529022322,0.5071167614,0.9075825881,0.0000000000,-0.0419278226,-0.0014267143,-0.0000000000,-0.0022798777,1.0000000000,0.0419278226,-8.8048427556,-2.303,1.000000,18.1765949701,-2,0.1511863366
9.291757,2.3020670278,2.3316507976,-0.3336674241,-0.9361162142,-0.0242659166,0.6024487900,0.0953508238,0.6482772642,7.0974601567,0.2533502925,0.5071167614,0.9075825881,0.0000000000,-0.0419278226,-0.0015364267,-0.0000000000,-0.0022130680,0.9665582849,0.0419278226,-8.8048427556,-2.152,1.000000,18.1765949701,-1,0.1511863366
9.300092,2.2993336521,2.3224469129,-0.3221609571,-0.9650112881,-0.0176312615,0.6428503310,0.0953508238,0.7018552301,6.4293559079,0.2531262264,0.5071167614,0.9075825881,0.0000000000,-0.0419278226,-0.0016394628,-0.0000000000,-0.0021435345,0.5152931895,0.0419278226,-8.8048427556,-2.000,1.000000,18.1765949701,-1,0.1511863366
9.308431,2.2966959787,2.3132430281,-0.3104284214,-0.9889918600,-0.0109288223,0.6785634386,0.0953508238,0.7508793819,5.8828982198,0.2527920908,0.5071167614,0.9075825881,0.0000000000,-0.0419278226,-0.0017305421,-0.0000000000,-0.0020719489,0.0437432077,0.0419278226,-8.8048427556,-1.849,1.000000,18.1765949701,-2,0.1511863366
9.316757,2.2941607597,2.3025051626,-0.2985008868,-1.0107435796,-0.0026026094,0.7122426928,0.0953508238,0.8010944950,6.0258135632,0.2525436505,0.5071167614,0.9075825881,0.0000000000,-0.0419278226,-0.0018164343,-0.0000000000,-0.0019984806,0.0000000000,0.0419278226,-8.8048427556,-1.697,1.000000,18.1765949701,-1,0.1511863366
9.325090,2.2917239648,2.2933012779,-0.2863601690,-1.0282447296,0.0042639003,0.7418845607,0.0953863563,0.8444082879,5.1976551488,0.2519914502,0.5071167614,0.9075825881,0.0000000000,-0.0419278226,-0.0018920301,-0.0000000000,-0.0019230007,0.0000000000,0.0419278226,-8.8048427556,-1.546,1.000000,18.1765949701,-2,0.1511863366
9.333426,2.2893879626,2.2840973932,-0.2740167451,-1.0441192513,0.0112219622,0.7701025062,0.0954798726,0.8865371560,5.0554641733,0.2512866455,0.5071167614,0.9075825881,0.0000000000,-0.0419278226,-0.0019639944,-0.0000000000,-0.0018455589,0.0554773151,0.0419278226,-8.8048427556,-1.394,1.000000,18.1765949701,-1,0.1511863366
9.341766,2.2871550242,2.2764274892,-0.2614817212,-1.0562894542,0.0167280637,0.7948077330,0.0956192732,0.9223149563,4.2933360411,0.2504080045,0.5071167614,0.9075825881,0.0000000000,-0.0419278226,-0.0020270002,-0.0000000000,-0.0017662139,0.4378146688,0.0419278226,-8.8048427556,-1.243,1.000000,18.1765949701,-1,0.1511863366
9.350096,2.2850295652,2.2687575853,-0.2487807722,-1.0650996330,0.0223225572,0.8163188608,0.0958052945,0.9551201743,3.9366261537,0.2496472038,0.5071167614,0.9075825881,0.0000000000,-0.0419278226,-0.0020818601,-0.0000000000,-0.0016851230,0.8750526533,0.0419278226,-8.8048427556,-1.091,1.000000,18.1765949701,-1,0.1511863366
9.358515,2.2829898103,2.2610876813,-0.2357721905,-1.0686332061,0.0279727796,0.8328610156,0.0960384010,0.9831135251,3.3592021056,0.2492260133,0.5071167614,0.9075825881,0.0000000000,-0.0419278226,-0.0021240476,-0.0000000000,-0.0016013697,1.0000000000,0.0419278226,-8.8048427556,-0.940,1.000000,18.1765949701,-1,0.1511863366
9.366764,2.2810980359,2.2549517582,-0.2228655868,-1.0696094788,0.0322224744,0.8467438919,0.0963069216,1.0057010698,2.7105053531,0.2487508308,0.5071167614,0.9075825881,0.0000000000,-0.0419278226,-0.0021594531,-0.0000000000,-0.0015176034,1.0000000000,0.0419278226,-8.8048427556,-0.788,1.000000,18.1765949701,-1,0.1511863366
9.375095,2.2792961146,2.2488158350,-0.2096785129,-1.0660372611,0.0365361833,0.8563587482,0.0966113898,1.0241831725,2.2178523248,0.2486461449,0.5071167614,0.9075825881,0.0000000000,-0.0419278226,-0.0021839739,-0.0000000000,-0.0014313593,1.0000000000,0.0419278226,-8.8048427556,-0.637,1.000000,18.1765949701,-1,0.1511863366
9.383421,2.2776057172,2.2426799119,-0.1963564440,-1.0583393083,0.0409379788,0.8619828643,0.0969525396,1.0388856450,1.7642967013,0.2489111393,0.5071167614,0.9075825881,0.0000000000,-0.0419278226,-0.0021983171,-0.0000000000,-0.0013435910,1.0000000000,0.0419278226,-8.8048427556,-0.485,1.000000,18.1765949701,-1,0.1511863366
9.391841,2.2760094963,2.2380779695,-0.1827463053,-1.0468990832,0.0438787111,0.8641527779,0.0973181955,1.0472564076,1.0044915143,0.2493210518,0.5071167614,0.9075825881,0.0000000000,-0.0419278226,-0.0022038510,-0.0000000000,-0.0012532956,1.0000000000,0.0419278226,-8.8048427556,-0.334,1.000000,18.1765949701,-1,0.1511863366
9.400094,2.2745567667,2.2334760272,-0.1692828349,-1.0298355320,0.0469309899,0.8605526971,0.0977092871,1.0501037878,0.3416856279,0.2503373725,0.5071167614,0.9075825881,0.0000000000,-0.0419278226,-0.0021946697,-0.0000000000,-0.0011633852,1.0000000000,0.0419278226,-8.8048427556,-0.182,1.000000,18.1765949701,-1,0.1511863366
9.408429,2.2732029424,2.2334760272,-0.1555709574,-1.0076713096,0.0454512559,0.8521003522,0.0980880476,1.0390861677,-1.3221144157,0.2512986580,0.5071167614,0.9075825881,0.0000000000,-0.0419278226,-0.0021731137,-0.0000000000,-0.0010712548,1.0000000000,0.0419278226,-8.8048427556,-0.031,1.000000,18.1765949701,0,0.1511863366
9.416752,2.2719654521,2.2334760272,-0.1417712260,-0.9808804933,0.0440615733,0.8391092673,0.0984552274,1.0236972304,-1.8466724743,0.2527221688,0.5071167614,0.9075825881,0.0000000000,-0.0419278226,-0.0021399825,-0.0000000000,-0.0009780043,1.0000000000,0.0419278226,-8.8048427556,0.120,1.000000,18.1765949701,0,0.1511863366
9.425170,2.2708311483,2.2334760272,-0.1277162059,-0.9454353460,0.0427259141,0.8177191401,0.0988112767,1.0000055660,-2.8429997277,0.2549817815,0.5071167614,0.9075825881,0.0000000000,-0.0419278226,-0.0020854312,-0.0000000000,-0.0008825275,1.0000000000,0.0419278226,-8.8048427556,0.272,1.000000,18.1765949701,0,0.1511863366
9.433428,2.2698337277,2.2334760272,-0.1138414310,-0.9043691124,0.0414952060,0.7905276815,0.0991570700,0.9707108903,-3.5153610888,0.2577403902,0.5071167614,0.9075825881,0.0000000000,-0.0419278226,-0.0020160847,-0.0000000000,-0.0007878248,1.0000000000,0.0419278226,-8.8048427556,0.423,1.000000,18.1765949701,0,0.1511863366
9.441763,2.2689434424,2.2334760272,-0.0997583363,-0.8582042393,0.0403426691,0.7584459031,0.0994932590,0.9366716723,-4.0847061545,0.2608420860,0.5071167614,0.9075825881,0.0000000000,-0.0419278226,-0.0019342665,-0.0000000000,-0.0006912901,1.0000000000,0.0419278226,-8.8048427556,0.575,1.000000,18.1765949701,0,0.1511863366
9.450097,2.2681709580,2.2334760272,-0.0856091993,-0.8074146150,0.0392816609,0.7218054157,0.0998206061,0.8982468032,-4.6109842918,0.2641808831,0.5071167614,0.9075825881,0.0000000000,-0.0419278226,-0.0018408222,-0.0000000000,-0.0005939362,1.0000000000,0.0419278226,-8.8048427556,0.726,1.000000,18.1765949701,0,0.1511863366
9.458452,2.2675151958,2.2350100079,-0.0713666824,-0.7502012071,0.0367669022,0.6788345247,0.1001269970,0.8505837176,-5.7195702689,0.2675545273,0.5071167614,0.9075825881,0.0000000000,-0.0419278226,-0.0017312334,-0.0000000000,-0.0004956200,1.0000000000,0.0419278226,-8.8048427556,0.878,1.000000,18.1765949701,0,0.1511863366
9.466763,2.2669810997,2.2350100079,-0.0571489598,-0.6916188198,0.0359000135,0.6344698600,0.1004261638,0.8047924051,-5.4949575070,0.2709621671,0.5071167614,0.9075825881,0.0000000000,-0.0419278226,-0.0016180901,-0.0000000000,-0.0003972068,1.0000000000,0.0419278226,-8.8048427556,1.029,1.000000,18.1765949701,0,0.1511863366
9.475091,2.2665646260,2.2365439887,-0.0428636874,-0.6317946916,0.0336097124,0.5889310042,0.1007062447,0.7549811849,-5.9773464169,0.2738033988,0.5071167614,0.9075825881,0.0000000000,-0.0419278226,-0.0015019522,-0.0000000000,-0.0002981095,1.0000000000,0.0419278226,-8.8048427556,1.181,1.000000,18.1765949701,0,0.1511863366
9.483420,2.2662672208,2.2380779695,-0.0285474181,-0.5730731108,0.0314447431,0.5445256927,0.1009682842,0.7065346282,-5.8135868102,0.2761700377,0.5071167614,0.9075825881,0.0000000000,-0.0419278226,-0.0013887053,-0.0000000000,-0.0001986333,1.0000000000,0.0419278226,-8.8048427556,1.332,1.000000,18.1765949701,0,0.1511863366
9.491835,2.2660879289,2.2380779695,-0.0140637693,-0.5175804779,0.0309502108,0.5035167086,0.1012262026,0.6647978232,-5.0084166026,0.2783031299,0.5071167614,0.9075825881,0.0000000000,-0.0419278226,-0.0012841199,-0.0000000000,-0.0000978830,1.0000000000,0.0419278226,-8.8048427556,1.484,1.000000,18.1765949701,0,0.1511863366
9.500092,2.2660305155,2.2396119503,0.0001576376,-0.4650166814,0.0290602142,0.4651743190,0.1014683711,0.6229406903,-5.0228559432,0.2796616437,0.5071167614,0.9075825881,0.0000000000,-0.0419278226,-0.0011863352,-0.0000000000,0.0000010972,1.0000000000,0.0419278226,-8.8048427556,1.635,1.000000,18.1765949701,0,0.1511863366
9.508429,2.2660916914,2.2396119503,0.0145171423,-0.4173383789,0.0288505410,0.4318555213,0.1017087923,0.5894425486,-4.0197770049,0.2808956889,0.5071167614,0.9075825881,0.0000000000,-0.0419278226,-0.0011013622,-0.0000000000,0.0001010378,1.0000000000,0.0419278226,-8.8048427556,1.787,1.000000,18.1765949701,1,0.1511863366
9.516759,2.2662723564,2.2426799119,0.0288552203,-0.3718626170,0.0257049075,0.4007178373,0.1019229998,0.5522688556,-4.4608431576,0.2811141279,0.5071167614,0.9075825881,0.0000000000,-0.0419278226,-0.0010219517,-0.0000000000,0.0002007734,0.9978179817,0.0419278226,-8.8048427556,1.938,1.000000,18.1765949701,1,0.1511863366
9.525093,2.2665725367,2.2442138927,0.0431794521,-0.3283846824,0.0242241192,0.3715641345,0.1021248675,0.5203733587,-3.8274596284,0.2814392884,0.5071167614,0.9075825881,0.0000000000,-0.0419278226,-0.0009476010,-0.0000000000,0.0003003019,0.9651419196,0.0419278226,-8.8048427556,2.090,1.000000,18.1765949701,1,0.1511863366
9.533533,2.2669981030,2.2457478735,0.0576564004,-0.2867188890,0.0228790112,0.3443752894,0.1023155259,0.4907011277,-3.5606677281,0.2815490166,0.5071167614,0.9075825881,0.0000000000,-0.0419278226,-0.0008782612,-0.0000000000,0.0004007232,0.9062206683,0.0419278226,-8.8048427556,2.241,1.000000,18.1765949701,2,0.1511863366
9.541778,2.2675316518,2.2503498158,0.0717594028,-0.2466968089,0.0185832618,0.3184562118,0.1024703864,0.4564033918,-4.1157283018,0.2806843958,0.5071167614,0.9075825881,0.0000000000,-0.0419278226,-0.0008121597,-0.0000000000,0.0004983348,0.5965709604,0.0419278226,-8.8048427556,2.393,1.000000,18.1765949701,1,0.1511863366
9.550102,2.2681880907,2.2549517582,0.0859490121,-0.2081656688,0.0144188721,0.2941146809,0.1025905437,0.4239098639,-3.8992233535,0.2796319079,0.5071167614,0.9075825881,0.0000000000,-0.0419278226,-0.0007500814,-0.0000000000,0.0005962783,0.2497213155,0.0419278226,-8.8048427556,2.544,1.000000,18.1765949701,2,0.1511863366
9.558437,2.2689634917,2.2580197198,0.1000981597,-0.1687580187,0.0119024460,0.2688561783,0.1026897308,0.3937515425,-3.6189985661,0.2788437961,0.5071167614,0.9075825881,0.0000000000,-0.0419278226,-0.0006856646,-0.0000000000,0.0006936240,0.0872790685,0.0419278226,-8.8048427556,2.695,1.000000,18.1765949701,2,0.1511863366
9.566766,2.2698558413,2.2641556429,0.1141682577,-0.1307842009,0.0064431523,0.2449524585,0.1027434237,0.3590586091,-4.1631520052,0.2770537780,0.5071167614,0.9075825881,0.0000000000,-0.0419278226,-0.0006247029,-0.0000000000,0.0007900603,0.0000000000,0.0419278226,-8.8048427556,2.847,1.000000,18.1765949701,4,0.1511863366
9.575095,2.2708650433,2.2687575853,0.1281599748,-0.0896531975,0.0026167565,0.2178131723,0.1027652300,0.3243416029,-4.1660407391,0.2755047198,0.5071167614,0.9075825881,0.0000000000,-0.0419278226,-0.0005554895,-0.0000000000,0.0008855494,0.0000000000,0.0419278226,-8.8048427556,2.998,1.000000,18.1765949701,1,0.1511863366
9.583419,2.2719897203,2.2764274892,0.1420557604,-0.0478873261,-0.0041657325,0.1899430865,0.1027652300,0.2830014941,-4.9608130594,0.2728569936,0.5071167614,0.9075825881,0.0000000000,-0.0419278226,-0.0004844123,-0.0000000000,0.0009799321,0.0000000000,0.0419278226,-8.8048427556,3.150,1.000000,18.1765949701,1,0.1511863366
9.591796,2.2732380176,2.2810294316,0.1559428865,-0.0033167182,-0.0077725725,0.1592596047,0.1027652300,0.2451548280,-4.5415999353,0.2708474828,0.5071167614,0.9075825881,0.0000000000,-0.0419278226,-0.0004061602,-0.0000000000,0.0010737609,0.0000000000,0.0419278226,-8.8048427556,3.301,1.000000,18.1765949701,2,0.1511863366
9.601730,2.2748683849,2.2902333163,0.1722696803,0.0460268184,-0.0156263988,0.1262428619,0.1026350100,0.1964119829,-5.8491414155,0.2671507544,0.5071167614,0.9077002984,0.0141252419,-0.0353977962,-0.0003219575,-0.0000000000,0.0011833801,0.3452837576,0.0419278226,-7.4335372079,3.453,1.000000,18.1765949701,2,0.1534379156
9.611205,2.2765737902,2.2994372010,0.1876858774,0.0974707924,-0.0234171192,0.0902150849,0.1024398673,0.1447194150,-6.2031081474,0.2670211521,0.5071718840,0.9077641804,0.0076658405,-0.0257935481,-0.0002300758,-0.0000000000,0.0012861379,0.9327586524,0.0419278226,-5.4166450975,3.604,1.000000,18.1765949701,3,0.1533436727
9.618691,2.2780238965,2.3071071050,0.1997480070,0.1485911048,-0.0299273191,0.0511569022,0.1021904730,0.0924860601,-6.2680025854,0.2627155524,0.5072017869,0.9077899637,0.0030939959,-0.0157322203,-0.0001304656,-0.0000000000,0.0013659945,1.0000000000,0.0419278226,-3.3037662591,3.453,1.000000,18.1765949701,3,0.1516674059
9.626309,2.2795920176,2.3147770089,0.2119107347,0.1994178380,-0.0363178366,0.0124928967,0.1018878244,0.0408320606,-6.1984799353,0.2554292264,0.5072138535,0.9077948881,0.0005909247,-0.0059262945,-0.0000318607,-0.0000000000,0.0014460035,1.0000000000,0.0419278226,-1.2445218346,3.301,1.000000,18.1765949701,4,0.1491602398
9.633464,2.2811487761,2.3209129321,0.2232235658,0.2499782784,-0.0411842230,-0.0267547126,0.1015446225,-0.0084186061,-5.9100800019,0.2470328110,0.5072161579,0.9077950925,0.0000245244,0.0030657465,0.0000682326,0.0000000000,0.0015199355,1.0000000000,0.0419278226,0.6438067716,3.150,1.000000,18.1765949701,1,0.1465023808
9.641745,2.2830511830,2.3285828360,0.2361765885,0.3002971765,-0.0472375698,-0.0641205880,0.1011509761,-0.0581945827,-5.9731171968,0.2379100419,0.5072162536,0.9078046006,0.0011409827,0.0117121645,0.0001635269,0.0000000000,0.0016039837,1.0000000000,0.0419278226,2.4595545502,2.998,1.000000,18.1765949701,2,0.1442831440
9.650087,2.2850750966,2.3362527399,0.2490615162,0.3503969821,-0.0531681651,-0.1013354659,0.1007079081,-0.1076245097,-5.9315912447,0.2294448117,0.5072207029,0.9078363039,0.0038043878,0.0198749574,0.0002584361,0.0000000000,0.0016869228,1.0000000000,0.0419278226,4.1737410550,2.847,1.000000,18.1765949701,2,0.1430424552
9.658427,2.2872053168,2.3454566247,0.2617727252,0.4002980585,-0.0605253058,-0.1385253334,0.1002035305,-0.1599229995,-6.2758187758,0.2219574249,0.5072355371,0.9079047089,0.0082086035,0.0281569714,0.0003532815,0.0000000000,0.0017680638,1.0000000000,0.0419278226,5.9129639957,2.695,1.000000,18.1765949701,1,0.1433693172
9.666751,2.2894366361,2.3561944902,0.2742816056,0.4477900008,-0.0693016424,-0.1735083952,0.0996260168,-0.2129053227,-6.3578787763,0.2164436986,0.5072675370,0.9080238643,0.0142986453,0.0363576332,0.0004424989,0.0000000000,0.0018472279,1.0000000000,0.0419278226,7.6351029669,2.544,1.000000,18.1765949701,3,0.1457797600
9.675087,2.2917747183,2.3638643941,0.2866203644,0.4930967236,-0.0748908409,-0.2064763592,0.0990019265,-0.2575888185,-5.3620195035,0.2150535927,0.5073232540,0.9080238643,0.0000000000,0.0419278226,0.0005265772,0.0000000000,0.0019246256,1.0000000000,0.0419278226,8.8048427556,2.393,1.000000,18.1765949701,3,0.1457797600
9.683516,2.2942423620,2.3730682789,0.2988955233,0.5386502060,-0.0818858604,-0.2397546827,0.0983195443,-0.3054321131,-5.7411953475,0.2093267574,0.5073232540,0.9080238643,0.0000000000,0.0419278226,0.0006114470,0.0000000000,0.0020009224,1.0000000000,0.0419278226,8.8048427556,2.241,1.000000,18.1765949701,1,0.1457797600
9.691760,2.2967554194,2.3838061444,0.3107001313,0.5821986374,-0.0903580567,-0.2714985060,0.0975665605,-0.3547441973,-5.9174500993,0.2031279571,0.5073232540,0.9080238643,0.0000000000,0.0419278226,0.0006924033,0.0000000000,0.0020736145,1.0000000000,0.0419278226,8.8048427556,2.090,1.000000,18.1765949701,3,0.1457797600
9.700093,2.2993933141,2.3914760483,0.3224189366,0.6216994995,-0.0956144610,-0.2992805629,0.0967697733,-0.3937511442,-4.6808336283,0.1982665021,0.5073232540,0.9080238643,0.0000000000,0.0419278226,0.0007632560,0.0000000000,0.0021451009,1.0000000000,0.0419278226,8.8048427556,1.938,1.000000,18.1765949701,2,0.1457797600
9.708426,2.3021282441,2.4006799330,0.3339180536,0.6597578659,-0.1022996162,-0.3258398123,0.0959172765,-0.4344277155,-4.8811885647,0.1929769989,0.5073232540,0.9080238643,0.0000000000,0.0419278226,0.0008309901,0.0000000000,0.0022145750,1.0000000000,0.0419278226,8.8048427556,1.787,1.000000,18.1765949701,1,0.1457797600
9.716760,2.3049579703,2.4098838178,0.3451879925,0.6965078080,-0.1088825424,-0.3513198155,0.0950099220,-0.4738761061,-4.7338068632,0.1877760430,0.5073232540,0.9080238643,0.0000000000,0.0419278226,0.0008959718,0.0000000000,0.0022820042,1.0000000000,0.0419278226,8.8048427556,1.635,1.000000,18.1765949701,2,0.1457797600
9.725183,2.3079126498,2.4190877025,0.3563390371,0.7320709360,-0.1153337733,-0.3757318989,0.0940488072,-0.5120480404,-4.5806321151,0.1826815611,0.5073232540,0.9080238643,0.0000000000,0.0419278226,0.0009582300,0.0000000000,0.0023480652,1.0000000000,0.0419278226,8.8048427556,1.484,1.000000,18.1765949701,1,0.1457797600
9.733432,2.3108965199,2.4267576064,0.3670186171,0.7643286815,-0.1202030557,-0.3973100644,0.0930471151,-0.5442843182,-3.8683533417,0.1783720962,0.5073232540,0.9080238643,0.0000000000,0.0419278226,0.0010132609,0.0000000000,0.0024107096,1.0000000000,0.0419278226,8.8048427556,1.332,1.000000,18.1765949701,1,0.1457797600
9.741762,2.3139975543,2.4344275104,0.3775512176,0.7913593846,-0.1249254802,-0.4138081671,0.0920060694,-0.5711876779,-3.2284031642,0.1745977492,0.5073232540,0.9080238643,0.0000000000,0.0419278226,0.0010553360,0.0000000000,0.0024718840,1.0000000000,0.0419278226,8.8048427556,1.181,1.000000,18.1765949701,1,0.1457797600
9.750096,2.3171870773,2.4420974143,0.3878310661,0.8158777437,-0.1295451442,-0.4280466776,0.0909265266,-0.5956653233,-2.9373174439,0.1710776354,0.5073232540,0.9080238643,0.0000000000,0.0419278226,0.0010916485,0.0000000000,0.0025309996,1.0000000000,0.0419278226,8.8048427556,1.029,1.000000,18.1765949701,1,0.1457797600
9.758511,2.3204934285,2.4497673183,0.3979411636,0.8358883904,-0.1340223726,-0.4379472269,0.0898096735,-0.6155589201,-2.3872316206,0.1680332818,0.5073232540,0.9080238643,0.0000000000,0.0419278226,0.0011168979,0.0000000000,0.0025885619,1.0000000000,0.0419278226,8.8048427556,0.878,1.000000,18.1765949701,1,0.1457797600
9.766763,2.3238175112,2.4559032414,0.4075861629,0.8518102901,-0.1369246615,-0.4442241272,0.0886686346,-0.6287248865,-1.5799159638,0.1658648892,0.5073232540,0.9080238643,0.0000000000,0.0419278226,0.0011329059,0.0000000000,0.0026429360,1.0000000000,0.0419278226,8.8048427556,0.726,1.000000,18.1765949701,1,0.1457797600
9.775097,2.3272539894,2.4620391646,0.4170481920,0.8617945918,-0.1396808249,-0.4447463998,0.0875046277,-0.6358686674,-0.8572537082,0.1643106682,0.5073232540,0.9080238643,0.0000000000,0.0419278226,0.0011342379,0.0000000000,0.0026957604,1.0000000000,0.0419278226,8.8048427556,0.575,1.000000,18.1765949701,1,0.1457797600
9.783419,2.3307629207,2.4681750877,0.4262110812,0.8663931601,-0.1423339401,-0.4401820789,0.0863185116,-0.6377430020,-0.2249201529,0.1632901622,0.5073232540,0.9080238643,0.0000000000,0.0419278226,0.0011225975,0.0000000000,0.0027464207,1.0000000000,0.0419278226,8.8048427556,0.423,1.000000,18.1765949701,1,0.1457797600
9.791753,2.3343519080,2.4727770301,0.4350947476,0.8683354429,-0.1433579288,-0.4332406953,0.0851238622,-0.6340132429,0.4475710959,0.1630022161,0.5073232540,0.9080238643,0.0000000000,0.0419278226,0.0011048948,0.0000000000,0.0027950688,1.0000000000,0.0419278226,8.8048427556,0.272,1.000000,18.1765949701,1,0.1457797600
9.800181,2.3380558175,2.4773789724,0.4437762969,0.8656394504,-0.1442406464,-0.4218631536,0.0839218568,-0.6255740144,1.0127074136,0.1631687691,0.5073232540,0.9080238643,0.0000000000,0.0419278226,0.0010758787,0.0000000000,0.0028421610,1.0000000000,0.0419278226,8.8048427556,0.120,1.000000,18.1765949701,4,0.1457797600
9.808426,2.3417489307,2.4789129532,0.4519684785,0.8565074072,-0.1420296370,-0.4045389286,0.0827382765,-0.6050257930,2.4657865657,0.1648732289,0.5073232540,0.9080238643,0.0000000000,0.0419278226,0.0010316967,0.0000000000,0.0028861887,1.0000000000,0.0419278226,8.8048427556,-0.031,1.000000,18.1765949701,0,0.1457797600
9.816758,2.3455481097,2.4789129532,0.4599385014,0.8415375060,-0.1381454176,-0.3815990046,0.0815870647,-0.5755069604,3.5422599159,0.1676009380,0.5073232540,0.9080238643,0.0000000000,0.0419278226,0.0009731929,0.0000000000,0.0029286379,1.0000000000,0.0419278226,8.8048427556,-0.182,1.000000,18.1765949701,0,0.1457797600
9.825093,2.3494135719,2.4789129532,0.4675956965,0.8212723412,-0.1341648338,-0.3536766447,0.0804690244,-0.5407816036,4.1670428159,0.1707786202,0.5073232540,0.9080238643,0.0000000000,0.0419278226,0.0009019824,0.0000000000,0.0029690617,1.0000000000,0.0419278226,8.8048427556,-0.334,1.000000,18.1765949701,0,0.1457797600
9.833425,2.3533406935,2.4773789724,0.4749308407,0.7917463248,-0.1285360012,-0.3168154841,0.0793978910,-0.4937977713,5.6380598735,0.1752290322,0.5073232540,0.9080238643,0.0000000000,0.0419278226,0.0008079753,0.0000000000,0.0030074535,1.0000000000,0.0419278226,8.8048427556,-0.485,1.000000,18.1765949701,0,0.1457797600
9.841793,2.3573445326,2.4773789724,0.4819694262,0.7560490738,-0.1243293745,-0.2740796476,0.0783618129,-0.4437291980,6.0082287934,0.1796199280,0.5073232540,0.9080238643,0.0000000000,0.0419278226,0.0006989860,0.0000000000,0.0030439866,1.0000000000,0.0419278226,8.8048427556,-0.637,1.000000,18.1765949701,0,0.1457797600
9.850097,2.3613746694,2.4773789724,0.4886250420,0.7147541681,-0.1200646512,-0.2261291261,0.0773612742,-0.3882955163,6.6520418119,0.1842972498,0.5073232540,0.9080238643,0.0000000000,0.0419278226,0.0005766977,0.0000000000,0.0030782546,1.0000000000,0.0419278226,8.8048427556,-0.788,1.000000,18.1765949701,0,0.1457797600
9.858442,2.3654790181,2.4758449916,0.4949785607,0.6683818766,-0.1141628918,-0.1734033159,0.0764099167,-0.3247868970,7.6210343167,0.1896336490,0.5073232540,0.9080238643,0.0000000000,0.0419278226,0.0004422309,0.0000000000,0.0031107150,1.0000000000,0.0419278226,8.8048427556,-0.940,1.000000,18.1765949701,0,0.1457797600
9.866754,2.3696183452,2.4758449916,0.5009686567,0.6174041122,-0.1097339721,-0.1164354556,0.0754954670,-0.2599248945,7.7834402937,0.1944937258,0.5073232540,0.9080238643,0.0000000000,0.0419278226,0.0002969456,0.0000000000,0.0031410923,1.0000000000,0.0419278226,8.8048427556,-1.091,1.000000,18.1765949701,0,0.1457797600
9.875178,2.3738629305,2.4743110109,0.5066911249,0.5644778023,-0.1036547443,-0.0577866773,0.0746316774,-0.1900545086,8.3844463139,0.1995809657,0.5073232540,0.9081137389,0.0107849583,0.0321061798,0.0001473735,0.0000000000,0.0031699068,1.0000000000,0.0419278226,6.7422977616,-1.243,1.000000,18.1765949701,0,0.1467672950
9.883427,2.3780642792,2.4727770301,0.5119504310,0.5120129283,-0.0976213743,-0.0000624973,0.0738181660,-0.1211502180,8.2685148680,0.2055382153,0.5073652593,0.9081509875,0.0044698217,0.0219155467,0.0000001594,0.0000000000,0.0031962114,1.0000000000,0.0419278226,4.6022648028,-1.394,1.000000,18.1765949701,0,0.1456373274
9.891761,2.3823517114,2.4727770301,0.5169150374,0.4621954784,-0.0930509411,0.0547195590,0.0730427415,-0.0580558879,7.5713196092,0.2074292031,0.5073826633,0.9081595942,0.0010328154,0.0121076818,-0.0001395514,-0.0000000000,0.0032208857,1.0000000000,0.0419278226,2.5426131713,-1.546,1.000000,18.1765949701,0,0.1433827541
9.900091,2.3866773626,2.4712430493,0.5215236209,0.4147793901,-0.0869219495,0.1067442309,0.0723183919,0.0054267171,7.6179125995,0.2075444052,0.5073866843,0.9081596695,0.0000090275,0.0021273716,-0.0002722301,-0.0000000000,0.0032436545,1.0000000000,0.0419278226,0.4467480276,-1.394,1.000000,18.1765949701,-1,0.1408227416
9.908509,2.3910858309,2.4697090685,0.5258176717,0.3695414710,-0.0807225147,0.1562762007,0.0716457043,0.0666074616,7.3416893441,0.2065962160,0.5073867195,0.9081709678,0.0013557941,-0.0074616511,-0.0003985516,-0.0000000000,0.0032647512,1.0000000000,0.0419278226,-1.5669467324,-1.243,1.000000,18.1765949701,-1,0.1387783682
9.916759,2.3954400659,2.4681750877,0.5296693879,0.3262792732,-0.0745885366,0.2033901147,0.0710241331,0.1252905564,7.0419713804,0.2058483301,0.5073919977,0.9082108463,0.0047854248,-0.0166147716,-0.0005187063,-0.0000000000,0.0032835777,1.0000000000,0.0419278226,-3.4891020457,-1.091,1.000000,18.1765949701,-1,0.1379897077
9.925093,2.3998690547,2.4651071261,0.5331987972,0.2848091651,-0.0668560045,0.2483896321,0.0704669997,0.1850975218,7.1768358430,0.2069520475,0.5074106256,0.9082981984,0.0104822514,-0.0260678744,-0.0006334687,-0.0000000000,0.0033007481,1.0000000000,0.0419278226,-5.4742536187,-0.940,1.000000,18.1765949701,-1,0.1392579510
9.933425,2.4043253786,2.4620391646,0.5363623882,0.2449645826,-0.0591053714,0.2913978056,0.0699744550,0.2430127794,6.9498309119,0.2108391941,0.5074514171,0.9084506786,0.0182976190,-0.0356355747,-0.0007431526,-0.0000000000,0.0033160733,1.0000000000,0.0419278226,-7.4834706950,-0.788,1.000000,18.1765949701,-1,0.1432699321
9.941758,2.4088063431,2.4605051838,0.5391583445,0.2065944426,-0.0528724545,0.3325639018,0.0699744550,0.2965574486,6.4253603044,0.2183223857,0.5075225829,0.9084506786,0.0000000000,-0.0419278226,-0.0008481386,-0.0000000000,0.0033295659,1.0000000000,0.0419278226,-8.8048427556,-0.637,1.000000,18.1765949701,-1,0.1432699321
9.950096,2.4133124468,2.4574372222,0.5415865709,0.1717905803,-0.0451006767,0.3697959907,0.0699744550,0.3492242880,6.3200207292,0.2195156434,0.5075225829,0.9084506786,0.0000000000,-0.0419278226,-0.0009430917,-0.0000000000,0.0033412446,1.0000000000,0.0419278226,-8.8048427556,-0.485,1.000000,18.1765949701,-1,0.1432699321
9.958425,2.4178322455,2.4559032414,0.5436411040,0.1379926554,-0.0388548993,0.4056484486,0.0699744550,0.3974808600,5.7907886349,0.2200192484,0.5075225829,0.9084506786,0.0000000000,-0.0419278226,-0.0010345263,-0.0000000000,0.0033510974,1.0000000000,0.0419278226,-8.8048427556,-0.334,1.000000,18.1765949701,-1,0.1432699321
9.966759,2.4223700725,2.4543692606,0.5453242334,0.1051071719,-0.0325962770,0.4402170615,0.0699744550,0.4444790968,5.6397884213,0.2202659048,0.5075225829,0.9084506786,0.0000000000,-0.0419278226,-0.0011226867,-0.0000000000,0.0033591496,1.0000000000,0.0419278226,-8.8048427556,-0.182,1.000000,18.1765949701,1,0.1432699321
9.975090,2.4269188809,2.4528352798,0.5466332233,0.0730493240,-0.0263313747,0.4735838993,0.0699744550,0.4902880305,5.4970720406,0.2202765914,0.5075225829,0.9084506786,0.0000000000,-0.0419278226,-0.0012077822,-0.0000000000,0.0033653997,1.0000000000,0.0419278226,-8.8048427556,-0.031,1.000000,18.1765949701,0,0.1432699321
9.983427,2.4314801582,2.4513012990,0.5475682991,0.0439710634,-0.0200709300,0.5035972357,0.0699744550,0.5327346102,5.0935895626,0.2201219303,0.5075225829,0.9084506786,0.0000000000,-0.0419278226,-0.0012843253,-0.0000000000,0.0033698580,0.7182221239,0.0419278226,-8.8048427556,0.120,1.000000,18.1765949701,0,0.1432699321
9.991759,2.4360452606,2.4513012990,0.5481275998,0.0198243310,-0.0153686558,0.5283032689,0.0699744550,0.5667793599,4.0853699632,0.2195716349,0.5075225829,0.9084506786,0.0000000000,-0.0419278226,-0.0013473332,-0.0000000000,0.0033725220,0.3242465861,0.0419278226,-8.8048427556,0.272,1.000000,18.1765949701,0,0.1432699321
10.000112,2.4406249124,2.4513012990,0.5483113216,0.0001507704,-0.0106772431,0.5481605512,0.0699744550,0.5959537877,3.5009313425,0.2190425634,0.5075225829,0.9084506786,0.0000000000,-0.0419278226,-0.0013979752,-0.0000000000,0.0033733967,0.0346796387,0.0419278226,-8.8048427556,0.423,1.000000,18.1765949701,0,0.1432699321
10.008426,2.4451831447,2.4513012990,0.5481192464,-0.0154653734,-0.0060302992,0.5635846197,0.0699744550,0.6206066868,2.9583478907,0.2185732481,0.5075225829,0.9084506786,0.0000000000,-0.0419278226,-0.0014373113,-0.0000000000,0.0033724822,0.0000000000,0.0419278226,-8.8048427556,0.575,1.000000,18.1765949701,0,0.1432699321
10.016763,2.4497505766,2.4513012990,0.5475511963,-0.0274012131,-0.0013950627,0.5749524094,0.0699744550,0.6411800562,2.4688043218,0.2181893074,0.5075225829,0.9084506786,0.0000000000,-0.0419278226,-0.0014663026,-0.0000000000,0.0033697765,0.0000000000,0.0419278226,-8.8048427556,0.726,1.000000,18.1765949701,0,0.1432699321
10.025109,2.4543166766,2.4513012990,0.5466063394,-0.0337699355,0.0032072165,0.5803762749,0.0700011818,0.6557704021,1.7508415166,0.2179867236,0.5075225829,0.9084506786,0.0000000000,-0.0419278226,-0.0014801351,-0.0000000000,0.0033652715,0.0000000000,0.0419278226,-8.8048427556,0.878,1.000000,18.1765949701,0,0.1432699321
10.033427,2.4588583570,2.4513012990,0.5452906972,-0.0373178470,0.0077690518,0.5826085442,0.0700659239,0.6671263152,1.3627095633,0.2178849086,0.5075225829,0.9084506786,0.0000000000,-0.0419278226,-0.0014858280,-0.0000000000,0.0033589893,0.0000000000,0.0419278226,-8.8048427556,1.029,1.000000,18.1765949701,1,0.1432699321
10.041761,2.4633957180,2.4513012990,0.5435992894,-0.0383071254,0.0123120327,0.5819064148,0.0701685242,0.6755477147,1.0105679484,0.2178826410,0.5075225829,0.9084506786,0.0000000000,-0.0419278226,-0.0014840374,-0.0000000000,0.0033508971,0.1092631124,0.0419278226,-8.8048427556,1.181,1.000000,18.1765949701,0,0.1432699321
10.050197,2.4679728466,2.4513012990,0.5415076606,-0.0369755803,0.0168815970,0.5784832410,0.0703092041,0.6813384131,0.6948838048,0.2179755491,0.5075225829,0.9084506786,0.0000000000,-0.0419278226,-0.0014753073,-0.0000000000,0.0033408656,0.4509366816,0.0419278226,-8.8048427556,1.332,1.000000,18.1765949701,0,0.1432699321
10.058432,2.4724229621,2.4513012990,0.5390986945,-0.0357677946,0.0213248514,0.5748664891,0.0704869112,0.6867211924,0.6459335117,0.2180680117,0.5075225829,0.9084506786,0.0000000000,-0.0419278226,-0.0014660835,-0.0000000000,0.0033292785,0.8109058889,0.0419278226,-8.8048427556,1.484,1.000000,18.1765949701,0,0.1432699321
10.066760,2.4769009121,2.4513012990,0.5362959959,-0.0324433896,0.0257839162,0.5687393854,0.0707017772,0.6896616597,0.3528560836,0.2182485064,0.5075225829,0.9084506786,0.0000000000,-0.0419278226,-0.0014504575,-0.0000000000,0.0033157523,0.9984787989,0.0419278226,-8.8048427556,1.635,1.000000,18.1765949701,0,0.1432699321
10.075096,2.4813583367,2.4513012990,0.5331229773,-0.0294279683,0.0302242109,0.5625509457,0.0709536456,0.6925399999,0.3454008159,0.2184220948,0.5075225829,0.9084506786,0.0000000000,-0.0419278226,-0.0014346751,-0.0000000000,0.0033003801,1.0000000000,0.0419278226,-8.8048427556,1.787,1.000000,18.1765949701,1,0.1432699321
10.083427,2.4857855116,2.4513012990,0.5295862942,-0.0266928127,0.0346358481,0.5562791069,0.0712422777,0.6953142778,0.3329133518,0.2185896763,0.5075225829,0.9084506786,0.0000000000,-0.0419278226,-0.0014186800,-0.0000000000,0.0032831725,1.0000000000,0.0419278226,-8.8048427556,1.938,1.000000,18.1765949701,1,0.1432699321
10.091845,2.4902274309,2.4513012990,0.5256442131,-0.0242118736,0.0390636738,0.5498560866,0.0715678083,0.6980059085,0.3229956907,0.2187532104,0.5075225829,0.9084506786,0.0000000000,-0.0419278226,-0.0014022994,-0.0000000000,0.0032639012,1.0000000000,0.0419278226,-8.8048427556,2.090,1.000000,18.1765949701,1,0.1432699321
10.100094,2.4945463380,2.4513012990,0.5214247748,-0.0219615231,0.0433697971,0.5433862979,0.0719292233,0.7004444537,0.2926254206,0.2189103522,0.5075225829,0.9084506786,0.0000000000,-0.0419278226,-0.0013857995,-0.0000000000,0.0032431675,1.0000000000,0.0419278226,-8.8048427556,2.241,1.000000,18.1765949701,1,0.1432699321
10.108427,2.4988719845,2.4513012990,0.5168073160,-0.0199203294,0.0476838481,0.5367276454,0.0723265887,0.7027453281,0.2761049278,0.2190648277,0.5075225829,0.9084506786,0.0000000000,-0.0419278226,-0.0013688179,-0.0000000000,0.0032203520,1.0000000000,0.0419278226,-8.8048427556,2.393,1.000000,18.1765949701,1,0.1432699321
10.116754,2.5031553104,2.4513012990,0.5118386159,-0.0180688526,0.0519566562,0.5299074684,0.0727595608,0.7048378798,0.2511061975,0.2192160672,0.5075225829,0.9084506786,0.0000000000,-0.0419278226,-0.0013514244,-0.0000000000,0.0031956539,1.0000000000,0.0419278226,-8.8048427556,2.544,1.000000,18.1765949701,1,0.1432699321
10.125170,2.5074401912,2.4513012990,0.5064617754,-0.0163894596,0.0562319968,0.5228512349,0.0732281608,0.7067345353,0.2275986615,0.2193659436,0.5075225829,0.9084506786,0.0000000000,-0.0419278226,-0.0013334288,-0.0000000000,0.0031687558,1.0000000000,0.0419278226,-8.8048427556,2.695,1.000000,18.1765949701,4,0.1432699321
10.133426,2.5115987159,2.4513012990,0.5008424971,-0.0148661562,0.0603818680,0.5157086533,0.0737313430,0.7083297602,0.1914269864,0.2195108656,0.5075225829,0.9084506786,0.0000000000,-0.0419278226,-0.0013152131,-0.0000000000,0.0031404548,1.0000000000,0.0419278226,-8.8048427556,2.847,1.000000,18.1765949701,3,0.1432699321
10.141769,2.5157525881,2.4513012990,0.4948216170,-0.0134844349,0.0645278910,0.5083060519,0.0742690754,0.7096913909,0.1633956868,0.2196550302,0.5075225829,0.9084506786,0.0000000000,-0.0419278226,-0.0012963342,-0.0000000000,0.0031099162,1.0000000000,0.0419278226,-8.8048427556,2.998,1.000000,18.1765949701,2,0.1432699321
10.150093,2.5198451522,2.4513012990,0.4884762501,-0.0122311364,0.0686133353,0.5007073865,0.0748408532,0.7107702190,0.1294593712,0.2197968073,0.5075225829,0.9084506786,0.0000000000,-0.0419278226,-0.0012769553,-0.0000000000,0.0030774915,1.0000000000,0.0419278226,-8.8048427556,3.150,1.000000,18.1765949701,3,0.1432699321
10.158426,2.5238877889,2.4528352798,0.4817895708,-0.0110943246,0.0711155333,0.4928838954,0.0754334827,0.7085004547,-0.2723717080,0.2196488744,0.5075225829,0.9084506786,0.0000000000,-0.0419278226,-0.0012570030,-0.0000000000,0.0030430568,1.0000000000,0.0419278226,-8.8048427556,3.301,1.000000,18.1765949701,2,0.1432699321
10.166850,2.5279170669,2.4528352798,0.4746933476,-0.0100631727,0.0751389535,0.4847565203,0.0760596406,0.7089810146,0.0576671816,0.2197905406,0.5075225829,0.9084506786,0.0000000000,-0.0419278226,-0.0012362758,-0.0000000000,0.0030062156,1.0000000000,0.0419278226,-8.8048427556,3.453,1.000000,18.1765949701,2,0.1432699321
10.175094,2.5318005323,2.4528352798,0.4674277493,-0.0091278603,0.0790171057,0.4765556096,0.0767181165,0.7091314036,0.0180466838,0.2199264351,0.5075225829,0.9084506786,0.0000000000,-0.0419278226,-0.0012153610,-0.0000000000,0.0029681788,1.0000000000,0.0419278226,-8.8048427556,3.604,1.000000,18.1765949701,3,0.1432699321
10.183429,2.5356647099,2.4543692606,0.4597631410,-0.0082794797,0.0813424830,0.4680426206,0.0773959705,0.7059050113,-0.3871670811,0.2197748825,0.5075225829,0.9084506786,0.0000000000,-0.0419278226,-0.0011936503,-0.0000000000,0.0029277080,1.0000000000,0.0419278226,-8.8048427556,3.756,1.000000,18.1765949701,5,0.1432699321
10.191760,2.5394622314,2.4543692606,0.4517864720,-0.0075099510,0.0851356330,0.4592964230,0.0781054341,0.7053915754,-0.0616123114,0.2199091837,0.5075225829,0.9084506786,0.0000000000,-0.0419278226,-0.0011713448,-0.0000000000,0.0028852149,1.0000000000,0.0419278226,-8.8048427556,3.907,1.000000,18.1765949701,5,0.1432699321
10.200092,2.5431921987,2.4543692606,0.4434998549,-0.0045830697,0.0888489734,0.4480829246,0.0788458423,0.7022828496,-0.3730470875,0.2201052240,0.5075225829,0.9084506786,0.0000000000,-0.0419278226,-0.0011427470,-0.0000000000,0.0028406684,1.0000000000,0.0419278226,-8.8048427556,4.059,1.000000,18.1765949701,4,0.1432699321
10.208511,2.5468896536,2.4543692606,0.4348181790,-0.0019282247,0.0925313467,0.4367464037,0.0796169368,0.6990198592,-0.3915588461,0.2202892874,0.5075225829,0.9084506786,0.0000000000,-0.0419278226,-0.0011138355,-0.0000000000,0.0027935613,1.0000000000,0.0419278226,-8.8048427556,4.210,1.000000,18.1765949701,4,0.1432699321
10.216760,2.5504403260,2.4543692606,0.4260167659,0.0004798682,0.0960683394,0.4255368977,0.0804175063,0.6956242214,-0.4074765452,0.2204564480,0.5075225829,0.9084506786,0.0000000000,-0.0419278226,-0.0010852478,-0.0000000000,0.0027453514,1.0000000000,0.0419278226,-8.8048427556,4.362,1.000000,18.1765949701,3,0.1432699321
10.225094,2.5539525472,2.4559032414,0.4168344273,0.0026641431,0.0980341714,0.4141702842,0.0812344577,0.6889673045,-0.7988300217,0.2203239615,0.5075225829,0.9084506786,0.0000000000,-0.0419278226,-0.0010562595,-0.0000000000,0.0026945727,1.0000000000,0.0419278226,-8.8048427556,4.513,1.000000,18.1765949701,4,0.1432699321
10.233424,2.5573858887,2.4559032414,0.4073696778,0.0046454025,0.1014562579,0.4027242753,0.0820799266,0.6851512330,-0.4579285824,0.2204679578,0.5075225829,0.9084506786,0.0000000000,-0.0419278226,-0.0010270687,-0.0000000000,0.0026417214,1.0000000000,0.0419278226,-8.8048427556,4.665,1.000000,18.1765949701,5,0.1432699321
10.241787,2.5607516881,2.4559032414,0.3975886944,0.0064425156,0.1048118483,0.3911461788,0.0829533586,0.6810985859,-0.4863176523,0.2205998445,0.5075225829,0.9084506786,0.0000000000,-0.0419278226,-0.0009975411,-0.0000000000,0.0025865648,1.0000000000,0.0419278226,-8.8048427556,4.816,1.000000,18.1765949701,5,0.1432699321
10.250098,2.5640147573,2.4574372222,0.3875955472,0.0103014734,0.1065190149,0.3772940737,0.0838410171,0.6715121883,-1.1503677121,0.2204734547,0.5075225829,0.9084506786,0.0000000000,-0.0419278226,-0.0009622140,-0.0000000000,0.0025296518,1.0000000000,0.0419278226,-8.8048427556,4.968,1.000000,18.1765949701,4,0.1432699321
10.258429,2.5672012792,2.4574372222,0.3773129684,0.0138017640,0.1096856525,0.3635112044,0.0847550642,0.6649195565,-0.7911158116,0.2206153300,0.5075225829,0.9084506786,0.0000000000,-0.0419278226,-0.0009270635,-0.0000000000,0.0024705070,1.0000000000,0.0419278226,-8.8048427556,5.119,1.000000,18.1765949701,5,0.1432699321
10.266753,2.5702984709,2.4589712030,0.3667809363,0.0169767232,0.1112308272,0.3498042131,0.0856819877,0.6551952743,-1.1669138681,0.2204399157,0.5075225829,0.9084506786,0.0000000000,-0.0419278226,-0.0008921066,-0.0000000000,0.0024093221,1.0000000000,0.0419278226,-8.8048427556,5.271,1.000000,18.1765949701,4,0.1432699321
10.275183,2.5733443479,2.4605051838,0.3558603736,0.0198565887,0.1127263636,0.3360037849,0.0866213741,0.6452912622,-1.1884814490,0.2202421239,0.5075225829,0.9084506786,0.0000000000,-0.0419278226,-0.0008569113,-0.0000000000,0.0023452431,1.0000000000,0.0419278226,-8.8048427556,5.422,1.000000,18.1765949701,5,0.1432699321
10.283426,2.5762328764,2.4605051838,0.3449397810,0.0246976636,0.1155873911,0.3202421174,0.0875846024,0.6361613858,-1.0955851757,0.2203461987,0.5075225829,0.9084506786,0.0000000000,-0.0419278226,-0.0008167143,-0.0000000000,0.0022805262,1.0000000000,0.0419278226,-8.8048427556,5.573,1.000000,18.1765949701,4,0.1432699321
10.291760,2.5790607598,2.4620391646,0.3336636528,0.0290887891,0.1168563488,0.3045748637,0.0885584053,0.6239744993,-1.4624263724,0.2201190910,0.5075225829,0.9084506786,0.0000000000,-0.0419278226,-0.0007767580,-0.0000000000,0.0022130453,1.0000000000,0.0419278226,-8.8048427556,5.725,1.000000,18.1765949701,5,0.1432699321
10.300086,2.5817912517,2.4635731453,0.3221694513,0.0330717855,0.1180302334,0.2890976658,0.0895419906,0.6117984996,-1.4611199682,0.2198585553,0.5075225829,0.9084506786,0.0000000000,-0.0419278226,-0.0007372865,-0.0000000000,0.0021435861,1.0000000000,0.0419278226,-8.8048427556,5.876,1.000000,18.1765949701,5,0.1432699321
10.308428,2.5844298708,2.4651071261,0.3104330759,0.0389134618,0.1191016866,0.2715196141,0.0905345046,0.5973270214,-1.7365773847,0.2195801730,0.5075225829,0.9084506786,0.0000000000,-0.0419278226,-0.0006924572,-0.0000000000,0.0020719774,1.0000000000,0.0419278226,-8.8048427556,6.028,1.000000,18.1765949701,5,0.1432699321
10.316761,2.5869671408,2.4666411069,0.2984958844,0.0442121887,0.1200748749,0.2542836956,0.0915351286,0.5830105192,-1.7179802583,0.2192592266,0.5075225829,0.9084506786,0.0000000000,-0.0419278226,-0.0006485004,-0.0000000000,0.0019984497,1.0000000000,0.0419278226,-8.8048427556,6.179,1.000000,18.1765949701,7,0.1432699321
10.325092,2.5894036869,2.4681750877,0.2863561439,0.0512473061,0.1209374754,0.2351088378,0.0925429409,0.5665425383,-1.9761577159,0.2189004433,0.5075225829,0.9084506786,0.0000000000,-0.0419278226,-0.0005995987,-0.0000000000,0.0019229755,1.0000000000,0.0419278226,-8.8048427556,6.331,1.000000,18.1765949701,5,0.1432699321
10.333426,2.5917387675,2.4697090685,0.2740174911,0.0576285510,0.1217023249,0.2163889401,0.0935571269,0.5503416688,-1.9441043371,0.2184921687,0.5075225829,0.9084506786,0.0000000000,-0.0419278226,-0.0005518573,-0.0000000000,0.0018455636,1.0000000000,0.0419278226,-8.8048427556,6.482,1.000000,18.1765949701,5,0.1432699321
10.341768,2.5939725109,2.4712430493,0.2614778527,0.0656455726,0.1223565448,0.1958322801,0.0945767648,0.5320897023,-2.1902359751,0.2180271451,0.5075225829,0.9084506786,0.0000000000,-0.0419278226,-0.0004994316,-0.0000000000,0.0017661893,1.0000000000,0.0419278226,-8.8048427556,6.634,1.000000,18.1765949701,5,0.1432699321
10.350119,2.5961031015,2.4743110109,0.2487449832,0.0729174595,0.1213778639,0.1758275236,0.0955882470,0.5111386567,-2.5141254757,0.2171832221,0.5075225829,0.9084506786,0.0000000000,-0.0419278226,-0.0004484134,-0.0000000000,0.0016848936,1.0000000000,0.0419278226,-8.8048427556,6.785,1.000000,18.1765949701,5,0.1432699321
10.358431,2.5981172724,2.4758449916,0.2359026471,0.0817423433,0.1218079220,0.1541603038,0.0966033130,0.4913264370,-2.3774663645,0.2165868789,0.5075225829,0.9084506786,0.0000000000,-0.0419278226,-0.0003931554,-0.0000000000,0.0016022130,1.0000000000,0.0419278226,-8.8048427556,6.937,1.000000,18.1765949701,7,0.1432699321
10.366763,2.6000287525,2.4773789724,0.2228661424,0.0897470063,0.1221399487,0.1331191361,0.0976211459,0.4719483074,-2.3253755508,0.2159334573,0.5075225829,0.9084506786,0.0000000000,-0.0419278226,-0.0003394941,-0.0000000000,0.0015176070,1.0000000000,0.0419278226,-8.8048427556,7.088,1.000000,18.1765949701,6,0.1432699321
10.375092,2.6018300339,2.4804469340,0.2096839674,0.0992365591,0.1208193606,0.1104474084,0.0986279739,0.4476466736,-2.9161960552,0.2148524927,0.5075225829,0.9084506786,0.0000000000,-0.0419278226,-0.0002816743,-0.0000000000,0.0014313951,1.0000000000,0.0419278226,-8.8048427556,7.240,1.000000,18.1765949701,5,0.1432699321
10.383455,2.6035279157,2.4819809148,0.1963010166,0.1078441140,0.1209343642,0.0884569027,0.0996357603,0.4268782918,-2.4922058216,0.2140469890,0.5075225829,0.9084506786,0.0000000000,-0.0419278226,-0.0002255919,-0.0000000000,0.0013432245,1.0000000000,0.0419278226,-8.8048427556,7.391,1.000000,18.1765949701,6,0.1432699321
10.391759,2.6051023597,2.4835148956,0.1828796542,0.1178805233,0.1209178130,0.0649991309,0.1006434087,0.4043812400,-2.6996462121,0.2131373396,0.5075225829,0.9084506786,0.0000000000,-0.0419278226,-0.0001657674,-0.0000000000,0.0012541832,1.0000000000,0.0419278226,-8.8048427556,7.543,1.000000,18.1765949701,7,0.1432699321
10.400090,2.6065694169,2.4850488764,0.1692894492,0.1269841078,0.1207991741,0.0423053414,0.1016500685,0.3824444496,-2.6324148523,0.2121711083,0.5075225829,0.9084506786,0.0000000000,-0.0419278226,-0.0001078914,-0.0000000000,0.0011634295,1.0000000000,0.0419278226,-8.8048427556,7.694,1.000000,18.1765949701,7,0.1432699321
10.408428,2.6079237806,2.4881168380,0.1555724869,0.1352415679,0.1190386675,0.0203309190,0.1026420574,0.3579518108,-2.9391166558,0.2108020932,0.5075225829,0.9084506786,0.0000000000,-0.0419278226,-0.0000518500,-0.0000000000,0.0010712651,1.0000000000,0.0419278226,-8.8048427556,7.846,1.000000,18.1765949701,6,0.1432699321
10.416759,2.6091623837,2.4911847995,0.1417598559,0.1449604217,0.1171540985,-0.0032005658,0.1036183415,0.3316402359,-3.1573889817,0.2093051520,0.5075225829,0.9084506786,0.0000000000,-0.0419278226,0.0000081624,0.0000000000,0.0009779273,1.0000000000,0.0419278226,-8.8048427556,7.997,1.000000,18.1765949701,7,0.1432699321
10.425173,2.6102961775,2.4927187803,0.1277101886,0.1537759655,0.1167038326,-0.0260657769,0.1045908735,0.3088397609,-2.7360570075,0.2081100816,0.5075225829,0.9084506786,0.0000000000,-0.0419278226,0.0000664756,0.0000000000,0.0008824866,1.0000000000,0.0419278226,-8.8048427556,8.148,1.000000,18.1765949701,8,0.1432699321
10.433437,2.6112941806,2.4957867419,0.1138260179,0.1617721566,0.1145884497,-0.0479461387,0.1055457772,0.2836998304,-3.0167916503,0.2065176422,0.5075225829,0.9084506786,0.0000000000,-0.0419278226,0.0001222772,0.0000000000,0.0007877193,1.0000000000,0.0419278226,-8.8048427556,8.300,1.000000,18.1765949701,9,0.1432699321
10.441754,2.6121824601,2.4988547035,0.0997747121,0.1712540249,0.1123549033,-0.0714793128,0.1064820681,0.2566540620,-3.2454922113,0.2047806556,0.5075225829,0.9086174321,0.0200104290,-0.0386960829,0.0001822939,0.0000000000,0.0006914026,1.0000000000,0.0419278226,-8.1261774066,8.148,1.000000,18.1765949701,8,0.1475530408
10.450087,2.6129550084,2.5019226650,0.0856270968,0.1798546095,0.1100106322,-0.0942275127,0.1073988234,0.2301541051,-3.1799948235,0.2092013925,0.5076003534,0.9087534797,0.0163257089,-0.0351716617,0.0002403087,0.0000000000,0.0005940596,1.0000000000,0.0419278226,-7.3860489487,7.997,1.000000,18.1765949701,7,0.1503739675
10.458422,2.6136095361,2.5034566458,0.0714177625,0.1898846964,0.1090742005,-0.1184669340,0.1083077750,0.2049512015,-3.0243484330,0.2116272370,0.5076637590,0.9088622122,0.0130478955,-0.0315215143,0.0003021265,0.0000000000,0.0004959731,1.0000000000,0.0419278226,-6.6195179988,7.846,1.000000,18.1765949701,7,0.1519821047
10.466803,2.6141480540,2.5065246074,0.0570803701,0.2012114219,0.1064804125,-0.1441310518,0.1091951118,0.1750107781,-3.5928508075,0.2116858557,0.5077144058,0.9089415116,0.0095159264,-0.0268418357,0.0003675778,0.0000000000,0.0003967315,1.0000000000,0.0419278226,-5.6367854980,7.694,1.000000,18.1765949701,7,0.1523654724
10.475092,2.6145622942,2.5111265498,0.0428615562,0.2114853952,0.1022343463,-0.1686238390,0.1100470647,0.1429253708,-3.8502488759,0.2095462698,0.5077513269,0.9089940355,0.0063028788,-0.0216632350,0.0004300418,0.0000000000,0.0002980947,1.0000000000,0.0419278226,-4.5492793514,7.543,1.000000,18.1765949701,6,0.1516833284
10.483427,2.6148598354,2.5126605306,0.0285360147,0.2230333392,0.1009323056,-0.1944973246,0.1108881672,0.1152954008,-3.3155964045,0.2065664869,0.5077757741,0.9090278847,0.0040619043,-0.0171945680,0.0004960270,0.0000000000,0.0001985540,1.0000000000,0.0419278226,-3.6108592715,7.391,1.000000,18.1765949701,6,0.1502873211
10.491758,2.6150378577,2.5172624729,0.0141954385,0.2335079701,0.0964488817,-0.2193125316,0.1116919079,0.0823686415,-3.9512111206,0.2018024887,0.5077915261,0.9090448916,0.0020408225,-0.0119232819,0.0005593133,0.0000000000,0.0000987992,1.0000000000,0.0419278226,-2.5038891954,7.240,1.000000,18.1765949701,6,0.1482627946
10.500089,2.6150963519,2.5203304345,-0.0001531073,0.2452379218,0.0933727792,-0.2453910291,0.1124700144,0.0509482557,-3.7704462950,0.1964862501,0.5077994394,0.9090512833,0.0007670010,-0.0070199156,0.0006258214,0.0000000000,-0.0000010657,1.0000000000,0.0419278226,-1.4741822734,7.088,1.000000,18.1765949701,7,0.1458624224
10.508429,2.6150351697,2.5233983961,-0.0145178432,0.2558776438,0.0901831937,-0.2703954870,0.1132215410,0.0203503230,-3.6717519164,0.1907394577,0.5078024133,0.9090522832,0.0001199914,-0.0024056035,0.0006895903,0.0000000000,-0.0001010427,1.0000000000,0.0419278226,-0.5051767365,6.937,1.000000,18.1765949701,6,0.1432943385
10.516755,2.6148546116,2.5264663576,-0.0288491997,0.2655284666,0.0868798500,-0.2943776663,0.1139455398,-0.0094783987,-3.5794466046,0.1848592875,0.5078028785,0.9090524957,0.0000255019,0.0019162802,0.0007507521,0.0000000000,-0.0002007316,1.0000000000,0.0419278226,0.4024188401,6.785,1.000000,18.1765949701,7,0.1407412309
10.525089,2.6145545166,2.5280003384,-0.0431720423,0.2742823025,0.0849960458,-0.3174543448,0.1146538402,-0.0355978935,-3.1343393735,0.1794781282,0.5078029774,0.9090554365,0.0003528903,0.0055433243,0.0008096046,0.0000000000,-0.0003002505,1.0000000000,0.0419278226,1.1640980996,6.634,1.000000,18.1765949701,7,0.1383427693
10.533532,2.6141288175,2.5326022808,-0.0576548124,0.2822225211,0.0799232978,-0.3398773335,0.1153198676,-0.0674386239,-3.8208876489,0.1735908269,0.5078043456,0.9090657676,0.0012397344,0.0098011214,0.0008667900,0.0000000000,-0.0004007122,1.0000000000,0.0419278226,2.0582354875,6.482,1.000000,18.1765949701,7,0.1362844442
10.541763,2.6135963101,2.5356702424,-0.0717333424,0.2894247433,0.0762819147,-0.3611580857,0.1159555503,-0.0953243488,-3.3462869960,0.1686324792,0.5078091522,0.9090860335,0.0024319045,0.0133780799,0.0009210624,0.0000000000,-0.0004981546,1.0000000000,0.0419278226,2.8093967832,6.331,1.000000,18.1765949701,5,0.1346652585
10.550096,2.6129393637,2.5372042232,-0.0859373856,0.2959575616,0.0740538761,-0.3818949472,0.1165726659,-0.1198775885,-2.9463887649,0.1646529907,0.5078185802,0.9091176073,0.0037888612,0.0164279066,0.0009739477,0.0000000000,-0.0005961981,1.0000000000,0.0419278226,3.4498603857,6.179,1.000000,18.1765949701,5,0.1335348091
10.558428,2.6121643373,2.5387382040,-0.1000818822,0.2996543172,0.0717238686,-0.3997361994,0.1171703648,-0.1417568754,-2.6255144218,0.1614958544,0.5078332671,0.9091612295,0.0052346672,0.0190787349,0.0010194482,0.0000000000,-0.0006935122,1.0000000000,0.0419278226,4.0065343279,6.028,1.000000,18.1765949701,5,0.1329137906
10.566841,2.6112624416,2.5418061655,-0.1142948634,0.3030074813,0.0677349628,-0.4173023447,0.1177348228,-0.1666884043,-2.9917834714,0.1586011227,0.5078535550,0.9092208750,0.0071574534,0.0220801057,0.0010642472,0.0000000000,-0.0007909263,1.0000000000,0.0419278226,4.6368222058,5.876,1.000000,18.1765949701,7,0.1329471997
10.575092,2.6102622082,2.5433401463,-0.1281549503,0.3038201128,0.0651961322,-0.4319750630,0.1182781239,-0.1858675186,-2.3014937139,0.1570744780,0.5078812883,0.9092945961,0.0088465370,0.0243892331,0.0011016671,0.0000000000,-0.0008855152,1.0000000000,0.0419278226,5.1217389461,5.725,1.000000,18.1765949701,6,0.1335368421
10.583425,2.6091362129,2.5464081079,-0.1420666979,0.3023283392,0.0610106497,-0.4443950371,0.1187865460,-0.2060985318,-2.4277215908,0.1559906646,0.5079155559,0.9093848556,0.0108311377,0.0268459242,0.0011333418,0.0000000000,-0.0009800062,1.0000000000,0.0419278226,5.6376440791,5.573,1.000000,18.1765949701,5,0.1347557579
10.591757,2.6078949359,2.5464081079,-0.1558784165,0.3009752172,0.0597770595,-0.4568536337,0.1192846882,-0.2205158461,-1.7300777106,0.1563570602,0.5079574949,0.9094883332,0.0124173086,0.0286950163,0.0011651150,0.0000000000,-0.0010733265,1.0000000000,0.0419278226,6.0259534323,5.422,1.000000,18.1765949701,5,0.1364474076
10.600302,2.6065029412,2.5479420887,-0.1699314673,0.2975189840,0.0568707180,-0.4674504514,0.1197586108,-0.2364173470,-1.9081801054,0.1570116186,0.5080055543,0.9096075773,0.0143092989,0.0307717451,0.0011921401,0.0000000000,-0.0011677296,1.0000000000,0.0419278226,6.4620664784,5.271,1.000000,18.1765949701,4,0.1386827086
10.609165,2.6049326369,2.5479420887,-0.1843798282,0.2921551115,0.0553308846,-0.4765349398,0.1202197015,-0.2481052864,-1.4025527320,0.1587580695,0.5080609077,0.9097397991,0.0158666158,0.0324422170,0.0012153083,0.0000000000,-0.0012641654,1.0000000000,0.0419278226,6.8128655624,5.119,1.000000,18.1765949701,5,0.1413251244
10.617243,2.6033904645,2.5494760695,-0.1974235410,0.2850609035,0.0522950319,-0.4824844445,0.1206554935,-0.2596542824,-1.3858795217,0.1608225621,0.5081222496,0.9098857769,0.0175173271,0.0341598174,0.0012304813,0.0000000000,-0.0013506441,1.0000000000,0.0419278226,7.1735616567,4.968,1.000000,18.1765949701,5,0.1443749866
10.625103,2.6017892578,2.5494760695,-0.2099932169,0.2763971844,0.0507430418,-0.4863904013,0.1210783521,-0.2662255322,-0.7885499708,0.1638927708,0.5081899296,0.9100410502,0.0186327970,0.0353746047,0.0012404427,0.0000000000,-0.0014334250,1.0000000000,0.0419278226,7.4286669845,4.816,1.000000,18.1765949701,3,0.1476418609
10.633453,2.5999805010,2.5494760695,-0.2232065781,0.2663098309,0.0489915888,-0.4895164090,0.1214866154,-0.2724273580,-0.7442190974,0.1672462526,0.5082618690,0.9102057161,0.0197599090,0.0365942279,0.0012484149,0.0000000000,-0.0015198248,1.0000000000,0.0419278226,7.6847878591,4.665,1.000000,18.1765949701,5,0.1511129823
10.641766,2.5980707505,2.5494760695,-0.2362090601,0.2527022857,0.0471591395,-0.4889113459,0.1218796082,-0.2750740290,-0.3176005158,0.1711510792,0.5083381032,0.9103760592,0.0204411763,0.0374180685,0.0012468718,0.0000000000,-0.0016041935,1.0000000000,0.0419278226,7.8577943939,4.513,1.000000,18.1765949701,6,0.1546402889
10.650095,2.5960496489,2.5494760695,-0.2490745879,0.2381306056,0.0452208161,-0.4872051935,0.1222564483,-0.2768458040,-0.2126130072,0.1752080966,0.5084169043,0.9105511950,0.0210162955,0.0381511500,0.0012425206,0.0000000000,-0.0016870066,1.0000000000,0.0419278226,8.0117414977,4.362,1.000000,18.1765949701,6,0.1581871812
10.658413,2.5939251133,2.5494760695,-0.2617521220,0.2226844013,0.0431840268,-0.4844365233,0.1226163152,-0.2777673510,-0.1105856351,0.1793776110,0.5084978573,0.9107301795,0.0214781414,0.0387867228,0.0012354597,0.0000000000,-0.0017679328,1.0000000000,0.0419278226,8.1452117868,4.210,1.000000,18.1765949701,3,0.1617180080
10.666758,2.5916884228,2.5494760695,-0.2742914379,0.2064449545,0.0410395887,-0.4807363924,0.1229583118,-0.2779888487,-0.0265797304,0.1836102486,0.5085805208,0.9109121753,0.0218394983,0.0393340894,0.0012260232,0.0000000000,-0.0018472898,1.0000000000,0.0419278226,8.2601587732,4.059,1.000000,18.1765949701,3,0.1652037125
10.675090,2.5893514219,2.5494760695,-0.2866240885,0.1894859925,0.0387989276,-0.4761100809,0.1232816362,-0.2774936765,0.0594206642,0.1878771659,0.5086645041,0.9110962614,0.0220903280,0.0397826274,0.0012142247,0.0000000000,-0.0019246488,1.0000000000,0.0419278226,8.3543517481,3.907,1.000000,18.1765949701,5,0.1686147923
10.683422,2.5869125068,2.5479420887,-0.2987601880,0.1718743899,0.0379940406,-0.4706345779,0.1235982532,-0.2733044793,0.5027036679,0.1926117425,0.5087493792,0.9112777784,0.0217820378,0.0397468882,0.0012002606,0.0000000000,-0.0020000851,1.0000000000,0.0419278226,8.3468465143,3.756,1.000000,18.1765949701,4,0.1718016112
10.691850,2.5843434792,2.5494760695,-0.3108278570,0.1558996816,0.0339817808,-0.4667275387,0.1238814347,-0.2770865572,-0.4538493531,0.1959801169,0.5088329980,0.9114665090,0.0226476767,0.0407053770,0.0011902964,0.0000000000,-0.0020743973,1.0000000000,0.0419278226,8.5481291689,3.604,1.000000,18.1765949701,3,0.1750954065
10.700093,2.5817334337,2.5494760695,-0.3224194522,0.1414097281,0.0314540492,-0.4638291802,0.1241435518,-0.2789498134,-0.2235907346,0.1998364429,0.5089198642,0.9116602870,0.0232533596,0.0414615489,0.0011829047,0.0000000000,-0.0021451040,1.0000000000,0.0419278226,8.7069252731,3.453,1.000000,18.1765949701,2,0.1784193661
10.708426,2.5789988704,2.5494760695,-0.3339170412,0.1282665300,0.0287941493,-0.4621835712,0.1241435518,-0.2825867655,-0.4364342527,0.2035862281,0.5090089734,0.9116602870,0.0000000000,0.0419278226,0.0011787079,0.0000000000,-0.0022145690,1.0000000000,0.0419278226,8.8048427556,3.301,1.000000,18.1765949701,2,0.1784193661
10.716753,2.5761712940,2.5494760695,-0.3451786974,0.1163449145,0.0260342968,-0.4615236119,0.1241435518,-0.2874078733,-0.5785329375,0.2033900991,0.5090089734,0.9116602870,0.0000000000,0.0419278226,0.0011770248,0.0000000000,-0.0022819488,0.9997922617,0.0419278226,8.8048427556,3.150,1.000000,18.1765949701,2,0.1784193661
10.725088,2.5732478858,2.5494760695,-0.3562152997,0.1055313426,0.0231723180,-0.4617466423,0.1241435518,-0.2933147938,-0.7088304562,0.2030878691,0.5090089734,0.9116602870,0.0000000000,0.0419278226,0.0011775936,0.0000000000,-0.0023473358,0.9211478503,0.0419278226,8.8048427556,2.998,1.000000,18.1765949701,3,0.1784193661
10.733422,2.5702340518,2.5494760695,-0.3670056990,0.0957228283,0.0202142037,-0.4627285274,0.1241435518,-0.3001714937,-0.8228039924,0.2026924461,0.5090089734,0.9116602870,0.0000000000,0.0419278226,0.0011800977,0.0000000000,-0.0024106342,0.7293659382,0.0419278226,8.8048427556,2.847,1.000000,18.1765949701,4,0.1784193661
10.741763,2.5671289635,2.5494760695,-0.3775523730,0.0868259574,0.0171596564,-0.4643783305,0.1241435518,-0.3078876277,-0.9259360835,0.2022125585,0.5090089734,0.9116602870,0.0000000000,0.0419278226,0.0011843052,0.0000000000,-0.0024718907,0.4747733605,0.0419278226,8.8048427556,2.695,1.000000,18.1765949701,4,0.1784193661
10.750098,2.5639388920,2.5494760695,-0.3878338850,0.0787559981,0.0140154284,-0.4665898831,0.1241435518,-0.3163436171,-1.0147187291,0.2016592562,0.5090089734,0.9116602870,0.0000000000,0.0419278226,0.0011899454,0.0000000000,-0.0025310157,0.2198222954,0.0419278226,8.8048427556,2.544,1.000000,18.1765949701,3,0.1784193661
10.758429,2.5606657344,2.5494760695,-0.3978449642,0.0714360938,0.0107838535,-0.4692810580,0.1241435518,-0.3254526999,-1.0930899328,0.2010406639,0.5090089734,0.9116602870,0.0000000000,0.0419278226,0.0011968087,0.0000000000,-0.0025880169,0.0384043526,0.0419278226,8.8048427556,2.393,1.000000,18.1765949701,2,0.1784193661
10.766753,2.5573135600,2.5494760695,-0.4075742774,0.0647965313,0.0074693969,-0.4723708086,0.1241435518,-0.3351249613,-1.1606713678,0.2003651013,0.5090089734,0.9116602870,0.0000000000,0.0419278226,0.0012046885,0.0000000000,-0.0026428693,0.0000000000,0.0419278226,8.8048427556,2.241,1.000000,18.1765949701,1,0.1784193661
10.775094,2.5538743373,2.5479420887,-0.4170442779,0.0587740768,0.0055983671,-0.4758183547,0.1241435518,-0.3422883725,-0.8596093498,0.2001447173,0.5090089734,0.9116602870,0.0000000000,0.0419278226,0.0012134808,0.0000000000,-0.0026957386,0.0000000000,0.0419278226,8.8048427556,2.090,1.000000,18.1765949701,2,0.1784193661
10.783427,2.5503606155,2.5494760695,-0.4262195501,0.0533113739,0.0005816968,-0.4795309240,0.1241435518,-0.3559640491,-1.6410811872,0.1988622020,0.5090089734,0.9116602870,0.0000000000,0.0419278226,0.0012229489,0.0000000000,-0.0027464672,0.0000000000,0.0419278226,8.8048427556,1.938,1.000000,18.1765949701,2,0.1784193661
10.791760,2.5467718489,2.5494760695,-0.4351022405,0.0483563969,-0.0029789217,-0.4834586374,0.1241187274,-0.3669876288,-1.3228295619,0.1980506175,0.5090089734,0.9116602870,0.0000000000,0.0419278226,0.0012329658,0.0000000000,-0.0027951096,0.0000000000,0.0419278226,8.8048427556,1.787,1.000000,18.1765949701,2,0.1784193661
10.800089,2.5431117498,2.5494760695,-0.4436834814,0.0438619558,-0.0066134890,-0.4875454372,0.1240636150,-0.3783470228,-1.3631272815,0.1972066854,0.5090089734,0.9116602870,0.0000000000,0.0419278226,0.0012433884,0.0000000000,-0.0028416599,0.0000000000,0.0419278226,8.8048427556,1.635,1.000000,18.1765949701,3,0.1784193661
10.808423,2.5393793510,2.5479420887,-0.4519654259,0.0397852463,-0.0087887482,-0.4917506723,0.1239903755,-0.3869445404,-1.0317021172,0.1968469877,0.5090089734,0.9116602870,0.0000000000,0.0419278226,0.0012541130,0.0000000000,-0.0028861724,0.0000378918,0.0419278226,8.8048427556,1.484,1.000000,18.1765949701,2,0.1784193661
10.816759,2.5355784851,2.5494760695,-0.4599390566,0.0360874429,-0.0141025886,-0.4960264995,0.1238728539,-0.4018895367,-1.7933995505,0.1954387295,0.5090089734,0.9116602870,0.0000000000,0.0419278226,0.0012650176,0.0000000000,-0.0029286408,0.2261798254,0.0419278226,8.8048427556,1.332,1.000000,18.1765949701,1,0.1784193661
10.825091,2.5317139535,2.5479420887,-0.4675944299,0.0327333285,-0.0164140854,-0.5003277584,0.1237360698,-0.4109163041,-1.0832120878,0.1950396842,0.5090089734,0.9116602870,0.0000000000,0.0419278226,0.0012759871,0.0000000000,-0.0029690550,0.4111089157,0.0419278226,8.8048427556,1.181,1.000000,18.1765949701,0,0.1784193661
10.833537,2.5277331873,2.5479420887,-0.4750268441,0.0296909592,-0.0203775687,-0.5047178032,0.1235662568,-0.4233452707,-1.4914759957,0.1940958286,0.5090089734,0.9116602870,0.0000000000,0.0419278226,0.0012871831,0.0000000000,-0.0030079538,0.7419159822,0.0419278226,8.8048427556,1.029,1.000000,18.1765949701,0,0.1784193661
10.841768,2.5237944552,2.5479420887,-0.4819487689,0.0269313601,-0.0243006241,-0.5088801290,0.1233637516,-0.4354984646,-1.4583832624,0.1931742486,0.5090089734,0.9116602870,0.0000000000,0.0419278226,0.0012977983,0.0000000000,-0.0030438798,0.9677139935,0.0419278226,8.8048427556,0.878,1.000000,18.1765949701,1,0.1784193661
10.850098,2.5197518268,2.5479420887,-0.4886256352,0.0244282494,-0.0283290330,-0.5130538846,0.1231276763,-0.4479054221,-1.4888348983,0.1922313281,0.5090089734,0.9116602870,0.0000000000,0.0419278226,0.0013084426,0.0000000000,-0.0030782577,1.0000000000,0.0419278226,8.8048427556,0.726,1.000000,18.1765949701,2,0.1784193661
10.858431,2.5156535877,2.5479420887,-0.4949699686,0.0221577881,-0.0324143741,-0.5171277567,0.1228575565,-0.4603591329,-1.4944452995,0.1912850875,0.5090089734,0.9116602870,0.0000000000,0.0419278226,0.0013188322,0.0000000000,-0.0031106713,1.0000000000,0.0419278226,8.8048427556,0.575,1.000000,18.1765949701,1,0.1784193661
10.866789,2.5114908673,2.5479420887,-0.5009933286,0.0200983527,-0.0365653953,-0.5210916813,0.1225528449,-0.4728674463,-1.5009976134,0.1903355925,0.5090089734,0.9116602870,0.0000000000,0.0419278226,0.0013289414,0.0000000000,-0.0031412170,1.0000000000,0.0419278226,8.8048427556,0.423,1.000000,18.1765949701,1,0.1784193661
10.875090,2.5073086358,2.5479420887,-0.5066330276,0.0182303296,-0.0407370150,-0.5248633573,0.1222133698,-0.4852586981,-1.4869502116,0.1893977144,0.5090089734,0.9116602870,0.0000000000,0.0419278226,0.0013385603,0.0000000000,-0.0031696152,1.0000000000,0.0419278226,8.8048427556,0.272,1.000000,18.1765949701,0,0.1784193661
10.883426,2.5030629104,2.5479420887,-0.5119500424,0.0165359283,-0.0449731150,-0.5284859707,0.1218385938,-0.4976637535,-1.4886066426,0.1884613047,0.5090089734,0.9116602870,0.0000000000,0.0419278226,0.0013477991,0.0000000000,-0.0031962095,1.0000000000,0.0419278226,8.8048427556,0.120,1.000000,18.1765949701,0,0.1784193661
10.891754,2.4987787839,2.5479420887,-0.5169110046,0.0149990115,-0.0492485106,-0.5319100162,0.1214281895,-0.5099834133,-1.4783591810,0.1875351976,0.5090089734,0.9116602870,0.0000000000,0.0419278226,0.0013565315,0.0000000000,-0.0032208658,1.0000000000,0.0419278226,8.8048427556,-0.031,1.000000,18.1765949701,0,0.1784193661
10.900168,2.4944095390,2.5464081079,-0.5215643597,0.0136049421,-0.0520758553,-0.5351693018,0.1209942241,-0.5192857168,-1.1162764232,0.1871305460,0.5090089734,0.9116602870,0.0000000000,0.0419278226,0.0013648436,0.0000000000,-0.0032438552,1.0000000000,0.0419278226,8.8048427556,-0.182,1.000000,18.1765949701,0,0.1784193661
10.908426,2.4900845417,2.5464081079,-0.5257772490,0.0123404432,-0.0563936693,-0.5381176921,0.1205242768,-0.5312726768,-1.4384351937,0.1862397288,0.5090089734,0.9116602870,0.0000000000,0.0419278226,0.0013723629,0.0000000000,-0.0032645531,1.0000000000,0.0419278226,8.8048427556,-0.334,1.000000,18.1765949701,0,0.1784193661
10.916759,2.4856870072,2.5464081079,-0.5296692147,0.0111934720,-0.0607846882,-0.5408626867,0.1200177378,-0.5432377070,-1.4358036303,0.1853559158,0.5090089734,0.9116602870,0.0000000000,0.0419278226,0.0013793635,0.0000000000,-0.0032835768,1.0000000000,0.0419278226,8.8048427556,-0.485,1.000000,18.1765949701,0,0.1784193661
10.925093,2.4812578028,2.5464081079,-0.5331988044,0.0101531049,-0.0652079825,-0.5433519094,0.1194743379,-0.5550474111,-1.4171644912,0.1844904974,0.5090089734,0.9116602870,0.0000000000,0.0419278226,0.0013857118,0.0000000000,-0.0033007481,1.0000000000,0.0419278226,8.8048427556,-0.637,1.000000,18.1765949701,0,0.1784193661
10.933426,2.4768010819,2.5448741271,-0.5363626593,0.0069805581,-0.0681127001,-0.5433432174,0.1189067321,-0.5613671755,-0.7583717296,0.1844304550,0.5090089734,0.9116602870,0.0000000000,0.0419278226,0.0013856896,0.0000000000,-0.0033160746,1.0000000000,0.0419278226,8.8048427556,-0.788,1.000000,18.1765949701,0,0.1784193661
10.941785,2.4723055374,2.5448741271,-0.5391670545,0.0041028807,-0.0725918972,-0.5432699352,0.1183017996,-0.5707860719,-1.1302675585,0.1838435641,0.5090089734,0.9116602870,0.0000000000,0.0419278226,0.0013855027,0.0000000000,-0.0033296078,1.0000000000,0.0419278226,8.8048427556,-0.940,1.000000,18.1765949701,0,0.1784193661
10.950096,2.4678143406,2.5433401463,-0.5415866105,-0.0007362094,-0.0755216235,-0.5408504011,0.1176724527,-0.5748055409,-0.4823362896,0.1840526480,0.5090089734,0.9116602870,0.0000000000,0.0419278226,0.0013793321,0.0000000000,-0.0033412448,1.0000000000,0.0419278226,8.8048427556,-1.091,1.000000,18.1765949701,0,0.1784193661
10.958431,2.4632913298,2.5418061655,-0.5436424623,-0.0051255346,-0.0784857188,-0.5385169277,0.1170184051,-0.5790036839,-0.5037771526,0.1842442904,0.5090089734,0.9116602870,0.0000000000,0.0419278226,0.0013733811,0.0000000000,-0.0033511039,1.0000000000,0.0419278226,8.8048427556,-1.243,1.000000,18.1765949701,0,0.1784193661
10.966754,2.4587594105,2.5418061655,-0.5453233720,-0.0091068981,-0.0829950209,-0.5362164739,0.1163267799,-0.5863406804,-0.8804395881,0.1838978318,0.5090089734,0.9116602870,0.0000000000,0.0419278226,0.0013675142,0.0000000000,-0.0033591455,1.0000000000,0.0419278226,8.8048427556,-1.394,1.000000,18.1765949701,0,0.1784193661
10.975175,2.4541613502,2.5402721847,-0.5466446926,-0.0149470931,-0.0860259237,-0.5316975995,0.1156098972,-0.5885480604,-0.2648855900,0.1843280548,0.5090089734,0.9116602870,0.0000000000,0.0419278226,0.0013559897,0.0000000000,-0.0033654544,1.0000000000,0.0419278226,8.8048427556,-1.546,1.000000,18.1765949701,0,0.1784193661
10.983427,2.4496463945,2.5387382040,-0.5475683506,-0.0202444765,-0.0889768054,-0.5273238740,0.1148684238,-0.5907659150,-0.2661425607,0.1847496819,0.5090089734,0.9116602870,0.0000000000,0.0419278226,0.0013448354,0.0000000000,-0.0033698582,1.0000000000,0.0419278226,8.8048427556,-1.697,1.000000,18.1765949701,-1,0.1784193661
10.991761,2.4450806527,2.5372042232,-0.5481276774,-0.0272783753,-0.0919686085,-0.5208493021,0.1141020188,-0.5909887771,-0.0267434444,0.1854082584,0.5090089734,0.9116602870,0.0000000000,0.0419278226,0.0013283233,0.0000000000,-0.0033725224,1.0000000000,0.0419278226,8.8048427556,-1.849,1.000000,18.1765949701,-1,0.1784193661
11.000093,2.4405126977,2.5341362616,-0.5483113324,-0.0358873905,-0.0934196961,-0.5124239419,0.1133235213,-0.5862129136,0.5731036152,0.1868306236,0.5090089734,0.9116602870,0.0000000000,0.0419278226,0.0013068361,0.0000000000,-0.0033733967,1.0000000000,0.0419278226,8.8048427556,-2.000,1.000000,18.1765949701,-2,0.1784193661
11.008441,2.4359354299,2.5310683000,-0.5481185560,-0.0459251245,-0.0948719805,-0.5021934315,0.1125329215,-0.5796462100,0.7880044339,0.1884650143,0.5090089734,0.9116602870,0.0000000000,0.0419278226,0.0012807452,0.0000000000,-0.0033724790,1.0000000000,0.0419278226,8.8048427556,-2.152,1.000000,18.1765949701,-1,0.1784193661
11.016767,2.4313741310,2.5264663576,-0.5475508387,-0.0572587862,-0.0947669532,-0.4902920524,0.1117431969,-0.5683149539,1.3597507295,0.1908433201,0.5090089734,0.9116602870,0.0000000000,0.0419278226,0.0012503931,0.0000000000,-0.0033697748,1.0000000000,0.0419278226,8.8048427556,-2.303,1.000000,18.1765949701,-2,0.1784193661
11.025092,2.4268195845,2.5233983961,-0.5466086714,-0.0697679269,-0.0961824766,-0.4768407446,0.1109416762,-0.5584652142,1.1819687624,0.1928613266,0.5090089734,0.9116602870,0.0000000000,0.0419278226,0.0012160882,0.0000000000,-0.0033652826,1.0000000000,0.0419278226,8.8048427556,-2.455,1.000000,18.1765949701,-2,0.1784193661
11.033444,2.4222594528,2.5172624729,-0.5452876972,-0.0855721685,-0.0945169050,-0.4597155288,0.1101540353,-0.5388088258,2.3587666131,0.1964091397,0.5090089734,0.9116602870,0.0000000000,0.0419278226,0.0011724137,0.0000000000,-0.0033589750,1.0000000000,0.0419278226,8.8048427556,-2.606,1.000000,18.1765949701,-1,0.1784193661
11.041759,2.4177322161,2.5126605306,-0.5435997318,-0.1065941266,-0.0943227786,-0.4370056052,0.1093680122,-0.5164884245,2.6784481562,0.2000564223,0.5090089734,0.9116602870,0.0000000000,0.0419278226,0.0011144965,0.0000000000,-0.0033508993,1.0000000000,0.0419278226,8.8048427556,-2.757,1.000000,18.1765949701,-4,0.1784193661
11.050093,2.4132102087,2.5065246074,-0.5415357010,-0.1301199696,-0.0925752181,-0.4114157314,0.1085965520,-0.4881885931,3.3959797691,0.2045826827,0.5090089734,0.9116602870,0.0000000000,0.0419278226,0.0010492346,0.0000000000,-0.0033410003,1.0000000000,0.0419278226,8.8048427556,-2.909,1.000000,18.1765949701,-3,0.1784193661
11.058531,2.4086508257,2.5003886843,-0.5390677083,-0.1581458520,-0.0908394696,-0.3809218563,0.1078395565,-0.4549939562,3.9833564225,0.2096371561,0.5090089734,0.9116602870,0.0000000000,0.0419278226,0.0009714660,0.0000000000,-0.0033291293,1.0000000000,0.0419278226,8.8048427556,-3.060,1.000000,18.1765949701,-3,0.1784193661
11.066764,2.4042235819,2.4927187803,-0.5362944088,-0.1902535216,-0.0874144135,-0.3460408872,0.1071111030,-0.4140291165,4.9157807692,0.2157218402,0.5090089734,0.9116602870,0.0000000000,0.0419278226,0.0008825090,0.0000000000,-0.0033157446,1.0000000000,0.0419278226,8.8048427556,-3.212,1.000000,18.1765949701,-1,0.1784193661
11.075098,2.3997673559,2.4865828572,-0.5331220903,-0.2238347248,-0.0855439495,-0.3092873655,0.1063982368,-0.3742637743,4.7718410626,0.2213582703,0.5090089734,0.9116602870,0.0000000000,0.0419278226,0.0007887764,0.0000000000,-0.0033003757,1.0000000000,0.0419278226,8.8048427556,-3.363,1.000000,18.1765949701,-3,0.1784193661
11.083420,2.3953448672,2.4773789724,-0.5295892537,-0.2609813811,-0.0805515322,-0.2686078726,0.1057269740,-0.3243312386,5.9919042844,0.2284602110,0.5090089734,0.9116602870,0.0000000000,0.0419278226,0.0006850313,0.0000000000,-0.0032831869,1.0000000000,0.0419278226,8.8048427556,-3.515,1.000000,18.1765949701,-3,0.1784193661
11.091844,2.3909003029,2.4697090685,-0.5256450213,-0.3013621027,-0.0770967993,-0.2242829187,0.1050845007,-0.2737786952,6.0663052042,0.2351906224,0.5090089734,0.9116602870,0.0000000000,0.0419278226,0.0005719893,0.0000000000,-0.0032639052,1.0000000000,0.0419278226,8.8048427556,-3.666,1.000000,18.1765949701,-3,0.1784193661
11.100095,2.3865804524,2.4605051838,-0.5214246965,-0.3446763023,-0.0719667074,-0.1767483942,0.1044847781,-0.2166471641,6.8557837280,0.2426059324,0.5090089734,0.9117939005,0.0160336139,0.0348783087,0.0004507619,0.0000000000,-0.0032431671,1.0000000000,0.0419278226,7.3244448288,-3.818,1.000000,18.1765949701,-4,0.1798676804
11.108426,2.3822554568,2.4497673183,-0.5168079554,-0.3884224547,-0.0653053261,-0.1283855006,0.1039405671,-0.1555913860,7.3266933794,0.2524271457,0.5090703684,0.9118647970,0.0085075871,0.0249425441,0.0003274219,0.0000000000,-0.0032203551,1.0000000000,0.0419278226,5.2379342550,-3.969,1.000000,18.1765949701,-3,0.1791211866
11.116755,2.3779713954,2.4405634335,-0.5118384213,-0.4347892884,-0.0601221037,-0.0770491329,0.1034395495,-0.0944551665,7.3363463395,0.2585064325,0.5091029294,0.9118913770,0.0031895932,0.0141924012,0.0001964986,0.0000000000,-0.0031956530,1.0000000000,0.0419278226,2.9804042432,-3.818,1.000000,18.1765949701,-4,0.1768548626
11.125173,2.3736847351,2.4313595488,-0.5064592460,-0.4813043505,-0.0549406384,-0.0251548955,0.1029817109,-0.0327219903,7.4079811454,0.2618935726,0.5091151341,0.9118945971,0.0003864191,0.0029076295,0.0000641526,0.0000000000,-0.0031687431,1.0000000000,0.0419278226,0.6106022021,-3.666,1.000000,18.1765949701,-4,0.1738086237
11.133425,2.3695283925,2.4190877025,-0.5008428350,-0.5279538643,-0.0465601298,0.0271110292,0.1025937098,0.0358050363,8.2232431953,0.2645938159,0.5091166126,0.9118984815,0.0004661275,-0.0098375273,-0.0000691413,-0.0000000000,-0.0031404565,1.0000000000,0.0419278226,-2.0658807269,-3.515,1.000000,18.1765949701,-3,0.1708434393
11.141763,2.3653772390,2.4098838178,-0.4948260561,-0.5769542089,-0.0412290394,0.0821281529,0.1022501345,0.1010709234,7.8319064520,0.2656901942,0.5091183960,0.9119295268,0.0037254313,-0.0220852779,-0.0002094516,-0.0000000000,-0.0031099388,1.0000000000,0.0419278226,-4.6379083686,-3.363,1.000000,18.1765949701,-4,0.1689439083
11.150097,2.3612795534,2.3991459523,-0.4884727876,-0.6236291371,-0.0343237103,0.1351563495,0.1019641035,0.1675310631,7.9752167535,0.2681572884,0.5091326487,0.9120154008,0.0103048777,-0.0347390403,-0.0003446896,-0.0000000000,-0.0030774737,1.0000000000,0.0419278226,-7.2951984541,-3.212,1.000000,18.1765949701,-1,0.1691616354
11.158427,2.3572386055,2.3884080867,-0.4817887641,-0.6704236582,-0.0273609642,0.1886348941,0.1019641035,0.2348376216,8.0767870276,0.2733944523,0.5091720618,0.9120154008,0.0000000000,-0.0419278226,-0.0004810760,-0.0000000000,-0.0030430526,1.0000000000,0.0419278226,-8.8048427556,-3.060,1.000000,18.1765949701,-3,0.1691616354
11.166761,2.3532521923,2.3792042020,-0.4747703159,-0.7150977811,-0.0218897096,0.2403274651,0.1019641035,0.2973961043,7.5070179159,0.2770247855,0.5091720618,0.9120154008,0.0000000000,-0.0419278226,-0.0006129077,-0.0000000000,-0.0030066168,0.8484350146,0.0419278226,-8.8048427556,-2.909,1.000000,18.1765949701,-2,0.1691616354
11.175094,2.3493260753,2.3684663365,-0.4674272495,-0.7578485841,-0.0148351039,0.2904213346,0.1019641035,0.3615004205,7.6925179509,0.2804911136,0.5091720618,0.9120154008,0.0000000000,-0.0419278226,-0.0007406623,-0.0000000000,-0.0029681762,0.2817347729,0.0419278226,-8.8048427556,-2.757,1.000000,18.1765949701,-2,0.1691616354
11.183428,2.3454625493,2.3577284710,-0.4597639416,-0.7988548287,-0.0077278177,0.3390908871,0.1019641035,0.4242850435,7.5341547572,0.2833208778,0.5091720618,0.9120154008,0.0000000000,-0.0419278226,-0.0008647843,-0.0000000000,-0.0029277122,0.0000000000,0.0419278226,-8.8048427556,-2.606,1.000000,18.1765949701,-3,0.1691616354
11.191878,2.3416113823,2.3485245863,-0.4516713715,-0.8360497852,-0.0021638043,0.3843784137,0.1019641035,0.4806227007,6.7605188597,0.2851543910,0.5091720618,0.9120154008,0.0000000000,-0.0419278226,-0.0009802812,-0.0000000000,-0.0028845989,0.0000000000,0.0419278226,-8.8048427556,-2.455,1.000000,18.1765949701,-3,0.1691616354
11.200087,2.3379369356,2.3377867207,-0.4435050328,-0.8697876905,0.0050912715,0.4262826577,0.1020065308,0.5369773605,6.7625591848,0.2869545805,0.5091720618,0.9120154008,0.0000000000,-0.0419278226,-0.0010871497,-0.0000000000,-0.0028406963,0.0000000000,0.0419278226,-8.8048427556,-2.303,1.000000,18.1765949701,-2,0.1691616354
11.208426,2.3342741290,2.3285828360,-0.4349072469,-0.9003898570,0.0108061932,0.4654826100,0.1020965824,0.5876159428,6.0766298717,0.2879457276,0.5091720618,0.9120154008,0.0000000000,-0.0419278226,-0.0011871215,-0.0000000000,-0.0027940468,0.0392066257,0.0419278226,-8.8048427556,-2.152,1.000000,18.1765949701,-2,0.1691616354
11.216760,2.3306866991,2.3193789513,-0.4260171682,-0.9281477330,0.0165803340,0.5021305648,0.1022347519,0.6358675829,5.7901968119,0.2886159586,0.5091720618,0.9120154008,0.0000000000,-0.0419278226,-0.0012805849,-0.0000000000,-0.0027453536,0.4252249932,0.0419278226,-8.8048427556,-2.000,1.000000,18.1765949701,-1,0.1691616354
11.225091,2.3271755941,2.3086410858,-0.4168378484,-0.9533256786,0.0239501244,0.5364878302,0.1024343362,0.6850580521,5.9028563074,0.2893642809,0.5091720618,0.9120154008,0.0000000000,-0.0419278226,-0.0013682063,-0.0000000000,-0.0026945917,0.9552036032,0.0419278226,-8.8048427556,-1.849,1.000000,18.1765949701,-1,0.1691616354
11.233426,2.3237405184,2.2994372010,-0.4073683761,-0.9739346073,0.0298360078,0.5665662312,0.1026829696,0.7270709823,5.0415516177,0.2896505568,0.5091720618,0.9120154008,0.0000000000,-0.0419278226,-0.0014449153,-0.0000000000,-0.0026417141,1.0000000000,0.0419278226,-8.8048427556,-1.697,1.000000,18.1765949701,-2,0.1691616354
11.241761,2.3203853624,2.2902333163,-0.3976190743,-0.9926280579,0.0357909296,0.5950089835,0.1029812274,0.7676343059,4.8675988362,0.2897481893,0.5091720618,0.9120154008,0.0000000000,-0.0419278226,-0.0015174529,-0.0000000000,-0.0025867369,1.0000000000,0.0419278226,-8.8048427556,-1.546,1.000000,18.1765949701,-1,0.1691616354
11.250092,2.3171143637,2.2825634124,-0.3876026322,-1.0073551870,0.0402734961,0.6197525548,0.1033168398,0.8016111847,4.0772254557,0.2895485591,0.5091720618,0.9120154008,0.0000000000,-0.0419278226,-0.0015805565,-0.0000000000,-0.0025296924,1.0000000000,0.0419278226,-8.8048427556,-1.394,1.000000,18.1765949701,-2,0.1691616354
11.258428,2.3139260006,2.2748935084,-0.3773143358,-1.0184846407,0.0448182608,0.6411703050,0.1036903254,0.8324231126,3.6974313429,0.2894216029,0.5091720618,0.9120154008,0.0000000000,-0.0419278226,-0.0016351783,-0.0000000000,-0.0024705149,1.0000000000,0.0419278226,-8.8048427556,-1.243,1.000000,18.1765949701,-1,0.1691616354
11.266786,2.3108164834,2.2672236045,-0.3667393447,-1.0263508018,0.0494233333,0.6596114571,0.1041021865,0.8604160539,3.3591529660,0.2893886338,0.5091720618,0.9120154008,0.0000000000,-0.0419278226,-0.0016822088,-0.0000000000,-0.0024090793,1.0000000000,0.0419278226,-8.8048427556,-1.091,1.000000,18.1765949701,-1,0.1691616354
11.275091,2.3078151325,2.2595537006,-0.3559804408,-1.0312569739,0.0541197571,0.6752765331,0.1045531844,0.8858529337,3.0524255750,0.2894704007,0.5091720618,0.9120154008,0.0000000000,-0.0419278226,-0.0017221595,-0.0000000000,-0.0023459511,1.0000000000,0.0419278226,-8.8048427556,-0.940,1.000000,18.1765949701,-1,0.1691616354
11.283425,2.3048941952,2.2534177774,-0.3449405750,-1.0312493947,0.0573346999,0.6863088197,0.1050309736,0.9037412202,2.1465943801,0.2896220828,0.5091720618,0.9120154008,0.0000000000,-0.0419278226,-0.0017502951,-0.0000000000,-0.0022805309,1.0000000000,0.0419278226,-8.8048427556,-0.788,1.000000,18.1765949701,-1,0.1691616354
11.291760,2.3020659901,2.2472818543,-0.3336631730,-1.0290136442,0.0606297172,0.6953504712,0.1055362212,0.9198249751,1.9300505815,0.2899047498,0.5091720618,0.9120154008,0.0000000000,-0.0419278226,-0.0017733541,-0.0000000000,-0.0022130425,1.0000000000,0.0419278226,-8.8048427556,-0.637,1.000000,18.1765949701,-1,0.1691616354
11.300093,2.2993333364,2.2426799119,-0.3221595911,-1.0225279420,0.0624621621,0.7003683509,0.1060567393,0.9289953466,1.1004445800,0.2902902859,0.5091720618,0.9120154008,0.0000000000,-0.0419278226,-0.0017861512,-0.0000000000,-0.0021435262,1.0000000000,0.0419278226,-8.8048427556,-0.485,1.000000,18.1765949701,-1,0.1691616354
11.308546,2.2966602258,2.2380779695,-0.3102648226,-1.0099584200,0.0643195895,0.6996935974,0.1065927358,0.9325379626,0.4251139232,0.2912321479,0.5091720618,0.9120154008,0.0000000000,-0.0419278226,-0.0017844304,-0.0000000000,-0.0020709459,1.0000000000,0.0419278226,-8.8048427556,-0.334,1.000000,18.1765949701,-1,0.1691616354
11.316759,2.2941602848,2.2334760272,-0.2984985879,-0.9940994092,0.0663314995,0.6956008214,0.1071454983,0.9329858910,0.0537514021,0.2925030070,0.5091720618,0.9120154008,0.0000000000,-0.0419278226,-0.0017739925,-0.0000000000,-0.0019984664,1.0000000000,0.0419278226,-8.8048427556,-0.182,1.000000,18.1765949701,0,0.1691616354
11.325094,2.2917226341,2.2319420464,-0.2863533426,-0.9730277724,0.0653081267,0.6866744298,0.1076897327,0.9225637227,-1.2506601869,0.2937569589,0.5091720618,0.9120154008,0.0000000000,-0.0419278226,-0.0017512275,-0.0000000000,-0.0019229580,1.0000000000,0.0419278226,-8.8048427556,-0.031,1.000000,18.1765949701,0,0.1691616354
11.333427,2.2893878815,2.2334760272,-0.2740163035,-0.9449991164,0.0612801692,0.6709828130,0.1082004008,0.8993761260,-2.7825116120,0.2951349280,0.5091720618,0.9120154008,0.0000000000,-0.0419278226,-0.0017112092,-0.0000000000,-0.0018455561,1.0000000000,0.0419278226,-8.8048427556,0.120,1.000000,18.1765949701,0,0.1691616354
11.341794,2.2871477329,2.2319420464,-0.2614394970,-0.9106600552,0.0603789293,0.6492205581,0.1087035586,0.8763201470,-2.7667174801,0.2975401181,0.5091720618,0.9120154008,0.0000000000,-0.0419278226,-0.0016557088,-0.0000000000,-0.0017659455,1.0000000000,0.0419278226,-8.8048427556,0.272,1.000000,18.1765949701,0,0.1691616354
11.350099,2.2850287547,2.2334760272,-0.2487757709,-0.8705971035,0.0564983823,0.6218213325,0.1091743784,0.8416784064,-4.1570088665,0.2997867429,0.5091720618,0.9120154008,0.0000000000,-0.0419278226,-0.0015858325,-0.0000000000,-0.0016850910,1.0000000000,0.0419278226,-8.8048427556,0.423,1.000000,18.1765949701,0,0.1691616354
11.358430,2.2830097914,2.2334760272,-0.2359039440,-0.8253422631,0.0542223370,0.5894383191,0.1096262312,0.8052207161,-4.3749228374,0.3025466627,0.5091720618,0.9120154008,0.0000000000,-0.0419278226,-0.0015032460,-0.0000000000,-0.0016022214,1.0000000000,0.0419278226,-8.8048427556,0.575,1.000000,18.1765949701,0,0.1691616354
11.366754,2.2811002566,2.2334760272,-0.2228812687,-0.7753780894,0.0520289677,0.5524968208,0.1100598059,0.7643507121,-4.9044004759,0.3054143559,0.5091720618,0.9120154008,0.0000000000,-0.0419278226,-0.0014090340,-0.0000000000,-0.0015177056,1.0000000000,0.0419278226,-8.8048427556,0.726,1.000000,18.1765949701,0,0.1691616354
11.375175,2.2792793223,2.2350100079,-0.2095509996,-0.7211422871,0.0483659519,0.5115912875,0.1104628555,0.7165678563,-5.7339427000,0.3079070409,0.5091720618,0.9120154008,0.0000000000,-0.0419278226,-0.0013047126,-0.0000000000,-0.0014305222,1.0000000000,0.0419278226,-8.8048427556,0.878,1.000000,18.1765949701,0,0.1691616354
11.383425,2.2776049721,2.2350100079,-0.1963503404,-0.6630318788,0.0463614903,0.4666815384,0.1108492013,0.6680582021,-5.8211585026,0.3105690004,0.5091720618,0.9120154008,0.0000000000,-0.0419278226,-0.0011901791,-0.0000000000,-0.0013435506,1.0000000000,0.0419278226,-8.8048427556,1.029,1.000000,18.1765949701,0,0.1691616354
11.391759,2.2760244972,2.2365439887,-0.1828795649,-0.6036358619,0.0429096200,0.4207562970,0.1112067815,0.6156301381,-6.2913676824,0.3124497726,0.5091720618,0.9120154008,0.0000000000,-0.0419278226,-0.0010730559,-0.0000000000,-0.0012541826,1.0000000000,0.0419278226,-8.8048427556,1.181,1.000000,18.1765949701,0,0.1691616354
11.400093,2.2745569643,2.2380779695,-0.1692847470,-0.5475314779,0.0395893906,0.3782467309,0.1115366931,0.5668519054,-5.8533879277,0.3136981078,0.5091720618,0.9120154008,0.0000000000,-0.0419278226,-0.0009646436,-0.0000000000,-0.0011633980,1.0000000000,0.0419278226,-8.8048427556,1.332,1.000000,18.1765949701,0,0.1691616354
11.408430,2.2732028100,2.2380779695,-0.1555695517,-0.4944127888,0.0379334818,0.3388432371,0.1118528054,0.5244714787,-5.0856511934,0.3148330843,0.5091720618,0.9120154008,0.0000000000,-0.0419278226,-0.0008641528,-0.0000000000,-0.0010712453,1.0000000000,0.0419278226,-8.8048427556,1.484,1.000000,18.1765949701,0,0.1691616354
11.416850,2.2719515798,2.2396119503,-0.1416083041,-0.4440022919,0.0348619007,0.3023939878,0.1121433212,0.4822085324,-5.0715535618,0.3151298200,0.5091720618,0.9120154008,0.0000000000,-0.0419278226,-0.0007711962,-0.0000000000,-0.0009769004,1.0000000000,0.0419278226,-8.8048427556,1.635,1.000000,18.1765949701,0,0.1691616354
11.425093,2.2708409686,2.2396119503,-0.1278449456,-0.3960482769,0.0334788742,0.2682033314,0.1124223119,0.4455462837,-4.3994698476,0.3155136184,0.5091720618,0.9120154008,0.0000000000,-0.0419278226,-0.0006839996,-0.0000000000,-0.0008834042,1.0000000000,0.0419278226,-8.8048427556,1.787,1.000000,18.1765949701,1,0.1691616354
11.433427,2.2698338353,2.2411459311,-0.1138430250,-0.3525513041,0.0306906642,0.2387082790,0.1126780674,0.4107660339,-4.1736299777,0.3151632354,0.5091720618,0.9120154008,0.0000000000,-0.0419278226,-0.0006087783,-0.0000000000,-0.0007878357,1.0000000000,0.0419278226,-8.8048427556,1.938,1.000000,18.1765949701,1,0.1691616354
11.441757,2.2689441039,2.2442138927,-0.0997695680,-0.3108682419,0.0264961797,0.2110986739,0.1128988689,0.3750439035,-4.2866556435,0.3141320950,0.5091720618,0.9120154008,0.0000000000,-0.0419278226,-0.0005383655,-0.0000000000,-0.0006913673,1.0000000000,0.0419278226,-8.8048427556,2.090,1.000000,18.1765949701,2,0.1691616354
11.450087,2.2681718001,2.2472818543,-0.0856259330,-0.2708304980,0.0224284694,0.1852045650,0.1130857728,0.3412556184,-4.0545942151,0.3129050577,0.5091720618,0.9120154008,0.0000000000,-0.0419278226,-0.0004723277,-0.0000000000,-0.0005940516,0.8812590963,0.0419278226,-8.8048427556,2.241,1.000000,18.1765949701,1,0.1691616354
11.458430,2.2675167796,2.2503498158,-0.0714045758,-0.2322851499,0.0184865204,0.1608805741,0.1132398271,0.3092548219,-3.8400955721,0.3115173473,0.5091720618,0.9120154008,0.0000000000,-0.0419278226,-0.0004102941,-0.0000000000,-0.0004958819,0.5883844532,0.0419278226,-8.8048427556,2.393,1.000000,18.1765949701,1,0.1691616354
11.466764,2.2669810701,2.2549517582,-0.0571480741,-0.1950934883,0.0131375916,0.1379454142,0.1133493071,0.2758046419,-4.0140216008,0.3094979957,0.5091720618,0.9120154008,0.0000000000,-0.0419278226,-0.0003518025,-0.0000000000,-0.0003972006,0.1593307448,0.0419278226,-8.8048427556,2.544,1.000000,18.1765949701,1,0.1691616354
11.475092,2.2665645919,2.2580197198,-0.0428623204,-0.1569008200,0.0094361883,0.1140384996,0.1134279420,0.2446242784,-3.7416436230,0.3077977696,0.5091720618,0.9120154008,0.0000000000,-0.0419278226,-0.0002908327,-0.0000000000,-0.0002981000,0.0048238069,0.0419278226,-8.8048427556,2.695,1.000000,18.1765949701,3,0.1691616354
11.483423,2.2662671225,2.2656896237,-0.0285414953,-0.1178001829,0.0012466936,0.0892586876,0.1134383311,0.2035903740,-4.9240685239,0.3043552774,0.5091720618,0.9120154008,0.0000000000,-0.0419278226,-0.0002276367,-0.0000000000,-0.0001985921,0.0000000000,0.0419278226,-8.8048427556,2.847,1.000000,18.1765949701,2,0.1691616354
11.491843,2.2660878165,2.2702915661,-0.0140499950,-0.0756470915,-0.0037740165,0.0615970965,0.1134068809,0.1659266413,-4.5196479239,0.3016418367,0.5091720618,0.9121073202,0.0110303309,-0.0339460969,-0.0001570912,-0.0000000000,-0.0000977871,0.0000000000,0.0419278226,-7.1286803428,2.998,1.000000,18.1765949701,4,0.1697054402
11.500094,2.2660305159,2.2764274892,0.0001619096,-0.0329541291,-0.0102097687,0.0331160387,0.1133217995,0.1245802851,-4.9615627471,0.2991442269,0.5092142319,0.9121588143,0.0061792969,-0.0252580940,-0.0000844559,-0.0000000000,0.0000011270,0.0204358588,0.0419278226,-5.3041997380,3.150,1.000000,18.1765949701,3,0.1686598539
11.508427,2.2660916693,2.2840973932,0.0145145249,0.0124574023,-0.0180764914,0.0020571227,0.1131711621,0.0777495221,-5.6196915657,0.2929015554,0.5092378479,0.9121785563,0.0023690403,-0.0154184420,-0.0000052463,-0.0000000000,0.0001010196,0.5534689455,0.0419278226,-3.2378728270,3.137,1.000000,18.1765949701,3,0.1664077474
11.516756,2.2662722762,2.2917672971,0.0288504399,0.0603348277,-0.0258377686,-0.0314843877,0.1129558474,0.0285818041,-5.9001261548,0.2842214416,0.5092469004,0.9121811652,0.0003130611,-0.0052969194,0.0000802947,0.0000000000,0.0002007402,0.9988620135,0.0419278226,-1.1123530639,2.986,1.000000,18.1765949701,1,0.1635344332
11.525174,2.2665760671,2.2994372010,0.0433196257,0.1104489568,-0.0334885681,-0.0671293311,0.1126767760,-0.0225328051,-6.1337531009,0.2742094223,0.5092480966,0.9121827442,0.0001894886,0.0047549743,0.0001712001,0.0000000000,0.0003012751,1.0000000000,0.0419278226,0.9985445967,2.834,1.000000,18.1765949701,2,0.1606729558
11.533427,2.2669919680,2.3086410858,0.0574738319,0.1625919013,-0.0425727637,-0.1051180694,0.1123220029,-0.0789125794,-6.7655729164,0.2633947925,0.5092488206,0.9122015501,0.0022567031,0.0152307881,0.0002680829,0.0000000000,0.0003994581,1.0000000000,0.0419278226,3.1984655064,2.683,1.000000,18.1765949701,2,0.1585425756
11.541763,2.2675305942,2.3163109897,0.0717342270,0.2165750948,-0.0500107071,-0.1448408678,0.1119052470,-0.1338180751,-6.5886594901,0.2540881358,0.5092574429,0.9122542405,0.0063228471,0.0249297463,0.0003693880,0.0000000000,0.0004981607,1.0000000000,0.0419278226,5.2352467317,2.531,1.000000,18.1765949701,1,0.1577939557
11.550087,2.2681867618,2.3255148744,0.0859227035,0.2699986213,-0.0588619105,-0.1840759178,0.1114147311,-0.1911152878,-6.8756655259,0.2463278298,0.5092815967,0.9123593498,0.0126131174,0.0346768215,0.0004694493,0.0000000000,0.0005960969,1.0000000000,0.0419278226,7.2821325196,2.380,1.000000,18.1765949701,4,0.1591167549
11.558504,2.2689701704,2.3331847784,0.1002110951,0.3251433742,-0.0660616700,-0.2249322791,0.1108642172,-0.2468132053,-6.6837500930,0.2419689534,0.5093297620,0.9123593498,0.0000000000,0.0419278226,0.0005736454,0.0000000000,0.0006943996,1.0000000000,0.0419278226,8.8048427556,2.228,1.000000,18.1765949701,1,0.1591167549
11.566762,2.2698554014,2.3423886631,0.1141617661,0.3773916242,-0.0746771336,-0.2632298581,0.1102419078,-0.3028347225,-6.7225820719,0.2349846840,0.5093297620,0.9123593498,0.0000000000,0.0419278226,0.0006713158,0.0000000000,0.0007900159,1.0000000000,0.0419278226,8.8048427556,2.077,1.000000,18.1765949701,2,0.1591167549
11.575089,2.2708642410,2.3515925478,0.1281494902,0.4292414599,-0.0831667253,-0.3010919696,0.1095488517,-0.3582405503,-6.6486993335,0.2278736923,0.5093297620,0.9123593498,0.0000000000,0.0419278226,0.0007678756,0.0000000000,0.0008854780,1.0000000000,0.0419278226,8.8048427556,1.925,1.000000,18.1765949701,1,0.1591167549
11.583421,2.2719899805,2.3623304133,0.1420588084,0.4785010357,-0.0930586832,-0.3364422273,0.1087733627,-0.4140009066,-6.6912427588,0.2203323330,0.5093297620,0.9123593498,0.0000000000,0.0419278226,0.0008580295,0.0000000000,0.0009799528,1.0000000000,0.0419278226,8.8048427556,1.774,1.000000,18.1765949701,2,0.1591167549
11.591840,2.2732448863,2.3700003173,0.1560156076,0.5276399767,-0.0997528280,-0.3716243692,0.1079420891,-0.4632972965,-5.9155667779,0.2138424249,0.5093297620,0.9123593498,0.0000000000,0.0419278226,0.0009477546,0.0000000000,0.0010742508,1.0000000000,0.0419278226,8.8048427556,1.622,1.000000,18.1765949701,1,0.1591167549
11.600108,2.2745910528,2.3807381828,0.1696143170,0.5722117438,-0.1093977286,-0.4025974268,0.1070304414,-0.5143240562,-6.1232111651,0.2066408980,0.5093297620,0.9123593498,0.0000000000,0.0419278226,0.0010267452,0.0000000000,0.0011656056,1.0000000000,0.0419278226,8.8048427556,1.471,1.000000,18.1765949701,2,0.1591167549
11.608431,2.2760593358,2.3899420675,0.1831886302,0.6148697045,-0.1173756601,-0.4316810743,0.1060523109,-0.5602163601,-5.5070764668,0.2001917964,0.5093297620,0.9123593498,0.0000000000,0.0419278226,0.0011009173,0.0000000000,0.0012562397,1.0000000000,0.0419278226,8.8048427556,1.319,1.000000,18.1765949701,1,0.1591167549
11.616750,2.2776392970,2.3976119715,0.1966312709,0.6557917357,-0.1236980711,-0.4591604648,0.1050214936,-0.6012684951,-4.9262562052,0.1944736129,0.5093297620,0.9123593498,0.0000000000,0.0419278226,0.0011709981,0.0000000000,0.0013454079,1.0000000000,0.0419278226,8.8048427556,1.168,1.000000,18.1765949701,1,0.1591167549
11.625100,2.2793369635,2.4068158562,0.2099883239,0.6951391819,-0.1314278128,-0.4851508580,0.1039262619,-0.6436901077,-5.0905935060,0.1883948479,0.5093297620,0.9123593498,0.0000000000,0.0419278226,0.0012372815,0.0000000000,0.0014333929,1.0000000000,0.0419278226,8.8048427556,1.016,1.000000,18.1765949701,1,0.1591167549
11.633430,2.2811413278,2.4160197409,0.2231710600,0.7308295156,-0.1390300815,-0.5076584556,0.1027676778,-0.6824382315,-4.6497748645,0.1827557964,0.5093297620,0.9123593498,0.0000000000,0.0419278226,0.0012946826,0.0000000000,0.0015195934,1.0000000000,0.0419278226,8.8048427556,0.865,1.000000,18.1765949701,1,0.1591167549
11.641755,2.2830535006,2.4236896449,0.2361918435,0.7632026439,-0.1449717166,-0.5270108003,0.1015595802,-0.7147819070,-3.8812410616,0.1780610552,0.5093297620,0.9123593498,0.0000000000,0.0419278226,0.0013440370,0.0000000000,0.0016040823,1.0000000000,0.0419278226,8.8048427556,0.714,1.000000,18.1765949701,1,0.1591167549
11.650086,2.2850747549,2.4328935296,0.2490594107,0.7925668812,-0.1523211583,-0.5435074706,0.1002902372,-0.7471262028,-3.8813154951,0.1732175475,0.5093297620,0.9123593498,0.0000000000,0.0419278226,0.0013861085,0.0000000000,0.0016869093,1.0000000000,0.0419278226,8.8048427556,0.562,1.000000,18.1765949701,1,0.1591167549
11.658418,2.2872031400,2.4390294527,0.2617601381,0.8169730106,-0.1564673418,-0.5552128725,0.0989863427,-0.7683516291,-2.5470511536,0.1700288339,0.5093297620,0.9123593498,0.0000000000,0.0419278226,0.0014159608,0.0000000000,0.0017679838,1.0000000000,0.0419278226,8.8048427556,0.411,1.000000,18.1765949701,1,0.1591167549
11.666853,2.2894647016,2.4466993567,0.2744341707,0.8368818588,-0.1619887816,-0.5624476881,0.0976364362,-0.7878830980,-2.3437762668,0.1668854346,0.5093297620,0.9123593498,0.0000000000,0.0419278226,0.0014344118,0.0000000000,0.0018481891,1.0000000000,0.0419278226,8.8048427556,0.259,1.000000,18.1765949701,1,0.1591167549
11.675092,2.2917759918,2.4513012990,0.2866268889,0.8527114215,-0.1643693577,-0.5660845326,0.0962666915,-0.7975984021,-1.1658364975,0.1652178273,0.5093297620,0.9123593498,0.0000000000,0.0419278226,0.0014436868,0.0000000000,0.0019246663,1.0000000000,0.0419278226,8.8048427556,0.108,1.000000,18.1765949701,8,0.1591167549
11.683427,2.2942157158,2.4559032414,0.2987667413,0.8626119683,-0.1665878187,-0.5638452270,0.0948784597,-0.8011338247,-0.4242507029,0.1642595632,0.5093297620,0.9123593498,0.0000000000,0.0419278226,0.0014379759,0.0000000000,0.0020001256,1.0000000000,0.0419278226,8.8048427556,-0.044,1.000000,18.1765949701,-9,0.1591167549
11.691757,2.2967543202,2.4589712030,0.3106951097,0.8649056905,-0.1671302060,-0.5542105808,0.0934857080,-0.7939496810,0.8620972362,0.1646846209,0.5093297620,0.9123593498,0.0000000000,0.0419278226,0.0014134046,0.0000000000,0.0020735837,1.0000000000,0.0419278226,8.8048427556,-0.195,1.000000,18.1765949701,4,0.1591167549
11.700092,2.2993929075,2.4605051838,0.3224171797,0.8602995975,-0.1659994333,-0.5378824178,0.0921023794,-0.7767398333,2.0651817334,0.1664007126,0.5093297620,0.9123593498,0.0000000000,0.0419278226,0.0013717629,0.0000000000,0.0021450902,1.0000000000,0.0419278226,8.8048427556,-0.347,1.000000,18.1765949701,0,0.1591167549
11.708512,2.3021567182,2.4605051838,0.3340345297,0.8472061104,-0.1631612416,-0.5131715807,0.0907427024,-0.7477330557,3.4808133112,0.1695957723,0.5093297620,0.9123593498,0.0000000000,0.0419278226,0.0013087428,0.0000000000,0.0022152753,1.0000000000,0.0419278226,8.8048427556,-0.498,1.000000,18.1765949701,0,0.1591167549
11.716758,2.3049574266,2.4605051838,0.3451858846,0.8264140824,-0.1602424187,-0.4812281978,0.0894073489,-0.7113096143,4.3708129632,0.1735877003,0.5093297620,0.9123593498,0.0000000000,0.0419278226,0.0012272775,0.0000000000,0.0022819916,1.0000000000,0.0419278226,8.8048427556,-0.650,1.000000,18.1765949701,0,0.1591167549
11.725093,2.3078805774,2.4589712030,0.3562211677,0.7964101715,-0.1556148420,-0.4401890038,0.0881105585,-0.6623587519,5.8741034920,0.1790852139,0.5093297620,0.9123593498,0.0000000000,0.0419278226,0.0011226151,0.0000000000,0.0023473704,1.0000000000,0.0419278226,8.8048427556,-0.801,1.000000,18.1765949701,0,0.1591167549
11.733419,2.3108916735,2.4589712030,0.3670017176,0.7580505678,-0.1523858341,-0.3910488502,0.0868406766,-0.6080579545,6.5160956857,0.1848454794,0.5093297620,0.9123593498,0.0000000000,0.0419278226,0.0009972929,0.0000000000,0.0024106109,1.0000000000,0.0419278226,8.8048427556,-0.953,1.000000,18.1765949701,0,0.1591167549
11.741840,2.3140272024,2.4589712030,0.3776492860,0.7121118835,-0.1489893386,-0.3344625975,0.0855990988,-0.5459505182,7.4528923603,0.1912275972,0.5093297620,0.9123593498,0.0000000000,0.0419278226,0.0008529808,0.0000000000,0.0024724507,1.0000000000,0.0419278226,8.8048427556,-1.104,1.000000,18.1765949701,0,0.1591167549
11.750097,2.3171874864,2.4574372222,0.3878323507,0.6615274251,-0.1440077155,-0.2736950744,0.0843990345,-0.4764728138,8.3373245205,0.1983101774,0.5093297620,0.9123593498,0.0000000000,0.0419278226,0.0006980052,0.0000000000,0.0025310070,1.0000000000,0.0419278226,8.8048427556,-1.256,1.000000,18.1765949701,0,0.1591167549
11.758430,2.3204612059,2.4559032414,0.3978451823,0.6089578657,-0.1389013801,-0.2111126834,0.0832415230,-0.4048906038,8.5898652076,0.2052326219,0.5093297620,0.9123593498,0.0000000000,0.0419278226,0.0005384012,0.0000000000,0.0025880181,1.0000000000,0.0419278226,8.8048427556,-1.407,1.000000,18.1765949701,0,0.1591167549
11.766762,2.3238170955,2.4559032414,0.4075849876,0.5523588329,-0.1352239649,-0.1447738453,0.0821146566,-0.3323595644,8.7037247174,0.2115145897,0.5093297620,0.9123593498,0.0000000000,0.0419278226,0.0003692171,0.0000000000,0.0026429294,1.0000000000,0.0419278226,8.8048427556,-1.559,1.000000,18.1765949701,0,0.1591167549
11.775117,2.3272621450,2.4543692606,0.4170700600,0.5010203455,-0.1299532928,-0.0839502855,0.0810317125,-0.2621362860,8.4267934146,0.2174002300,0.5093297620,0.9123593498,0.0000000000,0.0419278226,0.0002140986,0.0000000000,0.0026958819,1.0000000000,0.0419278226,8.8048427556,-1.710,1.000000,18.1765949701,-1,0.1591167549
11.783424,2.3307648936,2.4528352798,0.4262160976,0.4499957153,-0.1246267046,-0.0237796177,0.0799931566,-0.1924110810,8.3670245928,0.2227467290,0.5093297620,0.9124586141,0.0119117152,0.0343384950,0.0000606452,0.0000000000,0.0027464483,1.0000000000,0.0419278226,7.2110839409,-1.861,1.000000,18.1765949701,-2,0.1600384811
11.791754,2.3343526890,2.4497673183,0.4350966292,0.4014846470,-0.1176953679,0.0336119822,0.0790123619,-0.1222209580,8.4228147641,0.2292546252,0.5093752267,0.9124994762,0.0049034553,0.0231452860,-0.0000857207,-0.0000000000,0.0027950790,1.0000000000,0.0419278226,4.8605100609,-2.013,1.000000,18.1765949701,-1,0.1587326037
11.800093,2.3380166205,2.4482333375,0.4436869104,0.3530246442,-0.1122221659,0.0906622662,0.0780771772,-0.0552230327,8.0397510336,0.2314845487,0.5093939361,0.9125078749,0.0010078402,0.0119070845,-0.0002312162,-0.0000000000,0.0028416784,1.0000000000,0.0419278226,2.5004877349,-2.164,1.000000,18.1765949701,-2,0.1562182713
11.808426,2.3417487210,2.4436313951,0.4519680260,0.3068398362,-0.1036257581,0.1451281898,0.0772136292,0.0154638560,8.4824266515,0.2322194360,0.5093977811,0.9125085349,0.0000792048,-0.0000930341,-0.0003701208,-0.0000000000,0.0028861863,1.0000000000,0.0419278226,-0.0195371671,-2.013,1.000000,18.1765949701,-2,0.1534515442
11.816754,2.3455460653,2.4405634335,0.4599343330,0.2627187573,-0.0965098109,0.1972155757,0.0764093808,0.0808904848,7.8511954466,0.2313094283,0.5093980833,0.9125265458,0.0021613039,-0.0111848949,-0.0005029594,-0.0000000000,0.0029286158,1.0000000000,0.0419278226,-2.3488279190,-1.861,1.000000,18.1765949701,-1,0.1514251930
11.825093,2.3494135542,2.4359614912,0.4675956623,0.2182407202,-0.0877877105,0.2493549422,0.0756778165,0.1496305843,8.2488119484,0.2313876255,0.5094063283,0.9125881887,0.0073971516,-0.0228499279,-0.0006359305,-0.0000000000,0.0029690615,1.0000000000,0.0419278226,-4.7984848617,-1.710,1.000000,18.1765949701,-2,0.1512048680
11.833427,2.3533412207,2.4313595488,0.4749317962,0.1734389021,-0.0790035932,0.3014928942,0.0750194532,0.2185646149,8.2720836749,0.2336993607,0.5094345420,0.9127206322,0.0158932118,-0.0348056385,-0.0007688981,-0.0000000000,0.0030074585,1.0000000000,0.0419278226,-7.3091840839,-1.559,1.000000,18.1765949701,-1,0.1538700864
11.841766,2.3573312961,2.4267576064,0.4819468672,0.1283433965,-0.0701553986,0.3536034708,0.0750194532,0.2882477061,8.3619709326,0.2400947927,0.5094951327,0.9127206322,0.0000000000,-0.0419278226,-0.0009017958,-0.0000000000,0.0030438700,1.0000000000,0.0419278226,-8.8048427556,-1.407,1.000000,18.1765949701,-1,0.1538700864
11.850093,2.3613724340,2.4206216833,0.4886214663,0.0829814999,-0.0597206474,0.4056399665,0.0750194532,0.3610076175,8.7311893730,0.2419198812,0.5094951327,0.9127206322,0.0000000000,-0.0419278226,-0.0010345046,-0.0000000000,0.0030782363,1.0000000000,0.0419278226,-8.8048427556,-1.256,1.000000,18.1765949701,-1,0.1538700864
11.858425,2.3654706758,2.4160197409,0.4949660703,0.0373779718,-0.0507614004,0.4575880985,0.0750194532,0.4307488141,8.3689435889,0.2426695332,0.5094951327,0.9127206322,0.0000000000,-0.0419278226,-0.0011669881,-0.0000000000,0.0031106514,1.0000000000,0.0419278226,-8.8048427556,-1.104,1.000000,18.1765949701,-1,0.1538700864
11.866760,2.3696210444,2.4098838178,0.5009724293,-0.0084447296,-0.0402148008,0.5094171589,0.0750194532,0.5035234212,8.7329528589,0.2431677637,0.5094951327,0.9127206322,0.0000000000,-0.0419278226,-0.0012991679,-0.0000000000,0.0031411114,1.0000000000,0.0419278226,-8.8048427556,-0.953,1.000000,18.1765949701,-1,0.1538700864
11.875087,2.3738168330,2.4052818754,0.5066312094,-0.0544662334,-0.0311556328,0.5610974428,0.0750194532,0.5731952130,8.3606150173,0.2426261387,0.5094951327,0.9127206322,0.0000000000,-0.0419278226,-0.0014309682,-0.0000000000,0.0031696061,1.0000000000,0.0419278226,-8.8048427556,-0.801,1.000000,18.1765949701,-1,0.1538700864
11.883503,2.3781032737,2.3991459523,0.5119973981,-0.1006680621,-0.0204708073,0.6126654602,0.0750194532,0.6459832938,8.7345696949,0.2417938944,0.5094951327,0.9127206322,0.0000000000,-0.0419278226,-0.0015624823,-0.0000000000,0.0031964456,0.7490004424,0.0419278226,-8.8048427556,-0.650,1.000000,18.1765949701,-1,0.1538700864
11.891759,2.3823510978,2.3945440099,0.5169143554,-0.1448045798,-0.0113703118,0.6617189352,0.0750194532,0.7131103528,8.0552470808,0.2401210539,0.5094951327,0.9127206322,0.0000000000,-0.0419278226,-0.0016875835,-0.0000000000,0.0032208824,0.0618797582,0.0419278226,-8.8048427556,-0.498,1.000000,18.1765949701,-1,0.1538700864
11.900093,2.3866783280,2.3884080867,0.5215246053,-0.1848388692,-0.0006797332,0.7063634745,0.0750194532,0.7789863813,7.9051234166,0.2384689019,0.5094951327,0.9127206322,0.0000000000,-0.0419278226,-0.0018014406,-0.0000000000,0.0032436593,0.0000000000,0.0419278226,-8.8048427556,-0.347,1.000000,18.1765949701,-1,0.1538700864
11.908421,2.3910393363,2.3853401252,0.5257744703,-0.2233810839,0.0069681859,0.7491555542,0.0750775214,0.8370244863,6.9645726030,0.2358833507,0.5094951327,0.9127206322,0.0000000000,-0.0419278226,-0.0019105733,-0.0000000000,0.0032645395,0.0000000000,0.0419278226,-8.8048427556,-0.195,1.000000,18.1765949701,-1,0.1538700864
11.916835,2.3954801844,2.3822721636,0.5297031037,-0.2583410276,0.0146755946,0.7880441314,0.0751998181,0.8913405676,6.5179297566,0.2332106056,0.5094951327,0.9127206322,0.0000000000,-0.0419278226,-0.0020097509,-0.0000000000,0.0032837420,0.2693366369,0.0419278226,-8.8048427556,-0.044,1.000000,18.1765949701,-1,0.1538700864
11.925093,2.3998689651,2.3807381828,0.5331987297,-0.2878227755,0.0207658349,0.8210215052,0.0753728667,0.9365837932,5.4291870677,0.2304822295,0.5094951327,0.9127206322,0.0000000000,-0.0419278226,-0.0020938532,-0.0000000000,0.0033007478,0.7710184681,0.0419278226,-8.8048427556,0.108,1.000000,18.1765949701,0,0.1538700864
11.933426,2.4043254473,2.3807381828,0.5363624340,-0.3101066177,0.0253489063,0.8464690517,0.0755841076,0.9713416132,4.1709384059,0.2279881451,0.5094951327,0.9127206322,0.0000000000,-0.0419278226,-0.0021587522,-0.0000000000,0.0033160735,0.9934144334,0.0419278226,-8.8048427556,0.259,1.000000,18.1765949701,0,0.1538700864
11.941762,2.4088086291,2.3792042020,0.5391596734,-0.3258615569,0.0314555690,0.8650212303,0.0758462373,1.0022800968,3.7126180260,0.2262288218,0.5094951327,0.9127206322,0.0000000000,-0.0419278226,-0.0022060658,-0.0000000000,0.0033295723,1.0000000000,0.0419278226,-8.8048427556,0.411,1.000000,18.1765949701,0,0.1538700864
11.950120,2.4133252939,2.3792042020,0.5415929494,-0.3334655404,0.0360154301,0.8750584897,0.0761463659,1.0216691820,2.3266902194,0.2249784579,0.5094951327,0.9127206322,0.0000000000,-0.0419278226,-0.0022316639,-0.0000000000,0.0033412752,1.0000000000,0.0419278226,-8.8048427556,0.562,1.000000,18.1765949701,0,0.1538700864
11.958434,2.4178371579,2.3792042020,0.5436431310,-0.3336761512,0.0405284906,0.8773192821,0.0764841033,1.0332259380,1.3868107271,0.2244387104,0.5094951327,0.9127206322,0.0000000000,-0.0419278226,-0.0022374296,-0.0000000000,0.0033511071,1.0000000000,0.0419278226,-8.8048427556,0.714,1.000000,18.1765949701,0,0.1538700864
11.966765,2.4223733940,2.3807381828,0.5453253270,-0.3271805596,0.0434938461,0.8725058866,0.0768465520,1.0346591307,0.1719831187,0.2243567575,0.5094951327,0.9127206322,0.0000000000,-0.0419278226,-0.0022251540,-0.0000000000,0.0033591548,1.0000000000,0.0419278226,-8.8048427556,0.865,1.000000,18.1765949701,0,0.1538700864
11.975092,2.4269198014,2.3807381828,0.5466334500,-0.3146020675,0.0479687980,0.8612355175,0.0772462920,1.0326701794,-0.2386741487,0.2250782944,0.5094951327,0.9127206322,0.0000000000,-0.0419278226,-0.0021964111,-0.0000000000,0.0033654008,1.0000000000,0.0419278226,-8.8048427556,1.016,1.000000,18.1765949701,0,0.1538700864
11.983543,2.4315439500,2.3807381828,0.5475787064,-0.2965060445,0.0524901474,0.8440847508,0.0776837099,1.0249301280,-0.9288061691,0.2263238067,0.5094951327,0.9127206322,0.0000000000,-0.0419278226,-0.0021526715,-0.0000000000,0.0033699076,1.0000000000,0.0419278226,-8.8048427556,1.168,1.000000,18.1765949701,0,0.1538700864
11.991753,2.4360417476,2.3822721636,0.5481273139,-0.2734053124,0.0553227345,0.8215326264,0.0781447327,1.0084581126,-1.9766418499,0.2278260235,0.5094951327,0.9127206322,0.0000000000,-0.0419278226,-0.0020951567,-0.0000000000,0.0033725207,1.0000000000,0.0419278226,-8.8048427556,1.319,1.000000,18.1765949701,0,0.1538700864
12.000092,2.4406140876,2.3822721636,0.5483113325,-0.2502227811,0.0597633800,0.7985341136,0.0786427609,0.9947698021,-1.6425972612,0.2295161808,0.5094951327,0.9127206322,0.0000000000,-0.0419278226,-0.0020365036,-0.0000000000,0.0033733967,1.0000000000,0.0419278226,-8.8048427556,1.471,1.000000,18.1765949701,0,0.1538700864
12.008423,2.4451814390,2.3822721636,0.5481193882,-0.2269660531,0.0641986154,0.7750854414,0.0791777493,0.9806570322,-1.6935323849,0.2311883518,0.5094951327,0.9127206322,0.0000000000,-0.0419278226,-0.0019767024,-0.0000000000,0.0033724829,1.0000000000,0.0419278226,-8.8048427556,1.622,1.000000,18.1765949701,0,0.1538700864
12.016775,2.4497570650,2.3838061444,0.5475501215,-0.2058709006,0.0671204242,0.7534210220,0.0797370862,0.9653468586,-1.8372208374,0.2324304934,0.5094951327,0.9127206322,0.0000000000,-0.0419278226,-0.0019214515,-0.0000000000,0.0033697714,1.0000000000,0.0419278226,-8.8048427556,1.774,1.000000,18.1765949701,1,0.1538700864
12.025085,2.4543036077,2.3838061444,0.5466095833,-0.1845075419,0.0715456067,0.7311171252,0.0803332996,0.9524192699,-1.5513106471,0.2338931753,0.5094951327,0.9127206322,0.0000000000,-0.0419278226,-0.0018645699,-0.0000000000,0.0033652869,1.0000000000,0.0419278226,-8.8048427556,1.925,1.000000,18.1765949701,1,0.1538700864
12.033431,2.4588602546,2.3853401252,0.5452900688,-0.1651297811,0.0744581924,0.7104198498,0.0809537845,0.9381182182,-1.7161261933,0.2349440342,0.5094951327,0.9127206322,0.0000000000,-0.0419278226,-0.0018117855,-0.0000000000,0.0033589863,1.0000000000,0.0419278226,-8.8048427556,2.077,1.000000,18.1765949701,2,0.1538700864
12.041755,2.4633924358,2.3853401252,0.5436006500,-0.1453241928,0.0788778627,0.6889248427,0.0816111001,0.9260488218,-1.4483275787,0.2362348861,0.5094951327,0.9127206322,0.0000000000,-0.0419278226,-0.0017569668,-0.0000000000,0.0033509037,1.0000000000,0.0419278226,-8.8048427556,2.228,1.000000,18.1765949701,2,0.1538700864
12.050093,2.4679170293,2.3868741060,0.5415355161,-0.1273594168,0.0817664218,0.6688949329,0.0822924869,0.9124274710,-1.6345620865,0.2371281502,0.5094951327,0.9127206322,0.0000000000,-0.0419278226,-0.0017058844,-0.0000000000,0.0033409994,1.0000000000,0.0419278226,-8.8048427556,2.380,1.000000,18.1765949701,1,0.1538700864
12.058517,2.4724683645,2.3884080867,0.5390721931,-0.1088354847,0.0846785462,0.6479076778,0.0829981415,0.8979195049,-1.7409559306,0.2380329270,0.5094951327,0.9127206322,0.0000000000,-0.0419278226,-0.0016523606,-0.0000000000,0.0033291509,1.0000000000,0.0419278226,-8.8048427556,2.531,1.000000,18.1765949701,3,0.1538700864
12.066765,2.4769036520,2.3899420675,0.5362941635,-0.0920332426,0.0874844034,0.6283274061,0.0837271782,0.8846305316,-1.5946768020,0.2387912303,0.5094951327,0.9127206322,0.0000000000,-0.0419278226,-0.0016024250,-0.0000000000,0.0033157434,1.0000000000,0.0419278226,-8.8048427556,2.683,1.000000,18.1765949701,2,0.1538700864
12.075096,2.4813583361,2.3930100291,0.5331229777,-0.0745637937,0.0887718862,0.6076867715,0.0844669439,0.8672762830,-2.0825098318,0.2393128538,0.5094951327,0.9127206322,0.0000000000,-0.0419278226,-0.0015497851,-0.0000000000,0.0033003801,1.0000000000,0.0419278226,-8.8048427556,2.834,1.000000,18.1765949701,3,0.1538700864
12.083424,2.4857838042,2.3945440099,0.5295877331,-0.0564891511,0.0915606957,0.5860768842,0.0852299497,0.8519573325,-1.8382740548,0.2400848760,0.5094951327,0.9127206322,0.0000000000,-0.0419278226,-0.0014946734,-0.0000000000,0.0032831795,1.0000000000,0.0419278226,-8.8048427556,2.986,1.000000,18.1765949701,4,0.1538700864
12.091755,2.4901799743,2.3960779907,0.5256884434,-0.0378655638,0.0943170889,0.5635540072,0.0860159254,0.8356836629,-1.9528403516,0.2408460646,0.5094951327,0.9127206322,0.0000000000,-0.0419278226,-0.0014372332,-0.0000000000,0.0032641179,1.0000000000,0.0419278226,-8.8048427556,3.137,1.000000,18.1765949701,3,0.1538700864
12.100183,2.4945925972,2.3991459523,0.5213774849,-0.0187440531,0.0955531255,0.5401215380,0.0868122015,0.8154911296,-2.4231040023,0.2413179900,0.5094951327,0.9127206322,0.0000000000,-0.0419278226,-0.0013774733,-0.0000000000,0.0032429345,1.0000000000,0.0419278226,-8.8048427556,3.289,1.000000,18.1765949701,3,0.1538700864
12.108424,2.4988704718,2.4022139138,0.5168090004,0.0008291021,0.0966518480,0.5159798983,0.0876176335,0.7943257484,-2.5398457461,0.2417440403,0.5094951327,0.9127206322,0.0000000000,-0.0419278226,-0.0013159048,-0.0000000000,0.0032203603,1.0000000000,0.0419278226,-8.8048427556,3.440,1.000000,18.1765949701,2,0.1538700864
12.116760,2.5031580400,2.4052818754,0.5118353213,0.0208119240,0.0977579370,0.4910233972,0.0884322830,0.7723692244,-2.6347828820,0.2421135788,0.5094951327,0.9127206322,0.0000000000,-0.0419278226,-0.0012522582,-0.0000000000,0.0031956375,1.0000000000,0.0419278226,-8.8048427556,3.591,1.000000,18.1765949701,4,0.1538700864
12.125094,2.5074016785,2.4083498370,0.5065119502,0.0411663366,0.0988179853,0.4653456136,0.0892557662,0.7496086915,-2.7312639414,0.2424145596,0.5094951327,0.9127206322,0.0000000000,-0.0419278226,-0.0011867721,-0.0000000000,0.0031690076,1.0000000000,0.0419278226,-8.8048427556,3.743,1.000000,18.1765949701,3,0.1538700864
12.133426,2.5115988266,2.4114177986,0.5008423422,0.0618578027,0.0998296286,0.4389845395,0.0900876798,0.7260770485,-2.8237971647,0.2426359211,0.5094951327,0.9127206322,0.0000000000,-0.0419278226,-0.0011195434,-0.0000000000,0.0031404540,1.0000000000,0.0419278226,-8.8048427556,3.894,1.000000,18.1765949701,3,0.1538700864
12.141785,2.5157603394,2.4144857601,0.4948099916,0.0828549951,0.1008038998,0.4119549965,0.0909277123,0.7018107213,-2.9119592656,0.2427673442,0.5094951327,0.9127206322,0.0000000000,-0.0419278226,-0.0010506099,-0.0000000000,0.0031098570,1.0000000000,0.0419278226,-8.8048427556,4.046,1.000000,18.1765949701,4,0.1538700864
12.150098,2.5198475399,2.4175537217,0.4884724253,0.1019006227,0.1017149450,0.3865718026,0.0917753368,0.6790726625,-2.7285670508,0.2427348941,0.5094951327,0.9127206322,0.0000000000,-0.0419278226,-0.0009858750,-0.0000000000,0.0030774719,1.0000000000,0.0419278226,-8.8048427556,4.197,1.000000,18.1765949701,5,0.1538700864
12.158429,2.5238893229,2.4221556641,0.4817869523,0.1214049475,0.1010439863,0.3603820048,0.0926173700,0.6523806267,-3.2030442962,0.2423040154,0.5094951327,0.9127206322,0.0000000000,-0.0419278226,-0.0009190831,-0.0000000000,0.0030430433,1.0000000000,0.0419278226,-8.8048427556,4.349,1.000000,18.1765949701,3,0.1538700864
12.166753,2.5278708585,2.4252236256,0.4747772423,0.1413253365,0.1018443973,0.3334519058,0.0934660733,0.6278770070,-2.9404343607,0.2420853765,0.5094951327,0.9127206322,0.0000000000,-0.0419278226,-0.0008504032,-0.0000000000,0.0030066529,1.0000000000,0.0419278226,-8.8048427556,4.500,1.000000,18.1765949701,3,0.1538700864
12.175144,2.5318241447,2.4298255680,0.4673822533,0.1616231189,0.1010804343,0.3057591344,0.0943084103,0.5994975905,-3.4055299883,0.2414318740,0.5094951327,0.9127206322,0.0000000000,-0.0419278226,-0.0007797783,-0.0000000000,0.0029679396,1.0000000000,0.0419278226,-8.8048427556,4.652,1.000000,18.1765949701,5,0.1538700864
12.183427,2.5356638832,2.4328935296,0.4597648286,0.1822632182,0.1017349597,0.2775016103,0.0951562016,0.5733759178,-3.1346007169,0.2409828509,0.5094951327,0.9127206322,0.0000000000,-0.0419278226,-0.0007077131,-0.0000000000,0.0029277169,1.0000000000,0.0419278226,-8.8048427556,4.803,1.000000,18.1765949701,5,0.1538700864
12.191759,2.5394615867,2.4374954720,0.4517878649,0.2009849424,0.1008243671,0.2508029225,0.0959964047,0.5456972745,-3.3214372009,0.2400542475,0.5094951327,0.9127206322,0.0000000000,-0.0419278226,-0.0006396233,-0.0000000000,0.0028852223,1.0000000000,0.0419278226,-8.8048427556,4.955,1.000000,18.1765949701,4,0.1538700864
12.200093,2.5431923623,2.4405634335,0.4434994811,0.2201954688,0.1013780508,0.2233040124,0.0968412218,0.5201310112,-3.0679515986,0.2393480090,0.5094951327,0.9127206322,0.0000000000,-0.0419278226,-0.0005694928,-0.0000000000,0.0028406663,1.0000000000,0.0419278226,-8.8048427556,5.106,1.000000,18.1765949701,5,0.1538700864
12.208427,2.5468529716,2.4451653759,0.4349066836,0.2398493661,0.1003250686,0.1950573175,0.0976772640,0.4906174723,-3.5416246617,0.2381621742,0.5094951327,0.9127206322,0.0000000000,-0.0419278226,-0.0004974552,-0.0000000000,0.0027940437,1.0000000000,0.0419278226,-8.8048427556,5.258,1.000000,18.1765949701,6,0.1538700864
12.216837,2.5504732517,2.4497673183,0.4259329315,0.2576765499,0.0992421344,0.1682563816,0.0985042818,0.4624813090,-3.3763395939,0.2368505138,0.5094951327,0.9127206322,0.0000000000,-0.0419278226,-0.0004291047,-0.0000000000,0.0027448900,1.0000000000,0.0419278226,-8.8048427556,5.409,1.000000,18.1765949701,6,0.1538700864
12.225094,2.5539528090,2.4528352798,0.4168337245,0.2738468023,0.0995618707,0.1429869222,0.0993339641,0.4386649533,-2.8579626851,0.2358018759,0.5094951327,0.9127206322,0.0000000000,-0.0419278226,-0.0003646599,-0.0000000000,0.0026945688,1.0000000000,0.0419278226,-8.8048427556,5.561,1.000000,18.1765949701,6,0.1538700864
12.233427,2.5573869218,2.4574372222,0.4073667538,0.2907430012,0.0982980579,0.1166237526,0.1001531145,0.4105995740,-3.3678455146,0.2342622131,0.5094951327,0.9127206322,0.0000000000,-0.0419278226,-0.0002974259,-0.0000000000,0.0026417050,1.0000000000,0.0419278226,-8.8048427556,5.712,1.000000,18.1765949701,5,0.1538700864
12.241763,2.5607424101,2.4605051838,0.3976163736,0.3060687983,0.0984985224,0.0915475752,0.1009739356,0.3867308889,-2.8642422216,0.2330105242,0.5094951327,0.9127206322,0.0000000000,-0.0419278226,-0.0002334740,-0.0000000000,0.0025867216,1.0000000000,0.0419278226,-8.8048427556,5.864,1.000000,18.1765949701,4,0.1538700864
12.250116,2.5640216543,2.4651071261,0.3875738649,0.3199701532,0.0970968540,0.0676037116,0.1017830760,0.3608011640,-3.1115669843,0.2313097219,0.5094951327,0.9127206322,0.0000000000,-0.0419278226,-0.0001724099,-0.0000000000,0.0025295277,1.0000000000,0.0419278226,-8.8048427556,6.015,1.000000,18.1765949701,5,0.1538700864
12.258430,2.5672014743,2.4697090685,0.3773123222,0.3325794594,0.0956031011,0.0447328629,0.1025797685,0.3357492998,-3.0062237033,0.2295454051,0.5094951327,0.9127206322,0.0000000000,-0.0419278226,-0.0001140823,-0.0000000000,0.0024705032,1.0000000000,0.0419278226,-8.8048427556,6.167,1.000000,18.1765949701,6,0.1538700864
12.266763,2.5703018529,2.4743110109,0.3667691293,0.3462456809,0.0940239028,0.0205234484,0.1033633010,0.3091761991,-3.1887720809,0.2276512019,0.5094951327,0.9127206322,0.0000000000,-0.0419278226,-0.0000523410,-0.0000000000,0.0024092532,1.0000000000,0.0419278226,-8.8048427556,6.318,1.000000,18.1765949701,5,0.1538700864
12.275090,2.5733114708,2.4789129532,0.3559814116,0.3586417079,0.0923611594,-0.0026602962,0.1041329774,0.2834491846,-3.0872417411,0.2257008476,0.5094951327,0.9127206322,0.0000000000,-0.0419278226,0.0000067846,0.0000000000,0.0023459569,1.0000000000,0.0419278226,-8.8048427556,6.469,1.000000,18.1765949701,6,0.1538700864
12.283447,2.5762402154,2.4819809148,0.3449112902,0.3698855975,0.0921580686,-0.0249743072,0.1049009613,0.2614891050,-2.6352095466,0.2240995808,0.5094951327,0.9129047358,0.0220924353,-0.0407016770,0.0000636920,0.0000000000,0.0022803566,1.0000000000,0.0419278226,-8.5473521663,6.621,1.000000,18.1765949701,7,0.1583599837
12.291761,2.5790612103,2.4865828572,0.3336618075,0.3800844340,0.0903191840,-0.0464226265,0.1056536211,0.2371309203,-2.9229821700,0.2287700071,0.5095792938,0.9130583263,0.0184308593,-0.0372753206,0.0001183917,0.0000000000,0.0022130342,1.0000000000,0.0419278226,-7.8278173322,6.772,1.000000,18.1765949701,8,0.1614340687
12.300093,2.5817936499,2.4911847995,0.3221590753,0.3893353490,0.0883971290,-0.0671762737,0.1063902639,0.2132864378,-2.8613379019,0.2311591808,0.5096494497,0.9131834872,0.0150193058,-0.0335738944,0.0001713198,0.0000000000,0.0021435231,1.0000000000,0.0419278226,-7.0505178249,6.924,1.000000,18.1765949701,8,0.1632827411
12.308430,2.5844306522,2.4942527611,0.3104295020,0.3977264462,0.0879185019,-0.0872969442,0.1071229181,0.1929376468,-2.4418549236,0.2320631784,0.5097065817,0.9132861855,0.0123238055,-0.0302626897,0.0002226336,0.0000000000,0.0020719555,1.0000000000,0.0419278226,-6.3551648316,6.772,1.000000,18.1765949701,6,0.1642088929
12.316779,2.5869726457,2.4988547035,0.2984692347,0.4053376405,0.0858153156,-0.1068684057,0.1078380457,0.1698944082,-2.7651886228,0.2311166026,0.5097534349,0.9133655899,0.0095285219,-0.0263186720,0.0002725468,0.0000000000,0.0019982847,1.0000000000,0.0419278226,-5.5269211147,6.621,1.000000,18.1765949701,6,0.1642258219
12.325086,2.5894019151,2.5034566458,0.2863652326,0.4122414192,0.0836034240,-0.1258761867,0.1085347409,0.1471807862,-2.7256346496,0.2288215614,0.5097896450,0.9134247677,0.0071013309,-0.0223528038,0.0003210224,0.0000000000,0.0019230323,1.0000000000,0.0419278226,-4.6940888068,6.469,1.000000,18.1765949701,5,0.1634835034
12.333426,2.5917388431,2.5049906266,0.2740170793,0.4185035326,0.0843707976,-0.1444864533,0.1092378309,0.1307878046,-1.9671577813,0.2263185464,0.5098166224,0.9134711403,0.0055647201,-0.0194774788,0.0003684842,0.0000000000,0.0018455610,1.0000000000,0.0419278226,-4.0902705453,6.318,1.000000,18.1765949701,5,0.1622818686
12.341754,2.5939688545,2.5095925690,0.2614990240,0.4241836196,0.0819665994,-0.1626845956,0.1099208859,0.1084884505,-2.6759224976,0.2222841785,0.5098377571,0.9135026523,0.0037814325,-0.0155894936,0.0004148949,0.0000000000,0.0017663239,1.0000000000,0.0419278226,-3.2737936656,6.167,1.000000,18.1765949701,6,0.1605524329
12.350180,2.5961181614,2.5141945113,0.2486520198,0.4293357760,0.0794846958,-0.1806837562,0.1105832583,0.0862133610,-2.6730107452,0.2175289730,0.5098521162,0.9135222579,0.0023526787,-0.0117682722,0.0004607982,0.0000000000,0.0016842975,1.0000000000,0.0419278226,-2.4713371696,6.015,1.000000,18.1765949701,5,0.1584141899
12.358431,2.5981172634,2.5172624729,0.2359027062,0.4340090700,0.0783892884,-0.1981063638,0.1112365024,0.0672594049,-2.2744747268,0.2126991377,0.5098610488,0.9135340085,0.0014100731,-0.0085816386,0.0005052312,0.0000000000,0.0016022134,1.0000000000,0.0419278226,-1.8021441120,5.864,1.000000,18.1765949701,5,0.1560237596
12.366762,2.6000285254,2.5218644153,0.2228677462,0.4382480089,0.0756745275,-0.2153802628,0.1118671235,0.0452158142,-2.6452308863,0.2071266721,0.5098664022,0.9135392241,0.0006258668,-0.0049905495,0.0005492848,0.0000000000,0.0015176175,1.0000000000,0.0419278226,-1.0480153964,5.712,1.000000,18.1765949701,6,0.1534319038
12.375087,2.6018291444,2.5249323769,0.2096907191,0.4420929636,0.0743853427,-0.2324022444,0.1124870013,0.0262447414,-2.2765287322,0.2017630130,0.5098687782,0.9135409504,0.0002071615,-0.0020004870,0.0005926960,0.0000000000,0.0014314394,1.0000000000,0.0419278226,-0.4201022640,5.561,1.000000,18.1765949701,5,0.1507549732
12.383518,2.6035401484,2.5280003384,0.1962007584,0.4433516766,0.0730212347,-0.2471509182,0.1130955116,0.0093869701,-2.0229325541,0.1964807882,0.5098695646,0.9135411674,0.0000260364,0.0005586616,0.0006303096,0.0000000000,0.0013425616,1.0000000000,0.0419278226,0.1173189448,5.409,1.000000,18.1765949701,7,0.1480684225
12.391760,2.6051024102,2.5310683000,0.1828792060,0.4444933997,0.0715090491,-0.2616141937,0.1136914204,-0.0074919109,-2.0254657184,0.1912392590,0.5098696635,0.9135413032,0.0000162908,0.0030300600,0.0006671953,0.0000000000,0.0012541802,1.0000000000,0.0419278226,0.6363125903,5.258,1.000000,18.1765949701,5,0.1454268192
12.400093,2.6065699119,2.5326022808,0.1692846585,0.4433001306,0.0714493487,-0.2740154722,0.1142868316,-0.0194246497,-1.4319286553,0.1866439268,0.5098697253,0.9135422013,0.0001077783,0.0046912488,0.0006988224,0.0000000000,0.0011633974,1.0000000000,0.0419278226,0.9851622567,5.106,1.000000,18.1765949701,4,0.1428623588
12.408426,2.6079235096,2.5356702424,0.1555753643,0.4399888931,0.0697537951,-0.2844135288,0.1148681132,-0.0326169035,-1.5830704581,0.1819171138,0.5098701345,0.9135446918,0.0002988572,0.0064683847,0.0007253405,0.0000000000,0.0010712844,1.0000000000,0.0419278226,1.3583607946,4.955,1.000000,18.1765949701,5,0.1404069923
12.416761,2.6091626197,2.5372042232,0.1417570853,0.4347565397,0.0694886482,-0.2929994544,0.1154471853,-0.0411584174,-1.0249816759,0.1778814058,0.5098712690,0.9135486005,0.0004690413,0.0075356390,0.0007472373,0.0000000000,0.0009779085,1.0000000000,0.0419278226,1.5824841856,4.803,1.000000,18.1765949701,4,0.1380530302
12.425089,2.6102854036,2.5402721847,0.1278514298,0.4277816268,0.0675830933,-0.2999301970,0.1160103777,-0.0513182567,-1.2191807070,0.1737267089,0.5098730496,0.9135545858,0.0007182431,0.0087844726,0.0007649127,0.0000000000,0.0008834484,1.0000000000,0.0419278226,1.8447392394,4.652,1.000000,18.1765949701,5,0.1358260182
12.433428,2.6112931644,2.5418061655,0.1138410603,0.4192261151,0.0671054752,-0.3053850548,0.1165695900,-0.0571702533,-0.7022395945,0.1702395053,0.5098757761,0.9135619191,0.0008799926,0.0094149047,0.0007788243,0.0000000000,0.0007878222,1.0000000000,0.0419278226,1.9771299771,4.500,1.000000,18.1765949701,5,0.1336956745
12.441758,2.6121828998,2.5418061655,0.0997672474,0.4092369118,0.0680519569,-0.3094696643,0.1171366897,-0.0588159622,-0.1974850736,0.1673504146,0.5098791165,0.9135695973,0.0009213906,0.0094681834,0.0007892413,0.0000000000,0.0006913513,1.0000000000,0.0419278226,1.9883185153,4.349,1.000000,18.1765949701,4,0.1316203860
12.450086,2.6129549766,2.5433401463,0.0856277297,0.3979472700,0.0673541866,-0.3123195403,0.1176979746,-0.0624981556,-0.4418632074,0.1642484651,0.5098826139,0.9135781661,0.0010282536,0.0097794392,0.0007965093,0.0000000000,0.0005940640,1.0000000000,0.0419278226,2.0536822274,4.197,1.000000,18.1765949701,4,0.1296217394
12.458505,2.6136154380,2.5433401463,0.0712764812,0.3832491822,0.0680981444,-0.3119727010,0.1182654591,-0.0601142487,0.2860688362,0.1618219016,0.5098865169,0.9135860206,0.0009425381,0.0092851893,0.0007956248,0.0000000000,0.0004949964,1.0000000000,0.0419278226,1.9498897509,4.046,1.000000,18.1765949701,4,0.1276324519
12.466763,2.6141457641,2.5448741271,0.0571490574,0.3676883189,0.0671828873,-0.3105392615,0.1188253165,-0.0599464629,0.0201342943,0.1591152466,0.5098900943,0.9135937503,0.0009275574,0.0090787549,0.0007919691,0.0000000000,0.0003972075,1.0000000000,0.0419278226,1.9065385360,3.894,1.000000,18.1765949701,5,0.1256764407
12.475092,2.6145622941,2.5448741271,0.0428615597,0.3491159943,0.0677049222,-0.3062544346,0.1193895242,-0.0540685382,0.7053509604,0.1569791957,0.5098936147,0.9135999863,0.0007483313,0.0081362784,0.0007810415,0.0000000000,0.0002980947,1.0000000000,0.0419278226,1.7086184652,3.743,1.000000,18.1765949701,3,0.1236951948
12.483424,2.6148597641,2.5433401463,0.0285403170,0.3300409817,0.0696447336,-0.3015006647,0.1199698970,-0.0448900269,1.1014213521,0.1551627520,0.5098964548,0.9136042544,0.0005121671,0.0067851006,0.0007689179,0.0000000000,0.0001985839,1.0000000000,0.0419278226,1.4248711222,3.591,1.000000,18.1765949701,2,0.1216677028
12.491846,2.6150390942,2.5448741271,0.0140446396,0.3082811271,0.0684136955,-0.2942364875,0.1205400111,-0.0395085309,0.6457795261,0.1527404161,0.5098983986,0.9136075290,0.0003929477,0.0059195373,0.0007503921,0.0000000000,0.0000977499,1.0000000000,0.0419278226,1.2431028431,3.440,1.000000,18.1765949701,3,0.1196351663
12.500092,2.6150963514,2.5433401463,-0.0001587831,0.2863148466,0.0701297187,-0.2864736297,0.1211244254,-0.0277613899,1.4096569178,0.1509829375,0.5098998899,0.9136091345,0.0001926605,0.0042681301,0.0007305944,0.0000000000,-0.0000011052,1.0000000000,0.0419278226,0.8963073189,3.289,1.000000,18.1765949701,3,0.1175672464
12.508428,2.6150351808,2.5433401463,-0.0145165328,0.2641613261,0.0701943969,-0.2786778589,0.1217093787,-0.0192603754,1.0201217353,0.1488205454,0.5099006210,0.9136099006,0.0000919320,0.0030434944,0.0007107128,0.0000000000,-0.0001010336,1.0000000000,0.0419278226,0.6391338329,3.137,1.000000,18.1765949701,3,0.1154997369
12.516755,2.6148546314,2.5448741271,-0.0288480179,0.2418379686,0.0686066804,-0.2706859865,0.1222811011,-0.0138579618,0.6482896386,0.1463261813,0.5099009699,0.9136102932,0.0000471132,0.0022231288,0.0006903312,0.0000000000,-0.0002007233,1.0000000000,0.0419278226,0.4668570430,2.986,1.000000,18.1765949701,4,0.1134527433
12.525169,2.6145510438,2.5433401463,-0.0433099563,0.2215894352,0.0699521007,-0.2648993915,0.1228640352,-0.0048245604,1.0840081660,0.1443448058,0.5099011487,0.9136103404,0.0000056642,0.0009730057,0.0006755736,0.0000000000,-0.0003012080,1.0000000000,0.0419278226,0.2043311995,2.834,1.000000,18.1765949701,3,0.1114268140
12.533427,2.6141348991,2.5433401463,-0.0574738302,0.2009940075,0.0696529538,-0.2584678377,0.1234444765,0.0015852311,0.7691749796,0.1420883161,0.5099011702,0.9136103454,0.0000006058,0.0000648387,0.0006591712,0.0000000000,-0.0003994581,1.0000000000,0.0419278226,0.0136161265,2.683,1.000000,18.1765949701,2,0.1094351811
12.541764,2.6135962464,2.5433401463,-0.0717348589,0.1823128030,0.0692204244,-0.2540476619,0.1240213134,0.0057151931,0.4955954423,0.1397524029,0.5099011725,0.9136104104,0.0000077985,-0.0005460351,0.0006478984,0.0000000000,-0.0004981651,1.0000000000,0.0419278226,-0.1146673607,2.531,1.000000,18.1765949701,1,0.1074819489
12.550097,2.6129392795,2.5433401463,-0.0859390529,0.1653679059,0.0686597175,-0.2513069588,0.1245934777,0.0079065142,0.2629585327,0.1373674315,0.5099012021,0.9136105336,0.0000147760,-0.0009082259,0.0006409088,0.0000000000,-0.0005962096,1.0000000000,0.0419278226,-0.1907274309,2.380,1.000000,18.1765949701,2,0.1055664073
12.558508,2.6121563014,2.5433401463,-0.1002177744,0.1499979369,0.0679640525,-0.2502157114,0.1251598448,0.0081746368,0.0321747083,0.1349399243,0.5099012582,0.9136106638,0.0000156330,-0.0010314415,0.0006381258,0.0000000000,-0.0006944454,1.0000000000,0.0419278226,-0.2166027216,2.228,1.000000,18.1765949701,1,0.1036855093
12.566763,2.6112714171,2.5433401463,-0.1141624821,0.1360565156,0.0671583662,-0.2502189977,0.1257194978,0.0071231026,-0.1261841034,0.1324984778,0.5099013175,0.9136107617,0.0000117459,-0.0009927075,0.0006381341,0.0000000000,-0.0007900208,1.0000000000,0.0419278226,-0.2084685811,2.077,1.000000,18.1765949701,1,0.1018367387
12.575092,2.6102621776,2.5433401463,-0.1281553506,0.1234108670,0.0662209636,-0.2515662175,0.1262713392,0.0044583438,-0.3197710500,0.1300304657,0.5099013621,0.9136107997,0.0000045524,-0.0007646064,0.0006415700,0.0000000000,-0.0008855179,1.0000000000,0.0419278226,-0.1605673540,1.925,1.000000,18.1765949701,2,0.1000181494
12.583427,2.6091360289,2.5433401463,-0.1420688524,0.1119405566,0.0651599749,-0.2540094090,0.1268143390,0.0004434533,-0.4817868594,0.1275482968,0.5099013794,0.9136108000,0.0000000446,-0.0003834465,0.0006478008,0.0000000000,-0.0009800208,1.0000000000,0.0419278226,-0.0805237635,1.774,1.000000,18.1765949701,2,0.0982302432
12.591843,2.6078815966,2.5433401463,-0.1560196732,0.1015363438,0.0639646465,-0.2575560170,0.1273473777,-0.0049514746,-0.6473913530,0.1250540597,0.5099013795,0.9136108458,0.0000054932,0.0001482511,0.0006568458,0.0000000000,-0.0010742782,1.0000000000,0.0419278226,0.0311327323,1.622,1.000000,18.1765949701,3,0.0964765474
12.600157,2.6065275421,2.5433401463,-0.1696941862,0.0920991410,0.0626642025,-0.2617933272,0.1278695794,-0.0112565501,-0.7566090660,0.1225738753,0.5099014004,0.9136110798,0.0000280756,0.0007732861,0.0006676522,0.0000000000,-0.0011661405,1.0000000000,0.0419278226,0.1623900708,1.471,1.000000,18.1765949701,2,0.0947636310
12.609199,2.6049263912,2.5433401463,-0.1844347715,0.0835390704,0.0611116793,-0.2679738419,0.1283788434,-0.0200182166,-1.0513999728,0.1200552466,0.5099015069,0.9136118113,0.0000877818,0.0016548503,0.0006834144,0.0000000000,-0.0012645308,1.0000000000,0.0419278226,0.3475185605,1.319,1.000000,18.1765949701,1,0.0931065277
12.618246,2.6031916593,2.5448741271,-0.1990342668,0.0757746078,0.0578870747,-0.2748088746,0.1288612357,-0.0327816516,-1.5316122023,0.1173241112,0.5099018401,0.9136137485,0.0002324698,0.0029555120,0.0007008458,0.0000000000,-0.0013612831,1.0000000000,0.0419278226,0.6206575292,1.168,1.000000,18.1765949701,1,0.0915405575
12.625565,2.6016920910,2.5433401463,-0.2107279966,0.0687318061,0.0579614957,-0.2794598027,0.1293442482,-0.0368085057,-0.4832224953,0.1153358984,0.5099027223,0.9136161685,0.0002903964,0.0032972789,0.0007127070,0.0000000000,-0.0014382466,1.0000000000,0.0419278226,0.6924285772,1.016,1.000000,18.1765949701,0,0.0900282244
12.633431,2.5999854156,2.5433401463,-0.2231719317,0.0623435911,0.0562911102,-0.2855155228,0.1298133407,-0.0457190631,-1.0692668781,0.1130950120,0.5099038243,0.9136198629,0.0004433279,0.0041529797,0.0007281510,0.0000000000,-0.0015195991,1.0000000000,0.0419278226,0.8721257383,0.865,1.000000,18.1765949701,0,0.0886096870
12.641764,2.5980714112,2.5433401463,-0.2362047121,0.0565491230,0.0544100228,-0.2927538350,0.1302667576,-0.0562461238,-1.2632472898,0.1109193642,0.5099055067,0.9136253971,0.0006641065,0.0051629765,0.0007466108,0.0000000000,-0.0016041654,1.0000000000,0.0419278226,1.0842250651,0.714,1.000000,18.1765949701,0,0.0873134710
12.650079,2.5960536804,2.5433401463,-0.2490497472,0.0512932164,0.0524221496,-0.3003429635,0.1307036088,-0.0673524117,-1.3327545479,0.1088845981,0.5099080268,0.9136332558,0.0009430367,0.0062186101,0.0007659654,0.0000000000,-0.0016868474,1.0000000000,0.0419278226,1.3059081134,0.562,1.000000,18.1765949701,0,0.0861637360
12.658417,2.5939241006,2.5433401463,-0.2617579782,0.0465258152,0.0503196522,-0.3082837934,0.1311229393,-0.0790553209,-1.4043491057,0.1070190986,0.5099116054,0.9136439855,0.0012875666,0.0073231293,0.0007862169,0.0000000000,-0.0017679700,1.0000000000,0.0419278226,1.5378571469,0.411,1.000000,18.1765949701,0,0.0851875451
12.666750,2.5916904449,2.5433401463,-0.2742804422,0.0422015158,0.0481105618,-0.3164819579,0.1315238606,-0.0912454110,-1.4628108093,0.1053589639,0.5099164910,0.9136581641,0.0017014365,0.0084682240,0.0008071247,0.0000000000,-0.0018472205,1.0000000000,0.0419278226,1.7783270461,0.259,1.000000,18.1765949701,0,0.0844129945
12.675095,2.5893499730,2.5433401463,-0.2866315116,0.0382791344,0.0457923720,-0.3249106460,0.1319054637,-0.1039017446,-1.5187600282,0.1039374626,0.5099229467,0.9136764210,0.0021908261,0.0096559343,0.0008286204,0.0000000000,-0.0019246952,1.0000000000,0.0419278226,2.0277462067,0.108,1.000000,18.1765949701,0,0.0838699575
12.683427,2.5869111184,2.5433401463,-0.2987669002,0.0347213152,0.0433737286,-0.3334882154,0.1322669115,-0.1169263347,-1.5629508137,0.1027921272,0.5099312587,0.9136994115,0.0027588551,0.0108821023,0.0008504958,0.0000000000,-0.0020001266,1.0000000000,0.0419278226,2.2852414873,-0.044,1.000000,18.1765949701,0,0.0835883318
12.691760,2.5843714942,2.5433401463,-0.3106999184,0.0314941743,0.0408524370,-0.3421940927,0.1326073484,-0.1303038095,-1.6052969735,0.1019566083,0.5099417247,0.9137278453,0.0034120589,0.0121521193,0.0008726985,0.0000000000,-0.0020736131,1.0000000000,0.0419278226,2.5519450459,-0.195,1.000000,18.1765949701,0,0.0835990659
12.700120,2.5817247046,2.5418061655,-0.3224571702,0.0285669770,0.0397562569,-0.3510241472,0.1329386506,-0.1409841975,-1.2816465686,0.1016996699,0.5099546671,0.9137610887,0.0039892158,0.0131792979,0.0008952178,0.0000000000,-0.0021453330,1.0000000000,0.0419278226,2.7676525518,-0.347,1.000000,18.1765949701,0,0.0838617726
12.708448,2.5789914007,2.5418061655,-0.3339476032,0.0259118454,0.0370380361,-0.3598594486,0.1332473009,-0.1549135410,-1.6715212215,0.1015034488,0.5099697965,0.9138011864,0.0048117229,0.0145430162,0.0009177505,0.0000000000,-0.0022147527,1.0000000000,0.0419278226,3.0540334098,-0.498,1.000000,18.1765949701,0,0.0844734391
12.716758,2.5761694024,2.5418061655,-0.3451860318,0.0235034926,0.0342297192,-0.3686895244,0.1335325485,-0.1690396661,-1.6951350112,0.1017163230,0.5099880422,0.9138489810,0.0057353503,0.0159616719,0.0009402698,0.0000000000,-0.0022819925,1.0000000000,0.0419278226,3.3519511087,-0.650,1.000000,18.1765949701,0,0.0854637390
12.725090,2.5732473583,2.5402721847,-0.3562172391,0.0190901061,0.0328667272,-0.3753073453,0.1338064379,-0.1780943207,-1.0865585522,0.1027152726,0.5100097855,0.9139022970,0.0063979217,0.0169315672,0.0009571473,0.0000000000,-0.0023473473,1.0000000000,0.0419278226,3.5556291172,-0.801,1.000000,18.1765949701,0,0.0867061795
12.733424,2.5702333453,2.5402721847,-0.3670081626,0.0150869179,0.0298754554,-0.3820950805,0.1340554001,-0.1905772330,-1.4979494726,0.1037520471,0.5100340349,0.9139636628,0.0073638898,0.0182714859,0.0009744581,0.0000000000,-0.0024106486,1.0000000000,0.0419278226,3.8370120381,-0.953,1.000000,18.1765949701,0,0.0883144999
12.741748,2.5671344031,2.5387382040,-0.3775343749,0.0114558023,0.0283311215,-0.3889901771,0.1342914927,-0.2003065778,-1.1675213699,0.1054518311,0.5100619378,0.9140320225,0.0082031646,0.0194088463,0.0009920426,0.0000000000,-0.0024717867,1.0000000000,0.0419278226,4.0758577158,-1.104,1.000000,18.1765949701,0,0.0902173931
12.750089,2.5639422467,2.5372042232,-0.3878233520,0.0059333016,0.0267043178,-0.3937566537,0.1345140287,-0.2080844549,-0.9333452580,0.1075985495,0.5100930111,0.9141065687,0.0089455396,0.0204021144,0.0010041986,0.0000000000,-0.0025309555,1.0000000000,0.0419278226,4.2844440265,-1.256,1.000000,18.1765949701,0,0.0923575527
12.758421,2.5606690504,2.5356702424,-0.3978350841,-0.0013047910,0.0250062202,-0.3965302930,0.1347224139,-0.2140250383,-0.7128700021,0.1101237219,0.5101268849,0.9141863959,0.0095792711,0.0212423187,0.0010112722,0.0000000000,-0.0025879609,0.9870409277,0.0419278226,4.4608869177,-1.407,1.000000,18.1765949701,0,0.0946758242
12.766755,2.5573127530,2.5356702424,-0.4075765589,-0.0078701458,0.0216872191,-0.3997064131,0.1349031407,-0.2236144890,-1.1507340934,0.1125629553,0.5101631449,0.9142745532,0.0105788755,0.0223437025,0.0010193723,0.0000000000,-0.0026428821,0.8353277534,0.0419278226,4.6921775224,-1.559,1.000000,18.1765949701,0,0.0973038720
12.775094,2.5538742068,2.5341362616,-0.4170446279,-0.0138252896,0.0198164834,-0.4032193383,0.1350682781,-0.2306798618,-0.8478447353,0.1156084102,0.5102031726,0.9143697199,0.0114200000,0.0232802109,0.0010283313,0.0000000000,-0.0026957406,0.6981365772,0.0419278226,4.8888442963,-1.710,1.000000,18.1765949701,-2,0.1001591519
12.783426,2.5503609241,2.5326022808,-0.4262187656,-0.0214558138,0.0178805286,-0.4047629517,0.1352172825,-0.2359213557,-0.6289792648,0.1190288433,0.5102463637,0.9144708469,0.0121352426,0.0240534230,0.0010322680,0.0000000000,-0.0027464629,0.5366889028,0.0419278226,5.0512188229,-1.861,1.000000,18.1765949701,-1,0.1031756949
12.791759,2.5467723006,2.5295343192,-0.4351011524,-0.0306060017,0.0174118468,-0.4044951507,0.1353623812,-0.2364412824,-0.0623911986,0.1230419900,0.5102922383,0.9145742897,0.0124131420,0.0245073022,0.0010315850,0.0000000000,-0.0027951037,0.4964380266,0.0419278226,5.1465334539,-2.013,1.000000,18.1765949701,-2,0.1061763513
12.800114,2.5431005757,2.5264663576,-0.4437089690,-0.0411346096,0.0168678940,-0.4025743595,0.1355029470,-0.2354621766,0.1174926904,0.1271565253,0.5103391402,0.9146787787,0.0125386688,0.0247961958,0.0010266864,0.0000000000,-0.0028417975,0.4497641693,0.0419278226,5.2072011223,-2.164,1.000000,18.1765949701,-1,0.1091036210
12.808431,2.5393758948,2.5233983961,-0.4519728837,-0.0529135213,0.0162780878,-0.3990593624,0.1356385977,-0.2329847763,0.2972880308,0.1313084899,0.5103864927,0.9147829585,0.0125015838,0.0249069871,0.0010177221,0.0000000000,-0.0028862123,0.3996091701,0.0419278226,5.2304672956,-2.316,1.000000,18.1765949701,-2,0.1119008739
12.816749,2.5355829483,2.5187964537,-0.4599299563,-0.0658265287,0.0171604394,-0.3941034276,0.1357816014,-0.2261354828,0.8219152291,0.1357474907,0.5104336813,0.9148829947,0.0120043427,0.0246448994,0.0010050830,0.0000000000,-0.0029285926,0.4748405746,0.0419278226,5.1754288758,-2.467,1.000000,18.1765949701,-1,0.1144086395
12.825093,2.5317131230,2.5141945113,-0.4675960276,-0.0819970999,0.0179844177,-0.3855989277,0.1359314715,-0.2158467826,1.2346440234,0.1401104617,0.5104789706,0.9149758290,0.0111401166,0.0239139114,0.0009833939,0.0000000000,-0.0029690634,0.5455904836,0.0419278226,5.0219213885,-2.619,1.000000,18.1765949701,-2,0.1165097132
12.833427,2.5277852422,2.5095925690,-0.4749325288,-0.1011224637,0.0187671258,-0.3738100651,0.1360878642,-0.2023492507,1.6197038227,0.1442356354,0.5105209798,0.9150588235,0.0099593364,0.0227031361,0.0009533288,0.0000000000,-0.0030074623,0.6120625187,0.0419278226,4.7676585889,-2.770,1.000000,18.1765949701,-3,0.1181104753
12.841762,2.5237974009,2.5034566458,-0.4819437481,-0.1251568654,0.0210517414,-0.3567868826,0.1362632954,-0.1806158381,2.6080095197,0.1484642531,0.5105585203,0.9151260968,0.0080727989,0.0204964627,0.0009099145,0.0000000000,-0.0030438539,0.7917354330,0.0419278226,4.3042571595,-2.922,1.000000,18.1765949701,-3,0.1189789197
12.850120,2.5197411951,2.4973207227,-0.4886426392,-0.1514151632,0.0232806258,-0.3372274760,0.1364573006,-0.1564385683,2.9012723748,0.1519608665,0.5105889387,0.9151772782,0.0061417717,0.0177640742,0.0008600321,0.0000000000,-0.0030783449,0.9263822178,0.0419278226,3.7304555733,-3.073,1.000000,18.1765949701,-1,0.1191234141
12.858426,2.5156558794,2.4911847995,-0.4949665372,-0.1819195348,0.0255045214,-0.3130470024,0.1366698383,-0.1276318655,3.4568043325,0.1548171699,0.5106120743,0.9152117337,0.0041346546,0.0142255757,0.0007983646,0.0000000000,-0.0031106538,0.9956231716,0.0419278226,2.9873708993,-3.088,1.000000,18.1765949701,-3,0.1185323866
12.866764,2.5115037822,2.4819809148,-0.5009752810,-0.2162753328,0.0307514760,-0.2846999483,0.1369261006,-0.0886116723,4.6824231800,0.1576025205,0.5106276460,0.9152285241,0.0020148503,0.0091955856,0.0007260710,0.0000000000,-0.0031411258,1.0000000000,0.0419278226,1.9310729795,-2.937,1.000000,18.1765949701,-4,0.1171721549
12.875087,2.5073099779,2.4743110109,-0.5066312826,-0.2541245898,0.0344425883,-0.2525066927,0.1372131222,-0.0488048505,4.7768186151,0.1591169966,0.5106352332,0.9152336475,0.0006148123,0.0039070186,0.0006439685,0.0000000000,-0.0031696065,1.0000000000,0.0419278226,0.8204739019,-2.785,1.000000,18.1765949701,-2,0.1153126319
12.883504,2.5030229677,2.4666411069,-0.5119981514,-0.2929137338,0.0380458339,-0.2190844176,0.1375301708,-0.0079139040,4.9069135778,0.1598322848,0.5106375483,0.9152337826,0.0000162106,-0.0015917412,0.0005587315,0.0000000000,-0.0031964493,1.0000000000,0.0419278226,-0.3342656418,-2.634,1.000000,18.1765949701,-2,0.1132576115
12.891763,2.4987741038,2.4574372222,-0.5169162065,-0.3347842836,0.0432387113,-0.1821319229,0.1378904934,0.0397069410,5.7145014009,0.1605566380,0.5106376093,0.9152371929,0.0004092277,-0.0080191334,0.0004644915,0.0000000000,-0.0032208915,1.0000000000,0.0419278226,-1.6840180155,-2.482,1.000000,18.1765949701,-2,0.1113954349
12.900083,2.4944537835,2.4482333375,-0.5215192570,-0.3794498407,0.0483760102,-0.1420694163,0.1382936268,0.0903696323,6.0795229621,0.1614186341,0.5106391503,0.9152549158,0.0021267532,-0.0148986622,0.0003623200,0.0000000000,-0.0032436330,1.0000000000,0.0419278226,-3.1287190590,-2.331,1.000000,18.1765949701,-2,0.1102640893
12.908425,2.4900851747,2.4390294527,-0.5257766605,-0.4244217500,0.0534667608,-0.1013549105,0.1387391832,0.1416337093,6.1516892383,0.1630978697,0.5106471579,0.9152987301,0.0052577115,-0.0219622540,0.0002584857,0.0000000000,-0.0032645502,1.0000000000,0.0419278226,-4.6120733311,-2.179,1.000000,18.1765949701,-1,0.1104493973
12.916759,2.4856871645,2.4298255680,-0.5296690824,-0.4696715377,0.0585296886,-0.0599975447,0.1392269306,0.1935269925,6.2271939871,0.1665482453,0.5106669513,0.9153816092,0.0099454979,-0.0293741236,0.0001530119,0.0000000000,-0.0032835762,1.0000000000,0.0419278226,-6.1685659499,-2.028,1.000000,18.1765949701,-2,0.1125799994
12.925088,2.4812602128,2.4190877025,-0.5331969890,-0.5151733769,0.0650990876,-0.0180236121,0.1397694230,0.2490826756,6.6666819643,0.1731666795,0.5107043810,0.9155223243,0.0168858139,-0.0378764475,0.0000459657,0.0000000000,-0.0033007393,1.0000000000,0.0419278226,-7.9540539681,-1.876,1.000000,18.1765949701,-2,0.1175062009
12.933429,2.4767996423,2.4083498370,-0.5363636192,-0.5609038407,0.0716361664,0.0245402214,0.1403663910,0.3052177874,6.7362134230,0.1841870257,0.5107678958,0.9155223243,0.0000000000,-0.0419278226,-0.0000625850,-0.0000000000,-0.0033160792,1.0000000000,0.0419278226,-8.8048427556,-1.725,1.000000,18.1765949701,-1,0.1175062009
12.941759,2.4723197562,2.3991459523,-0.5391587908,-0.6068416799,0.0766211270,0.0676828891,0.1410049004,0.3588901882,6.4406880988,0.1868425534,0.5107678958,0.9155223243,0.0000000000,-0.0419278226,-0.0001726118,-0.0000000000,-0.0033295680,1.0000000000,0.0419278226,-8.8048427556,-1.573,1.000000,18.1765949701,-1,0.1175062009
12.950096,2.4678143412,2.3899420675,-0.5415866102,-0.6507387443,0.0815689654,0.1091521341,0.1416846418,0.4108560988,6.2359092624,0.1891777759,0.5107678958,0.9155223243,0.0000000000,-0.0419278226,-0.0002783710,-0.0000000000,-0.0033412448,1.0000000000,0.0419278226,-8.8048427556,-1.422,1.000000,18.1765949701,-1,0.1175062009
12.958517,2.4632444354,2.3807381828,-0.5436617913,-0.6927847119,0.0864417975,0.1491229206,0.1424049901,0.4612146286,6.0430235840,0.1912131784,0.5107678958,0.9155223243,0.0000000000,-0.0419278226,-0.0003803086,-0.0000000000,-0.0033511965,1.0000000000,0.0419278226,-8.8048427556,-1.271,1.000000,18.1765949701,-1,0.1175062009
12.966764,2.4587542812,2.3715342981,-0.5453250610,-0.7331516313,0.0913848429,0.1878265703,0.1431665305,0.5104860825,5.9125744609,0.1929666960,0.5107678958,0.9155223243,0.0000000000,-0.0419278226,-0.0004790146,-0.0000000000,-0.0033591535,1.0000000000,0.0419278226,-8.8048427556,-1.119,1.000000,18.1765949701,-1,0.1175062009
12.975091,2.4542075521,2.3638643941,-0.5466333302,-0.7697666842,0.0947160191,0.2231333540,0.1439558306,0.5531868708,5.1240946003,0.1942040927,0.5107678958,0.9155223243,0.0000000000,-0.0419278226,-0.0005690576,-0.0000000000,-0.0033654002,1.0000000000,0.0419278226,-8.8048427556,-0.968,1.000000,18.1765949701,-1,0.1175062009
12.983421,2.4496498125,2.3546605094,-0.5475677909,-0.8029785844,0.0995508331,0.2554107935,0.1447854209,0.5958842675,5.1236876078,0.1955046001,0.5107678958,0.9155223243,0.0000000000,-0.0419278226,-0.0006513748,-0.0000000000,-0.0033698556,1.0000000000,0.0419278226,-8.8048427556,-0.816,1.000000,18.1765949701,-1,0.1175062009
12.991852,2.4450303169,2.3469906055,-0.5481317488,-0.8308747591,0.1027597130,0.2827430103,0.1456417518,0.6304337041,4.1459323867,0.1964280756,0.5107678958,0.9155223243,0.0000000000,-0.0419278226,-0.0007210802,-0.0000000000,-0.0033725418,1.0000000000,0.0419278226,-8.8048427556,-0.665,1.000000,18.1765949701,-1,0.1175062009
13.000092,2.4405128710,2.3377867207,-0.5483113326,-0.8561781493,0.1075898944,0.3078668167,0.1465383343,0.6660343249,4.2720744965,0.1974796711,0.5107678958,0.9155223243,0.0000000000,-0.0419278226,-0.0007851535,-0.0000000000,-0.0033733967,1.0000000000,0.0419278226,-8.8048427556,-0.513,1.000000,18.1765949701,-1,0.1175062009
13.008429,2.4359423526,2.3301168168,-0.5481191324,-0.8769008632,0.1108070007,0.3287817308,0.1474617260,0.6942489216,3.3857516097,0.1982561753,0.5107678958,0.9155223243,0.0000000000,-0.0419278226,-0.0008384929,-0.0000000000,-0.0033724817,1.0000000000,0.0419278226,-8.8048427556,-0.362,1.000000,18.1765949701,-1,0.1175062009
13.016760,2.4313778937,2.3209129321,-0.5475514618,-0.8934686477,0.1155405442,0.3459171859,0.1484245638,0.7217345994,3.2982813299,0.1992533640,0.5107678958,0.9155223243,0.0000000000,-0.0419278226,-0.0008821935,-0.0000000000,-0.0033697777,1.0000000000,0.0419278226,-8.8048427556,-0.210,1.000000,18.1765949701,-1,0.1175062009
13.025094,2.4268185935,2.3147770089,-0.5466084255,-0.9062676787,0.1171898753,0.3596592532,0.1494011461,0.7397151964,2.1576716360,0.1998323336,0.5107678958,0.9155223243,0.0000000000,-0.0419278226,-0.0009172399,-0.0000000000,-0.0033652814,1.0000000000,0.0419278226,-8.8048427556,-0.059,1.000000,18.1765949701,-2,0.1175062009
13.033418,2.4222736309,2.3101750666,-0.5452923926,-0.9156482397,0.1173001438,0.3703558471,0.1503786473,0.7515946476,1.4255341439,0.2002491670,0.5107678958,0.9155223243,0.0000000000,-0.0419278226,-0.0009445195,-0.0000000000,-0.0033589974,1.0000000000,0.0419278226,-8.8048427556,0.093,1.000000,18.1765949701,-1,0.1175062009
13.041760,2.4177316029,2.3071071050,-0.5435994776,-0.9174703057,0.1158364282,0.3738708280,0.1513439509,0.7531545258,0.1871853926,0.2006582059,0.5107678958,0.9155223243,0.0000000000,-0.0419278226,-0.0009534837,-0.0000000000,-0.0033508980,1.0000000000,0.0419278226,-8.8048427556,0.244,1.000000,18.1765949701,0,0.1175062009
13.050093,2.4132102493,2.3055731242,-0.5415357213,-0.9124363940,0.1128204589,0.3709006727,0.1522841214,0.7451217098,-0.9639379234,0.2010510377,0.5107678958,0.9155223243,0.0000000000,-0.0419278226,-0.0009459089,-0.0000000000,-0.0033410004,1.0000000000,0.0419278226,-8.8048427556,0.396,1.000000,18.1765949701,0,0.1175062009
13.058431,2.4087048548,2.3055731242,-0.5390992486,-0.9011837273,0.1082511407,0.3620844788,0.1531862142,0.7281203575,-2.0401622789,0.2013918190,0.5107678958,0.9155223243,0.0000000000,-0.0419278226,-0.0009234250,-0.0000000000,-0.0033292812,1.0000000000,0.0419278226,-8.8048427556,0.547,1.000000,18.1765949701,0,0.1175062009
13.066791,2.4042094104,2.3055731242,-0.5362849294,-0.8798325505,0.1036344053,0.3435476211,0.1540498343,0.7012662351,-3.2224946792,0.2019630661,0.5107678958,0.9155223243,0.0000000000,-0.0419278226,-0.0008761504,-0.0000000000,-0.0033156988,1.0000000000,0.0419278226,-8.8048427556,0.699,1.000000,18.1765949701,0,0.1175062009
13.075097,2.3997675937,2.3071071050,-0.5331222699,-0.8493214605,0.0974852816,0.3161991906,0.1548622116,0.6625066887,-4.6511455753,0.2024187784,0.5107678958,0.9155223243,0.0000000000,-0.0419278226,-0.0008064036,-0.0000000000,-0.0033003766,1.0000000000,0.0419278226,-8.8048427556,0.850,1.000000,18.1765949701,0,0.1175062009
13.083428,2.3953408762,2.3071071050,-0.5295858903,-0.8105018169,0.0928380389,0.2809159266,0.1556358619,0.6187568580,-5.2499796826,0.2030940261,0.5107678958,0.9155223243,0.0000000000,-0.0419278226,-0.0007164206,-0.0000000000,-0.0032831705,1.0000000000,0.0419278226,-8.8048427556,1.002,1.000000,18.1765949701,0,0.1175062009
13.091761,2.3909440309,2.3086410858,-0.5256857774,-0.7619169749,0.0866312140,0.2362311975,0.1563577887,0.5624572296,-6.7559554023,0.2033791182,0.5107678958,0.9155223243,0.0000000000,-0.0419278226,-0.0006024610,-0.0000000000,-0.0032641049,1.0000000000,0.0419278226,-8.8048427556,1.153,1.000000,18.1765949701,0,0.1175062009
13.100183,2.3865343574,2.3086410858,-0.5213775745,-0.7089323036,0.0819205472,0.1875547291,0.1570404599,0.5050985243,-6.8830446432,0.2035856263,0.5107678958,0.9155223243,0.0000000000,-0.0419278226,-0.0004783213,-0.0000000000,-0.0032429350,1.0000000000,0.0419278226,-8.8048427556,1.305,1.000000,18.1765949701,0,0.1175062009
13.108426,2.3822550366,2.3086410858,-0.5168074875,-0.6519567410,0.0773175618,0.1351492535,0.1576847730,0.4441868439,-7.3094016502,0.2033748874,0.5107678958,0.9155223243,0.0000000000,-0.0419278226,-0.0003446715,-0.0000000000,-0.0032203528,1.0000000000,0.0419278226,-8.8048427556,1.456,1.000000,18.1765949701,0,0.1175062009
13.116758,2.3779695196,2.3101750666,-0.5118361571,-0.5935900928,0.0711664969,0.0817539356,0.1582778271,0.3791602916,-7.8031862675,0.2023993916,0.5107678958,0.9155223243,0.0000000000,-0.0419278226,-0.0002084973,-0.0000000000,-0.0031956417,1.0000000000,0.0419278226,-8.8048427556,1.607,1.000000,18.1765949701,0,0.1175062009
13.125092,2.3737261829,2.3117090473,-0.5065132452,-0.5384194035,0.0650757679,0.0319061584,0.1588201252,0.3177510590,-7.3691079152,0.2010244528,0.5107678958,0.9155223243,0.0000000000,-0.0419278226,-0.0000813704,-0.0000000000,-0.0031690141,1.0000000000,0.0419278226,-8.8048427556,1.759,1.000000,18.1765949701,1,0.1175062009
13.133425,2.3695283374,2.3132430281,-0.5008427579,-0.4861476279,0.0590469982,-0.0146951301,0.1593121835,0.2596618275,-6.9707077777,0.1993314193,0.5107678958,0.9155223243,0.0000000000,-0.0419278226,0.0000374770,0.0000000000,-0.0031404561,1.0000000000,0.0419278226,-8.8048427556,1.910,1.000000,18.1765949701,2,0.1175062009
13.141785,2.3653663168,2.3147770089,-0.4948096754,-0.4365053289,0.0530689907,-0.0583043465,0.1597544251,0.2046163601,-6.6054560944,0.1973889753,0.5107678958,0.9156257341,0.0124091706,-0.0339372085,0.0001486937,0.0000000000,-0.0031098554,1.0000000000,0.0419278226,-7.1268137785,2.062,1.000000,18.1765949701,1,0.1205170828
13.150106,2.3612755557,2.3178449705,-0.4884663835,-0.3870192365,0.0456291493,-0.1014471470,0.1601346680,0.1470729728,-6.9052064767,0.1998432396,0.5108145444,0.9156796017,0.0064641165,-0.0252699201,0.0002587209,0.0000000000,-0.0030774409,1.0000000000,0.0419278226,-5.3066832214,2.213,1.000000,18.1765949701,1,0.1209692074
13.158427,2.3572384185,2.3209129321,-0.4817884450,-0.3399037080,0.0382563985,-0.1418847370,0.1604534713,0.0923074553,-6.5718620996,0.1977492093,0.5108388350,0.9157006726,0.0025285010,-0.0166741833,0.0003618490,0.0000000000,-0.0030430510,1.0000000000,0.0419278226,-3.5015784975,2.365,1.000000,18.1765949701,2,0.1198189245
13.166753,2.3532557626,2.3224469129,-0.4747767960,-0.2949384135,0.0324843246,-0.1798383825,0.1607241740,0.0431573972,-5.8980069695,0.1932808104,0.5108483348,0.9157052092,0.0005443908,-0.0089918896,0.0004586423,0.0000000000,-0.0030066506,1.0000000000,0.0419278226,-1.8882968093,2.213,1.000000,18.1765949701,1,0.1178953693
13.175181,2.3492858542,2.3270488552,-0.4673497419,-0.2519235014,0.0236681163,-0.2154262405,0.1609214083,-0.0097449677,-6.3482837911,0.1868175999,0.5108503800,0.9157054353,0.0000271425,-0.0010263660,0.0005494021,0.0000000000,-0.0029677687,0.9438254686,0.0419278226,-0.2155368611,2.062,1.000000,18.1765949701,2,0.1157988066
13.183429,2.3454621751,2.3301168168,-0.4597631776,-0.2084488195,0.0165295064,-0.2513143581,0.1610591542,-0.0596745405,-5.9915487283,0.1803537335,0.5108504820,0.9157137253,0.0009947928,0.0058580939,0.0006409276,0.0000000000,-0.0029277082,0.4209029887,0.0419278226,1.2301997145,1.910,1.000000,18.1765949701,1,0.1141318154
13.191755,2.3416668621,2.3347187592,-0.4517912821,-0.1645571007,0.0078829126,-0.2872341815,0.1611248451,-0.1127017246,-6.3632620939,0.1741180223,0.5108542191,0.9157426341,0.0034690574,0.0128392978,0.0007325341,0.0000000000,-0.0028852406,0.0000000000,0.0419278226,2.6962525359,1.759,1.000000,18.1765949701,3,0.1134997261
13.200093,2.3379344639,2.3393207015,-0.4434993880,-0.1202871060,-0.0007029152,-0.3232122820,0.1611189875,-0.1657370551,-6.3642396587,0.1693727129,0.5108672502,0.9158040663,0.0073718687,0.0198823534,0.0008242891,0.0000000000,-0.0028406658,0.0000000000,0.0419278226,4.1752942192,1.607,1.000000,18.1765949701,2,0.1144497373
13.208431,2.3342718744,2.3439226439,-0.4349018087,-0.0779028697,-0.0092082218,-0.3569989389,0.1610422523,-0.2164909156,-6.0904632647,0.1670127479,0.5108949357,0.9159079628,0.0124675697,0.0266301279,0.0009104553,0.0000000000,-0.0027940172,0.0022419826,0.0419278226,5.5923268668,1.456,1.000000,18.1765949701,1,0.1173748203
13.216787,2.3306751659,2.3469906055,-0.4259878077,-0.0350002461,-0.0161166115,-0.3909875616,0.1609079472,-0.2643320315,-5.7409339059,0.1677042270,0.5109417394,0.9160632545,0.0186350038,0.0336603327,0.0009971366,0.0000000000,-0.0027451920,0.3860191490,0.0419278226,7.0686698766,1.305,1.000000,18.1765949701,1,0.1225340115
13.225090,2.3271758413,2.3515925478,-0.4168385120,0.0061437082,-0.0244516075,-0.4229822202,0.1607041838,-0.3130809129,-5.8498657648,0.1710719899,0.5110116517,0.9162838575,0.0264723641,0.0415627736,0.0010787326,0.0000000000,-0.0026945954,0.9725236333,0.0419278226,8.7281824562,1.153,1.000000,18.1765949701,1,0.1302942778
13.233428,2.3237397114,2.3561944902,-0.4073660920,0.0456924510,-0.0327143467,-0.4530585430,0.1604315643,-0.3598358520,-5.6105926980,0.1778293949,0.5111108759,0.9162838575,0.0000000000,0.0419278226,0.0011554363,0.0000000000,-0.0026417013,1.0000000000,0.0419278226,8.8048427556,1.002,1.000000,18.1765949701,1,0.1302942778
13.241763,2.3203846339,2.3623304133,-0.3976169014,0.0837942477,-0.0424217946,-0.4814111491,0.1600780493,-0.4078160327,-5.7576216837,0.1731735480,0.5111108759,0.9162838575,0.0000000000,0.0419278226,0.0012277441,0.0000000000,-0.0025867246,1.0000000000,0.0419278226,8.8048427556,0.850,1.000000,18.1765949701,1,0.1302942778
13.250178,2.3170810634,2.3653983749,-0.3874979276,0.1205835836,-0.0490023181,-0.5080815112,0.1596696967,-0.4479579703,-4.8170325052,0.1694696283,0.5111108759,0.9162838575,0.0000000000,0.0419278226,0.0012957616,0.0000000000,-0.0025290931,1.0000000000,0.0419278226,8.8048427556,0.699,1.000000,18.1765949701,1,0.1302942778
13.258431,2.3139248061,2.3715342981,-0.3773103787,0.1561824440,-0.0584967273,-0.5334928227,0.1591822239,-0.4927058503,-5.3697456025,0.1649896513,0.5111108759,0.9162838575,0.0000000000,0.0419278226,0.0013605681,0.0000000000,-0.0024704920,1.0000000000,0.0419278226,8.8048427556,0.547,1.000000,18.1765949701,1,0.1302942778
13.266763,2.3108249331,2.3746022596,-0.3667688463,0.1884726008,-0.0648479945,-0.5552414471,0.1586418240,-0.5276009524,-4.1874122505,0.1616861088,0.5111108759,0.9162838575,0.0000000000,0.0419278226,0.0014160337,0.0000000000,-0.0024092515,1.0000000000,0.0419278226,8.8048427556,0.396,1.000000,18.1765949701,1,0.1302942778
13.275090,2.3078156732,2.3792042020,-0.3559824310,0.2177615785,-0.0726255804,-0.5737440094,0.1580366108,-0.5621465701,-4.1454741276,0.1582568563,0.5111108759,0.9162838575,0.0000000000,0.0419278226,0.0014632208,0.0000000000,-0.0023459629,1.0000000000,0.0419278226,8.8048427556,0.244,1.000000,18.1765949701,1,0.1302942778
13.283504,2.3048669111,2.3838061444,-0.3448346359,0.2465571947,-0.0803398659,-0.5913918306,0.1573671119,-0.5957751210,-4.0354261099,0.1549023715,0.5111108759,0.9162838575,0.0000000000,0.0419278226,0.0015082281,0.0000000000,-0.0022799001,1.0000000000,0.0419278226,8.8048427556,0.093,1.000000,18.1765949701,2,0.1302942778
13.291760,2.3020659040,2.3868741060,-0.3336628204,0.2726764286,-0.0863572117,-0.6063392490,0.1566474685,-0.6233825918,-3.3128964953,0.1522440353,0.5111108759,0.9162838575,0.0000000000,0.0419278226,0.0015463485,0.0000000000,-0.0022130403,1.0000000000,0.0419278226,8.8048427556,-0.059,1.000000,18.1765949701,-1,0.1302942778
13.300093,2.2993333309,2.3884080867,-0.3221595674,0.2941391584,-0.0907456903,-0.6162987257,0.1558912544,-0.6428032512,-2.3304791277,0.1505036665,0.5111108759,0.9162838575,0.0000000000,0.0419278226,0.0015717482,0.0000000000,-0.0021435261,1.0000000000,0.0419278226,8.8048427556,-0.210,1.000000,18.1765949701,0,0.1302942778
13.308434,2.2966950536,2.3884080867,-0.3104241901,0.3113781785,-0.0934818984,-0.6218023686,0.1551122386,-0.6545091511,-1.4047079857,0.1496349915,0.5111108759,0.9162838575,0.0000000000,0.0419278226,0.0015857842,0.0000000000,-0.0020719230,1.0000000000,0.0419278226,8.8048427556,-0.362,1.000000,18.1765949701,0,0.1302942778
13.316780,2.2941540889,2.3884080867,-0.2984685931,0.3203283064,-0.0960737067,-0.6187968995,0.1543116244,-0.6574404581,-0.3517568366,0.1496268814,0.5111108759,0.9162838575,0.0000000000,0.0419278226,0.0015781193,0.0000000000,-0.0019982808,1.0000000000,0.0419278226,8.8048427556,-0.513,1.000000,18.1765949701,0,0.1302942778
13.325089,2.2917240771,2.3884080867,-0.2863607448,0.3239888212,-0.0985245130,-0.6103495660,0.1534905868,-0.6546700092,0.3324538663,0.1501735849,0.5111108759,0.9162838575,0.0000000000,0.0419278226,0.0015565760,0.0000000000,-0.0019230043,1.0000000000,0.0419278226,8.8048427556,-0.665,1.000000,18.1765949701,0,0.1302942778
13.333427,2.2893877653,2.3868741060,-0.2740156708,0.3206224854,-0.0993077206,-0.5946381562,0.1526630224,-0.6413300688,1.6007928491,0.1518756004,0.5111108759,0.9162838575,0.0000000000,0.0419278226,0.0015165072,0.0000000000,-0.0018455521,1.0000000000,0.0419278226,8.8048427556,-0.816,1.000000,18.1765949701,0,0.1302942778
13.341766,2.2871548069,2.3868741060,-0.2614804630,0.3108824033,-0.1014853479,-0.5723628663,0.1518173112,-0.6242134593,2.0539931324,0.1538035966,0.5111108759,0.9162838575,0.0000000000,0.0419278226,0.0014596985,0.0000000000,-0.0017662059,1.0000000000,0.0419278226,8.8048427556,-0.968,1.000000,18.1765949701,0,0.1302942778
13.350125,2.2850224393,2.3868741060,-0.2487367979,0.2953609769,-0.1035295420,-0.5440977748,0.1509545650,-0.6008588473,2.8025534394,0.1563055573,0.5111108759,0.9162838575,0.0000000000,0.0419278226,0.0013876139,0.0000000000,-0.0016848411,1.0000000000,0.0419278226,8.8048427556,-1.119,1.000000,18.1765949701,0,0.1302942778
13.358432,2.2830094116,2.3853401252,-0.2359014405,0.2745955479,-0.1038906254,-0.5104969884,0.1500888098,-0.5688288497,3.8435997188,0.1597312302,0.5111108759,0.9162838575,0.0000000000,0.0419278226,0.0013019218,0.0000000000,-0.0016022052,1.0000000000,0.0419278226,8.8048427556,-1.271,1.000000,18.1765949701,0,0.1302942778
13.366763,2.2810982759,2.3853401252,-0.2228672819,0.2513023912,-0.1056694382,-0.4741696731,0.1492082312,-0.5369025503,3.8311559259,0.1629337366,0.5111108759,0.9162838575,0.0000000000,0.0419278226,0.0012092761,0.0000000000,-0.0015176144,1.0000000000,0.0419278226,8.8048427556,-1.422,1.000000,18.1765949701,0,0.1302942778
13.375091,2.2792968684,2.3838061444,-0.2096842348,0.2279453199,-0.1058041790,-0.4376295547,0.1483265297,-0.5014994280,4.2483746705,0.1665358874,0.5111108759,0.9162838575,0.0000000000,0.0419278226,0.0011160878,0.0000000000,-0.0014313969,1.0000000000,0.0419278226,8.8048427556,-1.573,1.000000,18.1765949701,0,0.1302942778
13.383427,2.2776044996,2.3838061444,-0.1963464707,0.2045302744,-0.1073635325,-0.4008767452,0.1474318336,-0.4687257087,3.9328463238,0.1696464174,0.5111108759,0.9162838575,0.0000000000,0.0419278226,0.0010223570,0.0000000000,-0.0013435250,1.0000000000,0.0419278226,8.8048427556,-1.725,1.000000,18.1765949701,-1,0.1302942778
13.391842,2.2760093072,2.3822721636,-0.1827446243,0.1832915190,-0.1073040918,-0.3660361434,0.1465376328,-0.4346487835,4.0892310219,0.1729583896,0.5111108759,0.9162838575,0.0000000000,0.0419278226,0.0009335029,0.0000000000,-0.0012532844,1.0000000000,0.0419278226,8.8048427556,-1.876,1.000000,18.1765949701,-1,0.1302942778
13.400093,2.2745569990,2.3807381828,-0.1692850828,0.1617979046,-0.1071003192,-0.3310829874,0.1456451301,-0.4001709864,4.1373356550,0.1762113806,0.5111108759,0.9162838575,0.0000000000,0.0419278226,0.0008443618,0.0000000000,-0.0011634002,1.0000000000,0.0419278226,8.8048427556,-2.028,1.000000,18.1765949701,-2,0.1302942778
13.408429,2.2732029745,2.3792042020,-0.1555712976,0.1400731187,-0.1067969496,-0.2956444163,0.1447551555,-0.3650074818,4.2196205451,0.1794213838,0.5111108759,0.9162838575,0.0000000000,0.0419278226,0.0007539827,0.0000000000,-0.0010712570,1.0000000000,0.0419278226,8.8048427556,-2.179,1.000000,18.1765949701,-1,0.1302942778
13.416755,2.2719649878,2.3761362404,-0.1417657764,0.1181386474,-0.1048423702,-0.2599044238,0.1438814691,-0.3262471922,4.6512347523,0.1830147600,0.5111108759,0.9162838575,0.0000000000,0.0419278226,0.0006628349,0.0000000000,-0.0009779674,1.0000000000,0.0419278226,8.8048427556,-2.331,1.000000,18.1765949701,-2,0.1302942778
13.425089,2.2708415346,2.3730682789,-0.1278523612,0.0960139798,-0.1027721768,-0.2238663410,0.1430250343,-0.2869421921,4.7166000128,0.1865288822,0.5111108759,0.9164797679,0.0235092551,0.0415629311,0.0005709269,0.0000000000,-0.0008834547,1.0000000000,0.0419278226,8.7282155214,-2.482,1.000000,18.1765949701,-2,0.1365321849
13.433582,2.2698161217,2.3715342981,-0.1135805219,0.0737167934,-0.1021369439,-0.1872973153,0.1421738931,-0.2499508608,4.4389597526,0.1986468228,0.5111989039,0.9166347314,0.0185956141,0.0377233304,0.0004776648,0.0000000000,-0.0007860399,1.0000000000,0.0419278226,7.9218993900,-2.634,1.000000,18.1765949701,-1,0.1406973218
13.441765,2.2689432597,2.3669323557,-0.0997552349,0.0512631228,-0.0982803096,-0.1510183577,0.1413548905,-0.2068202040,5.1756788191,0.2087511876,0.5112684735,0.9167444308,0.0131639330,0.0322356843,0.0003851425,0.0000000000,-0.0006912688,1.0000000000,0.0419278226,6.7694936981,-2.785,1.000000,18.1765949701,-3,0.1427940474
13.450097,2.2681709503,2.3638643941,-0.0856090462,0.0264386366,-0.0958436354,-0.1120476828,0.1405561936,-0.1637978486,5.1626826518,0.2154750174,0.5113176901,0.9168147415,0.0084372814,0.0260299639,0.0002857555,0.0000000000,-0.0005939352,1.0000000000,0.0419278226,5.4662924219,-2.937,1.000000,18.1765949701,-2,0.1431834408
13.458421,2.2675173867,2.3607964326,-0.0714190947,0.0016925638,-0.0932886609,-0.0731116585,0.1397787881,-0.1205542049,5.1892372461,0.2194845141,0.5113492210,0.9168533135,0.0046286362,0.0193235476,0.0001864568,0.0000000000,-0.0004959823,1.0000000000,0.0419278226,4.0579449927,-3.088,1.000000,18.1765949701,-1,0.1422427611
13.466842,2.2669766168,2.3561944902,-0.0570144127,-0.0252112594,-0.0890746543,-0.0318031533,0.1390364993,-0.0716086156,5.8734707063,0.2218487375,0.5113665140,0.9168670239,0.0016452462,0.0114337520,0.0000811077,0.0000000000,-0.0003962744,1.0000000000,0.0419278226,2.4010879187,-2.937,1.000000,18.1765949701,-2,0.1402811864
13.475093,2.2665645206,2.3531265286,-0.0428594611,-0.0518434071,-0.0862674980,0.0089839460,0.1383176035,-0.0259553705,5.4783894202,0.2218036475,0.5113726600,0.9168688249,0.0002161194,0.0039369922,-0.0000229118,-0.0000000000,-0.0002980801,1.0000000000,0.0419278226,0.8267683610,-2.785,1.000000,18.1765949701,-3,0.1378509231
13.483426,2.2662670475,2.3515925478,-0.0285369728,-0.0782291300,-0.0848810993,0.0496921571,0.1376102610,0.0168087542,5.1316949616,0.2202242698,0.5113734673,0.9168695765,0.0000901918,-0.0030691992,-0.0001267300,-0.0000000000,-0.0001985607,1.0000000000,0.0419278226,-0.6445318295,-2.634,1.000000,18.1765949701,-4,0.1354194991
13.491754,2.2660890672,2.3454566247,-0.0142024574,-0.1043913317,-0.0787745352,0.0901888743,0.1369538065,0.0687858114,6.2372468623,0.2196285142,0.5113738042,0.9168821397,0.0015075869,-0.0115366985,-0.0002300089,-0.0000000000,-0.0000988481,1.0000000000,0.0419278226,-2.4227066777,-2.482,1.000000,18.1765949701,-2,0.1335563726
13.500175,2.2660305346,2.3408546823,0.0003007023,-0.1303507872,-0.0740836560,0.1306514895,0.1363364427,0.1179557618,5.9003940457,0.2191477329,0.5113794356,0.9169190278,0.0044265681,-0.0195218270,-0.0003332008,-0.0000000000,0.0000020931,1.0000000000,0.0419278226,-4.0995836743,-2.331,1.000000,18.1765949701,-2,0.1328280479
13.508430,2.2660917142,2.3362527399,0.0145198493,-0.1561263407,-0.0692741092,0.1706461899,0.1357591585,0.1669329916,5.8772675738,0.2202202172,0.5113959682,0.9169931577,0.0088955897,-0.0275856084,-0.0004351994,-0.0000000000,0.0001010567,1.0000000000,0.0419278226,-5.7929777629,-2.179,1.000000,18.1765949701,-1,0.1338116303
13.516761,2.2662724066,2.3301168168,0.0288582117,-0.1817350846,-0.0628120165,0.2105932963,0.1352357250,0.2191976830,6.2717629770,0.2243255287,0.5114291830,0.9171226162,0.0155350235,-0.0365823972,-0.0005370766,-0.0000000000,0.0002007942,1.0000000000,0.0419278226,-7.6823034123,-2.028,1.000000,18.1765949701,-1,0.1372756730
13.525087,2.2665722928,2.3255148744,0.0431697498,-0.2094213988,-0.0577529086,0.2525911486,0.1352357250,0.2712429236,6.2454288644,0.2320774317,0.5114871594,0.9171226162,0.0000000000,-0.0419278226,-0.0006441838,-0.0000000000,0.0003002345,1.0000000000,0.0419278226,-8.8048427556,-1.876,1.000000,18.1765949701,-2,0.1372756730
13.533422,2.2669917273,2.3209129321,0.0574666592,-0.2345344338,-0.0525888705,0.2920010930,0.1352357250,0.3209086476,5.9598868888,0.2334455516,0.5114871594,0.9171226162,0.0000000000,-0.0419278226,-0.0007446911,-0.0000000000,0.0003994084,1.0000000000,0.0419278226,-8.8048427556,-1.725,1.000000,18.1765949701,-1,0.1372756730
13.541765,2.2675306791,2.3163109897,0.0717362490,-0.2595422364,-0.0473059130,0.3312784855,0.1352357250,0.3706779936,5.9723215211,0.2344910288,0.5114871594,0.9171226162,0.0000000000,-0.0419278226,-0.0008448604,-0.0000000000,0.0004981747,1.0000000000,0.0419278226,-8.8048427556,-1.573,1.000000,18.1765949701,-2,0.1372756730
13.550100,2.2681878597,2.3101750666,0.0859444391,-0.2844545875,-0.0403712881,0.3703990266,0.1352357250,0.4235706998,6.3471247344,0.2355755465,0.5114871594,0.9171226162,0.0000000000,-0.0419278226,-0.0009446296,-0.0000000000,0.0005962467,1.0000000000,0.0419278226,-8.8048427556,-1.422,1.000000,18.1765949701,-1,0.1372756730
13.558431,2.2689628724,2.3071071050,0.1000876812,-0.3092803586,-0.0363872845,0.4093680398,0.1352357250,0.4704519442,5.6257493307,0.2356000099,0.5114871594,0.9171226162,0.0000000000,-0.0419278226,-0.0010440123,-0.0000000000,0.0006935520,1.0000000000,0.0419278226,-8.8048427556,-1.271,1.000000,18.1765949701,-1,0.1372756730
13.566759,2.2698549721,2.3009711818,0.1141554295,-0.3340275969,-0.0292186786,0.4481830264,0.1352357250,0.5235037821,6.3662205539,0.2359968676,0.5114871594,0.9171226162,0.0000000000,-0.0419278226,-0.0011430023,-0.0000000000,0.0007899726,1.0000000000,0.0419278226,-8.8048427556,-1.119,1.000000,18.1765949701,-1,0.1372756730
13.575089,2.2708642290,2.2963692395,0.1281493328,-0.3564747257,-0.0234799625,0.4846240585,0.1352357250,0.5713419044,5.7405746743,0.2357919641,0.5114871594,0.9171226162,0.0000000000,-0.0419278226,-0.0012359380,-0.0000000000,0.0008854769,0.9356104788,0.0419278226,-8.8048427556,-0.968,1.000000,18.1765949701,-1,0.1372756730
13.583426,2.2719907802,2.2933012779,0.1420681736,-0.3768355266,-0.0191697848,0.5189037003,0.1352357250,0.6141815590,5.1407585458,0.2350672578,0.5114871594,0.9171226162,0.0000000000,-0.0419278226,-0.0013233614,-0.0000000000,0.0009800162,0.6456191533,0.0419278226,-8.8048427556,-0.816,1.000000,18.1765949701,-1,0.1372756730
13.591759,2.2732322659,2.2886993355,0.1558819623,-0.3930750357,-0.0132341040,0.5489569980,0.1352357250,0.6560231188,5.0209871815,0.2345928813,0.5114871594,0.9171226162,0.0000000000,-0.0419278226,-0.0014000064,-0.0000000000,0.0010733504,0.1656417682,0.0419278226,-8.8048427556,-0.665,1.000000,18.1765949701,-1,0.1372756730
13.600376,2.2746365208,2.2856313739,0.1700528058,-0.4078051785,-0.0086782091,0.5778579843,0.1352357250,0.6939721124,4.5538792327,0.2336721188,0.5114871594,0.9171226162,0.0000000000,-0.0419278226,-0.0014737127,-0.0000000000,0.0011685422,0.0000000000,0.0419278226,-8.8048427556,-0.513,1.000000,18.1765949701,-1,0.1372756730
13.609045,2.2761722113,2.2825634124,0.1841859812,-0.4189373657,-0.0040113177,0.6031233470,0.1352357250,0.7285059214,4.1440570795,0.2327754043,0.5114871594,0.9171226162,0.0000000000,-0.0419278226,-0.0015381470,-0.0000000000,0.0012628759,0.0000000000,0.0419278226,-8.8048427556,-0.362,1.000000,18.1765949701,-1,0.1372756730
13.616757,2.2776405860,2.2794954508,0.1966418113,-0.4268060063,0.0005697184,0.6234478176,0.1352404727,0.7579330112,3.5312507739,0.2320409811,0.5114871594,0.9171226162,0.0000000000,-0.0419278226,-0.0015899805,-0.0000000000,0.0013454775,0.0000000000,0.0419278226,-8.8048427556,-0.210,1.000000,18.1765949701,-1,0.1372756730
13.625112,2.2793394442,2.2779614700,0.2100071211,-0.4317144274,0.0038304410,0.6417215484,0.1352723930,0.7827140121,2.9737201069,0.2310714169,0.5114871594,0.9171226162,0.0000000000,-0.0419278226,-0.0016365841,-0.0000000000,0.0014335162,0.0000000000,0.0419278226,-8.8048427556,-0.059,1.000000,18.1765949701,0,0.1372756730
13.633429,2.2811410216,2.2764274892,0.2231689012,-0.4317088882,0.0071659677,0.6548777895,0.1353321094,0.8025534925,2.3807376476,0.2303682245,0.5114871594,0.9171226162,0.0000000000,-0.0419278226,-0.0016701365,-0.0000000000,0.0015195794,0.0000000000,0.0419278226,-8.8048427556,0.093,1.000000,18.1765949701,0,0.1372756730
13.641760,2.2830545151,2.2764274892,0.2361985203,-0.4272461123,0.0090541093,0.6634446326,0.1354075603,0.8149445831,1.4869308698,0.2296902886,0.5114871594,0.9171226162,0.0000000000,-0.0419278226,-0.0016919845,-0.0000000000,0.0016041254,0.0010428564,0.0419278226,-8.8048427556,0.244,1.000000,18.1765949701,0,0.1372756730
13.650079,2.2850732003,2.2764274892,0.2490498316,-0.4187403735,0.0110244754,0.6677902051,0.1354994309,0.8232938916,1.0019170225,0.2292848124,0.5114871594,0.9171226162,0.0000000000,-0.0419278226,-0.0017030671,-0.0000000000,0.0016868479,0.0474357804,0.0419278226,-8.8048427556,0.396,1.000000,18.1765949701,0,0.1372756730
13.658427,2.2872054228,2.2779614700,0.2617733382,-0.4043385654,0.0115409039,0.6661119036,0.1355956051,0.8227360495,-0.0669410452,0.2290489037,0.5114871594,0.9171226162,0.0000000000,-0.0419278226,-0.0016987869,-0.0000000000,0.0017680677,0.0696151951,0.0419278226,-8.8048427556,0.547,1.000000,18.1765949701,0,0.1372756730
13.666763,2.2894399929,2.2779614700,0.2742998591,-0.3845886929,0.0136632796,0.6588885520,0.1357094658,0.8198400084,-0.3475249373,0.2294271774,0.5114871594,0.9171226162,0.0000000000,-0.0419278226,-0.0016803651,-0.0000000000,0.0018473429,0.1947519148,0.0419278226,-8.8048427556,0.699,1.000000,18.1765949701,0,0.1372756730
13.675094,2.2917765699,2.2779614700,0.2866298508,-0.3622167027,0.0158727667,0.6488465534,0.1358417389,0.8143164788,-0.6628235544,0.2299837627,0.5114871594,0.9171226162,0.0000000000,-0.0419278226,-0.0016547550,-0.0000000000,0.0019246848,0.3656490697,0.0419278226,-8.8048427556,0.850,1.000000,18.1765949701,0,0.1372756730
13.683456,2.2942244078,2.2779614700,0.2988087589,-0.3374663051,0.0181800035,0.6362750640,0.1359932389,0.8064765481,-0.9407916779,0.2306894811,0.5114871594,0.9171226162,0.0000000000,-0.0419278226,-0.0016226939,-0.0000000000,0.0020003856,0.5623118356,0.0419278226,-8.8048427556,1.002,1.000000,18.1765949701,0,0.1372756730
13.691760,2.2967551712,2.2794954508,0.3106989973,-0.3105585590,0.0190239296,0.6212575563,0.1361517716,0.7932913987,-1.5822179349,0.2312822052,0.5114871594,0.9171226162,0.0000000000,-0.0419278226,-0.0015843947,-0.0000000000,0.0020736075,0.6335287540,0.0419278226,-8.8048427556,1.153,1.000000,18.1765949701,0,0.1372756730
13.700093,2.2993932000,2.2810294316,0.3224184434,-0.2816939773,0.0199640047,0.6041124207,0.1363181383,0.7781772981,-1.8136920667,0.2319672663,0.5114871594,0.9171226162,0.0000000000,-0.0419278226,-0.0015406694,-0.0000000000,0.0021450979,0.7098260968,0.0419278226,-8.8048427556,1.305,1.000000,18.1765949701,0,0.1372756730
13.708426,2.3021282434,2.2810294316,0.3339180509,-0.2555121878,0.0225503157,0.5894302386,0.1365060576,0.7688168272,-1.1232565094,0.2327156518,0.5114871594,0.9171226162,0.0000000000,-0.0419278226,-0.0015032254,-0.0000000000,0.0022145750,0.8882432981,0.0419278226,-8.8048427556,1.456,1.000000,18.1765949701,0,0.1372756730
13.716784,2.3049663822,2.2825634124,0.3452206049,-0.2295349650,0.0237069033,0.5747555699,0.1367036152,0.7566339429,-1.4619461123,0.2331750604,0.5114871594,0.9171226162,0.0000000000,-0.0419278226,-0.0014658006,-0.0000000000,0.0022821983,0.9454577051,0.0419278226,-8.8048427556,1.607,1.000000,18.1765949701,0,0.1372756730
13.725094,2.3078809269,2.2840973932,0.3562224524,-0.2037432956,0.0249409508,0.5599657480,0.1369114564,0.7444998811,-1.4560874238,0.2336061651,0.5114871594,0.9171226162,0.0000000000,-0.0419278226,-0.0014280821,-0.0000000000,0.0023473780,0.9855972622,0.0419278226,-8.8048427556,1.759,1.000000,18.1765949701,1,0.1372756730
13.733427,2.3108946837,2.2840973932,0.3670122144,-0.1781199337,0.0278091475,0.5451321481,0.1371431993,0.7355910296,-1.0690621824,0.2342684015,0.5114871594,0.9171226162,0.0000000000,-0.0419278226,-0.0013902519,-0.0000000000,0.0024106722,1.0000000000,0.0419278226,-8.8048427556,1.910,1.000000,18.1765949701,1,0.1372756730
13.741758,2.3139960362,2.2871653547,0.3775461947,-0.1548781117,0.0277105071,0.5324243064,0.1373741202,0.7229149874,-1.5211250539,0.2342568660,0.5114871594,0.9171226162,0.0000000000,-0.0419278226,-0.0013578431,-0.0000000000,0.0024718550,1.0000000000,0.0419278226,-8.8048427556,2.062,1.000000,18.1765949701,1,0.1372756730
13.750177,2.3172185809,2.2886993355,0.3879299531,-0.1315676039,0.0292666496,0.5194975570,0.1376180090,0.7133192232,-1.1514917096,0.2344942441,0.5114871594,0.9171226162,0.0000000000,-0.0419278226,-0.0013248759,-0.0000000000,0.0025315654,1.0000000000,0.0419278226,-8.8048427556,2.213,1.000000,18.1765949701,2,0.1372756730
13.758430,2.3204615075,2.2917672971,0.3978460808,-0.1081947941,0.0293088392,0.5060408750,0.1378622493,0.7001871627,-1.5758472615,0.2344574702,0.5114871594,0.9171226162,0.0000000000,-0.0419278226,-0.0012905573,-0.0000000000,0.0025880232,1.0000000000,0.0419278226,-8.8048427556,2.365,1.000000,18.1765949701,1,0.1372756730
13.766762,2.3238169744,2.2963692395,0.4075846454,-0.0847654731,0.0279292674,0.4923501185,0.1380949932,0.6839860735,-1.9441306996,0.2341168787,0.5114871594,0.9171226162,0.0000000000,-0.0419278226,-0.0012556418,-0.0000000000,0.0026429275,1.0000000000,0.0419278226,-8.8048427556,2.516,1.000000,18.1765949701,2,0.1372756730
13.775088,2.3272500650,2.2994372010,0.4170376685,-0.0590560173,0.0281483472,0.4760936857,0.1383295627,0.6683960302,-1.8708051955,0.2341246014,0.5114871594,0.9171226162,0.0000000000,-0.0419278226,-0.0012141829,-0.0000000000,0.0026957019,1.0000000000,0.0419278226,-8.8048427556,2.668,1.000000,18.1765949701,2,0.1372756730
13.783513,2.3308027280,2.3040391434,0.4263122652,-0.0312783518,0.0269412695,0.4575906171,0.1385540733,0.6477170837,-2.4814735876,0.2338809082,0.5114871594,0.9171226162,0.0000000000,-0.0419278226,-0.0011669945,-0.0000000000,0.0027469774,1.0000000000,0.0419278226,-8.8048427556,2.819,1.000000,18.1765949701,3,0.1372756730
13.791760,2.3343551704,2.3086410858,0.4351026073,-0.0016247046,0.0257233142,0.4367273119,0.1387684343,0.6246462897,-2.7684952749,0.2336510586,0.5114871594,0.9171226162,0.0000000000,-0.0419278226,-0.0011137868,-0.0000000000,0.0027951116,0.9979823612,0.0419278226,-8.8048427556,2.971,1.000000,18.1765949701,3,0.1372756730
13.800093,2.3380168663,2.3147770089,0.4436874711,0.0297305631,0.0230709651,0.4139569080,0.1389606923,0.5967978964,-3.3418071949,0.2330887552,0.5114871594,0.9171226162,0.0000000000,-0.0419278226,-0.0010557154,-0.0000000000,0.0028416815,0.9161124056,0.0419278226,-8.8048427556,3.122,1.000000,18.1765949701,3,0.1372756730
13.808426,2.3417489547,2.3193789513,0.4519685302,0.0626292956,0.0220142213,0.3893392346,0.1391441442,0.5702624222,-3.1842569005,0.2327740889,0.5114871594,0.9171226162,0.0000000000,-0.0419278226,-0.0009929328,-0.0000000000,0.0028861890,0.8562920316,0.0419278226,-8.8048427556,3.274,1.000000,18.1765949701,1,0.1372756730
13.816784,2.3455600505,2.3270488552,0.4599628451,0.0991569128,0.0179479085,0.3608059323,0.1392937101,0.5338009020,-4.3753824235,0.2317851783,0.5114871594,0.9171226162,0.0000000000,-0.0419278226,-0.0009201643,-0.0000000000,0.0029287669,0.5424635897,0.0419278226,-8.8048427556,3.425,1.000000,18.1765949701,1,0.1372756730
13.825092,2.3494134667,2.3301168168,0.4675954941,0.1345183798,0.0185324831,0.3330771143,0.1394481474,0.5073853320,-3.1698684086,0.2315961925,0.5114871594,0.9171226162,0.0000000000,-0.0419278226,-0.0008494474,-0.0000000000,0.0029690606,0.5922767784,0.0419278226,-8.8048427556,3.577,1.000000,18.1765949701,1,0.1372756730
13.833429,2.3533423368,2.3362527399,0.4749338192,0.1710509591,0.0161178971,0.3038828601,0.1395824632,0.4735281520,-4.0628615916,0.2306238265,0.5114871594,0.9171226162,0.0000000000,-0.0419278226,-0.0007749932,-0.0000000000,0.0030074690,0.3861270511,0.0419278226,-8.8048427556,3.728,1.000000,18.1765949701,3,0.1372756730
13.841767,2.3573319024,2.3439226439,0.4819479006,0.2086458027,0.0122239914,0.2733020979,0.1396843298,0.4353145386,-4.5856336082,0.2291456827,0.5114871594,0.9171226162,0.0000000000,-0.0419278226,-0.0006970030,-0.0000000000,0.0030438753,0.1043680572,0.0419278226,-8.8048427556,3.880,1.000000,18.1765949701,3,0.1372756730
13.850097,2.3613747134,2.3515925478,0.4886251124,0.2449753037,0.0083905192,0.2436498087,0.1397542508,0.3981179192,-4.4635943379,0.2274753413,0.5114871594,0.9171226162,0.0000000000,-0.0419278226,-0.0006213807,-0.0000000000,0.0030782550,0.0000000000,0.0419278226,-8.8048427556,4.031,1.000000,18.1765949701,3,0.1372756730
13.858511,2.3655128694,2.3577284710,0.4950292270,0.2823859439,0.0061802312,0.2126432830,0.1398057527,0.3627725448,-4.2414449201,0.2259841844,0.5114871594,0.9171226162,0.0000000000,-0.0419278226,-0.0005423047,-0.0000000000,0.0031109729,0.0000000000,0.0419278226,-8.8048427556,4.182,1.000000,18.1765949701,4,0.1372756730
13.866765,2.3696236320,2.3653983749,0.5009760456,0.3207772380,0.0024029980,0.1801988076,0.1398257777,0.3228462299,-4.7911577896,0.2239289801,0.5114871594,0.9171226162,0.0000000000,-0.0419278226,-0.0004595615,-0.0000000000,0.0031411297,0.0000000000,0.0419278226,-8.8048427556,4.334,1.000000,18.1765949701,4,0.1372756730
13.875090,2.3738182774,2.3730682789,0.5066330876,0.3578291640,-0.0012827437,0.1488039236,0.1398257777,0.2841314628,-4.6457720513,0.2216943914,0.5114871594,0.9171226162,0.0000000000,-0.0419278226,-0.0003794950,-0.0000000000,0.0031696155,0.0000000000,0.0419278226,-8.8048427556,4.485,1.000000,18.1765949701,3,0.1372756730
13.883479,2.3780909286,2.3822721636,0.5119825326,0.3958950842,-0.0064302206,0.1160874485,0.1397721926,0.2411392610,-5.1590642225,0.2188628041,0.5114871594,0.9172766423,0.0184831318,-0.0360087110,-0.0002960581,-0.0000000000,0.0031963714,0.0000000000,0.0419278226,-7.5618293086,4.637,1.000000,18.1765949701,4,0.1415622877
13.891838,2.3823916194,2.3899420675,0.5169593762,0.4348807537,-0.0100209021,0.0820786225,0.1396886850,0.1999169992,-4.9466714159,0.2231587353,0.5115560899,0.9173839394,0.0128756559,-0.0297289510,-0.0002093253,-0.0000000000,0.0032211054,0.0156815035,0.0419278226,-6.2430797070,4.788,1.000000,18.1765949701,5,0.1436112101
13.900094,2.3866785976,2.3991459523,0.5215248803,0.4747006874,-0.0151640162,0.0468241929,0.1395623182,0.1543237412,-5.4711909589,0.2229882647,0.5116040770,0.9174478429,0.0076684136,-0.0222149197,-0.0001194159,-0.0000000000,0.0032436607,0.3077644723,0.0419278226,-4.6651331354,4.637,1.000000,18.1765949701,4,0.1437314674
13.908425,2.3910413511,2.4068158562,0.5257763433,0.5130484694,-0.0186890112,0.0127278739,0.1394065765,0.1130732129,-4.9500633906,0.2199573143,0.5116326448,0.9174818266,0.0040780452,-0.0152074072,-0.0000324599,-0.0000000000,0.0032645487,0.6054923654,0.0419278226,-3.1935555105,4.485,1.000000,18.1765949701,3,0.1425839869
13.916753,2.3954368673,2.4160197409,0.5296666984,0.5500609277,-0.0237076388,-0.0203942293,0.1392090128,0.0697893080,-5.1940685893,0.2144101681,0.5116478335,0.9174945472,0.0015264791,-0.0078583679,0.0000520115,0.0000000000,0.0032835645,0.9454884490,0.0419278226,-1.6502572647,4.334,1.000000,18.1765949701,3,0.1405673761
13.925170,2.3999102097,2.4252236256,0.5332297811,0.5858621726,-0.0286415593,-0.0526323915,0.1389703332,0.0275170297,-5.0726733919,0.2075102879,0.5116535182,0.9174964813,0.0002320856,-0.0008802881,0.0001342285,0.0000000000,0.0033008985,1.0000000000,0.0419278226,-0.1848604909,4.182,1.000000,18.1765949701,4,0.1381358194
13.933427,2.4043259927,2.4328935296,0.5363627977,0.6205647792,-0.0320928175,-0.0842019815,0.1387028930,-0.0111704682,-4.6424997469,0.2004313195,0.5116543825,0.9174967926,0.0000373628,0.0052421912,0.0002147405,0.0000000000,0.0033160753,1.0000000000,0.0419278226,1.1008601573,4.031,1.000000,18.1765949701,2,0.1356796599
13.941763,2.4088094772,2.4420974143,0.5391601663,0.6542708596,-0.0370046940,-0.1151106932,0.1383945206,-0.0521382369,-4.9161322440,0.1929395465,0.5116545216,0.9175034060,0.0007936072,0.0114111443,0.0002935671,0.0000000000,0.0033295747,1.0000000000,0.0419278226,2.3963403072,3.880,1.000000,18.1765949701,3,0.1335351522
13.950141,2.4133370476,2.4497673183,0.5415987822,0.6848441591,-0.0403207072,-0.1432453768,0.1380585147,-0.0871898410,-4.2061924973,0.1865025802,0.5116574769,0.9175214928,0.0021704101,0.0164432732,0.0003653190,0.0000000000,0.0033413032,1.0000000000,0.0419278226,3.4530873815,3.728,1.000000,18.1765949701,5,0.1319196140
13.958479,2.4178616416,2.4574372222,0.5436532271,0.7125758512,-0.0436235542,-0.1689226241,0.1376949850,-0.1197850005,-3.9114191420,0.1809742202,0.5116655586,0.9175549694,0.0040171951,0.0209415398,0.0004308038,0.0000000000,0.0033511555,1.0000000000,0.0419278226,4.3977233579,3.577,1.000000,18.1765949701,3,0.1309917867
13.966860,2.4224254527,2.4666411069,0.5453424407,0.7377300464,-0.0484065229,-0.1923876058,0.1372915974,-0.1531467179,-4.0034060871,0.1761301075,0.5116805152,0.9176087434,0.0064528788,0.0254096814,0.0004906466,0.0000000000,0.0033592366,1.0000000000,0.0419278226,5.3360330886,3.425,1.000000,18.1765949701,5,0.1309417935
13.975107,2.4269282327,2.4727770301,0.5466355264,0.7605463080,-0.0501692797,-0.2139107816,0.1368735200,-0.1785829736,-3.0523506880,0.1733947577,0.5117045350,0.9176811366,0.0086871805,0.0288028487,0.0005455372,0.0000000000,0.0033654107,1.0000000000,0.0419278226,6.0485982270,3.274,1.000000,18.1765949701,1,0.1316699428
13.983435,2.4314845984,2.4804469340,0.5475690259,0.7812419330,-0.0534003849,-0.2336729071,0.1364285168,-0.2052008689,-3.1941474261,0.1713612212,0.5117368614,0.9177760050,0.0113842072,0.0323561186,0.0005959366,0.0000000000,0.0033698614,1.0000000000,0.0419278226,6.7947849022,3.122,1.000000,18.1765949701,3,0.1332984728
13.991770,2.4360512176,2.4865828572,0.5481280842,0.7977851462,-0.0550636669,-0.2496570620,0.1359696529,-0.2249407642,-2.3687874388,0.1711126521,0.5117792065,0.9178898988,0.0136672538,0.0351045954,0.0006367010,0.0000000000,0.0033725243,1.0000000000,0.0419278226,7.3719650411,2.971,1.000000,18.1765949701,4,0.1356356572
14.000089,2.4406122694,2.4927187803,0.5483113342,0.8105618898,-0.0567111199,-0.2622505556,0.1354970603,-0.2412720989,-1.9597601702,0.1719442552,0.5118300173,0.9180213343,0.0157722681,0.0375012031,0.0006688183,0.0000000000,0.0033733967,1.0000000000,0.0419278226,7.8752526409,2.819,1.000000,18.1765949701,4,0.1385737466
14.008436,2.4451885333,2.4988547035,0.5481187979,0.8199222348,-0.0583239531,-0.2718034369,0.1350110273,-0.2545073193,-1.5882264413,0.1736846404,0.5118886182,0.9181685249,0.0176628682,0.0395908524,0.0006931810,0.0000000000,0.0033724801,1.0000000000,0.0419278226,8.3140790102,2.668,1.000000,18.1765949701,4,0.1419964572
14.016775,2.4497572063,2.5034566458,0.5475500980,0.8239548395,-0.0583801307,-0.2764047415,0.1345245262,-0.2596999065,-0.6231104625,0.1767647323,0.5119541982,0.9183235140,0.0185986880,0.0407388373,0.0007049157,0.0000000000,0.0033697712,1.0000000000,0.0419278226,8.5551558337,2.516,1.000000,18.1765949701,3,0.1455594141
14.025109,2.4543166143,2.5095925690,0.5466063549,0.8253837617,-0.0599647632,-0.2787774068,0.1340248199,-0.2657123870,-0.7214976658,0.1796896557,0.5120232009,0.9183235140,0.0000000000,0.0419278226,0.0007109667,0.0000000000,0.0033652715,1.0000000000,0.0419278226,8.8048427556,2.365,1.000000,18.1765949701,2,0.1455594141
14.033429,2.4588591433,2.5126605306,0.5452904368,0.8244509982,-0.0584848969,-0.2791605615,0.1335374457,-0.2636371020,0.2490342041,0.1792116055,0.5120232009,0.9184846553,0.0193369645,0.0416262472,0.0007119439,0.0000000000,0.0033589881,1.0000000000,0.0419278226,8.7415119118,2.213,1.000000,18.1765949701,2,0.1491760411
14.041761,2.4633959888,2.5172624729,0.5435991772,0.8191471781,-0.0585198641,-0.2755480008,0.1330497802,-0.2605748483,0.3674704413,0.1830535499,0.5120948862,0.9186442489,0.0191512249,0.0416905844,0.0007027308,0.0000000000,0.0033508966,1.0000000000,0.0419278226,8.7550227140,2.062,1.000000,18.1765949701,2,0.1525641204
14.050122,2.4679326124,2.5218644153,0.5415277452,0.8098785650,-0.0585325301,-0.2683508198,0.1325620091,-0.2538837880,0.8029272342,0.1868683201,0.5121658261,0.9187978006,0.0184262080,0.0411969671,0.0006843758,0.0000000000,0.0033409621,1.0000000000,0.0419278226,8.6513630808,1.910,1.000000,18.1765949701,2,0.1555740857
14.058426,2.4724196963,2.5249323769,0.5391005993,0.7970136632,-0.0570403253,-0.2579130639,0.1320866731,-0.2409512181,1.5519083908,0.1909206288,0.5122340271,0.9189380678,0.0168320639,0.0397700375,0.0006577563,0.0000000000,0.0033292877,1.0000000000,0.0419278226,8.3517078739,1.759,1.000000,18.1765949701,2,0.1579704889
14.066779,2.4769111102,2.5264663576,0.5362891751,0.7786578506,-0.0539786172,-0.2423686755,0.1316368513,-0.2197698236,2.5417673331,0.1950938263,0.5122962820,0.9190564376,0.0142043717,0.0370450519,0.0006181134,0.0000000000,0.0033157193,1.0000000000,0.0419278226,7.7794608962,1.607,1.000000,18.1765949701,1,0.1594811297
14.075104,2.4813630447,2.5280003384,0.5331194215,0.7575503506,-0.0509407568,-0.2244309291,0.1312123450,-0.1962174707,2.8262823587,0.1983438769,0.5123487841,0.9191518386,0.0114481246,0.0337652395,0.0005723668,0.0000000000,0.0033003628,1.0000000000,0.0419278226,7.0907002999,1.456,1.000000,18.1765949701,2,0.1601097738
14.083426,2.4857847940,2.5310683000,0.5295868990,0.7339469164,-0.0494528836,-0.2043600174,0.1308002376,-0.1735980008,2.7143363824,0.2001439564,0.5123910759,0.9192269643,0.0090150818,0.0304132301,0.0005211799,0.0000000000,0.0032831754,1.0000000000,0.0419278226,6.3867783177,1.305,1.000000,18.1765949701,1,0.1599851221
14.091801,2.4902040866,2.5310683000,0.5256659761,0.7058506545,-0.0448739828,-0.1801846784,0.1304262877,-0.1406976977,3.9480363718,0.2022009844,0.5124243653,0.9192766520,0.0059625271,0.0254391991,0.0004595254,0.0000000000,0.0032640078,1.0000000000,0.0419278226,5.3422318137,1.153,1.000000,18.1765949701,0,0.1589433117
14.100090,2.4945442413,2.5310683000,0.5214269171,0.6759080224,-0.0403637311,-0.1544811053,0.1300899233,-0.1063684365,4.1195113446,0.2030906973,0.5124463759,0.9193051347,0.0034179279,0.0201035475,0.0003939736,0.0000000000,0.0032431781,1.0000000000,0.0419278226,4.2217449840,1.002,1.000000,18.1765949701,0,0.1571525755
14.108434,2.4988759070,2.5310683000,0.5168029479,0.6420617536,-0.0358397929,-0.1252588056,0.1297912584,-0.0684560937,4.5494811354,0.2031065060,0.5124589906,0.9193169326,0.0014157426,0.0141379586,0.0003194478,0.0000000000,0.0032203303,1.0000000000,0.0419278226,2.9689713040,0.850,1.000000,18.1765949701,0,0.1547834283
14.116769,2.5031627785,2.5310683000,0.5118296016,0.6046746679,-0.0313405342,-0.0928450663,0.1295300872,-0.0273643542,4.9310087350,0.2023653780,0.5124642152,0.9193188131,0.0002256648,0.0076585147,0.0002367830,0.0000000000,0.0031956090,1.0000000000,0.0419278226,1.6082880939,0.699,1.000000,18.1765949701,0,0.1520876604
14.125142,2.5074264026,2.5310683000,0.5064797433,0.5663047393,-0.0268589398,-0.0598249960,0.1293062627,0.0143354607,5.0039777959,0.2009888468,0.5124650480,0.9193193269,0.0000616493,0.0011175730,0.0001525718,0.0000000000,0.0031688460,1.0000000000,0.0419278226,0.2346903238,0.547,1.000000,18.1765949701,1,0.1493886764
14.133471,2.5116211870,2.5295343192,0.5008110356,0.5270433170,-0.0209071397,-0.0262322814,0.1291320366,0.0595766546,5.4289432693,0.1998072007,0.5124652755,0.9193281650,0.0010605796,-0.0059303052,0.0000669003,0.0000000000,0.0031402958,0.7813371751,0.0419278226,-1.2453640996,0.699,1.000000,18.1765949701,1,0.1470631789
14.141753,2.5157443215,2.5295343192,0.4948340136,0.4869732603,-0.0165563768,0.0078607534,0.1289940668,0.1021742597,5.1117126035,0.1984661759,0.5124691892,0.9193540436,0.0031054217,-0.0124741785,-0.0000200473,-0.0000000000,0.0031099793,0.4231871956,0.0419278226,-2.6195774902,0.850,1.000000,18.1765949701,0,0.1454581036
14.150093,2.5198451874,2.5295343192,0.4884761938,0.4461697268,-0.0122237158,0.0423064670,0.1288922025,0.1451241948,5.1539922222,0.1978964797,0.5124806476,0.9194061514,0.0062529462,-0.0190149511,-0.0001078943,-0.0000000000,0.0030774912,0.1043528739,0.0419278226,-3.9931397306,1.002,1.000000,18.1765949701,0,0.1449403864
14.158423,2.5238867796,2.5295343192,0.4817912937,0.4069297646,-0.0079592107,0.0748615290,0.1288258757,0.1860831625,4.9150761237,0.1985743448,0.5125037154,0.9194920189,0.0103040900,-0.0253360973,-0.0001909195,-0.0000000000,0.0030430657,0.0000000000,0.0419278226,-5.3205804305,1.153,1.000000,18.1765949701,0,0.1457978716
14.166774,2.5278806701,2.5310683000,0.4747594336,0.3691080492,-0.0052844448,0.1056513844,0.1287818387,0.2221416803,4.3270221289,0.2006017878,0.5125417151,0.9196152224,0.0147844273,-0.0311051641,-0.0002694430,-0.0000000000,0.0030065601,0.0000000000,0.0419278226,-6.5320844520,1.305,1.000000,18.1765949701,1,0.1481279722
14.175096,2.5318016911,2.5295343192,0.4674255170,0.3348016386,0.0003654435,0.1326238784,0.1287848840,0.2603378554,4.5835410142,0.2053087499,0.5125962087,0.9197870955,0.0206247687,-0.0376412871,-0.0003382310,-0.0000000000,0.0029681671,0.0000000000,0.0419278226,-7.9046702947,1.456,1.000000,18.1765949701,1,0.1523117359
14.183432,2.5356660795,2.5295343192,0.4597603448,0.3036838059,0.0044066049,0.1560765389,0.1288216058,0.2918524718,3.7817539715,0.2121696908,0.5126721728,0.9197870955,0.0000000000,-0.0419278226,-0.0003980424,-0.0000000000,0.0029276931,0.0000000000,0.0419278226,-8.8048427556,1.607,1.000000,18.1765949701,1,0.1523117359
14.191787,2.5394742273,2.5295343192,0.4517605523,0.2754581919,0.0083750957,0.1763023604,0.1288913982,0.3200285348,3.3811275588,0.2127291967,0.5126721728,0.9197870955,0.0000000000,-0.0419278226,-0.0004496244,-0.0000000000,0.0028850762,0.0000000000,0.0419278226,-8.8048427556,1.759,1.000000,18.1765949701,2,0.1523117359
14.200130,2.5432089516,2.5295343192,0.4434615883,0.2498559817,0.0122552601,0.1936056066,0.1289935254,0.3451384898,3.0131945935,0.2131547568,0.5126721728,0.9197870955,0.0000000000,-0.0419278226,-0.0004937529,-0.0000000000,0.0028404617,0.1060961836,0.0419278226,-8.8048427556,1.910,1.000000,18.1765949701,3,0.1523117359
14.208438,2.5468579321,2.5295343192,0.4348947180,0.2266333456,0.0160361628,0.2082613724,0.1291271601,0.3674348989,2.6755690912,0.2134763957,0.5126721728,0.9197870955,0.0000000000,-0.0419278226,-0.0005311295,-0.0000000000,0.0027939785,0.3792772738,0.0419278226,-8.8048427556,2.062,1.000000,18.1765949701,2,0.1523117359
14.216767,2.5504433860,2.5295343192,0.4260089763,0.2055691162,0.0197412776,0.2204398601,0.1292916707,0.3871339601,2.3638873463,0.2137181012,0.5126721728,0.9197870955,0.0000000000,-0.0419278226,-0.0005621883,-0.0000000000,0.0027453085,0.6921321866,0.0419278226,-8.8048427556,2.213,1.000000,18.1765949701,3,0.1523117359
14.225104,2.5539570385,2.5295343192,0.4168223687,0.1864626824,0.0233634692,0.2303596863,0.1294863663,0.4044394382,2.0766573742,0.2138988442,0.5126721728,0.9197870955,0.0000000000,-0.0419278226,-0.0005874869,-0.0000000000,0.0026945057,0.9302819317,0.0419278226,-8.8048427556,2.365,1.000000,18.1765949701,2,0.1523117359
14.233442,2.5573931149,2.5295343192,0.4073492243,0.1691320786,0.0268979966,0.2382171456,0.1297105163,0.4195374918,1.8117664302,0.2140334547,0.5126721728,0.9197870955,0.0000000000,-0.0419278226,-0.0006075258,-0.0000000000,0.0026416066,1.0000000000,0.0419278226,-8.8048427556,2.516,1.000000,18.1765949701,1,0.1523117359
14.241750,2.5607369976,2.5295343192,0.3976325187,0.1534122520,0.0303311799,0.2442202667,0.1299632761,0.4326081484,1.5684787985,0.2141333227,0.5126721728,0.9197870955,0.0000000000,-0.0419278226,-0.0006228356,-0.0000000000,0.0025868131,1.0000000000,0.0419278226,-8.8048427556,2.668,1.000000,18.1765949701,2,0.1523117359
14.250092,2.5640126460,2.5295343192,0.3876021838,0.1391534903,0.0336878290,0.2484486935,0.1302440080,0.4437796957,1.3405856739,0.2142073261,0.5126721728,0.9197870955,0.0000000000,-0.0419278226,-0.0006336193,-0.0000000000,0.0025296898,1.0000000000,0.0419278226,-8.8048427556,2.819,1.000000,18.1765949701,2,0.1523117359
14.258434,2.5672032344,2.5295343192,0.3773064916,0.1262199962,0.0369518895,0.2510864954,0.1305519404,0.4532035581,1.1308634916,0.2142618849,0.5126721728,0.9197870955,0.0000000000,-0.0419278226,-0.0006403465,-0.0000000000,0.0024704695,1.0000000000,0.0419278226,-8.8048427556,2.971,1.000000,18.1765949701,4,0.1523117359
14.266767,2.5703036046,2.5295343192,0.3667630138,0.1144885939,0.0401189030,0.2522744199,0.1308862646,0.4610108315,0.9368728000,0.2143016899,0.5126721728,0.9197870955,0.0000000000,-0.0419278226,-0.0006433761,-0.0000000000,0.0024092175,1.0000000000,0.0419278226,-8.8048427556,3.122,1.000000,18.1765949701,2,0.1523117359
14.275140,2.5733291095,2.5295343192,0.3559164831,0.1038475560,0.0432048570,0.2520689271,0.1312463051,0.4672890610,0.7533875411,0.2143301575,0.5126721728,0.9197870955,0.0000000000,-0.0419278226,-0.0006428520,-0.0000000000,0.0023455740,1.0000000000,0.0419278226,-8.8048427556,3.274,1.000000,18.1765949701,3,0.1523117359
14.283440,2.5762376216,2.5295343192,0.3449213600,0.0941955398,0.0461682000,0.2507258202,0.1316310401,0.4722105209,0.5905751844,0.2143491200,0.5126721728,0.9197870955,0.0000000000,-0.0419278226,-0.0006394267,-0.0000000000,0.0022804165,1.0000000000,0.0419278226,-8.8048427556,3.425,1.000000,18.1765949701,3,0.1523117359
14.291773,2.5790653499,2.5295343192,0.3336448479,0.0854406213,0.0490456629,0.2482042266,0.1320397539,0.4758065803,0.4315271360,0.2143601212,0.5126721728,0.9197870955,0.0000000000,-0.0419278226,-0.0006329959,-0.0000000000,0.0022129322,1.0000000000,0.0419278226,-8.8048427556,3.577,1.000000,18.1765949701,1,0.1523117359
14.300106,2.5817975511,2.5295343192,0.3221421951,0.0774994208,0.0518229761,0.2446427744,0.1324716121,0.4781867056,0.2856150345,0.2143635893,0.5126721728,0.9197870955,0.0000000000,-0.0419278226,-0.0006239131,-0.0000000000,0.0021434206,1.0000000000,0.0419278226,-8.8048427556,3.728,1.000000,18.1765949701,5,0.1523117359
14.308428,2.5844301229,2.5295343192,0.3104319229,0.0702963079,0.0544964671,0.2401356151,0.1329257493,0.4794369008,0.1500234272,0.2143595014,0.5126721728,0.9197870955,0.0000000000,-0.0419278226,-0.0006124185,-0.0000000000,0.0020719704,1.0000000000,0.0419278226,-8.8048427556,3.880,1.000000,18.1765949701,2,0.1523117359
14.316782,2.5869734912,2.5295343192,0.2984651410,0.0637626817,0.0570769514,0.2347024593,0.1334013906,0.4795975926,0.0192830050,0.2143474271,0.5126721728,0.9197870955,0.0000000000,-0.0419278226,-0.0005985623,-0.0000000000,0.0019982594,1.0000000000,0.0419278226,-8.8048427556,4.031,1.000000,18.1765949701,3,0.1523117359
14.325096,2.5894046565,2.5295343192,0.2863511699,0.0578363175,0.0595417829,0.2285148524,0.1338975721,0.4787944003,-0.0963830692,0.2143265945,0.5126721728,0.9197870955,0.0000000000,-0.0419278226,-0.0005827820,-0.0000000000,0.0019229445,1.0000000000,0.0419278226,-8.8048427556,4.182,1.000000,18.1765949701,3,0.1523117359
14.333430,2.5917399035,2.5295343192,0.2740113051,0.0524607738,0.0619075671,0.2215505313,0.1344134685,0.4770372259,-0.2108609343,0.2142959863,0.5126721728,0.9197870955,0.0000000000,-0.0419278226,-0.0005650209,-0.0000000000,0.0018455246,1.0000000000,0.0419278226,-8.8048427556,4.334,1.000000,18.1765949701,5,0.1523117359
14.341758,2.5939697405,2.5295343192,0.2614938943,0.0475848550,0.0641651030,0.2139090393,0.1349481777,0.4744064495,-0.3156931576,0.2142544563,0.5126721728,0.9197870955,0.0000000000,-0.0419278226,-0.0005455328,-0.0000000000,0.0017662913,1.0000000000,0.0419278226,-8.8048427556,4.485,1.000000,18.1765949701,4,0.1523117359
14.350089,2.5960956240,2.5295343192,0.2487911245,0.0431621241,0.0663161110,0.2056290004,0.1355008119,0.4709432371,-0.4155854978,0.2142006849,0.5126721728,0.9197870955,0.0000000000,-0.0419278226,-0.0005244162,-0.0000000000,0.0016851894,1.0000000000,0.0419278226,-8.8048427556,4.637,1.000000,18.1765949701,4,0.1523117359
14.358418,2.5981143098,2.5295343192,0.2359221746,0.0391504599,0.0683575861,0.1967717147,0.1360704585,0.4667020203,-0.5089460172,0.2141333410,0.5126721728,0.9197870955,0.0000000000,-0.0419278226,-0.0005018274,-0.0000000000,0.0016023392,1.0000000000,0.0419278226,-8.8048427556,4.788,1.000000,18.1765949701,6,0.1523117359
14.366762,2.6000284177,2.5295343192,0.2228685063,0.0355116562,0.0702923652,0.1873568502,0.1366562282,0.4617072247,-0.5993754653,0.2140508799,0.5126721728,0.9197870955,0.0000000000,-0.0419278226,-0.0004778166,-0.0000000000,0.0015176224,1.0000000000,0.0419278226,-8.8048427556,4.940,1.000000,18.1765949701,4,0.1523117359
14.375095,2.6018308489,2.5295343192,0.2096777807,0.0322110577,0.0721135464,0.1774667230,0.1372571744,0.4560265256,-0.6816838871,0.2139520864,0.5126721728,0.9197870955,0.0000000000,-0.0419278226,-0.0004525938,-0.0000000000,0.0014313545,1.0000000000,0.0419278226,-8.8048427556,5.091,1.000000,18.1765949701,4,0.1523117359
14.383436,2.6035240290,2.5295343192,0.1963328593,0.0292172304,0.0738237337,0.1671156289,0.1378723722,0.4496784788,-0.7617656265,0.2138354066,0.5126721728,0.9197870955,0.0000000000,-0.0419278226,-0.0004261954,-0.0000000000,0.0013434350,1.0000000000,0.0419278226,-8.8048427556,5.243,1.000000,18.1765949701,5,0.1523117359
14.391788,2.6051076688,2.5295343192,0.1828325041,0.0265016616,0.0754227999,0.1563308426,0.1385008955,0.4426891928,-0.8387143143,0.2136993352,0.5126721728,0.9197870955,0.0000000000,-0.0419278226,-0.0003986909,-0.0000000000,0.0012538694,1.0000000000,0.0419278226,-8.8048427556,5.394,1.000000,18.1765949701,6,0.1523117359
14.400091,2.6065695827,2.5295343192,0.1692878452,0.0240384888,0.0768987065,0.1452493564,0.1391417181,0.4351707395,-0.9022143993,0.2135436178,0.5126721728,0.9197870955,0.0000000000,-0.0419278226,-0.0003704298,-0.0000000000,0.0011634187,1.0000000000,0.0419278226,-8.8048427556,5.546,1.000000,18.1765949701,4,0.1523117359
14.408431,2.6079241893,2.5295343192,0.1555681477,0.0218042534,0.0782660053,0.1337638943,0.1397939348,0.4270438504,-0.9752266945,0.2133655757,0.5126721728,0.9197870955,0.0000000000,-0.0419278226,-0.0003411384,-0.0000000000,0.0010712358,1.0000000000,0.0419278226,-8.8048427556,5.697,1.000000,18.1765949701,6,0.1523117359
14.416764,2.6091630343,2.5310683000,0.1417522181,0.0197776770,0.0779823820,0.1219745411,0.1404437880,0.4153320085,-1.4054210221,0.2128114092,0.5126721728,0.9197870955,0.0000000000,-0.0419278226,-0.0003110720,-0.0000000000,0.0009778755,1.0000000000,0.0419278226,-8.8048427556,5.849,1.000000,18.1765949701,4,0.1523117359
14.425121,2.6102894891,2.5295343192,0.1277978900,0.0179394589,0.0806532601,0.1098584312,0.1411158985,0.4091829963,-0.7378814685,0.2129401353,0.5126721728,0.9197870955,0.0000000000,-0.0419278226,-0.0002801722,-0.0000000000,0.0008830838,1.0000000000,0.0419278226,-8.8048427556,6.000,1.000000,18.1765949701,6,0.1523117359
14.433434,2.6112939147,2.5295343192,0.1138299542,0.0162720922,0.0816671576,0.0975578619,0.1417964581,0.3995670927,-1.1539084230,0.2126907647,0.5126721728,0.9197870955,0.0000000000,-0.0419278226,-0.0002488021,-0.0000000000,0.0007877463,1.0000000000,0.0419278226,-8.8048427556,6.152,1.000000,18.1765949701,6,0.1523117359
14.441753,2.6121823601,2.5295343192,0.0997764093,0.0147596975,0.0825641946,0.0850167118,0.1424844931,0.3894858942,-1.2097438282,0.2124153843,0.5126721728,0.9197870955,0.0000000000,-0.0419278226,-0.0002168183,-0.0000000000,0.0006914143,1.0000000000,0.0419278226,-8.8048427556,6.303,1.000000,18.1765949701,6,0.1523117359
14.450084,2.6129548084,2.5295343192,0.0856310713,0.0133878709,0.0833444359,0.0722432004,0.1431790300,0.3789467894,-1.2646925680,0.2121127712,0.5126721728,0.9197870955,0.0000000000,-0.0419278226,-0.0001842420,-0.0000000000,0.0005940870,1.0000000000,0.0419278226,-8.8048427556,6.455,1.000000,18.1765949701,7,0.1523117359
14.458425,2.6136097448,2.5295343192,0.0714127703,0.0121435474,0.0840064410,0.0592692229,0.1438790837,0.3679778413,-1.3162737760,0.2117822513,0.5126721728,0.9197870955,0.0000000000,-0.0419278226,-0.0001511544,-0.0000000000,0.0004959386,1.0000000000,0.0419278226,-8.8048427556,6.606,1.000000,18.1765949701,4,0.1523117359
14.466762,2.6141456836,2.5295343192,0.0571514713,0.0110148765,0.0845487915,0.0461365948,0.1445836570,0.3566170651,-1.3632931477,0.2114235846,0.5126721728,0.9197870955,0.0000000000,-0.0419278226,-0.0001176623,-0.0000000000,0.0003972242,1.0000000000,0.0419278226,-8.8048427556,6.757,1.000000,18.1765949701,6,0.1523117359
14.475103,2.6145627417,2.5295343192,0.0428436242,0.0099911089,0.0849716653,0.0328525153,0.1452917542,0.3448710316,-1.4095240195,0.2110358781,0.5126721728,0.9197870955,0.0000000000,-0.0419278226,-0.0000837839,-0.0000000000,0.0002979702,1.0000000000,0.0419278226,-8.8048427556,6.909,1.000000,18.1765949701,6,0.1523117359
14.483439,2.6148602014,2.5295343192,0.0285139423,0.0090624944,0.0852744003,0.0194514479,0.1460023742,0.3327719021,-1.4518955408,0.2106190471,0.5126721728,0.9197870955,0.0000000000,-0.0419278226,-0.0000496071,-0.0000000000,0.0001984006,1.0000000000,0.0419278226,-8.8048427556,7.060,1.000000,18.1765949701,5,0.1523117359
14.491773,2.6150380738,2.5295343192,0.0141691988,0.0082201891,0.0854570577,0.0059490097,0.1467145163,0.3203344283,-1.4924968503,0.2101726684,0.5126721728,0.9197870955,0.0000000000,-0.0419278226,-0.0000151718,-0.0000000000,0.0000986166,1.0000000000,0.0419278226,-8.8048427556,7.212,1.000000,18.1765949701,6,0.1523117359
14.500130,2.6150963442,2.5295343192,-0.0002235690,0.0074561711,0.0855196683,-0.0076797402,0.1474271802,0.3075327447,-1.5362020405,0.2096950833,0.5126721728,0.9197870955,0.0000000000,-0.0419278226,0.0000195857,0.0000000000,-0.0000015562,1.0000000000,0.0419278226,-8.8048427556,7.363,1.000000,18.1765949701,6,0.1523117359
14.508435,2.6150350818,2.5295343192,-0.0145282662,0.0067631641,0.0854623427,-0.0212914304,0.1481393664,0.2945094564,-1.5627945961,0.2091902991,0.5126721728,0.9197870955,0.0000000000,-0.0419278226,0.0000542996,0.0000000000,-0.0001011152,1.0000000000,0.0419278226,-8.8048427556,7.515,1.000000,18.1765949701,7,0.1523117359
14.516785,2.6148537722,2.5295343192,-0.0288992071,0.0061345680,0.0852846040,-0.0350337751,0.1488500715,0.2811149125,-1.6073452591,0.2086526890,0.5126721728,0.9197870955,0.0000000000,-0.0419278226,0.0000893467,0.0000000000,-0.0002010792,1.0000000000,0.0419278226,-8.8048427556,7.666,1.000000,18.1765949701,8,0.1523117359
14.525132,2.6145526555,2.5295343192,-0.0432460061,0.0055643962,0.0849867263,-0.0488104023,0.1495582942,0.2674450425,-1.6403843985,0.2080849492,0.5126721728,0.9197870955,0.0000000000,-0.0419278226,0.0001244813,0.0000000000,-0.0003007640,1.0000000000,0.0419278226,-8.8048427556,7.818,1.000000,18.1765949701,8,0.1523117359
14.533445,2.6141338165,2.5295343192,-0.0575060908,0.0050472185,0.0845708252,-0.0625533093,0.1502630511,0.2535710808,-1.6648754070,0.2074894081,0.5126721728,0.9199513184,0.0197067458,-0.0400834184,0.0001595299,0.0000000000,-0.0003996817,1.0000000000,0.0419278226,-8.4175178624,7.969,1.000000,18.1765949701,8,0.1559569474
14.541783,2.6135948646,2.5295343192,-0.0717677469,0.0045781093,0.0840345382,-0.0763458563,0.1509633389,0.2394039859,-1.7000513853,0.2119965627,0.5127446942,0.9200998562,0.0178245405,-0.0384794869,0.0001947050,0.0000000000,-0.0004983924,1.0000000000,0.0419278226,-8.0806922471,7.980,1.000000,18.1765949701,9,0.1588323471
14.550094,2.6129394705,2.5295343192,-0.0859352709,0.0041526012,0.0833815614,-0.0900878721,0.1516581852,0.2250503107,-1.7224410310,0.2153478485,0.5128102372,0.9202325310,0.0159209774,-0.0366447212,0.0002297513,0.0000000000,-0.0005961836,1.0000000000,0.0419278226,-7.6953914459,7.828,1.000000,18.1765949701,7,0.1609842279
14.558524,2.6121546625,2.5295343192,-0.1002454656,0.0037666414,0.0825989459,-0.1040121070,0.1523465098,0.2102505231,-1.7759745073,0.2176128658,0.5128687390,0.9203491640,0.0139959612,-0.0345700301,0.0002652623,0.0000000000,-0.0006946356,1.0000000000,0.0419278226,-7.2597063137,7.677,1.000000,18.1765949701,7,0.1624494425
14.566794,2.6112678499,2.5295343192,-0.1142151154,0.0034165544,0.0817141220,-0.1176316697,0.1530274608,0.1955451513,-1.7646446228,0.2188835443,0.5129201349,0.9204504574,0.0121552011,-0.0323738005,0.0002999963,0.0000000000,-0.0007903808,1.0000000000,0.0419278226,-6.7984981060,7.525,1.000000,18.1765949701,6,0.1632898632
14.575115,2.6102592772,2.5295343192,-0.1281932506,0.0030990059,0.0807073532,-0.1312922565,0.1537000221,0.1805483001,-1.7996221438,0.2192414827,0.5129647465,0.9205369069,0.0103739368,-0.0300248482,0.0003348350,0.0000000000,-0.0008857759,1.0000000000,0.0419278226,-6.3052181201,7.374,1.000000,18.1765949701,6,0.1635515990
14.583458,2.6091315978,2.5295343192,-0.1421207340,0.0028109716,0.0795813101,-0.1449317055,0.1543631997,0.1653264550,-1.8266214046,0.2187659937,0.5130028025,0.9206092856,0.0086854460,-0.0275614191,0.0003696197,0.0000000000,-0.0009803723,1.0000000000,0.0419278226,-5.7878980086,7.223,1.000000,18.1765949701,5,0.1632848242
14.591810,2.6078866781,2.5295343192,-0.1559658793,0.0025497084,0.0783378746,-0.1585155876,0.1550160153,0.1499168181,-1.8491564317,0.2175394998,0.5130346515,0.9206685709,0.0071142418,-0.0250155045,0.0004042627,0.0000000000,-0.0010739158,1.0000000000,0.0419278226,-5.2532559419,7.071,1.000000,18.1765949701,5,0.1625418776
14.601881,2.6062324674,2.5295343192,-0.1725164410,0.0023127281,0.0766850101,-0.1748291691,0.1556550570,0.1309507743,-2.2759252592,0.2154564066,0.5130607303,0.9207135070,0.0053923316,-0.0218661373,0.0004458673,0.0000000000,-0.0011850308,1.0000000000,0.0419278226,-4.5918888344,6.920,1.000000,18.1765949701,7,0.1612880717
14.612369,2.6043335011,2.5295343192,-0.1895686821,0.0020977737,0.0747872649,-0.1916664557,0.1562782842,0.1109590982,-2.3990011229,0.2126151479,0.5130804919,0.9207454785,0.0038365812,-0.0185503738,0.0004888074,0.0000000000,-0.0012986352,1.0000000000,0.0419278226,-3.8955784918,6.768,1.000000,18.1765949701,7,0.1595842784
14.621149,2.6026070286,2.5295343192,-0.2036860818,0.0019027980,0.0730619000,-0.2055888798,0.1568871334,0.0942104546,-2.0098372408,0.2093559618,0.5130945492,0.9207682856,0.0027368472,-0.0157732229,0.0005243138,0.0000000000,-0.0013919577,1.0000000000,0.0419278226,-3.3123768001,6.617,1.000000,18.1765949701,6,0.1575776689
14.636370,2.5993227737,2.5295343192,-0.2277863499,0.0017259442,0.0697786498,-0.2295122941,0.1574686222,0.0643398818,-3.5844687289,0.2049318562,0.5131045757,0.9207787703,0.0012581625,-0.0109980201,0.0005853258,0.0000000000,-0.0015496168,1.0000000000,0.0419278226,-2.3095842188,6.465,1.000000,18.1765949701,6,0.1551520216
14.651003,2.5958230848,2.5310683000,-0.2504655836,0.0015655279,0.0647458914,-0.2520311114,0.1580081712,0.0323580280,-3.8378224564,0.1995935528,0.5131091847,0.9207813756,0.0003126400,-0.0060107726,0.0006427556,0.0000000000,-0.0016959193,1.0000000000,0.0419278226,-1.2622622410,6.314,1.000000,18.1765949701,6,0.1524764029
14.661179,2.5931954448,2.5295343192,-0.2659281840,0.0014200213,0.0636530588,-0.2673482054,0.1585386134,0.0153936106,-2.0357300905,0.1953204702,0.5131103299,0.9207819568,0.0000697431,-0.0034373457,0.0006818188,0.0000000000,-0.0017944388,1.0000000000,0.0419278226,-0.7218425954,6.162,1.000000,18.1765949701,6,0.1497727924
14.668920,2.5910919087,2.5295343192,-0.2775098828,0.0012880387,0.0615502724,-0.2787979215,0.1590515323,0.0002735239,-1.8144104033,0.1909098237,0.5131105854,0.9207819570,0.0000000217,-0.0011972143,0.0007110190,0.0000000000,-0.0018675451,1.0000000000,0.0419278226,-0.2514150036,6.011,1.000000,18.1765949701,6,0.1470954609
14.675933,2.5891094156,2.5295343192,-0.2878602997,0.0011683232,0.0595684594,-0.2890286229,0.1595479362,-0.0134035796,-1.6412524172,0.1866426808,0.5131105854,0.9207823846,0.0000513174,0.0007692587,0.0007371104,0.0000000000,-0.0019323646,1.0000000000,0.0419278226,0.1615443207,5.859,1.000000,18.1765949701,5,0.1444825474
14.683015,2.5870341101,2.5295343192,-0.2981714514,0.0010597344,0.0574937708,-0.2992311859,0.1600270509,-0.0272540435,-1.6620556780,0.1824703964,0.5131107734,0.9207841269,0.0002090714,0.0027028670,0.0007631301,0.0000000000,-0.0019964417,1.0000000000,0.0419278226,0.5676020758,5.708,1.000000,18.1765949701,5,0.1419679443
14.690037,2.5849049668,2.5310683000,-0.3082487385,0.0009612384,0.0538312062,-0.3092099768,0.1604756443,-0.0440643528,-2.0172371046,0.1780615640,0.5131115393,0.9207886099,0.0005379613,0.0049943463,0.0007885790,0.0000000000,-0.0020585747,1.0000000000,0.0419278226,1.0488127189,5.556,1.000000,18.1765949701,6,0.1396070914
14.696784,2.5827929147,2.5295343192,-0.3177906408,0.0008718970,0.0532536425,-0.3186625378,0.1609194247,-0.0542263661,-1.2194415975,0.1746805906,0.5131135098,0.9207953162,0.0008047574,0.0063107022,0.0008126859,0.0000000000,-0.0021169493,1.0000000000,0.0419278226,1.3252474705,5.405,1.000000,18.1765949701,4,0.1373788333
14.703486,2.5806315025,2.5295343192,-0.3271283280,0.0007908593,0.0510926905,-0.3279191873,0.1613451971,-0.0673548336,-1.5754161034,0.1711010767,0.5131164575,0.9208055275,0.0012253604,0.0079975874,0.0008362931,0.0000000000,-0.0021736349,1.0000000000,0.0419278226,1.6794933473,5.253,1.000000,18.1765949701,6,0.1353336372
14.710393,2.5783391618,2.5310683000,-0.3365991959,0.0007173536,0.0472667867,-0.3373165495,0.1617390870,-0.0839620462,-1.9928655117,0.1673709611,0.5131209457,0.9208211760,0.0018778154,0.0101055590,0.0008602593,0.0000000000,-0.0022306764,1.0000000000,0.0419278226,2.1221673860,5.102,1.000000,18.1765949701,4,0.1335479572
14.717232,2.5760055638,2.5295343192,-0.3458203110,0.0006506798,0.0464675482,-0.3464709908,0.1621263165,-0.0943219478,-1.2431881952,0.1647390201,0.5131278231,0.9208407292,0.0023463884,0.0113625999,0.0008836058,0.0000000000,-0.0022857677,1.0000000000,0.0419278226,2.3861459695,4.950,1.000000,18.1765949701,4,0.1319581378
14.723954,2.5736510443,2.5295343192,-0.3547278235,0.0005902030,0.0441133723,-0.3553180264,0.1624939280,-0.1074818938,-1.5791935222,0.1620044530,0.5131364159,0.9208658561,0.0030152168,0.0129627532,0.0009061685,0.0000000000,-0.0023385609,1.0000000000,0.0419278226,2.7221781690,4.799,1.000000,18.1765949701,5,0.1306298775
14.730647,2.5712476873,2.5295343192,-0.3634398791,0.0005353471,0.0417103269,-0.3639752262,0.1628415140,-0.1205688049,-1.5704293270,0.1596099601,0.5131474568,0.9208971841,0.0037593708,0.0145385494,0.0009282469,0.0000000000,-0.0023897860,1.0000000000,0.0419278226,3.0530953689,4.648,1.000000,18.1765949701,4,0.1295854455
14.737874,2.5685877484,2.5295343192,-0.3726664781,0.0004855898,0.0390506707,-0.3731520679,0.1631669363,-0.1347068416,-1.6965644005,0.1575153832,0.5131612206,0.9209359734,0.0046547110,0.0162400284,0.0009516507,0.0000000000,-0.0024435886,1.0000000000,0.0419278226,3.4104059625,4.496,1.000000,18.1765949701,6,0.1288718137
14.745606,2.5656686647,2.5295343192,-0.3823257998,0.0004404571,0.0361318433,-0.3827662569,0.1634680350,-0.1498209236,-1.8136898483,0.1557780685,0.5131782594,0.9209836303,0.0057188273,0.0180653270,0.0009761698,0.0000000000,-0.0024994140,1.0000000000,0.0419278226,3.7937186765,4.345,1.000000,18.1765949701,3,0.1285398017
14.754255,2.5623162873,2.5295343192,-0.3928622168,0.0003995192,0.0327796985,-0.3932617360,0.1637411991,-0.1667044091,-2.0260182535,0.1544089936,0.5131991889,0.9210423164,0.0070423272,0.0201230098,0.0010029364,0.0000000000,-0.0025597167,1.0000000000,0.0419278226,4.2258320483,4.193,1.000000,18.1765949701,3,0.1286679806
14.762884,2.5588818252,2.5295343192,-0.4030860504,0.0003623862,0.0293454474,-0.4034484367,0.1639857445,-0.1834703988,-2.0119187614,0.1536025240,0.5132249550,0.9211131743,0.0085029514,0.0221967377,0.0010289156,0.0000000000,-0.0026176324,1.0000000000,0.0419278226,4.6613149224,4.042,1.000000,18.1765949701,4,0.1292881721
14.771615,2.5553183699,2.5295343192,-0.4131289488,0.0003287046,0.0257821834,-0.4134576534,0.1642005961,-0.2003444036,-2.0248805777,0.1533753447,0.5132560549,0.9211975894,0.0101298113,0.0243301278,0.0010544421,0.0000000000,-0.0026739427,0.9984655608,0.0419278226,5.1093268458,3.890,1.000000,18.1765949701,3,0.1304373859
14.778554,2.5524247073,2.5295343192,-0.4208889757,0.0002981534,0.0228886943,-0.4211871292,0.1643913352,-0.2136322706,-1.5945440381,0.1539771827,0.5132930905,0.9212938024,0.0115455616,0.0259973718,0.0010741546,0.0000000000,-0.0027170550,0.9067305984,0.0419278226,5.4594480854,3.739,1.000000,18.1765949701,5,0.1320210072
14.785466,2.5494892210,2.5295343192,-0.4284205786,0.0002704418,0.0199533655,-0.4286910205,0.1645576132,-0.2268017667,-1.5803395364,0.1550893599,0.5133352827,0.9214027200,0.0130701131,0.0275990088,0.0010932918,0.0000000000,-0.0027585634,0.7089870849,0.0419278226,5.7957918453,3.587,1.000000,18.1765949701,3,0.1340525671
14.792312,2.5465314092,2.5295343192,-0.4356804606,0.0002453059,0.0169956965,-0.4359257664,0.1646992440,-0.2397707883,-1.5562825970,0.1567264616,0.5133830213,0.9215252343,0.0147017222,0.0291923868,0.0011117426,0.0000000000,-0.0027982599,0.4607085633,0.0419278226,6.1304012334,3.436,1.000000,18.1765949701,4,0.1365411471
14.800088,2.5431124495,2.5295343192,-0.4436818853,0.0002225061,0.0135768662,-0.4439043914,0.1648123846,-0.2544276481,-1.7588231676,0.1587779417,0.5134366876,0.9216642914,0.0166868499,0.0310462142,0.0011320905,0.0000000000,-0.0028416513,0.1887582293,0.0419278226,6.5197049804,3.284,1.000000,18.1765949701,3,0.1395712789
14.808424,2.5393788837,2.5295343192,-0.4519664344,0.0002018255,0.0098434179,-0.4521682599,0.1648944131,-0.2700252608,-1.8717135261,0.1613764150,0.5134975595,0.9218224997,0.0189849926,0.0332304760,0.0011531659,0.0000000000,-0.0028861778,0.0117587892,0.0419278226,6.9783999609,3.133,1.000000,18.1765949701,3,0.1432036348
14.816771,2.5355727449,2.5295343192,-0.4599507595,0.0001830670,0.0060373858,-0.4601338265,0.1649447246,-0.2854999976,-1.8569684177,0.1646473899,0.5135667621,0.9220015827,0.0214899643,0.0357281499,0.0011734805,0.0000000000,-0.0029287029,0.0000000000,0.0419278226,7.5029114891,2.981,1.000000,18.1765949701,2,0.1474552313
14.825095,2.5317121448,2.5295343192,-0.4675979096,0.0001660520,0.0021768823,-0.4677639616,0.1649628653,-0.3007792050,-1.8335048838,0.1686054260,0.5136450279,0.9222033308,0.0242097625,0.0383742907,0.0011929396,0.0000000000,-0.0029690733,0.0000000000,0.0419278226,8.0586010369,2.830,1.000000,18.1765949701,1,0.1523381046
14.833422,2.5277875912,2.5295343192,-0.4749282710,0.0001506185,-0.0017475837,-0.4750788895,0.1649483021,-0.3159024823,-1.8147932796,0.1732521461,0.5137331130,0.9224297410,0.0271692337,0.0411762424,0.0012115949,0.0000000000,-0.0030074401,0.0000000000,0.0419278226,8.6470109072,2.678,1.000000,18.1765949701,1,0.1578643805
14.841752,2.5238023904,2.5295343192,-0.4819352430,0.0001366194,-0.0057327049,-0.4820718623,0.1649005296,-0.3308570121,-1.7945435734,0.1785926718,0.5138318569,0.9224297410,0.0000000000,0.0419278226,0.0012294291,0.0000000000,-0.0030438099,0.0000000000,0.0419278226,8.8048427556,2.527,1.000000,18.1765949701,2,0.1578643805
14.850086,2.5197577005,2.5295343192,-0.4886162398,0.0001239214,-0.0097773227,-0.4887401612,0.1648190519,-0.3456382628,-1.7737500917,0.1775703881,0.5138318569,0.9224297410,0.0000000000,0.0419278226,0.0012464353,0.0000000000,-0.0030782095,0.0104355571,0.0419278226,8.8048427556,2.375,1.000000,18.1765949701,3,0.1578643805
14.858426,2.5156560546,2.5295343192,-0.4949662749,0.0001124036,-0.0138789031,-0.4950786785,0.1647033943,-0.3602365629,-1.7517960034,0.1765639898,0.5138318569,0.9224297410,0.0000000000,0.0419278226,0.0012626004,0.0000000000,-0.0031106525,0.2099830832,0.0419278226,8.8048427556,2.224,1.000000,18.1765949701,1,0.1578643805
14.866753,2.5115092097,2.5295343192,-0.5009676953,0.0001019564,-0.0180256887,-0.5010696517,0.1645531803,-0.3746111706,-1.7249529339,0.1755769274,0.5138318569,0.9224297410,0.0000000000,0.0419278226,0.0012778792,0.0000000000,-0.0031410875,0.5491232819,0.0419278226,8.8048427556,2.073,1.000000,18.1765949701,2,0.1578643805
14.875091,2.5073083744,2.5295343192,-0.5066333675,0.0000924801,-0.0222264702,-0.5067258477,0.1643679597,-0.3887927552,-1.7017901510,0.1746076652,0.5138318569,0.9224297410,0.0000000000,0.0419278226,0.0012923042,0.0000000000,-0.0031696169,0.8693152320,0.0419278226,8.8048427556,1.921,1.000000,18.1765949701,2,0.1578643805
14.883417,2.5030675194,2.5295343192,-0.5119444887,0.0000838847,-0.0264672763,-0.5120283734,0.1641473991,-0.4027350055,-1.6730700294,0.1736599749,0.5138318569,0.9224297410,0.0000000000,0.0419278226,0.0013058273,0.0000000000,-0.0031961818,1.0000000000,0.0419278226,8.8048427556,1.770,1.000000,18.1765949701,2,0.1578643805
14.891774,2.4987681597,2.5295343192,-0.5169228125,0.0000760881,-0.0307665917,-0.5169989006,0.1638910108,-0.4164967845,-1.6514134847,0.1727303392,0.5138318569,0.9224297410,0.0000000000,0.0419278226,0.0013185036,0.0000000000,-0.0032209243,1.0000000000,0.0419278226,8.8048427556,1.618,1.000000,18.1765949701,3,0.1578643805
14.900092,2.4944489745,2.5295343192,-0.5215241613,0.0000690161,-0.0350857368,-0.5215931774,0.1635986296,-0.4299571854,-1.6152481087,0.1718275829,0.5138318569,0.9224297410,0.0000000000,0.0419278226,0.0013302204,0.0000000000,-0.0032436572,1.0000000000,0.0419278226,8.8048427556,1.467,1.000000,18.1765949701,3,0.1578643805
14.908428,2.4900836373,2.5295343192,-0.5257780896,0.0000626015,-0.0394510375,-0.5258406911,0.1632698710,-0.4431983586,-1.5889407764,0.1709465301,0.5138318569,0.9224297410,0.0000000000,0.0419278226,0.0013410528,0.0000000000,-0.0032645572,1.0000000000,0.0419278226,8.8048427556,1.315,1.000000,18.1765949701,0,0.1578643805
14.916761,2.4856858901,2.5295343192,-0.5296701539,0.0000567831,-0.0438487517,-0.5297269370,0.1629044647,-0.4561787733,-1.5576497686,0.1700904757,0.5138318569,0.9224297410,0.0000000000,0.0419278226,0.0013509639,0.0000000000,-0.0032835814,1.0000000000,0.0419278226,8.8048427556,1.164,1.000000,18.1765949701,0,0.1578643805
14.925114,2.4812466562,2.5310683000,-0.5332071995,0.0000515054,-0.0498219364,-0.5332587049,0.1624892819,-0.4719826767,-1.8964684075,0.1688002278,0.5138318569,0.9224297410,0.0000000000,0.0419278226,0.0013599710,0.0000000000,-0.0033007889,1.0000000000,0.0419278226,8.8048427556,1.012,1.000000,18.1765949701,0,0.1578643805
14.933425,2.4768018580,2.5295343192,-0.5363621418,0.0000467183,-0.0527327266,-0.5364088601,0.1620498425,-0.4813469699,-1.1237151903,0.1684565768,0.5138318569,0.9224297410,0.0000000000,0.0419278226,0.0013680049,0.0000000000,-0.0033160721,1.0000000000,0.0419278226,8.8048427556,0.861,1.000000,18.1765949701,1,0.1578643805
14.941757,2.4723209046,2.5295343192,-0.5391581232,0.0000423761,-0.0572136554,-0.5392004993,0.1615730621,-0.4935078625,-1.4593071095,0.1676803936,0.5138318569,0.9224297410,0.0000000000,0.0419278226,0.0013751244,0.0000000000,-0.0033295648,1.0000000000,0.0419278226,8.8048427556,0.709,1.000000,18.1765949701,1,0.1578643805
14.950102,2.4678111523,2.5295343192,-0.5415881937,0.0000384375,-0.0617233853,-0.5416266312,0.1610587005,-0.5053975038,-1.4267569491,0.1669314341,0.5138318569,0.9224297410,0.0000000000,0.0419278226,0.0013813118,0.0000000000,-0.0033412524,1.0000000000,0.0419278226,8.8048427556,0.558,1.000000,18.1765949701,1,0.1578643805
14.958426,2.4632944215,2.5295343192,-0.5436411865,0.0000348650,-0.0662400958,-0.5436760515,0.1605066997,-0.5169614110,-1.3876688647,0.1662135712,0.5138318569,0.9224297410,0.0000000000,0.0419278226,0.0013865384,0.0000000000,-0.0033510978,1.0000000000,0.0419278226,8.8048427556,0.406,1.000000,18.1765949701,0,0.1578643805
14.966763,2.4587543423,2.5295343192,-0.5453250409,0.0000316245,-0.0707801566,-0.5453566653,0.1599168651,-0.5282401914,-1.3534536547,0.1655244287,0.5138318569,0.9224297410,0.0000000000,0.0419278226,0.0013908245,0.0000000000,-0.0033591535,1.0000000000,0.0419278226,8.8048427556,0.255,1.000000,18.1765949701,0,0.1578643805
14.975095,2.4542050119,2.5295343192,-0.5466339559,0.0000286852,-0.0753294703,-0.5466626411,0.1592891195,-0.5392000920,-1.3151880706,0.1648664417,0.5138318569,0.9224297410,0.0000000000,0.0419278226,0.0013941551,0.0000000000,-0.0033654032,1.0000000000,0.0419278226,8.8048427556,0.103,1.000000,18.1765949701,0,0.1578643805
14.983455,2.4496310944,2.5295343192,-0.5475708533,0.0000260190,-0.0799033727,-0.5475968724,0.1586232581,-0.5498746655,-1.2809488187,0.1642377463,0.5138318569,0.9224297410,0.0000000000,0.0419278226,0.0013965377,0.0000000000,-0.0033698701,1.0000000000,0.0419278226,8.8048427556,-0.048,1.000000,18.1765949701,0,0.1578643805
14.991774,2.4450735386,2.5295343192,-0.5481282556,0.0000236007,-0.0844609147,-0.5481518563,0.1579194171,-0.5601749496,-1.2360340927,0.1636440820,0.5138318569,0.9224297410,0.0000000000,0.0419278226,0.0013979531,0.0000000000,-0.0033725251,1.0000000000,0.0419278226,8.8048427556,-0.200,1.000000,18.1765949701,0,0.1578643805
15.000108,2.4405040075,2.5280003384,-0.5483113238,0.0000214072,-0.0874964525,-0.5483327310,0.1571902800,-0.5671033673,-0.8314101167,0.1635470363,0.5138318569,0.9224297410,0.0000000000,0.0419278226,0.0013984144,0.0000000000,-0.0033733967,1.0000000000,0.0419278226,8.8048427556,-0.351,1.000000,18.1765949701,0,0.1578643805
15.008432,2.4359405975,2.5280003384,-0.5481189864,0.0000194175,-0.0920598512,-0.5481384039,0.1564231146,-0.5767284127,-1.1550054490,0.1630194347,0.5138318569,0.9224297410,0.0000000000,0.0419278226,0.0013979188,0.0000000000,-0.0033724810,1.0000000000,0.0419278226,8.8048427556,-0.503,1.000000,18.1765949701,0,0.1578643805
15.016758,2.4313791416,2.5280003384,-0.5475516684,0.0000176128,-0.0966212969,-0.5475692811,0.1556179371,-0.5860122655,-1.1140623387,0.1625252511,0.5138318569,0.9224297410,0.0000000000,0.0419278226,0.0013964673,0.0000000000,-0.0033697787,1.0000000000,0.0419278226,8.8048427556,-0.654,1.000000,18.1765949701,0,0.1578643805
15.025093,2.4268186848,2.5280003384,-0.5466084482,0.0000159758,-0.1011817444,-0.5466244239,0.1547747559,-0.5949558751,-1.0732331484,0.1620645723,0.5138318569,0.9224297410,0.0000000000,0.0419278226,0.0013940577,0.0000000000,-0.0033652815,1.0000000000,0.0419278226,8.8048427556,-0.805,1.000000,18.1765949701,0,0.1578643805
15.033441,2.4222611606,2.5280003384,-0.5452882630,0.0000144909,-0.1057392601,-0.5453027539,0.1538935954,-0.6035542987,-1.0318108362,0.1616378234,0.5138318569,0.9224297410,0.0000000000,0.0419278226,0.0013906870,0.0000000000,-0.0033589777,1.0000000000,0.0419278226,8.8048427556,-0.957,1.000000,18.1765949701,0,0.1578643805
15.041775,2.4177233288,2.5264663576,-0.5435960471,-0.0022157317,-0.1087304418,-0.5413803153,0.1529875084,-0.6064657931,-0.3493793263,0.1619494510,0.5138318569,0.9224297410,0.0000000000,0.0419278226,0.0013806836,0.0000000000,-0.0033508816,1.0000000000,0.0419278226,8.8048427556,-1.108,1.000000,18.1765949701,0,0.1578643805
15.050083,2.4132154947,2.5249323769,-0.5415383359,-0.0042386683,-0.1116928033,-0.5372996676,0.1520567350,-0.6091861834,-0.3264468411,0.1622786075,0.5138318569,0.9224297410,0.0000000000,0.0419278226,0.0013702767,0.0000000000,-0.0033410129,1.0000000000,0.0419278226,8.8048427556,-1.260,1.000000,18.1765949701,0,0.1578643805
15.058421,2.4087098070,2.5249323769,-0.5391021367,-0.0083024608,-0.1161754056,-0.5307996760,0.1510886067,-0.6125432619,-0.4028494218,0.1623837419,0.5138318569,0.9224297410,0.0000000000,0.0419278226,0.0013536998,0.0000000000,-0.0033292951,1.0000000000,0.0419278226,8.8048427556,-1.411,1.000000,18.1765949701,0,0.1578643805
15.066759,2.4042265824,2.5233983961,-0.5362964155,-0.0119885477,-0.1191037096,-0.5243078678,0.1500960757,-0.6128457496,-0.0362985156,0.1629601332,0.5138318569,0.9224297410,0.0000000000,0.0419278226,0.0013371437,0.0000000000,-0.0033157543,1.0000000000,0.0419278226,8.8048427556,-1.563,1.000000,18.1765949701,0,0.1578643805
15.075105,2.3997636944,2.5233983961,-0.5331193249,-0.0153320346,-0.1235476040,-0.5177872902,0.1490665124,-0.6161659463,-0.3984236099,0.1630617106,0.5138318569,0.9224297410,0.0000000000,0.0419278226,0.0013205142,0.0000000000,-0.0033003623,1.0000000000,0.0419278226,8.8048427556,-1.714,1.000000,18.1765949701,-1,0.1578643805
15.083426,2.3953418670,2.5218644153,-0.5295867253,-0.0205936400,-0.1264055607,-0.5089930853,0.1480131327,-0.6140863273,0.2495542799,0.1638772991,0.5138318569,0.9224297410,0.0000000000,0.0419278226,0.0012980864,0.0000000000,-0.0032831746,1.0000000000,0.0419278226,8.8048427556,-1.866,1.000000,18.1765949701,-2,0.1578643805
15.091768,2.3909402739,2.5187964537,-0.5256822773,-0.0275950861,-0.1276994187,-0.4980871912,0.1469489709,-0.6067993510,0.8744371593,0.1653929439,0.5138318569,0.9224297410,0.0000000000,0.0419278226,0.0012702730,0.0000000000,-0.0032640877,1.0000000000,0.0419278226,8.8048427556,-2.017,1.000000,18.1765949701,-1,0.1578643805
15.100101,2.3865769484,2.5157284921,-0.5214211160,-0.0361746649,-0.1289460440,-0.4852464511,0.1458744205,-0.5974939681,1.1166459503,0.1671142888,0.5138318569,0.9224297410,0.0000000000,0.0419278226,0.0012375253,0.0000000000,-0.0032431495,1.0000000000,0.0419278226,8.8048427556,-2.169,1.000000,18.1765949701,-1,0.1578643805
15.108434,2.3822509890,2.5126605306,-0.5168029802,-0.0461856984,-0.1301471716,-0.4706172817,0.1447898608,-0.5863196672,1.3409161041,0.1690240786,0.5138318569,0.9224297410,0.0000000000,0.0419278226,0.0012002164,0.0000000000,-0.0032203305,1.0000000000,0.0419278226,8.8048427556,-2.320,1.000000,18.1765949701,-2,0.1578643805
15.116790,2.3779533597,2.5080585882,-0.5118166495,-0.0574951414,-0.1297786123,-0.4543215082,0.1437083723,-0.5703583354,1.9153598124,0.1715983483,0.5138318569,0.9224297410,0.0000000000,0.0419278226,0.0011586573,0.0000000000,-0.0031955444,1.0000000000,0.0419278226,8.8048427556,-2.472,1.000000,18.1765949701,-2,0.1578643805
15.125102,2.3737211092,2.5034566458,-0.5065066371,-0.0722111900,-0.1293253221,-0.4342954471,0.1426306613,-0.5504947159,2.3836343479,0.1745629744,0.5138318569,0.9224297410,0.0000000000,0.0419278226,0.0011075848,0.0000000000,-0.0031689809,1.0000000000,0.0419278226,8.8048427556,-2.623,1.000000,18.1765949701,-1,0.1578643805
15.133444,2.3695188501,2.5003886843,-0.5008294763,-0.0900172205,-0.1303584678,-0.4108122558,0.1415443407,-0.5301345171,2.4432238467,0.1773745586,0.5138318569,0.9224297410,0.0000000000,0.0419278226,0.0010476955,0.0000000000,-0.0031403890,1.0000000000,0.0419278226,8.8048427556,-2.775,1.000000,18.1765949701,-2,0.1578643805
15.141854,2.3653322049,2.4942527611,-0.4947584967,-0.1128549131,-0.1282794543,-0.3819035836,0.1404753453,-0.4981510060,3.8380213333,0.1817137483,0.5138318569,0.9224297410,0.0000000000,0.0419278226,0.0009739697,0.0000000000,-0.0031095948,1.0000000000,0.0419278226,8.8048427556,-2.926,1.000000,18.1765949701,-2,0.1578643805
15.150075,2.3612907352,2.4881168380,-0.4884906986,-0.1380277288,-0.1260420001,-0.3504629697,0.1394249953,-0.4633025048,4.1818201485,0.1862928838,0.5138318569,0.9224297410,0.0000000000,0.0419278226,0.0008937866,0.0000000000,-0.0030775656,1.0000000000,0.0419278226,8.8048427556,-3.078,1.000000,18.1765949701,-3,0.1578643805
15.158415,2.3572442097,2.4819809148,-0.4817983297,-0.1675475075,-0.1237849076,-0.3142508222,0.1383934544,-0.4236249214,4.7613100047,0.1912801517,0.5138318569,0.9224297410,0.0000000000,0.0419278226,0.0008014347,0.0000000000,-0.0030431021,1.0000000000,0.0419278226,8.8048427556,-3.229,1.000000,18.1765949701,-3,0.1578643805
15.166777,2.3532446326,2.4743110109,-0.4747565940,-0.1987813489,-0.1199371487,-0.2759752452,0.1373939781,-0.3786932278,5.3918032364,0.1969027662,0.5138318569,0.9224297410,0.0000000000,0.0419278226,0.0007038204,0.0000000000,-0.0030065453,1.0000000000,0.0419278226,8.8048427556,-3.380,1.000000,18.1765949701,-2,0.1578643805
15.175087,2.3493294090,2.4666411069,-0.4674336716,-0.2337988167,-0.1159835425,-0.2336348549,0.1364274486,-0.3294540211,5.9087048054,0.2027939973,0.5138318569,0.9224297410,0.0000000000,0.0419278226,0.0005958396,0.0000000000,-0.0029682100,1.0000000000,0.0419278226,8.8048427556,-3.532,1.000000,18.1765949701,-1,0.1578643805
15.183422,2.3454653346,2.4589712030,-0.4597696276,-0.2722482454,-0.1119592910,-0.1875213822,0.1354944545,-0.2762683627,6.3822790080,0.2088546134,0.5138318569,0.9226255474,0.0234967596,0.0412521451,0.0004782363,0.0000000000,-0.0029277424,1.0000000000,0.0419278226,8.6629504672,-3.683,1.000000,18.1765949701,-3,0.1623806606
15.191851,2.3416234617,2.4513012990,-0.4516974876,-0.3115817785,-0.1079078155,-0.1401157091,0.1345952227,-0.2217031459,6.5478260130,0.2209742063,0.5139171608,0.9227566096,0.0157274634,0.0339295163,0.0003573374,0.0000000000,-0.0028847387,1.0000000000,0.0419278226,7.1251984259,-3.835,1.000000,18.1765949701,-4,0.1643385891
15.200094,2.3379337007,2.4420974143,-0.4434976447,-0.3517172439,-0.1021656918,-0.0917804008,0.1337438420,-0.1628034830,7.0679595428,0.2301872042,0.5139742104,0.9228293187,0.0087250983,0.0249387405,0.0002340678,0.0000000000,-0.0028406564,1.0000000000,0.0419278226,5.2371354955,-3.986,1.000000,18.1765949701,-3,0.1640986415
15.208425,2.3342748144,2.4328935296,-0.4349089002,-0.3925801067,-0.0963885611,-0.0423287935,0.1329406040,-0.1026705263,7.2159548076,0.2361430965,0.5140058431,0.9228587589,0.0035328228,0.0150004860,0.0001079512,0.0000000000,-0.0027940558,1.0000000000,0.0419278226,3.1501020546,-3.835,1.000000,18.1765949701,-3,0.1622675088
15.216754,2.3306891457,2.4252236256,-0.4260233961,-0.4363316354,-0.0920557838,0.0103082393,0.1321734724,-0.0421850271,7.2582599042,0.2390304121,0.5140186478,0.9228637718,0.0006015510,0.0045581375,-0.0000262891,-0.0000000000,-0.0027453879,1.0000000000,0.0419278226,0.9572088688,-3.683,1.000000,18.1765949701,-5,0.1595573057
15.225105,2.3271696280,2.4144857601,-0.4168218304,-0.4804744697,-0.0845866711,0.0636526393,0.1314685835,0.0252979758,8.0979603521,0.2410906168,0.5140208280,0.9228655856,0.0002176538,-0.0072792679,-0.0001623335,-0.0000000000,-0.0026945027,1.0000000000,0.0419278226,-1.5286462646,-3.532,1.000000,18.1765949701,-3,0.1567753294
15.233426,2.3237401721,2.4037478946,-0.4073673960,-0.5249722402,-0.0770254802,0.1176048442,0.1308267045,0.0936337815,8.2002966864,0.2423515665,0.5140216168,0.9228905250,0.0029927265,-0.0193708150,-0.0002999279,-0.0000000000,-0.0026417086,1.0000000000,0.0419278226,-4.0678711402,-3.380,1.000000,18.1765949701,-4,0.1549576928
15.241760,2.3203857536,2.3945440099,-0.3976202415,-0.5697919576,-0.0709214039,0.1721717161,0.1302356928,0.1597405826,7.9328161305,0.2439507679,0.5140324621,0.9229634508,0.0087510932,-0.0311861538,-0.0004390900,-0.0000000000,-0.0025867436,1.0000000000,0.0419278226,-6.5490923010,-3.229,1.000000,18.1765949701,-2,0.1551072743
15.250095,2.3171133237,2.3853401252,-0.3875993632,-0.6126748231,-0.0647463417,0.2250754599,0.1302356928,0.2249079999,7.8200900679,0.2480318219,0.5140641670,0.9229634508,0.0000000000,-0.0419278226,-0.0005740105,-0.0000000000,-0.0025296737,1.0000000000,0.0419278226,-8.8048427556,-3.078,1.000000,18.1765949701,-2,0.1551072743
15.258425,2.3139270145,2.3746022596,-0.3773176941,-0.6560297314,-0.0569484965,0.2787120372,0.1302356928,0.2940310977,8.2947717449,0.2516647404,0.5140641670,0.9229634508,0.0000000000,-0.0419278226,-0.0007108000,-0.0000000000,-0.0024705343,1.0000000000,0.0419278226,-8.8048427556,-2.926,1.000000,18.1765949701,-2,0.1551072743
15.266840,2.3107964991,2.3653983749,-0.3666695531,-0.6975839330,-0.0506390677,0.3309143799,0.1302356928,0.3587639662,7.7679442174,0.2542131689,0.5140641670,0.9229634508,0.0000000000,-0.0419278226,-0.0008439318,-0.0000000000,-0.0024086718,1.0000000000,0.0419278226,-8.8048427556,-2.775,1.000000,18.1765949701,-3,0.1551072743
15.275094,2.3078139927,2.3561944902,-0.3559762456,-0.7352759174,-0.0442035702,0.3792996718,0.1302356928,0.4199301560,7.3399427727,0.2561971788,0.5140641670,0.9229634508,0.0000000000,-0.0419278226,-0.0009673289,-0.0000000000,-0.0023459264,1.0000000000,0.0419278226,-8.8048427556,-2.623,1.000000,18.1765949701,-2,0.1551072743
15.283424,2.3048946433,2.3454566247,-0.3449423144,-0.7716935304,-0.0361781743,0.4267512161,0.1302356928,0.4833201365,7.6067976634,0.2580361111,0.5140641670,0.9229634508,0.0000000000,-0.0419278226,-0.0010883447,-0.0000000000,-0.0022805413,1.0000000000,0.0419278226,-8.8048427556,-2.472,1.000000,18.1765949701,-2,0.1551072743
15.291759,2.3020661826,2.3362527399,-0.3336639617,-0.8069552175,-0.0296024370,0.4732912557,0.1302356928,0.5429195906,7.1519344904,0.2589432734,0.5140641670,0.9229634508,0.0000000000,-0.0419278226,-0.0012070359,-0.0000000000,-0.0022130472,1.0000000000,0.0419278226,-8.8048427556,-2.320,1.000000,18.1765949701,-2,0.1551072743
15.300085,2.2993358370,2.3270488552,-0.3221704103,-0.8389395392,-0.0229472025,0.5167691289,0.1302356928,0.5996147593,6.8034202456,0.2594399846,0.5140641670,0.9229634508,0.0000000000,-0.0419278226,-0.0013179176,-0.0000000000,-0.0021435919,0.9097871952,0.0419278226,-8.8048427556,-2.169,1.000000,18.1765949701,-1,0.1551072743
15.308425,2.2966976755,2.3178449705,-0.3104361826,-0.8679511074,-0.0162166715,0.5575149247,0.1302356928,0.6537273897,6.4935156469,0.2595886793,0.5140641670,0.9229634508,0.0000000000,-0.0419278226,-0.0014218317,-0.0000000000,-0.0020719965,0.3944316459,0.0419278226,-8.8048427556,-2.017,1.000000,18.1765949701,-2,0.1551072743
15.316762,2.2941593788,2.3086410858,-0.2984942025,-0.8942662218,-0.0094015936,0.5957720194,0.1302356928,0.7055192292,6.2150207421,0.2594429566,0.5140641670,0.9229634508,0.0000000000,-0.0419278226,-0.0015193989,-0.0000000000,-0.0019984392,0.0043708188,0.0419278226,-8.8048427556,-1.866,1.000000,18.1765949701,-2,0.1551072743
15.325089,2.2917240931,2.2994372010,-0.2863608271,-0.9159066262,-0.0025100606,0.6295457991,0.1302356928,0.7529795934,5.6952437056,0.2591971612,0.5140641670,0.9229634508,0.0000000000,-0.0419278226,-0.0016055322,-0.0000000000,-0.0019230048,0.0000000000,0.0419278226,-8.8048427556,-1.714,1.000000,18.1765949701,-1,0.1551072743
15.333426,2.2893879634,2.2902333163,-0.2740167496,-0.9355356829,0.0044692024,0.6615189334,0.1302729362,0.7988502678,5.5044809278,0.2587457487,0.5140641670,0.9229634508,0.0000000000,-0.0419278226,-0.0016870734,-0.0000000000,-0.0018455589,0.0000000000,0.0419278226,-8.8048427556,-1.563,1.000000,18.1765949701,-2,0.1551072743
15.341765,2.2871550640,2.2825634124,-0.2614819513,-0.9533403349,0.0100073509,0.6918583836,0.1303563307,0.8402707121,4.9704533098,0.2578435114,0.5140641670,0.9229634508,0.0000000000,-0.0419278226,-0.0017644482,-0.0000000000,-0.0017662154,0.0153632063,0.0419278226,-8.8048427556,-1.411,1.000000,18.1765949701,-1,0.1551072743
15.350183,2.2850078911,2.2748935084,-0.2486469902,-0.9672612740,0.0156091635,0.7186142838,0.1304864071,0.8782800737,4.5611233930,0.2569904679,0.5140641670,0.9229634508,0.0000000000,-0.0419278226,-0.0018326838,-0.0000000000,-0.0016842652,0.3438680226,0.0419278226,-8.8048427556,-1.260,1.000000,18.1765949701,-1,0.1551072743
15.358427,2.2830105432,2.2672236045,-0.2359088998,-0.9776594683,0.0213407893,0.7417505686,0.1306642470,0.9129747262,4.1633583006,0.2562469100,0.5140641670,0.9229634508,0.0000000000,-0.0419278226,-0.0018916884,-0.0000000000,-0.0016022534,0.8120049353,0.0419278226,-8.8048427556,-1.108,1.000000,18.1765949701,-1,0.1551072743
15.366759,2.2810991801,2.2610876813,-0.2228736670,-0.9826334604,0.0255936054,0.7597597934,0.1308775271,0.9396403484,3.1998746596,0.2555866083,0.5140641670,0.9229634508,0.0000000000,-0.0419278226,-0.0019376173,-0.0000000000,-0.0015176560,0.9966900713,0.0419278226,-8.8048427556,-0.957,1.000000,18.1765949701,-1,0.1551072743
15.375087,2.2792977656,2.2549517582,-0.2096910454,-0.9849162735,0.0299410822,0.7752252281,0.1311270361,0.9639859001,2.9214662079,0.2550644329,0.5140641670,0.9229634508,0.0000000000,-0.0419278226,-0.0019770589,-0.0000000000,-0.0014314416,1.0000000000,0.0419278226,-8.8048427556,-0.805,1.000000,18.1765949701,-1,0.1551072743
15.383499,2.2775903780,2.2488158350,-0.1962307569,-0.9825291611,0.0343560571,0.7862984042,0.1314133366,0.9841095227,2.4148347170,0.2548943561,0.5140641670,0.9229634508,0.0000000000,-0.0419278226,-0.0020052988,-0.0000000000,-0.0013427600,1.0000000000,0.0419278226,-8.8048427556,-0.654,1.000000,18.1765949701,-1,0.1551072743
15.391760,2.2760243385,2.2442138927,-0.1828781553,-0.9759061651,0.0373543363,0.7930280098,0.1317246227,0.9971006541,1.5589357652,0.2548989913,0.5140641670,0.9229634508,0.0000000000,-0.0419278226,-0.0020224613,-0.0000000000,-0.0012541732,1.0000000000,0.0419278226,-8.8048427556,-0.503,1.000000,18.1765949701,-1,0.1551072743
15.400094,2.2745568864,2.2396119503,-0.1692839933,-0.9654409859,0.0404293763,0.7961569926,0.1320615342,1.0066688777,1.1481868284,0.2552457248,0.5140641670,0.9229634508,0.0000000000,-0.0419278226,-0.0020304412,-0.0000000000,-0.0011633929,1.0000000000,0.0419278226,-8.8048427556,-0.351,1.000000,18.1765949701,-1,0.1551072743
15.408426,2.2732034010,2.2365439887,-0.1555758268,-0.9492618558,0.0420519428,0.7936860290,0.1324119670,1.0077658750,0.1316396730,0.2559581322,0.5140641670,0.9229634508,0.0000000000,-0.0419278226,-0.0020241395,-0.0000000000,-0.0010712876,1.0000000000,0.0419278226,-8.8048427556,-0.200,1.000000,18.1765949701,-1,0.1551072743
15.416760,2.2719642844,2.2334760272,-0.1417575196,-0.9301287286,0.0437720969,0.7883712090,0.1327767345,1.0062269598,-0.1846698241,0.2569574732,0.5140641670,0.9229634508,0.0000000000,-0.0419278226,-0.0020105851,-0.0000000000,-0.0009779114,1.0000000000,0.0419278226,-8.8048427556,-0.048,1.000000,18.1765949701,-1,0.1551072743
15.425088,2.2708415797,2.2319420464,-0.1278529525,-0.9060872851,0.0440467993,0.7782343326,0.1331437912,0.9969975782,-1.1075257846,0.2582449319,0.5140641670,0.9229634508,0.0000000000,-0.0419278226,-0.0019847330,-0.0000000000,-0.0008834588,1.0000000000,0.0419278226,-8.8048427556,0.103,1.000000,18.1765949701,0,0.1551072743
15.433427,2.2698337766,2.2319420464,-0.1138421555,-0.8753648485,0.0428644694,0.7615226929,0.1335009951,0.9782900519,-2.2449031635,0.2599729658,0.5140641670,0.9229634508,0.0000000000,-0.0419278226,-0.0019421133,-0.0000000000,-0.0007878297,1.0000000000,0.0419278226,-8.8048427556,0.255,1.000000,18.1765949701,0,0.1551072743
15.441763,2.2689434409,2.2334760272,-0.0997583109,-0.8408112533,0.0402438622,0.7410529425,0.1338363606,0.9529464623,-3.0412307518,0.2617983812,0.5140641670,0.9229634508,0.0000000000,-0.0419278226,-0.0018899092,-0.0000000000,-0.0006912900,1.0000000000,0.0419278226,-8.8048427556,0.406,1.000000,18.1765949701,0,0.1551072743
15.450094,2.2681712327,2.2334760272,-0.0856146575,-0.8005537074,0.0392429604,0.7149390499,0.1341633853,0.9251672411,-3.3335065392,0.2642926768,0.5140641670,0.9229634508,0.0000000000,-0.0419278226,-0.0018233109,-0.0000000000,-0.0005939739,1.0000000000,0.0419278226,-8.8048427556,0.558,1.000000,18.1765949701,0,0.1551072743
15.458516,2.2675106097,2.2334760272,-0.0712568431,-0.7551223592,0.0383242527,0.6838655161,0.1344827540,0.8925840672,-3.9099808731,0.2671117841,0.5140641670,0.9229634508,0.0000000000,-0.0419278226,-0.0017440640,-0.0000000000,-0.0004948606,1.0000000000,0.0419278226,-8.8048427556,0.709,1.000000,18.1765949701,0,0.1551072743
15.466764,2.2669810300,2.2350100079,-0.0571468714,-0.7072269588,0.0359886099,0.6500800874,0.1347826591,0.8544557729,-4.5753953062,0.2697347156,0.5140641670,0.9229634508,0.0000000000,-0.0419278226,-0.0016579009,-0.0000000000,-0.0003971923,1.0000000000,0.0419278226,-8.8048427556,0.861,1.000000,18.1765949701,0,0.1551072743
15.475092,2.2665645921,2.2350100079,-0.0428623256,-0.6548676495,0.0352747312,0.6120053239,0.1350766152,0.8152531015,-4.7043205780,0.2727321469,0.5140641670,0.9229634508,0.0000000000,-0.0419278226,-0.0015607987,-0.0000000000,-0.0002981000,1.0000000000,0.0419278226,-8.8048427556,1.012,1.000000,18.1765949701,0,0.1551072743
15.483421,2.2662671855,2.2365439887,-0.0285452902,-0.6006882011,0.0331355633,0.5721429109,0.1353527449,0.7714145784,-5.2606227620,0.2753091122,0.5140641670,0.9229634508,0.0000000000,-0.0419278226,-0.0014591375,-0.0000000000,-0.0001986185,1.0000000000,0.0419278226,-8.8048427556,1.164,1.000000,18.1765949701,0,0.1551072743
15.491842,2.2660878199,2.2365439887,-0.0140504135,-0.5448577847,0.0326390384,0.5308073712,0.1356247369,0.7293611377,-5.0464128839,0.2779613338,0.5140641670,0.9229634508,0.0000000000,-0.0419278226,-0.0013537194,-0.0000000000,-0.0000977900,1.0000000000,0.0419278226,-8.8048427556,1.315,1.000000,18.1765949701,0,0.1551072743
15.500094,2.2660305159,2.2380779695,0.0001615548,-0.4919875995,0.0307474107,0.4921491543,0.1358809653,0.6871988019,-5.0594802952,0.2798334527,0.5140641670,0.9229634508,0.0000000000,-0.0419278226,-0.0012551292,-0.0000000000,0.0000011245,1.0000000000,0.0419278226,-8.8048427556,1.467,1.000000,18.1765949701,0,0.1551072743
15.508429,2.2660916997,2.2396119503,0.0145181239,-0.4418025097,0.0289895242,0.4563206336,0.1361225447,0.6481173276,-4.6897769192,0.2812627359,0.5140641670,0.9229634508,0.0000000000,-0.0419278226,-0.0011637557,-0.0000000000,0.0001010447,1.0000000000,0.0419278226,-8.8048427556,1.618,1.000000,18.1765949701,0,0.1551072743
15.516756,2.2662722714,2.2396119503,0.0288501492,-0.3962818272,0.0289115037,0.4251319765,0.1363634739,0.6170112899,-3.7327245284,0.2825792815,0.5140641670,0.9229634508,0.0000000000,-0.0419278226,-0.0010842152,-0.0000000000,0.0002007382,1.0000000000,0.0419278226,-8.8048427556,1.770,1.000000,18.1765949701,2,0.1551072743
15.525172,2.2665759804,2.2411459311,0.0433161862,-0.3527631473,0.0274340127,0.3960793335,0.1365920906,0.5852497770,-3.8113815414,0.2832776500,0.5140641670,0.9229634508,0.0000000000,-0.0419278226,-0.0010101221,-0.0000000000,0.0003012513,1.0000000000,0.0419278226,-8.8048427556,1.921,1.000000,18.1765949701,1,0.1551072743
15.533425,2.2669918827,2.2442138927,0.0574712897,-0.3110603955,0.0245450500,0.3685316852,0.1367966327,0.5521663374,-3.9700127588,0.2833829846,0.5140641670,0.9229634508,0.0000000000,-0.0419278226,-0.0009398673,-0.0000000000,0.0003994405,0.9753203932,0.0419278226,-8.8048427556,2.073,1.000000,18.1765949701,2,0.1551072743
15.541763,2.2675305475,2.2457478735,0.0717331170,-0.2710047921,0.0233221877,0.3427379091,0.1369909843,0.5241355970,-3.3636888504,0.2836399609,0.5140641670,0.9229634508,0.0000000000,-0.0419278226,-0.0008740854,-0.0000000000,0.0004981531,0.9283500377,0.0419278226,-8.8048427556,2.224,1.000000,18.1765949701,1,0.1551072743
15.550097,2.2681875922,2.2488158350,0.0859391447,-0.2324432444,0.0206922119,0.3183823891,0.1371634194,0.4947269744,-3.5290347038,0.2833402851,0.5140641670,0.9229634508,0.0000000000,-0.0419278226,-0.0008119714,-0.0000000000,0.0005962103,0.7655826285,0.0419278226,-8.8048427556,2.375,1.000000,18.1765949701,1,0.1551072743
15.558453,2.2689650301,2.2534177774,0.1001241855,-0.1952368888,0.0166563470,0.2953610742,0.1373022223,0.4638272983,-3.7079611381,0.2824820047,0.5140641670,0.9229634508,0.0000000000,-0.0419278226,-0.0007532601,-0.0000000000,0.0006938027,0.4316979815,0.0419278226,-8.8048427556,2.527,1.000000,18.1765949701,2,0.1551072743
15.566763,2.2698555005,2.2580197198,0.1141632285,-0.1592597681,0.0127404975,0.2734229966,0.1374083931,0.4342170333,-3.5532317937,0.2814695108,0.5140641670,0.9229634508,0.0000000000,-0.0419278226,-0.0006973114,-0.0000000000,0.0007900259,0.1343412824,0.0419278226,-8.8048427556,2.678,1.000000,18.1765949701,3,0.1551072743
15.575092,2.2708646655,2.2626216621,0.1281550374,-0.1221687565,0.0089370149,0.2503237939,0.1374828682,0.4036375503,-3.6695379641,0.2803279245,0.5140641670,0.9229634508,0.0000000000,-0.0419278226,-0.0006384014,-0.0000000000,0.0008855157,0.0004323394,0.0419278226,-8.8048427556,2.830,1.000000,18.1765949701,1,0.1551072743
15.583427,2.2719908484,2.2672236045,0.1420689722,-0.0818385078,0.0052321490,0.2239074800,0.1375264695,0.3699063655,-4.0477421733,0.2790343627,0.5140641670,0.9229634508,0.0000000000,-0.0419278226,-0.0005710318,-0.0000000000,0.0009800216,0.0000000000,0.0419278226,-8.8048427556,2.981,1.000000,18.1765949701,3,0.1551072743
15.591852,2.2732467092,2.2748935084,0.1560349004,-0.0407989656,-0.0014150301,0.1968338660,0.1375264695,0.3296314540,-4.8329893801,0.2766843529,0.5140641670,0.9229634508,0.0000000000,-0.0419278226,-0.0005019859,-0.0000000000,0.0010743808,0.0000000000,0.0419278226,-8.8048427556,3.133,1.000000,18.1765949701,3,0.1551072743
15.600131,2.2745949068,2.2810294316,0.1696515338,0.0031128211,-0.0064522079,0.1665387127,0.1375264695,0.2893324654,-4.8358786394,0.2745099159,0.5140641670,0.9229634508,0.0000000000,-0.0419278226,-0.0004247241,-0.0000000000,0.0011658548,0.0000000000,0.0419278226,-8.8048427556,3.284,1.000000,18.1765949701,1,0.1551072743
15.608697,2.2761081480,2.2886993355,0.1836206766,0.0496298943,-0.0128731231,0.1339907823,0.1375264695,0.2440325974,-5.4359841500,0.2715885009,0.5140641670,0.9229634508,0.0000000000,-0.0419278226,-0.0003417170,-0.0000000000,0.0012591149,0.1425079606,0.0419278226,-8.8048427556,3.436,1.000000,18.1765949701,3,0.1551072743
15.616755,2.2776402507,2.2963692395,0.1966390697,0.0985101079,-0.0192886012,0.0981289618,0.1373657311,0.1952711416,-5.8513747015,0.2682954095,0.5140641670,0.9230801614,0.0140052747,-0.0356883718,-0.0002502585,-0.0000000000,0.0013454594,0.6554076152,0.0419278226,-7.4945580799,3.587,1.000000,18.1765949701,3,0.1571282596
15.625191,2.2793561212,2.3040391434,0.2101334381,0.1495338221,-0.0255324882,0.0605996160,0.1371529604,0.1451316339,-6.0167409219,0.2681548097,0.5141148827,0.9231446068,0.0077334519,-0.0261145911,-0.0001545474,-0.0000000000,0.0014343452,0.9959737169,0.0419278226,-5.4840641245,3.739,1.000000,18.1765949701,4,0.1569316924
15.633428,2.2811407982,2.3132430281,0.2231673262,0.2002729353,-0.0332399328,0.0228943910,0.1368759609,0.0918462889,-6.3942413995,0.2632840919,0.5141428738,0.9231700746,0.0030561347,-0.0156466395,-0.0000583876,-0.0000000000,0.0015195691,1.0000000000,0.0419278226,-3.2857943007,3.587,1.000000,18.1765949701,3,0.1551548187
15.641775,2.2830581457,2.3209129321,0.2362224135,0.2529827753,-0.0392919213,-0.0167603618,0.1365485283,0.0398494223,-6.2396239938,0.2558738905,0.5141539329,0.9231747707,0.0005635314,-0.0056238941,0.0000427440,0.0000000000,0.0016042798,1.0000000000,0.0419278226,-1.1810177523,3.436,1.000000,18.1765949701,4,0.1525715718
15.650080,2.2850733293,2.3285828360,0.2490506265,0.3052512989,-0.0452435666,-0.0562006724,0.1361714985,-0.0117826256,-6.1958457507,0.2469632111,0.5141559720,0.9231751710,0.0000480302,0.0039260640,0.0001433287,0.0000000000,0.0016868530,1.0000000000,0.0419278226,0.8244734443,3.284,1.000000,18.1765949701,3,0.1498605321
15.658440,2.2872087046,2.3393207015,0.2617923122,0.3571195239,-0.0541407079,-0.0953272116,0.1357203260,-0.0690237658,-6.8689368240,0.2367517452,0.5141561458,0.9231885011,0.0015996154,0.0139267930,0.0002431132,0.0000000000,0.0017681883,1.0000000000,0.0419278226,2.9246265212,3.133,1.000000,18.1765949701,3,0.1477285638
15.666900,2.2894774383,2.3485245863,0.2745033709,0.4086246556,-0.0613684473,-0.1341212847,0.1352089223,-0.1226763984,-6.4383159123,0.2279081861,0.5141619335,0.9232294995,0.0049198043,0.0228105834,0.0003420499,0.0000000000,0.0018486251,1.0000000000,0.0419278226,4.7902225094,2.981,1.000000,18.1765949701,2,0.1467749226
15.675094,2.2917766281,2.3577284710,0.2866301489,0.4575715657,-0.0685511980,-0.1709414168,0.1346376623,-0.1743247637,-6.1978038367,0.2209251123,0.5141797317,0.9233105182,0.0097222437,0.0310368898,0.0004359523,0.0000000000,0.0019246867,1.0000000000,0.0419278226,6.5177468524,2.830,1.000000,18.1765949701,3,0.1474751548
15.683417,2.2942129101,2.3669323557,0.2987531769,0.5064269014,-0.0755963362,-0.2076737246,0.1340076928,-0.2256698967,-6.1614159587,0.2162872835,0.5142148925,0.9234443232,0.0160566047,0.0391164986,0.0005296308,0.0000000000,0.0020000417,1.0000000000,0.0419278226,8.2144646975,2.678,1.000000,18.1765949701,2,0.1502667843
15.691757,2.2967544690,2.3761362404,0.3106957896,0.5529702984,-0.0825230640,-0.2422745088,0.1333200006,-0.2747052606,-5.8842436679,0.2146454232,0.5142729293,0.9234443232,0.0000000000,0.0419278226,0.0006178733,0.0000000000,0.0020735878,1.0000000000,0.0419278226,8.8048427556,2.527,1.000000,18.1765949701,3,0.1502667843
15.700090,2.2993924532,2.3853401252,0.3224152165,0.5974166377,-0.0893414535,-0.2750014211,0.1325754885,-0.3217076200,-5.6402831224,0.2089236772,0.5142729293,0.9234443232,0.0000000000,0.0419278226,0.0007013368,0.0000000000,0.0021450783,1.0000000000,0.0419278226,8.8048427556,2.375,1.000000,18.1765949701,2,0.1502667843
15.708510,2.3021562165,2.3960779907,0.3340324779,0.6399608282,-0.0975572392,-0.3059283503,0.1317625115,-0.3697527346,-5.7654137615,0.2027733828,0.5142729293,0.9234443232,0.0000000000,0.0419278226,0.0007802098,0.0000000000,0.0022152630,1.0000000000,0.0419278226,8.8048427556,2.224,1.000000,18.1765949701,3,0.1502667843
15.716759,2.3049578219,2.4068158562,0.3451874170,0.6830085395,-0.1057380431,-0.3378211225,0.1308813611,-0.4187614408,-5.8810447407,0.1964666494,0.5142729293,0.9234443232,0.0000000000,0.0419278226,0.0008615461,0.0000000000,0.0022820007,1.0000000000,0.0419278226,8.8048427556,2.073,1.000000,18.1765949701,1,0.1502667843
15.725093,2.3078807744,2.4160197409,0.3562218919,0.7220552205,-0.1122407902,-0.3658333286,0.1299460212,-0.4606103936,-5.0218743358,0.1910131683,0.5142729293,0.9234443232,0.0000000000,0.0419278226,0.0009329857,0.0000000000,0.0023473747,1.0000000000,0.0419278226,8.8048427556,1.921,1.000000,18.1765949701,2,0.1502667843
15.733426,2.3108942484,2.4252236256,0.3670106966,0.7597016191,-0.1186450611,-0.3926909225,0.1289573124,-0.5011617850,-4.8661669607,0.1856573699,0.5142729293,0.9234443232,0.0000000000,0.0419278226,0.0010014807,0.0000000000,0.0024106633,1.0000000000,0.0419278226,8.8048427556,1.770,1.000000,18.1765949701,1,0.1502667843
15.741847,2.3140296911,2.4328935296,0.3776575159,0.7938490076,-0.1233735056,-0.4161914917,0.1279291998,-0.5350668142,-4.0686035091,0.1811455911,0.5142729293,0.9234443232,0.0000000000,0.0419278226,0.0010614142,0.0000000000,0.0024724983,1.0000000000,0.0419278226,8.8048427556,1.618,1.000000,18.1765949701,2,0.1502667843
15.750096,2.3171871909,2.4420974143,0.3878314229,0.8248225983,-0.1295958441,-0.4369911754,0.1268492345,-0.5692889610,-4.1066576209,0.1764111514,0.5142729293,0.9234443232,0.0000000000,0.0419278226,0.0011144597,0.0000000000,0.0025310016,1.0000000000,0.0419278226,8.8048427556,1.467,1.000000,18.1765949701,1,0.1502667843
15.758430,2.3204613304,2.4497673183,0.3978455533,0.8506885011,-0.1341385465,-0.4528429477,0.1257314132,-0.5952647669,-3.1170967014,0.1727090773,0.5142729293,0.9234443232,0.0000000000,0.0419278226,0.0011548865,0.0000000000,0.0025880202,1.0000000000,0.0419278226,8.8048427556,1.315,1.000000,18.1765949701,1,0.1502667843
15.766754,2.3238137358,2.4574372222,0.4075754896,0.8741503211,-0.1385893261,-0.4665748316,0.1245765022,-0.6189746978,-2.8451917110,0.1692501947,0.5142729293,0.9234443232,0.0000000000,0.0419278226,0.0011899070,0.0000000000,0.0026428761,1.0000000000,0.0419278226,8.8048427556,1.164,1.000000,18.1765949701,1,0.1502667843
15.775170,2.3272842734,2.4651071261,0.4171293801,0.8932026279,-0.1428969241,-0.4760732478,0.1233856945,-0.6382021984,-2.3073000706,0.1662617931,0.5142729293,0.9234443232,0.0000000000,0.0419278226,0.0012141308,0.0000000000,0.0026962114,1.0000000000,0.0419278226,8.8048427556,1.012,1.000000,18.1765949701,1,0.1502667843
15.783427,2.3307662737,2.4712430493,0.4262196065,0.9060263839,-0.1456236956,-0.4798067775,0.1221721637,-0.6485476971,-1.2414598395,0.1643721226,0.5142729293,0.9234443232,0.0000000000,0.0419278226,0.0012236524,0.0000000000,0.0027464676,1.0000000000,0.0419278226,8.8048427556,0.861,1.000000,18.1765949701,1,0.1502667843
15.791759,2.3343546383,2.4789129532,0.4351013253,0.9154293719,-0.1497586511,-0.4803280465,0.1209241749,-0.6585115659,-1.1956642618,0.1623549479,0.5142729293,0.9234443232,0.0000000000,0.0419278226,0.0012249818,0.0000000000,0.0027951046,1.0000000000,0.0419278226,8.8048427556,0.709,1.000000,18.1765949701,1,0.1502667843
15.800091,2.3380161431,2.4835148956,0.4436858214,0.9195006561,-0.1507222167,-0.4758148347,0.1196681565,-0.6571504910,0.1633289867,0.1618331997,0.5142729293,0.9234443232,0.0000000000,0.0419278226,0.0012134718,0.0000000000,0.0028416725,1.0000000000,0.0419278226,8.8048427556,0.558,1.000000,18.1765949701,1,0.1502667843
15.808424,2.3417480589,2.4881168380,0.4519665972,0.9187357869,-0.1515878982,-0.4667691897,0.1184049240,-0.6510696987,0.7296950819,0.1617795753,0.5142729293,0.9234443232,0.0000000000,0.0419278226,0.0011904026,0.0000000000,0.0028861786,1.0000000000,0.0419278226,8.8048427556,0.406,1.000000,18.1765949701,1,0.1502667843
15.816844,2.3455876665,2.4927187803,0.4600191295,0.9135842563,-0.1523209683,-0.4535651268,0.1171355826,-0.6405731458,1.2595863413,0.1621501906,0.5142729293,0.9234443232,0.0000000000,0.0419278226,0.0011567283,0.0000000000,0.0029290654,1.0000000000,0.0419278226,8.8048427556,0.255,1.000000,18.1765949701,1,0.1502667843
15.825091,2.3494127041,2.4957867419,0.4675940268,0.9022249026,-0.1514993625,-0.4346308757,0.1158730879,-0.6212520673,2.3185294194,0.1635528713,0.5142729293,0.9234443232,0.0000000000,0.0419278226,0.0011084402,0.0000000000,0.0029690529,1.0000000000,0.0419278226,8.8048427556,0.103,1.000000,18.1765949701,1,0.1502667843
15.833423,2.3533397332,2.4973207227,0.4749291000,0.8852347063,-0.1490097969,-0.4103056063,0.1146313396,-0.5932069452,3.3654146527,0.1659500671,0.5142729293,0.9234443232,0.0000000000,0.0419278226,0.0010464034,0.0000000000,0.0030074444,1.0000000000,0.0419278226,8.8048427556,-0.048,1.000000,18.1765949701,0,0.1502667843
15.841759,2.3573281355,2.4973207227,0.4819414799,0.8631370209,-0.1448958629,-0.3811955410,0.1134238741,-0.5571172272,4.3307661639,0.1692564895,0.5142729293,0.9234443232,0.0000000000,0.0419278226,0.0009721640,0.0000000000,0.0030438421,1.0000000000,0.0419278226,8.8048427556,-0.200,1.000000,18.1765949701,0,0.1502667843
15.850186,2.3614179412,2.4973207227,0.4886942320,0.8341776816,-0.1406415461,-0.3454834496,0.1122518612,-0.5141117248,5.1606602839,0.1731315819,0.5142729293,0.9234443232,0.0000000000,0.0419278226,0.0008810873,0.0000000000,0.0030786095,1.0000000000,0.0419278226,8.8048427556,-0.351,1.000000,18.1765949701,0,0.1502667843
15.858429,2.3654726087,2.4957867419,0.4949689644,0.7989944385,-0.1348530303,-0.3040254741,0.1111280859,-0.4622658543,6.2215044687,0.1779112244,0.5142729293,0.9234443232,0.0000000000,0.0419278226,0.0007753569,0.0000000000,0.0031106662,1.0000000000,0.0419278226,8.8048427556,-0.503,1.000000,18.1765949701,0,0.1502667843
15.866764,2.3696232883,2.4957867419,0.5009755653,0.7581657667,-0.1304704127,-0.2571902014,0.1100408325,-0.4077987882,6.5360479272,0.1825273170,0.5142729293,0.9234443232,0.0000000000,0.0419278226,0.0006559128,0.0000000000,0.0031411272,1.0000000000,0.0419278226,8.8048427556,-0.654,1.000000,18.1765949701,0,0.1502667843
15.875092,2.3738189335,2.4957867419,0.5066339406,0.7122163753,-0.1260137400,-0.2055824347,0.1089907180,-0.3483755339,7.1307905203,0.1873251520,0.5142729293,0.9234443232,0.0000000000,0.0419278226,0.0005242974,0.0000000000,0.0031696198,1.0000000000,0.0419278226,8.8048427556,-0.805,1.000000,18.1765949701,0,0.1502667843
15.883452,2.3780770858,2.4942527611,0.5119658597,0.6616222051,-0.1199341934,-0.1496563454,0.1079912664,-0.2813609732,8.0417472769,0.1926647709,0.5142729293,0.9234443232,0.0000000000,0.0419278226,0.0003816690,0.0000000000,0.0031962883,1.0000000000,0.0419278226,8.8048427556,-0.957,1.000000,18.1765949701,0,0.1502667843
15.891760,2.3823514033,2.4927187803,0.5169146949,0.6090438364,-0.1138272100,-0.0921291415,0.1070427063,-0.2126406270,8.2464415413,0.1977479695,0.5142729293,0.9235561379,0.0134177670,0.0359068098,0.0002349572,0.0000000000,0.0032208840,1.0000000000,0.0419278226,7.5404300655,-1.108,1.000000,18.1765949701,0,0.1519045411
15.900093,2.3866784234,2.4927187803,0.5215247027,0.5546656889,-0.1091912805,-0.0331409862,0.1061327789,-0.1453427488,8.0757453858,0.2042149207,0.5143213970,0.9236095152,0.0064052680,0.0259943696,0.0000845195,0.0000000000,0.0032436598,1.0000000000,0.0419278226,5.4588176254,-1.260,1.000000,18.1765949701,0,0.1512527640
15.908421,2.3910396171,2.4911847995,0.5257747313,0.5031127929,-0.1030032463,0.0226619385,0.1052744186,-0.0780967736,8.0695170232,0.2074698268,0.5143445242,0.9236250918,0.0018691920,0.0155172245,-0.0000577948,-0.0000000000,0.0032645408,1.0000000000,0.0419278226,3.2586171539,-1.411,1.000000,18.1765949701,0,0.1491569019
15.916837,2.3954813995,2.4896508187,0.5297041244,0.4518936821,-0.0967365196,0.0778104424,0.1044682809,-0.0112974417,8.0159198365,0.2081821536,0.5143512719,0.9236254185,0.0000392063,0.0048702973,-0.0001984402,-0.0000000000,0.0032837470,1.0000000000,0.0419278226,1.0227624417,-1.260,1.000000,18.1765949701,0,0.1465035180
15.925093,2.3998691416,2.4881168380,0.5331988627,0.4032062090,-0.0905382148,0.1299926536,0.1037137958,0.0524506437,7.6497702398,0.2074125389,0.5143514135,0.9236324432,0.0008429623,-0.0052971889,-0.0003315206,-0.0000000000,0.0033007484,1.0000000000,0.0419278226,-1.1124096606,-1.108,1.000000,18.1765949701,0,0.1441676488
15.933428,2.4043265388,2.4881168380,0.5363631618,0.3590439487,-0.0858299423,0.1773192131,0.1029985463,0.1084225612,6.7166300996,0.2059908183,0.5143544564,0.9236623207,0.0035853049,-0.0141447550,-0.0004522176,-0.0000000000,0.0033160770,1.0000000000,0.0419278226,-2.9703985449,-0.957,1.000000,18.1765949701,0,0.1428111508
15.941754,2.4088046140,2.4865828572,0.5391573393,0.3167574336,-0.0795776667,0.2223999057,0.1023353990,0.1652663776,6.8212579719,0.2059634493,0.5143673973,0.9237317329,0.0083294592,-0.0231618480,-0.0005671870,-0.0000000000,0.0033295610,1.0000000000,0.0419278226,-4.8639880897,-0.805,1.000000,18.1765949701,0,0.1431214079
15.950140,2.4133362243,2.4850488764,0.5415983738,0.2761723242,-0.0732815212,0.2654260496,0.1017247197,0.2201945066,6.5913754812,0.2080280582,0.5143974542,0.9238557866,0.0148864460,-0.0321119141,-0.0006769167,-0.0000000000,0.0033413013,1.0000000000,0.0419278226,-6.7435019609,-0.654,1.000000,18.1765949701,0,0.1456870906
15.958432,2.4178361097,2.4835148956,0.5436426985,0.2393593607,-0.0670385294,0.3042833378,0.1011660653,0.2708995159,6.0846011192,0.2131877432,0.5144511449,0.9240467064,0.0229103807,-0.0409328189,-0.0007760146,-0.0000000000,0.0033511050,1.0000000000,0.0419278226,-8.5958919691,-0.503,1.000000,18.1765949701,0,0.1508943489
15.966763,2.4223721103,2.4835148956,0.5453249044,0.2059679446,-0.0623128401,0.3393569599,0.1011660653,0.3153583570,5.3350609246,0.2217648857,0.5145337076,0.9240467064,0.0000000000,-0.0419278226,-0.0008654629,-0.0000000000,0.0033591528,1.0000000000,0.0419278226,-8.8048427556,-0.351,1.000000,18.1765949701,0,0.1508943489
15.975088,2.4269180079,2.4819809148,0.5466330082,0.1756800631,-0.0560609034,0.3709529451,0.1011660653,0.3593706884,5.2814797703,0.2224481701,0.5145337076,0.9240467064,0.0000000000,-0.0419278226,-0.0009460422,-0.0000000000,0.0033653987,1.0000000000,0.0419278226,-8.8048427556,-0.200,1.000000,18.1765949701,0,0.1508943489
15.983503,2.4315220151,2.4804469340,0.5475751361,0.1482072611,-0.0497668490,0.3993678751,0.1011660653,0.4002856104,4.9097906414,0.2229308139,0.5145337076,0.9240467064,0.0000000000,-0.0419278226,-0.0010185089,-0.0000000000,0.0033698905,1.0000000000,0.0419278226,-8.8048427556,-0.048,1.000000,18.1765949701,0,0.1508943489
15.991760,2.4360460099,2.4789129532,0.5481276608,0.1232878936,-0.0435673125,0.4248397672,0.1011660653,0.4380697821,4.5341005986,0.2232543255,0.5145337076,0.9240467064,0.0000000000,-0.0419278226,-0.0010834699,-0.0000000000,0.0033725223,1.0000000000,0.0419278226,-8.8048427556,0.103,1.000000,18.1765949701,0,0.1508943489
16.000088,2.4406116389,2.4789129532,0.5483113347,0.1006846340,-0.0388732798,0.4476267007,0.1011660653,0.4701790646,3.8531139062,0.2230869060,0.5145337076,0.9240467064,0.0000000000,-0.0419278226,-0.0011415835,-0.0000000000,0.0033733967,1.0000000000,0.0419278226,-8.8048427556,0.255,1.000000,18.1765949701,0,0.1508943489
16.008432,2.4451864416,2.4773789724,0.5481189720,0.0801822137,-0.0326480269,0.4679367584,0.1011660653,0.5028524745,3.9208091925,0.2232162476,0.5145337076,0.9240467064,0.0000000000,-0.0419278226,-0.0011933803,-0.0000000000,0.0033724809,1.0000000000,0.0419278226,-8.8048427556,0.406,1.000000,18.1765949701,0,0.1508943489
16.016771,2.4497547215,2.4773789724,0.5475505098,0.0615853721,-0.0279741028,0.4859651377,0.1011660653,0.5301632671,3.2772951075,0.2229262396,0.5145337076,0.9240467064,0.0000000000,-0.0419278226,-0.0012393581,-0.0000000000,0.0033697732,1.0000000000,0.0419278226,-8.8048427556,0.558,1.000000,18.1765949701,0,0.1508943489
16.025089,2.4543059647,2.4758449916,0.5466089985,0.0447169970,-0.0217930536,0.5018920015,0.1011660653,0.5583656946,3.3842913010,0.2229598683,0.5145337076,0.9240467064,0.0000000000,-0.0419278226,-0.0012799764,-0.0000000000,0.0033652841,0.8422285119,0.0419278226,-8.8048427556,0.709,1.000000,18.1765949701,0,0.1508943489
16.033441,2.4588656759,2.4758449916,0.5452882731,0.0294164376,-0.0171464235,0.5158718355,0.1011660653,0.5815737359,2.7849649552,0.2226262192,0.5145337076,0.9240467064,0.0000000000,-0.0419278226,-0.0013156292,-0.0000000000,0.0033589777,0.4736374237,0.0419278226,-8.8048427556,0.861,1.000000,18.1765949701,0,0.1508943489
16.041758,2.4633942971,2.4743110109,0.5435998785,0.0177668505,-0.0110176430,0.5258330280,0.1011660653,0.6037066864,2.6559540584,0.2226985032,0.5145337076,0.9240467064,0.0000000000,-0.0419278226,-0.0013410333,-0.0000000000,0.0033509000,0.0471675982,0.0419278226,-8.8048427556,1.012,1.000000,18.1765949701,0,0.1508943489
16.050087,2.4679132775,2.4743110109,0.5415373863,0.0072000237,-0.0064386350,0.5343373626,0.1011660653,0.6213049311,2.1117893605,0.2224420439,0.5145337076,0.9240467064,0.0000000000,-0.0419278226,-0.0013627219,-0.0000000000,0.0033410084,0.0000000000,0.0419278226,-8.8048427556,1.164,1.000000,18.1765949701,1,0.1508943489
16.058418,2.4724149635,2.4743110109,0.5391033593,-0.0023846791,-0.0018825006,0.5414880384,0.1011660653,0.6375040898,1.9438990445,0.2222037070,0.5145337076,0.9240467064,0.0000000000,-0.0419278226,-0.0013809583,-0.0000000000,0.0033293010,0.0000000000,0.0419278226,-8.8048427556,1.315,1.000000,18.1765949701,0,0.1508943489
16.066758,2.4768999366,2.4743110109,0.5362966482,-0.0088496646,0.0026391985,0.5451463128,0.1011880586,0.6501641451,1.5192066425,0.2220651491,0.5145337076,0.9240467064,0.0000000000,-0.0419278226,-0.0013902880,-0.0000000000,0.0033157554,0.0000000000,0.0419278226,-8.8048427556,1.467,1.000000,18.1765949701,0,0.1508943489
16.075114,2.4813682959,2.4743110109,0.5331154549,-0.0147137680,0.0071408704,0.5478292229,0.1012475658,0.6618460526,1.4018288967,0.2219452025,0.5145337076,0.9240467064,0.0000000000,-0.0419278226,-0.0013971303,-0.0000000000,0.0033003435,0.0000000000,0.0419278226,-8.8048427556,1.618,1.000000,18.1765949701,0,0.1508943489
16.083415,2.4857789484,2.4758449916,0.5295918251,-0.0178039618,0.0100350968,0.5473957869,0.1013311917,0.6672430094,0.6476348113,0.2216134654,0.5145337076,0.9240467064,0.0000000000,-0.0419278226,-0.0013960249,-0.0000000000,0.0032831994,0.0160182214,0.0419278226,-8.8048427556,1.770,1.000000,18.1765949701,3,0.1508943489
16.091752,2.4901782595,2.4743110109,0.5256900408,-0.0183780646,0.0159716500,0.5440681054,0.1014642887,0.6758365628,1.0312264175,0.2220082431,0.5145337076,0.9240467064,0.0000000000,-0.0419278226,-0.0013875383,-0.0000000000,0.0032641258,0.3738857768,0.0419278226,-8.8048427556,1.921,1.000000,18.1765949701,3,0.1508943489
16.100085,2.4945413823,2.4743110109,0.5214298382,-0.0188988080,0.0203377311,0.5403286462,0.1016337698,0.6809352573,0.6118433362,0.2220953637,0.5145337076,0.9240467064,0.0000000000,-0.0419278226,-0.0013780015,-0.0000000000,0.0032431925,0.7388714397,0.0419278226,-8.8048427556,2.073,1.000000,18.1765949701,3,0.1508943489
16.108426,2.4988716573,2.4743110109,0.5168076803,-0.0171422755,0.0246580277,0.5339499558,0.1018392534,0.6833392927,0.2884842481,0.2222721951,0.5145337076,0.9240467064,0.0000000000,-0.0419278226,-0.0013617339,-0.0000000000,0.0032203538,0.9785150271,0.0419278226,-8.8048427556,2.224,1.000000,18.1765949701,3,0.1508943489
16.116759,2.5031574509,2.4743110109,0.5118360323,-0.0155490024,0.0289347702,0.5273850347,0.1020803765,0.6855057415,0.2599738525,0.2224468892,0.5145337076,0.9240467064,0.0000000000,-0.0419278226,-0.0013449914,-0.0000000000,0.0031956411,1.0000000000,0.0419278226,-8.8048427556,2.375,1.000000,18.1765949701,2,0.1508943489
16.125092,2.5074008427,2.4758449916,0.5065130387,-0.0141038145,0.0316359715,0.5206168532,0.1023440096,0.6843621009,-0.1372368698,0.2223137268,0.5145337076,0.9240467064,0.0000000000,-0.0419278226,-0.0013277305,-0.0000000000,0.0031690131,1.0000000000,0.0419278226,-8.8048427556,2.527,1.000000,18.1765949701,1,0.1508943489
16.133424,2.5115979817,2.4743110109,0.5008435249,-0.0127929484,0.0373596445,0.5136364733,0.1026553399,0.6890559226,0.5632586043,0.2227926076,0.5145337076,0.9240467064,0.0000000000,-0.0419278226,-0.0013099284,-0.0000000000,0.0031404600,1.0000000000,0.0419278226,-8.8048427556,2.678,1.000000,18.1765949701,3,0.1508943489
16.141846,2.5157903923,2.4743110109,0.4947649043,-0.0116039195,0.0415453006,0.5063688238,0.1030015508,0.6904423668,0.1663733089,0.2229644935,0.5145337076,0.9240467064,0.0000000000,-0.0419278226,-0.0012913937,-0.0000000000,0.0031096275,1.0000000000,0.0419278226,-8.8048427556,2.830,1.000000,18.1765949701,2,0.1508943489
16.150102,2.5198496012,2.4743110109,0.4884691231,-0.0105254038,0.0455983827,0.4989945269,0.1033815373,0.6914921763,0.1259771369,0.2231318784,0.5145337076,0.9240467064,0.0000000000,-0.0419278226,-0.0012725870,-0.0000000000,0.0030774550,1.0000000000,0.0419278226,-8.8048427556,2.981,1.000000,18.1765949701,1,0.1508943489
16.158432,2.5238906691,2.4743110109,0.4817846545,-0.0095471297,0.0496338932,0.4913317843,0.1037951531,0.6922518030,0.0911552037,0.2232993597,0.5145337076,0.9240467064,0.0000000000,-0.0419278226,-0.0012530447,-0.0000000000,0.0030430314,1.0000000000,0.0419278226,-8.8048427556,3.133,1.000000,18.1765949701,2,0.1508943489
16.166763,2.5278758337,2.4758449916,0.4747682124,-0.0086597805,0.0520800362,0.4834279929,0.1042291534,0.6896339972,-0.3141366989,0.2231634842,0.5145337076,0.9240467064,0.0000000000,-0.0419278226,-0.0012328876,-0.0000000000,0.0030066058,1.0000000000,0.0419278226,-8.8048427556,3.284,1.000000,18.1765949701,4,0.1508943489
16.175121,2.5318132722,2.4743110109,0.4674032043,-0.0078549051,0.0575468832,0.4752581093,0.1047087107,0.6927941389,0.3792170056,0.2236316524,0.5145337076,0.9240467064,0.0000000000,-0.0419278226,-0.0012120520,-0.0000000000,0.0029680498,1.0000000000,0.0419278226,-8.8048427556,3.436,1.000000,18.1765949701,3,0.1508943489
16.183427,2.5356638483,2.4758449916,0.4597648999,-0.0071248381,0.0598593312,0.4668897380,0.1052075385,0.6895101578,-0.3940777293,0.2234927752,0.5145337076,0.9240467064,0.0000000000,-0.0419278226,-0.0011907101,-0.0000000000,0.0029277173,1.0000000000,0.0419278226,-8.8048427556,3.587,1.000000,18.1765949701,3,0.1508943489
16.191761,2.5394625142,2.4743110109,0.4517858610,-0.0064626265,0.0651882160,0.4582484875,0.1057507736,0.6919877290,0.2973085413,0.2239552059,0.5145337076,0.9240467064,0.0000000000,-0.0419278226,-0.0011686723,-0.0000000000,0.0028852116,1.0000000000,0.0419278226,-8.8048427556,3.739,1.000000,18.1765949701,3,0.1508943489
16.200092,2.5431921725,2.4743110109,0.4434999147,-0.0058619636,0.0689144621,0.4493618783,0.1063250608,0.6910677198,-0.1104011004,0.2241129079,0.5145337076,0.9240467064,0.0000000000,-0.0419278226,-0.0011460087,-0.0000000000,0.0028406687,1.0000000000,0.0419278226,-8.8048427556,3.890,1.000000,18.1765949701,2,0.1508943489
16.208426,2.5468526885,2.4758449916,0.4349073665,-0.0053171287,0.0710379022,0.4402244953,0.1069170433,0.6867312127,-0.5203808562,0.2239677306,0.5145337076,0.9240467064,0.0000000000,-0.0419278226,-0.0011227056,-0.0000000000,0.0027940475,1.0000000000,0.0419278226,-8.8048427556,4.042,1.000000,18.1765949701,4,0.1508943489
16.216844,2.5504763188,2.4758449916,0.4259251199,-0.0048229331,0.0746587251,0.4307480530,0.1075391994,0.6850592011,-0.2006413885,0.2241221234,0.5145337076,0.9240467064,0.0000000000,-0.0419278226,-0.0010985379,-0.0000000000,0.0027448470,1.0000000000,0.0419278226,-8.8048427556,4.193,1.000000,18.1765949701,4,0.1508943489
16.225095,2.5539531633,2.4758449916,0.4168327733,-0.0043746700,0.0781330231,0.4212074432,0.1081903079,0.6830605720,-0.2398354935,0.2242683158,0.5145337076,0.9240467064,0.0000000000,-0.0419278226,-0.0010742064,-0.0000000000,0.0026945635,1.0000000000,0.0419278226,-8.8048427556,4.345,1.000000,18.1765949701,3,0.1508943489
16.233426,2.5573866794,2.4743110109,0.4073674399,-0.0039680703,0.0830982102,0.4113355101,0.1088827930,0.6837323248,0.0806103338,0.2247112497,0.5145337076,0.9240467064,0.0000000000,-0.0419278226,-0.0010490300,-0.0000000000,0.0026417088,1.0000000000,0.0419278226,-8.8048427556,4.496,1.000000,18.1765949701,3,0.1508943489
16.241757,2.5607400601,2.4758449916,0.3976233835,-0.0035992616,0.0849155150,0.4012226451,0.1095904223,0.6779263842,-0.6967128691,0.2245479304,0.5145337076,0.9240467064,0.0000000000,-0.0419278226,-0.0010232391,-0.0000000000,0.0025867614,1.0000000000,0.0419278226,-8.8048427556,4.648,1.000000,18.1765949701,2,0.1508943489
16.250085,2.5640096956,2.4743110109,0.3876114581,-0.0032647315,0.0897172309,0.3908761896,0.1103380659,0.6778533497,-0.0087641482,0.2249792833,0.5145337076,0.9240467064,0.0000000000,-0.0419278226,-0.0009968525,-0.0000000000,0.0025297429,1.0000000000,0.0419278226,-8.8048427556,4.799,1.000000,18.1765949701,5,0.1508943489
16.258429,2.5672014173,2.4758449916,0.3773125110,-0.0029612940,0.0913732480,0.3802738050,0.1110995096,0.6712906360,-0.7875256427,0.2248024993,0.5145337076,0.9240467064,0.0000000000,-0.0419278226,-0.0009698132,-0.0000000000,0.0024705043,1.0000000000,0.0419278226,-8.8048427556,4.950,1.000000,18.1765949701,5,0.1508943489
16.266763,2.5703018929,2.4758449916,0.3667689897,-0.0026860592,0.0944721601,0.3694550490,0.1118867776,0.6674026042,-0.4665638148,0.2249188859,0.5145337076,0.9240467064,0.0000000000,-0.0419278226,-0.0009422221,-0.0000000000,0.0024092524,1.0000000000,0.0419278226,-8.8048427556,5.102,1.000000,18.1765949701,4,0.1508943489
16.275090,2.5733113775,2.4758449916,0.3559817549,-0.0024364059,0.0974802265,0.3584181608,0.1126991128,0.6631407382,-0.5114239221,0.2250264201,0.5145337076,0.9240467064,0.0000000000,-0.0419278226,-0.0009140747,-0.0000000000,0.0023459589,1.0000000000,0.0419278226,-8.8048427556,5.253,1.000000,18.1765949701,6,0.1508943489
16.283423,2.5762318468,2.4758449916,0.3449437779,-0.0022099564,0.1003994094,0.3471537343,0.1135357746,0.6584987983,-0.5570327843,0.2251244645,0.5145337076,0.9240467064,0.0000000000,-0.0419278226,-0.0008853470,-0.0000000000,0.0022805500,1.0000000000,0.0419278226,-8.8048427556,5.405,1.000000,18.1765949701,4,0.1508943489
16.291840,2.5790875336,2.4758449916,0.3335539406,-0.0020045540,0.1032539293,0.3355584946,0.1143962240,0.6534210805,-0.6093261346,0.2252135888,0.5145337076,0.9240467064,0.0000000000,-0.0419278226,-0.0008557757,-0.0000000000,0.0022123855,1.0000000000,0.0419278226,-8.8048427556,5.556,1.000000,18.1765949701,5,0.1508943489
16.300092,2.5817932852,2.4773789724,0.3221606532,-0.0018182426,0.1044246418,0.3239788958,0.1152664293,0.6450245817,-1.0075798548,0.2249835818,0.5145337076,0.9240467064,0.0000000000,-0.0419278226,-0.0008262442,-0.0000000000,0.0021435327,1.0000000000,0.0419278226,-8.8048427556,5.708,1.000000,18.1765949701,7,0.1508943489
16.308449,2.5844363598,2.4773789724,0.3104033935,-0.0016492477,0.1070667563,0.3120526412,0.1161586523,0.6392253422,-0.6959087356,0.2250479387,0.5145337076,0.9240467064,0.0000000000,-0.0419278226,-0.0007958286,-0.0000000000,0.0020717955,1.0000000000,0.0419278226,-8.8048427556,5.859,1.000000,18.1765949701,6,0.1508943489
16.316763,2.5869678416,2.4773789724,0.2984924916,-0.0014959599,0.1095973674,0.2999884515,0.1170719637,0.6330875158,-0.7365391686,0.2250981749,0.5145337076,0.9240467064,0.0000000000,-0.0419278226,-0.0007650613,-0.0000000000,0.0019984287,1.0000000000,0.0419278226,-8.8048427556,6.011,1.000000,18.1765949701,5,0.1508943489
16.325118,2.5894109716,2.4789129532,0.2863187703,0.0008719565,0.1104930650,0.2854468138,0.1179927392,0.6212326634,-1.4225822978,0.2248502983,0.5145337076,0.9240467064,0.0000000000,-0.0419278226,-0.0007279757,-0.0000000000,0.0019227421,1.0000000000,0.0419278226,-8.8048427556,6.162,1.000000,18.1765949701,4,0.1508943489
16.333427,2.5917390708,2.4789129532,0.2740158394,0.0030197891,0.1128089629,0.2709960503,0.1189328139,0.6123082328,-1.0709316673,0.2248853306,0.5145337076,0.9240467064,0.0000000000,-0.0419278226,-0.0006911219,-0.0000000000,0.0018455532,1.0000000000,0.0419278226,-8.8048427556,6.314,1.000000,18.1765949701,6,0.1508943489
16.341769,2.5939727133,2.4804469340,0.2614766808,0.0049679934,0.1134975573,0.2565086874,0.1198786269,0.6001210364,-1.4624635637,0.2245822534,0.5145337076,0.9240467064,0.0000000000,-0.0419278226,-0.0006541748,-0.0000000000,0.0017661819,1.0000000000,0.0419278226,-8.8048427556,6.465,1.000000,18.1765949701,6,0.1508943489
16.350099,2.5960979827,2.4804469340,0.2487765707,0.0089639993,0.1156001264,0.2398125714,0.1208419613,0.5885505175,-1.3884622767,0.2245769635,0.5145337076,0.9240467064,0.0000000000,-0.0419278226,-0.0006115946,-0.0000000000,0.0016850961,1.0000000000,0.0419278226,-8.8048427556,6.617,1.000000,18.1765949701,5,0.1508943489
16.358485,2.5981301216,2.4819809148,0.2358179307,0.0125886002,0.1160776939,0.2232293306,0.1218092754,0.5738695449,-1.7617167024,0.2242177846,0.5145337076,0.9240467064,0.0000000000,-0.0419278226,-0.0005693023,-0.0000000000,0.0016016654,1.0000000000,0.0419278226,-8.8048427556,6.768,1.000000,18.1765949701,5,0.1508943489
16.366764,2.6000288385,2.4819809148,0.2228655349,0.0181051916,0.1179450724,0.2047603433,0.1227921510,0.5600783349,-1.6549452097,0.2241410232,0.5145337076,0.9240467064,0.0000000000,-0.0419278226,-0.0005222008,-0.0000000000,0.0015176031,1.0000000000,0.0419278226,-8.8048427556,6.920,1.000000,18.1765949701,5,0.1508943489
16.375092,2.6018300448,2.4850488764,0.2096838847,0.0231090484,0.1166498914,0.1865748362,0.1237642334,0.5402791192,-2.3759058763,0.2233696957,0.5145337076,0.9240467064,0.0000000000,-0.0419278226,-0.0004758223,-0.0000000000,0.0014313946,1.0000000000,0.0419278226,-8.8048427556,7.071,1.000000,18.1765949701,5,0.1508943489
16.383427,2.6035224035,2.4850488764,0.1963461748,0.0276478264,0.1183164665,0.1686983484,0.1247502040,0.5266846647,-1.6313345435,0.2232059897,0.5145337076,0.9240467064,0.0000000000,-0.0419278226,-0.0004302318,-0.0000000000,0.0013435231,1.0000000000,0.0419278226,-8.8048427556,7.223,1.000000,18.1765949701,6,0.1508943489
16.391788,2.6051075569,2.4865828572,0.1828334980,0.0339936275,0.1183315900,0.1488398705,0.1257363006,0.5078285617,-2.2627323533,0.2226503271,0.5145337076,0.9240467064,0.0000000000,-0.0419278226,-0.0003795867,-0.0000000000,0.0012538760,1.0000000000,0.0419278226,-8.8048427556,7.374,1.000000,18.1765949701,6,0.1508943489
16.400093,2.6065699116,2.4881168380,0.1692846618,0.0397496240,0.1182272655,0.1295350378,0.1267215278,0.4892880228,-2.2248646774,0.2220430967,0.5145337076,0.9240467064,0.0000000000,-0.0419278226,-0.0003303535,-0.0000000000,0.0011633974,1.0000000000,0.0419278226,-8.8048427556,7.525,1.000000,18.1765949701,6,0.1508943489
16.408425,2.6079233910,2.4896508187,0.1555766230,0.0471995104,0.1180044431,0.1083771126,0.1277048982,0.4686572237,-2.4756958880,0.2213521694,0.5145337076,0.9240467064,0.0000000000,-0.0419278226,-0.0002763944,-0.0000000000,0.0010712929,1.0000000000,0.0419278226,-8.8048427556,7.677,1.000000,18.1765949701,8,0.1508943489
16.416755,2.6091617819,2.4911847995,0.1417669196,0.0539569739,0.1176704656,0.0878099456,0.1286854854,0.4483936845,-2.4316246992,0.2206052867,0.5145337076,0.9240467064,0.0000000000,-0.0419278226,-0.0002239419,-0.0000000000,0.0009779751,1.0000000000,0.0419278226,-8.8048427556,7.828,1.000000,18.1765949701,8,0.1508943489
16.425174,2.6102962314,2.4927187803,0.1277094817,0.0600863712,0.1172361148,0.0676231105,0.1296624530,0.4283075665,-2.4103341670,0.2198035158,0.5145337076,0.9240467064,0.0000000000,-0.0419278226,-0.0001724594,-0.0000000000,0.0008824818,1.0000000000,0.0419278226,-8.8048427556,7.980,1.000000,18.1765949701,6,0.1508943489
16.433426,2.6112929407,2.4942527611,0.1138443714,0.0678749530,0.1166545982,0.0459694184,0.1306345746,0.4064575421,-2.6220029246,0.2189034660,0.5145337076,0.9240467064,0.0000000000,-0.0419278226,-0.0001172359,-0.0000000000,0.0007878449,1.0000000000,0.0419278226,-8.8048427556,8.131,1.000000,18.1765949701,7,0.1508943489
16.441762,2.6121832857,2.4957867419,0.0997606958,0.0749396322,0.1159708296,0.0248210636,0.1316009982,0.3849041639,-2.5864053865,0.2179472904,0.5145337076,0.9240467064,0.0000000000,-0.0419278226,-0.0000633012,-0.0000000000,0.0006913063,1.0000000000,0.0419278226,-8.8048427556,8.283,1.000000,18.1765949701,7,0.1508943489
16.450087,2.6129550366,2.4988547035,0.0856265370,0.0835765670,0.1136255545,0.0020499700,0.1325478778,0.3584090238,-3.1794168157,0.2165111723,0.5145337076,0.9240467064,0.0000000000,-0.0419278226,-0.0000052280,-0.0000000000,0.0005940557,1.0000000000,0.0419278226,-8.8048427556,8.434,1.000000,18.1765949701,9,0.1508943489
16.458506,2.6136155051,2.5019226650,0.0712748723,0.0914107497,0.1111735574,-0.0201358775,0.1334743242,0.3322670314,-3.1370390892,0.2150102252,0.5145337076,0.9240467064,0.0000000000,-0.0419278226,0.0000513526,0.0000000000,0.0004949853,1.0000000000,0.0419278226,-8.8048427556,8.586,1.000000,18.1765949701,9,0.1508943489
16.466762,2.6141457110,2.5034566458,0.0571506490,0.1007456673,0.1101167531,-0.0435950184,0.1343919638,0.3076139147,-2.9583739978,0.2137487977,0.5145337076,0.9240467064,0.0000000000,-0.0419278226,0.0001111805,0.0000000000,0.0003972185,1.0000000000,0.0419278226,-8.8048427556,8.704,1.000000,18.1765949701,10,0.1508943489
16.475090,2.6145622059,2.5049906266,0.0428650939,0.1114418353,0.1089385048,-0.0685767415,0.1352997846,0.2811873463,-3.1711882035,0.2123416270,0.5145337076,0.9240467064,0.0000000000,-0.0419278226,0.0001748914,0.0000000000,0.0002981192,1.0000000000,0.0419278226,-8.8048427556,8.704,1.000000,18.1765949701,9,0.1508943489
16.483420,2.6148596514,2.5080585882,0.0285471067,0.1211438578,0.1061128738,-0.0925967510,0.1361840586,0.2524275712,-3.4511730222,0.2105080908,0.5145337076,0.9242110544,0.0197217561,-0.0397649019,0.0002361497,0.0000000000,0.0001986311,1.0000000000,0.0419278226,-8.3506293984,8.553,1.000000,18.1765949701,8,0.1546589604
16.491839,2.6150390039,2.5095925690,0.0140557086,0.1321730104,0.1046955916,-0.1181173017,0.1370565218,0.2249525894,-3.2969978088,0.2142449093,0.5146047134,0.9243431489,0.0158513412,-0.0358626898,0.0003012349,0.0000000000,0.0000978269,1.0000000000,0.0419278226,-7.5311648624,8.401,1.000000,18.1765949701,9,0.1569893015
16.500093,2.6150963513,2.5141945113,-0.0001598959,0.1444059442,0.1000815042,-0.1445658401,0.1378905344,0.1901628507,-4.1747686435,0.2148978750,0.5146617399,0.9244377418,0.0113511466,-0.0303534681,0.0003686866,0.0000000000,-0.0000011130,1.0000000000,0.0419278226,-6.3742283033,8.250,1.000000,18.1765949701,6,0.1577804127
16.508427,2.6150351994,2.5157284921,-0.0145143286,0.1577307750,0.0984106763,-0.1722451036,0.1387106234,0.1599739709,-3.6226655781,0.2139677971,0.5147025524,0.9245044865,0.0080093690,-0.0254312001,0.0004392771,0.0000000000,-0.0001010183,1.0000000000,0.0419278226,-5.3405520153,8.098,1.000000,18.1765949701,6,0.1574819691
16.516754,2.6148546470,2.5187964537,-0.0288470907,0.1698171415,0.0950935025,-0.1986642323,0.1395030692,0.1277483257,-3.8670774296,0.2110838605,0.5147313375,0.9245466570,0.0050604553,-0.0200839580,0.0005066539,0.0000000000,-0.0002007169,1.0000000000,0.0419278226,-4.2176311712,7.947,1.000000,18.1765949701,7,0.1562563900
16.525170,2.6145510110,2.5233983961,-0.0433112562,0.1830090276,0.0901129843,-0.2263202837,0.1402540107,0.0909414301,-4.4168274715,0.2063649549,0.5147495193,0.9245677026,0.0025254731,-0.0140187936,0.0005771852,0.0000000000,-0.0003012170,1.0000000000,0.0419278226,-2.9439466621,7.795,1.000000,18.1765949701,6,0.1542568568
16.533427,2.6141348971,2.5249323769,-0.0574738902,0.1972036816,0.0880822531,-0.2546775717,0.1409880295,0.0592748885,-3.7999849867,0.2013419197,0.5147585915,0.9245764964,0.0010552551,-0.0089140638,0.0006495049,0.0000000000,-0.0003994585,1.0000000000,0.0419278226,-1.8719534057,7.644,1.000000,18.1765949701,9,0.1518326088
16.541764,2.6135962306,2.5295343192,-0.0717352346,0.2100790264,0.0828685024,-0.2818142610,0.1416786004,0.0224646270,-4.4172313757,0.1950002063,0.5147623820,0.9245777328,0.0001483700,-0.0031792583,0.0007187116,0.0000000000,-0.0004981677,1.0000000000,0.0419278226,-0.6676442349,7.492,1.000000,18.1765949701,8,0.1491655473
16.550096,2.6129393084,2.5326022808,-0.0859384812,0.2239865599,0.0790646133,-0.3099250411,0.1423374721,-0.0125509971,-4.2018748960,0.1886858419,0.5147629150,0.9245781105,0.0000453184,0.0020528741,0.0007904026,0.0000000000,-0.0005962057,1.0000000000,0.0419278226,0.4311035672,7.341,1.000000,18.1765949701,6,0.1465135437
16.558424,2.6121646936,2.5356702424,-0.1000758529,0.2366014704,0.0751503746,-0.3366773232,0.1429637253,-0.0464594409,-4.0690132520,0.1825023478,0.5147630778,0.9245831739,0.0006076171,0.0068974571,0.0008586290,0.0000000000,-0.0006934708,1.0000000000,0.0419278226,1.4484659970,7.189,1.000000,18.1765949701,7,0.1440898449
16.566763,2.6112713518,2.5387382040,-0.1141634458,0.2480438995,0.0711240696,-0.3622073453,0.1435564259,-0.0794012730,-3.9530198587,0.1767140991,0.5147652602,0.9245976594,0.0017382567,0.0114029779,0.0009237383,0.0000000000,-0.0007900274,1.0000000000,0.0419278226,2.3946253687,7.038,1.000000,18.1765949701,6,0.1420759556
16.575092,2.6102622205,2.5418061655,-0.1281547895,0.2584228225,0.0669880165,-0.3865776120,0.1441146593,-0.1114352954,-3.8440826912,0.1715343557,0.5147715035,0.9246256548,0.0033594483,0.0156192314,0.0009858899,0.0000000000,-0.0008855141,1.0000000000,0.0419278226,3.2800385867,6.886,1.000000,18.1765949701,8,0.1406256732
16.583426,2.6091361424,2.5433401463,-0.1420675231,0.2678370860,0.0642744774,-0.4099046091,0.1446502800,-0.1396232330,-3.3825525076,0.1675090182,0.5147835682,0.9246689506,0.0051954993,0.0192209035,0.0010453808,0.0000000000,-0.0009800118,1.0000000000,0.0419278226,4.0363897323,6.735,1.000000,18.1765949701,6,0.1397993020
16.591756,2.6078951616,2.5464081079,-0.1558760252,0.2763763493,0.0599170255,-0.4322523745,0.1451495885,-0.1701325553,-3.6611186717,0.1639104627,0.5148022232,0.9247323670,0.0076099660,0.0230559763,0.0011023743,0.0000000000,-0.0010733104,1.0000000000,0.0419278226,4.8417550255,6.583,1.000000,18.1765949701,6,0.1397664505
16.600157,2.6065275677,2.5494760695,-0.1696939389,0.2841219386,0.0554374692,-0.4538158775,0.1456115674,-0.2001369232,-3.6005241531,0.1612820695,0.5148295400,0.9248192466,0.0104255431,0.0268097564,0.0011573678,0.0000000000,-0.0011661388,1.0000000000,0.0419278226,5.6300488422,6.432,1.000000,18.1765949701,6,0.1406269384
16.608770,2.6050052492,2.5510100503,-0.1837396991,0.2889187454,0.0523539204,-0.4726584446,0.1460478501,-0.2246732221,-2.9443558661,0.1602488739,0.5148669487,0.9249282997,0.0130863794,0.0299345996,0.0012054220,0.0000000000,-0.0012599068,1.0000000000,0.0419278226,6.2862659059,6.280,1.000000,18.1765949701,7,0.1422934338
16.617300,2.6033792753,2.5540780118,-0.1975145974,0.2910408416,0.0476479297,-0.4885554391,0.1464449162,-0.2495247875,-2.9821878434,0.1599414083,0.5149138808,0.9250626528,0.0161223704,0.0331644884,0.0012459642,0.0000000000,-0.0013512458,1.0000000000,0.0419278226,6.9645425722,6.129,1.000000,18.1765949701,7,0.1448361434
16.625094,2.6017911914,2.5556119926,-0.2099785647,0.2929657015,0.0445149304,-0.5029442663,0.1468158739,-0.2697699688,-2.4294217601,0.1610830124,0.5149716640,0.9252203841,0.0189277587,0.0359810750,0.0012826600,0.0000000000,-0.0014333288,1.0000000000,0.0419278226,7.5560257432,5.978,1.000000,18.1765949701,5,0.1481298016
16.633451,2.5999810226,2.5556119926,-0.2232029011,0.2924827813,0.0427075050,-0.5156856824,0.1471717698,-0.2857500010,-1.9176038674,0.1635289538,0.5150394496,0.9253990199,0.0214362932,0.0384324022,0.0013151545,0.0000000000,-0.0015198009,1.0000000000,0.0419278226,8.0708044615,5.826,1.000000,18.1765949701,5,0.1520336033
16.641751,2.5980743556,2.5571459734,-0.2361853330,0.2898158699,0.0392820073,-0.5260012029,0.1474991199,-0.3025457768,-2.0154930969,0.1663941101,0.5151161507,0.9256014580,0.0242925704,0.0410980898,0.0013414622,0.0000000000,-0.0016040402,1.0000000000,0.0419278226,8.6305988627,5.675,1.000000,18.1765949701,5,0.1565974636
16.650088,2.5960516192,2.5571459734,-0.2490624477,0.2851679563,0.0372856746,-0.5342304040,0.1474991199,-0.3147396946,-1.4632701277,0.1705275365,0.5152029844,0.9256014580,0.0000000000,0.0419278226,0.0013624492,0.0000000000,-0.0016869288,1.0000000000,0.0419278226,8.8048427556,5.523,1.000000,18.1765949701,7,0.1565974636
16.658418,2.5939237763,2.5586799542,-0.2617598536,0.2787231630,0.0336604622,-0.5404830166,0.1474991199,-0.3281919790,-1.6142741317,0.1693274528,0.5152029844,0.9256014580,0.0000000000,0.0419278226,0.0013783952,0.0000000000,-0.0017679819,1.0000000000,0.0419278226,8.8048427556,5.372,1.000000,18.1765949701,7,0.1565974636
16.666751,2.5916903286,2.5586799542,-0.2742810746,0.2706484994,0.0314728847,-0.5449295740,0.1474991199,-0.3369830653,-1.0549303553,0.1687152433,0.5152029844,0.9256014580,0.0000000000,0.0419278226,0.0013897353,0.0000000000,-0.0018472245,1.0000000000,0.0419278226,8.8048427556,5.220,1.000000,18.1765949701,4,0.1565974636
16.675090,2.5893515185,2.5586799542,-0.2866235936,0.2588665764,0.0292010049,-0.5454901700,0.1474991199,-0.3420556146,-0.6087059137,0.1684686237,0.5152029844,0.9256014580,0.0000000000,0.0419278226,0.0013911650,0.0000000000,-0.0019246457,1.0000000000,0.0419278226,8.8048427556,5.069,1.000000,18.1765949701,6,0.1565974636
16.683425,2.5869116777,2.5586799542,-0.2987641963,0.2459508377,0.0268345354,-0.5447150340,0.1474991199,-0.3459802871,-0.4709607049,0.1683412005,0.5152029844,0.9256014580,0.0000000000,0.0419278226,0.0013891881,0.0000000000,-0.0020001099,1.0000000000,0.0419278226,8.8048427556,4.917,1.000000,18.1765949701,4,0.1565974636
16.691753,2.5843736641,2.5571459734,-0.3106900058,0.2297777890,0.0259223778,-0.5404677948,0.1474991199,-0.3435445927,0.2922833226,0.1689711697,0.5152029844,0.9256014580,0.0000000000,0.0419278226,0.0013783564,0.0000000000,-0.0020735524,0.9993531066,0.0419278226,8.8048427556,4.766,1.000000,18.1765949701,6,0.1565974636
16.700088,2.5817350890,2.5586799542,-0.3224122990,0.2128790538,0.0218458196,-0.5352913528,0.1474991199,-0.3464641954,-0.3503523235,0.1688204216,0.5152029844,0.9256014580,0.0000000000,0.0419278226,0.0013651549,0.0000000000,-0.0021450606,0.8456282099,0.0419278226,8.8048427556,4.614,1.000000,18.1765949701,6,0.1565974636
16.708422,2.5790000588,2.5586799542,-0.3339121785,0.1953220803,0.0192105264,-0.5292342588,0.1474991199,-0.3456407937,0.0988082140,0.1691734471,0.5152029844,0.9256014580,0.0000000000,0.0419278226,0.0013497075,0.0000000000,-0.0022145397,0.6489819234,0.0419278226,8.8048427556,4.463,1.000000,18.1765949701,2,0.1565974636
16.716760,2.5761686427,2.5571459734,-0.3451889775,0.1793969236,0.0180035581,-0.5245859012,0.1474991199,-0.3433894752,0.2701582192,0.1698115490,0.5152029844,0.9256014580,0.0000000000,0.0419278226,0.0013378528,0.0000000000,-0.0022820100,0.5472291647,0.0419278226,8.8048427556,4.311,1.000000,18.1765949701,4,0.1565974636
16.725093,2.5732462576,2.5571459734,-0.3562212856,0.1627230404,0.0151758933,-0.5189443259,0.1474991199,-0.3433636421,0.0030999639,0.1701025151,0.5152029844,0.9256014580,0.0000000000,0.0419278226,0.0013234650,0.0000000000,-0.0023473711,0.3087153571,0.0419278226,8.8048427556,4.160,1.000000,18.1765949701,5,0.1565974636
16.733424,2.5702333937,2.5586799542,-0.3670079937,0.1475988959,0.0107149654,-0.5146068897,0.1474991199,-0.3478856088,-0.5426359988,0.1698210350,0.5152029844,0.9256014580,0.0000000000,0.0419278226,0.0013124033,0.0000000000,-0.0024106476,0.0359778338,0.0419278226,8.8048427556,4.008,1.000000,18.1765949701,4,0.1565974636
16.741853,2.5670948752,2.5571459734,-0.3776651238,0.1338804513,0.0091883589,-0.5115455751,0.1474991199,-0.3478561347,0.0035368870,0.1702731347,0.5152029844,0.9256014580,0.0000000000,0.0419278226,0.0013045960,0.0000000000,-0.0024725423,0.0020624449,0.0419278226,8.8048427556,3.857,1.000000,18.1765949701,2,0.1565974636
16.750097,2.5639391522,2.5586799542,-0.3878330679,0.1214370550,0.0045693430,-0.5092701229,0.1474991199,-0.3547540480,-0.8277495970,0.1697722745,0.5152029844,0.9256014580,0.0000000000,0.0419278226,0.0012987929,0.0000000000,-0.0025310111,0.0000000000,0.0419278226,8.8048427556,3.705,1.000000,18.1765949701,3,0.1565974636
16.758429,2.5606658907,2.5571459734,-0.3978444984,0.1101501988,0.0028941803,-0.5079946972,0.1474991199,-0.3568054955,-0.2461736952,0.1700362262,0.5152029844,0.9256014580,0.0000000000,0.0419278226,0.0012955402,0.0000000000,-0.0025880142,0.0000000000,0.0419278226,8.8048427556,3.554,1.000000,18.1765949701,5,0.1565974636
16.766755,2.5573126258,2.5571459734,-0.4075769184,0.0999123891,-0.0004009260,-0.5074893075,0.1474957788,-0.3628474814,-0.7250383096,0.1697780134,0.5152029844,0.9256014580,0.0000000000,0.0419278226,0.0012942513,0.0000000000,-0.0026428841,0.0000000000,0.0419278226,8.8048427556,3.403,1.000000,18.1765949701,4,0.1565974636
16.775184,2.5538367462,2.5586799542,-0.4171450521,0.0906261234,-0.0053580334,-0.5077711755,0.1474511285,-0.3730181919,-1.2204852610,0.1689890948,0.5152029844,0.9256014580,0.0000000000,0.0419278226,0.0012949701,0.0000000000,-0.0026962985,0.0000000000,0.0419278226,8.8048427556,3.251,1.000000,18.1765949701,2,0.1565974636
16.783426,2.5503611380,2.5586799542,-0.4262182216,0.0822029611,-0.0087857916,-0.5084211826,0.1473779136,-0.3805479204,-0.9035674213,0.1686001991,0.5152029844,0.9256014580,0.0000000000,0.0419278226,0.0012966278,0.0000000000,-0.0027464599,0.0000343736,0.0419278226,8.8048427556,3.100,1.000000,18.1765949701,2,0.1565974636
16.791758,2.5467725595,2.5586799542,-0.4351005287,0.0745626819,-0.0123309676,-0.5096632106,0.1472751555,-0.3889319923,-1.0060886231,0.1681393370,0.5152029844,0.9256014580,0.0000000000,0.0419278226,0.0012997954,0.0000000000,-0.0027951003,0.1103276903,0.0419278226,8.8048427556,2.948,1.000000,18.1765949701,2,0.1565974636
16.800093,2.5431101574,2.5571459734,-0.4436871138,0.0676325215,-0.0144200203,-0.5113196353,0.1471549887,-0.3948557661,-0.7108528577,0.1680693635,0.5152029844,0.9256014580,0.0000000000,0.0419278226,0.0013040198,0.0000000000,-0.0028416795,0.2498080687,0.0419278226,8.8048427556,2.797,1.000000,18.1765949701,3,0.1565974636
16.808425,2.5393785158,2.5586799542,-0.4519672282,0.0613464785,-0.0196499332,-0.5133137068,0.1469912393,-0.4073979095,-1.5050572128,0.1670699574,0.5152029844,0.9256014580,0.0000000000,0.0419278226,0.0013091052,0.0000000000,-0.0028861820,0.6848000937,0.0419278226,8.8048427556,2.645,1.000000,18.1765949701,4,0.1565974636
16.816843,2.5355395842,2.5586799542,-0.4600183477,0.0556446861,-0.0234564742,-0.5156630338,0.1467957686,-0.4174997707,-1.2122233374,0.1664629322,0.5152029844,0.9256014580,0.0000000000,0.0419278226,0.0013150967,0.0000000000,-0.0029290612,0.9345508384,0.0419278226,8.8048427556,2.494,1.000000,18.1765949701,3,0.1565974636
16.825092,2.5317134186,2.5571459734,-0.4675954590,0.0504728416,-0.0257192790,-0.5180683006,0.1465814413,-0.4246103051,-0.8532641296,0.1662912596,0.5152029844,0.9256014580,0.0000000000,0.0419278226,0.0013212309,0.0000000000,-0.0029690604,0.9979468664,0.0419278226,8.8048427556,2.342,1.000000,18.1765949701,2,0.1565974636
16.833426,2.5277860439,2.5586799542,-0.4749310757,0.0457816894,-0.0311539852,-0.5207127651,0.1463218248,-0.4383040907,-1.6432542678,0.1651908439,0.5152029844,0.9256014580,0.0000000000,0.0419278226,0.0013279751,0.0000000000,-0.0030074547,1.0000000000,0.0419278226,8.8048427556,2.191,1.000000,18.1765949701,1,0.1565974636
16.841768,2.5237946976,2.5571459734,-0.4819483557,0.0415265521,-0.0335871782,-0.5234749078,0.1460419316,-0.4461745431,-0.9444542890,0.1649577592,0.5152029844,0.9256014580,0.0000000000,0.0419278226,0.0013350194,0.0000000000,-0.0030438777,1.0000000000,0.0419278226,8.8048427556,2.039,1.000000,18.1765949701,1,0.1565974636
16.850124,2.5197389434,2.5571459734,-0.4886462401,0.0376669046,-0.0376210067,-0.5263131447,0.1457284232,-0.4573330981,-1.3390266005,0.1642591191,0.5152029844,0.9256014580,0.0000000000,0.0419278226,0.0013422577,0.0000000000,-0.0030783634,1.0000000000,0.0419278226,8.8048427556,1.888,1.000000,18.1765949701,1,0.1565974636
16.858430,2.5156541302,2.5571459734,-0.4949691564,0.0341659885,-0.0416859321,-0.5291351449,0.1453810405,-0.4685705764,-1.3484973972,0.1635531468,0.5152029844,0.9256014580,0.0000000000,0.0419278226,0.0013494547,0.0000000000,-0.0031106672,1.0000000000,0.0419278226,8.8048427556,1.736,1.000000,18.1765949701,0,0.1565974636
16.866762,2.5115044515,2.5571459734,-0.5009743456,0.0309904619,-0.0458175714,-0.5319648076,0.1449992274,-0.4799821612,-1.3693901708,0.1628336150,0.5152029844,0.9256014580,0.0000000000,0.0419278226,0.0013566712,0.0000000000,-0.0031411211,1.0000000000,0.0419278226,8.8048427556,1.585,1.000000,18.1765949701,1,0.1565974636
16.875092,2.5073078211,2.5571459734,-0.5066340869,0.0281100817,-0.0499978390,-0.5347441686,0.1445825787,-0.4914743696,-1.3790650166,0.1621080611,0.5152029844,0.9256014580,0.0000000000,0.0419278226,0.0013637594,0.0000000000,-0.0031696205,1.0000000000,0.0419278226,8.8048427556,1.433,1.000000,18.1765949701,1,0.1565974636
16.883451,2.5030502082,2.5586799542,-0.5119653454,0.0254974159,-0.0557745907,-0.5374627612,0.1441177905,-0.5061238953,-1.7579430813,0.1609266139,0.5152029844,0.9256014580,0.0000000000,0.0419278226,0.0013706926,0.0000000000,-0.0031962858,1.0000000000,0.0419278226,8.8048427556,1.282,1.000000,18.1765949701,0,0.1565974636
16.891759,2.4987759331,2.5571459734,-0.5169141733,0.0231275818,-0.0585014226,-0.5400417551,0.1436302786,-0.5145990877,-1.0170230844,0.1606499233,0.5152029844,0.9256014580,0.0000000000,0.0419278226,0.0013772699,0.0000000000,-0.0032208815,1.0000000000,0.0419278226,8.8048427556,1.130,1.000000,18.1765949701,0,0.1565974636
16.900092,2.4944489365,2.5571459734,-0.5215242001,0.0209780098,-0.0628162080,-0.5425022099,0.1431068102,-0.5261448719,-1.3854941130,0.1599239994,0.5152029844,0.9256014580,0.0000000000,0.0419278226,0.0013835448,0.0000000000,-0.0032436573,1.0000000000,0.0419278226,8.8048427556,0.979,1.000000,18.1765949701,0,0.1565974636
16.908420,2.4900877857,2.5571459734,-0.5257742333,0.0190282279,-0.0671662825,-0.5448024611,0.1425470912,-0.5376362815,-1.3789691442,0.1592044135,0.5152029844,0.9256014580,0.0000000000,0.0419278226,0.0013894111,0.0000000000,-0.0032645383,1.0000000000,0.0419278226,8.8048427556,0.828,1.000000,18.1765949701,0,0.1565974636
16.916836,2.4856462526,2.5571459734,-0.5297034650,0.0172596666,-0.0715977689,-0.5469631316,0.1419504431,-0.5491862082,-1.3859912009,0.1584838791,0.5152029844,0.9256014580,0.0000000000,0.0419278226,0.0013949215,0.0000000000,-0.0032837438,1.0000000000,0.0419278226,8.8048427556,0.676,1.000000,18.1765949701,0,0.1565974636
16.925091,2.4812585946,2.5571459734,-0.5331982080,0.0156554826,-0.0759763139,-0.5488536906,0.1413173072,-0.5603968606,-1.3452782947,0.1577908715,0.5152029844,0.9256014580,0.0000000000,0.0419278226,0.0013997430,0.0000000000,-0.0033007452,1.0000000000,0.0419278226,8.8048427556,0.525,1.000000,18.1765949701,0,0.1565974636
16.933426,2.4768013517,2.5571459734,-0.5363624794,0.0142003981,-0.0804252908,-0.5505628775,0.1406470964,-0.5716025763,-1.3446858836,0.1571024856,0.5152029844,0.9256014580,0.0000000000,0.0419278226,0.0014041019,0.0000000000,-0.0033160737,1.0000000000,0.0419278226,8.8048427556,0.373,1.000000,18.1765949701,0,0.1565974636
16.941755,2.4723217042,2.5571459734,-0.5391576584,0.0128805551,-0.0848974406,-0.5520382134,0.1399396177,-0.5826572103,-1.3265560836,0.1564294745,0.5152029844,0.9256014580,0.0000000000,0.0419278226,0.0014078645,0.0000000000,-0.0033295626,1.0000000000,0.0419278226,8.8048427556,0.222,1.000000,18.1765949701,0,0.1565974636
16.950173,2.4677726999,2.5571459734,-0.5416072733,0.0116833836,-0.0894396440,-0.5532906570,0.1391942874,-0.5936654021,-1.3209830062,0.1557652680,0.5152029844,0.9256014580,0.0000000000,0.0419278226,0.0014110586,0.0000000000,-0.0033413440,1.0000000000,0.0419278226,8.8048427556,0.070,1.000000,18.1765949701,0,0.1565974636
16.958430,2.4632918751,2.5571459734,-0.5436422373,0.0105974822,-0.0939143001,-0.5542397195,0.1384116682,-0.6042728325,-1.2728916572,0.1551343352,0.5152029844,0.9256014580,0.0000000000,0.0419278226,0.0014134790,0.0000000000,-0.0033511028,1.0000000000,0.0419278226,8.8048427556,-0.081,1.000000,18.1765949701,0,0.1565974636
16.966762,2.4587552519,2.5571459734,-0.5453247414,0.0096125089,-0.0984453279,-0.5549372503,0.1375912905,-0.6147779172,-1.2606101541,0.1545168776,0.5152029844,0.9256014580,0.0000000000,0.0419278226,0.0014152579,0.0000000000,-0.0033591520,1.0000000000,0.0419278226,8.8048427556,-0.233,1.000000,18.1765949701,0,0.1565974636
16.975091,2.4542075734,2.5571459734,-0.5466333249,0.0087190830,-0.1029879310,-0.5553524080,0.1367330577,-0.6250609442,-1.2339632400,0.1539213927,0.5152029844,0.9256014580,0.0000000000,0.0419278226,0.0014163167,0.0000000000,-0.0033654002,1.0000000000,0.0419278226,8.8048427556,-0.384,1.000000,18.1765949701,0,0.1565974636
16.983446,2.4496358714,2.5556119926,-0.5475700724,0.0079086958,-0.1060210487,-0.5554787682,0.1358495490,-0.6320822590,-0.8425577783,0.1538035214,0.5152029844,0.9256014580,0.0000000000,0.0419278226,0.0014166389,0.0000000000,-0.0033698664,1.0000000000,0.0419278226,8.8048427556,-0.536,1.000000,18.1765949701,0,0.1565974636
16.991759,2.4450815478,2.5556119926,-0.5481276046,0.0071736293,-0.1105711965,-0.5553012339,0.1349281223,-0.6418498900,-1.1721157252,0.1532576420,0.5152029844,0.9256014580,0.0000000000,0.0419278226,0.0014161861,0.0000000000,-0.0033725220,1.0000000000,0.0419278226,8.8048427556,-0.687,1.000000,18.1765949701,0,0.1565974636
17.000092,2.4405130251,2.5540780118,-0.5483113327,0.0065068829,-0.1136019508,-0.5548182156,0.1339814394,-0.6483194256,-0.7763442698,0.1531941483,0.5152029844,0.9256014580,0.0000000000,0.0419278226,0.0014149543,0.0000000000,-0.0033733967,1.0000000000,0.0419278226,8.8048427556,-0.839,1.000000,18.1765949701,0,0.1565974636
17.008425,2.4359445873,2.5540780118,-0.5481193183,0.0036732308,-0.1181542913,-0.5517925491,0.1329968203,-0.6553055900,-0.8383397253,0.1529296543,0.5152029844,0.9256014580,0.0000000000,0.0419278226,0.0014072379,0.0000000000,-0.0033724826,1.0000000000,0.0419278226,8.8048427556,-0.990,1.000000,18.1765949701,0,0.1565974636
17.016808,2.4313517953,2.5525440310,-0.5475471345,0.0011029499,-0.1211985013,-0.5486500845,0.1319868328,-0.6592048236,-0.4679080301,0.1531293129,0.5152029844,0.9256014580,0.0000000000,0.0419278226,0.0013992237,0.0000000000,-0.0033697571,1.0000000000,0.0419278226,8.8048427556,-1.142,1.000000,18.1765949701,0,0.1565974636
17.025093,2.4268189690,2.5510100503,-0.5466085187,-0.0034573143,-0.1241714411,-0.5431512044,0.1309520708,-0.6606305279,-0.1710845232,0.1535765732,0.5152029844,0.9256014580,0.0000000000,0.0419278226,0.0013851999,0.0000000000,-0.0033652819,1.0000000000,0.0419278226,8.8048427556,-1.293,1.000000,18.1765949701,0,0.1565974636
17.033430,2.4222668562,2.5494760695,-0.5452901495,-0.0098226047,-0.1271534134,-0.5354675447,0.1298924590,-0.6599138945,0.0859960134,0.1542437884,0.5152029844,0.9256014580,0.0000000000,0.0419278226,0.0013656042,0.0000000000,-0.0033589867,1.0000000000,0.0419278226,8.8048427556,-1.445,1.000000,18.1765949701,0,0.1565974636
17.041760,2.4177316546,2.5479420887,-0.5435994990,-0.0155962791,-0.1301218354,-0.5280032200,0.1288081104,-0.6594140766,0.0599781483,0.1548876417,0.5152029844,0.9256014580,0.0000000000,0.0419278226,0.0013465679,0.0000000000,-0.0033508981,1.0000000000,0.0419278226,8.8048427556,-1.596,1.000000,18.1765949701,0,0.1565974636
17.050092,2.4132108120,2.5479420887,-0.5415360018,-0.0230622003,-0.1346002658,-0.5184738015,0.1276864415,-0.6598848414,-0.0564917805,0.1552735920,0.5152029844,0.9256014580,0.0000000000,0.0419278226,0.0013222650,0.0000000000,-0.0033410017,1.0000000000,0.0419278226,8.8048427556,-1.747,1.000000,18.1765949701,-2,0.1565974636
17.058506,2.4086643445,2.5464081079,-0.5390756053,-0.0320630841,-0.1375616206,-0.5070125212,0.1265400947,-0.6554351659,0.5339610558,0.1563169570,0.5152029844,0.9256014580,0.0000000000,0.0419278226,0.0012930353,0.0000000000,-0.0033291673,1.0000000000,0.0419278226,8.8048427556,-1.899,1.000000,18.1765949701,-1,0.1565974636
17.066761,2.4042254610,2.5433401463,-0.5362956656,-0.0402273889,-0.1388861631,-0.4960682766,0.1253827100,-0.6482627007,0.8606958283,0.1577912665,0.5152029844,0.9256014580,0.0000000000,0.0419278226,0.0012651242,0.0000000000,-0.0033157507,1.0000000000,0.0419278226,8.8048427556,-2.050,1.000000,18.1765949701,-2,0.1565974636
17.075101,2.3997657091,2.5387382040,-0.5331208466,-0.0498617457,-0.1386892422,-0.4832591009,0.1242269663,-0.6362020599,1.4472768964,0.1599323387,0.5152029844,0.9256014580,0.0000000000,0.0419278226,0.0012324569,0.0000000000,-0.0033003697,1.0000000000,0.0419278226,8.8048427556,-2.202,1.000000,18.1765949701,-1,0.1565974636
17.083419,2.3953458003,2.5356702424,-0.5295900400,-0.0608295218,-0.1399788841,-0.4687605183,0.1230604756,-0.6254149231,1.2944564175,0.1617763938,0.5152029844,0.9256014580,0.0000000000,0.0419278226,0.0011954811,0.0000000000,-0.0032831907,1.0000000000,0.0419278226,8.8048427556,-2.353,1.000000,18.1765949701,-2,0.1565974636
17.091755,2.3909469043,2.5326022808,-0.5256884542,-0.0752356595,-0.1412279806,-0.4504527947,0.1218835758,-0.6107483863,1.7599844195,0.1640079551,0.5152029844,0.9256014580,0.0000000000,0.0419278226,0.0011487909,0.0000000000,-0.0032641180,1.0000000000,0.0419278226,8.8048427556,-2.505,1.000000,18.1765949701,-2,0.1565974636
17.100190,2.3865307860,2.5264663576,-0.5213739217,-0.0905317076,-0.1394212826,-0.4308422140,0.1207217317,-0.5886953384,2.6463657439,0.1673420249,0.5152029844,0.9256014580,0.0000000000,0.0419278226,0.0010987780,0.0000000000,-0.0032429170,1.0000000000,0.0419278226,8.8048427556,-2.656,1.000000,18.1765949701,-2,0.1565974636
17.108423,2.3822569999,2.5203304345,-0.5168096737,-0.1110927059,-0.1374423434,-0.4057169678,0.1195763789,-0.5607692929,3.3511254602,0.1712546593,0.5152029844,0.9256014580,0.0000000000,0.0419278226,0.0010347010,0.0000000000,-0.0032203637,1.0000000000,0.0419278226,8.8048427556,-2.808,1.000000,18.1765949701,-2,0.1565974636
17.116758,2.3779698241,2.5141945113,-0.5118365247,-0.1342004326,-0.1354623265,-0.3776360921,0.1184475261,-0.5298692080,3.7080101919,0.1754533364,0.5152029844,0.9256014580,0.0000000000,0.0419278226,0.0009630863,0.0000000000,-0.0031956435,1.0000000000,0.0419278226,8.8048427556,-2.959,1.000000,18.1765949701,-3,0.1565974636
17.125091,2.3737263809,2.5080585882,-0.5065135031,-0.1618470600,-0.1334127927,-0.3446664431,0.1173357529,-0.4939254476,4.3132512491,0.1801152930,0.5152029844,0.9256014580,0.0000000000,0.0419278226,0.0008790037,0.0000000000,-0.0031690154,1.0000000000,0.0419278226,8.8048427556,-3.111,1.000000,18.1765949701,-2,0.1565974636
17.133426,2.3695282738,2.5019226650,-0.5008426689,-0.1936107243,-0.1312945348,-0.3072319446,0.1162416318,-0.4533629460,4.8675001888,0.1851642583,0.5152029844,0.9256014580,0.0000000000,0.0419278226,0.0007835344,0.0000000000,-0.0031404557,1.0000000000,0.0419278226,8.8048427556,-3.262,1.000000,18.1765949701,-3,0.1565974636
17.141786,2.3653661075,2.4927187803,-0.4948093615,-0.2291087711,-0.1260511604,-0.2657005904,0.1151912054,-0.4024540221,6.1090708668,0.1915482226,0.5152029844,0.9256014580,0.0000000000,0.0419278226,0.0006776169,0.0000000000,-0.0031098538,1.0000000000,0.0419278226,8.8048427556,-3.414,1.000000,18.1765949701,-4,0.1565974636
17.150095,2.3612806495,2.4850488764,-0.4884745435,-0.2657652360,-0.1222584779,-0.2227093076,0.1141723848,-0.3529350788,5.9422731915,0.1974514322,0.5152029844,0.9256014580,0.0000000000,0.0419278226,0.0005679761,0.0000000000,-0.0030774828,1.0000000000,0.0419278226,8.8048427556,-3.565,1.000000,18.1765949701,-1,0.1565974636
17.158429,2.3572372598,2.4758449916,-0.4817864671,-0.3057013265,-0.1168711154,-0.1760851406,0.1131984588,-0.2965719487,6.7635756198,0.2040410732,0.5152029844,0.9256014580,0.0000000000,0.0419278226,0.0004490704,0.0000000000,-0.0030430408,1.0000000000,0.0419278226,8.8048427556,-3.717,1.000000,18.1765949701,-3,0.1565974636
17.166754,2.3532556933,2.4666411069,-0.4747766702,-0.3486122210,-0.1114050307,-0.1261644492,0.1122700835,-0.2367110365,7.1833094596,0.2106957463,0.5152029844,0.9257460655,0.0173529076,0.0350838146,0.0003217575,0.0000000000,-0.0030066499,1.0000000000,0.0419278226,7.3676010700,-3.868,1.000000,18.1765949701,-3,0.1592766055
17.175088,2.3493292103,2.4589712030,-0.4674332889,-0.3942214288,-0.1074025146,-0.0732118601,0.1113750626,-0.1766919850,7.2022861772,0.2204980807,0.5152649554,0.9258291885,0.0099747485,0.0263066282,0.0001867124,0.0000000000,-0.0029682079,1.0000000000,0.0419278226,5.5243919225,-4.020,1.000000,18.1765949701,-4,0.1595700564
17.183419,2.3454663907,2.4482333375,-0.4597717835,-0.4422781579,-0.1002544699,-0.0174936256,0.1105396087,-0.1076015323,8.2908543285,0.2279841559,0.5153005558,0.9258607372,0.0037858519,0.0152471930,0.0000446140,0.0000000000,-0.0029277538,1.0000000000,0.0419278226,3.2019105367,-3.868,1.000000,18.1765949701,-3,0.1579196412
17.191757,2.3416660936,2.4374954720,-0.4517896218,-0.4903260497,-0.0930439529,0.0385364279,0.1097642424,-0.0380159411,8.3502709461,0.2322033652,0.5153140636,0.9258647260,0.0004786590,0.0035048120,-0.0000982795,-0.0000000000,-0.0028852317,1.0000000000,0.0419278226,0.7360105252,-3.717,1.000000,18.1765949701,-4,0.1552510882
17.200190,2.3378913761,2.4267576064,-0.4434009481,-0.5383659256,-0.0858079018,0.0949649775,0.1090491766,0.0320783161,8.4113108551,0.2342633233,0.5153157713,0.9258675838,0.0003429341,-0.0085913204,-0.0002421894,-0.0000000000,-0.0028401342,1.0000000000,0.0419278226,-1.8041772820,-3.565,1.000000,18.1765949701,-3,0.1525886508
17.209404,2.3338493098,2.4160197409,-0.4338792843,-0.5886274065,-0.0788265790,0.1547481223,0.1083922884,0.1050786439,8.7600393415,0.2356704187,0.5153169948,0.9258983777,0.0036952706,-0.0213050999,-0.0003946545,-0.0000000000,-0.0027884401,1.0000000000,0.0419278226,-4.4740709790,-3.414,1.000000,18.1765949701,-4,0.1511002450
17.217643,2.3303109824,2.4037478946,-0.4250580548,-0.6364462558,-0.0698214127,0.2113882010,0.1078104433,0.1790292551,8.8740733492,0.2385373689,0.5153301767,0.9259885325,0.0108185703,-0.0344200966,-0.0005391039,-0.0000000000,-0.0027400726,1.0000000000,0.0419278226,-7.2282202840,-3.262,1.000000,18.1765949701,-3,0.1520767909
17.225606,2.3269609104,2.3945440099,-0.4162605373,-0.6842783773,-0.0636958770,0.2680178399,0.1078104433,0.2478242080,8.2553943456,0.2437825536,0.5153687569,0.9259885325,0.0000000000,-0.0419278226,-0.0006835266,-0.0000000000,-0.0026913828,1.0000000000,0.0419278226,-8.8048427556,-3.111,1.000000,18.1765949701,-3,0.1520767909
17.234606,2.3232604485,2.3822721636,-0.4060045343,-0.7298936617,-0.0548653631,0.3238891274,0.1078104433,0.3212328961,8.8090425686,0.2475764717,0.5153687569,0.9259885325,0.0000000000,-0.0419278226,-0.0008260153,-0.0000000000,-0.0026340559,1.0000000000,0.0419278226,-8.8048427556,-2.959,1.000000,18.1765949701,-3,0.1520767909
17.243277,2.3197841220,2.3730682789,-0.3958169855,-0.7734981510,-0.0488900982,0.3776811655,0.1078104433,0.3868918103,7.8790697040,0.2498305084,0.5153687569,0.9259885325,0.0000000000,-0.0419278226,-0.0009632012,-0.0000000000,-0.0025765156,1.0000000000,0.0419278226,-8.8048427556,-2.808,1.000000,18.1765949701,-3,0.1520767909
17.251917,2.3164088661,2.3623304133,-0.3853722106,-0.8152787366,-0.0412901430,0.4299065259,0.1078104433,0.4542106817,8.0782645696,0.2518741838,0.5153687569,0.9259885325,0.0000000000,-0.0419278226,-0.0010963917,-0.0000000000,-0.0025169132,1.0000000000,0.0419278226,-8.8048427556,-2.656,1.000000,18.1765949701,-2,0.1520767909
17.260184,2.3132653336,2.3515925478,-0.3751137371,-0.8531760638,-0.0334805242,0.4780623267,0.1078104433,0.5178763854,7.6398844383,0.2533785806,0.5153687569,0.9259885325,0.0000000000,-0.0419278226,-0.0012192036,-0.0000000000,-0.0024577810,1.0000000000,0.0419278226,-8.8048427556,-2.505,1.000000,18.1765949701,-3,0.1520767909
17.270344,2.3095195644,2.3393207015,-0.3621596390,-0.8875510585,-0.0247591710,0.5253914195,0.1078104433,0.5825260856,7.7579640336,0.2546774524,0.5153687569,0.9259885325,0.0000000000,-0.0419278226,-0.0013399071,-0.0000000000,-0.0023822841,0.9811990338,0.0419278226,-8.8048427556,-2.353,1.000000,18.1765949701,-3,0.1520767909
17.279675,2.3061970176,2.3285828360,-0.3499374387,-0.9187311007,-0.0171667259,0.5687936620,0.1078104433,0.6410069242,7.0177006220,0.2552166810,0.5153687569,0.9259885325,0.0000000000,-0.0419278226,-0.0014505959,-0.0000000000,-0.0023102214,0.4753802676,0.0419278226,-8.8048427556,-2.202,1.000000,18.1765949701,-2,0.1520767909
17.288570,2.3031373577,2.3178449705,-0.3380069838,-0.9470131424,-0.0093278568,0.6090061586,0.1078104433,0.6967874149,6.6936588844,0.2554288986,0.5153687569,0.9259885325,0.0000000000,-0.0419278226,-0.0015531499,-0.0000000000,-0.0022391158,0.0034780033,0.0419278226,-8.8048427556,-2.050,1.000000,18.1765949701,-1,0.1520767909
17.297050,2.3003202770,2.3086410858,-0.3263871205,-0.9704376598,-0.0028079836,0.6440505393,0.1078104433,0.7447802636,5.7591418492,0.2552151220,0.5153687569,0.9259885325,0.0000000000,-0.0419278226,-0.0016425237,-0.0000000000,-0.0021691514,0.0000000000,0.0419278226,-8.8048427556,-1.899,1.000000,18.1765949701,-1,0.1520767909
17.305326,2.2976665321,2.2994372010,-0.3148217186,-0.9916850067,0.0038628574,0.6768632881,0.1078426338,0.7908730440,5.5311336478,0.2548139508,0.5153687569,0.9259885325,0.0000000000,-0.0419278226,-0.0017262062,-0.0000000000,-0.0020988345,0.0000000000,0.0419278226,-8.8048427556,-1.747,1.000000,18.1765949701,-2,0.1520767909
17.313363,2.2951821031,2.2902333163,-0.3033876014,-1.0087286627,0.0106791340,0.7053410612,0.1079316266,0.8329756938,5.0523179787,0.2544308105,0.5153687569,0.9259885325,0.0000000000,-0.0419278226,-0.0017988331,-0.0000000000,-0.0020286639,0.0347441954,0.0419278226,-8.8048427556,-1.596,1.000000,18.1765949701,-3,0.1520767909
17.320899,2.2929369518,2.2840973932,-0.2924916209,-1.0241882115,0.0146577279,0.7316965907,0.1080537743,0.8673531543,4.1252952580,0.2534432918,0.5153687569,0.9259885325,0.0000000000,-0.0419278226,-0.0018660477,-0.0000000000,-0.0019612073,0.2679576801,0.0419278226,-8.8048427556,-1.445,1.000000,18.1765949701,-2,0.1520767909
17.328352,2.2907974774,2.2764274892,-0.2815522673,-1.0359820110,0.0202551552,0.7544297437,0.1082225672,0.9013692361,4.0819298149,0.2528370244,0.5153687569,0.9259885325,0.0000000000,-0.0419278226,-0.0019240241,-0.0000000000,-0.0018929191,0.7325279225,0.0419278226,-8.8048427556,-1.293,1.000000,18.1765949701,-1,0.1520767909
17.335943,2.2887030421,2.2687575853,-0.2702530039,-1.0444507707,0.0258787328,0.7741977668,0.1084382234,0.9325183318,3.7378914873,0.2523346325,0.5153687569,0.9259885325,0.0000000000,-0.0419278226,-0.0019744385,-0.0000000000,-0.0018218081,0.9991167817,0.0419278226,-8.8048427556,-1.142,1.000000,18.1765949701,-1,0.1520767909
17.343529,2.2866962064,2.2626216621,-0.2588073391,-1.0499035335,0.0300387961,0.7910961944,0.1086885467,0.9579254763,3.0488573309,0.2517410473,0.5153687569,0.9259885325,0.0000000000,-0.0419278226,-0.0020175346,-0.0000000000,-0.0017491963,1.0000000000,0.0419278226,-8.8048427556,-0.990,1.000000,18.1765949701,-1,0.1520767909
17.350302,2.2849783455,2.2564857390,-0.2484644767,-1.0526206185,0.0344722935,0.8041561418,0.1089758158,0.9800736108,2.6577761430,0.2514147854,0.5153687569,0.9259885325,0.0000000000,-0.0419278226,-0.0020508414,-0.0000000000,-0.0016830949,1.0000000000,0.0419278226,-8.8048427556,-0.839,1.000000,18.1765949701,-1,0.1520767909
17.358421,2.2830119634,2.2488158350,-0.2359182607,-1.0506274149,0.0401644925,0.8147091542,0.1093105199,1.0022613650,2.6625305074,0.2514944154,0.5153687569,0.9259885325,0.0000000000,-0.0419278226,-0.0020777548,-0.0000000000,-0.0016023139,1.0000000000,0.0419278226,-8.8048427556,-0.687,1.000000,18.1765949701,-1,0.1520767909
17.366786,2.2810930642,2.2442138927,-0.2228304735,-1.0443617162,0.0428119416,0.8215312428,0.1096672860,1.0146930765,1.4918053840,0.2514893581,0.5153687569,0.9259885325,0.0000000000,-0.0419278226,-0.0020951532,-0.0000000000,-0.0015173746,1.0000000000,0.0419278226,-8.8048427556,-0.536,1.000000,18.1765949701,-1,0.1520767909
17.375091,2.2792968650,2.2380779695,-0.2096842093,-1.0342206256,0.0470940565,0.8245364163,0.1100597365,1.0265895056,1.4275714892,0.2520471267,0.5153687569,0.9259885325,0.0000000000,-0.0419278226,-0.0021028173,-0.0000000000,-0.0014313967,1.0000000000,0.0419278226,-8.8048427556,-0.384,1.000000,18.1765949701,-1,0.1520767909
17.383423,2.2776053327,2.2334760272,-0.1963532949,-1.0205643379,0.0499268885,0.8242110430,0.1104757939,1.0323003896,0.6853060762,0.2527350364,0.5153687569,0.9259885325,0.0000000000,-0.0419278226,-0.0021019875,-0.0000000000,-0.0013435701,1.0000000000,0.0419278226,-8.8048427556,-0.233,1.000000,18.1765949701,-1,0.1520767909
17.391760,2.2760244539,2.2304080656,-0.1828791800,-1.0014906939,0.0513056184,0.8186115139,0.1109033407,1.0298606002,-0.2927747208,0.2537764765,0.5153687569,0.9259885325,0.0000000000,-0.0419278226,-0.0020877070,-0.0000000000,-0.0012541801,1.0000000000,0.0419278226,-8.8048427556,-0.081,1.000000,18.1765949701,-1,0.1520767909
17.400091,2.2745572878,2.2304080656,-0.1692878780,-0.9775032051,0.0497021850,0.8082153271,0.1113175256,1.0166884014,-1.5806638592,0.2549207546,0.5153687569,0.9259885325,0.0000000000,-0.0419278226,-0.0020611936,-0.0000000000,-0.0011634190,1.0000000000,0.0419278226,-8.8048427556,0.070,1.000000,18.1765949701,0,0.1520767909
17.408511,2.2731902177,2.2304080656,-0.1554357886,-0.9468297084,0.0481608661,0.7913939198,0.1117188662,0.9972016762,-2.3384070251,0.2566981178,0.5153687569,0.9259885325,0.0000000000,-0.0419278226,-0.0020182939,-0.0000000000,-0.0010703439,1.0000000000,0.0419278226,-8.8048427556,0.222,1.000000,18.1765949701,0,0.1520767909
17.416761,2.2719641899,2.2304080656,-0.1417564114,-0.9100916286,0.0467261381,0.7683352172,0.1121082507,0.9716775559,-3.0628944320,0.2590386252,0.5153687569,0.9259885325,0.0000000000,-0.0419278226,-0.0019594873,-0.0000000000,-0.0009779039,1.0000000000,0.0419278226,-8.8048427556,0.373,1.000000,18.1765949701,0,0.1520767909
17.425094,2.2708408910,2.2304080656,-0.1278439288,-0.8678526330,0.0453628895,0.7400087042,0.1124862747,0.9410163814,-3.6793409443,0.2617873327,0.5153687569,0.9259885325,0.0000000000,-0.0419278226,-0.0018872461,-0.0000000000,-0.0008833973,1.0000000000,0.0419278226,-8.8048427556,0.525,1.000000,18.1765949701,0,0.1520767909
17.433427,2.2698337705,2.2304080656,-0.1138420646,-0.8206239992,0.0440874743,0.7067819346,0.1128536704,0.9056189074,-4.2476968811,0.2648386988,0.5153687569,0.9259885325,0.0000000000,-0.0419278226,-0.0018025078,-0.0000000000,-0.0007878291,1.0000000000,0.0419278226,-8.8048427556,0.676,1.000000,18.1765949701,0,0.1520767909
17.441785,2.2689412376,2.2319420464,-0.0997208924,-0.7688694844,0.0413669556,0.6691485920,0.1131983950,0.8629225299,-5.1235652969,0.2678155323,0.5153687569,0.9259885325,0.0000000000,-0.0419278226,-0.0017065313,-0.0000000000,-0.0006910330,1.0000000000,0.0419278226,-8.8048427556,0.828,1.000000,18.1765949701,0,0.1520767909
17.450099,2.2681708252,2.2319420464,-0.0856065604,-0.7152386185,0.0402918791,0.6296320581,0.1135341606,0.8216019755,-4.9584665302,0.2709304815,0.5153687569,0.9259885325,0.0000000000,-0.0419278226,-0.0016057522,-0.0000000000,-0.0005939181,1.0000000000,0.0419278226,-8.8048427556,0.979,1.000000,18.1765949701,0,0.1520767909
17.458432,2.2675166331,2.2334760272,-0.0714010712,-0.6576769212,0.0377767118,0.5862758500,0.1138489666,0.7735610594,-5.7649099323,0.2737438987,0.5153687569,0.9259885325,0.0000000000,-0.0419278226,-0.0014951808,-0.0000000000,-0.0004958577,1.0000000000,0.0419278226,-8.8048427556,1.130,1.000000,18.1765949701,0,0.1520767909
17.466757,2.2669814291,2.2350100079,-0.0571588346,-0.5987786160,0.0353729398,0.5416197814,0.1141437411,0.7244217617,-5.8967157278,0.2762592904,0.5153687569,0.9259885325,0.0000000000,-0.0419278226,-0.0013812943,-0.0000000000,-0.0003972752,1.0000000000,0.0419278226,-8.8048427556,1.282,1.000000,18.1765949701,0,0.1520767909
17.475114,2.2665636234,2.2350100079,-0.0428234973,-0.5431256842,0.0346389831,0.5003021869,0.1144323993,0.6819311601,-5.0988721876,0.2785202327,0.5153687569,0.9259885325,0.0000000000,-0.0419278226,-0.0012759219,-0.0000000000,-0.0002978304,1.0000000000,0.0419278226,-8.8048427556,1.433,1.000000,18.1765949701,0,0.1520767909
17.483427,2.2662670132,2.2365439887,-0.0285349068,-0.4904164876,0.0325089637,0.4618815808,0.1147033073,0.6395474642,-5.0860435086,0.2799911359,0.5153687569,0.9259885325,0.0000000000,-0.0419278226,-0.0011779378,-0.0000000000,-0.0001985463,1.0000000000,0.0419278226,-8.8048427556,1.585,1.000000,18.1765949701,0,0.1520767909
17.491760,2.2660889773,2.2380779695,-0.0141915554,-0.4403774233,0.0305126870,0.4261858679,0.1149575797,0.6001378709,-4.7291512023,0.2810486600,0.5153687569,0.9259885325,0.0000000000,-0.0419278226,-0.0010869029,-0.0000000000,-0.0000987722,1.0000000000,0.0419278226,-8.8048427556,1.736,1.000000,18.1765949701,2,0.1520767909
17.500094,2.2660305160,2.2396119503,0.0001625091,-0.3927603184,0.0286497435,0.3929228275,0.1151963275,0.5634104416,-4.4072915056,0.2817596014,0.5153687569,0.9259885325,0.0000000000,-0.0419278226,-0.0010020721,-0.0000000000,0.0000011312,1.0000000000,0.0419278226,-8.8048427556,1.888,1.000000,18.1765949701,1,0.1520767909
17.508457,2.2660921028,2.2411459311,0.0145658602,-0.3473400661,0.0269193279,0.3619059263,0.1154206553,0.5291781332,-4.1078770184,0.2821781848,0.5153687569,0.9259885325,0.0000000000,-0.0419278226,-0.0009229696,-0.0000000000,0.0001013768,1.0000000000,0.0419278226,-8.8048427556,2.039,1.000000,18.1765949701,2,0.1520767909
17.516760,2.2662723718,2.2442138927,0.0288561372,-0.3039124819,0.0237849335,0.3327686190,0.1156188631,0.4940113613,-4.2200126166,0.2819684325,0.5153687569,0.9259885325,0.0000000000,-0.0419278226,-0.0008486607,-0.0000000000,0.0002007798,0.9486769130,0.0419278226,-8.8048427556,2.191,1.000000,18.1765949701,1,0.1520767909
17.525093,2.2665725613,2.2472818543,0.0431804309,-0.2622923590,0.0207807275,0.3054727899,0.1157920358,0.4609199358,-3.9709710654,0.2815333878,0.5153687569,0.9259885325,0.0000000000,-0.0419278226,-0.0007790480,-0.0000000000,0.0003003087,0.7721131389,0.0419278226,-8.8048427556,2.342,1.000000,18.1765949701,1,0.1520767909
17.533421,2.2669916517,2.2518837966,0.0574644031,-0.2200828289,0.0163580932,0.2775472320,0.1159283532,0.4243454418,-4.3889392833,0.2805127440,0.5153687569,0.9259885325,0.0000000000,-0.0419278226,-0.0007078294,-0.0000000000,0.0003993928,0.4063687201,0.0419278226,-8.8048427556,2.494,1.000000,18.1765949701,2,0.1520767909
17.541843,2.2675362942,2.2564857390,0.0718697958,-0.1795675492,0.0120706356,0.2514373450,0.1160289419,0.3898198495,-4.1430710756,0.2792899873,0.5153687569,0.9259885325,0.0000000000,-0.0419278226,-0.0006412413,-0.0000000000,0.0004990978,0.0960609210,0.0419278226,-8.8048427556,2.645,1.000000,18.1765949701,1,0.1520767909
17.550096,2.2681875602,2.2626216621,0.0859385119,-0.1383601737,0.0063518893,0.2242986855,0.1160818743,0.3513759537,-4.6132674930,0.2774503825,0.5153687569,0.9259885325,0.0000000000,-0.0419278226,-0.0005720295,-0.0000000000,0.0005962059,0.0000000000,0.0419278226,-8.8048427556,2.797,1.000000,18.1765949701,4,0.1520767909
17.558432,2.2689629537,2.2672236045,0.1000890564,-0.0942961527,0.0022750232,0.1943852091,0.1161008328,0.3133845152,-4.5589726206,0.2758102090,0.5153687569,0.9259885325,0.0000000000,-0.0419278226,-0.0004957411,-0.0000000000,0.0006935615,0.0000000000,0.0419278226,-8.8048427556,2.948,1.000000,18.1765949701,3,0.1520767909
17.566754,2.2698544180,2.2748935084,0.1141472513,-0.0498698703,-0.0047557916,0.1640171216,0.1161008328,0.2690532295,-5.3197542813,0.2730341366,0.5153687569,0.9259885325,0.0000000000,-0.0419278226,-0.0004182933,-0.0000000000,0.0007899166,0.0000000000,0.0419278226,-8.8048427556,3.100,1.000000,18.1765949701,2,0.1520767909
17.575086,2.2708638727,2.2810294316,0.1281446767,-0.0028861208,-0.0101491635,0.1310307975,0.1161008328,0.2253556689,-5.2437072777,0.2703947178,0.5153687569,0.9259885325,0.0000000000,-0.0419278226,-0.0003341682,-0.0000000000,0.0008854452,0.0188459645,0.0419278226,-8.8048427556,3.251,1.000000,18.1765949701,2,0.1520767909
17.583428,2.2719909929,2.2886993355,0.1420706642,0.0464173943,-0.0169720288,0.0956532699,0.1159593992,0.1762884703,-5.8880638239,0.2669410524,0.5153687569,0.9260833040,0.0113725787,-0.0323789105,-0.0002439448,-0.0000000000,0.0009800331,0.4586803630,0.0419278226,-6.7995712151,3.403,1.000000,18.1765949701,2,0.1533226602
17.591759,2.2732322222,2.2979032203,0.1558814999,0.0978250666,-0.0252267189,0.0580564333,0.1157491766,0.1220905293,-6.5037529308,0.2647896734,0.5154092928,0.9261284930,0.0054226843,-0.0219654824,-0.0001480615,-0.0000000000,0.0010733473,0.9913772697,0.0419278226,-4.6127512943,3.554,1.000000,18.1765949701,3,0.1524525641
17.600132,2.2745951674,2.3055731242,0.1696540498,0.1511413271,-0.0318365546,0.0185127227,0.1154838719,0.0691580816,-6.3518937136,0.2589964194,0.5154286140,0.9261427617,0.0017122397,-0.0116425011,-0.0000472130,-0.0000000000,0.0011658717,1.0000000000,0.0419278226,-2.4449252345,3.403,1.000000,18.1765949701,5,0.1503177698
17.608594,2.2760891382,2.3147770089,0.1834525534,0.2061887838,-0.0398591801,-0.0227362304,0.1151517121,0.0116486685,-6.9011295716,0.2502053982,0.5154347138,0.9261431566,0.0000473842,-0.0007806936,0.0000579843,0.0000000000,0.0012579961,1.0000000000,0.0419278226,-0.1639456455,3.251,1.000000,18.1765949701,4,0.1476471018
17.616765,2.2776421731,2.3239808936,0.1966547893,0.2605776564,-0.0478190001,-0.0639228671,0.1147532204,-0.0457391031,-6.8865325933,0.2403559861,0.5154348826,0.9261490729,0.0007099550,0.0095090829,0.0001630226,0.0000000000,0.0013455633,1.0000000000,0.0419278226,1.9969074175,3.100,1.000000,18.1765949701,2,0.1452552425
17.625092,2.2793353878,2.3301168168,0.2099763831,0.3165980323,-0.0525799470,-0.1066216492,0.1143150542,-0.0983251791,-6.3103291188,0.2317458899,0.5154374116,0.9261757195,0.0031975986,0.0184675910,0.0002719175,0.0000000000,0.0014333145,1.0000000000,0.0419278226,3.8781941133,2.948,1.000000,18.1765949701,3,0.1437795080
17.633444,2.2811444389,2.3408546823,0.2231929934,0.3718693971,-0.0618227448,-0.1486764036,0.1137998647,-0.1592441321,-7.3102743652,0.2230104649,0.5154488013,0.9262437675,0.0081657647,0.0283302325,0.0003791698,0.0000000000,0.0015197363,1.0000000000,0.0419278226,5.9493488353,2.797,1.000000,18.1765949701,2,0.1440675809
17.641746,2.2830511993,2.3500585670,0.2361766958,0.4242324911,-0.0694173315,-0.1880557953,0.1132213869,-0.2142767803,-6.6039177872,0.2175480659,0.5154778801,0.9263648855,0.0145341584,0.0370478813,0.0004795992,0.0000000000,0.0016039844,1.0000000000,0.0419278226,7.7800550740,2.645,1.000000,18.1765949701,2,0.1465309353
17.650082,2.2850739791,2.3592624518,0.2490546304,0.4761864967,-0.0768935747,-0.2271318664,0.1125806071,-0.2688325106,-6.5466876383,0.2151338075,0.5155296110,0.9263648855,0.0000000000,0.0419278226,0.0005792550,0.0000000000,0.0016868787,1.0000000000,0.0419278226,8.8048427556,2.494,1.000000,18.1765949701,3,0.1465309353
17.658415,2.2872021647,2.3700003173,0.2617544984,0.5277694363,-0.0857962851,-0.2660149379,0.1118656381,-0.3261013594,-6.8722618557,0.2082950714,0.5155296110,0.9263648855,0.0000000000,0.0419278226,0.0006784186,0.0000000000,0.0017679479,1.0000000000,0.0419278226,8.8048427556,2.342,1.000000,18.1765949701,1,0.1465309353
17.666758,2.2894384228,2.3807381828,0.2742913216,0.5767869224,-0.0945763491,-0.3024956009,0.1110775018,-0.3807963705,-6.5634013243,0.2015522162,0.5155296110,0.9263648855,0.0000000000,0.0419278226,0.0007714553,0.0000000000,0.0018472891,1.0000000000,0.0419278226,8.8048427556,2.191,1.000000,18.1765949701,2,0.1465309353
17.675086,2.2917743772,2.3899420675,0.2866186169,0.6234773989,-0.1017095169,-0.3368587819,0.1102299225,-0.4301617776,-5.9238488554,0.1954383698,0.5155296110,0.9263648855,0.0000000000,0.0419278226,0.0008590918,0.0000000000,0.0019246147,1.0000000000,0.0419278226,8.8048427556,2.039,1.000000,18.1765949701,2,0.1465309353
17.683513,2.2942415026,2.4006799330,0.2988913714,0.6680571474,-0.1102335039,-0.3691657760,0.1093113100,-0.4803032068,-6.0169715012,0.1889686796,0.5155296110,0.9263648855,0.0000000000,0.0419278226,0.0009414844,0.0000000000,0.0020008967,1.0000000000,0.0419278226,8.8048427556,1.888,1.000000,18.1765949701,1,0.1465309353
17.691759,2.2967549807,2.4098838178,0.3106981272,0.7107223476,-0.1171662814,-0.4000242204,0.1083349243,-0.5258929115,-5.4707645613,0.1831195562,0.5155296110,0.9263648855,0.0000000000,0.0419278226,0.0010201828,0.0000000000,0.0020736022,1.0000000000,0.0419278226,8.8048427556,1.736,1.000000,18.1765949701,2,0.1465309353
17.700093,2.2993931751,2.4190877025,0.3224183361,0.7516509456,-0.1239644773,-0.4292326095,0.1073018870,-0.5696211431,-5.2473877905,0.1774339831,0.5155296110,0.9263648855,0.0000000000,0.0419278226,0.0010946730,0.0000000000,0.0021450972,1.0000000000,0.0419278226,8.8048427556,1.585,1.000000,18.1765949701,1,0.1465309353
17.708421,2.3021263441,2.4298255680,0.3339102793,0.7887754724,-0.1321800695,-0.4548651931,0.1062003864,-0.6126560262,-5.1641859783,0.1716368596,0.5155296110,0.9263648855,0.0000000000,0.0419278226,0.0011600439,0.0000000000,0.0022145283,1.0000000000,0.0419278226,8.8048427556,1.433,1.000000,18.1765949701,2,0.1465309353
17.716836,2.3049843604,2.4390294527,0.3452902877,0.8224494939,-0.1387172320,-0.4771592062,0.1050444095,-0.6490726940,-4.3700001377,0.1667168643,0.5155296110,0.9263648855,0.0000000000,0.0419278226,0.0012169003,0.0000000000,0.0022826132,1.0000000000,0.0419278226,8.8048427556,1.282,1.000000,18.1765949701,1,0.1465309353
17.725093,2.3078807676,2.4482333375,0.3562218670,0.8529937143,-0.1451982239,-0.4967718473,0.1038344243,-0.6827496897,-4.0412394840,0.1621077201,0.5155296110,0.9263648855,0.0000000000,0.0419278226,0.0012669185,0.0000000000,0.0023473745,1.0000000000,0.0419278226,8.8048427556,1.130,1.000000,18.1765949701,1,0.1465309353
17.733426,2.3108941934,2.4543692606,0.3670105047,0.8806990300,-0.1484781086,-0.5136885253,0.1025971067,-0.7074002745,-2.9580701771,0.1587819523,0.5155296110,0.9263648855,0.0000000000,0.0419278226,0.0013100611,0.0000000000,0.0024106622,1.0000000000,0.0419278226,8.8048427556,0.979,1.000000,18.1765949701,1,0.1465309353
17.741764,2.3139983846,2.4635731453,0.3775539644,0.9036004246,-0.1547078995,-0.5260464602,0.1013078742,-0.7334018205,-3.1201855198,0.1550160878,0.5155296110,0.9263648855,0.0000000000,0.0419278226,0.0013415776,0.0000000000,0.0024718999,1.0000000000,0.0419278226,8.8048427556,0.828,1.000000,18.1765949701,1,0.1465309353
17.750236,2.3172415850,2.4712430493,0.3880021288,0.9221443942,-0.1592399469,-0.5341422655,0.0999808747,-0.7518067586,-2.2085925669,0.1522162236,0.5155296110,0.9263648855,0.0000000000,0.0419278226,0.0013622244,0.0000000000,0.0025319783,1.0000000000,0.0419278226,8.8048427556,0.676,1.000000,18.1765949701,1,0.1465309353
17.758430,2.3204611530,2.4773789724,0.3978450246,0.9345070600,-0.1622265314,-0.5366620353,0.0986289869,-0.7615909128,-1.1740985104,0.1504823240,0.5155296110,0.9263648855,0.0000000000,0.0419278226,0.0013686505,0.0000000000,0.0025880172,1.0000000000,0.0419278226,8.8048427556,0.525,1.000000,18.1765949701,1,0.1465309353
17.766758,2.3238153959,2.4835148956,0.4075801827,0.9434918133,-0.1650592519,-0.5359116305,0.0972534931,-0.7678225952,-0.7478018841,0.1491156673,0.5155296110,0.9263648855,0.0000000000,0.0419278226,0.0013667368,0.0000000000,0.0026429024,1.0000000000,0.0419278226,8.8048427556,0.373,1.000000,18.1765949701,1,0.1465309353
17.775092,2.3272516552,2.4896508187,0.4170419327,0.9471837353,-0.1677798887,-0.5301418025,0.0958553274,-0.7688346117,-0.1214419820,0.1482836102,0.5155296110,0.9263648855,0.0000000000,0.0419278226,0.0013520220,0.0000000000,0.0026957256,1.0000000000,0.0419278226,8.8048427556,0.222,1.000000,18.1765949701,1,0.1465309353
17.783453,2.3307771819,2.4942527611,0.4262473380,0.9460747634,-0.1688500045,-0.5198274254,0.0944482440,-0.7620329378,0.8162008672,0.1483903781,0.5155296110,0.9263648855,0.0000000000,0.0419278226,0.0013257172,0.0000000000,0.0027466201,1.0000000000,0.0419278226,8.8048427556,0.070,1.000000,18.1765949701,2,0.1465309353
17.791758,2.3343543715,2.4973207227,0.4351006828,0.9383822365,-0.1682970771,-0.5032815537,0.0930457684,-0.7457718619,1.9513291074,0.1495919631,0.5155296110,0.9263648855,0.0000000000,0.0419278226,0.0012835202,0.0000000000,0.0027951011,1.0000000000,0.0419278226,8.8048427556,-0.081,1.000000,18.1765949701,-2,0.1465309353
17.800086,2.3380136363,2.4988547035,0.4436801029,0.9247180572,-0.1660941702,-0.4810379543,0.0916616503,-0.7205180976,3.0304517171,0.1518270801,0.5155296110,0.9263648855,0.0000000000,0.0419278226,0.0012267923,0.0000000000,0.0028416417,1.0000000000,0.0419278226,8.8048427556,-0.233,1.000000,18.1765949701,0,0.1465309353
17.808438,2.3417540177,2.4973207227,0.4519794548,0.9034083794,-0.1606987528,-0.4514289246,0.0903224940,-0.6815142427,4.6804625899,0.1557226573,0.5155296110,0.9263648855,0.0000000000,0.0419278226,0.0011512803,0.0000000000,0.0028862474,1.0000000000,0.0419278226,8.8048427556,-0.384,1.000000,18.1765949701,0,0.1465309353
17.816763,2.3455501008,2.4973207227,0.4599425609,0.8751638070,-0.1567422190,-0.4152212461,0.0890163089,-0.6387368506,5.1332870505,0.1597626513,0.5155296110,0.9263648855,0.0000000000,0.0419278226,0.0010589398,0.0000000000,0.0029286594,1.0000000000,0.0419278226,8.8048427556,-0.536,1.000000,18.1765949701,0,0.1465309353
17.825082,2.3494086599,2.4973207227,0.4675862458,0.8384000217,-0.1526748136,-0.3708137759,0.0877440188,-0.5875060537,6.1476956343,0.1645212462,0.5155296110,0.9263648855,0.0000000000,0.0419278226,0.0009456873,0.0000000000,0.0029690120,1.0000000000,0.0419278226,8.8048427556,-0.687,1.000000,18.1765949701,0,0.1465309353
17.833426,2.3533407790,2.4957867419,0.4749309956,0.7939088339,-0.1469559698,-0.3189778383,0.0865193857,-0.5255200406,7.4383215661,0.1703326124,0.5155296110,0.9263648855,0.0000000000,0.0419278226,0.0008134900,0.0000000000,0.0030074543,1.0000000000,0.0419278226,8.8048427556,-0.839,1.000000,18.1765949701,0,0.1465309353
17.841764,2.3573303038,2.4957867419,0.4819451758,0.7446373358,-0.1426865454,-0.2626921600,0.0853303311,-0.4619277515,7.6310746957,0.1758605965,0.5155296110,0.9263648855,0.0000000000,0.0419278226,0.0006699445,0.0000000000,0.0030438612,1.0000000000,0.0419278226,8.8048427556,-0.990,1.000000,18.1765949701,0,0.1465309353
17.850088,2.3613699801,2.4942527611,0.4886175412,0.6910298290,-0.1368083568,-0.2024122878,0.0841902615,-0.3910979613,8.4995748245,0.1819447346,0.5155296110,0.9263648855,0.0000000000,0.0419278226,0.0005162126,0.0000000000,0.0030782162,1.0000000000,0.0419278226,8.8048427556,-1.142,1.000000,18.1765949701,0,0.1465309353
17.858509,2.3655121165,2.4927187803,0.4950281003,0.6334893198,-0.1308053657,-0.1384612195,0.0831002168,-0.3162997902,8.9757805347,0.1879690850,0.5155296110,0.9263648855,0.0000000000,0.0419278226,0.0003531180,0.0000000000,0.0031109672,1.0000000000,0.0419278226,8.8048427556,-1.293,1.000000,18.1765949701,0,0.1465309353
17.866764,2.3696230463,2.4927187803,0.5009752271,0.5746102333,-0.1263599578,-0.0736350062,0.0820472171,-0.2436833061,8.7139780887,0.1931138132,0.5155296110,0.9265094370,0.0173461721,0.0400259953,0.0001877915,0.0000000000,0.0031411255,1.0000000000,0.0419278226,8.4054590100,-1.445,1.000000,18.1765949701,0,0.1495985090
17.875092,2.3738191488,2.4911847995,0.5066342206,0.5189747340,-0.1203138226,-0.0123405134,0.0810446019,-0.1713698164,8.6776187647,0.2021797262,0.5155913070,0.9265831447,0.0088449299,0.0298123664,0.0000314720,0.0000000000,0.0031696212,1.0000000000,0.0419278226,6.2605969345,-1.596,1.000000,18.1765949701,0,0.1498084146
17.883420,2.3780610345,2.4896508187,0.5119465214,0.4662813496,-0.1142386175,0.0456651717,0.0800926135,-0.1022374813,8.2958802141,0.2067978597,0.5156227478,0.9266097810,0.0031963529,0.0192001630,-0.0001164600,-0.0000000000,0.0031961919,1.0000000000,0.0419278226,4.0320342357,-1.747,1.000000,18.1765949701,-1,0.1481789365
17.891835,2.3823899527,2.4881168380,0.5169575252,0.4162566280,-0.1080915399,0.1007008972,0.0791918506,-0.0358818560,7.9626750315,0.2082167599,0.5156341068,0.9266130772,0.0003955439,0.0086483750,-0.0002568178,-0.0000000000,0.0032210962,1.0000000000,0.0419278226,1.8161587415,-1.899,1.000000,18.1765949701,-2,0.1456615563
17.900096,2.3866797460,2.4850488764,0.5215260513,0.3686525326,-0.1004633576,0.1528735188,0.0783546560,0.0306148208,7.9796012180,0.2081650528,0.5156355123,0.9266154763,0.0002878957,-0.0019951421,-0.0003898737,-0.0000000000,0.0032436665,1.0000000000,0.0419278226,-0.4189798334,-1.747,1.000000,18.1765949701,-1,0.1431550440
17.908422,2.3910398989,2.4819809148,0.5257749933,0.3232440806,-0.0927772885,0.2025309127,0.0775815119,0.0947743900,7.6991483019,0.2074836822,0.5156365353,0.9266384171,0.0027528931,-0.0122295664,-0.0005165151,-0.0000000000,0.0032645421,1.0000000000,0.0419278226,-2.5682089490,-1.596,1.000000,18.1765949701,-1,0.1415420595
17.916756,2.3954383371,2.4789129532,0.5296679343,0.2775983241,-0.0850515861,0.2520696101,0.0768727487,0.1589574571,7.7019680572,0.2076024148,0.5156463167,0.9267029760,0.0077470683,-0.0224902038,-0.0006428538,-0.0000000000,0.0032835706,1.0000000000,0.0419278226,-4.7229427930,-1.445,1.000000,18.1765949701,-1,0.1417054832
17.925179,2.3999148691,2.4758449916,0.5332332869,0.2339661951,-0.0772592287,0.2992670918,0.0762289218,0.2209957156,7.4445910169,0.2099087918,0.5156738368,0.9268286996,0.0150868293,-0.0326660798,-0.0007632216,-0.0000000000,0.0033009155,1.0000000000,0.0419278226,-6.8598767604,-1.293,1.000000,18.1765949701,-1,0.1444324259
17.933428,2.4043266970,2.4697090685,0.5363632673,0.1899316628,-0.0664613280,0.3464316045,0.0762289218,0.2896048591,8.2330972179,0.2165869496,0.5157274026,0.9268286996,0.0000000000,-0.0419278226,-0.0008835054,-0.0000000000,0.0033160775,1.0000000000,0.0419278226,-8.8048427556,-1.142,1.000000,18.1765949701,-1,0.1444324259
17.941765,2.4088101447,2.4666411069,0.5391605543,0.1477610042,-0.0586703573,0.3913995501,0.0762289218,0.3500456727,7.2528976310,0.2176965400,0.5157274026,0.9268286996,0.0000000000,-0.0419278226,-0.0009981873,-0.0000000000,0.0033295765,1.0000000000,0.0419278226,-8.8048427556,-0.990,1.000000,18.1765949701,-1,0.1444324259
17.950096,2.4133124739,2.4620391646,0.5415865844,0.1050521074,-0.0493234667,0.4365344770,0.0762289218,0.4137435243,7.6437421980,0.2187616717,0.5157274026,0.9268286996,0.0000000000,-0.0419278226,-0.0011132950,-0.0000000000,0.0033412446,1.0000000000,0.0419278226,-8.8048427556,-0.839,1.000000,18.1765949701,-1,0.1444324259
17.958422,2.4178306526,2.4574372222,0.5436404466,0.0618549984,-0.0399579531,0.4817854482,0.0762289218,0.4775944056,7.6621057456,0.2193612851,0.5157274026,0.9268286996,0.0000000000,-0.0419278226,-0.0012286986,-0.0000000000,0.0033510943,1.0000000000,0.0419278226,-8.8048427556,-0.687,1.000000,18.1765949701,-1,0.1444324259
17.966760,2.4223706958,2.4528352798,0.5453244387,0.0182150537,-0.0305680594,0.5271093850,0.0762289218,0.5415666710,7.6766718568,0.2194894106,0.5157274026,0.9268286996,0.0000000000,-0.0419278226,-0.0013442884,-0.0000000000,0.0033591506,1.0000000000,0.0419278226,-8.8048427556,-0.536,1.000000,18.1765949701,-1,0.1444324259
17.975092,2.4269197889,2.4497673183,0.5466334469,-0.0235976920,-0.0227134765,0.5702311389,0.0762289218,0.6002876267,7.0465146766,0.2188930683,0.5157274026,0.9268286996,0.0000000000,-0.0419278226,-0.0014542619,-0.0000000000,0.0033654008,0.8973274238,0.0419278226,-8.8048427556,-0.384,1.000000,18.1765949701,-1,0.1444324259
17.983426,2.4314798209,2.4451653759,0.5475682439,-0.0637530659,-0.0133233890,0.6113213098,0.0762289218,0.6600265114,7.1686661660,0.2182940568,0.5157274026,0.9268286996,0.0000000000,-0.0419278226,-0.0015590543,-0.0000000000,0.0033698577,0.1715592137,0.0419278226,-8.8048427556,-0.233,1.000000,18.1765949701,-1,0.1444324259
17.991753,2.4360421620,2.4420974143,0.5481273477,-0.1024051111,-0.0054735133,0.6505324588,0.0762289218,0.7148275136,6.5761202636,0.2170924584,0.5157274026,0.9268286996,0.0000000000,-0.0419278226,-0.0016590546,-0.0000000000,0.0033725208,0.0000000000,0.0419278226,-8.8048427556,-0.081,1.000000,18.1765949701,-2,0.1444324259
18.000087,2.4406108970,2.4405634335,0.5483113353,-0.1374646773,0.0008283676,0.6857760126,0.0762358249,0.7625934095,5.7319075055,0.2154951835,0.5157274026,0.9268286996,0.0000000000,-0.0419278226,-0.0017489363,-0.0000000000,0.0033733968,0.0000000000,0.0419278226,-8.8048427556,0.070,1.000000,18.1765949701,0,0.1444324259
18.008429,2.4451848477,2.4390294527,0.5481191047,-0.1670367883,0.0071042912,0.7151558930,0.0762950273,0.8044956506,5.0282689351,0.2139964234,0.5157274026,0.9268286996,0.0000000000,-0.0419278226,-0.0018238639,-0.0000000000,0.0033724816,0.0000000000,0.0419278226,-8.8048427556,0.222,1.000000,18.1765949701,0,0.1444324259
18.016761,2.4497493670,2.4390294527,0.5475513966,-0.1894025948,0.0117958653,0.7369539914,0.0763933262,0.8357081428,3.7454990626,0.2125383952,0.5157274026,0.9268286996,0.0000000000,-0.0419278226,-0.0018794556,-0.0000000000,0.0033697774,0.0818968371,0.0419278226,-8.8048427556,0.373,1.000000,18.1765949701,0,0.1444324259
18.025091,2.4543069054,2.4390294527,0.5466087650,-0.2052318804,0.0164433261,0.7518406454,0.0765303539,0.8599597699,2.9101952578,0.2114375277,0.5157274026,0.9268286996,0.0000000000,-0.0419278226,-0.0019174211,-0.0000000000,0.0033652830,0.4135873210,0.0419278226,-8.8048427556,0.525,1.000000,18.1765949701,0,0.1444324259
18.033432,2.4588610202,2.4390294527,0.5452898152,-0.2151321758,0.0210536821,0.7604219910,0.0767058012,0.8778702823,2.1492614870,0.2107052407,0.5157274026,0.9268286996,0.0000000000,-0.0419278226,-0.0019393061,-0.0000000000,0.0033589851,0.7918738513,0.0419278226,-8.8048427556,0.676,1.000000,18.1765949701,0,0.1444324259
18.041759,2.4633945982,2.4390294527,0.5435997536,-0.2174256700,0.0256002889,0.7610254236,0.0769191370,0.8877136355,1.1812023875,0.2104862208,0.5157274026,0.9268286996,0.0000000000,-0.0419278226,-0.0019408451,-0.0000000000,0.0033508994,0.9967642555,0.0419278226,-8.8048427556,0.828,1.000000,18.1765949701,0,0.1444324259
18.050113,2.4679275372,2.4390294527,0.5415302766,-0.2150482459,0.0301197223,0.7565785225,0.0771701347,0.8924898251,0.5731427437,0.2105973135,0.5157274026,0.9268286996,0.0000000000,-0.0419278226,-0.0019295041,-0.0000000000,0.0033409742,1.0000000000,0.0419278226,-8.8048427556,0.979,1.000000,18.1765949701,0,0.1444324259
18.058559,2.4724914521,2.4390294527,0.5390587019,-0.2062051619,0.0346334018,0.7452638638,0.0774587463,0.8904239191,-0.2479087204,0.2111578082,0.5157274026,0.9268286996,0.0000000000,-0.0419278226,-0.0019006483,-0.0000000000,0.0033290859,1.0000000000,0.0419278226,-8.8048427556,1.130,1.000000,18.1765949701,0,0.1444324259
18.066748,2.4768947221,2.4390294527,0.5363001349,-0.1937262388,0.0389657820,0.7300263737,0.0777834612,0.8841107209,-0.7575837840,0.2119647969,0.5157274026,0.9268286996,0.0000000000,-0.0419278226,-0.0018617881,-0.0000000000,0.0033157723,1.0000000000,0.0419278226,-8.8048427556,1.282,1.000000,18.1765949701,0,0.1444324259
18.075095,2.4813578307,2.4390294527,0.5331233594,-0.1801782820,0.0433519279,0.7133016414,0.0781447273,0.8764531004,-0.9189144602,0.2128387970,0.5157274026,0.9268286996,0.0000000000,-0.0419278226,-0.0018191350,-0.0000000000,0.0033003819,1.0000000000,0.0419278226,-8.8048427556,1.433,1.000000,18.1765949701,0,0.1444324259
18.083427,2.4857855185,2.4405634335,0.5295862884,-0.1656606518,0.0461631636,0.6952469402,0.0785294203,0.8643608396,-1.4510712967,0.2135218177,0.5157274026,0.9268286996,0.0000000000,-0.0419278226,-0.0017730900,-0.0000000000,0.0032831724,1.0000000000,0.0419278226,-8.8048427556,1.585,1.000000,18.1765949701,0,0.1444324259
18.091848,2.4902285963,2.4405634335,0.5256431263,-0.1502634738,0.0505187737,0.6759066001,0.0789504101,0.8540858577,-1.2329978238,0.2144885135,0.5157274026,0.9268286996,0.0000000000,-0.0419278226,-0.0017237663,-0.0000000000,0.0032638959,1.0000000000,0.0419278226,-8.8048427556,1.736,1.000000,18.1765949701,3,0.1444324259
18.100093,2.4945458233,2.4405634335,0.5214253007,-0.1362973724,0.0547566627,0.6577226731,0.0794067156,0.8447683178,-1.1181047907,0.2153527033,0.5157274026,0.9268286996,0.0000000000,-0.0419278226,-0.0016773918,-0.0000000000,0.0032431701,1.0000000000,0.0419278226,-8.8048427556,1.888,1.000000,18.1765949701,1,0.1444324259
18.108427,2.4988719726,2.4405634335,0.5168073292,-0.1236293376,0.0590108479,0.6404366668,0.0798984727,0.8364160198,-1.0022757613,0.2161302447,0.5157274026,0.9268286996,0.0000000000,-0.0419278226,-0.0016333073,-0.0000000000,0.0032203520,1.0000000000,0.0419278226,-8.8048427556,2.039,1.000000,18.1765949701,2,0.1444324259
18.116754,2.5031550048,2.4405634335,0.5118389846,-0.1121387217,0.0632286046,0.6239777063,0.0804253777,0.8288530784,-0.9075529648,0.2168313491,0.5157274026,0.9268286996,0.0000000000,-0.0419278226,-0.0015913319,-0.0000000000,0.0031956558,1.0000000000,0.0419278226,-8.8048427556,2.191,1.000000,18.1765949701,1,0.1444324259
18.125172,2.5074412295,2.4420974143,0.5064604223,-0.1017160906,0.0659216400,0.6081765128,0.0809747247,0.8189419362,-1.1893370580,0.2172118592,0.5157274026,0.9268286996,0.0000000000,-0.0419278226,-0.0015510341,-0.0000000000,0.0031687490,1.0000000000,0.0419278226,-8.8048427556,2.342,1.000000,18.1765949701,2,0.1444324259
18.133427,2.5115992704,2.4420974143,0.5008417210,-0.0900333056,0.0700133138,0.5908750266,0.0815581690,0.8103418188,-1.0320140947,0.2178981198,0.5157274026,0.9268286996,0.0000000000,-0.0419278226,-0.0015069101,-0.0000000000,0.0031404509,1.0000000000,0.0419278226,-8.8048427556,2.494,1.000000,18.1765949701,1,0.1444324259
18.141762,2.5157491219,2.4420974143,0.4948268152,-0.0794363664,0.0741029667,0.5742631816,0.0821756937,0.8024609340,-0.9457061754,0.2185171904,0.5157274026,0.9268286996,0.0000000000,-0.0419278226,-0.0014645448,-0.0000000000,0.0031099426,1.0000000000,0.0419278226,-8.8048427556,2.645,1.000000,18.1765949701,1,0.1444324259
18.150086,2.5198419116,2.4420974143,0.4884814410,-0.0698243501,0.0781411528,0.5583057911,0.0828268700,0.7951654729,-0.8754553332,0.2190758319,0.5157274026,0.9268286996,0.0000000000,-0.0419278226,-0.0014238487,-0.0000000000,0.0030775181,1.0000000000,0.0419278226,-8.8048427556,2.797,1.000000,18.1765949701,2,0.1444324259
18.158421,2.5238854310,2.4420974143,0.4817935955,-0.0611057138,0.0821351437,0.5428993093,0.0835113295,0.7883659677,-0.8159406187,0.2195816688,0.5157274026,0.9268286996,0.0000000000,-0.0419278226,-0.0013845575,-0.0000000000,0.0030430776,1.0000000000,0.0419278226,-8.8048427556,2.948,1.000000,18.1765949701,4,0.1444324259
18.166763,2.5278754287,2.4436313951,0.4747689475,-0.0531974233,0.0845462355,0.5279663708,0.0842158815,0.7789161801,-1.1339745134,0.2197763102,0.5157274026,0.9268286996,0.0000000000,-0.0419278226,-0.0013464740,-0.0000000000,0.0030066097,1.0000000000,0.0419278226,-8.8048427556,3.100,1.000000,18.1765949701,3,0.1444324259
18.175092,2.5317996302,2.4451653759,0.4674294872,-0.0437952858,0.0868830449,0.5112247730,0.0849399068,0.7675294103,-1.3664123731,0.2200175911,0.5157274026,0.9268286996,0.0000000000,-0.0419278226,-0.0013037778,-0.0000000000,0.0029681880,1.0000000000,0.0419278226,-8.8048427556,3.251,1.000000,18.1765949701,1,0.1444324259
18.183425,2.5356629108,2.4451653759,0.4597668137,-0.0352670213,0.0906978785,0.4950338351,0.0856957225,0.7596600032,-0.9443288549,0.2204730731,0.5157274026,0.9268286996,0.0000000000,-0.0419278226,-0.0012624860,-0.0000000000,0.0029277275,1.0000000000,0.0419278226,-8.8048427556,3.403,1.000000,18.1765949701,1,0.1444324259
18.191761,2.5394625806,2.4466993567,0.4517857175,-0.0275314087,0.0929196233,0.4793171262,0.0864700527,0.7491192070,-1.2648955452,0.2206103242,0.5157274026,0.9268286996,0.0000000000,-0.0419278226,-0.0012224037,-0.0000000000,0.0028852108,1.0000000000,0.0419278226,-8.8048427556,3.554,1.000000,18.1765949701,2,0.1444324259
18.200119,2.5432040885,2.4466993567,0.4434726973,-0.0205147755,0.0966212714,0.4639874728,0.0872752299,0.7419349710,-0.8621083146,0.2209774550,0.5157274026,0.9268286996,0.0000000000,-0.0419278226,-0.0011833084,-0.0000000000,0.0028405217,1.0000000000,0.0419278226,-8.8048427556,3.705,1.000000,18.1765949701,5,0.1444324259
18.208435,2.5468567631,2.4482333375,0.4348975379,-0.0119214210,0.0986911484,0.4468189590,0.0880976562,0.7296881855,-1.4696142707,0.2211033516,0.5157274026,0.9268286996,0.0000000000,-0.0419278226,-0.0011395235,-0.0000000000,0.0027939939,1.0000000000,0.0419278226,-8.8048427556,3.857,1.000000,18.1765949701,4,0.1444324259
18.216757,2.5504388882,2.4482333375,0.4260204259,-0.0041267681,0.1022289939,0.4301471940,0.0889495645,0.7208826050,-1.0566696602,0.2214557329,0.5157274026,0.9268286996,0.0000000000,-0.0419278226,-0.0010970055,-0.0000000000,0.0027453715,1.0000000000,0.0419278226,-8.8048427556,4.008,1.000000,18.1765949701,3,0.1444324259
18.225092,2.5539519895,2.4513012990,0.4168359247,0.0029434180,0.1026339696,0.4138925067,0.0898048475,0.7062755504,-1.7528465456,0.2212029882,0.5157274026,0.9268286996,0.0000000000,-0.0419278226,-0.0010555511,-0.0000000000,0.0026945810,1.0000000000,0.0419278226,-8.8048427556,4.160,1.000000,18.1765949701,3,0.1444324259
18.233426,2.5573863548,2.4513012990,0.4073683588,0.0115853478,0.1060192421,0.3957830110,0.0906883412,0.6957603740,-1.2618211663,0.2215285988,0.5157274026,0.9268286996,0.0000000000,-0.0419278226,-0.0010093664,-0.0000000000,0.0026417140,1.0000000000,0.0419278226,-8.8048427556,4.311,1.000000,18.1765949701,3,0.1444324259
18.241851,2.5607774017,2.4528352798,0.3975119621,0.0194240614,0.1078317784,0.3780879007,0.0915869394,0.6825510226,-1.5851221704,0.2215191643,0.5157274026,0.9268286996,0.0000000000,-0.0419278226,-0.0009642385,-0.0000000000,0.0025861299,1.0000000000,0.0419278226,-8.8048427556,4.463,1.000000,18.1765949701,4,0.1444324259
18.250098,2.5640148848,2.4559032414,0.3875951463,0.0287630886,0.1079482471,0.3588320577,0.0924865081,0.6644135053,-2.1765020759,0.2212118096,0.5157274026,0.9268286996,0.0000000000,-0.0419278226,-0.0009151303,-0.0000000000,0.0025296495,1.0000000000,0.0419278226,-8.8048427556,4.614,1.000000,18.1765949701,3,0.1444324259
18.258430,2.5672014728,2.4559032414,0.3773123272,0.0372341086,0.1110867132,0.3400782187,0.0934122307,0.6528054679,-1.3929644906,0.2214293172,0.5157274026,0.9268286996,0.0000000000,-0.0419278226,-0.0008673023,-0.0000000000,0.0024705033,1.0000000000,0.0419278226,-8.8048427556,4.766,1.000000,18.1765949701,6,0.1444324259
18.266754,2.5702988630,2.4589712030,0.3667795676,0.0471466730,0.1110598310,0.3196328945,0.0943377293,0.6332193425,-2.3503350453,0.2210354554,0.5157274026,0.9268286996,0.0000000000,-0.0419278226,-0.0008151606,-0.0000000000,0.0024093141,1.0000000000,0.0419278226,-8.8048427556,4.917,1.000000,18.1765949701,4,0.1444324259
18.275172,2.5733403721,2.4605051838,0.3558750142,0.0561379233,0.1125162822,0.2997370909,0.0952753650,0.6171406058,-1.9294484090,0.2208742436,0.5157274026,0.9268286996,0.0000000000,-0.0419278226,-0.0007644203,-0.0000000000,0.0023453295,1.0000000000,0.0419278226,-8.8048427556,5.069,1.000000,18.1765949701,4,0.1444324259
18.283423,2.5762320955,2.4635731453,0.3449428125,0.0665223657,0.1122810524,0.2784204468,0.0962110404,0.5962794171,-2.5033426437,0.2203662428,0.5157274026,0.9268286996,0.0000000000,-0.0419278226,-0.0007100564,-0.0000000000,0.0022805443,1.0000000000,0.0419278226,-8.8048427556,5.220,1.000000,18.1765949701,3,0.1444324259
18.291759,2.5790603751,2.4651071261,0.3336652289,0.0781705115,0.1135091809,0.2554947174,0.0971569503,0.5767254644,-2.3464743251,0.2201078355,0.5157274026,0.9268286996,0.0000000000,-0.0419278226,-0.0006515888,-0.0000000000,0.0022130548,1.0000000000,0.0419278226,-8.8048427556,5.372,1.000000,18.1765949701,5,0.1444324259
18.300090,2.5817926763,2.4681750877,0.3221632876,0.0887360309,0.1131135003,0.2334272567,0.0980995628,0.5548016442,-2.6308584216,0.2194597385,0.5157274026,0.9268286996,0.0000000000,-0.0419278226,-0.0005953101,-0.0000000000,0.0021435487,1.0000000000,0.0419278226,-8.8048427556,5.523,1.000000,18.1765949701,5,0.1444324259
18.308426,2.5844292428,2.4712430493,0.3104359484,0.1005484236,0.1126150019,0.2098875247,0.0990380211,0.5311972601,-2.8325260838,0.2187335732,0.5157274026,0.9268286996,0.0000000000,-0.0419278226,-0.0005352767,-0.0000000000,0.0020719951,1.0000000000,0.0419278226,-8.8048427556,5.675,1.000000,18.1765949701,6,0.1444324259
18.316790,2.5869758282,2.4727770301,0.2984538265,0.1134918000,0.1135540782,0.1849620265,0.0999843051,0.5090698499,-2.6552892320,0.2182399268,0.5157274026,0.9268286996,0.0000000000,-0.0419278226,-0.0004717091,-0.0000000000,0.0019981894,1.0000000000,0.0419278226,-8.8048427556,5.826,1.000000,18.1765949701,5,0.1444324259
18.325091,2.5894033567,2.4758449916,0.2863578377,0.1252321661,0.1128469509,0.1611256715,0.1009246964,0.4847564120,-2.9176125411,0.2173389622,0.5157274026,0.9268286996,0.0000000000,-0.0419278226,-0.0004109192,-0.0000000000,0.0019229861,1.0000000000,0.0419278226,-8.8048427556,5.978,1.000000,18.1765949701,4,0.1444324259
18.333426,2.5917388524,2.4789129532,0.2740170286,0.1381102104,0.1120413280,0.1359068182,0.1018583741,0.4588582434,-3.1077802329,0.2163320625,0.5157274026,0.9268286996,0.0000000000,-0.0419278226,-0.0003466035,-0.0000000000,0.0018455607,1.0000000000,0.0419278226,-8.8048427556,6.129,1.000000,18.1765949701,4,0.1444324259
18.341759,2.5939700689,2.4819809148,0.2614919927,0.1520201924,0.1111255636,0.1094718002,0.1027844205,0.4315176446,-3.2808718629,0.2152063170,0.5157274026,0.9268286996,0.0000000000,-0.0419278226,-0.0002791862,-0.0000000000,0.0017662792,1.0000000000,0.0419278226,-8.8048427556,6.280,1.000000,18.1765949701,6,0.1444324259
18.350180,2.5961180913,2.4835148956,0.2486524527,0.1646373239,0.1116679303,0.0840151289,0.1037149866,0.4080556972,-2.8154336840,0.2143413488,0.5157274026,0.9268286996,0.0000000000,-0.0419278226,-0.0002142640,-0.0000000000,0.0016843003,1.0000000000,0.0419278226,-8.8048427556,6.432,1.000000,18.1765949701,6,0.1444324259
18.358431,2.5981172146,2.4881168380,0.2359030281,0.1760817675,0.1090000981,0.0598212606,0.1046233207,0.3794591761,-3.4315825340,0.2127163074,0.5157274026,0.9268286996,0.0000000000,-0.0419278226,-0.0001525623,-0.0000000000,0.0016022155,1.0000000000,0.0419278226,-8.8048427556,6.583,1.000000,18.1765949701,5,0.1444324259
18.366762,2.6000283388,2.4911847995,0.2228690635,0.1886913936,0.1077716284,0.0341776699,0.1055214176,0.3522614123,-3.2637316583,0.2113085433,0.5157274026,0.9268286996,0.0000000000,-0.0419278226,-0.0000871634,-0.0000000000,0.0015176260,1.0000000000,0.0419278226,-8.8048427556,6.735,1.000000,18.1765949701,7,0.1444324259
18.375126,2.6018371652,2.4927187803,0.2096298283,0.2001290295,0.1079814995,0.0095007987,0.1064212634,0.3288886372,-2.8047330127,0.2101937044,0.5157274026,0.9268286996,0.0000000000,-0.0419278226,-0.0000242299,-0.0000000000,0.0014310397,1.0000000000,0.0419278226,-8.8048427556,6.886,1.000000,18.1765949701,8,0.1444324259
18.383450,2.6035268461,2.4973207227,0.1963097808,0.2127324806,0.1049976408,-0.0164226998,0.1072962438,0.2979019688,-3.7184002089,0.2082239596,0.5157274026,0.9268286996,0.0000000000,-0.0419278226,0.0000418829,0.0000000000,0.0013432824,1.0000000000,0.0419278226,-8.8048427556,7.038,1.000000,18.1765949701,7,0.1444324259
18.391758,2.6051020507,2.4988547035,0.1828823986,0.2241645154,0.1049739220,-0.0412821167,0.1081710265,0.2738580248,-2.8852732709,0.2069261268,0.5157274026,0.9270198989,0.0229439143,-0.0418483260,0.0001052819,0.0000000000,0.0012542015,1.0000000000,0.0419278226,-8.7881484502,7.189,1.000000,18.1765949701,6,0.1496629530
18.400096,2.6065703534,2.5034566458,0.1692803855,0.2345340102,0.1017813757,-0.0652536247,0.1090192046,0.2443824652,-3.5370671545,0.2124750213,0.5158087961,0.9271749168,0.0186021571,-0.0379330818,0.0001664165,0.0000000000,0.0011633688,1.0000000000,0.0419278226,-7.9659471797,7.341,1.000000,18.1765949701,5,0.1531508399
18.408427,2.6079237020,2.5049906266,0.1555733211,0.2439397217,0.1015473120,-0.0883664006,0.1098654322,0.2216392605,-2.7291845697,0.2160657585,0.5158747260,0.9273038942,0.0154772783,-0.0347273862,0.0002253611,0.0000000000,0.0010712707,1.0000000000,0.0419278226,-7.2927510980,7.192,1.000000,18.1765949701,6,0.1554502376
18.416760,2.6091625903,2.5095925690,0.1417574298,0.2547001038,0.0981231308,-0.1129426740,0.1106831249,0.1910688483,-3.6684494544,0.2168896585,0.5159295388,0.9273999965,0.0115322800,-0.0298738418,0.0002880380,0.0000000000,0.0009779108,1.0000000000,0.0419278226,-6.2735067723,7.040,1.000000,18.1765949701,6,0.1563731721
18.425090,2.6102855120,2.5126605306,0.1278500094,0.2644603719,0.0961226451,-0.1366103626,0.1114841470,0.1642180422,-3.2220967388,0.2160682483,0.5159703557,0.9274708017,0.0084966236,-0.0254644134,0.0003483978,0.0000000000,0.0008834387,1.0000000000,0.0419278226,-5.3475268204,6.889,1.000000,18.1765949701,6,0.1562857297
18.433426,2.6112929279,2.5157284921,0.1138445618,0.2733134809,0.0940118070,-0.1594689191,0.1122675787,0.1379398633,-3.1533814710,0.2137822423,0.5160004149,0.9275203970,0.0059514347,-0.0210683698,0.0004066940,0.0000000000,0.0007878462,1.0000000000,0.0419278226,-4.4243576654,6.738,1.000000,18.1765949701,7,0.1553833479
18.441763,2.6121834112,2.5187964537,0.0997585649,0.2835726215,0.0917760490,-0.1838140566,0.1130323791,0.1099086411,-3.3637466607,0.2102090856,0.5160214629,0.9275515238,0.0037352177,-0.0163767875,0.0004687815,0.0000000000,0.0006912917,1.0000000000,0.0419278226,-3.4391253688,6.586,1.000000,18.1765949701,7,0.1537932625
18.450095,2.6129557024,2.5233983961,0.0856133049,0.2928782357,0.0878935349,-0.2072649308,0.1137648252,0.0794693217,-3.6527183273,0.2052960746,0.5160346701,0.9275675383,0.0019217432,-0.0113563021,0.0005285883,0.0000000000,0.0005939645,1.0000000000,0.0419278226,-2.3848234509,6.435,1.000000,18.1765949701,7,0.1516566571
18.458507,2.6136156264,2.5249323769,0.0712719653,0.3013189480,0.0869715284,-0.2300469827,0.1144895880,0.0555708165,-2.8678206252,0.2005144752,0.5160414642,0.9275752461,0.0009249353,-0.0075074758,0.0005866894,0.0000000000,0.0004949652,1.0000000000,0.0419278226,-1.5765699109,6.283,1.000000,18.1765949701,6,0.1492423399
18.466757,2.6141454167,2.5280003384,0.0571594702,0.3089751460,0.0843898641,-0.2518156759,0.1151928369,0.0293683758,-3.1442928777,0.1950203427,0.5160447341,0.9275773594,0.0002535930,-0.0034165089,0.0006422062,0.0000000000,0.0003972796,1.0000000000,0.0419278226,-0.7174668596,6.132,1.000000,18.1765949701,5,0.1466563837
18.475091,2.6145622194,2.5326022808,0.0428645546,0.3159197457,0.0801652737,-0.2730551911,0.1158608808,0.0003975482,-3.4764993158,0.1889548983,0.5160456305,0.9275773598,0.0000000455,0.0009354140,0.0006963733,0.0000000000,0.0002981155,1.0000000000,0.0419278226,0.1964369436,5.980,1.000000,18.1765949701,7,0.1440347690
18.483420,2.6148596461,2.5356702424,0.0285474284,0.3222188860,0.0773589550,-0.2936714575,0.1165055388,-0.0251564030,-3.0664741460,0.1833252131,0.5160456307,0.9275788487,0.0001786680,0.0046126885,0.0007489511,0.0000000000,0.0001986334,1.0000000000,0.0419278226,0.9686645931,5.829,1.000000,18.1765949701,5,0.1415185346
18.491835,2.6150389404,2.5372042232,0.0140634921,0.3279325584,0.0759718105,-0.3138690663,0.1171386372,-0.0474846146,-2.6793853942,0.1782830940,0.5160462623,0.9275840588,0.0006252148,0.0076929586,0.0008004611,0.0000000000,0.0000978811,1.0000000000,0.0419278226,1.6155213001,5.677,1.000000,18.1765949701,5,0.1391951627
18.500093,2.6150963513,2.5402721847,-0.0001603076,0.3331151787,0.0729318186,-0.3332754863,0.1177464023,-0.0723291724,-2.9813469297,0.1731751360,0.5160484724,0.9275959245,0.0014238867,0.0110078721,0.0008499533,0.0000000000,-0.0000011158,1.0000000000,0.0419278226,2.3116531464,5.526,1.000000,18.1765949701,6,0.1371798698
18.508426,2.6150352088,2.5433401463,-0.0145132111,0.3355872293,0.0697886714,-0.3501004404,0.1183279746,-0.0948229580,-2.6992542791,0.1686705554,0.5160535056,0.9276159806,0.0024067313,0.0138899675,0.0008928620,0.0000000000,-0.0001010105,1.0000000000,0.0419278226,2.9168931828,5.374,1.000000,18.1765949701,7,0.1355310073
18.516754,2.6148546641,2.5448741271,-0.0288460689,0.3378295175,0.0680614080,-0.3666755864,0.1188951530,-0.1142691834,-2.3335470433,0.1650343615,0.5160620123,0.9276447107,0.0034476145,0.0163045262,0.0009351337,0.0000000000,-0.0002007098,1.0000000000,0.0419278226,3.4239504930,5.223,1.000000,18.1765949701,4,0.1342636567
18.525175,2.6145507656,2.5479420887,-0.0433209858,0.3376345224,0.0646906556,-0.3809555081,0.1194342418,-0.1347118514,-2.4531201557,0.1616698234,0.5160741964,0.9276841311,0.0047304490,0.0187923749,0.0009715518,0.0000000000,-0.0003012846,1.0000000000,0.0419278226,3.9463987370,5.071,1.000000,18.1765949701,4,0.1334514647
18.533427,2.6141348674,2.5494760695,-0.0574747758,0.3352287752,0.0627544431,-0.3927035510,0.1199571955,-0.1497895543,-1.8093243481,0.1594236284,0.5160909110,0.9277324497,0.0057982278,0.0205794939,0.0010015129,0.0000000000,-0.0003994647,1.0000000000,0.0419278226,4.3216937213,4.920,1.000000,18.1765949701,5,0.1330136605
18.541765,2.6135961297,2.5510100503,-0.0717376357,0.3330466279,0.0606941209,-0.4047842636,0.1204629798,-0.1654633387,-1.8808541373,0.1575962073,0.5161113937,0.9277909924,0.0070251208,0.0224468163,0.0010323223,0.0000000000,-0.0004981843,1.0000000000,0.0419278226,4.7138314321,4.768,1.000000,18.1765949701,5,0.1329931514
18.550097,2.6129392272,2.5510100503,-0.0859400872,0.3288384226,0.0600611242,-0.4147785098,0.1209634892,-0.1762211895,-1.2909420951,0.1567832775,0.5161362033,0.9278571846,0.0079430703,0.0237261409,0.0010578107,0.0000000000,-0.0005962167,1.0000000000,0.0419278226,4.9824895821,4.617,1.000000,18.1765949701,4,0.1332761376
18.558426,2.6121645510,2.5540780118,-0.1000782663,0.3227924693,0.0562528320,-0.4228707356,0.1214322628,-0.1914144498,-1.8231912356,0.1557225373,0.5161642453,0.9279349588,0.0093329043,0.0255518775,0.0010784483,0.0000000000,-0.0006934874,1.0000000000,0.0419278226,5.3658942755,4.465,1.000000,18.1765949701,5,0.1340047690
18.566764,2.6112713266,2.5525440310,-0.1141638182,0.3150795758,0.0569374035,-0.4292433940,0.1219067412,-0.1959596903,-0.5454288576,0.1564150248,0.5161971811,0.9280166921,0.0098079881,0.0261408810,0.0010947005,0.0000000000,-0.0007900300,1.0000000000,0.0419278226,5.4895850191,4.314,1.000000,18.1765949701,3,0.1348665843
18.575093,2.6102621211,2.5540780118,-0.1281560892,0.3058546743,0.0544466217,-0.4340107635,0.1223604630,-0.2052263606,-1.1120004321,0.1566299594,0.5162317786,0.9281064136,0.0107665866,0.0273038906,0.0011068587,0.0000000000,-0.0008855229,1.0000000000,0.0419278226,5.7338170298,4.163,1.000000,18.1765949701,3,0.1360104233
18.583420,2.6091369897,2.5540780118,-0.1420576005,0.2930294214,0.0533943475,-0.4350870218,0.1228054159,-0.2079536902,-0.3272795501,0.1578259020,0.5162697399,0.9281989667,0.0111063687,0.0277025385,0.0011096035,0.0000000000,-0.0009799446,1.0000000000,0.0419278226,5.8175330911,4.011,1.000000,18.1765949701,5,0.1372258602
18.591849,2.6078806378,2.5540780118,-0.1560298209,0.2791673240,0.0522167430,-0.4351971449,0.1232405554,-0.2099734670,-0.2423732155,0.1591706710,0.5163088799,0.9282938204,0.0113824497,0.0280241211,0.0011098844,0.0000000000,-0.0010743466,1.0000000000,0.0419278226,5.8850654389,3.860,1.000000,18.1765949701,4,0.1384892149
18.600095,2.6065379978,2.5540780118,-0.1695932282,0.2643647509,0.0509581928,-0.4339579791,0.1236652070,-0.2108150545,-0.1009905113,0.1606716286,0.5163489725,0.9283899920,0.0115405829,0.0282075908,0.0011067241,0.0000000000,-0.0011654643,1.0000000000,0.0419278226,5.9235940699,3.708,1.000000,18.1765949701,3,0.1397606531
18.608536,2.6050483359,2.5540780118,-0.1833586686,0.2464802379,0.0495701286,-0.4298389065,0.1240782914,-0.2090453559,0.2123638358,0.1624049660,0.5163896010,0.9284851869,0.0114233868,0.0280572128,0.0010962193,0.0000000000,-0.0012573714,1.0000000000,0.0419278226,5.8920146908,3.557,1.000000,18.1765949701,4,0.1409525587
18.617874,2.6032655162,2.5540780118,-0.1984376320,0.2280291088,0.0478921253,-0.4264667407,0.1244773925,-0.2086121715,0.0519821285,0.1639656524,0.5164297961,0.9285805536,0.0114440122,0.0280604968,0.0010876192,0.0000000000,-0.0013573433,1.0000000000,0.0419278226,5.8927043379,3.405,1.000000,18.1765949701,2,0.1421118036
18.626025,2.6015948868,2.5540780118,-0.2114600630,0.2112929030,0.0463165704,-0.4227529660,0.1248633639,-0.2076468622,0.1158371194,0.1655225109,0.5164700429,0.9286755992,0.0114054751,0.0280033888,0.0010781480,0.0000000000,-0.0014430484,1.0000000000,0.0419278226,5.8807116379,3.254,1.000000,18.1765949701,2,0.1432209332
18.633424,2.5999869247,2.5540780118,-0.2231612921,0.1938833528,0.0448075077,-0.4170446449,0.1252367598,-0.2045673528,0.3695411236,0.1671885297,0.5165101335,0.9287684276,0.0111394048,0.0276698359,0.0010635900,0.0000000000,-0.0015195298,1.0000000000,0.0419278226,5.8106655399,3.102,1.000000,18.1765949701,1,0.1442107105
18.641758,2.5980727681,2.5540780118,-0.2361957812,0.1758630416,0.0429957203,-0.4120588228,0.1255950575,-0.2028264416,0.2089093490,0.1686349451,0.5165492688,0.9288601786,0.0110101177,0.0274868400,0.0010508747,0.0000000000,-0.0016041077,1.0000000000,0.0419278226,5.7722364053,2.951,1.000000,18.1765949701,2,0.1451286450
18.650091,2.5960508446,2.5540780118,-0.2490672203,0.1595176118,0.0410666513,-0.4085848321,0.1259372796,-0.2028461341,-0.0023630999,0.1698645587,0.5165879305,0.9289523690,0.0110628501,0.0275287985,0.0010420149,0.0000000000,-0.0016869594,1.0000000000,0.0419278226,5.7810476831,2.799,1.000000,18.1765949701,3,0.1460340587
18.658416,2.5939244213,2.5540780118,-0.2617561240,0.1446913930,0.0390244521,-0.4064475170,0.1262624833,-0.2044439597,-0.1917390772,0.1709605318,0.5166267578,0.9290463993,0.0112836302,0.0277821666,0.0010365641,0.0000000000,-0.0017679582,1.0000000000,0.0419278226,5.8342549921,2.648,1.000000,18.1765949701,4,0.1469793896
18.666752,2.5916900951,2.5540780118,-0.2742823439,0.1312431836,0.0368665221,-0.4055255275,0.1265697043,-0.2075046843,-0.3672869469,0.1719928401,0.5166663400,0.9291436365,0.0116684623,0.0282403085,0.0010342128,0.0000000000,-0.0018472325,1.0000000000,0.0419278226,5.9304647822,2.496,1.000000,18.1765949701,4,0.1480135054
18.675092,2.5893508074,2.5540780118,-0.2866272369,0.1190449057,0.0345965298,-0.4056721426,0.1268580088,-0.2118752217,-0.5244644955,0.1730293823,0.5167072507,0.9292454006,0.0122117008,0.0288910049,0.0010345867,0.0000000000,-0.0019246685,1.0000000000,0.0419278226,6.0671110361,2.345,1.000000,18.1765949701,1,0.1491811811
18.683422,2.5869124915,2.5540780118,-0.2987602617,0.1079803856,0.0322210688,-0.4067406473,0.1271265177,-0.2173966290,-0.6625688709,0.1741329669,0.5167500429,0.9293529724,0.0129086175,0.0297209065,0.0010373117,0.0000000000,-0.0020000855,1.0000000000,0.0419278226,6.2413903558,2.193,1.000000,18.1765949701,1,0.1505233260
18.691759,2.5843720594,2.5540780118,-0.3106973367,0.0979442473,0.0297376496,-0.4086415839,0.1273743314,-0.2239852796,-0.7906380771,0.1753557752,0.5167952513,0.9294676747,0.0137642661,0.0307264858,0.0010421597,0.0000000000,-0.0020735973,1.0000000000,0.0419278226,6.4525620274,2.042,1.000000,18.1765949701,1,0.1520798460
18.700092,2.5817339847,2.5540780118,-0.3224170710,0.0888409086,0.0271512888,-0.4112579797,0.1276005922,-0.2315150838,-0.9035764954,0.1767510207,0.5168434270,0.9295908417,0.0147800435,0.0318992962,0.0010488323,0.0000000000,-0.0021450895,1.0000000000,0.0419278226,6.6988522057,1.890,1.000000,18.1765949701,1,0.1538882214
18.708421,2.5790004118,2.5525440310,-0.3339107343,0.0805836715,0.0259986041,-0.4144944058,0.1278172472,-0.2368271093,-0.6374430640,0.1788002602,0.5168951244,0.9297206834,0.0155810053,0.0328490724,0.0010570861,0.0000000000,-0.0022145310,0.9996784046,0.0419278226,6.8983051966,1.739,1.000000,18.1765949701,1,0.1558730176
18.716758,2.5761693652,2.5540780118,-0.3451861763,0.0730938957,0.0216761243,-0.4182800720,0.1279978816,-0.2490191060,-1.4630396055,0.1801150156,0.5169495855,0.9298649173,0.0173080659,0.0345388727,0.0010667407,0.0000000000,-0.0022819933,0.8345980952,0.0419278226,7.2531632730,1.588,1.000000,18.1765949701,2,0.1582938691
18.725094,2.5732458753,2.5540780118,-0.3562226907,0.0663002503,0.0187912276,-0.4225229410,0.1281544751,-0.2588369710,-1.1781437967,0.1823020729,0.5170100379,0.9300219696,0.0188462761,0.0359585485,0.0010775613,0.0000000000,-0.0023473794,0.6140860937,0.0419278226,7.5512951931,1.436,1.000000,18.1765949701,2,0.1610714170
18.733425,2.5702328913,2.5540780118,-0.3670097457,0.0601380341,0.0158132496,-0.4271477798,0.1282862522,-0.2692461354,-1.2490997277,0.1848351647,0.5170758083,0.9301934379,0.0205761992,0.0374980016,0.0010893561,0.0000000000,-0.0024106578,0.3607081427,0.0419278226,7.8745803432,1.285,1.000000,18.1765949701,0,0.1642376525
18.741761,2.5671295037,2.5540780118,-0.3775505855,0.0545485594,0.0127416145,-0.4320991449,0.1283924323,-0.2801930689,-1.3136320225,0.1877490867,0.5171475510,0.9303810391,0.0225121420,0.0392265116,0.0011019835,0.0000000000,-0.0024718804,0.1344092904,0.0419278226,8.2375674333,1.133,1.000000,18.1765949701,0,0.1678239515
18.750097,2.5639393535,2.5540780118,-0.3878324360,0.0494785934,0.0095802656,-0.4373110293,0.1284722679,-0.2916046707,-1.3693922111,0.1910786932,0.5172259661,0.9305865920,0.0246663439,0.0412280012,0.0011152754,0.0000000000,-0.0025310074,0.0069422208,0.0419278226,8.6578802443,0.982,1.000000,18.1765949701,0,0.1718599489
18.758429,2.5606657805,2.5540780118,-0.3978448267,0.0448798507,0.0063328169,-0.4427246774,0.1284722679,-0.3034677517,-1.4235697208,0.1948564061,0.5173117915,0.9305865920,0.0000000000,0.0419278226,0.0011290819,0.0000000000,-0.0025880161,0.0000000000,0.0419278226,8.8048427556,0.830,1.000000,18.1765949701,0,0.1718599489
18.766758,2.5573113355,2.5540780118,-0.4075805664,0.0407085339,0.0030020681,-0.4482891004,0.1284722679,-0.3156470418,-1.4615148120,0.1939676904,0.5173117915,0.9305865920,0.0000000000,0.0419278226,0.0011432728,0.0000000000,-0.0026429046,0.0000000000,0.0419278226,8.8048427556,0.679,1.000000,18.1765949701,1,0.1718599489
18.775088,2.5538768650,2.5540780118,-0.4170374996,0.0369249164,-0.0004109085,-0.4539624160,0.1284688436,-0.3281019055,-1.4945836436,0.1930509653,0.5173117915,0.9305865920,0.0000000000,0.0419278226,0.0011577415,0.0000000000,-0.0026957010,0.0000000000,0.0419278226,8.8048427556,0.527,1.000000,18.1765949701,0,0.1718599489
18.783425,2.5503614939,2.5540780118,-0.4262173167,0.0334929638,-0.0039067835,-0.4597102805,0.1284362871,-0.3408246800,-1.5267329411,0.1921095870,0.5173117915,0.9305865920,0.0000000000,0.0419278226,0.0011724003,0.0000000000,-0.0027464550,0.0000000000,0.0419278226,8.8048427556,0.376,1.000000,18.1765949701,0,0.1718599489
18.791760,2.5467719316,2.5540780118,-0.4351020413,0.0303799908,-0.0074786617,-0.4654820321,0.1283739649,-0.3537516345,-1.5512345450,0.1911491039,0.5173117915,0.9305865920,0.0000000000,0.0419278226,0.0011871200,0.0000000000,-0.0027951085,0.0000000000,0.0419278226,8.8048427556,0.224,1.000000,18.1765949701,0,0.1718599489
18.800090,2.5431113496,2.5540780118,-0.4436843943,0.0275563503,-0.0111232033,-0.4712407446,0.1282812716,-0.3668398069,-1.5705806834,0.1901734456,0.5173117915,0.9305865920,0.0000000000,0.0419278226,0.0012018065,0.0000000000,-0.0028416648,0.0513862643,0.0419278226,8.8048427556,0.073,1.000000,18.1765949701,0,0.1718599489
18.808422,2.5393801234,2.5525440310,-0.4519637592,0.0249951505,-0.0133058991,-0.4769589097,0.1281703891,-0.3770021414,-1.2194801420,0.1896786266,0.5173117915,0.9305865920,0.0000000000,0.0419278226,0.0012163895,0.0000000000,-0.0028861634,0.1703941534,0.0419278226,8.8048427556,-0.079,1.000000,18.1765949701,0,0.1718599489
18.816758,2.5355788020,2.5525440310,-0.4599384104,0.0226719991,-0.0170940233,-0.4826104095,0.1280279389,-0.3903173187,-1.5978212758,0.1886814851,0.5173117915,0.9305865920,0.0000000000,0.0419278226,0.0012308025,0.0000000000,-0.0029286374,0.4691405308,0.0419278226,8.8048427556,-0.230,1.000000,18.1765949701,0,0.1718599489
18.825091,2.5317139988,2.5525440310,-0.4675943426,0.0205647708,-0.0209468558,-0.4881591134,0.1278533817,-0.4036898697,-1.6047061239,0.1876791427,0.5173117915,0.9305865920,0.0000000000,0.0419278226,0.0012449534,0.0000000000,-0.0029690545,0.7842096672,0.0419278226,8.8048427556,-0.382,1.000000,18.1765949701,0,0.1718599489
18.833425,2.5277862201,2.5510100503,-0.4749307563,0.0164245212,-0.0233171340,-0.4913552775,0.1276590723,-0.4117850050,-0.9714162324,0.1874073066,0.5173117915,0.9305865920,0.0000000000,0.0419278226,0.0012531046,0.0000000000,-0.0030074531,0.9281119778,0.0419278226,8.8048427556,-0.533,1.000000,18.1765949701,0,0.1718599489
18.841864,2.5237483651,2.5510100503,-0.4820272990,0.0126690833,-0.0273336552,-0.4946963823,0.1274312918,-0.4233275236,-1.3851022314,0.1866059236,0.5173117915,0.9305865920,0.0000000000,0.0419278226,0.0012616254,0.0000000000,-0.0030442857,1.0000000000,0.0419278226,8.8048427556,-0.685,1.000000,18.1765949701,0,0.1718599489
18.850098,2.5197519289,2.5510100503,-0.4886254719,0.0092626911,-0.0313107405,-0.4978881630,0.1271703690,-0.4346750785,-1.3617065863,0.1858180273,0.5173117915,0.9305865920,0.0000000000,0.0419278226,0.0012697654,0.0000000000,-0.0030782569,1.0000000000,0.0419278226,8.8048427556,-0.836,1.000000,18.1765949701,0,0.1718599489
18.858430,2.5156539292,2.5479420887,-0.4949694572,0.0039440272,-0.0323105645,-0.4989134844,0.1269011143,-0.4379515487,-0.3931764290,0.1862426886,0.5173117915,0.9305865920,0.0000000000,0.0419278226,0.0012723803,0.0000000000,-0.0031106687,1.0000000000,0.0419278226,8.8048427556,-0.988,1.000000,18.1765949701,0,0.1718599489
18.866762,2.5115044520,2.5479420887,-0.5009743449,-0.0008802984,-0.0364326359,-0.5000940465,0.1265975090,-0.4476179144,-1.1599638780,0.1856433667,0.5173117915,0.9305865920,0.0000000000,0.0419278226,0.0012753911,0.0000000000,-0.0031411211,1.0000000000,0.0419278226,8.8048427556,-1.139,1.000000,18.1765949701,0,0.1718599489
18.875114,2.5072964409,2.5464081079,-0.5066488822,-0.0052562315,-0.0390818076,-0.5013926508,0.1262718273,-0.4544989116,-0.8257196668,0.1855195876,0.5173117915,0.9305865920,0.0000000000,0.0419278226,0.0012787029,0.0000000000,-0.0031696948,1.0000000000,0.0419278226,8.8048427556,-1.290,1.000000,18.1765949701,0,0.1718599489
18.883426,2.5030628464,2.5464081079,-0.5119501195,-0.0114543232,-0.0432801922,-0.5004957963,0.1259111590,-0.4622956857,-0.9356128913,0.1851253616,0.5173117915,0.9305865920,0.0000000000,0.0419278226,0.0012764157,0.0000000000,-0.0031962099,1.0000000000,0.0419278226,8.8048427556,-1.442,1.000000,18.1765949701,0,0.1718599489
18.891760,2.4987755987,2.5448741271,-0.5169145450,-0.0170763389,-0.0460015218,-0.4998382061,0.1255278130,-0.4674206539,-0.6149961842,0.1851970965,0.5173117915,0.9305865920,0.0000000000,0.0419278226,0.0012747386,0.0000000000,-0.0032208833,1.0000000000,0.0419278226,8.8048427556,-1.593,1.000000,18.1765949701,0,0.1718599489
18.900092,2.4944490147,2.5433401463,-0.5215241203,-0.0244046973,-0.0487524943,-0.4971194230,0.1251215422,-0.4705659052,-0.3774301571,0.1854860833,0.5173117915,0.9305865920,0.0000000000,0.0419278226,0.0012678049,0.0000000000,-0.0032436569,1.0000000000,0.0419278226,8.8048427556,-1.745,1.000000,18.1765949701,-1,0.1718599489
18.908450,2.4900719350,2.5418061655,-0.5257889663,-0.0310519282,-0.0515578319,-0.4947370382,0.1246918936,-0.4741785754,-0.4335204250,0.1857299375,0.5173117915,0.9305865920,0.0000000000,0.0419278226,0.0012617291,0.0000000000,-0.0032646105,1.0000000000,0.0419278226,8.8048427556,-1.896,1.000000,18.1765949701,-2,0.1718599489
18.916760,2.4856865485,2.5387382040,-0.5296696004,-0.0393102140,-0.0528283435,-0.4903593864,0.1242516574,-0.4727582541,0.1704385592,0.1866971462,0.5173117915,0.9305865920,0.0000000000,0.0419278226,0.0012505648,0.0000000000,-0.0032835787,1.0000000000,0.0419278226,8.8048427556,-2.048,1.000000,18.1765949701,-1,0.1718599489
18.925092,2.4812581014,2.5356702424,-0.5331985795,-0.0490298167,-0.0541336143,-0.4841687628,0.1238005439,-0.4696047182,0.3784243052,0.1878588087,0.5173117915,0.9305865920,0.0000000000,0.0419278226,0.0012347768,0.0000000000,-0.0033007470,1.0000000000,0.0419278226,8.8048427556,-2.199,1.000000,18.1765949701,-2,0.1718599489
18.933426,2.4768013125,2.5326022808,-0.5363625055,-0.0600749157,-0.0554596970,-0.4762875899,0.1233383798,-0.4648128620,0.5750227425,0.1892030577,0.5173117915,0.9305865920,0.0000000000,0.0419278226,0.0012146774,0.0000000000,-0.0033160738,1.0000000000,0.0419278226,8.8048427556,-2.351,1.000000,18.1765949701,-1,0.1718599489
18.941787,2.4723047912,2.5280003384,-0.5391674881,-0.0745511895,-0.0552720397,-0.4646162985,0.1228777795,-0.4532230578,1.3907765019,0.1914723387,0.5173117915,0.9305865920,0.0000000000,0.0419278226,0.0011849121,0.0000000000,-0.0033296099,1.0000000000,0.0419278226,8.8048427556,-2.502,1.000000,18.1765949701,-2,0.1718599489
18.950095,2.4678150349,2.5218644153,-0.5415862657,-0.0899108552,-0.0535386182,-0.4516754105,0.1224316243,-0.4372795255,1.9132238770,0.1944037148,0.5173117915,0.9305865920,0.0000000000,0.0419278226,0.0011519089,0.0000000000,-0.0033412431,1.0000000000,0.0419278226,8.8048427556,-2.654,1.000000,18.1765949701,-2,0.1718599489
18.958431,2.4632916342,2.5157284921,-0.5436423367,-0.1105295580,-0.0518089658,-0.4331127787,0.1219998829,-0.4157075222,2.5886403983,0.1979441497,0.5173117915,0.9305865920,0.0000000000,0.0419278226,0.0011045686,0.0000000000,-0.0033511033,1.0000000000,0.0419278226,8.8048427556,-2.805,1.000000,18.1765949701,-2,0.1718599489
18.966754,2.4587596657,2.5111265498,-0.5453232880,-0.1336896259,-0.0516074251,-0.4116336620,0.1215698211,-0.3942522079,2.5746377219,0.2012650184,0.5173117915,0.9305865920,0.0000000000,0.0419278226,0.0010497904,0.0000000000,-0.0033591451,1.0000000000,0.0419278226,8.8048427556,-2.957,1.000000,18.1765949701,-3,0.1718599489
18.975175,2.4541615956,2.5034566458,-0.5466446323,-0.1613837298,-0.0483782677,-0.3852609025,0.1211666688,-0.3618638694,3.8866006096,0.2061312914,0.5173117915,0.9305865920,0.0000000000,0.0419278226,0.0009825319,0.0000000000,-0.0033654541,1.0000000000,0.0419278226,8.8048427556,-3.108,1.000000,18.1765949701,-3,0.1718599489
18.983427,2.4496466612,2.4957867419,-0.5475683069,-0.1931904579,-0.0450426117,-0.3543778490,0.1207913137,-0.3247263218,4.4565057207,0.2114410836,0.5173117915,0.9305865920,0.0000000000,0.0419278226,0.0009037707,0.0000000000,-0.0033698580,1.0000000000,0.0419278226,8.8048427556,-3.260,1.000000,18.1765949701,-2,0.1718599489
18.991761,2.4450807059,2.4896508187,-0.5481276731,-0.2287275660,-0.0432707660,-0.3194001071,0.1204307240,-0.2865852534,4.5769282020,0.2165567211,0.5173117915,0.9305865920,0.0000000000,0.0419278226,0.0008145669,0.0000000000,-0.0033725224,1.0000000000,0.0419278226,8.8048427556,-3.411,1.000000,18.1765949701,-2,0.1718599489
19.000090,2.4405141930,2.4819809148,-0.5483113338,-0.2676483374,-0.0399462754,-0.2806629964,0.1200978384,-0.2415739458,5.4013569090,0.2224682980,0.5173117915,0.9307429273,0.0187602377,0.0375159668,0.0007157756,0.0000000000,-0.0033733967,1.0000000000,0.0419278226,7.8783530379,-3.563,1.000000,18.1765949701,-3,0.1742774286
19.008431,2.4359412586,2.4712430493,-0.5481190414,-0.3096382806,-0.0335428094,-0.2384807608,0.1198183150,-0.1869500506,6.5548674269,0.2328638600,0.5173770017,0.9308395835,0.0115987486,0.0293348029,0.0006081981,0.0000000000,-0.0033724813,1.0000000000,0.0419278226,6.1603086048,-3.714,1.000000,18.1765949701,-4,0.1745555612
19.016763,2.4313761010,2.4635731453,-0.5475511649,-0.3521832584,-0.0301963751,-0.1953679065,0.1195666785,-0.1374393037,5.9412896324,0.2392857812,0.5174172904,0.9308928341,0.0063900703,0.0211851474,0.0004982473,0.0000000000,-0.0033697763,1.0000000000,0.0419278226,4.4488809554,-3.865,1.000000,18.1765949701,-3,0.1733168630
19.025090,2.4268205689,2.4543692606,-0.5466089157,-0.3974605595,-0.0252908129,-0.1491483562,0.1193559217,-0.0816851235,6.6905016271,0.2441417913,0.5174394774,0.9309119141,0.0022895997,0.0115158398,0.0003803734,0.0000000000,-0.0033652838,0.9924787998,0.0419278226,2.4183263639,-3.714,1.000000,18.1765949701,-3,0.1709016542
19.033429,2.4222673922,2.4436313951,-0.5452903270,-0.4452162305,-0.0188348356,-0.1000740965,0.1191989648,-0.0199440599,7.4089276267,0.2476238206,0.5174474255,0.9309130631,0.0001378750,0.0003758310,0.0002552192,0.0000000000,-0.0033589876,0.6177429258,0.0419278226,0.0789245082,-3.563,1.000000,18.1765949701,-5,0.1678884965
19.041769,2.4177265616,2.4328935296,-0.5435973876,-0.4929910458,-0.0123664033,-0.0506063417,0.1190959114,0.0422683856,7.4654934661,0.2496560076,0.5174479041,0.9309182540,0.0006229145,-0.0109620857,0.0001290615,0.0000000000,-0.0033508880,0.1123311227,0.0419278226,-2.3020379923,-3.411,1.000000,18.1765949701,-3,0.1650803802
19.050170,2.4131686142,2.4221556641,-0.5415149492,-0.5407832262,-0.0059149892,-0.0007317230,0.1190466198,0.1049069088,7.5166227793,0.2513626344,0.5174500664,0.9309503865,0.0038559018,-0.0223600163,0.0000018661,0.0000000000,-0.0033409006,0.0000000000,0.0419278226,-4.6956034309,-3.260,1.000000,18.1765949701,-3,0.1633471718
19.058433,2.4087038483,2.4114177986,-0.5390986615,-0.5885911575,0.0006296959,0.0494924960,0.1190518673,0.1681340467,7.5872565476,0.2541147579,0.5174634494,0.9310335717,0.0099822215,-0.0340514007,-0.0001262208,-0.0000000000,-0.0033292784,0.0000000000,0.0419278226,-7.1507941398,-3.108,1.000000,18.1765949701,-3,0.1636233588
19.066752,2.4042303081,2.4022139138,-0.5362989067,-0.6364133758,0.0056317070,0.1001144691,0.1190987982,0.2287362901,7.2722692120,0.2590506443,0.5174980845,0.9310335717,0.0000000000,-0.0419278226,-0.0002553222,-0.0000000000,-0.0033157664,0.0000000000,0.0419278226,-8.8048427556,-2.957,1.000000,18.1765949701,-3,0.1636233588
19.075092,2.3997706165,2.3914760483,-0.5331245528,-0.6842485533,0.0121816212,0.1511240005,0.1192003117,0.2928540484,7.6941309936,0.2634101150,0.5174980845,0.9310335717,0.0000000000,-0.0419278226,-0.0003854119,-0.0000000000,-0.0033003877,0.1020448044,0.0419278226,-8.8048427556,-2.805,1.000000,18.1765949701,-2,0.1636233588
19.083522,2.3952911379,2.3822721636,-0.5295439467,-0.7298666097,0.0171651726,0.2003226631,0.1193433548,0.3520910915,7.1084451740,0.2667146535,0.5174980845,0.9310335717,0.0000000000,-0.0419278226,-0.0005108834,-0.0000000000,-0.0032829660,0.4752469153,0.0419278226,-8.8048427556,-2.654,1.000000,18.1765949701,-2,0.1636233588
19.091762,2.3909434390,2.3730682789,-0.5256852260,-0.7712447375,0.0222564178,0.2455595115,0.1195288250,0.4076220355,6.6637132768,0.2694642820,0.5174980845,0.9310335717,0.0000000000,-0.0419278226,-0.0006262510,-0.0000000000,-0.0032641022,0.8711141844,0.0419278226,-8.8048427556,-2.502,1.000000,18.1765949701,-3,0.1636233588
19.100096,2.3865796343,2.3623304133,-0.5214238606,-0.8110058888,0.0288563522,0.2895820282,0.1197692946,0.4649891368,6.8840521600,0.2721359278,0.5174980845,0.9310335717,0.0000000000,-0.0419278226,-0.0007385218,-0.0000000000,-0.0032431630,1.0000000000,0.0419278226,-8.8048427556,-2.351,1.000000,18.1765949701,-3,0.1636233588
19.108427,2.3822549043,2.3531265286,-0.5168073402,-0.8470714762,0.0339403869,0.3302641360,0.1200521311,0.5160470283,6.1269469695,0.2739593380,0.5174980845,0.9310335717,0.0000000000,-0.0419278226,-0.0008422735,-0.0000000000,-0.0032203521,1.0000000000,0.0419278226,-8.8048427556,-2.199,1.000000,18.1765949701,-1,0.1636233588
19.116760,2.3779686684,2.3423886631,-0.5118351298,-0.8797849804,0.0405778542,0.3679498507,0.1203902799,0.5672481841,6.1441387068,0.2758019118,0.5174980845,0.9310335717,0.0000000000,-0.0419278226,-0.0009383834,-0.0000000000,-0.0031956366,1.0000000000,0.0419278226,-8.8048427556,-2.048,1.000000,18.1765949701,-1,0.1636233588
19.125175,2.3736839212,2.3316507976,-0.5064581853,-0.9094579579,0.0471995376,0.4029997726,0.1207836094,0.6158366116,5.8306112897,0.2773140022,0.5174980845,0.9310335717,0.0000000000,-0.0419278226,-0.0010277713,-0.0000000000,-0.0031687378,1.0000000000,0.0419278226,-8.8048427556,-1.896,1.000000,18.1765949701,-2,0.1636233588
19.133426,2.3695280795,2.3224469129,-0.5008423969,-0.9341441318,0.0523878169,0.4333017349,0.1212201745,0.6568729712,4.9243631616,0.2783003957,0.5174980845,0.9310335717,0.0000000000,-0.0419278226,-0.0011050505,-0.0000000000,-0.0031404543,1.0000000000,0.0419278226,-8.8048427556,-1.745,1.000000,18.1765949701,-1,0.1636233588
19.141764,2.3653769114,2.3147770089,-0.4948255648,-0.9565358718,0.0560337549,0.4617103070,0.1216871225,0.6929828096,4.3331806050,0.2787694354,0.5174980845,0.9310335717,0.0000000000,-0.0419278226,-0.0011775010,-0.0000000000,-0.0031099363,1.0000000000,0.0419278226,-8.8048427556,-1.593,1.000000,18.1765949701,-1,0.1636233588
19.150093,2.3612819073,2.3040391434,-0.4884765584,-0.9746175562,0.0627793341,0.4861409978,0.1222102836,0.7313260832,4.6011928276,0.2798546548,0.5174980845,0.9310335717,0.0000000000,-0.0419278226,-0.0012398066,-0.0000000000,-0.0030774931,1.0000000000,0.0419278226,-8.8048427556,-1.442,1.000000,18.1765949701,-2,0.1636233588
19.158429,2.3572376621,2.2963692395,-0.4817871538,-0.9910186550,0.0664981636,0.5092315011,0.1227644350,0.7623486023,3.7227022954,0.2801794381,0.5174980845,0.9310335717,0.0000000000,-0.0419278226,-0.0012986944,-0.0000000000,-0.0030430443,1.0000000000,0.0419278226,-8.8048427556,-1.290,1.000000,18.1765949701,-1,0.1636233588
19.166787,2.3532397982,2.2886993355,-0.4747478181,-1.0036664928,0.0702420530,0.5289186747,0.1233497854,0.7900483244,3.3239666542,0.2805567187,0.5174980845,0.9310335717,0.0000000000,-0.0419278226,-0.0013489026,-0.0000000000,-0.0030064995,1.0000000000,0.0419278226,-8.8048427556,-1.139,1.000000,18.1765949701,-1,0.1636233588
19.175094,2.3493261898,2.2794954508,-0.4674274701,-1.0151387888,0.0755975006,0.5477113187,0.1239797646,0.8200980778,3.6059704088,0.2811369928,0.5174980845,0.9310335717,0.0000000000,-0.0419278226,-0.0013968296,-0.0000000000,-0.0029681774,1.0000000000,0.0419278226,-8.8048427556,-0.988,1.000000,18.1765949701,-1,0.1636233588
19.183429,2.3454621512,2.2718255469,-0.4597631288,-1.0233159270,0.0794498183,0.5635527983,0.1246418464,0.8442431055,2.8974033157,0.2815155136,0.5174980845,0.9310335717,0.0000000000,-0.0419278226,-0.0014372301,-0.0000000000,-0.0029277079,1.0000000000,0.0419278226,-8.8048427556,-0.836,1.000000,18.1765949701,-1,0.1636233588
19.191762,2.3416639688,2.2656896237,-0.4517850313,-1.0262752970,0.0818043706,0.5744902657,0.1253235495,0.8605289064,1.9542961163,0.2819098084,0.5174980845,0.9310335717,0.0000000000,-0.0419278226,-0.0014651240,-0.0000000000,-0.0028852072,1.0000000000,0.0419278226,-8.8048427556,-0.685,1.000000,18.1765949701,-1,0.1636233588
19.200186,2.3378930517,2.2595537006,-0.4434047775,-1.0245018595,0.0841593022,0.5810970820,0.1260248770,0.8725041600,1.4370304302,0.2825990045,0.5174980845,0.9310335717,0.0000000000,-0.0419278226,-0.0014819734,-0.0000000000,-0.0028401549,1.0000000000,0.0419278226,-8.8048427556,-0.533,1.000000,18.1765949701,-1,0.1636233588
19.208428,2.3342732692,2.2549517582,-0.4349051730,-1.0206643767,0.0851196621,0.5857592037,0.1267342075,0.8797729913,0.8722597604,0.2831542888,0.5174980845,0.9310335717,0.0000000000,-0.0419278226,-0.0014938632,-0.0000000000,-0.0027940355,1.0000000000,0.0419278226,-8.8048427556,-0.382,1.000000,18.1765949701,-1,0.1636233588
19.216760,2.3306866459,2.2488158350,-0.4260170327,-1.0104969379,0.0876112032,0.5844799052,0.1274643009,0.8841618012,0.5266571807,0.2844352511,0.5174980845,0.9310335717,0.0000000000,-0.0419278226,-0.0014906006,-0.0000000000,-0.0027453529,1.0000000000,0.0419278226,-8.8048427556,-0.230,1.000000,18.1765949701,-1,0.1636233588
19.225094,2.3271741910,2.2457478735,-0.4168340815,-0.9968167509,0.0870889961,0.5799826694,0.1281900425,0.8793430788,-0.5782466863,0.2854664137,0.5174980845,0.9310335717,0.0000000000,-0.0419278226,-0.0014791313,-0.0000000000,-0.0026945708,1.0000000000,0.0419278226,-8.8048427556,-0.079,1.000000,18.1765949701,0,0.1636233588
19.233427,2.3237398185,2.2442138927,-0.4073663952,-0.9777214290,0.0850801284,0.5703550337,0.1288990436,0.8664249417,-1.5501764504,0.2866468687,0.5174980845,0.9310335717,0.0000000000,-0.0419278226,-0.0014545779,-0.0000000000,-0.0026417030,1.0000000000,0.0419278226,-8.8048427556,0.073,1.000000,18.1765949701,0,0.1636233588
19.241787,2.3203750267,2.2442138927,-0.3975882401,-0.9514854012,0.0815662959,0.5538971611,0.1295787627,0.8436588341,-2.7319329182,0.2880655153,0.5174980845,0.9310335717,0.0000000000,-0.0419278226,-0.0014126053,-0.0000000000,-0.0025865622,1.0000000000,0.0419278226,-8.8048427556,0.224,1.000000,18.1765949701,0,0.1636233588
19.250097,2.3171123342,2.2442138927,-0.3875962526,-0.9187723539,0.0781177684,0.5311761012,0.1302297441,0.8147308982,-3.4713523003,0.2898624801,0.5174980845,0.9310335717,0.0000000000,-0.0419278226,-0.0013546598,-0.0000000000,-0.0025296559,1.0000000000,0.0419278226,-8.8048427556,0.376,1.000000,18.1765949701,0,0.1636233588
19.258430,2.3139251989,2.2442138927,-0.3773116798,-0.8801842878,0.0747114234,0.5028726080,0.1308523393,0.7802763132,-4.1345502000,0.2919054439,0.5174980845,0.9310335717,0.0000000000,-0.0419278226,-0.0012824773,-0.0000000000,-0.0024704995,1.0000000000,0.0419278226,-8.8048427556,0.527,1.000000,18.1765949701,0,0.1636233588
19.266753,2.3108284391,2.2457478735,-0.3667810861,-0.8340383753,0.0698185389,0.4672572892,0.1314341605,0.7355174300,-5.3710659916,0.2938843432,0.5174980845,0.9310335717,0.0000000000,-0.0419278226,-0.0011916474,-0.0000000000,-0.0024093230,1.0000000000,0.0419278226,-8.8048427556,0.679,1.000000,18.1765949701,0,0.1636233588
19.275174,2.3077857373,2.2457478735,-0.3558722242,-0.7832659494,0.0664874111,0.4273937252,0.1319882222,0.6895845781,-5.5119422251,0.2960849812,0.5174980845,0.9310335717,0.0000000000,-0.0419278226,-0.0010899833,-0.0000000000,-0.0023453130,1.0000000000,0.0419278226,-8.8048427556,0.830,1.000000,18.1765949701,0,0.1636233588
19.283426,2.3048938454,2.2472818543,-0.3449392173,-0.7282970172,0.0617492730,0.3833577999,0.1325027995,0.6366461090,-6.3526162875,0.2977437126,0.5174980845,0.9310335717,0.0000000000,-0.0419278226,-0.0009776784,-0.0000000000,-0.0022805229,1.0000000000,0.0419278226,-8.8048427556,0.982,1.000000,18.1765949701,0,0.1636233588
19.291760,2.3020660599,2.2472818543,-0.3336634587,-0.6695216190,0.0585875984,0.3358581602,0.1329910295,0.5833488024,-6.3956768001,0.2993960582,0.5174980845,0.9310335717,0.0000000000,-0.0419278226,-0.0008565399,-0.0000000000,-0.0022130442,1.0000000000,0.0419278226,-8.8048427556,1.133,1.000000,18.1765949701,0,0.1636233588
19.300088,2.2993351038,2.2488158350,-0.3221672379,-0.6117512949,0.0539944821,0.2895840571,0.1334409835,0.5283964468,-6.5942826618,0.3001198890,0.5174980845,0.9310335717,0.0000000000,-0.0419278226,-0.0007385270,-0.0000000000,-0.0021435727,1.0000000000,0.0419278226,-8.8048427556,1.285,1.000000,18.1765949701,0,0.1636233588
19.308504,2.2966732368,2.2488158350,-0.3103243732,-0.5548926294,0.0510096146,0.2445682562,0.1338660636,0.4778718488,-6.0629517610,0.3007091479,0.5174980845,0.9310335717,0.0000000000,-0.0419278226,-0.0006237230,-0.0000000000,-0.0020713110,1.0000000000,0.0419278226,-8.8048427556,1.436,1.000000,18.1765949701,0,0.1636233588
19.316764,2.2941586058,2.2503498158,-0.2984904600,-0.5010897648,0.0466553615,0.2025993047,0.1342548583,0.4276387215,-6.0279752845,0.3004068571,0.5174980845,0.9310335717,0.0000000000,-0.0419278226,-0.0005166895,-0.0000000000,-0.0019984161,1.0000000000,0.0419278226,-8.8048427556,1.588,1.000000,18.1765949701,0,0.1636233588
19.325093,2.2917230651,2.2503498158,-0.2863555534,-0.4500586825,0.0439299254,0.1637031291,0.1346209410,0.3836908052,-5.2737499483,0.3001341755,0.5174980845,0.9310335717,0.0000000000,-0.0419278226,-0.0004174925,-0.0000000000,-0.0019229718,1.0000000000,0.0419278226,-8.8048427556,1.739,1.000000,18.1765949701,1,0.1636233588
19.333428,2.2893874058,2.2534177774,-0.2740137133,-0.4015417618,0.0382506915,0.1275280485,0.1349396968,0.3365510749,-5.6567676411,0.2986524824,0.5174980845,0.9310335717,0.0000000000,-0.0419278226,-0.0003252351,-0.0000000000,-0.0018455398,1.0000000000,0.0419278226,-8.8048427556,1.890,1.000000,18.1765949701,1,0.1636233588
19.341798,2.2871464801,2.2549517582,-0.2614322412,-0.3553053262,0.0342131268,0.0938730850,0.1352248062,0.2951586397,-4.9670922192,0.2973505784,0.5174980845,0.9310335717,0.0000000000,-0.0419278226,-0.0002394048,-0.0000000000,-0.0017658993,1.0000000000,0.0419278226,-8.8048427556,2.042,1.000000,18.1765949701,2,0.1636233588
19.350098,2.2850289955,2.2580197198,-0.2487772569,-0.3111374181,0.0287767733,0.0623601613,0.1354646126,0.2530855788,-5.0487673052,0.2953613780,0.5174980845,0.9310335717,0.0000000000,-0.0419278226,-0.0001590373,-0.0000000000,-0.0016851005,1.0000000000,0.0419278226,-8.8048427556,2.193,1.000000,18.1765949701,1,0.1636233588
19.358431,2.2830095784,2.2610876813,-0.2359025399,-0.2688457802,0.0234491459,0.0329432403,0.1356600222,0.2132806732,-4.7765886738,0.2931919727,0.5174980845,0.9310335717,0.0000000000,-0.0419278226,-0.0000840152,-0.0000000000,-0.0016022123,0.9342187001,0.0419278226,-8.8048427556,2.345,1.000000,18.1765949701,1,0.1636233588
19.366765,2.2810978516,2.2656896237,-0.2228642852,-0.2282560241,0.0167048960,0.0053917388,0.1357992296,0.1724723569,-4.8969979643,0.2903811182,0.5174980845,0.9311300951,0.0115828087,-0.0362774548,-0.0000137506,-0.0000000000,-0.0015175949,0.4358377421,0.0419278226,-7.6182654988,2.496,1.000000,18.1765949701,2,0.1645348971
19.375117,2.2792914993,2.2702915661,-0.2096434755,-0.1869810943,0.0100621283,-0.0226623812,0.1358830807,0.1313083814,-4.9396770544,0.2889660040,0.5175382531,0.9311858390,0.0066892676,-0.0277952144,0.0000577959,0.0000000000,-0.0014311293,0.0166687678,0.0419278226,-5.8369950342,2.648,1.000000,18.1765949701,1,0.1637941675
19.383428,2.2776043512,2.2764274892,-0.1963452548,-0.1450846735,0.0020010534,-0.0512605813,0.1358997561,0.0867173295,-5.3509262278,0.2838457504,0.5175614413,0.9312098303,0.0028789599,-0.0185262262,0.0001307300,0.0000000000,-0.0013435170,0.0000000000,0.0419278226,-3.8905074941,2.799,1.000000,18.1765949701,2,0.1618131472
19.391762,2.2760241019,2.2810294316,-0.1828760539,-0.1003956500,-0.0044350060,-0.0824804039,0.1358627978,0.0426790502,-5.2845935235,0.2767584964,0.5175714189,0.9312155340,0.0006844446,-0.0095544602,0.0002103500,0.0000000000,-0.0012541592,0.0000000000,0.0419278226,-2.0064366470,2.648,1.000000,18.1765949701,1,0.1591469627
19.400091,2.2745573790,2.2871653547,-0.1692887611,-0.0554024554,-0.0122932476,-0.1138863056,0.1357603540,-0.0044343339,-5.6536060920,0.2678405211,0.5175737908,0.9312155942,0.0000072133,-0.0002900617,0.0002904445,0.0000000000,-0.0011634249,0.1082110682,0.0419278226,-0.0609129570,2.496,1.000000,18.1765949701,1,0.1563044564
19.408511,2.2731902294,2.2948352587,-0.1554359125,-0.0079044849,-0.0216001258,-0.1475314276,0.1355803530,-0.0567404059,-6.2767286391,0.2578593787,0.5175738158,0.9312251683,0.0011488994,0.0097217940,0.0003762498,0.0000000000,-0.0010703447,0.8295685809,0.0419278226,2.0415767394,2.345,1.000000,18.1765949701,2,0.1538963086
19.416763,2.2719638568,2.3025051626,-0.1417525010,0.0418654575,-0.0307791335,-0.1836179585,0.1353238602,-0.1113093605,-6.5482745499,0.2483350412,0.5175777971,0.9312610300,0.0043034026,0.0195008111,0.0004682813,0.0000000000,-0.0009778774,1.0000000000,0.0419278226,4.0951703218,2.193,1.000000,18.1765949701,1,0.1525980773
19.425094,2.2708408816,2.3101750666,-0.1278438065,0.0936962054,-0.0398664507,-0.2215400119,0.1349916398,-0.1676064116,-6.7556461349,0.2403369838,0.5175927077,0.9313404685,0.0095326237,0.0291197109,0.0005649941,0.0000000000,-0.0008833965,1.0000000000,0.0419278226,6.1151392833,2.042,1.000000,18.1765949701,2,0.1530854120
19.433420,2.2698345992,2.3178449705,-0.1138543299,0.1473962191,-0.0488476941,-0.2612505490,0.1345845757,-0.2255550833,-6.9538406020,0.2347995009,0.5176257261,0.9314819859,0.0169820815,0.0388504861,0.0006662679,0.0000000000,-0.0007879130,1.0000000000,0.0419278226,8.1586020718,1.890,1.000000,18.1765949701,2,0.1560198442
19.441753,2.2689444204,2.3255148744,-0.0997749407,0.2005628857,-0.0577098040,-0.3003378264,0.1341036606,-0.2827167167,-6.8593960026,0.2327565710,0.5176845113,0.9314819859,0.0000000000,0.0419278226,0.0007659523,0.0000000000,-0.0006914042,1.0000000000,0.0419278226,8.8048427556,1.739,1.000000,18.1765949701,1,0.1560198442
19.450096,2.2681710584,2.3331847784,-0.0856111951,0.2532457765,-0.0664523489,-0.3388569716,0.1335498911,-0.3391445999,-6.7713459826,0.2260140151,0.5176845113,0.9314819859,0.0000000000,0.0419278226,0.0008641878,0.0000000000,-0.0005939500,1.0000000000,0.0419278226,8.8048427556,1.588,1.000000,18.1765949701,2,0.1560198442
19.458429,2.2675168170,2.3408546823,-0.0714054690,0.3054898557,-0.0750732804,-0.3768953247,0.1329242804,-0.3949210059,-6.6931687278,0.2191603208,0.5176845113,0.9314819859,0.0000000000,0.0419278226,0.0009611971,0.0000000000,-0.0004958881,1.0000000000,0.0419278226,8.8048427556,1.436,1.000000,18.1765949701,2,0.1560198442
19.466753,2.2669816875,2.3500585670,-0.0571665782,0.3551070324,-0.0850941580,-0.4122736106,0.1322151624,-0.4508999798,-6.7174768583,0.2119288648,0.5176845113,0.9314819859,0.0000000000,0.0419278226,0.0010514224,0.0000000000,-0.0003973289,1.0000000000,0.0419278226,8.8048427556,1.285,1.000000,18.1765949701,1,0.1560198442
19.475173,2.2665611378,2.3577284710,-0.0427237038,0.4023414618,-0.0934529392,-0.4450651656,0.1314363879,-0.5010599839,-6.0192004956,0.2054501404,0.5176845113,0.9314819859,0.0000000000,0.0419278226,0.0011350508,0.0000000000,-0.0002971375,1.0000000000,0.0419278226,8.8048427556,1.133,1.000000,18.1765949701,1,0.1560198442
19.483427,2.2662670212,2.3653983749,-0.0285353868,0.4496434818,-0.1016856712,-0.4781788686,0.1305890073,-0.5513594515,-6.0359361173,0.1988852174,0.5176845113,0.9314819859,0.0000000000,0.0419278226,0.0012195008,0.0000000000,-0.0001985497,1.0000000000,0.0419278226,8.8048427556,0.982,1.000000,18.1765949701,1,0.1560198442
19.491760,2.2660889831,2.3746022596,-0.0141922597,0.4925490587,-0.1113113304,-0.5067413184,0.1296614129,-0.5999531141,-5.8312395026,0.1922895613,0.5176845113,0.9314819859,0.0000000000,0.0419278226,0.0012923437,0.0000000000,-0.0000987771,1.0000000000,0.0419278226,8.8048427556,0.830,1.000000,18.1765949701,1,0.1560198442
19.500094,2.2660305159,2.3838061444,0.0001619010,0.5336956918,-0.1208074265,-0.5335337908,0.1286546843,-0.6465975170,-5.5973283538,0.1859121781,0.5176845113,0.9314819859,0.0000000000,0.0419278226,0.0013606726,0.0000000000,0.0000011269,1.0000000000,0.0419278226,8.8048427556,0.679,1.000000,18.1765949701,1,0.1560198442
19.508456,2.2660920861,2.3914760483,0.0145638799,0.5732468644,-0.1286404411,-0.5586829844,0.1275826807,-0.6883601258,-5.0115130598,0.1802788760,0.5176845113,0.9314819859,0.0000000000,0.0419278226,0.0014248106,0.0000000000,0.0001013631,1.0000000000,0.0419278226,8.8048427556,0.527,1.000000,18.1765949701,1,0.1560198442
19.516758,2.2662723392,2.3991459523,0.0288541917,0.6091219893,-0.1363338900,-0.5802677977,0.1264465649,-0.7263443943,-4.5581122158,0.1750996646,0.5176845113,0.9314819859,0.0000000000,0.0419278226,0.0014798584,0.0000000000,0.0002007663,1.0000000000,0.0419278226,8.8048427556,0.376,1.000000,18.1765949701,1,0.1560198442
19.525094,2.2665725676,2.4068158562,0.0431806816,0.6438916093,-0.1439010834,-0.6007109277,0.1252473892,-0.7629984164,-4.3984826546,0.1700958820,0.5176845113,0.9314819859,0.0000000000,0.0419278226,0.0015319946,0.0000000000,0.0003003104,1.0000000000,0.0419278226,8.8048427556,0.224,1.000000,18.1765949701,1,0.1560198442
19.533427,2.2669919687,2.4129517793,0.0574738542,0.6732007230,-0.1497841036,-0.6157268688,0.1239991884,-0.7909288228,-3.3516487631,0.1662893193,0.5176845113,0.9314819859,0.0000000000,0.0419278226,0.0015702898,0.0000000000,0.0003994583,1.0000000000,0.0419278226,8.8048427556,0.073,1.000000,18.1765949701,5,0.1560198442
19.541777,2.2675315743,2.4175537217,0.0717575584,0.6975568520,-0.1539848017,-0.6257992936,0.1227159817,-0.8106091386,-2.3616379043,0.1636096160,0.5176845113,0.9314819859,0.0000000000,0.0419278226,0.0015959775,0.0000000000,0.0004983220,1.0000000000,0.0419278226,8.8048427556,-0.079,1.000000,18.1765949701,2,0.1560198442
19.550099,2.2681877957,2.4221556641,0.0859431734,0.7174203471,-0.1580433624,-0.6314771738,0.1213989537,-0.8256459747,-1.8044203253,0.1614790606,0.5176845113,0.9314819859,0.0000000000,0.0419278226,0.0016104578,0.0000000000,0.0005962380,1.0000000000,0.0419278226,8.8048427556,-0.230,1.000000,18.1765949701,-1,0.1560198442
19.558436,2.2689633335,2.4236896449,0.1000954837,0.7287510204,-0.1588661723,-0.6286555367,0.1200750689,-0.8257638532,-0.0141454179,0.1613775252,0.5176845113,0.9314819859,0.0000000000,0.0419278226,0.0016032618,0.0000000000,0.0006936056,1.0000000000,0.0419278226,8.8048427556,-0.382,1.000000,18.1765949701,0,0.1560198442
19.566765,2.2698556397,2.4252236256,0.1141652823,0.7323419473,-0.1595282461,-0.6181766650,0.1187456668,-0.8179107158,0.9423764899,0.1621958262,0.5176845113,0.9314819859,0.0000000000,0.0419278226,0.0015765375,0.0000000000,0.0007900400,1.0000000000,0.0419278226,8.8048427556,-0.533,1.000000,18.1765949701,0,0.1560198442
19.575090,2.2708643448,2.4252236256,0.1281508469,0.7266836156,-0.1584873973,-0.5985327688,0.1174249385,-0.7975019966,2.4490462977,0.1646059536,0.5176845113,0.9314819859,0.0000000000,0.0419278226,0.0015264396,0.0000000000,0.0008854872,1.0000000000,0.0419278226,8.8048427556,-0.685,1.000000,18.1765949701,0,0.1560198442
19.583443,2.2719931872,2.4236896449,0.1420963589,0.7126356893,-0.1557447712,-0.5705393304,0.1161270654,-0.7653414693,3.8592632822,0.1685076120,0.5176845113,0.9314819859,0.0000000000,0.0419278226,0.0014550479,0.0000000000,0.0009802072,1.0000000000,0.0419278226,8.8048427556,-0.836,1.000000,18.1765949701,0,0.1560198442
19.591767,2.2732333825,2.4236896449,0.1558937919,0.6887490557,-0.1543688817,-0.5328552638,0.1148406581,-0.7261933467,4.6977747025,0.1730099899,0.5176845113,0.9314819859,0.0000000000,0.0419278226,0.0013589421,0.0000000000,0.0010734301,1.0000000000,0.0419278226,8.8048427556,-0.988,1.000000,18.1765949701,0,0.1560198442
19.600109,2.2745911871,2.4236896449,0.1696156143,0.6559381645,-0.1528246862,-0.4863225502,0.1135671190,-0.6778496328,5.8012456717,0.1784682654,0.5176845113,0.9314819859,0.0000000000,0.0419278226,0.0012402696,0.0000000000,0.0011656143,1.0000000000,0.0419278226,8.8048427556,-1.139,1.000000,18.1765949701,0,0.1560198442
19.608588,2.2760881052,2.4221556641,0.1834434126,0.6150324728,-0.1495614118,-0.4315890602,0.1123207739,-0.6178642372,7.1982474672,0.1852630791,0.5176845113,0.9314819859,0.0000000000,0.0419278226,0.0011006827,0.0000000000,0.0012579353,1.0000000000,0.0419278226,8.8048427556,-1.290,1.000000,18.1765949701,0,0.1560198442
19.616761,2.2776414919,2.4206216833,0.1966492193,0.5690132200,-0.1462126199,-0.3723640007,0.1111023354,-0.5531899171,7.7609184162,0.1923598554,0.5176845113,0.9314819859,0.0000000000,0.0419278226,0.0009496409,0.0000000000,0.0013455265,1.0000000000,0.0419278226,8.8048427556,-1.442,1.000000,18.1765949701,0,0.1560198442
19.625131,2.2793435856,2.4190877025,0.2100384979,0.5205845574,-0.1427014337,-0.3105460595,0.1099131568,-0.4855713485,8.1142282341,0.1994759299,0.5176845113,0.9314819859,0.0000000000,0.0419278226,0.0007919864,0.0000000000,0.0014337222,1.0000000000,0.0419278226,8.8048427556,-1.593,1.000000,18.1765949701,0,0.1560198442
19.633434,2.2811420622,2.4175537217,0.2231762382,0.4721993010,-0.1390941112,-0.2490230628,0.1087540392,-0.4180271560,8.1053030963,0.2062384107,0.5176845113,0.9314819859,0.0000000000,0.0419278226,0.0006350841,0.0000000000,0.0015196272,1.0000000000,0.0419278226,8.8048427556,-1.745,1.000000,18.1765949701,-1,0.1560198442
19.641761,2.2830549386,2.4175537217,0.2362013076,0.4238534165,-0.1369065934,-0.1876521088,0.1076131510,-0.3534367634,7.7508471116,0.2120691867,0.5176845113,0.9314819859,0.0000000000,0.0419278226,0.0004785696,0.0000000000,0.0016041434,1.0000000000,0.0419278226,8.8048427556,-1.896,1.000000,18.1765949701,-2,0.1560198442
19.650077,2.2850726783,2.4144857601,0.2490466150,0.3777721203,-0.1315591152,-0.1287255053,0.1065168250,-0.2849710994,8.2158796841,0.2183703853,0.5176845113,0.9314819859,0.0000000000,0.0419278226,0.0003282890,0.0000000000,0.0016868273,1.0000000000,0.0419278226,8.8048427556,-2.048,1.000000,18.1765949701,-1,0.1560198442
19.658408,2.2872004921,2.4129517793,0.2617448263,0.3337449324,-0.1276472127,-0.0720001060,0.1054530982,-0.2215255484,7.6134661176,0.2235319016,0.5176845113,0.9316138841,0.0158277914,0.0389395783,0.0001836221,0.0000000000,0.0017678864,1.0000000000,0.0419278226,8.1773114478,-2.199,1.000000,18.1765949701,-2,0.1583399891
19.666759,2.2894388795,2.4098838178,0.2742938050,0.2915809354,-0.1221013401,-0.0172871304,0.1044355871,-0.1568017856,7.7668515354,0.2320584335,0.5177392591,0.9316816978,0.0081376396,0.0287675237,0.0000440874,0.0000000000,0.0018473047,1.0000000000,0.0419278226,6.0411799685,-2.351,1.000000,18.1765949701,-1,0.1581279543
19.675093,2.2917764309,2.4068158562,0.2866291386,0.2511069569,-0.1164659041,0.0355221817,0.1034650379,-0.0937575068,7.5653134583,0.2363631166,0.5177673912,0.9317062032,0.0029406481,0.0181141496,-0.0000905923,-0.0000000000,0.0019246804,1.0000000000,0.0419278226,3.8039714148,-2.502,1.000000,18.1765949701,-2,0.1562560752
19.683425,2.2942150394,2.4037478946,0.2987634712,0.2099370437,-0.1107254576,0.0888264274,0.1025423257,-0.0299625736,7.6553919866,0.2376907115,0.5177775545,0.9317086448,0.0002929910,0.0069969734,-0.0002265343,-0.0000000000,0.0020001054,1.0000000000,0.0419278226,1.4693644054,-2.351,1.000000,18.1765949701,-2,0.1535620776
19.691760,2.2967553946,2.3991459523,0.3107000178,0.1703647548,-0.1033583593,0.1403352629,0.1016810060,0.0353280158,7.8348707207,0.2375851950,0.5177785670,0.9317120666,0.0004106148,-0.0044411301,-0.0003578974,-0.0000000000,0.0020736138,1.0000000000,0.0419278226,-0.9326373184,-2.199,1.000000,18.1765949701,-2,0.1509573190
19.700176,2.2994202271,2.3945440099,0.3225352056,0.1300127246,-0.0958623541,0.1925224810,0.1008821531,0.1016145919,7.9543891340,0.2369990008,0.5177799861,0.9317408968,0.0034596309,-0.0160234360,-0.0004909906,-0.0000000000,0.0021458067,1.0000000000,0.0419278226,-3.3649215570,-2.048,1.000000,18.1765949701,-1,0.1494368554
19.708427,2.3021284524,2.3899420675,0.3339189062,0.0889534254,-0.0883189383,0.2449654808,0.1001461619,0.1683130921,8.0038200307,0.2375132180,0.5177919409,0.9318202400,0.0095211844,-0.0277376741,-0.0006247361,-0.0000000000,0.0022145802,1.0000000000,0.0419278226,-5.8249115642,-1.896,1.000000,18.1765949701,-1,0.1500381983
19.716761,2.3049582623,2.3853401252,0.3451891248,0.0472525937,-0.0806502936,0.2979365310,0.0994740762,0.2358513614,8.1045923084,0.2409261166,0.5178248316,0.9319776605,0.0188904571,-0.0399928891,-0.0007598283,-0.0000000000,0.0022820109,1.0000000000,0.0419278226,-8.3985067203,-1.745,1.000000,18.1765949701,-2,0.1538509892
19.725086,2.3078782275,2.3792042020,0.3562125287,0.0049698562,-0.0713542071,0.3512426725,0.0994740762,0.3076195305,8.6121802948,0.2496030931,0.5178900450,0.9319776605,0.0000000000,-0.0419278226,-0.0008957751,-0.0000000000,0.0023473195,1.0000000000,0.0419278226,-8.8048427556,-1.593,1.000000,18.1765949701,-1,0.1538509892
19.733422,2.3108927320,2.3730682789,0.3670054085,-0.0378407025,-0.0619605829,0.4048461110,0.0994740762,0.3798787067,8.6711011497,0.2511598972,0.5178900450,0.9319776605,0.0000000000,-0.0419278226,-0.0010324801,-0.0000000000,0.0024106325,1.0000000000,0.0419278226,-8.8048427556,-1.442,1.000000,18.1765949701,-2,0.1538509892
19.741758,2.3139962095,2.3684663365,0.3775467680,-0.0789011486,-0.0540219083,0.4564479167,0.0994740762,0.4472467200,8.0841615928,0.2516474324,0.5178900450,0.9319776605,0.0000000000,-0.0419278226,-0.0011640803,-0.0000000000,0.0024718583,1.0000000000,0.0419278226,-8.8048427556,-1.290,1.000000,18.1765949701,-1,0.1538509892
19.750105,2.3171908459,2.3638643941,0.3878428981,-0.1206030207,-0.0459884312,0.5084459187,0.0994740762,0.5151992076,8.1542985128,0.2514896273,0.5178900450,0.9319776605,0.0000000000,-0.0419278226,-0.0012966909,-0.0000000000,0.0025310673,1.0000000000,0.0419278226,-8.8048427556,-1.139,1.000000,18.1765949701,-1,0.1538509892
19.758420,2.3204575350,2.3577284710,0.3978342448,-0.1606578261,-0.0363582771,0.5584920709,0.0994740762,0.5843708459,8.3005965906,0.2511320823,0.5178900450,0.9319776605,0.0000000000,-0.0419278226,-0.0014243237,-0.0000000000,0.0025879561,1.0000000000,0.0419278226,-8.8048427556,-0.988,1.000000,18.1765949701,-1,0.1538509892
19.766754,2.3238136144,2.3546605094,0.4075751462,-0.1992186500,-0.0297151814,0.6067937961,0.0994740762,0.6458657593,7.3793896082,0.2495432680,0.5178900450,0.9319776605,0.0000000000,-0.0419278226,-0.0015475078,-0.0000000000,0.0026428742,1.0000000000,0.0419278226,-8.8048427556,-0.836,1.000000,18.1765949701,-1,0.1538509892
19.775089,2.3272505038,2.3500585670,0.4170388450,-0.2341954733,-0.0214776546,0.6512343182,0.0994740762,0.7066660095,7.2960300329,0.2479891546,0.5178900450,0.9319776605,0.0000000000,-0.0419278226,-0.0016608445,-0.0000000000,0.0026957084,0.8213502170,0.0419278226,-8.8048427556,-0.685,1.000000,18.1765949701,-1,0.1538509892
19.783428,2.3307667149,2.3454566247,0.4262207281,-0.2659214077,-0.0131792736,0.6921421357,0.0994740762,0.7640544116,6.8866082473,0.2461945778,0.5178900450,0.9319776605,0.0000000000,-0.0419278226,-0.0017651718,-0.0000000000,0.0027464737,0.1620453547,0.0419278226,-8.8048427556,-0.533,1.000000,18.1765949701,-1,0.1538509892
19.791758,2.3343544438,2.3408546823,0.4351008568,-0.2946986040,-0.0048261260,0.7297994608,0.0994740762,0.8183010880,6.5096011622,0.2442298549,0.5178900450,0.9319776605,0.0000000000,-0.0419278226,-0.0018612094,-0.0000000000,0.0027951021,0.0000000000,0.0419278226,-8.8048427556,-0.382,1.000000,18.1765949701,-1,0.1538509892
19.800089,2.3380148684,2.3362527399,0.4436829136,-0.3208011302,0.0035845232,0.7644840438,0.0995039472,0.8697186745,6.1701103873,0.2421461248,0.5178900450,0.9319776605,0.0000000000,-0.0419278226,-0.0019496656,-0.0000000000,0.0028416568,0.0000000000,0.0419278226,-8.8048427556,-0.230,1.000000,18.1765949701,-1,0.1538509892
19.808524,2.3417931252,2.3316507976,0.4520638103,-0.3444775809,0.0120992227,0.7965413912,0.0996047740,0.9187856354,5.8880353025,0.2399703717,0.5178900450,0.9319776605,0.0000000000,-0.0419278226,-0.0020314215,-0.0000000000,0.0028866987,0.0975880332,0.0419278226,-8.8048427556,-0.079,1.000000,18.1765949701,-6,0.1538509892
19.816759,2.3455484395,2.3301168168,0.4599391738,-0.3637245697,0.0174978553,0.8236637435,0.0997505895,0.9567734532,4.5585381346,0.2375265422,0.5178900450,0.9319776605,0.0000000000,-0.0419278226,-0.0021005917,-0.0000000000,0.0029286414,0.5038298575,0.0419278226,-8.8048427556,0.073,1.000000,18.1765949701,0,0.1538509892
19.825093,2.3494135602,2.3301168168,0.4675956740,-0.3767249131,0.0214368279,0.8443205872,0.0999292297,0.9854292445,3.4386949589,0.2353255924,0.5178900450,0.9319776605,0.0000000000,-0.0419278226,-0.0021532729,-0.0000000000,0.0029690615,0.8185800830,0.0419278226,-8.8048427556,0.224,1.000000,18.1765949701,0,0.1538509892
19.833422,2.3533391951,2.3301168168,0.4749281247,-0.3840591999,0.0254041271,0.8589873246,0.1001409308,1.0081837858,2.7305449568,0.2336274978,0.5178900450,0.9319776605,0.0000000000,-0.0419278226,-0.0021906775,-0.0000000000,0.0030074393,0.9942480547,0.0419278226,-8.8048427556,0.376,1.000000,18.1765949701,0,0.1538509892
19.841758,2.3573276343,2.3301168168,0.4819406256,-0.3862540566,0.0294050348,0.8681946822,0.1003859728,1.0255785693,2.0873740235,0.2324207141,0.5178900450,0.9319776605,0.0000000000,-0.0419278226,-0.0022141591,-0.0000000000,0.0030438377,1.0000000000,0.0419278226,-8.8048427556,0.527,1.000000,18.1765949701,0,0.1538509892
19.850098,2.3613750735,2.3285828360,0.4886256884,-0.3815582869,0.0349597792,0.8701839753,0.1006773043,1.0388868521,1.5969939303,0.2321053807,0.5178900450,0.9319776605,0.0000000000,-0.0419278226,-0.0022192324,-0.0000000000,0.0030782580,1.0000000000,0.0419278226,-8.8048427556,0.679,1.000000,18.1765949701,0,0.1538509892
19.858430,2.3654729378,2.3301168168,0.4949694572,-0.3728412097,0.0374741431,0.8678106670,0.1009895888,1.0418149982,0.3513775405,0.2318146323,0.5178900450,0.9319776605,0.0000000000,-0.0419278226,-0.0022131797,-0.0000000000,0.0031106687,1.0000000000,0.0419278226,-8.8048427556,0.830,1.000000,18.1765949701,0,0.1538509892
19.866760,2.3696213851,2.3301168168,0.5009729054,-0.3560188302,0.0415270264,0.8569917356,0.1013356473,1.0393863238,-0.2914409310,0.2325547631,0.5178900450,0.9319776605,0.0000000000,-0.0419278226,-0.0021855882,-0.0000000000,0.0031411138,1.0000000000,0.0419278226,-8.8048427556,0.982,1.000000,18.1765949701,0,0.1538509892
19.875086,2.3738159676,2.3316507976,0.5066300843,-0.3340733640,0.0440629612,0.8407034483,0.1017028387,1.0284964717,-1.3067822596,0.2336138794,0.5178900450,0.9319776605,0.0000000000,-0.0419278226,-0.0021440481,-0.0000000000,0.0031696005,1.0000000000,0.0419278226,-8.8048427556,1.133,1.000000,18.1765949701,0,0.1538509892
19.883502,2.3781028068,2.3316507976,0.5119968359,-0.3097098475,0.0482113970,0.8217066834,0.1021046003,1.0181346570,-1.2434177600,0.2350958391,0.5178900450,0.9319776605,0.0000000000,-0.0419278226,-0.0020956006,-0.0000000000,0.0031964427,1.0000000000,0.0419278226,-8.8048427556,1.285,1.000000,18.1765949701,0,0.1538509892
19.891759,2.3823509138,2.3316507976,0.5169141509,-0.2831530243,0.0523086410,0.8000671752,0.1025405057,1.0050620993,-1.5687069191,0.2367886119,0.5178900450,0.9319776605,0.0000000000,-0.0419278226,-0.0020404133,-0.0000000000,0.0032208813,1.0000000000,0.0419278226,-8.8048427556,1.436,1.000000,18.1765949701,0,0.1538509892
19.900093,2.3866782581,2.3331847784,0.5215245341,-0.2568356250,0.0549525017,0.7783601590,0.1029984432,0.9890573394,-1.9205711947,0.2382189233,0.5178900450,0.9319776605,0.0000000000,-0.0419278226,-0.0019850539,-0.0000000000,0.0032436590,1.0000000000,0.0419278226,-8.8048427556,1.588,1.000000,18.1765949701,0,0.1538509892
19.908427,2.3910424589,2.3347187592,0.5257773731,-0.2307353965,0.0576344526,0.7565127696,0.1034787303,0.9730098910,-1.9256938106,0.2395988532,0.5178900450,0.9319776605,0.0000000000,-0.0419278226,-0.0019293364,-0.0000000000,0.0032645537,1.0000000000,0.0419278226,-8.8048427556,1.739,1.000000,18.1765949701,1,0.1538509892
19.916759,2.3954396316,2.3347187592,0.5296690227,-0.2070610300,0.0618971368,0.7367300527,0.1039945398,0.9622014783,-1.2970095129,0.2409596981,0.5178900450,0.9319776605,0.0000000000,-0.0419278226,-0.0018788845,-0.0000000000,0.0032835759,1.0000000000,0.0419278226,-8.8048427556,1.890,1.000000,18.1765949701,1,0.1538509892
19.925171,2.3999108592,2.3362527399,0.5332302698,-0.1833581800,0.0646997334,0.7165884498,0.1045337042,0.9481574749,-1.6852804186,0.2420754150,0.5178900450,0.9319776605,0.0000000000,-0.0419278226,-0.0018275173,-0.0000000000,0.0033009009,1.0000000000,0.0419278226,-8.8048427556,2.042,1.000000,18.1765949701,2,0.1538509892
19.933428,2.4043265173,2.3377867207,0.5363631475,-0.1596294940,0.0674466137,0.6959926415,0.1050957593,0.9335711847,-1.7503548194,0.2431770754,0.5178900450,0.9319776605,0.0000000000,-0.0419278226,-0.0017749918,-0.0000000000,0.0033160769,1.0000000000,0.0419278226,-8.8048427556,2.193,1.000000,18.1765949701,1,0.1538509892
19.941762,2.4088088858,2.3408546823,0.5391598225,-0.1358773733,0.0687260905,0.6750371958,0.1056684767,0.9157215073,-2.1419612881,0.2440102701,0.5178900450,0.9319776605,0.0000000000,-0.0419278226,-0.0017215491,-0.0000000000,0.0033295730,1.0000000000,0.0419278226,-8.8048427556,2.345,1.000000,18.1765949701,2,0.1538509892
19.950096,2.4133122226,2.3423886631,0.5415864596,-0.1121039960,0.0715603956,0.6536904556,0.1062648134,0.9005917142,-1.8155751768,0.2450429541,0.5178900450,0.9319776605,0.0000000000,-0.0419278226,-0.0016671084,-0.0000000000,0.0033412440,1.0000000000,0.0419278226,-8.8048427556,2.496,1.000000,18.1765949701,1,0.1538509892
19.958456,2.4178488941,2.3439226439,0.5436479719,-0.0905402135,0.0744405876,0.6341881854,0.1068851516,0.8874211891,-1.5804630012,0.2458788597,0.5178900450,0.9319776605,0.0000000000,-0.0419278226,-0.0016173717,-0.0000000000,0.0033511303,1.0000000000,0.0419278226,-8.8048427556,2.648,1.000000,18.1765949701,1,0.1538509892
19.966763,2.4223720684,2.3469906055,0.5453248906,-0.0687517813,0.0757720254,0.6140766719,0.1075165851,0.8705765355,-2.0213584324,0.2464555765,0.5178900450,0.9319776605,0.0000000000,-0.0419278226,-0.0015660813,-0.0000000000,0.0033591527,1.0000000000,0.0419278226,-8.8048427556,2.799,1.000000,18.1765949701,2,0.1538509892
19.975092,2.4269198895,2.3515925478,0.5466334717,-0.0467595793,0.0755929717,0.5933930510,0.1081465266,0.8501584671,-2.4501682166,0.2467477568,0.5178900450,0.9319776605,0.0000000000,-0.0419278226,-0.0015133318,-0.0000000000,0.0033654009,1.0000000000,0.0419278226,-8.8048427556,2.951,1.000000,18.1765949701,3,0.1538509892
19.983427,2.4314803274,2.3546605094,0.5475683268,-0.0223536708,0.0769468039,0.5699219976,0.1087877499,0.8300084022,-2.4180077900,0.2473930277,0.5178900450,0.9319776605,0.0000000000,-0.0419278226,-0.0014534735,-0.0000000000,0.0033698581,1.0000000000,0.0419278226,-8.8048427556,3.102,1.000000,18.1765949701,2,0.1538509892
19.991792,2.4360631224,2.3577284710,0.5481290501,0.0020127286,0.0783232176,0.5461163215,0.1094404434,0.8095798715,-2.4514236772,0.2479674449,0.5178900450,0.9319776605,0.0000000000,-0.0419278226,-0.0013927618,-0.0000000000,0.0033725289,1.0000000000,0.0419278226,-8.8048427556,3.254,1.000000,18.1765949701,3,0.1538509892
