t,q_ref_rad,q_meas_rad,qd_ref_rad_s,qd_meas_rad_s,e_rad,e_dot_rad_s,e_int,psi,psi_dot,kappa_delta,nussbaum_n,zeta,zeta_dot,u_cmd,u_aux,u_robust,u_fric,tail_activation,max_control_eff,current_from_u_raw,goal_current_raw,slew_boost,max_current_slew_eff_raw_s,present_current_raw,psi_hat_norm
0.000002,2.4405634335,2.4390294527,0.0000093996,0.0000000000,0.0015339808,0.0000093996,0.0000127832,0.0029654348,0.3558521762,-0.0000000000,0.4963644172,0.8856929776,0.0000012739,-0.0002130657,-0.0000003863,-0.0000000000,0.0000001671,0.0000000000,0.1611595156,-0.0447438037,-0.513,1.000000,61.5638456396,0,0.0000009824
0.008673,2.4409153776,2.4405634335,0.0402175544,0.0000000000,0.0003519440,0.0402175544,0.0000157160,0.0409075361,4.5530521610,0.0000015232,0.4963644227,0.8856949978,0.0002424244,-0.0022271381,-0.0016528643,-0.0000000000,0.0007143944,0.0000000000,0.1611595156,-0.4676989999,-0.964,1.000000,61.5638456396,0,0.0001895131
0.016755,2.4418610128,2.4390294527,0.0748513209,0.0000000000,0.0028315600,0.0748513209,0.0000393124,0.0803223113,4.7297730184,0.0002970815,0.4963654598,0.8857028023,0.0009365419,-0.0044611100,-0.0030762457,-0.0000000000,0.0013264110,0.0000000000,0.1611595156,-0.9368331080,-0.495,1.000000,61.5638456396,0,0.0009210439
0.025090,2.4434128514,2.4390294527,0.1049736912,0.0000000000,0.0043833987,0.1049736912,0.0000758407,0.1134568614,3.9761460130,0.0014546539,0.4963694666,0.8857184982,0.0018835009,-0.0063860899,-0.0043142174,-0.0000000000,0.0018541551,0.0000000000,0.1611595156,-1.3410788692,-0.091,1.000000,61.5638456396,0,0.0023818626
0.034030,2.4456402558,2.4374954720,0.1281433200,0.0000000000,0.0081447839,0.1281433200,0.0001437139,0.1439084544,3.6541911580,0.0037916117,0.4963775244,0.8857441535,0.0030786368,-0.0083629124,-0.0052664447,-0.0000000000,0.0022561031,0.0000000000,0.1611595156,-1.7562115945,0.324,1.000000,61.5638456396,0,0.0047348030
0.041752,2.4479364798,2.4359614912,0.1385300477,-0.0005802873,0.0119765341,0.1391103350,0.0002435183,0.1623218976,2.2096131830,0.0075767188,0.4963906941,0.8857776252,0.0040166096,-0.0098480974,-0.0057171679,-0.0000000000,0.0024349504,0.0000000000,0.1611595156,-2.0681004641,0.636,1.000000,61.5638456396,0,0.0077137674
0.050087,2.4506788229,2.4374954720,0.1380516066,-0.0011465328,0.0131864046,0.1391981394,0.0003534051,0.1648330836,0.3013423191,0.0123320815,0.4964078742,0.8858132173,0.0042710511,-0.0104358762,-0.0057207765,-0.0000000000,0.0024267320,0.0000000000,0.1611595156,-2.1915340108,0.760,1.000000,61.5638456396,1,0.0107318851
0.058420,2.4535524768,2.4359614912,0.1242503306,-0.0016990763,0.0175955109,0.1259494069,0.0005000343,0.1601820587,-0.5581229797,0.0171645900,0.4964261402,0.8858478625,0.0041574166,-0.0106955576,-0.0051762790,-0.0000000000,0.0021888460,0.0000000000,0.1611595156,-2.2460670870,0.814,1.000000,61.5638456396,0,0.0135216822
0.066763,2.4564042026,2.4359614912,0.0964196246,-0.0028185367,0.0204502181,0.0992381613,0.0006704528,0.1391069783,-2.5290096515,0.0215253491,0.4964439179,0.8858746940,0.0032197889,-0.0097859333,-0.0040784981,-0.0000000000,0.0017048247,0.0000000000,0.1611595156,-2.0550459953,0.623,1.000000,61.5638456396,1,0.0155180976
0.075087,2.4590593986,2.4359614912,0.0546325884,-0.0039109084,0.0231083234,0.0585434968,0.0008630222,0.1036915296,-4.2498538441,0.0244918160,0.4964576845,0.8858898684,0.0018209191,-0.0077486043,-0.0024060254,-0.0000000000,0.0009696515,0.0000000000,0.1611595156,-1.6272068997,0.195,1.000000,61.5638456396,0,0.0164736226
0.083425,2.4613640287,2.4359614912,-0.0006787039,-0.0049768469,0.0254157925,0.0042981430,0.0010748204,0.0540701039,-5.9545710855,0.0256504577,0.4964654694,0.8858940227,0.0004985165,-0.0045893892,-0.0001766454,-0.0000000000,-0.0000120678,0.0000000000,0.1611595156,-0.9637717232,-0.318,1.000000,61.5638456396,0,0.0165098498
0.091750,2.4631524522,2.4359614912,-0.0681262874,-0.0060169919,0.0272069862,-0.0621092955,0.0013015453,-0.0086905778,-7.5312818043,0.0252073710,0.4964676006,0.8858941297,0.0000128450,-0.0004699675,0.0025525729,0.0000000000,-0.0012079386,0.0016360570,0.1611595156,-0.0986931726,-0.831,1.000000,61.5638456396,0,0.0162230553
0.100075,2.4642832392,2.4359614912,-0.1459724004,-0.0064516802,0.0283389309,-0.1395207202,0.0015377031,-0.0837118946,-9.0025580173,0.0241069931,0.4964676555,0.8859039973,0.0011841057,0.0045007313,0.0057340340,0.0000000000,-0.0025625364,0.0071026587,0.1611595156,0.9451535698,-1.344,1.000000,61.5638456396,0,0.0166898161
0.108432,2.4646295065,2.4344275104,-0.2321995911,-0.0068758499,0.0302203087,-0.2253237412,0.0017895390,-0.1656719361,-9.8352049819,0.0240156253,0.4964727176,0.8859426249,0.0046353138,0.0101151790,0.0092603736,0.0000000000,-0.0039990705,0.0241354568,0.1611595156,2.1241875959,-1.857,1.000000,61.5638456396,-1,0.0192657373
0.116764,2.4640849303,2.4344275104,-0.3233769416,-0.0072897556,0.0296768349,-0.3160871860,0.0020368459,-0.2572507369,-10.9894560924,0.0266603410,0.4964925317,0.8860372185,0.0113512304,0.0167329790,0.0129905770,0.0000000000,-0.0054117718,0.0182391802,0.1611595156,3.5139255808,-2.370,1.000000,61.5638456396,-2,0.0256004905
0.125089,2.4625802815,2.4344275104,-0.4163976462,-0.0076936456,0.0281732618,-0.4087040006,0.0022716231,-0.3525372236,-11.4343784055,0.0340083966,0.4965410411,0.8862224760,0.0222309001,0.0246997242,0.0167969505,0.0000000000,-0.0067139794,0.0060702908,0.1611595156,5.1869420754,-2.883,1.000000,61.5638456396,-1,0.0371957874
0.133667,2.4599828481,2.4328935296,-0.5105466563,-0.0080877622,0.0271108588,-0.5024588941,0.0024975469,-0.4481231785,-11.4703145884,0.0473890778,0.4966359936,0.8865442051,0.0386074944,0.0349410285,0.0206500968,0.0000000000,-0.0078738249,0.0013461386,0.1611595156,7.3376159869,-3.396,1.000000,61.5638456396,-2,0.0552020042
0.142086,2.4563967790,2.4313595488,-0.5973724540,-0.0090526294,0.0250613403,-0.5883198246,0.0027063914,-0.5377255310,-10.7522822927,0.0674448858,0.4968007324,0.8870557825,0.0613892962,0.0479176726,0.0241788163,0.0000000000,-0.0087994546,0.0000000000,0.1611595156,10.0627112382,-3.909,1.000000,61.5638456396,-2,0.0799754738
0.150090,2.4520671815,2.4282915872,-0.6712390777,-0.0099941487,0.0238022119,-0.6612449291,0.0029047432,-0.6128846774,-9.0190975739,0.0942674198,0.4970622592,0.8878043238,0.0898249500,0.0633682979,0.0271758982,0.0000000000,-0.0094816104,0.0000000000,0.1611595156,13.3073425556,-4.422,1.000000,61.5638456396,-4,0.1108032023
0.158435,2.4466681330,2.4252236256,-0.7356705992,-0.0114931724,0.0214751174,-0.7241774267,0.0030837025,-0.6801188891,-8.0681054055,0.1262968011,0.4974439897,0.8888495681,0.1254293188,0.0817376401,0.0297623032,0.0000000000,-0.0100022920,0.0000000000,0.1611595156,17.1649044247,-4.935,1.000000,61.5638456396,-3,0.1472137980
0.166729,2.4405149085,2.4221556641,-0.7835924449,-0.0141164974,0.0183968412,-0.7694759475,0.0032370095,-0.7311845377,-6.1278778315,0.1637203247,0.4979751625,0.8902243975,0.1649795215,0.1020120591,0.0316239855,0.0000000000,-0.0103476801,0.0000000000,0.1611595156,21.4225324161,-5.448,1.000000,61.5638456396,-5,0.1878535934
0.175083,2.4336670386,2.4175537217,-0.8125239164,-0.0178369178,0.0161608223,-0.7946869986,0.0033716830,-0.7605632826,-3.5254493812,0.2068045270,0.4986704994,0.8919196128,0.2034258439,0.1228381132,0.0326601113,0.0000000000,-0.0105399627,0.0000000000,0.1611595156,25.7960037664,-5.961,1.000000,61.5638456396,-5,0.2308167049
0.183425,2.4263556936,2.4129517793,-0.8194090234,-0.0226278862,0.0134641796,-0.7967811372,0.0034838845,-0.7677299145,-0.8599958303,0.2551980510,0.4995226489,0.8938846226,0.2358011753,0.1428397891,0.0327461764,0.0000000000,-0.0105839937,0.0000000000,0.1611595156,29.9963557185,-6.474,1.000000,61.5638456396,-6,0.2740706065
0.191774,2.4187691092,2.4068158562,-0.8022347273,-0.0284634974,0.0120290604,-0.7737712300,0.0035841267,-0.7473821965,2.4417261540,0.3099742752,0.5005031505,0.8960018268,0.2540644964,0.1596676988,0.0318005133,0.0000000000,-0.0104729353,0.0000000000,0.1611595156,33.5302167557,-6.987,1.000000,61.5638456396,-4,0.3150858414
0.200099,2.4111630330,2.4006799330,-0.7597905402,-0.0358987605,0.0105787099,-0.7238917796,0.0035841267,-0.7002864916,5.6514845908,0.3702584661,0.5015507988,0.8960018268,0.0000000000,0.1611595156,0.0297505636,0.0000000000,-0.0101804291,0.0000000000,0.1611595156,33.8434982744,-7.500,1.000000,61.5638456396,-5,0.3150858414
0.208433,2.4037469636,2.3945440099,-0.6913792099,-0.0448949672,0.0093225235,-0.6464842427,0.0036618144,-0.6252184799,9.0081614100,0.3898996528,0.5015507988,0.8977438162,0.2090387269,0.1580394770,0.0265692623,0.0000000000,-0.0096515684,0.0000000000,0.1611595156,33.1882901634,-8.013,1.000000,61.5638456396,-8,0.3445974046
0.216769,2.3967769925,2.3868741060,-0.5972321501,-0.0554143458,0.0100504728,-0.5418178043,0.0037455683,-0.5190777081,12.7368926061,0.4544399430,0.5024058913,0.8990894651,0.1614778710,0.1474934316,0.0222676725,0.0000000000,-0.0087980685,0.0000000000,0.1611595156,30.9736206356,-8.526,1.000000,61.5638456396,-6,0.3642556073
0.225097,2.3905101092,2.3776702212,-0.4785601423,-0.0674200387,0.0130194492,-0.4111401037,0.0038540638,-0.3826015489,16.3771391068,0.5147177421,0.5030621469,0.8998940684,0.0965524044,0.1194534994,0.0168970696,0.0000000000,-0.0074980511,0.0000000000,0.1611595156,25.0852348762,-9.039,1.000000,61.5638456396,-8,0.3727758515
0.233425,2.3851802232,2.3700003173,-0.3371967864,-0.0808760800,0.0153953050,-0.2563207064,0.0039823580,-0.2231038710,19.1397213504,0.5605387057,0.5034527491,0.9001866662,0.0351117347,0.0736179811,0.0105342894,0.0000000000,-0.0056146170,0.0000000000,0.1611595156,15.4597760407,-9.552,1.000000,61.5638456396,-7,0.3715505178
0.241778,2.3810028569,2.3607964326,-0.1754059499,-0.0957473742,0.0204614304,-0.0796585757,0.0041528699,-0.0365609805,22.3851468634,0.5877386148,0.5035944598,0.9001948269,0.0009792759,0.0104265896,0.0032738147,0.0000000000,-0.0030620503,0.0000000000,0.1611595156,2.1895838082,-9.039,1.000000,61.5638456396,-9,0.3650613513
0.250108,2.3782035524,2.3515925478,0.0023835015,-0.1119996752,0.0269092958,0.1143831768,0.0043771140,0.1700630754,24.7948866980,0.5935679532,0.5035984096,0.9003727983,0.0213565673,-0.0632035420,-0.0047009292,-0.0000000000,0.0000423800,0.0008288959,0.1611595156,-13.2727438263,-8.526,1.000000,61.5638456396,-10,0.3619534108
0.258454,2.3769388517,2.3423886631,0.1927490959,-0.1295995653,0.0348953539,0.3223486612,0.0046679086,0.3936245016,26.8273711452,0.5879498673,0.5036845143,0.9013189866,0.1135426026,-0.1433121750,-0.0132479117,-0.0000000000,0.0033522007,0.1037530170,0.1611595156,-30.0955567450,-8.013,1.000000,61.5638456396,-9,0.3738731946
0.266784,2.3773466267,2.3331847784,0.3900837385,-0.1485144357,0.0445573901,0.5385981742,0.0050392202,0.6287609172,28.2163698707,0.5932389753,0.5041411832,0.9013189866,0.0000000000,-0.1611595156,-0.0221353518,-0.0000000000,0.0063609443,0.3827495860,0.1611595156,-33.8434982744,-7.500,1.000000,61.5638456396,-6,0.3738731946
0.275087,2.3795019050,2.3209129321,0.5888238553,-0.1681321791,0.0590367631,0.7569560344,0.0055311932,0.8753630132,29.5922515211,0.5532978056,0.5041411832,0.9013189866,0.0000000000,-0.1611595156,-0.0311094411,-0.0000000000,0.0087143616,0.8471370494,0.1611595156,-33.8434982744,-6.987,1.000000,61.5638456396,-9,0.3738731946
0.283443,2.3834747518,2.3101750666,0.7852266317,-0.1890160748,0.0738030959,0.9742427065,0.0061462190,1.1215580304,29.5434020656,0.4964749941,0.5041411832,0.9013189866,0.0000000000,-0.1611595156,-0.0400395065,-0.0000000000,0.0103588592,1.0000000000,0.1611595156,-33.8434982744,-6.474,1.000000,61.5638456396,-6,0.3738731946
0.291782,2.3892325646,2.2979032203,0.9717693459,-0.2105551972,0.0918901207,1.1823245430,0.0069119700,1.3650606324,29.2203122438,0.4317929578,0.5041411832,0.9013189866,0.0000000000,-0.1611595156,-0.0485912708,-0.0000000000,0.0114045916,1.0000000000,0.1611595156,-33.8434982744,-5.961,1.000000,61.5638456396,-5,0.3738731946
0.300109,2.3967059908,2.2856313739,1.1427893713,-0.2333139783,0.1116960071,1.3761033497,0.0078427701,1.5977113276,27.9180834257,0.3666255834,0.5041411832,0.9013189866,0.0000000000,-0.1611595156,-0.0565552081,-0.0000000000,0.0120379882,1.0000000000,0.1611595156,-33.8434982744,-5.448,1.000000,61.5638456396,-7,0.3738731946
0.308410,2.4057519095,2.2764274892,1.2924330961,-0.2566826178,0.1300080487,1.5491157138,0.0089261705,1.8068688964,25.0989082563,0.3077703156,0.5041411832,0.9013189866,0.0000000000,-0.1611595156,-0.0636656844,-0.0000000000,0.0124117649,1.0000000000,0.1611595156,-33.8434982744,-4.935,1.000000,61.5638456396,-5,0.3738731946
0.316815,2.4163637515,2.2656896237,1.4173778093,-0.2800660708,0.1514200339,1.6974438801,0.0101880041,1.9974565107,22.8705137189,0.2586309802,0.5041411832,0.9013189866,0.0000000000,-0.1611595156,-0.0697616875,-0.0000000000,0.0126319767,1.0000000000,0.1611595156,-33.8434982744,-4.422,1.000000,61.5638456396,-4,0.3738731946
0.325097,2.4280300303,2.2534177774,1.5095204264,-0.3040442663,0.1754220207,1.8135646926,0.0116498543,2.1609921307,19.6242743930,0.2213386569,0.5041411832,0.9013189866,0.0000000000,-0.1611595156,-0.0745340302,-0.0000000000,0.0127545564,1.0000000000,0.1611595156,-33.8434982744,-3.909,1.000000,61.5638456396,-3,0.3738731946
0.333423,2.4407031879,2.2442138927,1.5670208101,-0.3280225254,0.1973629248,1.8950433354,0.0132945453,2.2860980141,15.0127060039,0.1955632218,0.5041411832,0.9013189866,0.0000000000,-0.1611595156,-0.0778826461,-0.0000000000,0.0128174358,1.0000000000,0.1611595156,-33.8434982744,-3.396,1.000000,61.5638456396,-4,0.3738731946
0.342356,2.4550110974,2.2334760272,1.5857945245,-0.3514205592,0.2224710163,1.9372150837,0.0151484705,2.3781686789,11.0484797824,0.1803511291,0.5041411832,0.9013189866,0.0000000000,-0.1611595156,-0.0796158241,-0.0000000000,0.0128360026,1.0000000000,0.1611595156,-33.8434982744,-2.883,1.000000,61.5638456396,-3,0.3738731946
0.350092,2.4676819950,2.2242721424,1.5639501098,-0.3742524081,0.2444066072,1.9382025179,0.0171851922,2.4231342106,5.3958637991,0.1759200517,0.5041411832,0.9013189866,0.0000000000,-0.1611595156,-0.0796564057,-0.0000000000,0.0128143112,1.0000000000,0.1611595156,-33.8434982744,-2.370,1.000000,61.5638456396,-2,0.3738731946
0.358420,2.4812647909,2.2166022385,1.4996543798,-0.3959514853,0.2657170987,1.8956058652,0.0193995014,2.4234794197,0.0414250999,0.1818871571,0.5041411832,0.9013189866,0.0000000000,-0.1611595156,-0.0779057650,-0.0000000000,0.0127427879,1.0000000000,0.1611595156,-33.8434982744,-1.857,1.000000,61.5638456396,-2,0.3738731946
0.366753,2.4944321432,2.2089323346,1.3928354159,-0.4159649143,0.2866076571,1.8088003302,0.0217878985,2.3789700764,-5.3411211949,0.1992530670,0.5041411832,0.9013189866,0.0000000000,-0.1611595156,-0.0743382240,-0.0000000000,0.0125940966,1.0000000000,0.1611595156,-33.8434982744,-1.344,1.000000,61.5638456396,-1,0.3738731946
0.375165,2.5069129081,2.2027964114,1.2428809966,-0.4343334844,0.3052732666,1.6772144810,0.0243318424,2.2855531963,-11.2100256220,0.2302852217,0.5041411832,0.9013189866,0.0000000000,-0.1611595156,-0.0689302980,-0.0000000000,0.0123031269,1.0000000000,0.1611595156,-33.8434982744,-0.831,1.000000,61.5638456396,-1,0.3738731946
0.383428,2.5180069163,2.1966604883,1.0566016737,-0.4510969977,0.3225478445,1.5076986714,0.0270197411,2.1516690453,-16.0660981123,0.2756578037,0.5041411832,0.9013189866,0.0000000000,-0.1611595156,-0.0619635234,-0.0000000000,0.0117511359,1.0000000000,0.1611595156,-33.8434982744,-0.318,1.000000,61.5638456396,-1,0.3738731946
0.391709,2.5276201555,2.1889905843,0.8344567797,-0.4662942934,0.3398714629,1.3007510731,0.0298520033,1.9805801887,-20.5306627886,0.3372429761,0.5041411832,0.9013189866,0.0000000000,-0.1611595156,-0.0534583741,-0.0000000000,0.0106779724,1.0000000000,0.1611595156,-33.8434982744,0.195,1.000000,61.5638456396,-1,0.3738731946
0.400083,2.5354832979,2.1843886419,0.5782405325,-0.4793829836,0.3523714071,1.0576235161,0.0327884317,1.7641489396,-25.9717498929,0.4156695113,0.5041411832,0.9013189866,0.0000000000,-0.1611595156,-0.0434662978,-0.0000000000,0.0086072079,1.0000000000,0.1611595156,-33.8434982744,0.708,1.000000,61.5638456396,-1,0.3738731946
0.408438,2.5411776446,2.1813206804,0.2965612168,-0.4909943794,0.3611646403,0.7875555962,0.0357981370,1.5137303003,-30.0502367236,0.5034592448,0.5041411832,0.9013189866,0.0000000000,-0.1611595156,-0.0323670244,-0.0000000000,0.0050093401,1.0000000000,0.1611595156,-33.8434982744,1.221,1.000000,61.5638456396,-3,0.3738731946
0.416755,2.5444738368,2.1797866996,-0.0032428065,-0.5000036539,0.3660188079,0.4967608474,0.0388482937,1.2350616007,-33.4402439537,0.5880255363,0.5041411832,0.9013189866,0.0000000000,-0.1611595156,-0.0204159180,-0.0000000000,-0.0000576588,1.0000000000,0.1611595156,-33.8434982744,1.734,1.000000,61.5638456396,0,0.3738731946
0.425097,2.5452186252,2.1813206804,-0.3161447498,-0.5058934858,0.3652453020,0.1897487360,0.0418920046,0.9293680681,-36.6832239052,0.6519674959,0.5041411832,0.9013189866,0.0000000000,-0.1611595156,-0.0077983091,-0.0000000000,-0.0053043708,1.0000000000,0.1611595156,-33.8434982744,2.247,1.000000,61.5638456396,1,0.3738731946
0.433415,2.5432876020,2.1828546612,-0.6324204661,-0.5093196465,0.3617894230,-0.1231008196,0.0449069165,0.6126621270,-38.0047129332,0.6779892285,0.5041411832,0.9013189866,0.0000000000,-0.1611595156,0.0050592076,0.0000000000,-0.0091348546,1.0000000000,0.1611595156,-33.8434982744,2.760,1.000000,61.5638456396,1,0.3738731946
0.441767,2.5386100021,2.1843886419,-0.9461003730,-0.5091811774,0.3555774735,-0.4369191957,0.0478700621,0.2896497970,-38.7614796050,0.6584582943,0.5041411832,0.9018806238,0.0673964644,-0.1106337437,0.0179565409,0.0000000000,-0.0112854092,1.0000000000,0.1611595156,-23.2330861805,3.273,1.000000,61.5638456396,2,0.3779355431
0.450098,2.5312327865,2.1874566035,-1.2465426761,-0.5055643352,0.3451226635,-0.7409783409,0.0507460843,-0.0318271202,-38.5772300626,0.6047425882,0.5044113675,0.9018869515,0.0007593272,0.0301753415,0.0304527885,0.0000000000,-0.0123116270,1.0000000000,0.1611595156,6.3368217083,2.760,1.000000,61.5638456396,3,0.3712963557
0.458419,2.5212542013,2.1905245651,-1.5259104891,-0.4985532896,0.3320574441,-1.0273571995,0.0535132296,-0.3407343417,-37.0688665718,0.5089162719,0.5044144078,0.9025194849,0.0759039986,0.1418152982,0.0422224103,0.0000000000,-0.0127734509,1.0000000000,0.1611595156,29.7812126150,2.247,1.000000,61.5638456396,3,0.3762203465
0.466771,2.5087849508,2.1966604883,-1.7773087156,-0.4882301733,0.3134247766,-1.2890785423,0.0535132296,-0.6382184890,-35.6980976767,0.4220315164,0.5047178984,0.9025194849,0.0000000000,0.1611595156,0.0529786554,0.0000000000,-0.0129811622,1.0000000000,0.1611595156,33.8434982744,1.734,1.000000,61.5638456396,1,0.3762203465
0.475410,2.4935592516,2.2012624306,-1.9985920375,-0.4752554190,0.2935625792,-1.5233366184,0.0535132296,-0.9105992807,-32.6856950128,0.3367084941,0.5047178984,0.9025194849,0.0000000000,0.1611595156,0.0626062130,0.0000000000,-0.0130785992,1.0000000000,0.1611595156,33.8434982744,1.221,1.000000,61.5638456396,1,0.3762203465
0.483416,2.4776312225,2.2073983538,-2.1618560250,-0.4596931911,0.2714571797,-1.7021628339,0.0535132296,-1.1318537252,-26.5505333327,0.2730542790,0.5047178984,0.9025194849,0.0000000000,0.1611595156,0.0699556275,0.0000000000,-0.0131213646,1.0000000000,0.1611595156,33.8434982744,0.708,1.000000,61.5638456396,1,0.3762203465
0.491769,2.4595105791,2.2120002961,-2.2834613232,-0.4416061010,0.2486864222,-1.8418552222,0.0535132296,-1.3152514042,-22.0077214872,0.2265053052,0.5047178984,0.9025194849,0.0000000000,0.1611595156,0.0756967167,0.0000000000,-0.0131430418,1.0000000000,0.1611595156,33.8434982744,0.195,1.000000,61.5638456396,1,0.3762203465
0.500081,2.4403730604,2.2196702001,-2.3502837551,-0.4216355327,0.2218258115,-1.9286482223,0.0535132296,-1.4535995976,-16.6017832011,0.1966230369,0.5047178984,0.9025194849,0.0000000000,0.1611595156,0.0792637425,0.0000000000,-0.0131522651,1.0000000000,0.1611595156,33.8434982744,-0.318,1.000000,61.5638456396,2,0.3762203465
0.508415,2.4205394061,2.2242721424,-2.3594573593,-0.4004073498,0.1973336773,-1.9590500095,0.0535132296,-1.5310106177,-9.2893224103,0.1837964193,0.5047178984,0.9025194849,0.0000000000,0.1611595156,0.0805131976,0.0000000000,-0.0131534071,1.0000000000,0.1611595156,33.8434982744,-0.831,1.000000,61.5638456396,2,0.3762203465
0.516762,2.4005271241,2.2288740848,-2.3084607024,-0.3779519840,0.1726596471,-1.9305087184,0.0535132296,-1.5498276837,-2.2580479241,0.1857336497,0.5047178984,0.9025194849,0.0000000000,0.1611595156,0.0793402053,0.0000000000,-0.0131466874,1.0000000000,0.1611595156,33.8434982744,-1.344,1.000000,61.5638456396,1,0.3762203465
0.525098,2.3809108478,2.2319420464,-2.1968156685,-0.3548794179,0.1499139596,-1.8419362506,0.0535132296,-1.5049123884,5.3898354374,0.2037452508,0.5047178984,0.9025194849,0.0000000000,0.1611595156,0.0757000468,0.0000000000,-0.0131283354,1.0000000000,0.1611595156,33.8434982744,-1.857,1.000000,61.5638456396,1,0.3762203465
0.533422,2.3622076763,2.2365439887,-2.0257167840,-0.3323651610,0.1265488830,-1.6933516230,0.0535132296,-1.4011737641,12.4486349151,0.2390842186,0.5047178984,0.9025194849,0.0000000000,0.1611595156,0.0695935036,0.0000000000,-0.0130870569,1.0000000000,0.1611595156,33.8434982744,-2.370,1.000000,61.5638456396,1,0.3762203465
0.542834,2.3427775756,2.2396119503,-1.7638705804,-0.3103957036,0.1039923090,-1.4534748768,0.0535132296,-1.2045912134,23.5899060871,0.3067557221,0.5047178984,0.9025194849,0.0000000000,0.1611595156,0.0597350295,0.0000000000,-0.0129731951,1.0000000000,0.1611595156,33.8434982744,-2.883,1.000000,61.5638456396,-1,0.3762203465
0.550147,2.3293677695,2.2411459311,-1.5139661209,-0.2889578624,0.0889914262,-1.2250082585,0.0535132296,-1.0049166958,23.9609421073,0.3788206000,0.5047178984,0.9025194849,0.0000000000,0.1611595156,0.0503454897,0.0000000000,-0.0127597614,1.0000000000,0.1611595156,33.8434982744,-3.396,1.000000,61.5638456396,2,0.3762203465
0.558420,2.3164033400,2.2426799119,-1.1876614533,-0.2691993480,0.0744403926,-0.9184621052,0.0535132296,-0.7262992205,33.4340970335,0.4792228431,0.5047178984,0.9025194849,0.0000000000,0.1611595156,0.0377470308,0.0000000000,-0.0121650305,1.0000000000,0.1611595156,33.8434982744,-3.909,1.000000,61.5638456396,-3,0.3762203465
0.566750,2.3061016470,2.2426799119,-0.8191144943,-0.2510795242,0.0640904407,-0.5680349701,0.0540473166,-0.3952454868,39.7264480448,0.5844126323,0.5047178984,0.9034688774,0.1139271045,0.1571454929,0.0233451477,0.0000000000,-0.0105821235,0.9529070553,0.1611595156,33.0005535033,-4.422,1.000000,61.5638456396,-3,0.3871254661
0.575120,2.2988825207,2.2426799119,-0.4168159201,-0.2357193125,0.0568304052,-0.1810966076,0.0545209033,-0.0218055823,44.8127885433,0.6813834779,0.5051718418,0.9034721513,0.0003928677,0.0082401919,0.0074427232,0.0000000000,-0.0067194906,0.7870884785,0.1611595156,1.7304402933,-3.909,1.000000,61.5638456396,-3,0.3802650160
0.583441,2.2950927569,2.2426799119,0.0055706655,-0.2218913614,0.0530038131,0.2274620269,0.0549626018,0.3798152409,48.1944987825,0.6840894171,0.5051734039,0.9034721513,0.0000000000,-0.1611595156,-0.0093482530,-0.0000000000,0.0000990481,0.6691142929,0.1611595156,-33.8434982744,-3.396,1.000000,61.5638456396,-2,0.3802650160
0.591792,2.2948819230,2.2426799119,0.4415961502,-0.2101388805,0.0527616786,0.6517350306,0.0554022824,0.8040284411,50.9055840180,0.6193065796,0.5051734039,0.9034721513,0.0000000000,-0.1611595156,-0.0267850596,-0.0000000000,0.0070403352,0.6612079462,0.1611595156,-33.8434982744,-2.883,1.000000,61.5638456396,-3,0.3802650160
0.600103,2.2983513714,2.2411459311,0.8767525465,-0.2004116476,0.0577392011,1.0771641941,0.0558834425,1.2394544058,52.2511157661,0.4936966047,0.5051734039,0.9034721513,0.0000000000,-0.1611595156,-0.0442693822,-0.0000000000,0.0109261225,0.8126632365,0.1611595156,-33.8434982744,-2.370,1.000000,61.5638456396,-2,0.3802650160
0.608454,2.3055476153,2.2411459311,1.3040114515,-0.1926606559,0.0649148016,1.4966721074,0.0564243991,1.6732330963,52.0534428632,0.3472559559,0.5051734039,0.9034721513,0.0000000000,-0.1611595156,-0.0615103528,-0.0000000000,0.0124352473,0.9650211499,0.1611595156,-33.8434982744,-1.857,1.000000,61.5638456396,-2,0.3802650160
0.616754,2.3163038807,2.2411459311,1.7076182285,-0.1862577970,0.0756540141,1.8938760255,0.0570548492,2.0916300697,50.2076368042,0.2208886561,0.5051734039,0.9034721513,0.0000000000,-0.1611595156,-0.0778346719,-0.0000000000,0.0129365913,1.0000000000,0.1611595156,-33.8434982744,-1.344,1.000000,61.5638456396,-2,0.3802650160
0.625098,2.3305601521,2.2411459311,2.0812197456,-0.1811704489,0.0898967362,2.2623901945,0.0578039887,2.4881711029,47.5849239881,0.1304720304,0.5051734039,0.9034721513,0.0000000000,-0.1611595156,-0.0929798974,-0.0000000000,0.0131025651,1.0000000000,0.1611595156,-33.8434982744,-0.831,1.000000,61.5638456396,-1,0.3802650160
0.633416,2.3479329195,2.2411459311,2.4111153798,-0.1767864916,0.1072578277,2.5879018714,0.0586978039,2.8478281632,43.1588472335,0.0749427119,0.5051734039,0.9034721513,0.0000000000,-0.1611595156,-0.1063578029,-0.0000000000,0.0131593378,1.0000000000,0.1611595156,-33.8434982744,-0.318,1.000000,61.5638456396,-1,0.3802650160
0.641798,2.3682675347,2.2411459311,2.6909401310,-0.1725086172,0.1275810495,2.8634487482,0.0597609794,3.1633617974,37.8640361121,0.0436575421,0.5051734039,0.9034721513,0.0000000000,-0.1611595156,-0.1176822510,-0.0000000000,0.0131803879,1.0000000000,0.1611595156,-33.8434982744,0.195,1.000000,61.5638456396,0,0.3802650160
0.650088,2.3907311914,2.2411459311,2.9073166433,-0.1683342586,0.1500335886,3.0756509019,0.0610112593,3.4198099565,30.7737790830,0.0273241617,0.5051734039,0.9034721513,0.0000000000,-0.1611595156,-0.1264033525,-0.0000000000,0.0131886609,1.0000000000,0.1611595156,-33.8434982744,0.708,1.000000,61.5638456396,0,0.3802650160
0.658415,2.4151334306,2.2411459311,3.0570765701,-0.1642609111,0.1744249792,3.2213374811,0.0624648008,3.6136510970,23.2609368626,0.0190422430,0.5051734039,0.9034721513,0.0000000000,-0.1611595156,-0.1323907915,-0.0000000000,0.0131921334,1.0000000000,0.1611595156,-33.8434982744,1.221,1.000000,61.5638456396,0,0.3802650160
0.666780,2.4409197502,2.2426799119,3.1337349331,-0.1602861303,0.1986667319,3.2940210634,0.0641203569,3.7343880841,14.4884384587,0.0153733055,0.5051734039,0.9034721513,0.0000000000,-0.1611595156,-0.1353779473,-0.0000000000,0.0131934373,1.0000000000,0.1611595156,-33.8434982744,1.734,1.000000,61.5638456396,0,0.3802650160
0.675076,2.4671323282,2.2426799119,3.1329543158,-0.1564075311,0.2248689799,3.2893618469,0.0659942650,3.7817462690,5.6829821792,0.0146835888,0.5051734039,0.9034721513,0.0000000000,-0.1611595156,-0.1351864624,-0.0000000000,0.0131934253,1.0000000000,0.1611595156,-33.8434982744,2.247,1.000000,61.5638456396,1,0.3802650160
0.683474,2.4936534417,2.2442138927,3.0523396196,-0.1526227862,0.2498460327,3.2049624058,0.0680763153,3.7472043338,-4.1450322151,0.0168136348,0.5051734039,0.9034721513,0.0000000000,-0.1611595156,-0.1317178073,-0.0000000000,0.0131920436,1.0000000000,0.1611595156,-33.8434982744,2.760,1.000000,61.5638456396,2,0.3802650160
0.691758,2.5191297794,2.2457478735,2.8942461831,-0.1483493371,0.2737770080,3.0425955202,0.0703577904,3.6328708220,-13.7200214238,0.0227819889,0.5051734039,0.9034721513,0.0000000000,-0.1611595156,-0.1250448397,-0.0000000000,0.0131882861,1.0000000000,0.1611595156,-33.8434982744,3.273,1.000000,61.5638456396,3,0.3802650160
0.700077,2.5433570808,2.2472818543,2.6587369159,-0.1441792968,0.2964592224,2.8029162128,0.0728282839,3.4390021495,-23.2642406934,0.0356891096,0.5051734039,0.9034721513,0.0000000000,-0.1611595156,-0.1151944799,-0.0000000000,0.0131786912,1.0000000000,0.1611595156,-33.8434982744,3.787,1.000000,61.5638456396,2,0.3802650160
0.708440,2.5642237890,2.2503498158,2.3216240144,-0.1389495885,0.3142440407,2.4605736029,0.0754469842,3.1332068026,-36.6954416351,0.0656606889,0.5051734039,0.9034721513,0.0000000000,-0.1611595156,-0.1011248553,-0.0000000000,0.0131485109,1.0000000000,0.1611595156,-33.8434982744,4.300,1.000000,61.5638456396,3,0.3802650160
0.716744,2.5819126774,2.2534177774,1.9298606945,-0.1332661412,0.3288498306,2.0631268358,0.0781873995,2.7663176950,-44.0266929078,0.1227499848,0.5051734039,0.9034721513,0.0000000000,-0.1611595156,-0.0847905556,-0.0000000000,0.0130542156,1.0000000000,0.1611595156,-33.8434982744,4.813,1.000000,61.5638456396,3,0.3802650160
0.725139,2.5962803157,2.2580197198,1.4858896527,-0.1265596473,0.3385976650,1.6124492999,0.0810090467,2.3369484646,-51.5243076489,0.2223665760,0.5051734039,0.9034721513,0.0000000000,-0.1611595156,-0.0662685733,-0.0000000000,0.0127258560,1.0000000000,0.1611595156,-33.8434982744,5.326,1.000000,61.5638456396,5,0.3802650160
0.733424,2.6066458346,2.2610876813,1.0112884304,-0.1188548623,0.3458747020,1.1301432927,0.0838913359,1.8712642625,-55.8821042532,0.3632606903,0.5051734039,0.9034721513,0.0000000000,-0.1611595156,-0.0464467215,-0.0000000000,0.0115746869,1.0000000000,0.1611595156,-33.8434982744,5.839,1.000000,61.5638456396,3,0.3802650160
0.741788,2.6130095807,2.2672236045,0.5072136005,-0.1101759429,0.3460794102,0.6173895433,0.0867753310,1.3615595414,-61.1645665333,0.5171340197,0.5051734039,0.9034721513,0.0000000000,-0.1611595156,-0.0253735260,-0.0000000000,0.0078355486,1.0000000000,0.1611595156,-33.8434982744,6.352,1.000000,61.5638456396,5,0.3802650160
0.750093,2.6150960892,2.2733595276,-0.0057820475,-0.0999661738,0.3420028036,0.0941841263,0.0896253543,0.8331544789,-63.4086074926,0.6158824462,0.5051734039,0.9034721513,0.0000000000,-0.1611595156,-0.0038707869,-0.0000000000,-0.0001028063,1.0000000000,0.1611595156,-33.8434982744,6.865,1.000000,61.5638456396,7,0.3802650160
0.758415,2.6129054700,2.2794954508,-0.5196342368,-0.0882625986,0.3336450909,-0.4313716382,0.0924057301,0.2941179390,-64.6843847989,0.6052682154,0.5051734039,0.9040129062,0.0648905929,-0.1017038951,0.0177285469,0.0000000000,-0.0079771469,1.0000000000,0.1611595156,-21.3578179812,7.378,1.000000,61.5638456396,8,0.3834810538
0.766753,2.6064662732,2.2856313739,-1.0217067504,-0.0756816517,0.3210364638,-0.9460250988,0.0950810339,-0.2422721038,-64.3668051322,0.4955808579,0.5054311091,0.9043261687,0.0375914965,0.1056867148,0.0388798169,0.0000000000,-0.0116169547,1.0000000000,0.1611595156,22.1942101166,6.865,1.000000,61.5638456396,7,0.3821362345
0.775076,2.5959604313,2.2933012779,-1.4977410531,-0.0616642762,0.3028233852,-1.4360767769,0.0950810339,-0.7672812443,-63.0010968610,0.3366541067,0.5055801170,0.9043261687,0.0000000000,0.1611595156,0.0590200009,0.0000000000,-0.0127404704,1.0000000000,0.1611595156,33.8434982744,6.352,1.000000,61.5638456396,5,0.3821362345
0.783966,2.5805308435,2.3025051626,-1.9653196513,-0.0462452310,0.2781488468,-1.9190744204,0.0950810339,-1.2976382202,-63.6428371056,0.1924523608,0.5055801170,0.9043261687,0.0000000000,0.1611595156,0.0788702776,0.0000000000,-0.0130673525,1.0000000000,0.1611595156,33.8434982744,5.839,1.000000,61.5638456396,5,0.3821362345
0.792150,2.5628465011,2.3117090473,-2.3474012285,-0.0288781462,0.2512143656,-2.3185230823,0.0950810339,-1.7487838595,-54.1374767189,0.1050637889,0.5055801170,0.9043261687,0.0000000000,0.1611595156,0.0952868514,0.0000000000,-0.0131519005,1.0000000000,0.1611595156,33.8434982744,5.326,1.000000,61.5638456396,6,0.3821362345
0.800081,2.5429366437,2.3209129321,-2.6644944319,-0.0101904477,0.2220508521,-2.6543039842,0.0950810339,-2.1405400550,-47.0107434556,0.0567668848,0.5055801170,0.9043261687,0.0000000000,0.1611595156,0.1090868024,0.0000000000,-0.0131790054,1.0000000000,0.1611595156,33.8434982744,4.813,1.000000,61.5638456396,5,0.3821362345
0.808419,2.5195486704,2.3301168168,-2.9337003596,0.0092056209,0.1894073360,-2.9429059805,0.0950810339,-2.4917967242,-42.1508002996,0.0306891141,0.5055801170,0.9043261687,0.0000000000,0.1611595156,0.1209477909,0.0000000000,-0.0131893785,1.0000000000,0.1611595156,33.8434982744,4.300,1.000000,61.5638456396,4,0.3821362345
0.816744,2.4942551677,2.3393207015,-3.1303284292,0.0298732059,0.1548549042,-3.1602016351,0.0950810339,-2.7754109490,-34.0337069782,0.0180772147,0.5055801170,0.9043261687,0.0000000000,0.1611595156,0.1298782255,0.0000000000,-0.0131933849,1.0000000000,0.1611595156,33.8434982744,3.787,1.000000,61.5638456396,3,0.3821362345
0.825130,2.4674451054,2.3500585670,-3.2506122145,0.0517815391,0.1172486274,-3.3023937536,0.0950810339,-2.9897830668,-25.7246541348,0.0120802189,0.5055801170,0.9043261687,0.0000000000,0.1611595156,0.1357220488,0.0000000000,-0.0131949729,1.0000000000,0.1611595156,33.8434982744,3.273,1.000000,61.5638456396,3,0.3821362345
0.833416,2.4402926292,2.3592624518,-3.2898641736,0.0743203097,0.0808322386,-3.3641844833,0.0950810339,-3.1214699720,-15.8024286325,0.0096365898,0.5055801170,0.9043261687,0.0000000000,0.1611595156,0.1382615293,0.0000000000,-0.0131953892,1.0000000000,0.1611595156,33.8434982744,2.760,1.000000,61.5638456396,3,0.3821362345
0.841769,2.4129291449,2.3684663365,-3.2483690840,0.0974742623,0.0442032030,-3.3458433462,0.0950810339,-3.1734331562,-6.2355820961,0.0092723144,0.5055801170,0.9043261687,0.0000000000,0.1611595156,0.1375077437,0.0000000000,-0.0131949477,0.3709083417,0.1611595156,33.8434982744,2.247,1.000000,61.5638456396,3,0.3821362345
0.850089,2.3863512862,2.3776702212,-3.1271399105,0.1206482235,0.0083597399,-3.2477881340,0.0950810339,-3.1441744685,3.5110425155,0.0107931779,0.5055801170,0.9043261687,0.0000000000,0.1611595156,0.1334778626,0.0000000000,-0.0131933354,0.0000000000,0.1611595156,33.8434982744,1.734,1.000000,61.5638456396,1,0.3821362345
0.858413,2.3610928396,2.3868741060,-2.9290394442,0.1438417092,-0.0261643631,-3.0728811534,0.0948629976,-3.0357324934,13.0130370148,0.0149428552,0.5055801170,0.9043261687,0.0000000000,0.1611595156,0.1262895212,0.0000000000,-0.0131892554,0.0000000000,0.1611595156,33.8434982744,1.221,1.000000,61.5638456396,2,0.3821362345
0.866825,2.3375537137,2.3976119715,-2.6557639364,0.1670542468,-0.0605031770,-2.8228181832,0.0943588044,-2.8520424386,22.0428065806,0.0238453273,0.5055801170,0.9043261687,0.0000000000,0.1611595156,0.1160124128,0.0000000000,-0.0131785270,0.8828484990,0.1611595156,33.8434982744,0.708,1.000000,61.5638456396,1,0.3821362345
0.875507,2.3159761589,2.4052818754,-2.3039488418,0.1902853754,-0.0898125077,-2.4942342173,0.0936103669,-2.5804029425,32.5967395273,0.0432611055,0.5055801170,0.9043261687,0.0000000000,0.1611595156,0.1025082420,0.0000000000,-0.0131460474,1.0000000000,0.1611595156,33.8434982744,0.195,1.000000,61.5638456396,1,0.3821362345
0.883527,2.2989892029,2.4144857601,-1.9239921147,0.2129543579,-0.1160637232,-2.1369464726,0.0926431692,-2.2743915177,36.7213709800,0.0773327947,0.5055801170,0.9043261687,0.0000000000,0.1611595156,0.0878244010,0.0000000000,-0.0130519191,1.0000000000,0.1611595156,33.8434982744,-0.318,1.000000,61.5638456396,1,0.3821362345
0.891773,2.2848955618,2.4206216833,-1.4877131500,0.2344945097,-0.1363506559,-1.7222076596,0.0915069137,-1.8996371158,44.9705282221,0.1401978482,0.5055801170,0.9043261687,0.0000000000,0.1611595156,0.0707794314,0.0000000000,-0.0127281341,1.0000000000,0.1611595156,33.8434982744,-0.831,1.000000,61.5638456396,-14,0.3821362345
0.900092,2.2744797407,2.4252236256,-1.0112130546,0.2549331462,-0.1514228539,-1.2661462008,0.0902450566,-1.4736667904,51.1164390538,0.2399928020,0.5055801170,0.9043261687,0.0000000000,0.1611595156,0.0520361802,0.0000000000,-0.0115743773,1.0000000000,0.1611595156,33.8434982744,-1.344,1.000000,61.5638456396,-2,0.3821362345
0.908437,2.2681260498,2.4282915872,-0.5082710925,0.2731363473,-0.1608929874,-0.7814074398,0.0889042817,-1.0083394639,55.8392791785,0.3686577894,0.5055801170,0.9043261687,0.0000000000,0.1611595156,0.0321143469,0.0000000000,-0.0078477148,1.0000000000,0.1611595156,33.8434982744,-1.857,1.000000,61.5638456396,-2,0.3821362345
0.916815,2.2660311902,2.4313595488,0.0091962223,0.2891582060,-0.1660984800,-0.2799619837,0.0875201277,-0.5181600108,58.8215343762,0.4881872686,0.5055801170,0.9043261687,0.0000000000,0.1611595156,0.0115059005,0.0000000000,0.0001635062,1.0000000000,0.1611595156,33.8434982744,-2.370,1.000000,61.5638456396,0,0.3821362345
0.925110,2.2682361253,2.4313595488,0.5213668638,0.3024712191,-0.1639290017,0.2188956447,0.0861540527,-0.0163965078,60.2116203572,0.5477782249,0.5055801170,0.9043277205,0.0001862141,0.0047423253,-0.0089961911,-0.0000000000,0.0079966738,1.0000000000,0.1611595156,0.9958883039,-2.428,1.000000,61.5638456396,-1,0.3753321787
0.933427,2.2746681636,2.4298255680,1.0221433749,0.3125606479,-0.1559898540,0.7095827270,0.0861540527,0.4895286605,60.7110201888,0.5093800782,0.5055808547,0.9043277205,0.0000000000,-0.1611595156,-0.0291624890,-0.0000000000,0.0116187035,1.0000000000,0.1611595156,-33.8434982744,-1.915,1.000000,61.5638456396,-1,0.3753321787
0.941764,2.2851989263,2.4282915872,1.4989381948,0.3189242092,-0.1439420588,1.1800139856,0.0861540527,0.9830839804,59.2266383982,0.4110923646,0.5055808547,0.9043277205,0.0000000000,-0.1611595156,-0.0484963114,-0.0000000000,0.0127419218,1.0000000000,0.1611595156,-33.8434982744,-1.402,1.000000,61.5638456396,-1,0.3753321787
0.952085,2.3035035438,2.4267576064,2.0368276296,0.3210717742,-0.1241091801,1.7157558554,0.0861540527,1.5568922926,68.8569974619,0.2642859319,0.5055808547,0.9043277205,0.0000000000,-0.1611595156,-0.0705142746,-0.0000000000,0.0130903482,1.0000000000,0.1611595156,-33.8434982744,-0.889,1.000000,61.5638456396,-1,0.3753321787
0.960185,2.3215311936,2.4236896449,2.4060384094,0.3196856488,-0.1030098770,2.0863527605,0.0861540527,1.9679863651,49.3312886935,0.1715431654,0.5055808547,0.9043277205,0.0000000000,-0.1611595156,-0.0857450965,-0.0000000000,0.0131587907,1.0000000000,0.1611595156,-33.8434982744,-0.376,1.000000,61.5638456396,-1,0.3753321787
0.968079,2.3417705187,2.4206216833,2.7120903228,0.3154316284,-0.0796912605,2.3966586944,0.0861540527,2.3230491286,42.6075316248,0.1097881672,0.5055808547,0.9043277205,0.0000000000,-0.1611595156,-0.0984980752,-0.0000000000,0.0131814250,1.0000000000,0.1611595156,-33.8434982744,0.137,1.000000,61.5638456396,-1,0.3753321787
0.976030,2.3643599125,2.4190877025,2.9597263565,0.3083791103,-0.0555491028,2.6513472462,0.0861540527,2.6240751824,36.1231264580,0.0715497024,0.5055808547,0.9043277205,0.0000000000,-0.1611595156,-0.1089652861,-0.0000000000,0.0131900381,0.7492655869,0.1611595156,-33.8434982744,0.650,1.000000,61.5638456396,0,0.3753321787
0.983980,2.3886557354,2.4175537217,3.1410019517,0.2997563868,-0.0296963340,2.8412455649,0.0861540527,2.8635942824,28.7422920008,0.0497786809,0.5055808547,0.9043277205,0.0000000000,-0.1611595156,-0.1167697428,-0.0000000000,0.0131935475,0.0184373508,0.1611595156,-33.8434982744,1.163,1.000000,61.5638456396,1,0.3753321787
0.991888,2.4139791133,2.4160197409,3.2514809689,0.2901817413,-0.0028134750,2.9612992276,0.0861540527,3.0352458408,20.5981870094,0.0383736283,0.5055808547,0.9043277205,0.0000000000,-0.1611595156,-0.1217037180,-0.0000000000,0.0131949826,0.0000000000,0.1611595156,-33.8434982744,1.676,1.000000,61.5638456396,0,0.3753321787
1.000131,2.4409938564,2.4160197409,3.2898581294,0.2796782081,0.0242292424,3.0101799213,0.0863559630,3.1362172127,12.1165646211,0.0335111624,0.5055808547,0.9043277205,0.0000000000,-0.1611595156,-0.1237126208,-0.0000000000,0.0131953892,0.0000000000,0.1611595156,-33.8434982744,2.189,1.000000,61.5638456396,1,0.3753321787
1.008430,2.4681807569,2.4160197409,3.2484203476,0.2688485519,0.0514449857,2.9795717957,0.0867846713,3.1582407421,2.6428235315,0.0340769822,0.5055808547,0.9043277205,0.0000000000,-0.1611595156,-0.1224546855,-0.0000000000,0.0131949483,0.6175610508,0.1611595156,-33.8434982744,2.703,1.000000,61.5638456396,2,0.3753321787
1.016752,2.4947649808,2.4160197409,3.1272051955,0.2582809514,0.0780573546,2.8689242441,0.0874351492,3.0992709992,-7.0763691499,0.0404076686,0.5055808547,0.9043277205,0.0000000000,-0.1611595156,-0.1179072834,-0.0000000000,0.0131933364,1.0000000000,0.1611595156,-33.8434982744,3.216,1.000000,61.5638456396,4,0.3753321787
1.025119,2.5201484005,2.4175537217,2.9279358702,0.2485493526,0.1019327119,2.6793865175,0.0882845885,2.9563410103,-17.1515986651,0.0551119553,0.5055808547,0.9043277205,0.0000000000,-0.1611595156,-0.1101176464,-0.0000000000,0.0131892260,1.0000000000,0.1611595156,-33.8434982744,3.729,1.000000,61.5638456396,4,0.3753321787
1.033415,2.5433697324,2.4175537217,2.6585631036,0.2396335261,0.1251777895,2.4189295775,0.0893277367,2.7414604774,-25.7856639536,0.0829798508,0.5055808547,0.9043277205,0.0000000000,-0.1611595156,-0.0994133658,-0.0000000000,0.0131786816,1.0000000000,0.1611595156,-33.8434982744,4.242,1.000000,61.5638456396,4,0.3753321787
1.041745,2.5641589375,2.4175537217,2.3228506986,0.2320940191,0.1459870747,2.0907566795,0.0905442957,2.4543485316,-34.4534334890,0.1327099567,0.5055808547,0.9043277205,0.0000000000,-0.1611595156,-0.0859260891,-0.0000000000,0.0131486775,1.0000000000,0.1611595156,-33.8434982744,4.755,1.000000,61.5638456396,4,0.3753321787
1.050353,2.5824437230,2.4175537217,1.9159649115,0.2258975274,0.1642883635,1.6900673840,0.0919133654,2.0900468998,-43.7161958172,0.2167860336,0.5055808547,0.9043277205,0.0000000000,-0.1611595156,-0.0694585277,-0.0000000000,0.0130487192,1.0000000000,0.1611595156,-33.8434982744,5.268,1.000000,61.5638456396,6,0.3753321787
1.058468,2.5962746461,2.4175537217,1.4861007402,0.2198509783,0.1781353905,1.2662497619,0.0933978270,1.6941738819,-47.5047621559,0.3272948160,0.5055808547,0.9043277205,0.0000000000,-0.1611595156,-0.0520404364,-0.0000000000,0.0127261203,1.0000000000,0.1611595156,-33.8434982744,5.781,1.000000,61.5638456396,3,0.3753321787
1.066766,2.6066548021,2.4190877025,1.0107650169,0.2145310306,0.1869957344,0.7962339863,0.0949561248,1.2425994703,-54.1889293868,0.4514863212,0.5055808547,0.9043277205,0.0000000000,-0.1611595156,-0.0327236895,-0.0000000000,0.0115725358,1.0000000000,0.1611595156,-33.8434982744,6.294,1.000000,61.5638456396,5,0.3753321787
1.075091,2.6129939782,2.4206216833,0.5090948040,0.2093398149,0.1918147556,0.2997549890,0.0965545810,0.7568420676,-58.2908883216,0.5406068441,0.5055808547,0.9043277205,0.0000000000,-0.1611595156,-0.0123193551,-0.0000000000,0.0078571772,1.0000000000,0.1611595156,-33.8434982744,6.807,1.000000,61.5638456396,5,0.3753321787
1.083415,2.6150961523,2.4206216833,-0.0050597056,0.2048545034,0.1939288755,-0.2099142090,0.0981706550,0.2527190095,-60.4947669778,0.5469539042,0.5055808547,0.9046959235,0.0441843623,-0.0798565894,0.0086270713,0.0000000000,-0.0000899633,1.0000000000,0.1611595156,-16.7698837778,7.320,1.000000,61.5638456396,7,0.3753902365
1.091756,2.6129012435,2.4221556641,-0.5201320437,0.2010580146,0.1902100973,-0.7211900583,0.0997557392,-0.2642346752,-62.0344421582,0.4611730562,0.5057557297,0.9050485368,0.0423135934,0.1026466741,0.0296395280,0.0000000000,-0.0079827629,1.0000000000,0.1611595156,21.5558015622,6.807,1.000000,61.5638456396,8,0.3749110950
1.100083,2.6064698859,2.4236896449,-1.0214982946,0.1973533931,0.1822546254,-1.2188516877,0.0997557392,-0.7771657224,-61.5517256714,0.3255880673,0.5059229316,0.9050485368,0.0000000000,0.1611595156,0.0500924664,0.0000000000,-0.0116161192,1.0000000000,0.1611595156,33.8434982744,6.294,1.000000,61.5638456396,6,0.3749110950
1.108425,2.5959367381,2.4252236256,-1.4986141688,0.1943187033,0.1701955792,-1.6929328721,0.0997557392,-1.2743925629,-59.6672208610,0.1977115176,0.5059229316,0.9050485368,0.0000000000,0.1611595156,0.0695762937,0.0000000000,-0.0127415294,1.0000000000,0.1611595156,33.8434982744,5.781,1.000000,61.5638456396,5,0.3749110950
1.116744,2.5816146693,2.4282915872,-1.9375923178,0.1919377340,0.1528118901,-2.1295300518,0.0997557392,-1.7443553075,-56.3955293490,0.1071465704,0.5059229316,0.9050485368,0.0000000000,0.1611595156,0.0875196004,0.0000000000,-0.0130571868,1.0000000000,0.1611595156,33.8434982744,5.268,1.000000,61.5638456396,5,0.3749110950
1.125100,2.5637449515,2.4298255680,-2.3306510240,0.1901946667,0.1334128338,-2.5208456907,0.0997557392,-2.1729047273,-51.4259303685,0.0546552290,0.5059229316,0.9050485368,0.0000000000,0.1611595156,0.1036019225,0.0000000000,-0.0131497247,1.0000000000,0.1611595156,33.8434982744,4.755,1.000000,61.5638456396,5,0.3749110950
1.133425,2.5429078766,2.4313595488,-2.6648870560,0.1890740653,0.1110447627,-2.8539611214,0.0997557392,-2.5489525484,-45.1257385428,0.0278651525,0.5059229316,0.9050485368,0.0000000000,0.1611595156,0.1172923278,0.0000000000,-0.0131790267,1.0000000000,0.1611595156,33.8434982744,4.242,1.000000,61.5638456396,3,0.3749110950
1.141809,2.5193815663,2.4344275104,-2.9352967593,0.1885608676,0.0844518576,-3.1238576268,0.0997557392,-2.8698904234,-38.5125449947,0.0148917934,0.5059229316,0.9050485368,0.0000000000,0.1611595156,0.1283845564,0.0000000000,-0.0131894203,1.0000000000,0.1611595156,33.8434982744,3.729,1.000000,61.5638456396,4,0.3749110950
1.150088,2.4942228783,2.4359614912,-3.1305251427,0.1886403754,0.0577589771,-3.3191655181,0.0997557392,-3.1164315732,-29.5849379706,0.0089962740,0.5059229316,0.9050485368,0.0000000000,0.1611595156,0.1364113361,0.0000000000,-0.0131933879,0.8132072336,0.1611595156,33.8434982744,3.216,1.000000,61.5638456396,4,0.3749110950
1.159357,2.4645338712,2.4374954720,-3.2586930028,0.1887179593,0.0265357825,-3.4474109621,0.0997557392,-3.3046055812,-22.5808809664,0.0061672771,0.5059229316,0.9050485368,0.0000000000,0.1611595156,0.1416819779,0.0000000000,-0.0131950622,0.0001984438,0.1611595156,33.8434982744,2.703,1.000000,61.5638456396,4,0.3749110950
1.167242,2.4386712492,2.4390294527,-3.2896747885,0.1887936659,-0.0008610218,-3.4784684544,0.0997485640,-3.3882540238,-10.0378131052,0.0053784075,0.5059229316,0.9050485368,0.0000000000,0.1611595156,0.1429583813,0.0000000000,-0.0131953873,0.0000000000,0.1611595156,33.8434982744,2.189,1.000000,61.5638456396,2,0.3749110950
1.175079,2.4130030197,2.4390294527,-3.2485920741,0.1888675405,-0.0265294481,-3.4374596146,0.0995274852,-3.3967157560,-1.0154078657,0.0056529670,0.5059229316,0.9050485368,0.0000000000,0.1611595156,0.1412729966,0.0000000000,-0.0131949502,0.0001914603,0.1611595156,33.8434982744,1.676,1.000000,61.5638456396,1,0.3749110950
1.183417,2.3863687776,2.4405634335,-3.1272476313,0.1889396275,-0.0546978630,-3.3161872588,0.0990716697,-3.3299285405,8.0144658512,0.0071880753,0.5059229316,0.9050485368,0.0000000000,0.1611595156,0.1362889354,0.0000000000,-0.0131933371,0.7231287117,0.1611595156,33.8434982744,1.163,1.000000,61.5638456396,2,0.3749110950
1.191750,2.3610834561,2.4405634335,-2.9289489790,0.1890099701,-0.0799833718,-3.1179589491,0.0984051416,-3.1808460991,17.8898929766,0.0109618840,0.5059229316,0.9050485368,0.0000000000,0.1611595156,0.1281421321,0.0000000000,-0.0131892530,1.0000000000,0.1611595156,33.8434982744,0.650,1.000000,61.5638456396,1,0.3749110950
1.200083,2.3377542785,2.4405634335,-2.6585238602,0.1884983233,-0.1033111868,-2.8470221835,0.0975442151,-2.9554767196,27.0443255336,0.0192178676,0.5059229316,0.9050485368,0.0000000000,0.1611595156,0.1170071507,0.0000000000,-0.0131786795,1.0000000000,0.1611595156,33.8434982744,0.137,1.000000,61.5638456396,0,0.3749110950
1.208429,2.3169265983,2.4405634335,-2.3220690562,0.1874187700,-0.1241359917,-2.5094878263,0.0965097485,-2.6588653982,35.5933585697,0.0368526213,0.5059229316,0.9050485368,0.0000000000,0.1611595156,0.1031351361,0.0000000000,-0.0131485714,1.0000000000,0.1611595156,33.8434982744,-0.376,1.000000,61.5638456396,0,0.3749110950
1.216743,2.2992153688,2.4405634335,-1.9298913802,0.1857850524,-0.1418428701,-2.1156764326,0.0953277245,-2.3001285138,43.0484261264,0.0726593998,0.5059229316,0.9050485368,0.0000000000,0.1611595156,0.0869502432,0.0000000000,-0.0130542275,1.0000000000,0.1611595156,33.8434982744,-0.889,1.000000,61.5638456396,0,0.3749110950
1.225088,2.2849220181,2.4405634335,-1.4886963252,0.1830302930,-0.1561288840,-1.6717266182,0.0940266505,-1.8847969802,49.8397840344,0.1395158540,0.5059229316,0.9050485368,0.0000000000,0.1611595156,0.0687047574,0.0000000000,-0.0127293578,1.0000000000,0.1611595156,33.8434982744,-1.402,1.000000,61.5638456396,0,0.3749110950
1.233422,2.2744824190,2.4405634335,-1.0113693328,0.1797619058,-0.1665597784,-1.1911312386,0.0926386524,-1.4255005734,55.1155688154,0.2454810754,0.5059229316,0.9050485368,0.0000000000,0.1611595156,0.0489532091,0.0000000000,-0.0115750192,1.0000000000,0.1611595156,33.8434982744,-1.915,1.000000,61.5638456396,0,0.3749110950
1.241751,2.2681362654,2.4390294527,-0.5095009703,0.1759923196,-0.1713619116,-0.6854932899,0.0912106364,-0.9303948320,59.4126889659,0.3789437256,0.5059229316,0.9050485368,0.0000000000,0.1611595156,0.0281724593,0.0000000000,-0.0078618384,1.0000000000,0.1611595156,33.8434982744,-2.428,1.000000,61.5638456396,-1,0.3749110950
1.250085,2.2660307300,2.4374954720,0.0052434692,0.1717336626,-0.1719221240,-0.1664901933,0.0897779521,-0.4137864673,61.9930037655,0.4944692602,0.5059229316,0.9059607570,0.1094664205,0.1407766046,0.0068424276,0.0000000000,0.0000932306,1.0000000000,0.1611595156,29.5630869674,-2.941,1.000000,61.5638456396,-2,0.3846175748
1.258514,2.2682735399,2.4359614912,0.5257419689,0.1675780563,-0.1681342656,0.3581639126,0.0883768332,0.1168474930,63.6760752379,0.5503424809,0.5063542652,0.9060398562,0.0094919093,-0.0478069492,-0.0147198498,-0.0000000000,0.0080457363,1.0000000000,0.1611595156,-10.0394593332,-2.428,1.000000,61.5638456396,-2,0.3791608903
1.266775,2.2746834079,2.4328935296,1.0230220452,0.1623624328,-0.1586425451,0.8606596125,0.0883768332,0.6375612256,62.4856479105,0.4901982302,0.5063915832,0.9060398562,0.0000000000,-0.1611595156,-0.0353714592,-0.0000000000,0.0116222172,1.0000000000,0.1611595156,-33.8434982744,-1.915,1.000000,61.5638456396,-2,0.3791608903
1.275085,2.2851807208,2.4298255680,1.4982675444,0.1566927294,-0.1450621704,1.3415748149,0.0883768332,1.1445420617,60.8377003337,0.3750298679,0.5063915832,0.9060398562,0.0000000000,-0.1611595156,-0.0551361516,-0.0000000000,0.0127411093,1.0000000000,0.1611595156,-33.8434982744,-1.402,1.000000,61.5638456396,-1,0.3791608903
1.283420,2.2995304624,2.4252236256,1.9380646502,0.1499996469,-0.1260926606,1.7880650034,0.0883768332,1.6274415767,57.9479417982,0.2512902647,0.5063915832,0.9060398562,0.0000000000,-0.1611595156,-0.0734860419,-0.0000000000,0.0130573663,1.0000000000,0.1611595156,-33.8434982744,-0.889,1.000000,61.5638456396,-1,0.3791608903
1.292262,2.3185427615,2.4206216833,2.3522476757,0.1417276614,-0.1024563881,2.2105200142,0.0883768332,2.0952631134,56.1385844085,0.1496355422,0.5063915832,0.9060398562,0.0000000000,-0.1611595156,-0.0908481325,-0.0000000000,0.0131525120,1.0000000000,0.1611595156,-33.8434982744,-0.376,1.000000,61.5638456396,-1,0.3791608903
1.300084,2.3382000423,2.4175537217,2.6646284629,0.1324952667,-0.0797065570,2.5321331962,0.0883768332,2.4605414209,43.8333968975,0.0917477924,0.5063915832,0.9060398562,0.0000000000,-0.1611595156,-0.1040658174,-0.0000000000,0.0131790127,1.0000000000,0.1611595156,-33.8434982744,0.137,1.000000,61.5638456396,-1,0.3791608903
1.308413,2.3615618447,2.4129517793,2.9335439152,0.1223257026,-0.0517157274,2.8112182126,0.0883768332,2.7933509279,39.9371408393,0.0558156243,0.5063915832,0.9060398562,0.0000000000,-0.1611595156,-0.1155356762,-0.0000000000,0.0131893743,0.6266171885,0.1611595156,-33.8434982744,0.650,1.000000,61.5638456396,-3,0.3791608903
1.316748,2.3868832317,2.4114177986,3.1303987012,0.1118219340,-0.0248323847,3.0185767672,0.0883768332,3.0523083065,31.0748854342,0.0366958200,0.5063915832,0.9060398562,0.0000000000,-0.1611595156,-0.1240577151,-0.0000000000,0.0131933860,0.0000000000,0.1611595156,-33.8434982744,1.163,1.000000,61.5638456396,1,0.3791608903
1.325089,2.4135507828,2.4114177986,3.2502264011,0.1009920481,0.0018640099,3.1492343531,0.0883923666,3.2342202017,21.8294274217,0.0272189588,0.5063915832,0.9060398562,0.0000000000,-0.1611595156,-0.1294274912,-0.0000000000,0.0131949685,0.0000000000,0.1611595156,-33.8434982744,1.676,1.000000,61.5638456396,0,0.3791608903
1.333420,2.4408491014,2.4114177986,3.2898637270,0.0904242234,0.0291904741,3.1994395036,0.0886356205,3.3370987196,12.3454221423,0.0234801107,0.5063915832,0.9060398562,0.0000000000,-0.1611595156,-0.1314908266,-0.0000000000,0.0131953892,0.0136245891,0.1611595156,-33.8434982744,2.189,1.000000,61.5638456396,2,0.3791608903
1.341834,2.4684115507,2.4114177986,3.2477201937,0.0806924059,0.0567788423,3.1670277878,0.0891087776,3.3580747971,2.5171293031,0.0239556125,0.5063915832,0.9060398562,0.0000000000,-0.1611595156,-0.1301587673,-0.0000000000,0.0131949404,0.7856048118,0.1611595156,-33.8434982744,2.703,1.000000,61.5638456396,2,0.3791608903
1.350090,2.4947777792,2.4114177986,3.1271263691,0.0717763660,0.0831688171,3.0553500032,0.0898018510,3.2976871967,-7.2465120463,0.0287576306,0.5063915832,0.9060398562,0.0000000000,-0.1611595156,-0.1255690245,-0.0000000000,0.0131933352,1.0000000000,0.1611595156,-33.8434982744,3.216,1.000000,61.5638456396,2,0.3791608903
1.358450,2.5201425992,2.4114177986,2.9279918943,0.0648169379,0.1085521723,2.8631749564,0.0907064525,3.1550650826,-17.1146536859,0.0401564921,0.5063915832,0.9060398562,0.0000000000,-0.1611595156,-0.1176709987,-0.0000000000,0.0131892275,1.0000000000,0.1611595156,-33.8434982744,3.729,1.000000,61.5638456396,2,0.3791608903
1.366757,2.5433921313,2.4114177986,2.6582553001,0.0591864885,0.1318167001,2.5990688116,0.0918049250,2.9366236296,-26.2129743594,0.0626266944,0.5063915832,0.9060398562,0.0000000000,-0.1611595156,-0.1068167428,-0.0000000000,0.0131786647,1.0000000000,0.1611595156,-33.8434982744,4.242,1.000000,61.5638456396,3,0.3791608903
1.375086,2.5641760990,2.4129517793,2.3225262087,0.0548528592,0.1510782289,2.2676733495,0.0930639102,2.6433574916,-35.1919365699,0.1045736226,0.5063915832,0.9060398562,0.0000000000,-0.1611595156,-0.0931970249,-0.0000000000,0.0131486335,1.0000000000,0.1611595156,-33.8434982744,4.755,1.000000,61.5638456396,2,0.3791608903
1.383415,2.5819212886,2.4144857601,1.9296365795,0.0523649567,0.1672960637,1.8772716228,0.0944580441,2.2853676132,-42.9587854078,0.1767060291,0.5063915832,0.9060398562,0.0000000000,-0.1611595156,-0.0771522628,-0.0000000000,0.0130541285,1.0000000000,0.1611595156,-33.8434982744,5.268,1.000000,61.5638456396,4,0.3791608903
1.391751,2.5961993617,2.4160197409,1.4889001401,0.0510978310,0.1800435308,1.4378023091,0.0959584068,1.8717470966,-49.6344619829,0.2852574788,0.5063915832,0.9060398562,0.0000000000,-0.1611595156,-0.0590909170,-0.0000000000,0.0127296111,1.0000000000,0.1611595156,-33.8434982744,5.781,1.000000,61.5638456396,4,0.3791608903
1.400083,2.6066385481,2.4160197409,1.0117135097,0.0498613671,0.1904860103,0.9618521426,0.0975457903,1.4173017700,-54.5334392014,0.4167430496,0.5063915832,0.9060398562,0.0000000000,-0.1611595156,-0.0395302781,-0.0000000000,0.0115764320,1.0000000000,0.1611595156,-33.8434982744,6.294,1.000000,61.5638456396,6,0.3791608903
1.408437,2.6130004970,2.4175537217,0.5083096913,0.0498153978,0.1953141009,0.4584942935,0.0991734078,0.9247097800,-59.1110387914,0.5284930679,0.5063915832,0.9060398562,0.0000000000,-0.1611595156,-0.0188432360,-0.0000000000,0.0078481585,1.0000000000,0.1611595156,-33.8434982744,6.807,1.000000,61.5638456396,7,0.3791608903
1.416747,2.6150961578,2.4206216833,-0.0049919673,0.0503508281,0.1943403741,-0.0553427954,0.1007929109,0.4104952983,-61.7057378111,0.5630963010,0.5063915832,0.9070339903,0.1192960956,-0.1449792717,0.0022744827,0.0000000000,-0.0000887590,1.0000000000,0.1611595156,-30.4456470627,7.320,1.000000,61.5638456396,7,0.3906291899
1.425131,2.6128795088,2.4236896449,-0.5226843440,0.0514535893,0.1890528265,-0.5741379334,0.1023683511,-0.1169975907,-63.2991466760,0.5139730588,0.5068594681,0.9071091443,0.0090184703,0.0546544928,0.0235959678,0.0000000000,-0.0080114851,1.0000000000,0.1611595156,11.4774434862,6.807,1.000000,61.5638456396,6,0.3849539057
1.433424,2.6064612014,2.4252236256,-1.0219993158,0.0531099533,0.1810961268,-1.0751092691,0.1023683511,-0.6332407008,-61.9491732148,0.3739505711,0.5068947534,0.9071091443,0.0000000000,0.1611595156,0.0441849287,0.0000000000,-0.0116181267,1.0000000000,0.1611595156,33.8434982744,6.294,1.000000,61.5638456396,6,0.3849539057
1.441755,2.5959417901,2.4282915872,-1.4984280512,0.0553065239,0.1675029038,-1.5537345751,0.1023683511,-1.1379563012,-60.5658720502,0.2352346546,0.5068947534,0.9071091443,0.0000000000,0.1611595156,0.0638555107,0.0000000000,-0.0127413039,1.0000000000,0.1611595156,33.8434982744,5.781,1.000000,61.5638456396,4,0.3849539057
1.450089,2.5815912001,2.4298255680,-1.9381992094,0.0580302292,0.1516110789,-1.9962294386,0.1023683511,-1.6109533044,-56.7596403858,0.1318545309,0.5068947534,0.9071091443,0.0000000000,0.1611595156,0.0820412009,0.0000000000,-0.0130574175,1.0000000000,0.1611595156,33.8434982744,5.268,1.000000,61.5638456396,4,0.3849539057
1.460307,2.5593007059,2.4344275104,-2.4112113025,0.0618486010,0.1247084728,-2.4730599035,0.1023683511,-2.1394195668,-63.4159514881,0.0591070410,0.5068947534,0.9071091443,0.0000000000,0.1611595156,0.1016380183,0.0000000000,-0.0131593481,1.0000000000,0.1611595156,33.8434982744,4.755,1.000000,61.5638456396,6,0.3849539057
1.467981,2.5396208106,2.4374954720,-2.7086607251,0.0661548632,0.1019491469,-2.7748155883,0.1023683511,-2.4848586010,-41.4526840988,0.0322232389,0.5068947534,0.9071091443,0.0000000000,0.1611595156,0.1140395982,0.0000000000,-0.0131812608,1.0000000000,0.1611595156,33.8434982744,4.242,1.000000,61.5638456396,5,0.3849539057
1.475323,2.5188513469,2.4390294527,-2.9403340412,0.0709372099,0.0796329656,-3.0112712510,0.1023683511,-2.7641470591,-33.5146149669,0.0189267480,0.5068947534,0.9071091443,0.0000000000,0.1611595156,0.1237574724,0.0000000000,-0.0131895510,1.0000000000,0.1611595156,33.8434982744,3.729,1.000000,61.5638456396,3,0.3849539057
1.483415,2.4942417780,2.4420974143,-3.1304100176,0.0761841208,0.0519414609,-3.2065941384,0.1023683511,-3.0126199246,-29.8167438617,0.0115524287,0.5068947534,0.9071091443,0.0000000000,0.1611595156,0.1317848684,0.0000000000,-0.0131933862,0.6341378477,0.1611595156,33.8434982744,3.216,1.000000,61.5638456396,4,0.3849539057
1.491700,2.4677585650,2.4451653759,-3.2496856800,0.0813040670,0.0223766502,-3.3309897470,0.1023683511,-3.1937610608,-21.7369363436,0.0080824150,0.5068947534,0.9071091443,0.0000000000,0.1611595156,0.1368972893,0.0000000000,-0.0131949625,0.0000000000,0.1611595156,33.8434982744,2.703,1.000000,61.5638456396,2,0.3849539057
1.500082,2.4402940329,2.4466993567,-3.2898642146,0.0868804083,-0.0066367143,-3.3767446228,0.1023130452,-3.2952539761,-12.1791498430,0.0067976413,0.5068947534,0.9071091443,0.0000000000,0.1611595156,0.1387777269,0.0000000000,-0.0131953892,0.0000000000,0.1611595156,33.8434982744,2.189,1.000000,61.5638456396,2,0.3849539057
1.508432,2.4129390741,2.4482333375,-3.2483990908,0.0923218134,-0.0355401461,-3.3407209042,0.1020168773,-3.3149791272,-2.3670181246,0.0069829497,0.5068947534,0.9071091443,0.0000000000,0.1611595156,0.1372972212,0.0000000000,-0.0131949480,0.1183127231,0.1611595156,33.8434982744,1.676,1.000000,61.5638456396,2,0.3849539057
1.516744,2.3863877145,2.4513012990,-3.1273642104,0.0976315475,-0.0651736088,-3.2249957580,0.1014737639,-3.2566314764,7.0017180952,0.0086643791,0.5068947534,0.9071091443,0.0000000000,0.1611595156,0.1325411396,0.0000000000,-0.0131933389,0.9684856216,0.1611595156,33.8434982744,1.163,1.000000,61.5638456396,1,0.3849539057
1.525092,2.3610581842,2.4528352798,-2.9287052694,0.1022325096,-0.0920493737,-3.0309377790,0.1007066857,-3.1148642452,17.0120677401,0.0128966644,0.5068947534,0.9071091443,0.0000000000,0.1611595156,0.1245657289,0.0000000000,-0.0131892465,1.0000000000,0.1611595156,33.8434982744,0.650,1.000000,61.5638456396,1,0.3849539057
1.533434,2.3377087468,2.4543692606,-2.6578980339,0.1067221377,-0.1169447492,-2.7646201717,0.0997321462,-2.8972273738,26.1164245726,0.0220106686,0.5068947534,0.9071091443,0.0000000000,0.1611595156,0.1136205861,0.0000000000,-0.0131786450,1.0000000000,0.1611595156,33.8434982744,0.137,1.000000,61.5638456396,1,0.3849539057
1.541863,2.3166947395,2.4543692606,-2.3176744810,0.1105228387,-0.1379688791,-2.4281973196,0.0985824055,-2.6022162998,35.4013288812,0.0415375754,0.5068947534,0.9071091443,0.0000000000,0.1611595156,0.0997942522,0.0000000000,-0.0131479705,1.0000000000,0.1611595156,33.8434982744,-0.376,1.000000,61.5638456396,0,0.3849539057
1.550088,2.2991930363,2.4543692606,-1.9293100841,0.1136512831,-0.1554789143,-2.0429613672,0.0972867479,-2.2517816986,42.0521521341,0.0795500577,0.5068947534,0.9071091443,0.0000000000,0.1611595156,0.0839617935,0.0000000000,-0.0130540016,1.0000000000,0.1611595156,33.8434982744,-0.889,1.000000,61.5638456396,0,0.3849539057
1.558379,2.2849859465,2.4543692606,-1.4910686814,0.1155434509,-0.1696910435,-1.6066121323,0.0958726559,-1.8440130212,48.9322412882,0.1490217369,0.5068947534,0.9071091443,0.0000000000,0.1611595156,0.0660286769,0.0000000000,-0.0127322979,1.0000000000,0.1611595156,33.8434982744,-1.402,1.000000,61.5638456396,0,0.3849539057
1.566751,2.2744874577,2.4543692606,-1.0116632746,0.1168095448,-0.1801929044,-1.1284728193,0.0943710483,-1.3874135240,54.7919396641,0.2581308532,0.5068947534,0.9071091443,0.0000000000,0.1611595156,0.0463780683,0.0000000000,-0.0115762258,1.0000000000,0.1611595156,33.8434982744,-1.915,1.000000,61.5638456396,0,0.3849539057
1.575092,2.2681320688,2.4513012990,-0.5089961049,0.1168844272,-0.1834805311,-0.6258805321,0.0928420439,-0.8925395693,59.3848745708,0.3939010238,0.5068947534,0.9071091443,0.0000000000,0.1611595156,0.0257224893,0.0000000000,-0.0078560441,1.0000000000,0.1611595156,33.8434982744,-2.428,1.000000,61.5638456396,-1,0.3849539057
1.583491,2.2660312755,2.4513012990,0.0097542916,0.1157969231,-0.1855784280,-0.1060426314,0.0912955570,-0.3781525820,61.7264384794,0.5067044042,0.5068947534,0.9078855951,0.0931740963,0.1294268243,0.0043581487,0.0000000000,0.0001734274,1.0000000000,0.1611595156,27.1796331073,-2.941,1.000000,61.5638456396,-1,0.3917487333
1.592826,2.2688168207,2.4482333375,0.5855034278,0.1135751598,-0.1797190039,0.4719282681,0.0897978986,0.2096853417,70.5405508424,0.5519194810,0.5072585965,0.9081408968,0.0306362042,-0.0848277131,-0.0193953466,-0.0000000000,0.0086809588,1.0000000000,0.1611595156,-17.8138197481,-2.428,1.000000,61.5638456396,-2,0.3892489598
1.600293,2.2748735601,2.4466993567,1.0339128025,0.1108268713,-0.1721209642,0.9230859312,0.0897978986,0.6754263816,55.8889247794,0.4916870829,0.5073779488,0.9081408968,0.0000000000,-0.1611595156,-0.0379370612,-0.0000000000,0.0116651650,1.0000000000,0.1611595156,-33.8434982744,-1.915,1.000000,61.5638456396,-2,0.3892489598
1.608434,2.2852039785,2.4420974143,1.4991242406,0.1069845113,-0.1571783700,1.3921397293,0.0897978986,1.1731604037,59.7280826579,0.3763027076,0.5073779488,0.9081408968,0.0000000000,-0.1611595156,-0.0572142725,-0.0000000000,0.0127421469,1.0000000000,0.1611595156,-33.8434982744,-1.402,1.000000,61.5638456396,-2,0.3892489598
1.616770,2.2995630923,2.4390294527,1.9389080347,0.1014942667,-0.1397366723,1.8374137679,0.0897978986,1.6519113466,57.4501131469,0.2511686133,0.5073779488,0.9081408968,0.0000000000,-0.1611595156,-0.0755141814,-0.0000000000,0.0130576864,1.0000000000,0.1611595156,-33.8434982744,-0.889,1.000000,61.5638456396,-1,0.3892489598
1.625115,2.3174184329,2.4328935296,2.3313365778,0.0943960131,-0.1157265036,2.2369405647,0.0897978986,2.0975223110,53.4733157233,0.1539792410,0.5073779488,0.9081408968,0.0000000000,-0.1611595156,-0.0919339664,-0.0000000000,0.0131498156,1.0000000000,0.1611595156,-33.8434982744,-0.376,1.000000,61.5638456396,-1,0.3892489598
1.633419,2.3382041369,2.4282915872,2.6646843508,0.0863089482,-0.0903173188,2.5783754026,0.0897978986,2.4877265326,46.8245065945,0.0917232591,0.5073779488,0.9081408968,0.0000000000,-0.1611595156,-0.1059662833,-0.0000000000,0.0131790157,1.0000000000,0.1611595156,-33.8434982744,0.137,1.000000,61.5638456396,-1,0.3892489598
1.641745,2.3615577133,2.4252236256,2.9335043826,0.0766767121,-0.0638701271,2.8568276706,0.0897978986,2.8169404936,39.5056753246,0.0558968797,0.5073779488,0.9081408968,0.0000000000,-0.1611595156,-0.1174101374,-0.0000000000,0.0131893733,0.9493986350,0.1611595156,-33.8434982744,0.650,1.000000,61.5638456396,-1,0.3892489598
1.650093,2.3869199296,2.4221556641,3.1306222099,0.0661169819,-0.0354118253,3.0645052280,0.0897978986,3.0792397893,31.4759154813,0.0367043169,0.5073779488,0.9081408968,0.0000000000,-0.1611595156,-0.1259452867,-0.0000000000,0.0131933894,0.1153543208,0.1611595156,-33.8434982744,1.163,1.000000,61.5638456396,3,0.3892489598
1.659326,2.4164921630,2.4206216833,3.2584289036,0.0552324885,-0.0042766222,3.2031964151,0.0897978986,3.2776906530,23.8141036445,0.0266349049,0.5073779488,0.9081408968,0.0000000000,-0.1611595156,-0.1316452285,-0.0000000000,0.0131950593,0.0000000000,0.1611595156,-33.8434982744,1.676,1.000000,61.5638456396,0,0.3892489598
1.667645,2.4437823848,2.4190877025,3.2893085572,0.0446113777,0.0245758678,3.2446971794,0.0900026975,3.3747583618,11.6481250551,0.0233474113,0.5073779488,0.9081408968,0.0000000000,-0.1611595156,-0.1333508303,-0.0000000000,0.0131953836,0.0000000000,0.1611595156,-33.8434982744,2.189,1.000000,61.5638456396,3,0.3892489598
1.675082,2.4681326316,2.4190877025,3.2485655913,0.0342472763,0.0489537175,3.2143183150,0.0904106452,3.3915450914,2.0144075529,0.0238500814,0.5073779488,0.9081408968,0.0000000000,-0.1611595156,-0.1321023172,-0.0000000000,0.0131949499,0.5328837314,0.1611595156,-33.8434982744,2.703,1.000000,61.5638456396,1,0.3892489598
1.683436,2.4948188357,2.4190877025,3.1268733609,0.0252945397,0.0756637657,3.1015788213,0.0910411766,3.3306525177,-7.3071088416,0.0286860638,0.5073779488,0.9081408968,0.0000000000,-0.1611595156,-0.1274689403,-0.0000000000,0.0131933312,1.0000000000,0.1611595156,-33.8434982744,3.216,1.000000,61.5638456396,2,0.3892489598
1.691741,2.5200178079,2.4190877025,2.9291957824,0.0177190157,0.1008829140,2.9114767667,0.0918818675,3.1897293630,-16.9107785616,0.0399405404,0.5073779488,0.9081408968,0.0000000000,-0.1611595156,-0.1196561105,-0.0000000000,0.0131892595,1.0000000000,0.1611595156,-33.8434982744,3.729,1.000000,61.5638456396,2,0.3892489598
1.700079,2.5433604760,2.4190877025,2.6586902751,0.0114873786,0.1242421789,2.6472028965,0.0929172190,2.9712438857,-26.2182572807,0.0624205994,0.5073779488,0.9081408968,0.0000000000,-0.1611595156,-0.1087949613,-0.0000000000,0.0131786886,1.0000000000,0.1611595156,-33.8434982744,4.242,1.000000,61.5638456396,3,0.3892489598
1.708556,2.5644934433,2.4206216833,2.3165095520,0.0071473963,0.1438527242,2.3093621557,0.0941159917,2.6721469024,-35.8916379916,0.1055445804,0.5073779488,0.9081408968,0.0000000000,-0.1611595156,-0.0949103549,-0.0000000000,0.0131478100,1.0000000000,0.1611595156,-33.8434982744,4.755,1.000000,61.5638456396,5,0.3892489598
1.716760,2.5819430124,2.4206216833,1.9290710164,0.0040730074,0.1613104814,1.9249980090,0.0954602457,2.3225285234,-41.9542054872,0.1774184181,0.5073779488,0.9081408968,0.0000000000,-0.1611595156,-0.0791137257,-0.0000000000,0.0130539087,1.0000000000,0.1611595156,-33.8434982744,5.268,1.000000,61.5638456396,4,0.3892489598
1.725108,2.5962338398,2.4206216833,1.4876189199,0.0022335870,0.1756062077,1.4853853329,0.0969236308,1.9117022558,-49.2991521043,0.2880629410,0.5073779488,0.9081408968,0.0000000000,-0.1611595156,-0.0610464880,-0.0000000000,0.0127280166,1.0000000000,0.1611595156,-33.8434982744,5.781,1.000000,61.5638456396,3,0.3892489598
1.733417,2.6066388098,2.4221556641,1.0116982464,0.0015992515,0.1844788864,1.0100989949,0.0984609548,1.4548616403,-54.8208738639,0.4235468952,0.5073779488,0.9081408968,0.0000000000,-0.1611595156,-0.0415131312,-0.0000000000,0.0115763694,1.0000000000,0.1611595156,-33.8434982744,6.294,1.000000,61.5638456396,5,0.3892489598
1.741761,2.6129958163,2.4236896449,0.5088735524,0.0015605528,0.1893020152,0.5073129996,0.1000384716,0.9627858385,-59.0490962156,0.5412135573,0.5073779488,0.9081408968,0.0000000000,-0.1611595156,-0.0208495912,-0.0000000000,0.0078546368,1.0000000000,0.1611595156,-33.8434982744,6.807,1.000000,61.5638456396,6,0.3892489598
1.750155,2.6150956095,2.4252236256,-0.0096394035,0.0021030779,0.1898663827,-0.0117424814,0.1016206915,0.4462707847,-61.9818064542,0.5822992154,0.5073779488,0.9081408968,0.0000000000,-0.1611595156,0.0004825935,0.0000000000,-0.0001713850,1.0000000000,0.1611595156,-33.8434982744,7.320,1.000000,61.5638456396,8,0.3892489598
1.758556,2.6128317103,2.4267576064,-0.5282528138,0.0032127623,0.1860655472,-0.5314655761,0.1031712377,-0.0793194516,-63.0708283613,0.5195864251,0.5073779488,0.9081757338,0.0041804497,0.0405093117,0.0218422157,0.0000000000,-0.0080737344,1.0000000000,0.1611595156,8.5069554528,6.807,1.000000,61.5638456396,8,0.3828999321
1.766774,2.6064446530,2.4282915872,-1.0229532642,0.0048758818,0.1781400797,-1.0278291460,0.1031712377,-0.5908948502,-61.3890478343,0.3833784344,0.5073942242,0.9081757338,0.0000000000,0.1611595156,0.0422418064,0.0000000000,-0.0116219424,1.0000000000,0.1611595156,33.8434982744,6.294,1.000000,61.5638456396,7,0.3828999321
1.775105,2.5959155581,2.4298255680,-1.4993941259,0.0070790445,0.1660711364,-1.5064731704,0.1031712377,-1.0927035269,-60.2170411951,0.2451776898,0.5073942242,0.9081757338,0.0000000000,0.1611595156,0.0619131577,0.0000000000,-0.0127424733,1.0000000000,0.1611595156,33.8434982744,5.781,1.000000,61.5638456396,5,0.3828999321
1.783424,2.5815875762,2.4328935296,-1.9382928934,0.0098091824,0.1486679216,-1.9481020758,0.1031712377,-1.5677354738,-57.0038336366,0.1389288285,0.5073942242,0.9081757338,0.0000000000,0.1611595156,0.0800632586,0.0000000000,-0.0130574530,1.0000000000,0.1611595156,33.8434982744,5.268,1.000000,61.5638456396,7,0.3828999321
1.791758,2.5637652350,2.4344275104,-2.3302700584,0.0130535438,0.1293029589,-2.3433236022,0.1031712377,-2.0001253434,-51.8867843488,0.0736730536,0.5073942242,0.9081757338,0.0000000000,0.1611595156,0.0963061052,0.0000000000,-0.0131496740,1.0000000000,0.1611595156,33.8434982744,4.755,1.000000,61.5638456396,6,0.3828999321
1.800082,2.5429319088,2.4374954720,-2.6645590666,0.0167996855,0.1053916939,-2.6813587522,0.1031712377,-2.3840548290,-46.0715382700,0.0384900457,0.5073942242,0.9081757338,0.0000000000,0.1611595156,0.1101987015,0.0000000000,-0.0131790089,1.0000000000,0.1611595156,33.8434982744,4.242,1.000000,61.5638456396,5,0.3828999321
1.808918,2.5180821010,2.4390294527,-2.9475666136,0.0210354655,0.0789966240,-2.9686020792,0.1031712377,-2.7219598086,-40.5485975522,0.0204827803,0.5073942242,0.9081757338,0.0000000000,0.1611595156,0.1220038512,0.0000000000,-0.0131897356,1.0000000000,0.1611595156,33.8434982744,3.729,1.000000,61.5638456396,4,0.3828999321
1.817194,2.4928440842,2.4405634335,-3.1388034399,0.0257490355,0.0522120727,-3.1645524754,0.1031712377,-2.9693194126,-29.6831524798,0.0126041673,0.5073942242,0.9081757338,0.0000000000,0.1611595156,0.1300570367,0.0000000000,-0.0131935144,0.6431152819,0.1611595156,33.8434982744,3.216,1.000000,61.5638456396,3,0.3828999321
1.826417,2.4632524370,2.4436313951,-3.2619509765,0.0309288340,0.0195386685,-3.2928798105,0.1031712377,-3.1603587866,-22.9247248812,0.0087164217,0.5073942242,0.9081757338,0.0000000000,0.1611595156,0.1353310440,0.0000000000,-0.0131950977,0.0000000000,0.1611595156,33.8434982744,2.703,1.000000,61.5638456396,2,0.3828999321
1.834277,2.4374599136,2.4451653759,-3.2893479734,0.0359832918,-0.0078012974,-3.3253312652,0.1031062269,-3.2453453640,-10.1983892824,0.0076103601,0.5073942242,0.9081757338,0.0000000000,0.1611595156,0.1366647365,0.0000000000,-0.0131953840,0.0000000000,0.1611595156,33.8434982744,2.189,1.000000,61.5638456396,2,0.3828999321
1.841767,2.4129335984,2.4466993567,-3.2483825442,0.0409154420,-0.0338747293,-3.2892979862,0.1028239375,-3.2596163828,-1.7125222649,0.0078598036,0.5073942242,0.9081757338,0.0000000000,0.1611595156,0.1351838379,0.0000000000,-0.0131949479,0.0823306376,0.1611595156,33.8434982744,1.676,1.000000,61.5638456396,2,0.3828999321
1.850085,2.3863645517,2.4482333375,-3.1272216094,0.0457282442,-0.0619905748,-3.1729498536,0.1023073494,-3.1977084619,7.4289505061,0.0097886336,0.5073942242,0.9081757338,0.0000000000,0.1611595156,0.1304021528,0.0000000000,-0.0131933367,0.9151000378,0.1611595156,33.8434982744,1.163,1.000000,61.5638456396,2,0.3828999321
1.858448,2.3609898018,2.4482333375,-2.9280453321,0.0498442990,-0.0873762871,-2.9778896311,0.1015792136,-3.0520431738,17.4798345725,0.0145899959,0.5073942242,0.9081757338,0.0000000000,0.1611595156,0.1223855518,0.0000000000,-0.0131892289,1.0000000000,0.1611595156,33.8434982744,0.650,1.000000,61.5638456396,1,0.3828999321
1.866786,2.3376574651,2.4497673183,-2.6571926641,0.0538607537,-0.1122533017,-2.7110534178,0.1006437695,-2.8338164489,26.1872069923,0.0247046665,0.5073942242,0.9081757338,0.0000000000,0.1611595156,0.1114190953,0.0000000000,-0.0131786061,1.0000000000,0.1611595156,33.8434982744,0.137,1.000000,61.5638456396,0,0.3828999321
1.875091,2.3169379948,2.4482333375,-2.3222846346,0.0571997310,-0.1314476840,-2.3794843656,0.0995483721,-2.5400971802,35.2463122489,0.0458978732,0.5073942242,0.9081757338,0.0000000000,0.1611595156,0.0977922432,0.0000000000,-0.0131486007,1.0000000000,0.1611595156,33.8434982744,-0.376,1.000000,61.5638456396,0,0.3828999321
1.883457,2.2991237936,2.4482333375,-1.9275060607,0.0592973373,-0.1492674718,-1.9868033980,0.0983044765,-2.1827644186,42.8799313834,0.0877650610,0.5073942242,0.9081757338,0.0000000000,0.1611595156,0.0816538087,0.0000000000,-0.0130532985,1.0000000000,0.1611595156,33.8434982744,-0.889,1.000000,61.5638456396,0,0.3828999321
1.891808,2.2848421781,2.4482333375,-1.4857268043,0.0607638985,-0.1635529932,-1.5464907027,0.0969415349,-1.7711260380,49.3966056748,0.1624577374,0.5073942242,0.9081757338,0.0000000000,0.1611595156,0.0635578015,0.0000000000,-0.0127256521,1.0000000000,0.1611595156,33.8434982744,-1.402,1.000000,61.5638456396,0,0.3828999321
1.900088,2.2744836182,2.4482333375,-1.0114392982,0.0610343973,-0.1739122735,-1.0724736955,0.0954922659,-1.3183269801,54.3358869470,0.2747483620,0.5073942242,0.9081757338,0.0000000000,0.1611595156,0.0440766117,0.0000000000,-0.0115753065,1.0000000000,0.1611595156,33.8434982744,-1.915,1.000000,61.5638456396,0,0.3828999321
1.908433,2.2681285355,2.4466993567,-0.5085706296,0.0607180633,-0.1787325329,-0.5692886928,0.0940028282,-0.8257655441,59.1073723212,0.4098526650,0.5073942242,0.9081757338,0.0000000000,0.1611595156,0.0233966733,0.0000000000,-0.0078511572,1.0000000000,0.1611595156,33.8434982744,-2.428,1.000000,61.5638456396,-1,0.3828999321
1.916785,2.2660309440,2.4466993567,0.0073507346,0.0598290966,-0.1808277568,-0.0524783620,0.0924959302,-0.3143645352,61.3681210699,0.5161546615,0.5073942242,0.9087201119,0.0653253627,0.1077246416,0.0021567600,0.0000000000,0.0001306964,1.0000000000,0.1611595156,22.6221747285,-2.941,1.000000,61.5638456396,-2,0.3857344916
1.925382,2.2683805103,2.4436313951,0.5380493110,0.0583813538,-0.1754063732,0.4796679571,0.0910342104,0.2268411496,64.9446821709,0.5474304088,0.5076482115,0.9090169736,0.0356234088,-0.0912532542,-0.0197134330,-0.0000000000,0.0081818687,1.0000000000,0.1611595156,-19.1631833779,-2.428,1.000000,61.5638456396,-3,0.3841488331
1.933441,2.2746827638,2.4405634335,1.0229849338,0.0563883562,-0.1660308501,0.9665965776,0.0910342104,0.7317647780,60.5908354083,0.4811743677,0.5077864488,0.9090169736,0.0000000000,-0.1611595156,-0.0397252653,-0.0000000000,0.0116220689,1.0000000000,0.1611595156,-33.8434982744,-1.915,1.000000,61.5638456396,-2,0.3841488331
1.941768,2.2852055611,2.4374954720,1.4991825132,0.0532830106,-0.1524318206,1.4458995026,0.0910342104,1.2371691420,60.6485236854,0.3597009437,0.5077864488,0.9090169736,0.0000000000,-0.1611595156,-0.0594236961,-0.0000000000,0.0127422174,1.0000000000,0.1611595156,-33.8434982744,-1.402,1.000000,61.5638456396,-1,0.3841488331
1.950088,2.2995341222,2.4344275104,1.9381592731,0.0490922334,-0.1350241366,1.8890670397,0.0910342104,1.7137482989,57.1894988323,0.2367300870,0.5077864488,0.9090169736,0.0000000000,-0.1611595156,-0.0776370318,-0.0000000000,0.0130574023,1.0000000000,0.1611595156,-33.8434982744,-0.889,1.000000,61.5638456396,-1,0.3841488331
1.958423,2.3173587829,2.4298255680,2.3302165364,0.0438422899,-0.1125835512,2.2863742465,0.0910342104,2.1541270771,52.8454533805,0.1435776497,0.5077864488,0.9090169736,0.0000000000,-0.1611595156,-0.0939655959,-0.0000000000,0.0131496669,1.0000000000,0.1611595156,-33.8434982744,-0.376,1.000000,61.5638456396,-1,0.3841488331
1.967141,2.3392418039,2.4252236256,2.6787380644,0.0375588099,-0.0860818529,2.6411792546,0.0910342104,2.5597983961,48.6805582794,0.0827296384,0.5077864488,0.9090169736,0.0000000000,-0.1611595156,-0.1085474012,-0.0000000000,0.0131797623,1.0000000000,0.1611595156,-33.8434982744,0.137,1.000000,61.5638456396,-1,0.3841488331
1.975652,2.3632451532,2.4236896449,2.9494360694,0.0302668027,-0.0605251019,2.9191692667,0.0910342104,2.8868410246,39.2451154234,0.0499071783,0.5077864488,0.9090169736,0.0000000000,-0.1611595156,-0.1199722575,-0.0000000000,0.0131897828,0.8833540922,0.1611595156,-33.8434982744,0.650,1.000000,61.5638456396,-5,0.3841488331
1.983422,2.3869062479,2.4221556641,3.1305389014,0.0219906728,-0.0353079844,3.1085482286,0.0910342104,3.1246207240,28.5335639199,0.0338165584,0.5077864488,0.9090169736,0.0000000000,-0.1611595156,-0.1277553695,-0.0000000000,0.0131933882,0.1129821949,0.1611595156,-33.8434982744,1.163,1.000000,61.5638456396,0,0.3841488331
1.992662,2.4164992816,2.4206216833,3.2584475855,0.0133345211,-0.0041579158,3.2451130644,0.0910342104,3.3209737686,23.5623653597,0.0245623407,0.5077864488,0.9090169736,0.0000000000,-0.1611595156,-0.1333679223,-0.0000000000,0.0131950595,0.0000000000,0.1611595156,-33.8434982744,1.676,1.000000,61.5638456396,1,0.3841488331
2.000074,2.4408056631,2.4206216833,3.2898649652,0.0054681180,0.0201694165,3.2843968472,0.0912022889,3.4071052683,10.3357799571,0.0217453641,0.5077864488,0.9090169736,0.0000000000,-0.1611595156,-0.1349824105,-0.0000000000,0.0131953892,0.0000000000,0.1611595156,-33.8434982744,2.189,1.000000,61.5638456396,1,0.3841488331
2.008409,2.4681121156,2.4206216833,3.2486274301,-0.0016276468,0.0474947672,3.2502550769,0.0915980786,3.4257752116,2.2403931923,0.0222727891,0.5077864488,0.9090169736,0.0000000000,-0.1611595156,-0.1335792492,-0.0000000000,0.0131949506,0.4827528691,0.1611595156,-33.8434982744,2.703,1.000000,61.5638456396,2,0.3841488331
2.016757,2.4947799786,2.4206216833,3.1271128208,-0.0079714212,0.0741795258,3.1350842420,0.0922162413,3.3623913655,-7.6060615287,0.0269455694,0.5077864488,0.9090169736,0.0000000000,-0.1611595156,-0.1288459488,-0.0000000000,0.0131933350,1.0000000000,0.1611595156,-33.8434982744,3.216,1.000000,61.5638456396,3,0.3841488331
2.025135,2.5201944300,2.4206216833,2.9274911707,-0.0130011146,0.0996073729,2.9404922853,0.0930463028,3.2173690871,-17.4026734010,0.0379017244,0.5077864488,0.9090169736,0.0000000000,-0.1611595156,-0.1208485926,-0.0000000000,0.0131892141,1.0000000000,0.1611595156,-33.8434982744,3.729,1.000000,61.5638456396,3,0.3841488331
2.033393,2.5433111342,2.4221556641,2.6593678710,-0.0167485250,0.1212000768,2.6761163960,0.0940563034,2.9953675757,-26.6401813672,0.0594963305,0.5077864488,0.9090169736,0.0000000000,-0.1611595156,-0.1099832507,-0.0000000000,0.0131787259,1.0000000000,0.1611595156,-33.8434982744,4.242,1.000000,61.5638456396,5,0.3841488331
2.041756,2.5641845721,2.4221556641,2.3223659673,-0.0186643938,0.1420786173,2.3410303611,0.0952402919,2.7014454222,-35.2706584256,0.1004840645,0.5077864488,0.9090169736,0.0000000000,-0.1611595156,-0.0962118574,-0.0000000000,0.0131486117,1.0000000000,0.1611595156,-33.8434982744,4.755,1.000000,61.5638456396,4,0.3841488331
2.050098,2.5819521203,2.4221556641,1.9288338254,-0.0193733279,0.1598480537,1.9482071533,0.0965723590,2.3439549825,-42.8988527578,0.1716903148,0.5077864488,0.9090169736,0.0000000000,-0.1611595156,-0.0800675771,-0.0000000000,0.0130538163,1.0000000000,0.1611595156,-33.8434982744,5.268,1.000000,61.5638456396,3,0.3841488331
2.058424,2.5962089005,2.4236896449,1.4885458143,-0.0189045327,0.1725696045,1.5074503470,0.0980104390,1.9289398692,-49.8018136018,0.2804071358,0.5077864488,0.9090169736,0.0000000000,-0.1611595156,-0.0619533178,-0.0000000000,0.0127291707,1.0000000000,0.1611595156,-33.8434982744,5.781,1.000000,61.5638456396,3,0.3841488331
2.066845,2.6067344311,2.4252236256,1.0061040382,-0.0184470813,0.1815599360,1.0245511195,0.0995234385,1.4646897797,-55.7100107435,0.4162051073,0.5077864488,0.9090169736,0.0000000000,-0.1611595156,-0.0421070858,-0.0000000000,0.0115532624,1.0000000000,0.1611595156,-33.8434982744,6.294,1.000000,61.5638456396,4,0.3841488331
2.075087,2.6129921486,2.4267576064,0.5093149299,-0.0174204121,0.1862809383,0.5267353421,0.1010757797,0.9773649920,-58.4789745256,0.5321477668,0.5077864488,0.9090169736,0.0000000000,-0.1611595156,-0.0216478122,-0.0000000000,0.0078597038,1.0000000000,0.1611595156,-33.8434982744,6.807,1.000000,61.5638456396,7,0.3841488331
2.083425,2.6150960955,2.4282915872,-0.0057142472,-0.0158382989,0.1868466907,0.0101240517,0.1026328354,0.4632736110,-61.6909657097,0.5749338347,0.5077864488,0.9090169736,0.0000000000,-0.1611595156,-0.0004160791,-0.0000000000,-0.0001016009,1.0000000000,0.1611595156,-33.8434982744,7.320,1.000000,61.5638456396,7,0.3841488331
2.091754,2.6129022067,2.4298255680,-0.5200186405,-0.0137141824,0.1831131640,-0.5063044582,0.1041587784,-0.0589155099,-62.6626945161,0.5162777761,0.5077864488,0.9090360974,0.0022948531,0.0326057508,0.0208081421,0.0000000000,-0.0079814839,1.0000000000,0.1611595156,6.8472076683,6.807,1.000000,61.5638456396,8,0.3776197317
2.100172,2.6063785122,2.4328935296,-1.0267562041,-0.0110611778,0.1735144421,-1.0156950262,0.1041587784,-0.5867294849,-63.3376769926,0.3783762533,0.5077953475,0.9090360974,0.0000000000,0.1611595156,0.0417431173,0.0000000000,-0.0116370682,1.0000000000,0.1611595156,33.8434982744,6.294,1.000000,61.5638456396,7,0.3776197317
2.108422,2.5959405699,2.4344275104,-1.4984730078,-0.0078920833,0.1615340786,-1.4905809245,0.1041587784,-1.0846100187,-59.7456640601,0.2432142278,0.5077953475,0.9090360974,0.0000000000,0.1611595156,0.0612600168,0.0000000000,-0.0127413583,1.0000000000,0.1611595156,33.8434982744,5.781,1.000000,61.5638456396,5,0.3776197317
2.116758,2.5815863926,2.4374954720,-1.9383234917,-0.0036390999,0.1441006127,-1.9346843918,0.1041587784,-1.5621745906,-57.3077486242,0.1376266640,0.5077953475,0.9090360974,0.0000000000,0.1611595156,0.0795118175,0.0000000000,-0.0130574646,1.0000000000,0.1611595156,33.8434982744,5.268,1.000000,61.5638456396,4,0.3776197317
2.125032,2.5639029039,2.4390294527,-2.3276810546,0.0010912572,0.1248705448,-2.3287723118,0.1041587784,-1.9931719419,-51.7196821616,0.0732223768,0.5077953475,0.9090360974,0.0000000000,0.1611595156,0.0957080751,0.0000000000,-0.0131493286,1.0000000000,0.1611595156,33.8434982744,4.755,1.000000,61.5638456396,5,0.3776197317
2.134417,2.5402469735,2.4420974143,-2.7004864713,0.0062874366,0.0981328137,-2.7067739079,0.1041587784,-2.4224928807,-51.5185126590,0.0352890809,0.5077953475,0.9090360974,0.0000000000,0.1611595156,0.1112432156,0.0000000000,-0.0131808633,1.0000000000,0.1611595156,33.8434982744,4.242,1.000000,61.5638456396,5,0.3776197317
2.142570,2.5171405980,2.4451653759,-2.9562979040,0.0119381662,0.0719434269,-2.9682360703,0.1041587784,-2.7342219157,-37.4074841951,0.0196644446,0.5077953475,0.9090360974,0.0000000000,0.1611595156,0.1219888090,0.0000000000,-0.0131899538,1.0000000000,0.1611595156,33.8434982744,3.729,1.000000,61.5638456396,5,0.3776197317
2.150082,2.4942406219,2.4482333375,-3.1304170616,0.0174521597,0.0459608037,-3.1478692213,0.1041587784,-2.9637250855,-27.5403803771,0.0125321307,0.5077953475,0.9090360974,0.0000000000,0.1611595156,0.1293713869,0.0000000000,-0.0131933863,0.4302191636,0.1611595156,33.8434982744,3.216,1.000000,61.5638456396,2,0.3776197317
2.158415,2.4676007640,2.4497673183,-3.2501534889,0.0234130130,0.0177710894,-3.2735665019,0.1041587784,-3.1435285881,-21.5764203138,0.0088215886,0.5077953475,0.9090360974,0.0000000000,0.1611595156,0.1345373040,0.0000000000,-0.0131949677,0.0000000000,0.1611595156,33.8434982744,2.703,1.000000,61.5638456396,2,0.3776197317
2.167022,2.4393940806,2.4513012990,-3.2897942940,0.0292296258,-0.0119850664,-3.3190239198,0.1040589029,-3.2461907777,-12.3194627481,0.0074273075,0.5077953475,0.9090360974,0.0000000000,0.1611595156,0.1364055167,0.0000000000,-0.0131953885,0.0000000000,0.1611595156,33.8434982744,2.189,1.000000,61.5638456396,2,0.3776197317
2.175088,2.4129750464,2.4528352798,-3.2485077091,0.0349054883,-0.0399531980,-3.2834131974,0.1037259596,-3.2645676165,-2.2052206557,0.0076312751,0.5077953475,0.9090360974,0.0000000000,0.1611595156,0.1349419843,0.0000000000,-0.0131949493,0.2360180063,0.1611595156,33.8434982744,1.676,1.000000,61.5638456396,2,0.3776197317
2.183436,2.3863091914,2.4559032414,-3.1268805127,0.0404440064,-0.0697017654,-3.1673245191,0.1031451115,-3.2061121142,7.0146602798,0.0094446471,0.5077953475,0.9090360974,0.0000000000,0.1611595156,0.1301709623,0.0000000000,-0.0131933314,0.9999804767,0.1611595156,33.8434982744,1.163,1.000000,61.5638456396,2,0.3776197317
2.191756,2.3610659385,2.4559032414,-2.9287800588,0.0458485037,-0.0949594122,-2.9746285625,0.1023537831,-3.0626234876,17.2186351837,0.0140107027,0.5077953475,0.9090360974,0.0000000000,0.1611595156,0.1222515281,0.0000000000,-0.0131892485,1.0000000000,0.1611595156,33.8434982744,0.650,1.000000,61.5638456396,1,0.3776197317
2.200076,2.3377736308,2.4574372222,-2.6587897274,0.0505419358,-0.1197982008,-2.7093316632,0.1013554648,-2.8459206136,26.0043448842,0.0236739941,0.5077953475,0.9090360974,0.0000000000,0.1611595156,0.1113483345,0.0000000000,-0.0131786941,1.0000000000,0.1611595156,33.8434982744,0.137,1.000000,61.5638456396,1,0.3776197317
2.208424,2.3169401460,2.4574372222,-2.3223253233,0.0545415090,-0.1406423378,-2.3768668323,0.1001834453,-2.5545426079,34.9653606842,0.0439195955,0.5077953475,0.9090360974,0.0000000000,0.1611595156,0.0976846676,0.0000000000,-0.0131486062,1.0000000000,0.1611595156,33.8434982744,-0.376,1.000000,61.5638456396,0,0.3776197317
2.216762,2.2991783184,2.4574372222,-1.9289268449,0.0578640135,-0.1584130143,-1.9867908584,0.0988633368,-2.1997907688,42.5702206930,0.0838446638,0.5077953475,0.9090360974,0.0000000000,0.1611595156,0.0816532933,0.0000000000,-0.0130538526,1.0000000000,0.1611595156,33.8434982744,-0.889,1.000000,61.5638456396,0,0.3776197317
2.225224,2.2847199041,2.4574372222,-1.4811645113,0.0605258327,-0.1728785179,-1.5416903440,0.0974226825,-1.7837815921,49.9211012065,0.1567145066,0.5077953475,0.9090360974,0.0000000000,0.1611595156,0.0633605160,0.0000000000,-0.0127199027,1.0000000000,0.1611595156,33.8434982744,-1.402,1.000000,61.5638456396,0,0.3776197317
2.233447,2.2744576773,2.4559032414,-1.0099246126,0.0619626668,-0.1816105906,-1.0718872794,0.0959092609,-1.3321323626,54.1979075387,0.2656135701,0.5077953475,0.9090360974,0.0000000000,0.1611595156,0.0440525111,0.0000000000,-0.0115690764,1.0000000000,0.1611595156,33.8434982744,-1.915,1.000000,61.5638456396,0,0.3776197317
2.241767,2.2681278766,2.4559032414,-0.5084912477,0.0627844451,-0.1879425800,-0.5712756928,0.0943430727,-0.8451165834,58.4418935022,0.3959402436,0.5077953475,0.9090360974,0.0000000000,0.1611595156,0.0234783352,0.0000000000,-0.0078502451,1.0000000000,0.1611595156,33.8434982744,-2.428,1.000000,61.5638456396,-2,0.3776197317
2.250087,2.2660307431,2.4543692606,0.0053961439,0.0624257635,-0.1885047774,-0.0570296196,0.0927721996,-0.3333963219,61.4064313737,0.5023597189,0.5077953475,0.9096356065,0.0719410998,0.1120131148,0.0023438080,0.0000000000,0.0000959451,1.0000000000,0.1611595156,23.5227541092,-2.941,1.000000,61.5638456396,-1,0.3816132533
2.258422,2.2682250068,2.4513012990,0.5200594421,0.0609151867,-0.1832385289,0.4591442554,0.0912452119,0.1914790474,62.9850443210,0.5386049620,0.5080739145,0.9098444309,0.0250589170,-0.0773797808,-0.0188699482,-0.0000000000,0.0079819441,1.0000000000,0.1611595156,-16.2497539576,-2.428,1.000000,61.5638456396,-2,0.3785524982
2.266755,2.2746624851,2.4497673183,1.0218158593,0.0588608755,-0.1752615986,0.9629549838,0.0912452119,0.7106003803,62.2945599518,0.4724427478,0.5081707649,0.9098444309,0.0000000000,-0.1611595156,-0.0395756027,-0.0000000000,0.0116173919,1.0000000000,0.1611595156,-33.8434982744,-1.915,1.000000,61.5638456396,-1,0.3785524982
2.275081,2.2851744510,2.4466993567,1.4980364927,0.0556956998,-0.1616732413,1.4423407928,0.0912452119,1.2160671446,60.6560117093,0.3552618100,0.5081707649,0.9098444309,0.0000000000,-0.1611595156,-0.0592774400,-0.0000000000,0.0127408290,1.0000000000,0.1611595156,-33.8434982744,-1.402,1.000000,61.5638456396,-1,0.3785524982
2.283418,2.2995273752,2.4405634335,1.9379848244,0.0514465405,-0.1411730771,1.8865382839,0.0912452119,1.6996118396,58.0253633968,0.2350840988,0.5081707649,0.9098444309,0.0000000000,-0.1611595156,-0.0775331048,-0.0000000000,0.0130573360,1.0000000000,0.1611595156,-33.8434982744,-0.889,1.000000,61.5638456396,-1,0.3785524982
2.291756,2.3173584792,2.4374954720,2.3302108310,0.0461396276,-0.1202598774,2.2840712034,0.0912452119,2.1372847268,52.5207464697,0.1431653912,0.5081707649,0.9098444309,0.0000000000,-0.1611595156,-0.0938709453,-0.0000000000,0.0131496662,1.0000000000,0.1611595156,-33.8434982744,-0.376,1.000000,61.5638456396,-1,0.3785524982
2.300077,2.3381810417,2.4328935296,2.6643690822,0.0392202693,-0.0948169441,2.6251488129,0.0912452119,2.5271964956,46.7894122512,0.0848136011,0.5081707649,0.9098444309,0.0000000000,-0.1611595156,-0.1078885808,-0.0000000000,0.0131789986,1.0000000000,0.1611595156,-33.8434982744,0.137,1.000000,61.5638456396,-1,0.3785524982
2.308485,2.3617719877,2.4282915872,2.9355513147,0.0313077709,-0.0666029822,2.9042435438,0.0912452119,2.8604439883,39.9896991262,0.0513472321,0.5081707649,0.9098444309,0.0000000000,-0.1611595156,-0.1193588389,-0.0000000000,0.0131894269,0.9845579141,0.1611595156,-33.8434982744,0.650,1.000000,61.5638456396,-1,0.3785524982
2.316755,2.3869072893,2.4267576064,3.1305452435,0.0224261644,-0.0399100452,3.1081190791,0.0912452119,3.1155528905,30.6130682725,0.0339102454,0.5081707649,0.9098444309,0.0000000000,-0.1611595156,-0.1277377323,-0.0000000000,0.0131933882,0.2347372492,0.1611595156,-33.8434982744,1.163,1.000000,61.5638456396,0,0.3785524982
2.325091,2.4135578228,2.4252236256,3.2502471872,0.0131791874,-0.0117009033,3.2370679998,0.0912452119,3.2986453218,21.9710917497,0.0251784158,0.5081707649,0.9098444309,0.0000000000,-0.1611595156,-0.1330372856,-0.0000000000,0.0131949688,0.0000000000,0.1611595156,-33.8434982744,1.676,1.000000,61.5638456396,1,0.3785524982
2.333430,2.4408815099,2.4252236256,3.2898626704,0.0035756812,0.0156483610,3.2862869892,0.0913756149,3.4004775061,12.2198621139,0.0217517083,0.5081707649,0.9098444309,0.0000000000,-0.1611595156,-0.1350600917,-0.0000000000,0.0131953892,0.0000000000,0.1611595156,-33.8434982744,2.189,1.000000,61.5638456396,2,0.3785524982
2.341842,2.4684375289,2.4236896449,3.2476410099,-0.0052151523,0.0447617737,3.2528561623,0.0917486296,3.4232693527,2.7350215950,0.0221959848,0.5081707649,0.9098444309,0.0000000000,-0.1611595156,-0.1336861488,-0.0000000000,0.0131949395,0.3896113449,0.1611595156,-33.8434982744,2.703,1.000000,61.5638456396,1,0.3785524982
2.350160,2.4949988876,2.4236896449,3.1257612964,-0.0126326910,0.0713428877,3.1383939874,0.0923431537,3.3603734645,-7.5475065884,0.0267990951,0.5081707649,0.9098444309,0.0000000000,-0.1611595156,-0.1289819730,-0.0000000000,0.0131933139,1.0000000000,0.1611595156,-33.8434982744,3.216,1.000000,61.5638456396,3,0.3785524982
2.358417,2.5200439509,2.4252236256,2.9289437735,-0.0187101656,0.0948701564,2.9476539391,0.0931337384,3.2155188421,-17.3825546836,0.0374563719,0.5081707649,0.9098444309,0.0000000000,-0.1611595156,-0.1211429229,-0.0000000000,0.0131892528,1.0000000000,0.1611595156,-33.8434982744,3.729,1.000000,61.5638456396,2,0.3785524982
2.366752,2.5433789858,2.4252236256,2.6584359572,-0.0234800032,0.1182178949,2.6819159604,0.0941188875,2.9955008974,-26.4021533643,0.0587939102,0.5081707649,0.9098444309,0.0000000000,-0.1611595156,-0.1102216017,-0.0000000000,0.0131786746,1.0000000000,0.1611595156,-33.8434982744,4.242,1.000000,61.5638456396,2,0.3785524982
2.375084,2.5641722273,2.4252236256,2.3225994227,-0.0263935584,0.1390188962,2.3489929811,0.0952773783,2.7035694906,-35.0317688113,0.0989004675,0.5081707649,0.9098444309,0.0000000000,-0.1611595156,-0.0965391058,-0.0000000000,0.0131486434,1.0000000000,0.1611595156,-33.8434982744,4.755,1.000000,61.5638456396,4,0.3785524982
2.383422,2.5819344726,2.4252236256,1.9292933743,-0.0280760370,0.1567856225,1.9573694113,0.0965839251,2.3472499836,-42.7583408395,0.1687089464,0.5081707649,0.9098444309,0.0000000000,-0.1611595156,-0.0804441283,-0.0000000000,0.0130539951,1.0000000000,0.1611595156,-33.8434982744,5.268,1.000000,61.5638456396,6,0.3785524982
2.391759,2.5962107740,2.4267576064,1.4884762075,-0.0285572285,0.1695292247,1.5170334359,0.0979966687,1.9326746911,-49.7490351028,0.2755443154,0.5081707649,0.9098444309,0.0000000000,-0.1611595156,-0.0623471643,-0.0000000000,0.0127290841,1.0000000000,0.1611595156,-33.8434982744,5.781,1.000000,61.5638456396,5,0.3785524982
2.400082,2.6066368605,2.4282915872,1.0118119336,-0.0278662015,0.1784194899,1.0396781351,0.0994834978,1.4737523625,-55.0706794390,0.4077986605,0.5081707649,0.9098444309,0.0000000000,-0.1611595156,-0.0427287771,-0.0000000000,0.0115768358,1.0000000000,0.1611595156,-33.8434982744,6.294,1.000000,61.5638456396,5,0.3785524982
2.408428,2.6129958348,2.4282915872,0.5088713264,-0.0271918959,0.1847766683,0.5360632223,0.1010233033,0.9837573059,-58.7994067883,0.5242592987,0.5081707649,0.9098444309,0.0000000000,-0.1611595156,-0.0220311702,-0.0000000000,0.0078546112,1.0000000000,0.1611595156,-33.8434982744,6.807,1.000000,61.5638456396,5,0.3785524982
2.416776,2.6150959907,2.4298255680,-0.0067558495,-0.0259536199,0.1853395456,0.0191977704,0.1025677995,0.4693946778,-61.7235153675,0.5671673381,0.5081707649,0.9098444309,0.0000000000,-0.1611595156,-0.0007889915,-0.0000000000,-0.0001201199,1.0000000000,0.1611595156,-33.8434982744,7.320,1.000000,61.5638456396,6,0.3785524982
2.425132,2.6128789668,2.4313595488,-0.5227478342,-0.0241650204,0.1815837772,-0.4985828138,0.1040809977,-0.0542009450,-62.8314747431,0.5096794018,0.5081707649,0.9098604549,0.0019228845,0.0305069506,0.0204907973,0.0000000000,-0.0080121980,1.0000000000,0.1611595156,6.4064596260,6.807,1.000000,61.5638456396,7,0.3720718966
2.433417,2.6064686390,2.4328935296,-1.0215702496,-0.0218394141,0.1736332748,-0.9997308356,0.1040809977,-0.5706088465,-61.9689481788,0.3770003933,0.5081781928,0.9098604549,0.0000000000,0.1611595156,0.0410870197,0.0000000000,-0.0116164076,1.0000000000,0.1611595156,33.8434982744,6.294,1.000000,61.5638456396,6,0.3720718966
2.441971,2.5956168714,2.4359614912,-1.5103392259,-0.0189897954,0.1597059561,-1.4913494305,0.1040809977,-1.0889589857,-62.2020166976,0.2381785967,0.5081781928,0.9098604549,0.0000000000,0.1611595156,0.0612916010,0.0000000000,-0.0127555196,1.0000000000,0.1611595156,33.8434982744,5.781,1.000000,61.5638456396,6,0.3720718966
2.450139,2.5814935094,2.4374954720,-1.9407222742,-0.0156288445,0.1440396621,-1.9250934297,0.1040809977,-1.5527722496,-55.6575916708,0.1369646620,0.5081781928,0.9098604549,0.0000000000,0.1611595156,0.0791176474,0.0000000000,-0.0130583723,1.0000000000,0.1611595156,33.8434982744,5.268,1.000000,61.5638456396,5,0.3720718966
2.458418,2.5637790450,2.4390294527,-2.3300106081,-0.0117689344,0.1247809367,-2.3182416737,0.1040809977,-1.9828849290,-51.6135215262,0.0730977728,0.5081781928,0.9098604549,0.0000000000,0.1611595156,0.0952752861,0.0000000000,-0.0131496395,1.0000000000,0.1611595156,33.8434982744,4.755,1.000000,61.5638456396,4,0.3720718966
2.466759,2.5429053618,2.4420974143,-2.6649213707,-0.0074221391,0.1008277150,-2.6574992316,0.1040809977,-2.3681173526,-46.2278908370,0.0382095707,0.5081781928,0.9098604549,0.0000000000,0.1611595156,0.1092181209,0.0000000000,-0.0131790285,1.0000000000,0.1611595156,33.8434982744,4.242,1.000000,61.5638456396,5,0.3720718966
2.475080,2.5195650243,2.4436313951,-2.9335438965,-0.0026002401,0.0759405545,-2.9309436564,0.1040809977,-2.6893292084,-38.5454226941,0.0210425711,0.5081781928,0.9098604549,0.0000000000,0.1611595156,0.1204561623,0.0000000000,-0.0131893743,1.0000000000,0.1611595156,33.8434982744,3.729,1.000000,61.5638456396,4,0.3720718966
2.483422,2.4942185342,2.4466993567,-3.1305515982,0.0021049788,0.0475135713,-3.1326565770,0.1040809977,-2.9456037555,-30.7529456547,0.0127621171,0.5081781928,0.9098604549,0.0000000000,0.1611595156,0.1287461764,0.0000000000,-0.0131933883,0.4833989752,0.1611595156,33.8434982744,3.216,1.000000,61.5638456396,4,0.3720718966
2.491749,2.4675992603,2.4482333375,-3.2501579334,0.0072766281,0.0193465428,-3.2574345616,0.1040809977,-3.1244444198,-21.4608797098,0.0090158452,0.5081781928,0.9098604549,0.0000000000,0.1611595156,0.1338743122,0.0000000000,-0.0131949678,0.0000000000,0.1611595156,33.8434982744,2.703,1.000000,61.5638456396,4,0.3720718966
2.500075,2.4403151144,2.4482333375,-3.2898648039,0.0123231341,-0.0079510436,-3.3021879380,0.1040147390,-3.2216527266,-11.6649968181,0.0076643900,0.5081781928,0.9098604549,0.0000000000,0.1611595156,0.1357135902,0.0000000000,-0.0131953892,0.0000000000,0.1611595156,33.8434982744,2.189,1.000000,61.5638456396,2,0.3720718966
2.508484,2.4127702908,2.4497673183,-3.2478875110,0.0172475248,-0.0370429631,-3.2651350358,0.1037060476,-3.2407220039,-2.2883132781,0.0078840557,0.5081781928,0.9098604549,0.0000000000,0.1611595156,0.1341907870,0.0000000000,-0.0131949423,0.1550840698,0.1611595156,33.8434982744,1.676,1.000000,61.5638456396,2,0.3720718966
2.516760,2.3863367567,2.4513012990,-3.1270504014,0.0220527553,-0.0650232760,-3.1491031567,0.1031641870,-3.1788934760,7.4194233507,0.0098032605,0.5081781928,0.9098604549,0.0000000000,0.1611595156,0.1294220993,0.0000000000,-0.0131933340,0.9664932920,0.1611595156,33.8434982744,1.163,1.000000,61.5638456396,1,0.3720718966
2.525096,2.3610462529,2.4513012990,-2.9285901756,0.0261614216,-0.0903247224,-2.9547515973,0.1024114810,-3.0337977434,17.4114879086,0.0145643888,0.5081781928,0.9098604549,0.0000000000,0.1611595156,0.1214346230,0.0000000000,-0.0131892434,1.0000000000,0.1611595156,33.8434982744,0.650,1.000000,61.5638456396,1,0.3720718966
2.533423,2.3377358194,2.4528352798,-2.6582701944,0.0295903793,-0.1151782691,-2.6878605737,0.1014516621,-2.8154936136,26.1964955753,0.0246072110,0.5081781928,0.9098604549,0.0000000000,0.1611595156,0.1104659139,0.0000000000,-0.0131786655,1.0000000000,0.1611595156,33.8434982744,0.137,1.000000,61.5638456396,0,0.3720718966
2.542082,2.3161866031,2.4513012990,-2.3079852282,0.0329363632,-0.1352024161,-2.3409215914,0.1003249753,-2.5080258495,36.8961316987,0.0468273700,0.5081781928,0.9098604549,0.0000000000,0.1611595156,0.0962073872,0.0000000000,-0.0131466203,1.0000000000,0.1611595156,33.8434982744,-0.376,1.000000,61.5638456396,0,0.3720718966
2.550088,2.2991928954,2.4513012990,-1.9293064173,0.0356210937,-0.1522032741,-1.9649275111,0.0990566146,-2.1658306856,41.0634196642,0.0866860850,0.5081781928,0.9098604549,0.0000000000,0.1611595156,0.0807547517,0.0000000000,-0.0130540002,1.0000000000,0.1611595156,33.8434982744,-0.889,1.000000,61.5638456396,0,0.3720718966
2.558420,2.2849245837,2.4513012990,-1.4887916253,0.0370802847,-0.1664754721,-1.5258719100,0.0976693190,-1.7554462565,49.2461314914,0.1596690065,0.5081781928,0.9098604549,0.0000000000,0.1611595156,0.0627104087,0.0000000000,-0.0127294763,1.0000000000,0.1611595156,33.8434982744,-1.402,1.000000,61.5638456396,0,0.3720718966
2.566748,2.2744904191,2.4513012990,-1.0118359887,0.0379238789,-0.1769118835,-1.0497598676,0.0961950533,-1.3007232273,54.5667634982,0.2697157257,0.5081781928,0.9098604549,0.0000000000,0.1611595156,0.0431431170,0.0000000000,-0.0115769345,1.0000000000,0.1611595156,33.8434982744,-1.915,1.000000,61.5638456396,0,0.3720718966
2.575097,2.2681298639,2.4497673183,-0.5087306382,0.0381667725,-0.1817391048,-0.5468974108,0.0946805608,-0.8085207746,59.0642943259,0.4006895971,0.5081781928,0.9098604549,0.0000000000,0.1611595156,0.0224764346,0.0000000000,-0.0078529954,1.0000000000,0.1611595156,33.8434982744,-2.428,1.000000,61.5638456396,-1,0.3720718966
2.583458,2.2660309901,2.4497673183,0.0077296510,0.0372432141,-0.1838355189,-0.0295135631,0.0931485981,-0.2965716175,61.4338988511,0.5027776931,0.5081781928,0.9103351489,0.0569632829,0.0989574927,0.0012129508,0.0000000000,0.0001374331,1.0000000000,0.1611595156,20.7810734648,-2.941,1.000000,61.5638456396,-2,0.3740560507
2.592156,2.2684383507,2.4466993567,0.5445851217,0.0363420038,-0.1783577964,0.5082431178,0.0916622832,0.2503299117,65.6281835023,0.5296499151,0.5083979849,0.9106873869,0.0422685552,-0.0984784919,-0.0208878173,-0.0000000000,0.0082530351,1.0000000000,0.1611595156,-20.6804833041,-2.428,1.000000,61.5638456396,-1,0.3738226877
2.600102,2.2746768911,2.4451653759,1.0226465234,0.0348823138,-0.1705813876,0.9877642096,0.0916622832,0.7447767347,59.3336187631,0.4658659351,0.5085607634,0.9106873869,0.0000000000,-0.1611595156,-0.0405952143,-0.0000000000,0.0116207164,1.0000000000,0.1611595156,-33.8434982744,-1.915,1.000000,61.5638456396,-2,0.3738226877
2.608432,2.2852005637,2.4405634335,1.4989984933,0.0322973707,-0.1554488882,1.4667011226,0.0916622832,1.2527583683,60.9577960349,0.3480770700,0.5085607634,0.9106873869,0.0000000000,-0.1611595156,-0.0602786028,-0.0000000000,0.0127419948,1.0000000000,0.1611595156,-33.8434982744,-1.402,1.000000,61.5638456396,-1,0.3738226877
2.616758,2.2995404745,2.4374954720,1.9383234917,0.0286144034,-0.1380312068,1.9097090883,0.0916622832,1.7291971422,57.1726528669,0.2287972196,0.5085607634,0.9106873869,0.0000000000,-0.1611595156,-0.0784853804,-0.0000000000,0.0130574646,1.0000000000,0.1611595156,-33.8434982744,-0.889,1.000000,61.5638456396,-1,0.3738226877
2.625128,2.3174470604,2.4328935296,2.3318737286,0.0238599819,-0.1155100160,2.3080137467,0.0916622832,2.1707280829,52.9837128837,0.1384999395,0.5085607634,0.9106873869,0.0000000000,-0.1611595156,-0.0948549379,-0.0000000000,0.0131498868,1.0000000000,0.1611595156,-33.8434982744,-0.376,1.000000,61.5638456396,-1,0.3738226877
2.633408,2.3381757148,2.4282915872,2.6642963504,0.0180600332,-0.0901639721,2.6462363173,0.0916622832,2.5575988471,46.4244917094,0.0820755406,0.5085607634,0.9106873869,0.0000000000,-0.1611595156,-0.1087552368,-0.0000000000,0.0131789947,1.0000000000,0.1611595156,-33.8434982744,0.137,1.000000,61.5638456396,-1,0.3738226877
2.641734,2.3615237071,2.4252236256,2.9331788833,0.0106595696,-0.0637283084,2.9225193138,0.0916622832,2.8846214102,39.2427075695,0.0498706550,0.5085607634,0.9106873869,0.0000000000,-0.1611595156,-0.1201099380,-0.0000000000,0.0131893648,0.9470812416,0.1611595156,-33.8434982744,0.650,1.000000,61.5638456396,0,0.3738226877
2.650090,2.3869121594,2.4236896449,3.1305748999,0.0028578949,-0.0367850969,3.1277170050,0.0916622832,3.1415328354,30.8293710216,0.0328036745,0.5085607634,0.9106873869,0.0000000000,-0.1611595156,-0.1285431695,-0.0000000000,0.0131933887,0.1485069370,0.1611595156,-33.8434982744,1.163,1.000000,61.5638456396,0,0.3738226877
2.658419,2.4135377191,2.4236896449,3.2501878153,-0.0053352824,-0.0101377162,3.2555230976,0.0916622832,3.3204848560,21.4742424746,0.0244298503,0.5085607634,0.9106873869,0.0000000000,-0.1611595156,-0.1337957547,-0.0000000000,0.0131949681,0.0000000000,0.1611595156,-33.8434982744,1.676,1.000000,61.5638456396,0,0.3738226877
2.666765,2.4408860192,2.4221556641,3.2898625144,-0.0133302014,0.0187658577,3.3031927158,0.0918186653,3.4237748758,12.3948023684,0.0211256883,0.5085607634,0.9106873869,0.0000000000,-0.1611595156,-0.1357548846,-0.0000000000,0.0131953892,0.0000000000,0.1611595156,-33.8434982744,2.189,1.000000,61.5638456396,2,0.3738226877
2.675087,2.4681474871,2.4236896449,3.2485207844,-0.0205513723,0.0445125772,3.2690721567,0.0921896035,3.4394131800,1.8765965096,0.0216640079,0.5085607634,0.9106873869,0.0000000000,-0.1611595156,-0.1343525951,-0.0000000000,0.0131949494,0.3812478166,0.1611595156,-33.8434982744,2.703,1.000000,61.5638456396,1,0.3738226877
2.683422,2.4947749388,2.4236896449,3.1271438656,-0.0264372309,0.0711557048,3.1535810965,0.0927825677,3.3756059962,-7.6568620524,0.0261988964,0.5085607634,0.9106873869,0.0000000000,-0.1611595156,-0.1296061340,-0.0000000000,0.0131933355,1.0000000000,0.1611595156,-33.8434982744,3.216,1.000000,61.5638456396,4,0.3738226877
2.691754,2.5200550680,2.4236896449,2.9288365768,-0.0310200892,0.0964480396,2.9598566659,0.0935863013,3.2311668997,-17.3326915848,0.0367511224,0.5085607634,0.9106873869,0.0000000000,-0.1611595156,-0.1216444315,-0.0000000000,0.0131892500,1.0000000000,0.1611595156,-33.8434982744,3.729,1.000000,61.5638456396,3,0.3738226877
2.700077,2.5433566820,2.4236896449,2.6587423944,-0.0343314769,0.1197584729,2.6930738713,0.0945842886,3.0100443607,-26.5347046800,0.0577975142,0.5085607634,0.9106873869,0.0000000000,-0.1611595156,-0.1106801704,-0.0000000000,0.0131786915,1.0000000000,0.1611595156,-33.8434982744,4.242,1.000000,61.5638456396,4,0.3738226877
2.708417,2.5641711953,2.4236896449,2.3226189372,-0.0358218740,0.1405769556,2.3584408112,0.0957557632,2.7164483843,-35.2315171714,0.0975158304,0.5085607634,0.9106873869,0.0000000000,-0.1611595156,-0.0969273935,-0.0000000000,0.0131486461,1.0000000000,0.1611595156,-33.8434982744,4.755,1.000000,61.5638456396,3,0.3738226877
2.716752,2.5819275050,2.4252236256,1.9294747669,-0.0361156319,0.1568000669,1.9655903988,0.0970624305,2.3559393919,-43.2610790847,0.1667916170,0.5085607634,0.9106873869,0.0000000000,-0.1611595156,-0.0807819951,-0.0000000000,0.0130540657,1.0000000000,0.1611595156,-33.8434982744,5.268,1.000000,61.5638456396,4,0.3738226877
2.725095,2.5962152938,2.4267576064,1.4883082701,-0.0358219942,0.1695530928,1.5241302642,0.0984753729,1.9402582110,-49.8817417044,0.2727675005,0.5085607634,0.9106873869,0.0000000000,-0.1611595156,-0.0626388304,-0.0000000000,0.0127288752,1.0000000000,0.1611595156,-33.8434982744,5.781,1.000000,61.5638456396,5,0.3738226877
2.733430,2.6066519559,2.4282915872,1.0109311771,-0.0349551746,0.1784534655,1.0458863517,0.0999624851,1.4804669312,-55.1749535773,0.4039671721,0.5085607634,0.9106873869,0.0000000000,-0.1611595156,-0.0429839229,-0.0000000000,0.0115732190,1.0000000000,0.1611595156,-33.8434982744,6.294,1.000000,61.5638456396,6,0.3738226877
2.741765,2.6129978223,2.4282915872,0.5086319783,-0.0335290430,0.1847955337,0.5421610213,0.1015024479,0.9903325999,-58.8161197623,0.5193313900,0.5085607634,0.9106873869,0.0000000000,-0.1611595156,-0.0222817780,-0.0000000000,0.0078518620,1.0000000000,0.1611595156,-33.8434982744,6.807,1.000000,61.5638456396,5,0.3738226877
2.750086,2.6150961309,2.4313595488,-0.0053157758,-0.0315571336,0.1838206289,0.0262413578,0.1030342865,0.4739525447,-61.9656066168,0.5610906757,0.5085607634,0.9106873869,0.0000000000,-0.1611595156,-0.0010784695,-0.0000000000,-0.0000945162,1.0000000000,0.1611595156,-33.8434982744,7.320,1.000000,61.5638456396,8,0.3738226877
2.758419,2.6129032953,2.4328935296,-0.5198904387,-0.0290526531,0.1800871423,-0.4908377856,0.1045350127,-0.0489103571,-62.7435482196,0.5043045114,0.5085607634,0.9107003282,0.0015529596,0.0283398374,0.0201724915,0.0000000000,-0.0079800378,1.0000000000,0.1611595156,5.9513658588,6.807,1.000000,61.5638456396,7,0.3673737449
2.766994,2.6062185805,2.4344275104,-1.0358880170,-0.0260284887,0.1718603924,-1.0098595283,0.1045350127,-0.5837221980,-64.1774209061,0.3680994014,0.5085667389,0.9107003282,0.0000000000,0.1611595156,0.0415032896,0.0000000000,-0.0116728357,1.0000000000,0.1611595156,33.8434982744,6.294,1.000000,61.5638456396,8,0.3673737449
2.775088,2.5959422072,2.4374954720,-1.4984126853,-0.0224972157,0.1585066525,-1.4759154697,0.1045350127,-1.0754087792,-59.0023897472,0.2377681540,0.5085667389,0.9107003282,0.0000000000,0.1611595156,0.0606572948,0.0000000000,-0.0127412852,1.0000000000,0.1611595156,33.8434982744,5.781,1.000000,61.5638456396,5,0.3673737449
2.783426,2.5815833060,2.4390294527,-1.9384032767,-0.0178908177,0.1426015023,-1.9205124590,0.1045350127,-1.5505334845,-57.0149646296,0.1350154790,0.5085667389,0.9107003282,0.0000000000,0.1611595156,0.0789293782,0.0000000000,-0.0130574949,1.0000000000,0.1611595156,33.8434982744,5.268,1.000000,61.5638456396,5,0.3673737449
2.791753,2.5637749472,2.4420974143,-2.3300875999,-0.0128155979,0.1217116650,-2.3172720020,0.1045350127,-1.9873881545,-52.4225604011,0.0712879442,0.5085667389,0.9107003282,0.0000000000,0.1611595156,0.0952354344,0.0000000000,-0.0131496498,1.0000000000,0.1611595156,33.8434982744,4.755,1.000000,61.5638456396,4,0.3673737449
2.800078,2.5429424709,2.4451653759,-2.6644148801,-0.0078631881,0.0977980372,-2.6565516920,0.1045350127,-2.3725667153,-46.2214272957,0.0371954297,0.5085667389,0.9107003282,0.0000000000,0.1611595156,0.1091791789,0.0000000000,-0.0131790011,1.0000000000,0.1611595156,33.8434982744,4.242,1.000000,61.5638456396,5,0.3673737449
2.808410,2.5195749141,2.4482333375,-2.9334492582,-0.0018700421,0.0713465572,-2.9315792161,0.1045350127,-2.6983641632,-39.0956937552,0.0202869041,0.5085667389,0.9107003282,0.0000000000,0.1611595156,0.1204822826,0.0000000000,-0.0131893719,1.0000000000,0.1611595156,33.8434982744,3.729,1.000000,61.5638456396,3,0.3673737449
2.816758,2.4942120424,2.4497673183,-3.1305911281,0.0039780820,0.0444341293,-3.1345692102,0.1045350127,-2.9530088063,-30.5573571721,0.0123076270,0.5085667389,0.9107003282,0.0000000000,0.1611595156,0.1288247820,0.0000000000,-0.0131933890,0.3786213109,0.1611595156,33.8434982744,3.216,1.000000,61.5638456396,4,0.3673737449
2.825045,2.4677207748,2.4513012990,-3.2497979649,0.0102649807,0.0163921368,-3.2600629456,0.1045350127,-3.1323252323,-21.5179711092,0.0086721635,0.5085667389,0.9107003282,0.0000000000,0.1611595156,0.1339823338,0.0000000000,-0.0131949637,0.0000000000,0.1611595156,33.8434982744,2.703,1.000000,61.5638456396,3,0.3673737449
2.833455,2.4401639035,2.4543692606,-3.2898595140,0.0163997491,-0.0142490349,-3.3062592631,0.1044162707,-3.2374423619,-12.6140555536,0.0072591026,0.5085667389,0.9107003282,0.0000000000,0.1611595156,0.1358809138,0.0000000000,-0.0131953892,0.0000000000,0.1611595156,33.8434982744,2.189,1.000000,61.5638456396,3,0.3673737449
2.841758,2.4129634385,2.4559032414,-3.2484726749,0.0223860686,-0.0429994243,-3.2708587435,0.1040579422,-3.2575542173,-2.4134226555,0.0074408418,0.5085667389,0.9107003282,0.0000000000,0.1611595156,0.1344260204,0.0000000000,-0.0131949489,0.3312155950,0.1611595156,33.8434982744,1.676,1.000000,61.5638456396,2,0.3673737449
2.850181,2.3860636178,2.4574372222,-3.1253627864,0.0282275313,-0.0714487834,-3.1535903177,0.1034625356,-3.1954387266,7.4538588829,0.0092769617,0.5085667389,0.9107003282,0.0000000000,0.1611595156,0.1296065130,0.0000000000,-0.0131933076,1.0000000000,0.1611595156,33.8434982744,1.163,1.000000,61.5638456396,1,0.3673737449
2.858414,2.3610906194,2.4589712030,-2.9290180408,0.0333473552,-0.0979693983,-2.9623653960,0.1026461240,-3.0558683275,16.7484478957,0.0136432900,0.5085667389,0.9107003282,0.0000000000,0.1611595156,0.1217475355,0.0000000000,-0.0131892548,1.0000000000,0.1611595156,33.8434982744,0.650,1.000000,61.5638456396,1,0.3673737449
2.866804,2.3376115622,2.4605051838,-2.6565608228,0.0383432897,-0.1229957421,-2.6949041126,0.1016211595,-2.8373855959,26.2179277876,0.0231401821,0.5085667389,0.9107003282,0.0000000000,0.1611595156,0.1107553898,0.0000000000,-0.0131785711,1.0000000000,0.1611595156,33.8434982744,0.137,1.000000,61.5638456396,0,0.3673737449
2.875184,2.3167220849,2.4605051838,-2.3181936392,0.0426380455,-0.1438966577,-2.3608316846,0.1004220207,-2.5445339485,35.1421976890,0.0430184524,0.5085667389,0.9107003282,0.0000000000,0.1611595156,0.0970256538,0.0000000000,-0.0131480419,1.0000000000,0.1611595156,33.8434982744,-0.376,1.000000,61.5638456396,0,0.3673737449
2.883428,2.2991811765,2.4589712030,-1.9290012756,0.0462485896,-0.1599132014,-1.9752498652,0.0990894106,-2.1909209645,42.4335580875,0.0818212798,0.5085667389,0.9107003282,0.0000000000,0.1611595156,0.0811789806,0.0000000000,-0.0130538815,1.0000000000,0.1611595156,33.8434982744,-0.889,1.000000,61.5638456396,0,0.3673737449
2.891753,2.2849252735,2.4589712030,-1.4888172473,0.0486111913,-0.1741753967,-1.5374284385,0.0976379490,-1.7818106071,49.0932428886,0.1514610175,0.5085667389,0.9107003282,0.0000000000,0.1611595156,0.0631853598,0.0000000000,-0.0127295081,1.0000000000,0.1611595156,33.8434982744,-1.402,1.000000,61.5638456396,0,0.3673737449
2.900078,2.2744939045,2.4589712030,-1.0120392253,0.0503363355,-0.1846113603,-1.0623755608,0.0960995210,-1.3282049757,54.4326757663,0.2575699371,0.5085667389,0.9107003282,0.0000000000,0.1611595156,0.0436615978,0.0000000000,-0.0115777679,1.0000000000,0.1611595156,33.8434982744,-1.915,1.000000,61.5638456396,0,0.3673737449
2.908417,2.2681365301,2.4574372222,-0.5095328073,0.0508591602,-0.1894361464,-0.5603919675,0.0945208864,-0.8369357862,58.9523027322,0.3858111228,0.5085667389,0.9107003282,0.0000000000,0.1611595156,0.0230310349,0.0000000000,-0.0078622037,1.0000000000,0.1611595156,33.8434982744,-2.428,1.000000,61.5638456396,-1,0.3673737449
2.916758,2.2660307694,2.4559032414,0.0056901037,0.0507890462,-0.1900077396,-0.0450989426,0.0929374886,-0.3241981422,61.5285172886,0.4896958952,0.5085667389,0.9112561217,0.0666952224,0.1065788531,0.0018534800,0.0000000000,0.0001011716,1.0000000000,0.1611595156,22.3815591474,-2.941,1.000000,61.5638456396,-2,0.3709856134
2.925089,2.2682252281,2.4543692606,0.5200854864,0.0495600544,-0.1862760269,0.4705254320,0.0913851884,0.1971590871,62.5628675091,0.5234898161,0.5088230252,0.9114726227,0.0259801130,-0.0784042523,-0.0193376927,-0.0000000000,0.0079822379,1.0000000000,0.1611595156,-16.4648929911,-2.428,1.000000,61.5638456396,-2,0.3683405346
2.933415,2.2746562607,2.4497673183,1.0214567169,0.0477805143,-0.1752383125,0.9736762026,0.0913851884,0.7214952099,62.9203347432,0.4614465435,0.5089226768,0.9114726227,0.0000000000,-0.1611595156,-0.0400162243,-0.0000000000,0.0116159525,1.0000000000,0.1611595156,-33.8434982744,-1.915,1.000000,61.5638456396,-2,0.3683405346
2.942103,2.2857104306,2.4466993567,1.5176280082,0.0448834609,-0.1611084652,1.4727445473,0.0913851884,1.2476838243,63.1426337245,0.3418037224,0.5089226768,0.9114726227,0.0000000000,-0.1611595156,-0.0605269760,-0.0000000000,0.0127640037,1.0000000000,0.1611595156,-33.8434982744,-1.402,1.000000,61.5638456396,-1,0.3683405346
2.950088,2.2995336183,2.4420974143,1.9381462448,0.0408959358,-0.1426727150,1.8972503090,0.0913851884,1.7075744353,55.1868733177,0.2297445366,0.5089226768,0.9114726227,0.0000000000,-0.1611595156,-0.0779733485,-0.0000000000,0.0130573973,1.0000000000,0.1611595156,-33.8434982744,-0.889,1.000000,61.5638456396,-1,0.3683405346
2.958418,2.3173480807,2.4390294527,2.3300154676,0.0352640388,-0.1217752915,2.2947514288,0.0913851884,2.1451852427,52.5132968877,0.1401709733,0.5089226768,0.9114726227,0.0000000000,-0.1611595156,-0.0943098821,-0.0000000000,0.0131496402,1.0000000000,0.1611595156,-33.8434982744,-0.376,1.000000,61.5638456396,-1,0.3683405346
2.966871,2.3385213893,2.4344275104,2.6690041465,0.0286078478,-0.0959823130,2.6403962988,0.0913851884,2.5403361350,47.4181070753,0.0825985133,0.5089226768,0.9114726227,0.0000000000,-0.1611595156,-0.1085152232,-0.0000000000,0.0131792482,1.0000000000,0.1611595156,-33.8434982744,0.137,1.000000,61.5638456396,-1,0.3683405346
2.975087,2.3615825396,2.4313595488,2.9337419024,0.0209521485,-0.0698328115,2.9127897540,0.0913851884,2.8629199083,38.7100528011,0.0507691087,0.5089226768,0.9114726227,0.0000000000,-0.1611595156,-0.1197100717,-0.0000000000,0.0131893795,1.0000000000,0.1611595156,-33.8434982744,0.650,1.000000,61.5638456396,-2,0.3683405346
2.983423,2.3869116356,2.4282915872,3.1305717101,0.0123211270,-0.0414127668,3.1182505831,0.0913851884,3.1229290467,31.2010966054,0.0334718353,0.5089226768,0.9114726227,0.0000000000,-0.1611595156,-0.1281541177,-0.0000000000,0.0131933887,0.2805368204,0.1611595156,-33.8434982744,1.163,1.000000,61.5638456396,-2,0.3683405346
2.991784,2.4136423303,2.4282915872,3.2504962669,0.0033186714,-0.0146580956,3.2471775955,0.0913851884,3.3032079160,21.6334643215,0.0249291012,0.5089226768,0.9114726227,0.0000000000,-0.1611595156,-0.1334527706,-0.0000000000,0.0131949716,0.0000000000,0.1611595156,-33.8434982744,1.676,1.000000,61.5638456396,0,0.3683405346
3.000098,2.4408852877,2.4282915872,3.2898625398,-0.0054659430,0.0126082581,3.2953284829,0.0914902572,3.4037895305,12.0697937306,0.0216022041,0.5089226768,0.9114726227,0.0000000000,-0.1611595156,-0.1354316797,-0.0000000000,0.0131953892,0.0000000000,0.1611595156,-33.8434982744,2.189,1.000000,61.5638456396,1,0.3683405346
3.008419,2.4681462224,2.4282915872,3.2485246001,-0.0134577003,0.0398904773,3.2619823004,0.0918226779,3.4231139148,2.3189261180,0.0220769701,0.5089226768,0.9114726227,0.0000000000,-0.1611595156,-0.1340612156,-0.0000000000,0.0131949495,0.2341571995,0.1611595156,-33.8434982744,2.703,1.000000,61.5638456396,1,0.3683405346
3.016753,2.4947676983,2.4282915872,3.1271884598,-0.0200954987,0.0665296319,3.1472839585,0.0923770915,3.3600563190,-7.5669114881,0.0266214571,0.5089226768,0.9114726227,0.0000000000,-0.1611595156,-0.1293473337,-0.0000000000,0.0131933362,0.9838632120,0.1611595156,-33.8434982744,3.216,1.000000,61.5638456396,3,0.3683405346
3.025103,2.5201012219,2.4282915872,2.9283913341,-0.0254121013,0.0918773153,2.9538034354,0.0931427357,3.2159322842,-17.2948841863,0.0372403936,0.5089226768,0.9114726227,0.0000000000,-0.1611595156,-0.1213956554,-0.0000000000,0.0131892381,1.0000000000,0.1611595156,-33.8434982744,3.729,1.000000,61.5638456396,4,0.3683405346
3.033461,2.5434913447,2.4282915872,2.6568906818,-0.0288591910,0.1152766188,2.6857498728,0.0941033742,2.9936751533,-26.6708557045,0.0585168883,0.5089226768,0.9114726227,0.0000000000,-0.1611595156,-0.1103791681,-0.0000000000,0.0131785894,1.0000000000,0.1611595156,-33.8434982744,4.242,1.000000,61.5638456396,2,0.3683405346
3.041752,2.5641760975,2.4282915872,2.3225262380,-0.0310622936,0.1359672391,2.3535885315,0.0952364346,2.7022701027,-34.9686060733,0.0979995481,0.5089226768,0.9114726227,0.0000000000,-0.1611595156,-0.0967279741,-0.0000000000,0.0131486335,1.0000000000,0.1611595156,-33.8434982744,4.755,1.000000,61.5638456396,3,0.3683405346
3.050089,2.5819361864,2.4282915872,1.9292487531,-0.0320515109,0.1537299627,1.9613002640,0.0965175176,2.3452547635,-42.8418407012,0.1667821248,0.5089226768,0.9114726227,0.0000000000,-0.1611595156,-0.0806056788,-0.0000000000,0.0130539778,1.0000000000,0.1611595156,-33.8434982744,5.268,1.000000,61.5638456396,5,0.3683405346
3.058417,2.5961986163,2.4282915872,1.4889278260,-0.0324365040,0.1679934179,1.5213643300,0.0979174627,1.9339848709,-49.3523871066,0.2713578877,0.5089226768,0.9114726227,0.0000000000,-0.1611595156,-0.0625251558,-0.0000000000,0.0127296455,1.0000000000,0.1611595156,-33.8434982744,5.781,1.000000,61.5638456396,5,0.3683405346
3.067020,2.6069095392,2.4282915872,0.9957696282,-0.0322318937,0.1787037958,1.0280015219,0.0994066610,1.4625506693,-56.5721041961,0.4048932074,0.5089226768,0.9114726227,0.0000000000,-0.1611595156,-0.0422488907,-0.0000000000,0.0115097665,1.0000000000,0.1611595156,-33.8434982744,6.294,1.000000,61.5638456396,5,0.3683405346
3.075442,2.6131689668,2.4298255680,0.4875705897,-0.0314519472,0.1834271655,0.5190225369,0.1009352207,0.9640453154,-59.8206424747,0.5170362562,0.5089226768,0.9114726227,0.0000000000,-0.1611595156,-0.0213308307,-0.0000000000,0.0076058130,1.0000000000,0.1611595156,-33.8434982744,6.807,1.000000,61.5638456396,4,0.3683405346
3.083416,2.6150961444,2.4313595488,-0.0051561350,-0.0306908739,0.1838183352,0.0255347389,0.1024670402,0.4727190976,-58.9591461344,0.5541039480,0.5089226768,0.9114726227,0.0000000000,-0.1611595156,-0.0010494288,-0.0000000000,-0.0000916778,1.0000000000,0.1611595156,-33.8434982744,7.320,1.000000,61.5638456396,7,0.3683405346
3.091764,2.6128973799,2.4328935296,-0.5205866907,-0.0293679297,0.1800820665,-0.4912187610,0.1039677241,-0.0498235396,-62.7051164643,0.4972053329,0.5089226768,0.9114859049,0.0015938672,0.0284808215,0.0201881488,0.0000000000,-0.0079878880,1.0000000000,0.1611595156,5.9809725111,6.807,1.000000,61.5638456396,6,0.3619985875
3.100075,2.6064773015,2.4328935296,-1.0210702672,-0.0280769981,0.1736585500,-0.9929932690,0.1039677241,-0.5639270912,-61.6924261838,0.3679502556,0.5089287871,0.9114859049,0.0000000000,0.1611595156,0.0408101186,0.0000000000,-0.0116144023,1.0000000000,0.1611595156,33.8434982744,6.294,1.000000,61.5638456396,6,0.3619985875
3.108423,2.5959398761,2.4359614912,-1.4984985683,-0.0262370172,0.1600482625,-1.4722615512,0.1039677241,-1.0693184204,-60.6469595061,0.2354064990,0.5089287871,0.9114859049,0.0000000000,0.1611595156,0.0605071257,0.0000000000,-0.0127413893,1.0000000000,0.1611595156,33.8434982744,5.781,1.000000,61.5638456396,4,0.3619985875
3.116760,2.5815834850,2.4374954720,-1.9383986504,-0.0238612727,0.1441515633,-1.9145373776,0.1039677241,-1.5421057422,-56.7344786156,0.1341545441,0.5089287871,0.9114859049,0.0000000000,0.1611595156,0.0786838139,0.0000000000,-0.0130574932,1.0000000000,0.1611595156,33.8434982744,5.268,1.000000,61.5638456396,6,0.3619985875
3.125093,2.5637601021,2.4390294527,-2.3303664766,-0.0209627292,0.1247864799,-2.3094037474,0.1039677241,-1.9741406867,-51.8441933474,0.0714096601,0.5089287871,0.9114859049,0.0000000000,0.1611595156,0.0949120642,0.0000000000,-0.0131496868,1.0000000000,0.1611595156,33.8434982744,4.755,1.000000,61.5638456396,5,0.3619985875
3.133428,2.5428997352,2.4405634335,-2.6649981423,-0.0175540372,0.1023830537,-2.6474441051,0.1039677241,-2.3551812939,-45.7248728637,0.0375756666,0.5089287871,0.9114859049,0.0000000000,0.1611595156,0.1088048745,0.0000000000,-0.0131790327,1.0000000000,0.1611595156,33.8434982744,4.242,1.000000,61.5638456396,5,0.3619985875
3.141823,2.5193425391,2.4436313951,-2.9356689874,-0.0136475414,0.0757474918,-2.9220214460,0.1039677241,-2.6808818783,-39.0840701257,0.0205506265,0.5089287871,0.9114859049,0.0000000000,0.1611595156,0.1200894766,0.0000000000,-0.0131894300,1.0000000000,0.1611595156,33.8434982744,3.729,1.000000,61.5638456396,5,0.3619985875
3.150173,2.4939543408,2.4451653759,-3.1321560719,-0.0092552876,0.0488136147,-3.1229007842,0.1039677241,-2.9334570343,-30.3090187168,0.0125482606,0.5089287871,0.9114859049,0.0000000000,0.1611595156,0.1283452321,0.0000000000,-0.0131934131,0.5280753308,0.1611595156,33.8434982744,3.216,1.000000,61.5638456396,3,0.3619985875
3.158425,2.4675697084,2.4466993567,-3.2502452265,-0.0043890301,0.0208820411,-3.2458561964,0.1039677241,-3.1100232034,-21.1879402870,0.0089094612,0.5089287871,0.9114859049,0.0000000000,0.1611595156,0.1333984636,0.0000000000,-0.0131949688,0.0000000000,0.1611595156,33.8434982744,2.703,1.000000,61.5638456396,3,0.3619985875
3.166827,2.4400366332,2.4482333375,-3.2898531477,0.0003594738,-0.0081976616,-3.2902126214,0.1038994103,-3.2102569751,-12.0280526134,0.0075384943,0.5089287871,0.9114859049,0.0000000000,0.1611595156,0.1352214276,0.0000000000,-0.0131953891,0.0000000000,0.1611595156,33.8434982744,2.189,1.000000,61.5638456396,3,0.3619985875
3.175088,2.4129739062,2.4482333375,-3.2485042685,0.0049930735,-0.0352727295,-3.2534973420,0.1036054708,-3.2257792235,-1.8626698015,0.0077965833,0.5089287871,0.9114859049,0.0000000000,0.1611595156,0.1337125001,0.0000000000,-0.0131949492,0.1121813221,0.1611595156,33.8434982744,1.676,1.000000,61.5638456396,1,0.3619985875
3.183417,2.3863665229,2.4497673183,-3.1272337477,0.0095145496,-0.0634261357,-3.1367482972,0.1030769197,-3.1635535007,7.4670867367,0.0097041009,0.5089287871,0.9114859049,0.0000000000,0.1611595156,0.1289143383,0.0000000000,-0.0131933369,0.9419916515,0.1611595156,33.8434982744,1.163,1.000000,61.5638456396,2,0.3619985875
3.191759,2.3610551491,2.4497673183,-2.9286759938,0.0133463278,-0.0887477147,-2.9420223216,0.1023373554,-3.0181098901,17.4532332701,0.0144184806,0.5089287871,0.9114859049,0.0000000000,0.1611595156,0.1209114742,0.0000000000,-0.0131892457,1.0000000000,0.1611595156,33.8434982744,0.650,1.000000,61.5638456396,0,0.3619985875
3.200148,2.3375830311,2.4497673183,-2.6561678813,0.0170853848,-0.1122297910,-2.6732532661,0.1014021072,-2.7952727532,26.7404564221,0.0245455550,0.5089287871,0.9114859049,0.0000000000,0.1611595156,0.1098655815,0.0000000000,-0.0131785494,1.0000000000,0.1611595156,33.8434982744,0.137,1.000000,61.5638456396,1,0.3619985875
3.208415,2.3169595436,2.4497673183,-2.3226921483,0.0195733895,-0.1328599049,-2.3422655378,0.1002949413,-2.5049013334,34.8445703757,0.0451272637,0.5089287871,0.9114859049,0.0000000000,0.1611595156,0.0962626208,0.0000000000,-0.0131486560,1.0000000000,0.1611595156,33.8434982744,-0.376,1.000000,61.5638456396,0,0.3619985875
3.216762,2.2991799985,2.4497673183,-1.9289705993,0.0214209024,-0.1506443705,-1.9503915016,0.0990395715,-2.1483182749,42.7899670263,0.0857408730,0.5089287871,0.9114859049,0.0000000000,0.1611595156,0.0801573496,0.0000000000,-0.0130538696,1.0000000000,0.1611595156,33.8434982744,-0.889,1.000000,61.5638456396,0,0.3619985875
3.225093,2.2849144399,2.4497673183,-1.4884147846,0.0226434218,-0.1649131851,-1.5110582064,0.0976652950,-1.7376376673,49.2816729104,0.1576515247,0.5089287871,0.9114859049,0.0000000000,0.1611595156,0.0621015939,0.0000000000,-0.0127290077,1.0000000000,0.1611595156,33.8434982744,-1.402,1.000000,61.5638456396,0,0.3619985875
3.233450,2.2744549851,2.4497673183,-1.0097672685,0.0232560716,-0.1753742716,-1.0330233400,0.0962038427,-1.2810273735,54.7932352599,0.2661741617,0.5089287871,0.9114859049,0.0000000000,0.1611595156,0.0424552778,0.0000000000,-0.0115684279,1.0000000000,0.1611595156,33.8434982744,-1.915,1.000000,61.5638456396,0,0.3619985875
3.241772,2.2681252693,2.4482333375,-0.5081770051,0.0232736091,-0.1801700532,-0.5314506142,0.0947024256,-0.7900422654,58.9182129630,0.3939220860,0.5089287871,0.9114859049,0.0000000000,0.1611595156,0.0218416008,0.0000000000,-0.0078466332,1.0000000000,0.1611595156,33.8434982744,-2.428,1.000000,61.5638456396,-1,0.3619985875
3.250248,2.2660324176,2.4466993567,0.0153881110,0.0227104350,-0.1807274243,-0.0073223240,0.0931963637,-0.2683708333,62.6005718563,0.4950818379,0.5089287871,0.9118699955,0.0460908693,0.0879795699,0.0003009335,0.0000000000,0.0002735710,1.0000000000,0.1611595156,18.4757096802,-2.941,1.000000,61.5638456396,-2,0.3626838880
3.258424,2.2682264513,2.4451653759,0.5202294849,0.0221608885,-0.1769979462,0.4980685964,0.0917213809,0.2428198611,61.3428833261,0.5175671396,0.5091053165,0.9121954789,0.0390580150,-0.0943763157,-0.0204696639,-0.0000000000,0.0079838616,1.0000000000,0.1611595156,-19.8190263027,-2.428,1.000000,61.5638456396,-2,0.3623190429
3.266814,2.2747230071,2.4420974143,1.0253006161,0.0210443527,-0.1674304551,1.0042562634,0.0917213809,0.7673709918,62.9461356885,0.4530969880,0.5092546594,0.9121954789,0.0000000000,-0.1611595156,-0.0412730061,-0.0000000000,0.0116312949,1.0000000000,0.1611595156,-33.8434982744,-1.915,1.000000,61.5638456396,-1,0.3623190429
3.275103,2.2852079474,2.4390294527,1.4992703718,0.0187942602,-0.1538715605,1.4804761116,0.0917213809,1.2696152457,60.2693104661,0.3379466392,0.5092546594,0.9121954789,0.0000000000,-0.1611595156,-0.0608447284,-0.0000000000,0.0127423237,1.0000000000,0.1611595156,-33.8434982744,-1.402,1.000000,61.5638456396,-1,0.3623190429
3.283417,2.2995246814,2.4359614912,1.9379151696,0.0154380408,-0.1364779262,1.9224771288,0.0917213809,1.7450009161,57.0462804521,0.2221599818,0.5092546594,0.9121954789,0.0000000000,-0.1611595156,-0.0790101224,-0.0000000000,0.0130573096,1.0000000000,0.1611595156,-33.8434982744,-0.889,1.000000,61.5638456396,-1,0.3623190429
3.291751,2.3173456637,2.4313595488,2.3299700536,0.0110024605,-0.1140431882,2.3189675931,0.0917213809,2.1845517288,52.7460975185,0.1348164205,0.5092546594,0.9121954789,0.0000000000,-0.1611595156,-0.0953051200,-0.0000000000,0.0131496341,1.0000000000,0.1611595156,-33.8434982744,-0.376,1.000000,61.5638456396,-1,0.3623190429
3.300079,2.3381863199,2.4282915872,2.6644411433,0.0055136377,-0.0901199519,2.6589275056,0.0917213809,2.5704289541,46.3052670427,0.0797896155,0.5092546594,0.9121954789,0.0000000000,-0.1611595156,-0.1092768203,-0.0000000000,0.0131790026,1.0000000000,0.1611595156,-33.8434982744,0.137,1.000000,61.5638456396,-1,0.3623190429
3.308471,2.3617304025,2.4252236256,2.9351546041,-0.0010029413,-0.0634905520,2.9361575454,0.0917213809,2.8987704104,39.4009747478,0.0484548574,0.5092546594,0.9121954789,0.0000000000,-0.1611595156,-0.1206704431,-0.0000000000,0.0131894165,0.9430938384,0.1611595156,-33.8434982744,0.650,1.000000,61.5638456396,2,0.3623190429
3.316873,2.3872753725,2.4236896449,3.1327783045,-0.0079421196,-0.0363931200,3.1407204241,0.0917213809,3.1553430277,30.7887140782,0.0319419786,0.5092546594,0.9121954789,0.0000000000,-0.1611595156,-0.1290775851,-0.0000000000,0.0131934226,0.1387162676,0.1611595156,-33.8434982744,1.163,1.000000,61.5638456396,1,0.3623190429
3.325094,2.4135649214,2.4236896449,3.2502681404,-0.0152936711,-0.0100839915,3.2655618116,0.0917213809,3.3306811150,21.0405704794,0.0239642012,0.5092546594,0.9121954789,0.0000000000,-0.1611595156,-0.1342083266,-0.0000000000,0.0131949690,0.0000000000,0.1611595156,-33.8434982744,1.676,1.000000,61.5638456396,0,0.3623190429
3.333611,2.4414777023,2.4236896449,3.2898229955,-0.0218870428,0.0178463497,3.3117100382,0.0918701004,3.4305747020,11.9872304363,0.0208101925,0.5092546594,0.9121954789,0.0000000000,-0.1611595156,-0.1361049302,-0.0000000000,0.0131953888,0.0000000000,0.1611595156,-33.8434982744,2.189,1.000000,61.5638456396,2,0.3623190429
3.341762,2.4681750386,2.4236896449,3.2484376193,-0.0277405809,0.0445592758,3.2761782002,0.0922414277,3.4466565844,1.9298258841,0.0213747552,0.5092546594,0.9121954789,0.0000000000,-0.1611595156,-0.1346446398,-0.0000000000,0.0131949485,0.3828128024,0.1611595156,-33.8434982744,2.703,1.000000,61.5638456396,2,0.3623190429
3.350240,2.4952488834,2.4236896449,3.1242104641,-0.0328721880,0.0716467878,3.1570826521,0.0928384843,3.3801016156,-7.9865962562,0.0259805348,0.5092546594,0.9121954789,0.0000000000,-0.1611595156,-0.1297500413,-0.0000000000,0.0131932896,1.0000000000,0.1611595156,-33.8434982744,3.216,1.000000,61.5638456396,2,0.3623190429
3.358431,2.5200848420,2.4236896449,2.9285493868,-0.0367190460,0.0964929918,2.9652684328,0.0936425926,3.2367167895,-17.2061791289,0.0362577026,0.5092546594,0.9121954789,0.0000000000,-0.1611595156,-0.1218668448,-0.0000000000,0.0131892423,1.0000000000,0.1611595156,-33.8434982744,3.729,1.000000,61.5638456396,2,0.3623190429
3.366783,2.5434603939,2.4252236256,2.6573166075,-0.0393122433,0.1183414694,2.6966288508,0.0946287715,3.0109205678,-27.0955465970,0.0571433274,0.5092546594,0.9121954789,0.0000000000,-0.1611595156,-0.1108262732,-0.0000000000,0.0131786129,1.0000000000,0.1611595156,-33.8434982744,4.242,1.000000,61.5638456396,5,0.3623190429
3.375088,2.5641817310,2.4252236256,2.3224196996,-0.0401018286,0.1390649095,2.3625215282,0.0957876457,2.7176563030,-35.1917117836,0.0960703424,0.5092546594,0.9121954789,0.0000000000,-0.1611595156,-0.0970951031,-0.0000000000,0.0131486190,1.0000000000,0.1611595156,-33.8434982744,4.755,1.000000,61.5638456396,4,0.3623190429
3.383419,2.5819299348,2.4267576064,1.9294115132,-0.0402920203,0.1552796390,1.9697035336,0.0970816427,2.3571519717,-43.2605197540,0.1638736904,0.5092546594,0.9121954789,0.0000000000,-0.1611595156,-0.0809510370,-0.0000000000,0.0130540411,1.0000000000,0.1611595156,-33.8434982744,5.268,1.000000,61.5638456396,4,0.3623190429
3.391750,2.5961978713,2.4267576064,1.4889554934,-0.0393170352,0.1695449788,1.5282725286,0.0984945175,1.9444025336,-49.5299325733,0.2672704960,0.5092546594,0.9121954789,0.0000000000,-0.1611595156,-0.0628090695,-0.0000000000,0.0127296799,1.0000000000,0.1611595156,-33.8434982744,5.781,1.000000,61.5638456396,3,0.3623190429
3.400073,2.6066276769,2.4282915872,1.0123473469,-0.0383656427,0.1784382697,1.0507129896,0.0999815031,1.4852819182,-55.0944738462,0.3948387015,0.5092546594,0.9121954789,0.0000000000,-0.1611595156,-0.0431822885,-0.0000000000,0.0115790308,1.0000000000,0.1611595156,-33.8434982744,6.294,1.000000,61.5638456396,7,0.3623190429
3.408418,2.6129908938,2.4298255680,0.5094658453,-0.0362766974,0.1832619423,0.5457425427,0.1015086860,0.9909763518,-59.3166679628,0.5064886452,0.5092546594,0.9121954789,0.0000000000,-0.1611595156,-0.0224289717,-0.0000000000,0.0078614355,1.0000000000,0.1611595156,-33.8434982744,6.807,1.000000,61.5638456396,6,0.3623190429
3.416761,2.6150960855,2.4313595488,-0.0058210120,-0.0342383003,0.1838277243,0.0284172884,0.1030405837,0.4761478936,-61.7794149871,0.5464828136,0.5092546594,0.9121954789,0.0000000000,-0.1611595156,-0.0011678960,-0.0000000000,-0.0001034991,1.0000000000,0.1611595156,-33.8434982744,7.320,1.000000,61.5638456396,7,0.3623190429
3.425114,2.6128882990,2.4328935296,-0.5216536579,-0.0316689411,0.1800791140,-0.4899847168,0.1045412430,-0.0480669595,-62.9057823749,0.4896481671,0.5092546594,0.9122076956,0.0014660012,0.0276693631,0.0201374320,0.0000000000,-0.0079999007,1.0000000000,0.1611595156,5.8105662431,6.807,1.000000,61.5638456396,6,0.3560681516
3.433632,2.6062482332,2.4359614912,-1.0342016563,-0.0285814678,0.1703628637,-1.0056201885,0.1045412430,-0.5823514176,-64.1141349656,0.3563440987,0.5092602604,0.9122076956,0.0000000000,0.1611595156,0.0413290608,0.0000000000,-0.0116662890,1.0000000000,0.1611595156,33.8434982744,6.294,1.000000,61.5638456396,6,0.3560681516
3.441754,2.5959424299,2.4374954720,-1.4984044779,-0.0249884178,0.1585135102,-1.4734160600,0.1045412430,-1.0728904693,-58.8646862077,0.2299402194,0.5092602604,0.9122076956,0.0000000000,0.1611595156,0.0605545738,0.0000000000,-0.0127412753,1.0000000000,0.1611595156,33.8434982744,5.781,1.000000,61.5638456396,6,0.3560681516
3.450090,2.5815891204,2.4405634335,-1.9382529748,-0.0209020251,0.1410813557,-1.9173509497,0.1045412430,-1.5502839464,-57.2872172552,0.1299723171,0.5092602604,0.9122076956,0.0000000000,0.1611595156,0.0787994463,0.0000000000,-0.0130574379,1.0000000000,0.1611595156,33.8434982744,5.268,1.000000,61.5638456396,7,0.3560681516
3.458411,2.5637958292,2.4420974143,-2.3296952012,-0.0163342275,0.1217419182,-2.3133609737,0.1045412430,-1.9834133212,-51.9755249726,0.0688428057,0.5092602604,0.9122076956,0.0000000000,0.1611595156,0.0950746987,0.0000000000,-0.0131495975,1.0000000000,0.1611595156,33.8434982744,4.755,1.000000,61.5638456396,4,0.3560681516
3.467472,2.5409966363,2.4451653759,-2.6905992249,-0.0112966740,0.0958613471,-2.6793025509,0.1045412430,-2.3990290425,-49.8738865552,0.0339627965,0.5092602604,0.9122076956,0.0000000000,0.1611595156,0.1101141955,0.0000000000,-0.0131803707,1.0000000000,0.1611595156,33.8434982744,4.242,1.000000,61.5638456396,4,0.3560681516
3.475088,2.5195428078,2.4482333375,-2.9337564386,-0.0058007319,0.0713249195,-2.9279557067,0.1045412430,-2.6947764463,-35.4896884531,0.0195353869,0.5092602604,0.9122076956,0.0000000000,0.1611595156,0.1203333633,0.0000000000,-0.0131893799,1.0000000000,0.1611595156,33.8434982744,3.729,1.000000,61.5638456396,5,0.3560681516
3.483412,2.4942517545,2.4497673183,-3.1303492288,0.0001425069,0.0444840567,-3.1304917357,0.1045412430,-2.9488297651,-30.4863982586,0.0118562721,0.5092602604,0.9122076956,0.0000000000,0.1611595156,0.1286572056,0.0000000000,-0.0131933852,0.3802925647,0.1611595156,33.8434982744,3.216,1.000000,61.5638456396,4,0.3560681516
3.491747,2.4676042590,2.4528352798,-3.2501431581,0.0065222187,0.0147516084,-3.2566653768,0.1045412430,-3.1320706907,-21.9889110761,0.0082903684,0.5092602604,0.9122076956,0.0000000000,0.1611595156,0.1338427002,0.0000000000,-0.0131949676,0.0000000000,0.1611595156,33.8434982744,2.703,1.000000,61.5638456396,2,0.3560681516
3.500074,2.4403188319,2.4543692606,-3.2898649029,0.0127475544,-0.0140843795,-3.3026124573,0.1044238731,-3.2334725213,-12.1682196762,0.0069817437,0.5092602604,0.9122076956,0.0000000000,0.1611595156,0.1357310371,0.0000000000,-0.0131953892,0.0000000000,0.1611595156,33.8434982744,2.189,1.000000,61.5638456396,2,0.3560681516
3.508422,2.4129732446,2.4559032414,-3.2485022720,0.0188222496,-0.0429801266,-3.2673245216,0.1040657054,-3.2539758064,-2.4603942019,0.0071519882,0.5092602604,0.9122076956,0.0000000000,0.1611595156,0.1342807706,0.0000000000,-0.0131949492,0.3305871289,0.1611595156,33.8434982744,1.676,1.000000,61.5638456396,3,0.3560681516
3.516762,2.3863327603,2.4574372222,-3.1270257772,0.0247499495,-0.0711703790,-3.1517757267,0.1034726189,-3.1930804907,7.3074378770,0.0088868879,0.5092602604,0.9122076956,0.0000000000,0.1611595156,0.1295319368,0.0000000000,-0.0131933336,1.0000000000,0.1611595156,33.8434982744,1.163,1.000000,61.5638456396,1,0.3560681516
3.525095,2.3610478285,2.4589712030,-2.9286053755,0.0299539238,-0.0980031514,-2.9585592994,0.1026559260,-3.0521179878,16.9155003518,0.0131283527,0.5092602604,0.9122076956,0.0000000000,0.1611595156,0.1215911123,0.0000000000,-0.0131892438,1.0000000000,0.1611595156,33.8434982744,0.650,1.000000,61.5638456396,1,0.3560681516
3.533928,2.3363989536,2.4589712030,-2.6397121021,0.0350319725,-0.1226655508,-2.6747440746,0.1016337131,-2.8165802402,28.2645297053,0.0231172839,0.5092602604,0.9122076956,0.0000000000,0.1611595156,0.1099268509,0.0000000000,-0.0131776175,1.0000000000,0.1611595156,33.8434982744,0.137,1.000000,61.5638456396,1,0.3560681516
3.541963,2.3164633657,2.4589712030,-2.3132725471,0.0394068554,-0.1426127904,-2.3526794026,0.1004452731,-2.5338960472,33.9221031691,0.0419794699,0.5092602604,0.9122076956,0.0000000000,0.1611595156,0.0966906107,0.0000000000,-0.0131473614,1.0000000000,0.1611595156,33.8434982744,-0.376,1.000000,61.5638456396,0,0.3560681516
3.550081,2.2992059020,2.4589712030,-1.9296450006,0.0425153005,-0.1598785329,-1.9721603011,0.0991129520,-2.1877431777,41.5383443351,0.0788591174,0.5092602604,0.9122076956,0.0000000000,0.1611595156,0.0810520055,0.0000000000,-0.0130541318,1.0000000000,0.1611595156,33.8434982744,-0.889,1.000000,61.5638456396,0,0.3560681516
3.558418,2.2849269554,2.4589712030,-1.4888797165,0.0449682402,-0.1741640125,-1.5338479567,0.0976615853,-1.7781865061,49.1468005963,0.1462916648,0.5092602604,0.9122076956,0.0000000000,0.1611595156,0.0630382089,0.0000000000,-0.0127295858,1.0000000000,0.1611595156,33.8434982744,-1.402,1.000000,61.5638456396,0,0.3560681516
3.566771,2.2744672190,2.4574372222,-1.0104820444,0.0467815364,-0.1830945974,-1.0572635808,0.0961357970,-1.3201483714,54.9645761552,0.2504407122,0.5092602604,0.9122076956,0.0000000000,0.1611595156,0.0434515052,0.0000000000,-0.0115713718,1.0000000000,0.1611595156,33.8434982744,-1.915,1.000000,61.5638456396,0,0.3560681516
3.575109,2.2681234349,2.4574372222,-0.5079557846,0.0473903800,-0.1894400031,-0.5553461646,0.0945571303,-0.8318640059,58.5941238656,0.3742682348,0.5092602604,0.9122076956,0.0000000000,0.1611595156,0.0228236621,0.0000000000,-0.0078440894,1.0000000000,0.1611595156,33.8434982744,-2.428,1.000000,61.5638456396,-1,0.3560681516
3.583466,2.2660310549,2.4559032414,0.0082337495,0.0468239163,-0.1899968936,-0.0385901667,0.0929738228,-0.3176350857,61.7074704240,0.4759378006,0.5092602604,0.9127296466,0.0626341212,0.1021528605,0.0015859818,0.0000000000,0.0001463952,1.0000000000,0.1611595156,21.4521007006,-2.941,1.000000,61.5638456396,-2,0.3595009719
3.591769,2.2682325055,2.4543692606,0.5209415839,0.0456908725,-0.1862584446,0.4752507115,0.0914216691,0.2019517116,62.3504156735,0.5092316320,0.5094992553,0.9129519551,0.0266770224,-0.0788428434,-0.0195318926,-0.0000000000,0.0079918860,1.0000000000,0.1611595156,-16.5569971124,-2.428,1.000000,61.5638456396,-1,0.3572735309
3.600105,2.2746795236,2.4497673183,1.0227982349,0.0440049588,-0.1752049940,0.9787932761,0.0914216691,0.7267098318,62.9709744274,0.4500391602,0.5096008677,0.9129519551,0.0000000000,-0.1611595156,-0.0402265262,-0.0000000000,0.0116213229,1.0000000000,0.1611595156,-33.8434982744,-1.915,1.000000,61.5638456396,-2,0.3572735309
3.608430,2.2851975643,2.4466993567,1.4988880344,0.0411992662,-0.1616115193,1.4576887682,0.0914216691,1.2316961013,60.5983523439,0.3392504938,0.5096008677,0.9129519551,0.0000000000,-0.1611595156,-0.0599082123,-0.0000000000,0.0127418611,1.0000000000,0.1611595156,-33.8434982744,-1.402,1.000000,61.5638456396,-1,0.3572735309
3.616797,2.2996163575,2.4420974143,1.9402835725,0.0373008911,-0.1425804011,1.9029826814,0.0914216691,1.7135175897,57.8185786013,0.2247981771,0.5096008677,0.9129519551,0.0000000000,-0.1611595156,-0.0782089380,-0.0000000000,0.0130582068,1.0000000000,0.1611595156,-33.8434982744,-0.889,1.000000,61.5638456396,-1,0.3572735309
3.625132,2.3174567753,2.4390294527,2.3320559587,0.0317559869,-0.1216572538,2.3002999718,0.0914216691,2.1509939409,52.4971621425,0.1374956788,0.5096008677,0.9129519551,0.0000000000,-0.1611595156,-0.0945379165,-0.0000000000,0.0131499109,1.0000000000,0.1611595156,-33.8434982744,-0.376,1.000000,61.5638456396,-1,0.3572735309
3.634584,2.3413334221,2.4328935296,2.7064146708,0.0251846836,-0.0916271824,2.6812299873,0.0914216691,2.5895624869,52.6282255173,0.0765286717,0.5096008677,0.9129519551,0.0000000000,-0.1611595156,-0.1101934095,-0.0000000000,0.0131811524,1.0000000000,0.1611595156,-33.8434982744,0.137,1.000000,61.5638456396,-1,0.3572735309
3.642155,2.3627621967,2.4298255680,2.9449202116,0.0176118179,-0.0671102772,2.9273083937,0.0914216691,2.8826976709,35.1762220821,0.0491573414,0.5096008677,0.9129519551,0.0000000000,-0.1611595156,-0.1203067600,-0.0000000000,0.0131896685,0.9889635811,0.1611595156,-33.8434982744,0.650,1.000000,61.5638456396,0,0.3572735309
3.650293,2.3875482298,2.4282915872,3.1344227170,0.0090616256,-0.0407674915,3.1253610914,0.0914216691,3.1313116690,29.8336797790,0.0329561013,0.5096008677,0.9129519551,0.0000000000,-0.1611595156,-0.1284463460,-0.0000000000,0.0131934478,0.2605785657,0.1611595156,-33.8434982744,1.163,1.000000,61.5638456396,-1,0.3572735309
3.658413,2.4135205030,2.4282915872,3.2501369352,0.0001380434,-0.0147714519,3.2499988918,0.0914216691,3.3058452391,20.9440284031,0.0248193668,0.5096008677,0.9129519551,0.0000000000,-0.1611595156,-0.1335687205,-0.0000000000,0.0131949675,0.0000000000,0.1611595156,-33.8434982744,1.676,1.000000,61.5638456396,0,0.3572735309
3.667363,2.4428551797,2.4282915872,3.2895845080,-0.0085696063,0.0145864161,3.2981541143,0.0915432226,3.4104607406,12.5538601859,0.0214442342,0.5096008677,0.9129519551,0.0000000000,-0.1611595156,-0.1355478078,-0.0000000000,0.0131953864,0.0000000000,0.1611595156,-33.8434982744,2.189,1.000000,61.5638456396,3,0.3572735309
3.675084,2.4681379202,2.4282915872,3.2485496427,-0.0164862612,0.0398902412,3.2650359039,0.0918756413,3.4262158436,1.8906123583,0.0219670049,0.5096008677,0.9129519551,0.0000000000,-0.1611595156,-0.1341867128,-0.0000000000,0.0131949497,0.2341502022,0.1611595156,-33.8434982744,2.703,1.000000,61.5638456396,2,0.3572735309
3.683415,2.4947521789,2.4282915872,3.1272840225,-0.0230507746,0.0665219833,3.1503347971,0.0924299911,3.3631411971,-7.5689575731,0.0264481425,0.5096008677,0.9129519551,0.0000000000,-0.1611595156,-0.1294727174,-0.0000000000,0.0131933377,0.9837899420,0.1611595156,-33.8434982744,3.216,1.000000,61.5638456396,3,0.3572735309
3.691756,2.5200626067,2.4282915872,2.9287638737,-0.0282958655,0.0918463805,2.9570597392,0.0931953776,3.2191776952,-17.2756202305,0.0369021168,0.5096008677,0.9129519551,0.0000000000,-0.1611595156,-0.1215294832,-0.0000000000,0.0131892480,1.0000000000,0.1611595156,-33.8434982744,3.729,1.000000,61.5638456396,2,0.3572735309
3.700082,2.5433689889,2.4282915872,2.6585733191,-0.0322534612,0.1151633031,2.6908267804,0.0941550718,2.9985821799,-26.4714618443,0.0576625212,0.5096008677,0.9129519551,0.0000000000,-0.1611595156,-0.1105878193,-0.0000000000,0.0131786822,1.0000000000,0.1611595156,-33.8434982744,4.242,1.000000,61.5638456396,3,0.3572735309
3.708426,2.5641922248,2.4282915872,2.3222212209,-0.0343744294,0.1359921878,2.3565956503,0.0952883400,2.7053729110,-35.1851122572,0.0966456005,0.5096008677,0.9129519551,0.0000000000,-0.1611595156,-0.0968515609,-0.0000000000,0.0131485921,1.0000000000,0.1611595156,-33.8434982744,4.755,1.000000,61.5638456396,3,0.3572735309
3.716757,2.5819375086,2.4282915872,1.9292143283,-0.0352834998,0.1537398927,1.9644978280,0.0965695058,2.3485192672,-42.8224372652,0.1640276874,0.5096008677,0.9129519551,0.0000000000,-0.1611595156,-0.0807370925,-0.0000000000,0.0130539644,1.0000000000,0.1611595156,-33.8434982744,5.268,1.000000,61.5638456396,4,0.3572735309
3.725099,2.5962217138,2.4282915872,1.4880696837,-0.0355902852,0.1680249150,1.5236599689,0.0979697134,1.9363890862,-49.4556217128,0.2664841568,0.5096008677,0.9129519551,0.0000000000,-0.1611595156,-0.0626195021,-0.0000000000,0.0127285782,1.0000000000,0.1611595156,-33.8434982744,5.781,1.000000,61.5638456396,5,0.3572735309
3.733859,2.6070800280,2.4298255680,0.9855931083,-0.0347290725,0.1773469547,1.0203221809,0.0994476047,1.4523047696,-58.0901179993,0.3989848656,0.5096008677,0.9129519551,0.0000000000,-0.1611595156,-0.0419332845,-0.0000000000,0.0114658906,1.0000000000,0.1611595156,-33.8434982744,6.294,1.000000,61.5638456396,5,0.3572735309
3.745175,2.6143749049,2.4313595488,0.2988201036,-0.0338886994,0.1831056126,0.3327088030,0.1009734848,0.7771496462,-81.0186148005,0.5282767086,0.5096008677,0.9129519551,0.0000000000,-0.1611595156,-0.0136736936,-0.0000000000,0.0050436796,1.0000000000,0.1611595156,-33.8434982744,6.807,1.000000,61.5638456396,4,0.3572735309
3.753445,2.6147285923,2.4328935296,-0.2134577658,-0.0324883744,0.1819215897,-0.1809693914,0.1024894981,0.2625951123,-61.7465440768,0.5276938576,0.5096008677,0.9133384313,0.0463771363,-0.0862576807,0.0074374949,0.0000000000,-0.0036941520,1.0000000000,0.1611595156,-18.1141129508,7.320,1.000000,61.5638456396,6,0.3582906567
3.760868,2.6114470536,2.4344275104,-0.6692336667,-0.0305416470,0.1771008854,-0.6386920197,0.1039653388,-0.2030209562,-55.8739282110,0.4525899862,0.5097772616,0.9135436448,0.0246256287,0.0786186369,0.0262490169,0.0000000000,-0.0094643198,1.0000000000,0.1611595156,16.5099137433,6.807,1.000000,61.5638456396,6,0.3556678403
3.768065,2.6050752009,2.4359614912,-1.0987238445,-0.0280617393,0.1691884472,-1.0706621052,0.1039653388,-0.6501778626,-53.6588287739,0.3375745151,0.5098707921,0.9135436448,0.0000000000,0.1611595156,0.0440021588,0.0000000000,-0.0118988291,1.0000000000,0.1611595156,33.8434982744,6.294,1.000000,61.5638456396,6,0.3556678403
3.776279,2.5941184206,2.4390294527,-1.5637871433,-0.0250615530,0.1551557148,-1.5387255903,0.1039653388,-1.1451752188,-59.3996827390,0.2117433138,0.5098707921,0.9135436448,0.0000000000,0.1611595156,0.0632386703,0.0000000000,-0.0128141446,1.0000000000,0.1611595156,33.8434982744,5.781,1.000000,61.5638456396,7,0.3556678403
3.783962,2.5805384155,2.4405634335,-1.9651280317,-0.0215536778,0.1400323864,-1.9435743539,0.1039653388,-1.5790511005,-52.0651058073,0.1241225437,0.5098707921,0.9135436448,0.0000000000,0.1611595156,0.0798771779,0.0000000000,-0.0130672848,1.0000000000,0.1611595156,33.8434982744,5.268,1.000000,61.5638456396,5,0.3556678403
3.791761,2.5637561769,2.4420974143,-2.3304402029,-0.0175503988,0.1217055050,-2.3128898041,0.1039653388,-1.9835424415,-48.5389609203,0.0682059352,0.5098707921,0.9135436448,0.0000000000,0.1611595156,0.0950553345,0.0000000000,-0.0131496966,1.0000000000,0.1611595156,33.8434982744,4.755,1.000000,61.5638456396,5,0.3556678403
3.800097,2.5428937646,2.4451653759,-2.6650796000,-0.0130637038,0.0977631816,-2.6520158962,0.1039653388,-2.3686224817,-46.2096048202,0.0354904009,0.5098707921,0.9135436448,0.0000000000,0.1611595156,0.1089927664,0.0000000000,-0.0131790371,1.0000000000,0.1611595156,33.8434982744,4.242,1.000000,61.5638456396,4,0.3556678403
3.808412,2.5195691557,2.4466993567,-2.9335043639,-0.0081052903,0.0728913860,-2.9253990736,0.1039653388,-2.6897435991,-38.5345340890,0.0194717430,0.5098707921,0.9135436448,0.0000000000,0.1611595156,0.1202282906,0.0000000000,-0.0131893733,1.0000000000,0.1611595156,33.8434982744,3.729,1.000000,61.5638456396,4,0.3556678403
3.816765,2.4941900120,2.4497673183,-3.1307252375,-0.0026865732,0.0444298490,-3.1280386643,0.1039653388,-2.9470111377,-30.8721046325,0.0117476709,0.5098707921,0.9135436448,0.0000000000,0.1611595156,0.1285563891,0.0000000000,-0.0131933910,0.3784780925,0.1611595156,33.8434982744,3.216,1.000000,61.5638456396,4,0.3556678403
3.825129,2.4674487233,2.4513012990,-3.2506015833,0.0026010220,0.0161404969,-3.2532026053,0.1039653388,-3.1264725414,-21.5353684472,0.0082712878,0.5098707921,0.9135436448,0.0000000000,0.1611595156,0.1337003870,0.0000000000,-0.0131949727,0.0000000000,0.1611595156,33.8434982744,2.703,1.000000,61.5638456396,3,0.3556678403
3.833423,2.4402677184,2.4543692606,-3.2898634115,0.0083409554,-0.0141237569,-3.2982043670,0.1038476408,-3.2296707123,-12.3837805013,0.0069449612,0.5098707921,0.9135436448,0.0000000000,0.1611595156,0.1355498730,0.0000000000,-0.0131953892,0.0000000000,0.1611595156,33.8434982744,2.189,1.000000,61.5638456396,4,0.3556678403
3.841713,2.4131105328,2.4559032414,-3.2489155075,0.0139419941,-0.0428298406,-3.2628575016,0.1034907255,-3.2497498820,-2.4095003709,0.0071176460,0.5098707921,0.9135436448,0.0000000000,0.1611595156,0.1340971847,0.0000000000,-0.0131949538,0.3257020964,0.1611595156,33.8434982744,1.676,1.000000,61.5638456396,2,0.3556678403
3.850101,2.3863128989,2.4559032414,-3.1269033679,0.0194074990,-0.0696420310,-3.1463108669,0.1029103752,-3.1851999988,7.7459859833,0.0089109063,0.5098707921,0.9135436448,0.0000000000,0.1611595156,0.1293073415,0.0000000000,-0.0131933317,0.9999539693,0.1611595156,33.8434982744,1.163,1.000000,61.5638456396,1,0.3556678403
3.858490,2.3608685318,2.4589712030,-2.9268732318,0.0247407498,-0.0981685638,-2.9516139815,0.1020923039,-3.0460092441,16.7028905699,0.0131343358,0.5098707921,0.9135436448,0.0000000000,0.1611595156,0.1213056730,0.0000000000,-0.0131891976,1.0000000000,0.1611595156,33.8434982744,0.650,1.000000,61.5638456396,1,0.3556678403
3.866785,2.3376596838,2.4589712030,-2.6572231940,0.0293646594,-0.1213897267,-2.6865878533,0.1010807228,-2.8264845490,26.3429634091,0.0223019268,0.5098707921,0.9135436448,0.0000000000,0.1611595156,0.1104136075,0.0000000000,-0.0131786078,1.0000000000,0.1611595156,33.8434982744,0.137,1.000000,61.5638456396,1,0.3556678403
3.875178,2.3167364678,2.4589712030,-2.3184666089,0.0332963925,-0.1423234142,-2.3517630014,0.0998946944,-2.5329313041,35.2263893865,0.0415629597,0.5098707921,0.9135436448,0.0000000000,0.1611595156,0.0966529483,0.0000000000,-0.0131480793,1.0000000000,0.1611595156,33.8434982744,-0.376,1.000000,61.5638456396,0,0.3556678403
3.883438,2.2991606759,2.4589712030,-1.9284673004,0.0365526984,-0.1599078786,-1.9650199988,0.0985621287,-2.1811665011,42.2117763554,0.0789432640,0.5098707921,0.9135436448,0.0000000000,0.1611595156,0.0807585528,0.0000000000,-0.0130536736,1.0000000000,0.1611595156,33.8434982744,-0.889,1.000000,61.5638456396,0,0.3556678403
3.891778,2.2848876033,2.4589712030,-1.4874172356,0.0391499209,-0.1741878685,-1.5265671565,0.0971105631,-1.7714589780,49.1649027817,0.1464827340,0.5098707921,0.9135436448,0.0000000000,0.1611595156,0.0627389820,0.0000000000,-0.0127277651,1.0000000000,0.1611595156,33.8434982744,-1.402,1.000000,61.5638456396,0,0.3556678403
3.900108,2.2744630274,2.4574372222,-1.0102372080,0.0411040087,-0.1830836680,-1.0513412167,0.0955848659,-1.3147124296,54.8095857979,0.2504559967,0.5098707921,0.9135436448,0.0000000000,0.1611595156,0.0432081074,0.0000000000,-0.0115703639,1.0000000000,0.1611595156,33.8434982744,-1.915,1.000000,61.5638456396,0,0.3556678403
3.908425,2.2681321733,2.4574372222,-0.5090086848,0.0418502370,-0.1894165095,-0.5508589218,0.0940063950,-0.8278388899,58.4248247727,0.3741622647,0.5098707921,0.9135436448,0.0000000000,0.1611595156,0.0226392451,0.0000000000,-0.0078561885,1.0000000000,0.1611595156,33.8434982744,-2.428,1.000000,61.5638456396,-1,0.3556678403
3.916761,2.2660307851,2.4559032414,0.0058589016,0.0419981207,-0.1899843108,-0.0361392191,0.0924231924,-0.3156671101,61.4606135718,0.4760680231,0.5098707921,0.9140592563,0.0618733756,0.1015283358,0.0014852526,0.0000000000,0.0001041728,1.0000000000,0.1611595156,21.3209505165,-2.941,1.000000,61.5638456396,-2,0.3590001605
3.925139,2.2682513763,2.4528352798,0.5231547906,0.0409818514,-0.1846930513,0.4821729392,0.0908840836,0.2113833845,63.2460593500,0.5110279637,0.5101053876,0.9143034834,0.0293072474,-0.0825231735,-0.0198163829,-0.0000000000,0.0080167661,1.0000000000,0.1611595156,-17.3298664314,-2.428,1.000000,61.5638456396,-1,0.3572059460
3.933424,2.2746647929,2.4497673183,1.0219489771,0.0394098864,-0.1752074866,0.9825390907,0.0908840836,0.7299557535,62.2286842844,0.4520714552,0.5102163046,0.9143034834,0.0000000000,-0.1611595156,-0.0403804720,-0.0000000000,0.0116179251,1.0000000000,0.1611595156,-33.8434982744,-1.915,1.000000,61.5638456396,-1,0.3572059460
3.941963,2.2854982213,2.4466993567,1.5099096621,0.0367153853,-0.1612989203,1.4731942768,0.0908840836,1.2473064913,62.0820885378,0.3382380347,0.5102163046,0.9143034834,0.0000000000,-0.1611595156,-0.0605454590,-0.0000000000,0.0127550146,1.0000000000,0.1611595156,-33.8434982744,-1.402,1.000000,61.5638456396,-1,0.3572059460
3.950118,2.2995921441,2.4420974143,1.9396584623,0.0329255110,-0.1425929615,1.9067329513,0.0908840836,1.7167486429,56.3330581865,0.2265131446,0.5102163046,0.9143034834,0.0000000000,-0.1611595156,-0.0783630669,-0.0000000000,0.0130579705,1.0000000000,0.1611595156,-33.8434982744,-0.889,1.000000,61.5638456396,-1,0.3572059460
3.958466,2.3174594938,2.4390294527,2.3321069450,0.0274864822,-0.1216431643,2.3046204628,0.0908840836,2.1548463660,52.5717267728,0.1386519204,0.5102163046,0.9143034834,0.0000000000,-0.1611595156,-0.0947154804,-0.0000000000,0.0131499177,1.0000000000,0.1611595156,-33.8434982744,-0.376,1.000000,61.5638456396,-1,0.3572059460
3.966756,2.3382121756,2.4344275104,2.6647940592,0.0210184922,-0.0962713138,2.6437755670,0.0908840836,2.5426991959,46.5423395870,0.0829122938,0.5102163046,0.9143034834,0.0000000000,-0.1611595156,-0.1086541047,-0.0000000000,0.0131790217,1.0000000000,0.1611595156,-33.8434982744,0.137,1.000000,61.5638456396,0,0.3572059460
3.978677,2.3722857196,2.4313595488,3.0276808831,0.0129661526,-0.0591083622,3.0147147305,0.0908840836,2.9849674579,53.0721914432,0.0423264574,0.5102163046,0.9143034834,0.0000000000,-0.1611595156,-0.1238989928,-0.0000000000,0.0131915575,0.8489640303,0.1611595156,-33.8434982744,0.650,1.000000,61.5638456396,-1,0.3572059460
3.987410,2.3995326837,2.4298255680,3.1976658869,0.0045283760,-0.0303049448,3.1931375109,0.0908840836,3.2186743778,28.0448303864,0.0290317524,0.5102163046,0.9143034834,0.0000000000,-0.1611595156,-0.1312318268,-0.0000000000,0.0131943367,0.0251225355,0.1611595156,-33.8434982744,1.163,1.000000,61.5638456396,0,0.3572059460
3.995504,2.4257907280,2.4282915872,3.2780623784,-0.0037052235,-0.0024909910,3.2817676019,0.0908840836,3.3606894710,17.0418111804,0.0233178498,0.5102163046,0.9143034834,0.0000000000,-0.1611595156,-0.1348743535,-0.0000000000,0.0131952686,0.0000000000,0.1611595156,-33.8434982744,1.676,1.000000,61.5638456396,0,0.3572059460
4.003494,2.4520490055,2.4282915872,3.2827368129,-0.0117395867,0.0237886846,3.2944763996,0.0910823227,3.4240210133,7.5997850791,0.0217363782,0.5102163046,0.9143034834,0.0000000000,-0.1611595156,-0.1353966607,-0.0000000000,0.0131953169,0.0000000000,0.1611595156,-33.8434982744,2.189,1.000000,61.5638456396,2,0.3572059460
4.011040,2.4766233063,2.4282915872,3.2188853868,-0.0189992472,0.0483823202,3.2378846340,0.0914855087,3.4150046274,-1.0819663062,0.0233744151,0.5102163046,0.9143034834,0.0000000000,-0.1611595156,-0.1330708477,-0.0000000000,0.0131946026,0.5132602689,0.1611595156,-33.8434982744,2.703,1.000000,61.5638456396,3,0.3572059460
4.018593,2.5004884890,2.4282915872,3.0898745922,-0.0249226641,0.0722632789,3.1147972563,0.0920877027,3.3383080290,-9.2035918077,0.0286913434,0.5102163046,0.9143034834,0.0000000000,-0.1611595156,-0.1280121926,-0.0000000000,0.0131927243,1.0000000000,0.1611595156,-33.8434982744,3.216,1.000000,61.5638456396,2,0.3572059460
4.026214,2.5233382174,2.4282915872,2.8963418933,-0.0301224591,0.0951268560,2.9264643524,0.0928804265,3.1945886576,-17.2463245641,0.0396456082,0.5102163046,0.9143034834,0.0000000000,-0.1611595156,-0.1202720715,-0.0000000000,0.0131883470,1.0000000000,0.1611595156,-33.8434982744,3.729,1.000000,61.5638456396,1,0.3572059460
4.033631,2.5439416519,2.4282915872,2.6506715723,-0.0334555677,0.1157391677,2.6841271400,0.0938449195,2.9927021853,-24.2263766862,0.0593397768,0.5102163046,0.9143034834,0.0000000000,-0.1611595156,-0.1103124769,-0.0000000000,0.0131782427,1.0000000000,0.1611595156,-33.8434982744,4.242,1.000000,61.5638456396,5,0.3572059460
4.041766,2.5642074476,2.4282915872,2.3219332388,-0.0355474473,0.1360105346,2.3574806861,0.0949783406,2.7060076560,-34.4033435058,0.0980739089,0.5102163046,0.9143034834,0.0000000000,-0.1611595156,-0.0968879342,-0.0000000000,0.0131485529,1.0000000000,0.1611595156,-33.8434982744,4.755,1.000000,61.5638456396,3,0.3572059460
4.051363,2.5843514959,2.4282915872,1.8647475263,-0.0364281330,0.1561569285,1.9011756593,0.0962796484,2.2895693067,-49.9726019211,0.1796036042,0.5102163046,0.9143034834,0.0000000000,-0.1611595156,-0.0781346729,-0.0000000000,0.0130266102,1.0000000000,0.1611595156,-33.8434982744,5.268,1.000000,61.5638456396,4,0.3572059460
4.059418,2.5976611594,2.4298255680,1.4333158836,-0.0361269334,0.1679318090,1.4694428170,0.0976790801,1.8817255611,-48.9412494653,0.2837440186,0.5102163046,0.9143034834,0.0000000000,-0.1611595156,-0.0603912812,-0.0000000000,0.0126553238,1.0000000000,0.1611595156,-33.8434982744,5.781,1.000000,61.5638456396,3,0.3572059460
4.067698,2.6075714209,2.4298255680,0.9555951770,-0.0352527349,0.1778397422,0.9908479119,0.0991610780,1.4235124504,-54.9855732860,0.4100303307,0.5102163046,0.9143034834,0.0000000000,-0.1611595156,-0.0407219486,-0.0000000000,0.0113303215,1.0000000000,0.1611595156,-33.8434982744,6.294,1.000000,61.5638456396,5,0.3572059460
4.075309,2.6131037794,2.4313595488,0.4957006874,-0.0343996902,0.1818358480,0.5301003776,0.1006763767,0.9718304525,-54.2018397492,0.5064785642,0.5102163046,0.9143034834,0.0000000000,-0.1611595156,-0.0217861087,-0.0000000000,0.0077017616,1.0000000000,0.1611595156,-33.8434982744,6.807,1.000000,61.5638456396,5,0.3572059460
4.083439,2.6150960156,2.4313595488,-0.0065238197,-0.0335672875,0.1838258673,0.0270434678,0.1022082589,0.4740039492,-59.7391804026,0.5419580710,0.5102163046,0.9143034834,0.0000000000,-0.1611595156,-0.0011114347,-0.0000000000,-0.0001159946,1.0000000000,0.1611595156,-33.8434982744,7.320,1.000000,61.5638456396,7,0.3572059460
4.092306,2.6126061412,2.4328935296,-0.5537564265,-0.0321747400,0.1797983033,-0.5215816865,0.1037065781,-0.0809716209,-66.5970684044,0.4773454674,0.5102163046,0.9143374789,0.0040794664,0.0387898510,0.0214360068,0.0000000000,-0.0083515852,1.0000000000,0.1611595156,8.1458687171,6.807,1.000000,61.5638456396,6,0.3514561911
4.100135,2.6064166340,2.4344275104,-1.0245661976,-0.0302356020,0.1720696508,-0.9943305956,0.1037065781,-0.5685545998,-58.5099574690,0.3547273610,0.5102317335,0.9143374789,0.0000000000,0.1611595156,0.0408650802,0.0000000000,-0.0116283744,1.0000000000,0.1611595156,33.8434982744,6.294,1.000000,61.5638456396,7,0.3514561911
4.108431,2.5959277214,2.4359614912,-1.4989462727,-0.0277630999,0.1600401723,-1.4711831728,0.1037065781,-1.0684960818,-59.9929778426,0.2267163651,0.5102317335,0.9143374789,0.0000000000,0.1611595156,0.0604628065,0.0000000000,-0.0127419316,1.0000000000,0.1611595156,33.8434982744,5.781,1.000000,61.5638456396,5,0.3514561911
4.116673,2.5817512204,2.4374954720,-1.9340554513,-0.0247701401,0.1443217193,-1.9092853112,0.1037065781,-1.5367675969,-56.1925818155,0.1293518032,0.5102317335,0.9143374789,0.0000000000,0.1611595156,0.0784679640,0.0000000000,-0.0130558352,1.0000000000,0.1611595156,33.8434982744,5.268,1.000000,61.5638456396,7,0.3514561911
4.125125,2.5636853797,2.4390294527,-2.3317691782,-0.0218496038,0.1247141195,-2.3099195744,0.1037065781,-1.9750359111,-52.5921977042,0.0679524215,0.5102317335,0.9143374789,0.0000000000,0.1611595156,0.0949332637,0.0000000000,-0.0131498730,1.0000000000,0.1611595156,33.8434982744,4.755,1.000000,61.5638456396,4,0.3514561911
4.133423,2.5429122230,2.4420974143,-2.6648277458,-0.0184194513,0.1008638656,-2.6464082945,0.1037065781,-2.3573018648,-45.8719144379,0.0355643000,0.5102317335,0.9143374789,0.0000000000,0.1611595156,0.1087623047,0.0000000000,-0.0131790235,1.0000000000,0.1611595156,33.8434982744,4.242,1.000000,61.5638456396,5,0.3514561911
4.141781,2.5194653811,2.4436313951,-2.9344965805,-0.0144920142,0.0758725829,-2.9200045663,0.1037065781,-2.6788654155,-38.5876260852,0.0195193945,0.5102317335,0.9143374789,0.0000000000,0.1611595156,0.1200065867,0.0000000000,-0.0131893993,1.0000000000,0.1611595156,33.8434982744,3.729,1.000000,61.5638456396,4,0.3514561911
4.150083,2.4942380737,2.4451653759,-3.1304325856,-0.0100793258,0.0490995423,-3.1203532598,0.1037065781,-2.9306012236,-30.2082969695,0.0119104733,0.5102317335,0.9143374789,0.0000000000,0.1611595156,0.1282405337,0.0000000000,-0.0131933865,0.5378856230,0.1611595156,33.8434982744,3.216,1.000000,61.5638456396,4,0.3514561911
4.158448,2.4674925449,2.4466993567,-3.2504726979,-0.0051931283,0.0208070192,-3.2452795696,0.1037065781,-3.1098310825,-21.5075830762,0.0083989121,0.5102317335,0.9143374789,0.0000000000,0.1611595156,0.1333747654,0.0000000000,-0.0131949713,0.0000000000,0.1611595156,33.8434982744,2.703,1.000000,61.5638456396,4,0.3514561911
4.166765,2.4402400583,2.4482333375,-3.2898624868,-0.0004251668,-0.0079921468,-3.2894373200,0.1036399769,-3.2093261511,-11.9394082309,0.0071078298,0.5102317335,0.9143374789,0.0000000000,0.1611595156,0.1351895642,0.0000000000,-0.0131953892,0.0000000000,0.1611595156,33.8434982744,2.189,1.000000,61.5638456396,3,0.3514561911
4.175096,2.4129482206,2.4497673183,-3.2484267223,0.0042274196,-0.0368303567,-3.2526541419,0.1033330573,-3.2281765606,-2.2620491309,0.0073091226,0.5102317335,0.9143374789,0.0000000000,0.1611595156,0.1336778462,0.0000000000,-0.0131949484,0.1496536103,0.1611595156,33.8434982744,1.676,1.000000,61.5638456396,1,0.3514561911
4.183437,2.3863052578,2.4497673183,-3.1268562616,0.0087674229,-0.0634854109,-3.1356236845,0.1028040122,-3.1627940025,7.8459069651,0.0091586168,0.5102317335,0.9143374789,0.0000000000,0.1611595156,0.1288681188,0.0000000000,-0.0131933310,0.9430062133,0.1611595156,33.8434982744,1.163,1.000000,61.5638456396,1,0.3514561911
4.191773,2.3610164843,2.4513012990,-2.9283029216,0.0126172801,-0.0903184187,-2.9409202017,0.1020513587,-3.0202859162,17.1009703518,0.0135574061,0.5102317335,0.9143374789,0.0000000000,0.1611595156,0.1208661792,0.0000000000,-0.0131892358,1.0000000000,0.1611595156,33.8434982744,0.650,1.000000,61.5638456396,0,0.3514561911
4.200107,2.3376911780,2.4513012990,-2.6576564396,0.0163739785,-0.1136537302,-2.6740304181,0.1011042443,-2.7990572853,26.5474357151,0.0230533195,0.5102317335,0.9143374789,0.0000000000,0.1611595156,0.1098975210,0.0000000000,-0.0131786317,1.0000000000,0.1611595156,33.8434982744,0.137,1.000000,61.5638456396,0,0.3514561911
4.208415,2.3169603194,2.4513012990,-2.3227068166,0.0194594852,-0.1343928065,-2.3421663018,0.0999843042,-2.5080303805,34.9232285689,0.0425991510,0.5102317335,0.9143374789,0.0000000000,0.1611595156,0.0962585424,0.0000000000,-0.0131486580,1.0000000000,0.1611595156,33.8434982744,-0.376,1.000000,61.5638456396,0,0.3514561911
4.216763,2.2991777860,2.4513012990,-1.9289129800,0.0218900416,-0.1521818133,-1.9508030216,0.0987161224,-2.1519785937,42.7262144160,0.0812178099,0.5102317335,0.9143374789,0.0000000000,0.1611595156,0.0801742623,0.0000000000,-0.0130538472,1.0000000000,0.1611595156,33.8434982744,-0.889,1.000000,61.5638456396,0,0.3514561911
4.225120,2.2848746862,2.4513012990,-1.4869367895,0.0236814961,-0.1664896843,-1.5106182856,0.0973287084,-1.7405336082,49.3733982639,0.1502619762,0.5102317335,0.9143374789,0.0000000000,0.1611595156,0.0620835140,0.0000000000,-0.0127271655,1.0000000000,0.1611595156,33.8434982744,-1.402,1.000000,61.5638456396,0,0.3514561911
4.233431,2.2744740883,2.4497673183,-1.0108831410,0.0248493138,-0.1753594117,-1.0357324548,0.0958673800,-1.2840178443,54.7818916722,0.2552337660,0.5102317335,0.9143374789,0.0000000000,0.1611595156,0.0425666172,0.0000000000,-0.0115730215,1.0000000000,0.1611595156,33.8434982744,-1.915,1.000000,61.5638456396,0,0.3514561911
4.241757,2.2681329182,2.4497673183,-0.5090983369,0.0248282981,-0.1817005258,-0.5339266351,0.0943532089,-0.7957774385,58.5888486970,0.3791220511,0.5102317335,0.9143374789,0.0000000000,0.1611595156,0.0219433606,0.0000000000,-0.0078572178,1.0000000000,0.1611595156,33.8434982744,-2.428,1.000000,61.5638456396,-1,0.3514561911
4.250267,2.2660327208,2.4482333375,0.0165651573,0.0242275037,-0.1822651423,-0.0076623463,0.0928343327,-0.2719957162,62.8538066723,0.4803400027,0.5102317335,0.9147229268,0.0462537506,0.0873759530,0.0003149077,0.0000000000,0.0002944900,1.0000000000,0.1611595156,18.3489501322,-2.941,1.000000,61.5638456396,-2,0.3525194136
4.258421,2.2682248810,2.4466993567,0.5200446237,0.0236412472,-0.1785374399,0.4964033765,0.0913465207,0.2378545568,61.1820327548,0.5060663709,0.5104064926,0.9150298130,0.0368263368,-0.0914442186,-0.0204012266,-0.0000000000,0.0079817770,1.0000000000,0.1611595156,-19.2032859059,-2.428,1.000000,61.5638456396,-1,0.3521227193
4.266774,2.2746821936,2.4436313951,1.0229520854,0.0219086024,-0.1690075511,1.0010434830,0.0913465207,0.7607859547,62.7517677532,0.4463305026,0.5105453999,0.9150298130,0.0000000000,-0.1611595156,-0.0411409670,-0.0000000000,0.0116219377,1.0000000000,0.1611595156,-33.8434982744,-1.915,1.000000,61.5638456396,-2,0.3521227193
4.275193,2.2853433263,2.4390294527,1.5042442020,0.0196375969,-0.1537384276,1.4846066052,0.0913465207,1.2736560282,61.5444088244,0.3338291671,0.5105453999,0.9150298130,0.0000000000,-0.1611595156,-0.0610144838,-0.0000000000,0.0127483004,1.0000000000,0.1611595156,-33.8434982744,-1.402,1.000000,61.5638456396,-1,0.3521227193
4.283427,2.2995451040,2.4359614912,1.9384431602,0.0162609704,-0.1364596954,1.9221821898,0.0913465207,1.7443957278,56.4887639474,0.2215646408,0.5105453999,0.9150298130,0.0000000000,-0.1611595156,-0.0789980010,-0.0000000000,0.0130575101,1.0000000000,0.1611595156,-33.8434982744,-0.889,1.000000,61.5638456396,-1,0.3521227193
4.291770,2.3173910622,2.4328935296,2.3308227744,0.0118054769,-0.1155339092,2.3190172974,0.0913465207,2.1813949612,52.4399080104,0.1352358917,0.5105453999,0.9150298130,0.0000000000,-0.1611595156,-0.0953071627,-0.0000000000,0.0131497475,1.0000000000,0.1611595156,-33.8434982744,-0.376,1.000000,61.5638456396,-1,0.3521227193
4.300086,2.3382056114,2.4282915872,2.6647044747,0.0062972227,-0.0901027473,2.6584072520,0.0913465207,2.5695964814,46.5841824212,0.0805712791,0.5105453999,0.9150298130,0.0000000000,-0.1611595156,-0.1092554388,-0.0000000000,0.0131790168,1.0000000000,0.1611595156,-33.8434982744,0.137,1.000000,61.5638456396,-1,0.3521227193
4.308438,2.3616346433,2.4252236256,2.9342400883,-0.0002383174,-0.0635883476,2.9344784057,0.0913465207,2.8965583246,39.2354211876,0.0493064624,0.5105453999,0.9150298130,0.0000000000,-0.1611595156,-0.1206014337,-0.0000000000,0.0131893926,0.9447493924,0.1611595156,-33.8434982744,0.650,1.000000,61.5638456396,-1,0.3521227193
4.316764,2.3869358657,2.4236896449,3.1307192164,-0.0071959981,-0.0367346139,3.1379152145,0.0913465207,3.1515371272,30.5974563128,0.0327353138,0.5105453999,0.9150298130,0.0000000000,-0.1611595156,-0.1289622963,-0.0000000000,0.0131933909,0.1472318443,0.1611595156,-33.8434982744,1.163,1.000000,61.5638456396,1,0.3521227193
4.325097,2.4135750915,2.4236896449,3.2502981504,-0.0145656042,-0.0100757605,3.2648637547,0.0913465207,3.3296536155,21.3739785948,0.0245189149,0.5105453999,0.9150298130,0.0000000000,-0.1611595156,-0.1341796378,-0.0000000000,0.0131949693,0.0000000000,0.1611595156,-33.8434982744,1.676,1.000000,61.5638456396,1,0.3521227193
4.333421,2.4408531776,2.4236896449,3.2898636003,-0.0217568809,0.0172214783,3.3116204812,0.0914900331,3.4289357547,11.9138566977,0.0213129605,0.5105453999,0.9150298130,0.0000000000,-0.1611595156,-0.1361012496,-0.0000000000,0.0131953892,0.0000000000,0.1611595156,-33.8434982744,2.189,1.000000,61.5638456396,2,0.3521227193
4.341758,2.4681627042,2.4236896449,3.2484748617,-0.0281938560,0.0445481486,3.2766687176,0.0918612676,3.4467756226,2.1407841497,0.0218275516,0.5105453999,0.9150298130,0.0000000000,-0.1611595156,-0.1346647992,-0.0000000000,0.0131949489,0.3824398046,0.1611595156,-33.8434982744,2.703,1.000000,61.5638456396,2,0.3521227193
4.350232,2.4952228456,2.4236896449,3.1243723556,-0.0333144947,0.0716219279,3.1576868503,0.0924581170,3.3803077858,-7.9761404081,0.0264651318,0.5105453999,0.9150298130,0.0000000000,-0.1611595156,-0.1297748726,-0.0000000000,0.0131932921,1.0000000000,0.1611595156,-33.8434982744,3.216,1.000000,61.5638456396,3,0.3521227193
4.358421,2.5200558246,2.4236896449,2.9288292804,-0.0371506498,0.0964651239,2.9659799302,0.0932619931,3.2370242715,-17.1940217275,0.0368026446,0.5105453999,0.9150298130,0.0000000000,-0.1611595156,-0.1218960859,-0.0000000000,0.0131892498,1.0000000000,0.1611595156,-33.8434982744,3.729,1.000000,61.5638456396,4,0.3521227193
4.366757,2.5433905523,2.4252236256,2.6582770021,-0.0397334032,0.1182727495,2.6980104053,0.0942475993,3.0118191697,-27.0246122051,0.0576952999,0.5105453999,0.9150298130,0.0000000000,-0.1611595156,-0.1108830525,-0.0000000000,0.0131786659,1.0000000000,0.1611595156,-33.8434982744,4.242,1.000000,61.5638456396,5,0.3521227193
4.375108,2.5642268381,2.4252236256,2.3215663094,-0.0410930846,0.1391126565,2.3626593940,0.0954068714,2.7175351248,-35.3140853942,0.0967306463,0.5105453999,0.9150298130,0.0000000000,-0.1611595156,-0.0971007692,-0.0000000000,0.0131485030,1.0000000000,0.1611595156,-33.8434982744,4.755,1.000000,61.5638456396,5,0.3521227193
4.383435,2.5819590824,2.4252236256,1.9286524849,-0.0412592899,0.1568453436,1.9699117748,0.0967139160,2.3600266932,-42.9010117948,0.1640665058,0.5105453999,0.9150298130,0.0000000000,-0.1611595156,-0.0809595954,-0.0000000000,0.0130537457,1.0000000000,0.1611595156,-33.8434982744,5.268,1.000000,61.5638456396,5,0.3521227193
4.391767,2.5962233125,2.4267576064,1.4880102660,-0.0408411861,0.1695744793,1.5288514521,0.0981270366,1.9446996342,-49.8392470741,0.2662283953,0.5105453999,0.9150298130,0.0000000000,-0.1611595156,-0.0628328621,-0.0000000000,0.0127285042,1.0000000000,0.1611595156,-33.8434982744,5.781,1.000000,61.5638456396,3,0.3521227193
4.400107,2.6066623798,2.4282915872,1.0103224864,-0.0398529122,0.1784769337,1.0501753986,0.0996143444,1.4844803893,-55.2263093864,0.3914891663,0.5105453999,0.9150298130,0.0000000000,-0.1611595156,-0.0431601945,-0.0000000000,0.0115707150,1.0000000000,0.1611595156,-33.8434982744,6.294,1.000000,61.5638456396,5,0.3521227193
4.408434,2.6129992062,2.4282915872,0.5084652499,-0.0383082653,0.1848096462,0.5467735152,0.1011544248,0.9946516564,-58.7794479561,0.4994036660,0.5105453999,0.9150298130,0.0000000000,-0.1611595156,-0.0224713427,-0.0000000000,0.0078499463,1.0000000000,0.1611595156,-33.8434982744,6.807,1.000000,61.5638456396,5,0.3521227193
4.416786,2.6150959180,2.4298255680,-0.0073930891,-0.0362207084,0.1853668174,0.0288276194,0.1026991483,0.4791978417,-61.8544577556,0.5361480652,0.5105453999,0.9150298130,0.0000000000,-0.1611595156,-0.0011847599,-0.0000000000,-0.0001314494,1.0000000000,0.1611595156,-33.8434982744,7.320,1.000000,61.5638456396,7,0.3521227193
4.425496,2.6126846124,2.4313595488,-0.5450233476,-0.0336033789,0.1814145602,-0.5114199687,0.1042109363,-0.0672432166,-65.5729270001,0.4736565967,0.5105453999,0.9150531192,0.0027967408,0.0339949083,0.0210183797,0.0000000000,-0.0082577789,1.0000000000,0.1611595156,7.1389307334,6.807,1.000000,61.5638456396,6,0.3462691797
4.433969,2.6058962898,2.4328935296,-1.0540237186,-0.0310493835,0.1730854547,-1.0229743351,0.1042109363,-0.5947841386,-63.3049106352,0.3423158624,0.5105559406,0.9150531192,0.0000000000,0.1611595156,0.0420422830,0.0000000000,-0.0117416011,1.0000000000,0.1611595156,33.8434982744,6.294,1.000000,61.5638456396,6,0.3462691797
4.442592,2.5946677502,2.4359614912,-1.5444679633,-0.0279769022,0.1587807706,-1.5164910611,0.1042109363,-1.1157567092,-62.5167084733,0.2116845460,0.5105559406,0.9150531192,0.0000000000,0.1611595156,0.0623248738,0.0000000000,-0.0127938916,1.0000000000,0.1611595156,33.8434982744,5.781,1.000000,61.5638456396,5,0.3462691797
4.451043,2.5797190552,2.4390294527,-1.9856962623,-0.0243984815,0.1407545834,-1.9612977808,0.1042109363,-1.5951621791,-57.5286563865,0.1172219693,0.5105559406,0.9150531192,0.0000000000,0.1611595156,0.0806055767,0.0000000000,-0.0130743583,1.0000000000,0.1611595156,33.8434982744,5.268,1.000000,61.5638456396,6,0.3462691797
4.460330,2.5592463585,2.4405634335,-2.4121617923,-0.0197460768,0.1187355151,-2.3924157156,0.1042109363,-2.0685426421,-56.8056555596,0.0572136749,0.5105559406,0.9150531192,0.0000000000,0.1611595156,0.0983236969,0.0000000000,-0.0131594496,1.0000000000,0.1611595156,33.8434982744,4.755,1.000000,61.5638456396,5,0.3462691797
4.469337,2.5359163239,2.4420974143,-2.7554910028,-0.0152062508,0.0938594087,-2.7402847521,0.1042109363,-2.4641578928,-47.4738300925,0.0286214947,0.5105559406,0.9150531192,0.0000000000,0.1611595156,0.1126204470,0.0000000000,-0.0131833768,1.0000000000,0.1611595156,33.8434982744,4.242,1.000000,61.5638456396,5,0.3462691797
4.479042,2.5077341573,2.4451653759,-3.0364660554,-0.0101959920,0.0625959366,-3.0262700633,0.1042109363,-2.8101490751,-41.5189418679,0.0147634796,0.5105559406,0.9150531192,0.0000000000,0.1611595156,0.1243738948,0.0000000000,-0.0131917344,0.9269726311,0.1611595156,33.8434982744,3.729,1.000000,61.5638456396,3,0.3462691797
4.487629,2.4808940814,2.4466993567,-3.2008289225,-0.0047266841,0.0342073134,-3.1961022383,0.1042109363,-3.0344692500,-26.9184209896,0.0094708626,0.5105559406,0.9150531192,0.0000000000,0.1611595156,0.1313536714,0.0000000000,-0.0131943773,0.0890854581,0.1611595156,33.8434982744,3.216,1.000000,61.5638456396,4,0.3462691797
4.495947,2.4538842498,2.4497673183,-3.2802721549,0.0006102776,0.0041153062,-3.2808824325,0.1042109363,-3.1770068519,-17.1045122346,0.0072524441,0.5105559406,0.9150531192,0.0000000000,0.1611595156,0.1348379748,0.0000000000,-0.0131952915,0.0000000000,0.1611595156,33.8434982744,2.703,1.000000,61.5638456396,3,0.3462691797
4.505286,2.4232021409,2.4513012990,-3.2735512881,0.0063983830,-0.0281161991,-3.2799496711,0.1039766346,-3.2381537548,-7.3376283402,0.0067881993,0.5105559406,0.9150531192,0.0000000000,0.1611595156,0.1347996401,0.0000000000,-0.0131952215,0.0057328689,0.1611595156,33.8434982744,2.189,1.000000,61.5638456396,2,0.3462691797
4.512961,2.3983464305,2.4513012990,-3.1921747517,0.0114661407,-0.0529854065,-3.2036408924,0.1035350896,-3.2099846054,3.3802979246,0.0077580500,0.5105559406,0.9150531192,0.0000000000,0.1611595156,0.1316634956,0.0000000000,-0.0131942654,0.6685147311,0.1611595156,33.8434982744,1.676,1.000000,61.5638456396,2,0.3462691797
4.521113,2.3729228665,2.4528352798,-3.0327579819,0.0164112689,-0.0799561218,-3.0491692509,0.1028687886,-3.1078931414,12.2509756762,0.0105482769,0.5105559406,0.9150531192,0.0000000000,0.1611595156,0.1253150075,0.0000000000,-0.0131916603,1.0000000000,0.1611595156,33.8434982744,1.163,1.000000,61.5638456396,1,0.3462691797
4.528953,2.3499697542,2.4528352798,-2.8119675813,0.0212367351,-0.1029220859,-2.8332043164,0.1020111045,-2.9367980847,20.5314068078,0.0163719187,0.5105559406,0.9150531192,0.0000000000,0.1611595156,0.1164392629,0.0000000000,-0.0131855982,1.0000000000,0.1611595156,33.8434982744,0.650,1.000000,61.5638456396,0,0.3462691797
4.541138,2.3183860062,2.4543692606,-2.3493548582,0.0253651475,-0.1360508100,-2.3747200057,0.1008773478,-2.5429439100,47.2625009645,0.0389770056,0.5105559406,0.9150531192,0.0000000000,0.1611595156,0.0975964372,0.0000000000,-0.0131521479,1.0000000000,0.1611595156,33.8434982744,0.137,1.000000,61.5638456396,1,0.3462691797
4.553534,2.2928483844,2.4528352798,-1.7522997973,0.0282330861,-0.1600620892,-1.7805328834,0.0995434970,-1.9960715448,65.6246838173,0.1020574460,0.5105559406,0.9150531192,0.0000000000,0.1611595156,0.0731764862,0.0000000000,-0.0129661042,1.0000000000,0.1611595156,33.8434982744,-0.376,1.000000,61.5638456396,0,0.3462691797
4.563653,2.2779026105,2.4528352798,-1.1926271551,0.0298710518,-0.1750122255,-1.2224982070,0.0980850618,-1.4680747669,63.3596133547,0.2058923086,0.5105559406,0.9150531192,0.0000000000,0.1611595156,0.0502423314,0.0000000000,-0.0121782417,1.0000000000,0.1611595156,33.8434982744,-0.889,1.000000,61.5638456396,0,0.3462691797
4.571083,2.2706633106,2.4528352798,-0.7529660790,0.0308890949,-0.1822542369,-0.7838551739,0.0965662765,-1.0447305440,50.8013067504,0.3105118758,0.5105559406,0.9150531192,0.0000000000,0.1611595156,0.0322149441,0.0000000000,-0.0101309230,1.0000000000,0.1611595156,33.8434982744,-1.402,1.000000,61.5638456396,-1,0.3462691797
4.578295,2.2668170061,2.4528352798,-0.3119706433,0.0313022160,-0.1861016416,-0.3432728593,0.0950154295,-0.6129610944,51.8123339524,0.4128122446,0.5105559406,0.9150531192,0.0000000000,0.1611595156,0.0141078561,0.0000000000,-0.0052419986,1.0000000000,0.1611595156,33.8434982744,-1.915,1.000000,61.5638456396,0,0.3462691797
4.585684,2.2662018659,2.4513012990,0.1457470617,0.0311250532,-0.1851823292,0.1146220086,0.0934722434,-0.1547229875,54.9885728182,0.4843962037,0.5105559406,0.9151786527,0.0150640248,0.0475563047,-0.0047107447,-0.0000000000,0.0025586805,1.0000000000,0.1611595156,9.9868239811,-2.428,1.000000,61.5638456396,-1,0.3425116499
4.593895,2.2694776307,2.4513012990,0.6506210497,0.0303718900,-0.1819045584,0.6202491597,0.0919563721,0.3557992906,61.2626733798,0.4824814096,0.5106126955,0.9158404679,0.0794178184,-0.1301640864,-0.0254910507,-0.0000000000,0.0093006214,1.0000000000,0.1611595156,-27.3344581344,-1.915,1.000000,61.5638456396,-2,0.3493779650
4.601750,2.2764413086,2.4482333375,1.1192367402,0.0296369519,-0.1718709616,1.0895997883,0.0919563721,0.8444080078,58.6330460594,0.4270776032,0.5109113367,0.9158404679,0.0000000000,-0.1611595156,-0.0447804613,-0.0000000000,0.0119654744,1.0000000000,0.1611595156,-33.8434982744,-1.402,1.000000,61.5638456396,-2,0.3493779650
4.609701,2.2871483896,2.4466993567,1.5686598035,0.0277592232,-0.1596248988,1.5409005803,0.0919563721,1.3192134082,56.9766480473,0.3194739699,0.5109113367,0.9158404679,0.0000000000,-0.1611595156,-0.0633280582,-0.0000000000,0.0128190933,1.0000000000,0.1611595156,-33.8434982744,-0.889,1.000000,61.5638456396,-1,0.3493779650
4.617711,2.3014103483,2.4436313951,1.9857594167,0.0253466445,-0.1422885530,1.9604127722,0.0919563721,1.7720002960,54.3344265421,0.2140571919,0.5109113367,0.9158404679,0.0000000000,-0.1611595156,-0.0805692046,-0.0000000000,0.0130743794,1.0000000000,0.1611595156,-33.8434982744,-0.376,1.000000,61.5638456396,-1,0.3493779650
4.625703,2.3187960050,2.4405634335,2.3569057898,0.0218318707,-0.1218255738,2.3350739191,0.0919563721,2.1859372754,49.6724375254,0.1342353490,0.5109113367,0.9158404679,0.0000000000,-0.1611595156,-0.0959670591,-0.0000000000,0.0131530923,1.0000000000,0.1611595156,-33.8434982744,0.137,1.000000,61.5638456396,-1,0.3493779650
4.633950,2.3396234875,2.4390294527,2.6838530497,0.0178218600,-0.0994534306,2.6660311897,0.0919563721,2.5598347523,44.8676972287,0.0814192319,0.5109113367,0.9158404679,0.0000000000,-0.1611595156,-0.1095687681,-0.0000000000,0.0131800270,1.0000000000,0.1611595156,-33.8434982744,0.650,1.000000,61.5638456396,-1,0.3493779650
4.642217,2.3629442308,2.4374954720,2.9466264266,0.0133285961,-0.0745867395,2.9332978305,0.0919563721,2.8748295360,37.7993740365,0.0509639768,0.5109113367,0.9158404679,0.0000000000,-0.1611595156,-0.1205529143,-0.0000000000,0.0131897118,1.0000000000,0.1611595156,-33.8434982744,1.163,1.000000,61.5638456396,1,0.3493779650
4.649777,2.3859327040,2.4359614912,3.1245505918,0.0083637728,-0.0500510626,3.1161868190,0.0919563721,3.1048113317,27.5978154919,0.0355144547,0.5109113367,0.9158404679,0.0000000000,-0.1611595156,-0.1280693010,-0.0000000000,0.0131932949,0.5704200007,0.1611595156,-33.8434982744,1.676,1.000000,61.5638456396,0,0.3493779650
4.658515,2.4138502591,2.4359614912,3.2511057183,0.0029388009,-0.0221190590,3.2481669173,0.0919563721,3.2904030123,22.2710016640,0.0264663061,0.5109113367,0.9158404679,0.0000000000,-0.1611595156,-0.1334934298,-0.0000000000,0.0131949784,0.0000000000,0.1611595156,-33.8434982744,2.189,1.000000,61.5638456396,1,0.3493779650
4.667029,2.4417543478,2.4359614912,3.2897915459,-0.0017746104,0.0057975830,3.2915661563,0.0920046853,3.3874288447,11.6430998967,0.0232054188,0.5109113367,0.9158404679,0.0000000000,-0.1611595156,-0.1352770553,-0.0000000000,0.0131953885,0.0000000000,0.1611595156,-33.8434982744,2.703,1.000000,61.5638456396,3,0.3493779650
4.677613,2.4763209108,2.4359614912,3.2200837560,-0.0063739667,0.0403763956,3.2264577228,0.0923411552,3.3889994998,0.1884786090,0.0249158361,0.5109113367,0.9158404679,0.0000000000,-0.1611595156,-0.1326012236,-0.0000000000,0.0131946172,0.2486911860,0.1611595156,-33.8434982744,3.216,1.000000,61.5638456396,3,0.3493779650
4.687623,2.5077270560,2.4359614912,3.0365218674,-0.0097014534,0.0717914029,3.0462233208,0.0929394169,3.2696128103,-14.3264027361,0.0335589408,0.5109113367,0.9158404679,0.0000000000,-0.1611595156,-0.1251939354,-0.0000000000,0.0131917355,1.0000000000,0.1611595156,-33.8434982744,3.729,1.000000,61.5638456396,2,0.3493779650
4.697135,2.5353795239,2.4359614912,2.7620646689,-0.0117878470,0.0994494276,2.7738525159,0.0937681622,3.0510909864,-26.2226188760,0.0528415530,0.5109113367,0.9158404679,0.0000000000,-0.1611595156,-0.1140000177,-0.0000000000,0.0131836530,1.0000000000,0.1611595156,-33.8434982744,4.242,1.000000,61.5638456396,4,0.3493779650
4.704937,2.5558287081,2.4359614912,2.4703462006,-0.0132434669,0.1199024886,2.4835896676,0.0947673496,2.8010051715,-30.0102977814,0.0832022741,0.5109113367,0.9158404679,0.0000000000,-0.1611595156,-0.1020707714,-0.0000000000,0.0131651985,1.0000000000,0.1611595156,-33.8434982744,4.755,1.000000,61.5638456396,4,0.3493779650
4.712952,2.5742397109,2.4359614912,2.1152187589,-0.0140835765,0.1383157289,2.1293023353,0.0959199806,2.4831210412,-38.1460956405,0.1367665592,0.5109113367,0.9158404679,0.0000000000,-0.1611595156,-0.0875102417,-0.0000000000,0.0131109886,1.0000000000,0.1611595156,-33.8434982744,5.268,1.000000,61.5638456396,4,0.3493779650
4.720329,2.5885028956,2.4359614912,1.7455602279,-0.0143230698,0.1525795514,1.7598832977,0.0971914769,2.1422504503,-40.9044709051,0.2128203429,0.5109113367,0.9158404679,0.0000000000,-0.1611595156,-0.0723278278,-0.0000000000,0.0129618728,1.0000000000,0.1611595156,-33.8434982744,5.781,1.000000,61.5638456396,6,0.3493779650
4.727543,2.5996916717,2.4359614912,1.3513890392,-0.0145567678,0.1637689499,1.3659458070,0.0985562181,1.7710463562,-44.5444912987,0.3111299906,0.5109113367,0.9158404679,0.0000000000,-0.1611595156,-0.0561377526,-0.0000000000,0.0125244464,1.0000000000,0.1611595156,-33.8434982744,6.294,1.000000,61.5638456396,5,0.3493779650
4.734866,2.6080431489,2.4374954720,0.9257966482,-0.0142045236,0.1705855082,0.9400011718,0.0999777640,1.3594943770,-49.3862374961,0.4194675657,0.5109113367,0.9158404679,0.0000000000,-0.1611595156,-0.0386322451,-0.0000000000,0.0111860136,1.0000000000,0.1611595156,-33.8434982744,6.807,1.000000,61.5638456396,7,0.3493779650
4.741895,2.6130634447,2.4374954720,0.5006635517,-0.0138608029,0.1756048885,0.5145243546,0.1014411381,0.9449993071,-49.7394083909,0.5018890078,0.5109113367,0.9158404679,0.0000000000,-0.1611595156,-0.0211459640,-0.0000000000,0.0077597326,1.0000000000,0.1611595156,-33.8434982744,7.320,1.000000,61.5638456396,5,0.3493779650
4.748634,2.6150385069,2.4374954720,0.0846987962,-0.0135253996,0.1775790575,0.0982241958,0.1029209636,0.5338511887,-49.3377742024,0.5316535264,0.5109113367,0.9158404679,0.0000000000,-0.1611595156,-0.0040368260,-0.0000000000,0.0014994961,1.0000000000,0.1611595156,-33.8434982744,7.833,1.000000,61.5638456396,8,0.3493779650
4.755379,2.6141998986,2.4374954720,-0.3330135418,-0.0131981124,0.1767395775,-0.3198154294,0.1043937934,0.1155567548,-50.1953320783,0.4998472454,0.5109113367,0.9159122102,0.0086090843,-0.0304731126,0.0131438007,0.0000000000,-0.0055535495,1.0000000000,0.1611595156,-6.3993536379,7.320,1.000000,61.5638456396,7,0.3445196919
4.762261,2.6104560836,2.4390294527,-0.7535649417,-0.0128787448,0.1714609311,-0.7406861969,0.1058226345,-0.3141296950,-51.5623739703,0.4086246863,0.5109436523,0.9163673520,0.0546170135,0.1091420940,0.0304407819,0.0000000000,-0.0101352953,1.0000000000,0.1611595156,22.9198397333,6.807,1.000000,61.5638456396,8,0.3468642055
4.768901,2.6041360898,2.4390294527,-1.1474609079,-0.0119868181,0.1651385618,-1.1354740899,0.1058226345,-0.7210524934,-48.8307358083,0.3083676317,0.5111484027,0.9163673520,0.0000000000,0.1611595156,0.0466658071,0.0000000000,-0.0120518797,1.0000000000,0.1611595156,33.8434982744,6.294,1.000000,61.5638456396,6,0.3468642055
4.777026,2.5929343165,2.4405634335,-1.6044123700,-0.0111164741,0.1524004898,-1.5932958959,0.1058226345,-1.2033232508,-57.8724908854,0.1908888717,0.5111484027,0.9163673520,0.0000000000,0.1611595156,0.0654814051,0.0000000000,-0.0128535350,1.0000000000,0.1611595156,33.8434982744,5.781,1.000000,61.5638456396,7,0.3468642055
4.784463,2.5795481768,2.4420974143,-1.9899438881,-0.0096869034,0.1374765618,-1.9802569847,0.1058226345,-1.6189287362,-49.8726582481,0.1124936846,0.5111484027,0.9163673520,0.0000000000,0.1611595156,0.0813847636,0.0000000000,-0.0130757713,1.0000000000,0.1611595156,33.8434982744,5.268,1.000000,61.5638456396,4,0.3468642055
4.792029,2.5631312653,2.4420974143,-2.3421184678,-0.0082919254,0.1210559350,-2.3338265424,0.1058226345,-2.0040153951,-46.2103990750,0.0628760907,0.5111484027,0.9163673520,0.0000000000,0.1611595156,0.0959157943,0.0000000000,-0.0131512248,1.0000000000,0.1611595156,33.8434982744,4.755,1.000000,61.5638456396,6,0.3468642055
4.800104,2.5428754573,2.4436313951,-2.6653293246,-0.0063504158,0.0992609754,-2.6589789088,0.1058226345,-2.3710001444,-44.0381699150,0.0334964858,0.5111484027,0.9163673520,0.0000000000,0.1611595156,0.1092789328,0.0000000000,-0.0131790506,1.0000000000,0.1611595156,33.8434982744,4.242,1.000000,61.5638456396,5,0.3468642055
4.808431,2.5195121671,2.4451653759,-2.9340494501,-0.0044558867,0.0743586587,-2.9295935634,0.1058226345,-2.6894113203,-38.2093411002,0.0184099864,0.5111484027,0.9163673520,0.0000000000,0.1611595156,0.1204006761,0.0000000000,-0.0131893876,1.0000000000,0.1611595156,33.8434982744,3.729,1.000000,61.5638456396,3,0.3468642055
4.817572,2.4916561327,2.4466993567,-3.1457462513,-0.0020269142,0.0449621744,-3.1437193371,0.1058226345,-2.9599595426,-32.4657866758,0.0107900922,0.5111484027,0.9163673520,0.0000000000,0.1611595156,0.1292008346,0.0000000000,-0.0131936183,0.3963583453,0.1611595156,33.8434982744,3.216,1.000000,61.5638456396,3,0.3468642055
4.825736,2.4654728657,2.4482333375,-3.2561898420,0.0009235695,0.0172370685,-3.2571134115,0.1058226345,-3.1265680880,-19.9930254498,0.0078012336,0.5111484027,0.9163673520,0.0000000000,0.1611595156,0.1338611136,0.0000000000,-0.0131950347,0.0000000000,0.1611595156,33.8434982744,2.703,1.000000,61.5638456396,3,0.3468642055
4.833421,2.4402747883,2.4482333375,-3.2898636346,0.0038026574,-0.0079686769,-3.2936662920,0.1057562289,-3.2115610372,-10.1991539118,0.0067819222,0.5111484027,0.9163673520,0.0000000000,0.1611595156,0.1353633669,0.0000000000,-0.0131953892,0.0000000000,0.1611595156,33.8434982744,2.189,1.000000,61.5638456396,2,0.3468642055
4.841779,2.4128958269,2.4482333375,-3.2482683137,0.0066120772,-0.0353551207,-3.2548803909,0.1054616029,-3.2256109390,-1.6859882117,0.0070451580,0.5111484027,0.9163673520,0.0000000000,0.1611595156,0.1337693407,0.0000000000,-0.0131949466,0.1140565293,0.1611595156,33.8434982744,1.676,1.000000,61.5638456396,2,0.3468642055
4.850379,2.3854438504,2.4497673183,-3.1214986134,0.0093535148,-0.0643483793,-3.1308521282,0.1049253664,-3.1577250558,8.1463059857,0.0089189524,0.5111484027,0.9163673520,0.0000000000,0.1611595156,0.1286720170,0.0000000000,-0.0131932468,0.9568711362,0.1611595156,33.8434982744,1.163,1.000000,61.5638456396,1,0.3468642055
4.858497,2.3608464200,2.4482333375,-2.9266592743,0.0114483279,-0.0874174080,-2.9381076022,0.1041968880,-3.0099292290,17.7354992120,0.0133092476,0.5111484027,0.9163673520,0.0000000000,0.1611595156,0.1207505867,0.0000000000,-0.0131891919,1.0000000000,0.1611595156,33.8434982744,0.650,1.000000,61.5638456396,0,0.3468642055
4.866785,2.3376620461,2.4497673183,-2.6572556975,0.0134924507,-0.1121412069,-2.6707481482,0.1032623779,-2.7908843269,26.2853882589,0.0225648309,0.5111484027,0.9163673520,0.0000000000,0.1611595156,0.1097626260,0.0000000000,-0.0131786096,1.0000000000,0.1611595156,33.8434982744,0.137,1.000000,61.5638456396,1,0.3468642055
4.875138,2.3168303600,2.4482333375,-2.3202469974,0.0149068226,-0.1314426791,-2.3351538200,0.1021670222,-2.4933452880,35.7046846626,0.0422316542,0.5111484027,0.9163673520,0.0000000000,0.1611595156,0.0959703428,0.0000000000,-0.0131483231,1.0000000000,0.1611595156,33.8434982744,-0.376,1.000000,61.5638456396,0,0.3468642055
4.883411,2.2992127648,2.4497673183,-1.9298236136,0.0157066824,-0.1505963854,-1.9455302960,0.1009120524,-2.1416404397,42.2045818033,0.0799862386,0.5111484027,0.9163673520,0.0000000000,0.1611595156,0.0799575634,0.0000000000,-0.0130542012,1.0000000000,0.1611595156,33.8434982744,-0.889,1.000000,61.5638456396,0,0.3468642055
4.891756,2.2849203682,2.4482333375,-1.4886350338,0.0159068998,-0.1633553345,-1.5045419335,0.0995507579,-1.7263948324,49.8294728662,0.1489287937,0.5111484027,0.9163673520,0.0000000000,0.1611595156,0.0618337875,0.0000000000,-0.0127292816,1.0000000000,0.1611595156,33.8434982744,-1.402,1.000000,61.5638456396,0,0.3468642055
4.900098,2.2744730023,2.4482333375,-1.0108197417,0.0161022724,-0.1738032207,-1.0269220141,0.0981023977,-1.2701620918,54.7479288722,0.2529602394,0.5111484027,0.9163673520,0.0000000000,0.1611595156,0.0422045250,0.0000000000,-0.0115727609,1.0000000000,0.1611595156,33.8434982744,-1.915,1.000000,61.5638456396,0,0.3468642055
4.908550,2.2680692210,2.4482333375,-0.5013728926,0.0157126301,-0.1802059643,-0.5170855227,0.0966006814,-0.7739978331,59.5397110531,0.3778753323,0.5111484027,0.9163673520,0.0000000000,0.1611595156,0.0212512231,0.0000000000,-0.0077679813,1.0000000000,0.1611595156,33.8434982744,-2.428,1.000000,61.5638456396,-1,0.3468642055
4.916709,2.2660305635,2.4466993567,0.0026170122,0.0153324163,-0.1807096283,-0.0127154041,0.0950947678,-0.2719813527,60.2419776433,0.4750202566,0.5111484027,0.9167494799,0.0458553435,0.0867473921,0.0005225787,0.0000000000,0.0000465319,1.0000000000,0.1611595156,18.2169523480,-2.941,1.000000,61.5638456396,-1,0.3480233967
4.925656,2.2685302405,2.4436313951,0.5548056963,0.0143811156,-0.1751394562,0.5404245807,0.0936352723,0.2905056249,67.4984373168,0.5023486120,0.5113199547,0.9172046522,0.0546206801,-0.1099856989,-0.0222104137,-0.0000000000,0.0083627625,1.0000000000,0.1611595156,-23.0969967762,-2.428,1.000000,61.5638456396,-3,0.3506633137
4.933883,2.2751403037,2.4420974143,1.0489790752,0.0128725472,-0.1669913943,1.0361065279,0.0936352723,0.8018266397,61.3585217653,0.4436462327,0.5115238791,0.9172046522,0.0000000000,-0.1611595156,-0.0425819909,-0.0000000000,0.0117227716,1.0000000000,0.1611595156,-33.8434982744,-1.915,1.000000,61.5638456396,-2,0.3506633137
4.943274,2.2875256452,2.4390294527,1.5816987211,0.0108201958,-0.1515326252,1.5708785253,0.0936352723,1.3662695866,67.7331536330,0.3160316160,0.5115238791,0.9172046522,0.0000000000,-0.1611595156,-0.0645600942,-0.0000000000,0.0128320294,1.0000000000,0.1611595156,-33.8434982744,-1.402,1.000000,61.5638456396,-2,0.3506633137
4.952738,2.3048430931,2.4344275104,2.0684526659,0.0076569326,-0.1296048101,2.0607957333,0.0936352723,1.8982741752,63.8405506284,0.1933669659,0.5115238791,0.9172046522,0.0000000000,-0.1611595156,-0.0846947517,-0.0000000000,0.0130991988,1.0000000000,0.1611595156,-33.8434982744,-0.889,1.000000,61.5638456396,-1,0.3506633137
4.960997,2.3234988924,2.4313595488,2.4400992350,0.0034096394,-0.1078697374,2.4366895956,0.0936352723,2.3158854758,50.1133560822,0.1176562208,0.5115238791,0.9172046522,0.0000000000,-0.1611595156,-0.1001432685,-0.0000000000,0.0131623222,1.0000000000,0.1611595156,-33.8434982744,-0.376,1.000000,61.5638456396,-1,0.3506633137
4.969666,2.3461184655,2.4267576064,2.7665786741,-0.0018954526,-0.0806340928,2.7684741267,0.0936352723,2.6999450254,46.0871459440,0.0693145422,0.5115238791,0.9172046522,0.0000000000,-0.1611595156,-0.1137789763,-0.0000000000,0.0131838399,1.0000000000,0.1611595156,-33.8434982744,0.137,1.000000,61.5638456396,-1,0.3506633137
4.977942,2.3700693906,2.4236896449,3.0095800899,-0.0082327466,-0.0535983278,3.0178128365,0.0936352723,3.0011751126,36.1476104619,0.0437911389,0.5115238791,0.9172046522,0.0000000000,-0.1611595156,-0.1240263190,-0.0000000000,0.0131911795,0.6883426968,0.1611595156,-33.8434982744,0.650,1.000000,61.5638456396,-1,0.3506633137
4.985420,2.3931973340,2.4206216833,3.1663996956,-0.0155772656,-0.0273828620,3.1819769612,0.0936352723,3.2156561647,25.7377262559,0.0311623638,0.5115238791,0.9172046522,0.0000000000,-0.1611595156,-0.1307731496,-0.0000000000,0.0131939162,0.0022382368,0.1611595156,-33.8434982744,1.163,1.000000,61.5638456396,0,0.3506633137
4.994534,2.4226126820,2.4206216833,3.2724214807,-0.0227440621,0.0020515735,3.2951655427,0.0936523688,3.3853557825,20.3639541307,0.0238357206,0.5115238791,0.9172046522,0.0000000000,-0.1611595156,-0.1354249832,-0.0000000000,0.0131952096,0.0000000000,0.1611595156,-33.8434982744,1.676,1.000000,61.5638456396,0,0.3506633137
5.002314,2.4481737649,2.4206216833,3.2867391200,-0.0297374366,0.0276312819,3.3164765566,0.0938826295,3.4559755433,8.4743713003,0.0218571817,0.5115238791,0.9172046522,0.0000000000,-0.1611595156,-0.1363008250,-0.0000000000,0.0131953577,0.0032455470,0.1611595156,-33.8434982744,2.189,1.000000,61.5638456396,1,0.3506633137
5.010081,2.4735294152,2.4206216833,3.2306503511,-0.0365615857,0.0530051072,3.2672119368,0.0943243387,3.4558192476,-0.0187554884,0.0230901770,0.5115238791,0.9172046522,0.0000000000,-0.1611595156,-0.1342761436,-0.0000000000,0.0131947436,0.6691564355,0.1611595156,-33.8434982744,2.703,1.000000,61.5638456396,2,0.3506633137
5.018710,2.5008484845,2.4206216833,3.0873854809,-0.0420600297,0.0803388206,3.1294455106,0.0949938289,3.3711326602,-10.1623904780,0.0289372890,0.5115238791,0.9172046522,0.0000000000,-0.1611595156,-0.1286142078,-0.0000000000,0.0131926813,1.0000000000,0.1611595156,-33.8434982744,3.216,1.000000,61.5638456396,3,0.3506633137
5.026377,2.5238099268,2.4206216833,2.8915343713,-0.0468451352,0.1033130072,2.9383795064,0.0958547706,3.2249553160,-17.5412813136,0.0400528761,0.5115238791,0.9172046522,0.0000000000,-0.1611595156,-0.1207617615,-0.0000000000,0.0131882066,1.0000000000,0.1611595156,-33.8434982744,3.729,1.000000,61.5638456396,3,0.3506633137
5.033615,2.5439005091,2.4221556641,2.6512415220,-0.0503538762,0.1218789536,2.7015953983,0.0968704285,3.0247413575,-24.0256750182,0.0592991997,0.5115238791,0.9172046522,0.0000000000,-0.1611595156,-0.1110303888,-0.0000000000,0.0131782747,1.0000000000,0.1611595156,-33.8434982744,4.242,1.000000,61.5638456396,2,0.3506633137
5.041807,2.5643032943,2.4221556641,2.3201183872,-0.0520368510,0.1422862212,2.3721552382,0.0980561470,2.7355621294,-34.7015073687,0.0981542094,0.5115238791,0.9172046522,0.0000000000,-0.1611595156,-0.0974910301,-0.0000000000,0.0131483055,1.0000000000,0.1611595156,-33.8434982744,4.755,1.000000,61.5638456396,2,0.3506633137
5.050100,2.5819557599,2.4236896449,1.9287390284,-0.0525185267,0.1584059888,1.9812575551,0.0993761970,2.3768198380,-43.0490749693,0.1657376982,0.5115238791,0.9172046522,0.0000000000,-0.1611595156,-0.0814258852,-0.0000000000,0.0130537794,1.0000000000,0.1611595156,-33.8434982744,5.268,1.000000,61.5638456396,5,0.3506633137
5.058562,2.5964135161,2.4236896449,1.4809195030,-0.0518279721,0.1728619058,1.5327474752,0.1008167128,1.9573825681,-50.3324723857,0.2702579490,0.5115238791,0.9172046522,0.0000000000,-0.1611595156,-0.0629929812,-0.0000000000,0.0127195920,1.0000000000,0.1611595156,-33.8434982744,5.781,1.000000,61.5638456396,4,0.3506633137
5.066790,2.6066793028,2.4252236256,1.0093334277,-0.0505738404,0.1815903716,1.0599072680,0.1023299659,1.5026891179,-54.5632140213,0.3945411187,0.5115238791,0.9172046522,0.0000000000,-0.1611595156,-0.0435601557,-0.0000000000,0.0115666387,1.0000000000,0.1611595156,-33.8434982744,6.294,1.000000,61.5638456396,6,0.3506633137
5.075101,2.6129990650,2.4267576064,0.5084822618,-0.0487697687,0.1863713482,0.5572520305,0.1038830605,1.0106406762,-59.0458130064,0.5020845694,0.5115238791,0.9172046522,0.0000000000,-0.1611595156,-0.0229019896,-0.0000000000,0.0078501418,1.0000000000,0.1611595156,-33.8434982744,6.807,1.000000,61.5638456396,6,0.3506633137
5.083435,2.6150960411,2.4282915872,-0.0062768862,-0.0464290647,0.1869281094,0.0401521785,0.1054407947,0.4960441012,-61.7515890038,0.5383467179,0.5115238791,0.9172046522,0.0000000000,-0.1611595156,-0.0016501775,-0.0000000000,-0.0001116043,1.0000000000,0.1611595156,-33.8434982744,7.320,1.000000,61.5638456396,6,0.3506633137
5.091783,2.6128874782,2.4313595488,-0.5217499897,-0.0429844264,0.1816424108,-0.4787655633,0.1069544815,-0.0316247169,-63.3202581747,0.4784758383,0.5115238791,0.9172098473,0.0006234179,0.0217590297,0.0196763463,0.0000000000,-0.0080009842,1.0000000000,0.1611595156,4.5693962401,6.807,1.000000,61.5638456396,7,0.3444930998
5.106892,2.5981678615,2.4359614912,-1.4134133417,-0.0384625668,0.1623088085,-1.3749507749,0.1069544815,-0.9649180795,-111.9952035029,0.2438962704,0.5115262039,0.9172098473,0.0000000000,0.1611595156,0.0565078395,0.0000000000,-0.0126260187,1.0000000000,0.1611595156,33.8434982744,6.294,1.000000,61.5638456396,8,0.3444930998
5.116492,2.5821002137,2.4390294527,-1.9249708649,-0.0334698397,0.1431599019,-1.8915010252,0.1069544815,-1.5182219833,-66.3964684643,0.1274486218,0.5115262039,0.9172098473,0.0000000000,0.1611595156,0.0777370640,0.0000000000,-0.0130523046,1.0000000000,0.1611595156,33.8434982744,5.781,1.000000,61.5638456396,7,0.3444930998
5.124608,2.5648854246,2.4420974143,-2.3090347878,-0.0274373519,0.1228610847,-2.2815974359,0.1069544815,-1.9472791404,-51.4868588474,0.0679478084,0.5115262039,0.9172098473,0.0000000000,0.1611595156,0.0937692782,0.0000000000,-0.0131467682,1.0000000000,0.1611595156,33.8434982744,5.268,1.000000,61.5638456396,5,0.3444930998
5.132404,2.5456099023,2.4451653759,-2.6272644232,-0.0209705508,0.1005003778,-2.6062938724,0.1069544815,-2.3148938329,-44.1137630944,0.0365453012,0.5115262039,0.9172098473,0.0000000000,0.1611595156,0.1071136789,0.0000000000,-0.0131768847,1.0000000000,0.1611595156,33.8434982744,4.755,1.000000,61.5638456396,5,0.3444930998
5.140508,2.5231764215,2.4482333375,-2.8979827488,-0.0140799458,0.0749805835,-2.8839028030,0.1069544815,-2.6414844468,-39.1908736678,0.0199204470,0.5115262039,0.9172098473,0.0000000000,0.1611595156,0.1185228735,0.0000000000,-0.0131883946,1.0000000000,0.1611595156,33.8434982744,4.242,1.000000,61.5638456396,5,0.3444930998
5.148279,2.4998532008,2.4497673183,-3.0942259702,-0.0073560795,0.0501054741,-3.0868698907,0.1069544815,-2.8921958348,-30.0853665679,0.0121589886,0.5115262039,0.9172098473,0.0000000000,0.1611595156,0.1268644314,0.0000000000,-0.0131927989,0.5722735005,0.1611595156,33.8434982744,3.729,1.000000,61.5638456396,3,0.3444930998
5.155684,2.4764366657,2.4513012990,-3.2196262736,-0.0002146299,0.0251359383,-3.2194116437,0.1069544815,-3.0726631268,-21.6560750350,0.0084897196,0.5115262039,0.9172098473,0.0000000000,0.1611595156,0.1323116433,0.0000000000,-0.0131946116,0.0000000000,0.1611595156,33.8434982744,3.216,1.000000,61.5638456396,2,0.3444930998
5.164432,2.4479120553,2.4543692606,-3.2869507191,0.0073342984,-0.0064767390,-3.2942850175,0.1069005087,-3.2082623304,-16.2719044325,0.0066160032,0.5115262039,0.9172098473,0.0000000000,0.1611595156,0.1353887953,0.0000000000,-0.0131953598,0.0000000000,0.1611595156,33.8434982744,2.703,1.000000,61.5638456396,3,0.3444930998
5.171615,2.4243067045,2.4559032414,-3.2755658582,0.0147005580,-0.0316356892,-3.2902664162,0.1066368779,-3.2527756227,-5.3415950831,0.0063259604,0.5115262039,0.9172098473,0.0000000000,0.1611595156,0.1352236385,0.0000000000,-0.0131952426,0.0429927651,0.1611595156,33.8434982744,2.189,1.000000,61.5638456396,1,0.3444930998
5.178929,2.4005807094,2.4589712030,-3.2023794397,0.0218885691,-0.0584487899,-3.2242680088,0.1061498047,-3.2386898072,1.6902978631,0.0069958427,0.5115262039,0.9172098473,0.0000000000,0.1611595156,0.1325112305,0.0000000000,-0.0131943971,0.8318294441,0.1611595156,33.8434982744,1.676,1.000000,61.5638456396,2,0.3444930998
5.186043,2.3782260223,2.4605051838,-3.0728701431,0.0289026448,-0.0823561385,-3.1017727879,0.1054635035,-3.1627134791,9.1171593733,0.0089053906,0.5115262039,0.9172098473,0.0000000000,0.1611595156,0.1274769119,0.0000000000,-0.0131924245,1.0000000000,0.1611595156,33.8434982744,1.163,1.000000,61.5638456396,2,0.3444930998
5.193314,2.3565369864,2.4620391646,-2.8835075852,0.0357469942,-0.1055973839,-2.9192545794,0.1045835253,-3.0256140448,16.4519321142,0.0129043103,0.5115262039,0.9172098473,0.0000000000,0.1611595156,0.1199757637,0.0000000000,-0.0131879681,1.0000000000,0.1611595156,33.8434982744,0.650,1.000000,61.5638456396,1,0.3444930998
5.201361,2.3343884462,2.4635731453,-2.6110965255,0.0418454369,-0.1292961470,-2.6529419624,0.1035060574,-2.8057802289,26.3800579142,0.0218677055,0.5115262039,0.9172098473,0.0000000000,0.1611595156,0.1090308259,0.0000000000,-0.0131758955,1.0000000000,0.1611595156,33.8434982744,0.137,1.000000,61.5638456396,1,0.3444930998
5.209301,2.3149191423,2.4635731453,-2.2834627815,0.0472160224,-0.1487797545,-2.3306788039,0.1022662261,-2.5220550029,34.0470271205,0.0398334130,0.5115262039,0.9172098473,0.0000000000,0.1611595156,0.0957864283,0.0000000000,-0.0131430420,1.0000000000,0.1611595156,33.8434982744,-0.376,1.000000,61.5638456396,0,0.3444930998
5.216838,2.2990321904,2.4635731453,-1.9251155095,0.0518763633,-0.1646791184,-1.9769918728,0.1008939002,-2.2001485748,38.6287713697,0.0719700106,0.5115262039,0.9172098473,0.0000000000,0.1611595156,0.0812505738,0.0000000000,-0.0130523615,1.0000000000,0.1611595156,33.8434982744,-0.889,1.000000,61.5638456396,0,0.3444930998
5.225115,2.2848821781,2.4635731453,-1.4872154704,0.0558436461,-0.1788396969,-1.5430591165,0.0994035694,-1.7947676464,48.6457114101,0.1341965475,0.5115262039,0.9172098473,0.0000000000,0.1611595156,0.0634167699,0.0000000000,-0.0127275134,1.0000000000,0.1611595156,33.8434982744,-1.402,1.000000,61.5638456396,0,0.3444930998
5.233419,2.2744857366,2.4635731453,-1.0115628822,0.0585543542,-0.1892433578,-1.0701172364,0.0978265414,-1.3432465622,54.1825300963,0.2312060061,0.5115262039,0.9172098473,0.0000000000,0.1611595156,0.0439797658,0.0000000000,-0.0115758138,1.0000000000,0.1611595156,33.8434982744,-1.915,1.000000,61.5638456396,0,0.3444930998
5.241770,2.2681263524,2.4620391646,-0.5083075674,0.0600388941,-0.1940727151,-0.5683464614,0.0962092687,-0.8522345500,58.9214414693,0.3523379938,0.5115262039,0.9172098473,0.0000000000,0.1611595156,0.0233579494,0.0000000000,-0.0078481341,1.0000000000,0.1611595156,33.8434982744,-2.428,1.000000,61.5638456396,-1,0.3444930998
5.250106,2.2660308575,2.4605051838,0.0065812019,0.0603269365,-0.1946349963,-0.0537457346,0.0945873104,-0.3402068446,61.4433246484,0.4554787055,0.5115262039,0.9177888829,0.0694842626,0.1068005997,0.0022088466,0.0000000000,0.0001170148,1.0000000000,0.1611595156,22.4281259460,-2.941,1.000000,61.5638456396,-2,0.3494526829
5.258423,2.2682255067,2.4589712030,0.5201182867,0.0594474343,-0.1909040240,0.4606708524,0.0929964436,0.1799056567,62.4135001579,0.4984700430,0.5117849531,0.9179624014,0.0208222289,-0.0701839238,-0.0189326884,-0.0000000000,0.0079826078,1.0000000000,0.1611595156,-14.7386240070,-2.428,1.000000,61.5638456396,-3,0.3465604606
5.266775,2.2746829701,2.4543692606,1.0229968197,0.0580089270,-0.1798407870,0.9649878927,0.0929964436,0.7054570363,63.0661655430,0.4471725893,0.5118623476,0.9179624014,0.0000000000,-0.1611595156,-0.0396591514,-0.0000000000,0.0116221164,1.0000000000,0.1611595156,-33.8434982744,-1.915,1.000000,61.5638456396,-2,0.3465604606
5.275121,2.2852338570,2.4513012990,1.5002239050,0.0554446541,-0.1662151090,1.4447792509,0.0929964436,1.2114009817,60.7132734469,0.3428370131,0.5118623476,0.9179624014,0.0000000000,-0.1611595156,-0.0593776559,-0.0000000000,0.0127434755,1.0000000000,0.1611595156,-33.8434982744,-1.402,1.000000,61.5638456396,-1,0.3465604606
5.283435,2.2995607547,2.4482333375,1.9388476324,0.0512015695,-0.1488089490,1.8876460629,0.0929964436,1.6876764881,57.1530607762,0.2316321767,0.5118623476,0.9179624014,0.0000000000,-0.1611595156,-0.0775786324,-0.0000000000,0.0130576635,1.0000000000,0.1611595156,-33.8434982744,-0.889,1.000000,61.5638456396,-1,0.3465604606
5.291772,2.3173942112,2.4436313951,2.3308818986,0.0459005844,-0.1263594320,2.2849813142,0.0929964436,2.1281004540,52.8508759019,0.1442659259,0.5118623476,0.9179624014,0.0000000000,-0.1611595156,-0.0939083491,-0.0000000000,0.0131497553,1.0000000000,0.1611595156,-33.8434982744,-0.376,1.000000,61.5638456396,-1,0.3465604606
5.300089,2.3382136057,2.4390294527,2.6648135754,0.0389870105,-0.1009196820,2.6258265649,0.0929964436,2.5177737540,46.7607960089,0.0873819486,0.5118623476,0.9179624014,0.0000000000,-0.1611595156,-0.1079164351,-0.0000000000,0.0131790227,1.0000000000,0.1611595156,-33.8434982744,0.137,1.000000,61.5638456396,-1,0.3465604606
5.308761,2.3625823324,2.4344275104,2.9432294331,0.0304998692,-0.0719264090,2.9127295639,0.0929964436,2.8603252939,41.1061847772,0.0532305937,0.5118623476,0.9179624014,0.0000000000,-0.1611595156,-0.1197075980,-0.0000000000,0.0131896253,1.0000000000,0.1611595156,-33.8434982744,0.650,1.000000,61.5638456396,-1,0.3465604606
5.316735,2.3868446760,2.4313595488,3.1301636961,0.0210575250,-0.0445709558,3.1091061712,0.0929964436,3.1092068754,29.8657897806,0.0362009384,0.5118623476,0.9179624014,0.0000000000,-0.1611595156,-0.1277782999,-0.0000000000,0.0131933824,0.3832043969,0.1611595156,-33.8434982744,1.163,1.000000,61.5638456396,1,0.3465604606
5.325132,2.4136908439,2.4298255680,3.2506388961,0.0112633790,-0.0161647221,3.2393755171,0.0929964436,3.2939980220,22.1749375977,0.0270997940,0.5118623476,0.9179624014,0.0000000000,-0.1611595156,-0.1331321202,-0.0000000000,0.0131949732,0.0000000000,0.1611595156,-33.8434982744,1.676,1.000000,61.5638456396,1,0.3465604606
5.333420,2.4408481803,2.4282915872,3.2898637553,0.0017062315,0.0125520488,3.2881575239,0.0931010440,3.3979941978,12.4795411013,0.0235014377,0.5118623476,0.9179624014,0.0000000000,-0.1611595156,-0.1351369671,-0.0000000000,0.0131953892,0.0000000000,0.1611595156,-33.8434982744,2.189,1.000000,61.5638456396,2,0.3465604606
5.341757,2.4681596928,2.4282915872,3.2484839515,-0.0076196525,0.0398883992,3.2561036039,0.0934334473,3.4187147259,2.4864633675,0.0239062245,0.5118623476,0.9179624014,0.0000000000,-0.1611595156,-0.1338196124,-0.0000000000,0.0131949490,0.2340956237,0.1611595156,-33.8434982744,2.703,1.000000,61.5638456396,1,0.3465604606
5.350088,2.4947719815,2.4282915872,3.1271620802,-0.0155592943,0.0665218337,3.1427213745,0.0939877959,3.3569622040,-7.4103026282,0.0285587125,0.5118623476,0.9179624014,0.0000000000,-0.1611595156,-0.1291598203,-0.0000000000,0.0131933358,0.9837885073,0.1611595156,-33.8434982744,3.216,1.000000,61.5638456396,2,0.3465604606
5.358530,2.5203750072,2.4298255680,2.9257434441,-0.0221462384,0.0906084218,2.9478896826,0.0947428661,3.2090567650,-17.7486526755,0.0396782819,0.5118623476,0.9179624014,0.0000000000,-0.1611595156,-0.1211526115,-0.0000000000,0.0131891674,1.0000000000,0.1611595156,-33.8434982744,3.729,1.000000,61.5638456396,4,0.3465604606
5.367224,2.5446284537,2.4298255680,2.6411055506,-0.0274132172,0.1148758959,2.6685187679,0.0957001652,2.9771455390,-27.8293471294,0.0626426667,0.5118623476,0.9179624014,0.0000000000,-0.1611595156,-0.1096710027,-0.0000000000,0.0131776980,1.0000000000,0.1611595156,-33.8434982744,4.242,1.000000,61.5638456396,5,0.3465604606
5.375084,2.5641722668,2.4298255680,2.3225986761,-0.0308118840,0.1344287607,2.3534105601,0.0968204049,2.7005980514,-33.1856985119,0.1007342486,0.5118623476,0.9179624014,0.0000000000,-0.1611595156,-0.0967206598,-0.0000000000,0.0131486433,1.0000000000,0.1611595156,-33.8434982744,4.755,1.000000,61.5638456396,2,0.3465604606
5.383425,2.5819409721,2.4298255680,1.9291241457,-0.0323874481,0.1522016623,1.9615115938,0.0980887521,2.3439798191,-42.7941878702,0.1689875847,0.5118623476,0.9179624014,0.0000000000,-0.1611595156,-0.0806143640,-0.0000000000,0.0130539293,1.0000000000,0.1611595156,-33.8434982744,5.268,1.000000,61.5638456396,5,0.3465604606
5.391751,2.5961991920,2.4313595488,1.4889064441,-0.0327643121,0.1649269051,1.5216707562,0.0994631430,1.9298291039,-49.6980858310,0.2711214779,0.5118623476,0.9179624014,0.0000000000,-0.1611595156,-0.0625377493,-0.0000000000,0.0127296190,1.0000000000,0.1611595156,-33.8434982744,5.781,1.000000,61.5638456396,3,0.3465604606
5.400080,2.6066349855,2.4328935296,1.0119212727,-0.0319714822,0.1738266062,1.0438927549,0.1009116980,1.4704669358,-55.1234601705,0.3944270389,0.5118623476,0.9179624014,0.0000000000,-0.1611595156,-0.0429019899,-0.0000000000,0.0115772843,1.0000000000,0.1611595156,-33.8434982744,6.294,1.000000,61.5638456396,5,0.3465604606
5.408431,2.6129973977,2.4344275104,0.5086831157,-0.0311978372,0.1786529772,0.5398809529,0.1024004728,0.9770898202,-59.2052538673,0.4977552909,0.5118623476,0.9179624014,0.0000000000,-0.1611595156,-0.0221880716,-0.0000000000,0.0078524495,1.0000000000,0.1611595156,-33.8434982744,6.807,1.000000,61.5638456396,6,0.3465604606
5.416754,2.6150961243,2.4359614912,-0.0053925679,-0.0298626256,0.1792141669,0.0244700577,0.1038939242,0.4641314981,-61.5549986498,0.5286211866,0.5118623476,0.9191714114,0.1450811977,-0.1611027665,-0.0010056724,-0.0000000000,-0.0000958815,1.0000000000,0.1611595156,-33.8315809586,7.320,1.000000,61.5638456396,6,0.3643110957
5.425091,2.6129005514,2.4374954720,-0.5202135237,-0.0279794360,0.1754795977,-0.4922340877,0.1053562542,-0.0583938460,-62.7030412916,0.4911022156,0.5123997502,0.9191894827,0.0021685491,0.0312749816,0.0202298768,0.0000000000,-0.0079836817,1.0000000000,0.1611595156,6.5677461377,6.807,1.000000,61.5638456396,6,0.3581316975
5.433420,2.6064653104,2.4390294527,-1.0217622973,-0.0249812413,0.1675023907,-0.9967810560,0.1053562542,-0.5782519496,-62.3829724325,0.3545816109,0.5124077582,0.9191894827,0.0000000000,0.1611595156,0.0409657894,0.0000000000,-0.0116171773,1.0000000000,0.1611595156,33.8434982744,6.294,1.000000,61.5638456396,6,0.3581316975
5.441750,2.5959480635,2.4405634335,-1.4981968956,-0.0214753095,0.1554418257,-1.4767215861,0.1053562542,-1.0813410510,-60.3706921681,0.2227160691,0.5124077582,0.9191894827,0.0000000000,0.1611595156,0.0606904246,0.0000000000,-0.0127410236,1.0000000000,0.1611595156,33.8434982744,5.781,1.000000,61.5638456396,6,0.3581316975
5.450083,2.5816033361,2.4436313951,-1.9378854197,-0.0174739269,0.1380184797,-1.9204114928,0.1053562542,-1.5584726384,-57.2557904897,0.1238896683,0.5124077582,0.9191894827,0.0000000000,0.1611595156,0.0789252287,0.0000000000,-0.0130572982,1.0000000000,0.1611595156,33.8434982744,5.268,1.000000,61.5638456396,6,0.3581316975
5.458426,2.5637619182,2.4466993567,-2.3303323630,-0.0129890823,0.1170971557,-2.3173432807,0.1053562542,-1.9955599877,-52.4504819147,0.0643173027,0.5124077582,0.9191894827,0.0000000000,0.1611595156,0.0952383638,0.0000000000,-0.0131496823,1.0000000000,0.1611595156,33.8434982744,4.755,1.000000,61.5638456396,4,0.3581316975
5.467697,2.5403887551,2.4482333375,-2.6986249760,-0.0080324746,0.0921768107,-2.6905925014,0.1053562542,-2.4166403322,-50.5296413467,0.0309443100,0.5124077582,0.9191894827,0.0000000000,0.1611595156,0.1105781909,0.0000000000,-0.0131807716,1.0000000000,0.1611595156,33.8434982744,4.242,1.000000,61.5638456396,5,0.3581316975
5.475241,2.5190910621,2.4497673183,-2.9380619382,-0.0031958067,0.0693322553,-2.9348661315,0.1053562542,-2.7047608979,-34.5744678848,0.0178655969,0.5124077582,0.9191894827,0.0000000000,0.1611595156,0.1206173685,0.0000000000,-0.0131894922,0.9996382406,0.1611595156,33.8434982744,3.729,1.000000,61.5638456396,5,0.3581316975
5.483421,2.4942232363,2.4528352798,-3.1305229629,0.0021041109,0.0413823525,-3.1326270738,0.1053562542,-2.9561677775,-30.1688255448,0.0108290646,0.5124077582,0.9191894827,0.0000000000,0.1611595156,0.1287449639,0.0000000000,-0.0131933879,0.2795869163,0.1611595156,33.8434982744,3.216,1.000000,61.5638456396,4,0.3581316975
5.491747,2.4676051041,2.4559032414,-3.2501406600,0.0078560686,0.0116809394,-3.2579967286,0.1053562542,-3.1385451491,-21.8852845897,0.0075475523,0.5124077582,0.9191894827,0.0000000000,0.1611595156,0.1338974162,0.0000000000,-0.0131949676,0.0000000000,0.1611595156,33.8434982744,2.703,1.000000,61.5638456396,1,0.3581316975
5.500075,2.4403162790,2.4559032414,-3.2898648351,0.0134688405,-0.0156228343,-3.3033336756,0.1052260639,-3.2364077822,-11.7435159818,0.0063830343,0.5124077582,0.9191894827,0.0000000000,0.1611595156,0.1357606778,0.0000000000,-0.0131953892,0.0000000000,0.1611595156,33.8434982744,2.189,1.000000,61.5638456396,2,0.3581316975
5.508437,2.4129224164,2.4589712030,-3.2483487439,0.0189457948,-0.0460992453,-3.2672945387,0.1048419035,-3.2592176688,-2.7371863857,0.0065130167,0.5124077582,0.9191894827,0.0000000000,0.1611595156,0.1342795384,0.0000000000,-0.0131949475,0.4349397505,0.1611595156,33.8434982744,1.676,1.000000,61.5638456396,2,0.3581316975
5.516757,2.3863464318,2.4605051838,-3.1271100083,0.0242902179,-0.0742234446,-3.1514002262,0.1042233748,-3.1978734877,7.3613017244,0.0081177383,0.5124077582,0.9191894827,0.0000000000,0.1611595156,0.1295165044,0.0000000000,-0.0131933349,1.0000000000,0.1611595156,33.8434982744,1.163,1.000000,61.5638456396,1,0.3581316975
5.525107,2.3610126902,2.4605051838,-2.9282663007,0.0295053167,-0.0995710757,-2.9577716174,0.1033936159,-3.0536603155,17.3055806646,0.0121195124,0.5124077582,0.9191894827,0.0000000000,0.1611595156,0.1215587400,0.0000000000,-0.0131892348,1.0000000000,0.1611595156,33.8434982744,0.650,1.000000,61.5638456396,1,0.3581316975
5.533415,2.3377591099,2.4620391646,-2.6585902434,0.0340139335,-0.1243706447,-2.6926041769,0.1023571938,-2.8370467165,25.9936318840,0.0206118504,0.5124077582,0.9191894827,0.0000000000,0.1611595156,0.1106608669,0.0000000000,-0.0131786831,1.0000000000,0.1611595156,33.8434982744,0.137,1.000000,61.5638456396,1,0.3581316975
5.541759,2.3169349472,2.4620391646,-2.3222269899,0.0378331636,-0.1452049792,-2.3600601535,0.1011471523,-2.5456057217,34.9729193770,0.0385978936,0.5124077582,0.9191894827,0.0000000000,0.1611595156,0.0969939454,0.0000000000,-0.0131485929,1.0000000000,0.1611595156,33.8434982744,-0.376,1.000000,61.5638456396,0,0.3581316975
5.550103,2.2991643221,2.4620391646,-1.9285622886,0.0409796888,-0.1629839845,-1.9695419774,0.0997889525,-2.1904627480,42.6171568390,0.0745879412,0.5124077582,0.9191894827,0.0000000000,0.1611595156,0.0809443974,0.0000000000,-0.0130537106,1.0000000000,0.1611595156,33.8434982744,-0.889,1.000000,61.5638456396,0,0.3581316975
5.558430,2.2849087639,2.4605051838,-1.4882038736,0.0434697872,-0.1757121939,-1.5316736608,0.0983246842,-1.7783730234,49.4507669575,0.1405909484,0.5124077582,0.9191894827,0.0000000000,0.1611595156,0.0629488495,0.0000000000,-0.0127287453,1.0000000000,0.1611595156,33.8434982744,-1.402,1.000000,61.5638456396,0,0.3581316975
5.567238,2.2740018203,2.4605051838,-0.9828865868,0.0447390557,-0.1866225180,-1.0276256425,0.0967694965,-1.2966981557,57.8009841285,0.2498548790,0.5124077582,0.9191894827,0.0000000000,0.1611595156,0.0422334428,0.0000000000,-0.0114540443,1.0000000000,0.1611595156,33.8434982744,-1.915,1.000000,61.5638456396,0,0.3581316975
5.575090,2.2681329938,2.4589712030,-0.5091074247,0.0453973232,-0.1909591169,-0.5545047478,0.0951781706,-0.8333663465,55.5998171023,0.3699663453,0.5124077582,0.9191894827,0.0000000000,0.1611595156,0.0227890815,0.0000000000,-0.0078573221,1.0000000000,0.1611595156,33.8434982744,-2.428,1.000000,61.5638456396,-1,0.3581316975
5.583429,2.2660307944,2.4574372222,0.0059564679,0.0448790874,-0.1915259553,-0.0389226195,0.0935821209,-0.3203421247,61.5629066109,0.4782820228,0.5124077582,0.9197223729,0.0639468286,0.1039926030,0.0015996450,0.0000000000,0.0001059074,1.0000000000,0.1611595156,21.8384466204,-2.941,1.000000,61.5638456396,-2,0.3616862316
5.591791,2.2682438547,2.4559032414,0.5222737861,0.0437931045,-0.1877760219,0.4784806817,0.0920173208,0.2028174909,62.7791538744,0.5207680879,0.5126435746,0.9199505462,0.0273807961,-0.0808657470,-0.0196646382,-0.0000000000,0.0080068729,1.0000000000,0.1611595156,-16.9818068800,-2.428,1.000000,61.5638456396,-3,0.3595246242
5.600110,2.2746848828,2.4528352798,1.0231070140,0.0421531129,-0.1782626643,0.9809539011,0.0920173208,0.7235502724,62.4879337749,0.4673032944,0.5127443533,0.9199505462,0.0000000000,-0.1611595156,-0.0403153237,-0.0000000000,0.0116225566,1.0000000000,0.1611595156,-33.8434982744,-1.915,1.000000,61.5638456396,-1,0.3595246242
5.608688,2.2855871481,2.4497673183,1.5131501335,0.0393922312,-0.1642850844,1.4737579023,0.0920173208,1.2431822873,62.3558417972,0.3548969945,0.5127443533,0.9199505462,0.0000000000,-0.1611595156,-0.0605686229,-0.0000000000,0.0127588106,1.0000000000,0.1611595156,-33.8434982744,-1.402,1.000000,61.5638456396,-1,0.3595246242
5.616956,2.2999258536,2.4451653759,1.9482466506,0.0355375827,-0.1453341703,1.9127090679,0.0920173208,1.7185070874,57.0389760135,0.2399436527,0.5127443533,0.9199505462,0.0000000000,-0.1611595156,-0.0786086738,-0.0000000000,0.0130611822,1.0000000000,0.1611595156,-33.8434982744,-0.889,1.000000,61.5638456396,-1,0.3595246242
5.625278,2.3177972840,2.4405634335,2.3384250763,0.0306156343,-0.1228476888,2.3078094420,0.0920173208,2.1567671241,52.5912044004,0.1494673630,0.5127443533,0.9199505462,0.0000000000,-0.1611595156,-0.0948465413,-0.0000000000,0.0131507467,1.0000000000,0.1611595156,-33.8434982744,-0.376,1.000000,61.5638456396,-1,0.3595246242
5.633429,2.3382315185,2.4374954720,2.6650579907,0.0240719252,-0.0993280647,2.6409860655,0.0920173208,2.5350863833,45.3983110986,0.0915187497,0.5127443533,0.9199505462,0.0000000000,-0.1611595156,-0.1085394615,-0.0000000000,0.0131790359,1.0000000000,0.1611595156,-33.8434982744,0.137,1.000000,61.5638456396,-1,0.3595246242
5.641744,2.3615552638,2.4328935296,2.9334809428,0.0165259860,-0.0713822798,2.9169549568,0.0920173208,2.8646933083,39.5528310007,0.0568992200,0.5127443533,0.9199505462,0.0000000000,-0.1611595156,-0.1198812536,-0.0000000000,0.0131893727,1.0000000000,0.1611595156,-33.8434982744,0.650,1.000000,61.5638456396,4,0.3595246242
5.650084,2.3868915137,2.4313595488,3.1304491578,0.0080020687,-0.0444893472,3.1224470892,0.0920173208,3.1218026712,30.8531235459,0.0381101890,0.5127443533,0.9199505462,0.0000000000,-0.1611595156,-0.1283265861,-0.0000000000,0.0131933868,0.3804697288,0.1611595156,-33.8434982744,1.163,1.000000,61.5638456396,0,0.3595246242
5.658425,2.4135576332,2.4313595488,3.2502466274,-0.0003155872,-0.0178010751,3.2505622146,0.0920173208,3.3011422098,21.5207446390,0.0287158513,0.5127443533,0.9199505462,0.0000000000,-0.1611595156,-0.1335918720,-0.0000000000,0.0131949688,0.0000000000,0.1611595156,-33.8434982744,1.676,1.000000,61.5638456396,0,0.3595246242
5.666736,2.4407912777,2.4313595488,3.2898653304,-0.0084319726,0.0094541859,3.2982973030,0.0920961056,3.4012625273,12.0144381035,0.0250087501,0.5127443533,0.9199505462,0.0000000000,-0.1611595156,-0.1355536925,-0.0000000000,0.0131953893,0.0000000000,0.1611595156,-33.8434982744,2.189,1.000000,61.5638456396,2,0.3595246242
5.675095,2.4681753948,2.4313595488,3.2484365434,-0.0157716707,0.0368578511,3.2642082141,0.0924032544,3.4200538285,2.2549561381,0.0255453271,0.5127443533,0.9199505462,0.0000000000,-0.1611595156,-0.1341526964,-0.0000000000,0.0131949485,0.1503518048,0.1611595156,-33.8434982744,2.703,1.000000,61.5638456396,2,0.3595246242
5.683419,2.4947657261,2.4313595488,3.1272006056,-0.0223534757,0.0634657118,3.1495540813,0.0929321353,3.3569568627,-7.5716359011,0.0305806819,0.5127443533,0.9199505462,0.0000000000,-0.1611595156,-0.1294406314,-0.0000000000,0.0131933364,0.9426699119,0.1611595156,-33.8434982744,3.216,1.000000,61.5638456396,4,0.3595246242
5.691750,2.5200441608,2.4313595488,2.9289417496,-0.0276154398,0.0887581608,2.9565571894,0.0936717867,3.2131865049,-17.2524429251,0.0422506794,0.5127443533,0.9199505462,0.0000000000,-0.1611595156,-0.1215088294,-0.0000000000,0.0131892528,1.0000000000,0.1611595156,-33.8434982744,3.729,1.000000,61.5638456396,3,0.3595246242
5.700087,2.5433836584,2.4313595488,2.6583717465,-0.0310092132,0.1121066971,2.6893809597,0.0946060091,2.9916849377,-26.5801880654,0.0653274730,0.5127443533,0.9199505462,0.0000000000,-0.1611595156,-0.1105283988,-0.0000000000,0.0131786711,1.0000000000,0.1611595156,-33.8434982744,4.242,1.000000,61.5638456396,3,0.3595246242
5.708415,2.5641665035,2.4328935296,2.3227076510,-0.0331602896,0.1313612905,2.3558679406,0.0957006866,2.6961366058,-35.4657998334,0.1079224482,0.5127443533,0.9199505462,0.0000000000,-0.1611595156,-0.0968216535,-0.0000000000,0.0131486581,1.0000000000,0.1611595156,-33.8434982744,4.755,1.000000,61.5638456396,3,0.3595246242
5.716750,2.5819254288,2.4328935296,1.9295288113,-0.0335184524,0.1491211697,1.9630472637,0.0969433630,2.3385480259,-42.9106295893,0.1804391365,0.5127443533,0.9199505462,0.0000000000,-0.1611595156,-0.0806774771,-0.0000000000,0.0130540867,1.0000000000,0.1611595156,-33.8434982744,5.268,1.000000,61.5638456396,4,0.3595246242
5.725097,2.5962178000,2.4328935296,1.4882151374,-0.0332876612,0.1634129262,1.5215027985,0.0983051374,1.9256887679,-49.5431109626,0.2883460319,0.5127443533,0.9199505462,0.0000000000,-0.1611595156,-0.0625308466,-0.0000000000,0.0127287593,1.0000000000,0.1611595156,-33.8434982744,5.781,1.000000,61.5638456396,6,0.3595246242
5.733416,2.6066384324,2.4344275104,1.0117202562,-0.0324821673,0.1722974325,1.0442024235,0.0997409493,1.4667633255,-55.0710530808,0.4167932297,0.5127443533,0.9199505462,0.0000000000,-0.1611595156,-0.0429147167,-0.0000000000,0.0115764597,1.0000000000,0.1611595156,-33.8434982744,6.294,1.000000,61.5638456396,5,0.3595246242
5.741749,2.6129898832,2.4359614912,0.5095873528,-0.0311158775,0.1771112637,0.5407032303,0.1012168765,0.9738629178,-59.1480489251,0.5225784818,0.5127443533,0.9199505462,0.0000000000,-0.1611595156,-0.0222218656,-0.0000000000,0.0078628294,1.0000000000,0.1611595156,-33.8434982744,6.807,1.000000,61.5638456396,5,0.3595246242
5.750090,2.6150961073,2.4374954720,-0.0055843518,-0.0297826491,0.1776799561,0.0241982973,0.1026975428,0.4598131837,-61.6859680977,0.5514645825,0.5127443533,0.9199505462,0.0000000000,-0.1611595156,-0.0009945036,-0.0000000000,-0.0000992914,1.0000000000,0.1611595156,-33.8434982744,7.320,1.000000,61.5638456396,6,0.3595246242
5.758423,2.6129011872,2.4390294527,-0.5201386772,-0.0279013948,0.1739460449,-0.4922372824,0.1041470932,-0.0624541018,-62.6720742511,0.4838284447,0.5127443533,0.9199709815,0.0024522302,0.0323798307,0.0202300081,0.0000000000,-0.0079828377,1.0000000000,0.1611595156,6.7997644386,6.807,1.000000,61.5638456396,7,0.3534782118
5.766763,2.6064562075,2.4405634335,-1.0222872943,-0.0254853758,0.1659606498,-0.9968019185,0.1041470932,-0.5823455892,-62.3869784882,0.3488686117,0.5127533734,0.9199709815,0.0000000000,0.1611595156,0.0409666468,0.0000000000,-0.0116192795,1.0000000000,0.1611595156,33.8434982744,6.294,1.000000,61.5638456396,6,0.3534782118
5.775866,2.5947596360,2.4420974143,-1.5412060343,-0.0225475323,0.1527222730,-1.5186585021,0.1041470932,-1.1296113892,-65.6718960061,0.2084337319,0.5127533734,0.9199709815,0.0000000000,0.1611595156,0.0624139514,0.0000000000,-0.0127903700,1.0000000000,0.1611595156,33.8434982744,5.781,1.000000,61.5638456396,6,0.3534782118
5.783647,2.5811543496,2.4451653759,-1.9494429347,-0.0191004913,0.1360398445,-1.9303424434,0.1041470932,-1.5733149236,-53.2444241312,0.1197627853,0.5127533734,0.9199709815,0.0000000000,0.1611595156,0.0793333717,0.0000000000,-0.0130616237,1.0000000000,0.1611595156,33.8434982744,5.268,1.000000,61.5638456396,6,0.3534782118
5.791749,2.5637852621,2.4466993567,-2.3298937876,-0.0151565744,0.1171262722,-2.3147372132,0.1041470932,-1.9940116554,-50.4836078163,0.0635598883,0.5127533734,0.9199709815,0.0000000000,0.1611595156,0.0951312595,0.0000000000,-0.0131496240,1.0000000000,0.1611595156,33.8434982744,4.755,1.000000,61.5638456396,5,0.3534782118
5.800088,2.5429181486,2.4497673183,-2.6647468796,-0.0107278051,0.0931794019,-2.6540190745,0.1041470932,-2.3792561919,-46.2293443784,0.0326884459,0.5127533734,0.9199709815,0.0000000000,0.1611595156,0.1090750932,0.0000000000,-0.0131790191,1.0000000000,0.1611595156,33.8434982744,4.242,1.000000,61.5638456396,6,0.3534782118
5.808516,2.5192651735,2.4513012990,-2.9364061887,-0.0058259157,0.0679793907,-2.9305802731,0.1041470932,-2.7041852946,-38.9914923253,0.0176357473,0.5127533734,0.9199709815,0.0000000000,0.1611595156,0.1204412279,0.0000000000,-0.0131894492,0.9948496252,0.1611595156,33.8434982744,3.729,1.000000,61.5638456396,5,0.3534782118
5.816750,2.4942374966,2.4543692606,-3.1304361010,-0.0004623548,0.0398694674,-3.1299737463,0.1041470932,-2.9575318422,-30.4015857053,0.0106447264,0.5127533734,0.9199709815,0.0000000000,0.1611595156,0.1286359172,0.0000000000,-0.0131933866,0.2335349019,0.1611595156,33.8434982744,3.216,1.000000,61.5638456396,4,0.3534782118
5.825109,2.4675127745,2.4559032414,-3.2504131271,0.0047714189,0.0115968253,-3.2551845459,0.1041470932,-3.1370080322,-21.5371428039,0.0074574574,0.5127533734,0.9199709815,0.0000000000,0.1611595156,0.1337818409,0.0000000000,-0.0131949706,0.0000000000,0.1611595156,33.8434982744,2.703,1.000000,61.5638456396,2,0.3534782118
5.833428,2.4402527364,2.4589712030,-3.2898629209,0.0104588331,-0.0187463219,-3.3003217540,0.1039908738,-3.2405285520,-12.4224623731,0.0062417979,0.5127533734,0.9199709815,0.0000000000,0.1611595156,0.1356368936,0.0000000000,-0.0131953892,0.0000000000,0.1611595156,33.8434982744,2.189,1.000000,61.5638456396,1,0.3534782118
5.841741,2.4130190895,2.4589712030,-3.2486404996,0.0160086234,-0.0459947496,-3.2646491230,0.1036075842,-3.2575084792,-2.0375912622,0.0064343205,0.5127533734,0.9199709815,0.0000000000,0.1611595156,0.1341708169,0.0000000000,-0.0131949508,0.4313761468,0.1611595156,33.8434982744,1.676,1.000000,61.5638456396,3,0.3534782118
5.850090,2.3863487501,2.4605051838,-3.1271242887,0.0214241201,-0.0742134930,-3.1485484088,0.1029891385,-3.1961392843,7.3643033862,0.0080219007,0.5127533734,0.9199709815,0.0000000000,0.1611595156,0.1293993002,0.0000000000,-0.0131933352,1.0000000000,0.1611595156,33.8434982744,1.163,1.000000,61.5638456396,1,0.3534782118
5.858438,2.3610196869,2.4620391646,-2.9283338318,0.0261282854,-0.1010890657,-2.9544621172,0.1021467296,-3.0544127502,17.0071840902,0.0119254354,0.5127533734,0.9199709815,0.0000000000,0.1611595156,0.1214227259,0.0000000000,-0.0131892366,1.0000000000,0.1611595156,33.8434982744,0.650,1.000000,61.5638456396,1,0.3534782118
5.866775,2.3376873422,2.4620391646,-2.6576036832,0.0307186195,-0.1244336359,-2.6883223027,0.1011097826,-2.8340345936,26.4453787963,0.0204268639,0.5127533734,0.9199709815,0.0000000000,0.1611595156,0.1104848900,0.0000000000,-0.0131786288,1.0000000000,0.1611595156,33.8434982744,0.137,1.000000,61.5638456396,0,0.3534782118
5.875139,2.3168281280,2.4620391646,-2.3202047045,0.0346175895,-0.1453032344,-2.3548222940,0.0998989223,-2.5417060518,35.0794250148,0.0383070733,0.5127533734,0.9199709815,0.0000000000,0.1611595156,0.0967786794,0.0000000000,-0.0131483173,1.0000000000,0.1611595156,33.8434982744,-0.376,1.000000,61.5638456396,0,0.3534782118
5.883425,2.2991862885,2.4620391646,-1.9291343931,0.0378419251,-0.1629536613,-1.9669763182,0.0985409752,-2.1889882573,42.3261353333,0.0736743512,0.5127533734,0.9199709815,0.0000000000,0.1611595156,0.0808389537,0.0000000000,-0.0130539333,1.0000000000,0.1611595156,33.8434982744,-0.889,1.000000,61.5638456396,0,0.3534782118
5.891751,2.2849278954,2.4620391646,-1.4889146282,0.0398276637,-0.1772173430,-1.5287422919,0.0970641640,-1.7794914999,49.1396108936,0.1383818294,0.5127533734,0.9199709815,0.0000000000,0.1611595156,0.0628283758,0.0000000000,-0.0127296291,1.0000000000,0.1611595156,33.8434982744,-1.402,1.000000,61.5638456396,0,0.3534782118
5.900086,2.2744859244,2.4605051838,-1.0115738381,0.0411850642,-0.1861289484,-1.0527589023,0.0955130894,-1.3220412111,54.8940346558,0.2401616237,0.5127533734,0.9199709815,0.0000000000,0.1611595156,0.0432663715,0.0000000000,-0.0115758588,1.0000000000,0.1611595156,33.8434982744,-1.915,1.000000,61.5638456396,0,0.3534782118
5.908422,2.2681338707,2.4605051838,-0.5092129440,0.0419293311,-0.1924829844,-0.5511422751,0.0939090645,-0.8340975537,58.5532388909,0.3645450121,0.5127533734,0.9199709815,0.0000000000,0.1611595156,0.0226508903,0.0000000000,-0.0078585333,1.0000000000,0.1611595156,33.8434982744,-2.428,1.000000,61.5638456396,-1,0.3534782118
5.916749,2.2660307198,2.4589712030,0.0051215734,0.0414950136,-0.1930509977,-0.0363734402,0.0923003062,-0.3219005852,61.4636362140,0.4712689917,0.5127533734,0.9205030136,0.0638438530,0.1032824051,0.0014948786,0.0000000000,0.0000910633,1.0000000000,0.1611595156,21.6893050687,-2.941,1.000000,61.5638456396,-1,0.3571960647
5.925141,2.2682525290,2.4574372222,0.5232896655,0.0404909185,-0.1892925335,0.4827987470,0.0907228684,0.2030326512,62.9919883698,0.5136585856,0.5129878843,0.9207292290,0.0271458514,-0.0804112783,-0.0198421024,-0.0000000000,0.0080182794,1.0000000000,0.1611595156,-16.8863684438,-2.428,1.000000,61.5638456396,-3,0.3551184679
5.933411,2.2746517760,2.4543692606,1.0211978737,0.0389308331,-0.1798211699,0.9822670406,0.0907228684,0.7206799052,62.1176704866,0.4614790546,0.5130874049,0.9207292290,0.0000000000,-0.1611595156,-0.0403692912,-0.0000000000,0.0116149143,1.0000000000,0.1611595156,-33.8434982744,-1.915,1.000000,61.5638456396,-1,0.3551184679
5.941776,2.2852165531,2.4497673183,1.4995871668,0.0362479241,-0.1646473050,1.4633392427,0.0907228684,1.2308762231,61.2235581479,0.3541820340,0.5130874049,0.9207292290,0.0000000000,-0.1611595156,-0.0601404360,-0.0000000000,0.0127427067,1.0000000000,0.1611595156,-33.8434982744,-1.402,1.000000,61.5638456396,-1,0.3551184679
5.950090,2.2995378862,2.4466993567,1.9382565825,0.0324693614,-0.1472479468,1.9057872211,0.0907228684,1.7067198411,57.1012341571,0.2394654970,0.5130874049,0.9207292290,0.0000000000,-0.1611595156,-0.0783241992,-0.0000000000,0.0130574392,1.0000000000,0.1611595156,-33.8434982744,-0.889,1.000000,61.5638456396,-1,0.3551184679
5.958424,2.3173619707,2.4420974143,2.3302764203,0.0270413704,-0.1248074635,2.3032350498,0.0907228684,2.1472390454,52.8623045126,0.1492083678,0.5130874049,0.9207292290,0.0000000000,-0.1611595156,-0.0946585426,-0.0000000000,0.0131496749,1.0000000000,0.1611595156,-33.8434982744,-0.376,1.000000,61.5638456396,-1,0.3551184679
5.966756,2.3382137531,2.4390294527,2.6648155877,0.0205841513,-0.1008705218,2.6442314364,0.0907228684,2.5341790505,46.4328006139,0.0904544361,0.5130874049,0.9207292290,0.0000000000,-0.1611595156,-0.1086728400,-0.0000000000,0.0131790228,1.0000000000,0.1611595156,-33.8434982744,0.137,1.000000,61.5638456396,-1,0.3551184679
5.975665,2.3632837105,2.4344275104,2.9497950890,0.0131226091,-0.0711787496,2.9366724799,0.0907228684,2.8836093066,41.9316307263,0.0545845322,0.5130874049,0.9207292290,0.0000000000,-0.1611595156,-0.1206916060,-0.0000000000,0.0131897918,1.0000000000,0.1611595156,-33.8434982744,0.650,1.000000,61.5638456396,-3,0.3551184679
5.983418,2.3868959767,2.4328935296,3.1304763441,0.0046810466,-0.0460100200,3.1257952975,0.0907228684,3.1210399876,28.4916817275,0.0376998889,0.5130874049,0.9207292290,0.0000000000,-0.1611595156,-0.1284641910,-0.0000000000,0.0131933872,0.4318967181,0.1611595156,-33.8434982744,1.163,1.000000,61.5638456396,-1,0.3551184679
5.991751,2.4135354234,2.4328935296,3.2501810325,-0.0035562473,-0.0193486348,3.2537372797,0.0907228684,3.3001547776,21.4937747945,0.0284271978,0.5130874049,0.9207292290,0.0000000000,-0.1611595156,-0.1337223611,-0.0000000000,0.0131949680,0.0000000000,0.1611595156,-33.8434982744,1.676,1.000000,61.5638456396,0,0.3551184679
6.000313,2.4415915607,2.4313595488,3.2898110527,-0.0115942153,0.0102628910,3.3014052680,0.0908083925,3.4047367231,12.5498334635,0.0246874753,0.5130874049,0.9207292290,0.0000000000,-0.1611595156,-0.1356814239,-0.0000000000,0.0131953887,0.0000000000,0.1611595156,-33.8434982744,2.189,1.000000,61.5638456396,2,0.3551184679
6.008424,2.4681623382,2.4313595488,3.2484759665,-0.0188573935,0.0368530127,3.2673333600,0.0911155010,3.4219836849,2.0696354111,0.0252475306,0.5130874049,0.9207292290,0.0000000000,-0.1611595156,-0.1342811339,-0.0000000000,0.0131949489,0.1502288510,0.1611595156,-33.8434982744,2.703,1.000000,61.5638456396,1,0.3551184679
6.016763,2.4947994289,2.4313595488,3.1269929806,-0.0247842430,0.0635058885,3.1517772236,0.0916447167,3.3580714239,-7.6694713156,0.0302686630,0.5130874049,0.9207292290,0.0000000000,-0.1611595156,-0.1295319983,-0.0000000000,0.0131933331,0.9433548853,0.1611595156,-33.8434982744,3.216,1.000000,61.5638456396,3,0.3551184679
6.025105,2.5201073979,2.4328935296,2.9283317310,-0.0294071002,0.0872921888,2.9577388312,0.0923721516,3.2103574723,-17.7256741875,0.0419472977,0.5130874049,0.9207292290,0.0000000000,-0.1611595156,-0.1215573926,-0.0000000000,0.0131892365,1.0000000000,0.1611595156,-33.8434982744,3.729,1.000000,61.5638456396,4,0.3551184679
6.033408,2.5433500315,2.4313595488,2.6588337477,-0.0327575191,0.1120777265,2.6915912668,0.0933061327,2.9926424716,-26.1258000928,0.0646343000,0.5130874049,0.9207292290,0.0000000000,-0.1611595156,-0.1106192382,-0.0000000000,0.0131786965,1.0000000000,0.1611595156,-33.8434982744,4.242,1.000000,61.5638456396,4,0.3551184679
6.041782,2.5642447600,2.4328935296,2.3212270664,-0.0342860027,0.1314425451,2.3555130691,0.0944014872,2.6947411466,-35.7481589973,0.1071501432,0.5130874049,0.9207292290,0.0000000000,-0.1611595156,-0.0968070689,-0.0000000000,0.0131484568,1.0000000000,0.1611595156,-33.8434982744,4.755,1.000000,61.5638456396,5,0.3551184679
6.050200,2.5821494156,2.4328935296,1.9236848397,-0.0351972129,0.1493496275,1.9588820526,0.0956460674,2.3336265165,-43.3337556099,0.1798379019,0.5130874049,0.9207292290,0.0000000000,-0.1611595156,-0.0805062949,-0.0000000000,0.0130517979,1.0000000000,0.1611595156,-33.8434982744,5.268,1.000000,61.5638456396,6,0.3551184679
6.058413,2.5961926572,2.4344275104,1.4891491247,-0.0349257990,0.1618581654,1.5240749237,0.0969948855,1.9240700230,-49.1467792235,0.2851136922,0.5130874049,0.9207292290,0.0000000000,-0.1611595156,-0.0626365560,-0.0000000000,0.0127299204,1.0000000000,0.1611595156,-33.8434982744,5.781,1.000000,61.5638456396,5,0.3551184679
6.066797,2.6066861609,2.4344275104,1.0089323064,-0.0340806655,0.1723494183,1.0430129719,0.0984311306,1.4644673286,-55.1523233239,0.4131141645,0.5130874049,0.9207292290,0.0000000000,-0.1611595156,-0.0428658325,-0.0000000000,0.0115649828,1.0000000000,0.1611595156,-33.8434982744,6.294,1.000000,61.5638456396,7,0.3551184679
6.075885,2.6133788630,2.4374954720,0.4603960336,-0.0326756953,0.1759704170,0.4930717288,0.0998975508,0.9228266397,-64.9968826737,0.5232828230,0.5130874049,0.9207292290,0.0000000000,-0.1611595156,-0.0202643023,-0.0000000000,0.0072762673,1.0000000000,0.1611595156,-33.8434982744,6.807,1.000000,61.5638456396,5,0.3551184679
6.083422,2.6150961160,2.4374954720,-0.0054867235,-0.0313047225,0.1776840186,0.0258179990,0.1013782509,0.4602256332,-55.5121207744,0.5454116321,0.5130874049,0.9207292290,0.0000000000,-0.1611595156,-0.0010610702,-0.0000000000,-0.0000975556,1.0000000000,0.1611595156,-33.8434982744,7.320,1.000000,61.5638456396,7,0.3551184679
6.091759,2.6128999732,2.4390294527,-0.5202815732,-0.0293866371,0.1739487865,-0.4908949361,0.1028278242,-0.0623215216,-62.7056585799,0.4783202398,0.5130874049,0.9207493993,0.0024204362,0.0321176218,0.0201748403,0.0000000000,-0.0079844489,1.0000000000,0.1611595156,6.7447005790,6.807,1.000000,61.5638456396,6,0.3491495487
6.100087,2.6064651782,2.4405634335,-1.0217699210,-0.0269346782,0.1659734804,-0.9948352427,0.1028278242,-0.5815693152,-62.3097352313,0.3449187936,0.5130962730,0.9207493993,0.0000000000,0.1611595156,0.0408858202,0.0000000000,-0.0116172078,1.0000000000,0.1611595156,33.8434982744,6.294,1.000000,61.5638456396,6,0.3491495487
6.108419,2.5959458726,2.4436313951,-1.4982776291,-0.0239617645,0.1523782954,-1.4743158645,0.1028278242,-1.0871439971,-60.6689618311,0.2157262794,0.5130962730,0.9207493993,0.0000000000,0.1611595156,0.0605915541,0.0000000000,-0.0127411215,1.0000000000,0.1611595156,33.8434982744,5.781,1.000000,61.5638456396,5,0.3491495487
6.116750,2.5816018297,2.4451653759,-1.9379243734,-0.0204805020,0.1364910000,-1.9174438714,0.1028278242,-1.5607654501,-56.8345743526,0.1202795953,0.5130962730,0.9207493993,0.0000000000,0.1611595156,0.0788032652,0.0000000000,-0.0130573131,1.0000000000,0.1611595156,33.8434982744,5.268,1.000000,61.5638456396,6,0.3491495487
6.125098,2.5637484544,2.4482333375,-2.3305852411,-0.0165031917,0.1155590702,-2.3140820494,0.1028278242,-1.9975795457,-52.4176914698,0.0623909607,0.5130962730,0.9207493993,0.0000000000,0.1611595156,0.0951043335,0.0000000000,-0.0131497159,1.0000000000,0.1611595156,33.8434982744,4.755,1.000000,61.5638456396,6,0.3491495487
6.133406,2.5429578688,2.4497673183,-2.6642046361,-0.0120418369,0.0932226218,-2.6521627992,0.1028278242,-2.3785319905,-45.7142933782,0.0322769678,0.5130962730,0.9207493993,0.0000000000,0.1611595156,0.1089988038,0.0000000000,-0.0131789897,1.0000000000,0.1611595156,33.8434982744,4.242,1.000000,61.5638456396,3,0.3491495487
6.141763,2.5195163520,2.4528352798,-2.9340094391,-0.0071081506,0.0667000035,-2.9269012885,0.1028278242,-2.7041769438,-39.0773943980,0.0174010137,0.5130962730,0.9207493993,0.0000000000,0.1611595156,0.1202900287,0.0000000000,-0.0131893866,0.9854545800,0.1611595156,33.8434982744,3.729,1.000000,61.5638456396,3,0.3491495487
6.150118,2.4941272820,2.4543692606,-3.1311067705,-0.0017135622,0.0397625852,-3.1293932083,0.1028278242,-2.9583714782,-30.5033441317,0.0104712823,0.5130962730,0.9207493993,0.0000000000,0.1611595156,0.1286120582,0.0000000000,-0.0131933969,0.2303771830,0.1611595156,33.8434982744,3.216,1.000000,61.5638456396,3,0.3491495487
6.158419,2.4675883126,2.4559032414,-3.2501902830,0.0035504881,0.0116756151,-3.2537407711,0.1028278242,-3.1366280598,-21.3907897888,0.0073517979,0.5130962730,0.9207493993,0.0000000000,0.1611595156,0.1337225045,0.0000000000,-0.0131949681,0.0000000000,0.1611595156,33.8434982744,2.703,1.000000,61.5638456396,3,0.3491495487
6.166755,2.4402736314,2.4589712030,-3.2898635985,0.0092674464,-0.0187222538,-3.2991310449,0.1026718054,-3.2405064913,-12.4654117772,0.0061480296,0.5130962730,0.9207493993,0.0000000000,0.1611595156,0.1355879577,0.0000000000,-0.0131953892,0.0000000000,0.1611595156,33.8434982744,2.189,1.000000,61.5638456396,4,0.3491495487
6.175164,2.4127278959,2.4605051838,-3.2477585102,0.0148460658,-0.0478168277,-3.2626045760,0.1022733318,-3.2601899848,-2.3620192178,0.0063119562,0.5130962730,0.9207493993,0.0000000000,0.1611595156,0.1340867899,0.0000000000,-0.0131949408,0.4938215905,0.1611595156,33.8434982744,1.676,1.000000,61.5638456396,2,0.3491495487
6.183421,2.3863561030,2.4605051838,-3.1271695789,0.0202896940,-0.0742031187,-3.1474592729,0.1016549725,-3.1962589847,7.6717200033,0.0078995321,0.5130962730,0.9207493993,0.0000000000,0.1611595156,0.1293545388,0.0000000000,-0.0131933359,1.0000000000,0.1611595156,33.8434982744,1.163,1.000000,61.5638456396,1,0.3491495487
6.191758,2.3610600342,2.4620391646,-2.9287231129,0.0250213102,-0.1010457702,-2.9537444231,0.1008129244,-3.0548403724,16.9702334841,0.0117366634,0.5130962730,0.9207493993,0.0000000000,0.1611595156,0.1213932301,0.0000000000,-0.0131892470,1.0000000000,0.1611595156,33.8434982744,0.650,1.000000,61.5638456396,1,0.3491495487
6.200087,2.3377444900,2.4620391646,-2.6583893551,0.0290581435,-0.1243720657,-2.6874474987,0.0997764905,-2.8342695577,26.4684977607,0.0201182632,0.5130962730,0.9207493993,0.0000000000,0.1611595156,0.1104489373,0.0000000000,-0.0131786721,1.0000000000,0.1611595156,33.8434982744,0.137,1.000000,61.5638456396,1,0.3491495487
6.208419,2.3169518047,2.4620391646,-2.3225458117,0.0329972937,-0.1451752423,-2.3555431054,0.0985666968,-2.5434081614,34.9033675504,0.0376350807,0.5130962730,0.9207493993,0.0000000000,0.1611595156,0.0968083034,0.0000000000,-0.0131486362,1.0000000000,0.1611595156,33.8434982744,-0.376,1.000000,61.5638456396,0,0.3491495487
6.216756,2.2991901128,2.4620391646,-1.9292339685,0.0356805499,-0.1629440806,-1.9649145184,0.0972088295,-2.1881349563,42.6327846116,0.0727647854,0.5130962730,0.9207493993,0.0000000000,0.1611595156,0.0807542177,0.0000000000,-0.0130539720,1.0000000000,0.1611595156,33.8434982744,-0.889,1.000000,61.5638456396,0,0.3491495487
6.225091,2.2849182459,2.4620391646,-1.4885561926,0.0377185894,-0.1772213754,-1.5262747820,0.0957319847,-1.7782586481,49.1851569935,0.1367759767,0.5130962730,0.9207493993,0.0000000000,0.1611595156,0.0627269659,0.0000000000,-0.0127291836,1.0000000000,0.1611595156,33.8434982744,-1.402,1.000000,61.5638456396,0,0.3491495487
6.233407,2.2744982734,2.4605051838,-1.0122939092,0.0391270252,-0.1861111183,-1.0514209344,0.0941810587,-1.3218958024,54.7635414781,0.2371312738,0.5130962730,0.9207493993,0.0000000000,0.1611595156,0.0432113836,0.0000000000,-0.0115788118,1.0000000000,0.1611595156,33.8434982744,-1.915,1.000000,61.5638456396,0,0.3491495487
6.241757,2.2681331071,2.4605051838,-0.5091210665,0.0399210924,-0.1924783994,-0.5490421589,0.0925770721,-0.8332153837,58.6416502422,0.3602902444,0.5130962730,0.9207493993,0.0000000000,0.1611595156,0.0225645796,0.0000000000,-0.0078574787,1.0000000000,0.1611595156,33.8434982744,-2.428,1.000000,61.5638456396,-1,0.3491495487
6.250097,2.2660308012,2.4589712030,0.0060265006,0.0395353703,-0.1930456972,-0.0335088697,0.0909683579,-0.3202525470,61.5555404101,0.4659622930,0.5130962730,0.9212714621,0.0626475382,0.1018557711,0.0013771503,0.0000000000,0.0001071526,1.0000000000,0.1611595156,21.3897119303,-2.941,1.000000,61.5638456396,-2,0.3528521895
6.258425,2.2682266719,2.4574372222,0.5202554474,0.0385786945,-0.1893132978,0.4816767529,0.0893907471,0.2006439377,62.5075781654,0.5079207429,0.5133254877,0.9214904610,0.0262798639,-0.0790459829,-0.0197959906,-0.0000000000,0.0079841544,1.0000000000,0.1611595156,-16.5996564101,-2.428,1.000000,61.5638456396,-2,0.3507556269
6.266779,2.2746875169,2.4543692606,1.0232587378,0.0370648811,-0.1797804595,0.9861938567,0.0893907471,0.7234579942,62.7376867729,0.4559176835,0.5134214588,0.9214904610,0.0000000000,-0.1611595156,-0.0405306758,-0.0000000000,0.0116231624,1.0000000000,0.1611595156,-33.8434982744,-1.915,1.000000,61.5638456396,-2,0.3507556269
6.276022,2.2866090431,2.4497673183,1.5497714260,0.0344271243,-0.1632499657,1.5153443017,0.0893907471,1.2843364147,67.3054104581,0.3373783018,0.5134214588,0.9214904610,0.0000000000,-0.1611595156,-0.0622777441,-0.0000000000,0.0127995537,1.0000000000,0.1611595156,-33.8434982744,-1.402,1.000000,61.5638456396,-1,0.3507556269
6.283400,2.2994919920,2.4466993567,1.9370695839,0.0306926213,-0.1472891090,1.9063769626,0.0893907471,1.7060037123,50.6000757207,0.2371718739,0.5134214588,0.9214904610,0.0000000000,-0.1611595156,-0.0783484365,-0.0000000000,0.0130569878,1.0000000000,0.1611595156,-33.8434982744,-0.889,1.000000,61.5638456396,-1,0.3507556269
6.291750,2.3173431567,2.4420974143,2.3299229459,0.0258879111,-0.1248232055,2.3040350347,0.0893907471,2.1467819506,52.8933885868,0.1478280598,0.5134214588,0.9214904610,0.0000000000,-0.1611595156,-0.0946914205,-0.0000000000,0.0131496278,1.0000000000,0.1611595156,-33.8434982744,-0.376,1.000000,61.5638456396,-1,0.3507556269
6.300094,2.3382248062,2.4390294527,2.6649664112,0.0194586033,-0.1008564710,2.6455078079,0.0893907471,2.5342555252,46.4968289609,0.0896023559,0.5134214588,0.9214904610,0.0000000000,-0.1611595156,-0.1087252964,-0.0000000000,0.0131790310,1.0000000000,0.1611595156,-33.8434982744,0.137,1.000000,61.5638456396,-1,0.3507556269
6.308414,2.3615645523,2.4344275104,2.9335698231,0.0120242972,-0.0728949826,2.9215455260,0.0893907471,2.8639614176,39.5647070860,0.0557584485,0.5134214588,0.9214904610,0.0000000000,-0.1611595156,-0.1200699172,-0.0000000000,0.0131893750,1.0000000000,0.1611595156,-33.8434982744,0.650,1.000000,61.5638456396,0,0.3507556269
6.316746,2.3868791653,2.4328935296,3.1303739246,0.0041895988,-0.0460255226,3.1261843258,0.0893907471,3.1201723957,30.7453173671,0.0374401783,0.5134214588,0.9214904610,0.0000000000,-0.1611595156,-0.1284801793,-0.0000000000,0.0131933856,0.4324252720,0.1611595156,-33.8434982744,1.163,1.000000,61.5638456396,-2,0.3507556269
6.325084,2.4135345805,2.4328935296,3.2501785420,-0.0040358030,-0.0193482004,3.2542143450,0.0893907471,3.2994058112,21.5080098629,0.0282357480,0.5134214588,0.9214904610,0.0000000000,-0.1611595156,-0.1337419675,-0.0000000000,0.0131949680,0.0000000000,0.1611595156,-33.8434982744,1.676,1.000000,61.5638456396,0,0.3507556269
6.333411,2.4408174727,2.4328935296,3.2898646488,-0.0120621667,0.0079560685,3.3019268155,0.0894570477,3.3995860768,12.0216318756,0.0245962020,0.5134214588,0.9214904610,0.0000000000,-0.1611595156,-0.1357028585,-0.0000000000,0.0131953892,0.0000000000,0.1611595156,-33.8434982744,2.189,1.000000,61.5638456396,2,0.3507556269
6.341775,2.4682187649,2.4328935296,3.2483054547,-0.0193140215,0.0353766748,3.2676194762,0.0897518533,3.4181802759,2.2313038899,0.0251289514,0.5134214588,0.9214904610,0.0000000000,-0.1611595156,-0.1342928927,-0.0000000000,0.0131949470,0.1145491448,0.1611595156,-33.8434982744,2.703,1.000000,61.5638456396,3,0.3507556269
6.350095,2.4947929987,2.4328935296,3.1270326046,-0.0252298215,0.0619666643,3.1522624261,0.0902682422,3.3543345863,-7.6614827556,0.0301062769,0.5134214588,0.9214904610,0.0000000000,-0.1611595156,-0.1295519392,-0.0000000000,0.0131933337,0.9146156767,0.1611595156,-33.8434982744,3.216,1.000000,61.5638456396,3,0.3507556269
6.358425,2.5200672117,2.4328935296,2.9287194595,-0.0298418966,0.0872531606,2.9585613561,0.0909953518,3.2098370746,-17.3397014055,0.0416120408,0.5134214588,0.9214904610,0.0000000000,-0.1611595156,-0.1215911968,-0.0000000000,0.0131892469,1.0000000000,0.1611595156,-33.8434982744,3.729,1.000000,61.5638456396,3,0.3507556269
6.366763,2.5434076283,2.4328935296,2.6580422813,-0.0331817943,0.1106024725,2.6912240756,0.0919170391,2.9881644004,-26.6007208972,0.0642855998,0.5134214588,0.9214904610,0.0000000000,-0.1611595156,-0.1106041473,-0.0000000000,0.0131786529,1.0000000000,0.1611595156,-33.8434982744,4.242,1.000000,61.5638456396,5,0.3507556269
6.375093,2.5641940276,2.4344275104,2.3221871195,-0.0347000113,0.1298589345,2.3568871308,0.0929991969,2.6917841990,-35.5656241742,0.1062055823,0.5134214588,0.9214904610,0.0000000000,-0.1611595156,-0.0968635402,-0.0000000000,0.0131485875,1.0000000000,0.1611595156,-33.8434982744,4.755,1.000000,61.5638456396,3,0.3507556269
6.383421,2.5819330739,2.4344275104,1.9293297908,-0.0350209160,0.1475988355,1.9643507068,0.0942291872,2.3344298428,-42.8825227440,0.1772674320,0.5134214588,0.9214904610,0.0000000000,-0.1611595156,-0.0807310461,-0.0000000000,0.0130540093,1.0000000000,0.1611595156,-33.8434982744,5.268,1.000000,61.5638456396,4,0.3507556269
6.391754,2.5962031895,2.4359614912,1.4887579663,-0.0347537682,0.1603342588,1.5235117345,0.0955653060,1.9192652849,-49.8197469475,0.2827283231,0.5134214588,0.9214904610,0.0000000000,-0.1611595156,-0.0626134100,-0.0000000000,0.0127294345,1.0000000000,0.1611595156,-33.8434982744,5.781,1.000000,61.5638456396,4,0.3507556269
6.400078,2.6066336355,2.4359614912,1.0119999866,-0.0339127975,0.1707624651,1.0459127841,0.0969883265,1.4629924030,-54.7527458263,0.4082452331,0.5134214588,0.9214904610,0.0000000000,-0.1611595156,-0.0429850092,-0.0000000000,0.0115776070,1.0000000000,0.1611595156,-33.8434982744,6.294,1.000000,61.5638456396,5,0.3507556269
6.408419,2.6129915530,2.4390294527,0.5093865689,-0.0325118893,0.1740486899,0.5418984583,0.0984387323,0.9666213306,-59.5645286873,0.5107341215,0.5134214588,0.9214904610,0.0000000000,-0.1611595156,-0.0222709872,-0.0000000000,0.0078605259,1.0000000000,0.1611595156,-33.8434982744,6.807,1.000000,61.5638456396,7,0.3507556269
6.416766,2.6150960526,2.4390294527,-0.0061619564,-0.0305645930,0.1761480032,0.0244026365,0.0999066323,0.4545067633,-61.4537480779,0.5385040440,0.5134214588,0.9226668612,0.1411680290,-0.1605791663,-0.0010029016,-0.0000000000,-0.0001095609,1.0000000000,0.1611595156,-33.7216249192,7.320,1.000000,61.5638456396,7,0.3675812510
6.425091,2.6129002434,2.4405634335,-0.5202497732,-0.0280841300,0.1724116069,-0.4921656433,0.1013433957,-0.0679097685,-62.6899838117,0.4940754419,0.5139351483,0.9226914165,0.0029466276,0.0345427916,0.0202270639,0.0000000000,-0.0079840904,1.0000000000,0.1611595156,7.2539862450,6.807,1.000000,61.5638456396,6,0.3614597959
6.433410,2.6064763389,2.4420974143,-1.0211258373,-0.0256636891,0.1644472753,-0.9954621482,0.1013433957,-0.5864926964,-62.2299513548,0.3543637501,0.5139458375,0.9226914165,0.0000000000,0.1611595156,0.0409115848,0.0000000000,-0.0116146253,1.0000000000,0.1611595156,33.8434982744,6.294,1.000000,61.5638456396,5,0.3614597959
6.441745,2.5959563597,2.4436313951,-1.4978911397,-0.0227215308,0.1523854793,-1.4751696089,0.1013433957,-1.0893510909,-60.3430073355,0.2210271956,0.5139458375,0.9226914165,0.0000000000,0.1611595156,0.0606266413,0.0000000000,-0.0127406526,1.0000000000,0.1611595156,33.8434982744,5.781,1.000000,61.5638456396,4,0.3614597959
6.450092,2.5815851410,2.4466993567,-1.9383558435,-0.0192702794,0.1349371073,-1.9190855641,0.1013433957,-1.5667567608,-57.2886803913,0.1220769103,0.5139458375,0.9226914165,0.0000000000,0.1611595156,0.0788707356,0.0000000000,-0.0130574769,1.0000000000,0.1611595156,33.8434982744,5.268,1.000000,61.5638456396,5,0.3614597959
6.458416,2.5637851355,2.4482333375,-2.3298961664,-0.0153222540,0.1155926061,-2.3145739124,0.1013433957,-1.9993741791,-51.9140901983,0.0633998309,0.5139458375,0.9226914165,0.0000000000,0.1611595156,0.0951245481,0.0000000000,-0.0131496243,1.0000000000,0.1611595156,33.8434982744,4.755,1.000000,61.5638456396,3,0.3614597959
6.466760,2.5429025556,2.4513012990,-2.6649596601,-0.0108894755,0.0916302588,-2.6540701845,0.1013433957,-2.3848628325,-46.2586383969,0.0324433759,0.5139458375,0.9226914165,0.0000000000,0.1611595156,0.1090771937,0.0000000000,-0.0131790306,1.0000000000,0.1611595156,33.8434982744,4.242,1.000000,61.5638456396,3,0.3614597959
6.475637,2.5179263416,2.4528352798,-2.9490202487,-0.0059836740,0.0651069982,-2.9430365747,0.1013433957,-2.7247369192,-40.7848904079,0.0169288502,0.5139458375,0.9226914165,0.0000000000,0.1611595156,0.1209531580,0.0000000000,-0.0131897723,0.9676097356,0.1611595156,33.8434982744,3.729,1.000000,61.5638456396,4,0.3614597959
6.483421,2.4942235274,2.4559032414,-3.1305211898,-0.0011965830,0.0383234729,-3.1293246068,0.1013433957,-2.9624321899,-28.5234324840,0.0105110053,0.5139458375,0.9226914165,0.0000000000,0.1611595156,0.1286092388,0.0000000000,-0.0131933879,0.1892547135,0.1611595156,33.8434982744,3.216,1.000000,61.5638456396,3,0.3614597959
6.491759,2.4675668850,2.4574372222,-3.2502535614,0.0040549575,0.0101188632,-3.2543085188,0.1013433957,-3.1415509136,-21.4942468473,0.0073544486,0.5139458375,0.9226914165,0.0000000000,0.1611595156,0.1337458379,0.0000000000,-0.0131949688,0.0000000000,0.1611595156,33.8434982744,2.703,1.000000,61.5638456396,2,0.3614597959
6.500082,2.4402941020,2.4589712030,-3.2898642166,0.0091794213,-0.0187015487,-3.2990436379,0.1011875495,-3.2417463229,-12.0234491123,0.0061886833,0.5139458375,0.9226914165,0.0000000000,0.1611595156,0.1355843655,0.0000000000,-0.0131953892,0.0000000000,0.1611595156,33.8434982744,2.189,1.000000,61.5638456396,1,0.3614597959
6.508427,2.4129576096,2.4605051838,-3.2484550770,0.0147601708,-0.0475868852,-3.2632152478,0.1007909921,-3.2617245283,-2.3973846531,0.0063452009,0.5139458375,0.9226914165,0.0000000000,0.1611595156,0.1341118874,0.0000000000,-0.0131949487,0.4859182655,0.1611595156,33.8434982744,1.676,1.000000,61.5638456396,3,0.3614597959
6.516758,2.3863446369,2.4605051838,-3.1270989508,0.0196255902,-0.0742128161,-3.1467245410,0.1001725520,-3.1969081544,7.7779648733,0.0079684103,0.5139458375,0.9226914165,0.0000000000,0.1611595156,0.1293243428,0.0000000000,-0.0131933348,1.0000000000,0.1611595156,33.8434982744,1.163,1.000000,61.5638456396,1,0.3614597959
6.525114,2.3609932793,2.4620391646,-2.9280789102,0.0243732763,-0.1011107991,-2.9524521865,0.0993299620,-3.0550387376,17.0243300174,0.0118676246,0.5139458375,0.9226914165,0.0000000000,0.1611595156,0.1213401216,0.0000000000,-0.0131892298,1.0000000000,0.1611595156,33.8434982744,0.650,1.000000,61.5638456396,1,0.3614597959
6.533490,2.3375596246,2.4620391646,-2.6558453933,0.0284257908,-0.1245552470,-2.6842711841,0.0982920016,-2.8328120277,26.6672051828,0.0204566447,0.5139458375,0.9226914165,0.0000000000,0.1611595156,0.1103183968,0.0000000000,-0.0131785315,1.0000000000,0.1611595156,33.8434982744,0.137,1.000000,61.5638456396,0,0.3614597959
6.541754,2.3169478061,2.4620391646,-2.3224701950,0.0317999553,-0.1451760520,-2.3542701503,0.0970822011,-2.5435039603,34.7169680837,0.0382191285,0.5139458375,0.9226914165,0.0000000000,0.1611595156,0.0967559873,0.0000000000,-0.0131486259,1.0000000000,0.1611595156,33.8434982744,-0.376,1.000000,61.5638456396,0,0.3614597959
6.550092,2.2991849683,2.4620391646,-1.9291000174,0.0345121846,-0.1629461133,-1.9636122021,0.0957243169,-2.1882037570,42.6360243978,0.0741173837,0.5139458375,0.9226914165,0.0000000000,0.1611595156,0.0807006950,0.0000000000,-0.0130539199,1.0000000000,0.1611595156,33.8434982744,-0.889,1.000000,61.5638456396,0,0.3614597959
6.558423,2.2849192661,2.4620391646,-1.4885940925,0.0365784962,-0.1772173188,-1.5251725887,0.0942475059,-1.7785158531,49.1625484701,0.1397674156,0.5139458375,0.9226914165,0.0000000000,0.1611595156,0.0626816679,0.0000000000,-0.0127292307,1.0000000000,0.1611595156,33.8434982744,-1.402,1.000000,61.5638456396,0,0.3614597959
6.566757,2.2744810732,2.4605051838,-1.0112908105,0.0374342327,-0.1861238099,-1.0487250432,0.0926964741,-1.3205915529,54.9509160273,0.2436822451,0.5139458375,0.9226914165,0.0000000000,0.1611595156,0.0431005877,0.0000000000,-0.0115746967,1.0000000000,0.1611595156,33.8434982744,-1.915,1.000000,61.5638456396,0,0.3614597959
6.575390,2.2679833653,2.4605051838,-0.4907629539,0.0376889748,-0.1926221964,-0.5284519287,0.0910912892,-0.8142695372,60.7586418793,0.3761446679,0.5139458375,0.9226914165,0.0000000000,0.1611595156,0.0217183606,0.0000000000,-0.0076436335,1.0000000000,0.1611595156,33.8434982744,-2.428,1.000000,61.5638456396,-2,0.3614597959
6.583421,2.2660307479,2.4589712030,0.0054511283,0.0373572653,-0.1930399495,-0.0319061370,0.0894826229,-0.3200071236,59.3114896343,0.4824800027,0.5139458375,0.9232267752,0.0642430447,0.1045854238,0.0013112810,0.0000000000,0.0000969227,1.0000000000,0.1611595156,21.9629390031,-2.941,1.000000,61.5638456396,-1,0.3649290527
6.591815,2.2682561639,2.4574372222,0.5237147531,0.0364532953,-0.1892781452,0.4872614578,0.0879053050,0.2049280416,62.9922198271,0.5277218788,0.5141785491,0.9234621555,0.0282456468,-0.0828727349,-0.0200255113,-0.0000000000,0.0080230468,1.0000000000,0.1611595156,-17.4032743201,-2.428,1.000000,61.5638456396,-2,0.3628183733
6.600104,2.2746792751,2.4543692606,1.0227839126,0.0349909122,-0.1797831776,0.9877930004,0.0879053050,0.7236838492,62.2506969084,0.4759165257,0.5142806608,0.9234621555,0.0000000000,-0.1611595156,-0.0405963976,-0.0000000000,0.0116212656,1.0000000000,0.1611595156,-33.8434982744,-1.915,1.000000,61.5638456396,-2,0.3628183733
6.608425,2.2851912065,2.4513012990,1.4986538611,0.0324033413,-0.1661963931,1.4662505198,0.0879053050,1.2282193052,60.5442547228,0.3670120714,0.5142806608,0.9234621555,0.0000000000,-0.1611595156,-0.0602600839,-0.0000000000,0.0127415775,1.0000000000,0.1611595156,-33.8434982744,-1.402,1.000000,61.5638456396,-1,0.3628183733
6.617147,2.3002987698,2.4466993567,1.9577753570,0.0287178097,-0.1464770717,1.9290575473,0.0879053050,1.7288748177,60.0786615009,0.2442581507,0.5142806608,0.9234621555,0.0000000000,-0.1611595156,-0.0792805650,-0.0000000000,0.0130646606,1.0000000000,0.1611595156,-33.8434982744,-0.889,1.000000,61.5638456396,-1,0.3628183733
6.625491,2.3182974437,2.4420974143,2.3477172752,0.0239608860,-0.1238637862,2.3237563892,0.0879053050,2.1669767049,52.5722264615,0.1524819839,0.5142806608,0.9234621555,0.0000000000,-0.1611595156,-0.0955019303,-0.0000000000,0.0131519406,1.0000000000,0.1611595156,-33.8434982744,-0.376,1.000000,61.5638456396,-1,0.3628183733
6.633446,2.3382761367,2.4390294527,2.6656665097,0.0181584956,-0.1008016780,2.6475080141,0.0879053050,2.5349928276,44.1619347199,0.0949190566,0.5142806608,0.9234621555,0.0000000000,-0.1611595156,-0.1088075011,-0.0000000000,0.0131790688,1.0000000000,0.1611595156,-33.8434982744,0.137,1.000000,61.5638456396,-1,0.3628183733
6.641748,2.3615666137,2.4359614912,2.9335895458,0.0107556494,-0.0744235232,2.9228338965,0.0879053050,2.8609478962,39.1146082370,0.0593402612,0.5142806608,0.9234621555,0.0000000000,-0.1611595156,-0.1201228667,-0.0000000000,0.0131893755,1.0000000000,0.1611595156,-33.8434982744,0.650,1.000000,61.5638456396,-2,0.3628183733
6.650075,2.3868640948,2.4344275104,3.1302820816,0.0029516498,-0.0475712767,3.1273304318,0.0879053050,3.1169835708,30.7242809515,0.0399437735,0.5142806608,0.9234621555,0.0000000000,-0.1611595156,-0.1285272821,-0.0000000000,0.0131933842,0.4853818813,0.1611595156,-33.8434982744,1.163,1.000000,61.5638456396,0,0.3628183733
6.658469,2.4137029418,2.4328935296,3.2506744225,-0.0052437962,-0.0191766219,3.2559182187,0.0879053050,3.3000709345,21.9704836385,0.0300804163,0.5142806608,0.9234621555,0.0000000000,-0.1611595156,-0.1338119935,-0.0000000000,0.0131949736,0.0000000000,0.1611595156,-33.8434982744,1.676,1.000000,61.5638456396,0,0.3628183733
6.666817,2.4410593980,2.4328935296,3.2898548507,-0.0132409290,0.0082011333,3.3030957797,0.0879736478,3.3998592180,11.9745940258,0.0262439137,0.5142806608,0.9234621555,0.0000000000,-0.1611595156,-0.1357509007,-0.0000000000,0.0131953891,0.0000000000,0.1611595156,-33.8434982744,2.189,1.000000,61.5638456396,1,0.3628183733
6.675085,2.4681414644,2.4328935296,3.2485389531,-0.0204642601,0.0353024377,3.2690032131,0.0882678348,3.4180547647,2.1834656023,0.0268190097,0.5142806608,0.9234621555,0.0000000000,-0.1611595156,-0.1343497616,-0.0000000000,0.0131949496,0.1128560412,0.1611595156,-33.8434982744,2.703,1.000000,61.5638456396,2,0.3628183733
6.683423,2.4947760895,2.4328935296,3.1271367772,-0.0269325140,0.0619542899,3.1540692912,0.0887841205,3.3547508451,-7.5964703482,0.0320883687,0.5142806608,0.9234621555,0.0000000000,-0.1611595156,-0.1296261979,-0.0000000000,0.0131933354,0.9143645530,0.1611595156,-33.8434982744,3.216,1.000000,61.5638456396,2,0.3628183733
6.691766,2.5200921038,2.4328935296,2.9284793220,-0.0320836746,0.0872840233,2.9605629967,0.0895114874,3.2105313333,-17.3063414240,0.0442887222,0.5142806608,0.9234621555,0.0000000000,-0.1611595156,-0.1216734604,-0.0000000000,0.0131892405,1.0000000000,0.1611595156,-33.8434982744,3.729,1.000000,61.5638456396,3,0.3628183733
6.700090,2.5433911389,2.4328935296,2.6582689400,-0.0353693258,0.1105918092,2.6936382658,0.0904330858,2.9891914235,-26.5607891694,0.0682653402,0.5142806608,0.9234621555,0.0000000000,-0.1611595156,-0.1107033659,-0.0000000000,0.0131786654,1.0000000000,0.1611595156,-33.8434982744,4.242,1.000000,61.5638456396,4,0.3628183733
6.708414,2.5641652539,2.4344275104,2.3227312782,-0.0374148963,0.1298373914,2.3601461745,0.0915150641,2.6936350280,-35.4667674611,0.1123863724,0.5142806608,0.9234621555,0.0000000000,-0.1611595156,-0.0969974807,-0.0000000000,0.0131486613,1.0000000000,0.1611595156,-33.8434982744,4.755,1.000000,61.5638456396,3,0.3628183733
6.716778,2.5819780419,2.4359614912,1.9281585217,-0.0376701063,0.1461168783,1.9658286280,0.0927327047,2.3316851146,-43.4339896103,0.1875639501,0.5142806608,0.9234621555,0.0000000000,-0.1611595156,-0.0807917859,-0.0000000000,0.0130535532,1.0000000000,0.1611595156,-33.8434982744,5.268,1.000000,61.5638456396,6,0.3628183733
6.725098,2.5962202242,2.4359614912,1.4881250450,-0.0373388534,0.1603581785,1.5254638984,0.0940690229,1.9198853033,-49.4159773578,0.2977960989,0.5142806608,0.9234621555,0.0000000000,-0.1611595156,-0.0626936402,-0.0000000000,0.0127286471,1.0000000000,0.1611595156,-33.8434982744,5.781,1.000000,61.5638456396,5,0.3628183733
6.733416,2.6066374955,2.4374954720,1.0117748969,-0.0364353289,0.1692390626,1.0482102258,0.0954793484,1.4609761384,-55.0690997812,0.4280377852,0.5142806608,0.9234621555,0.0000000000,-0.1611595156,-0.0430794297,-0.0000000000,0.0115766838,1.0000000000,0.1611595156,-33.8434982744,6.294,1.000000,61.5638456396,5,0.3628183733
6.741758,2.6129944009,2.4390294527,0.5090439330,-0.0349733806,0.1740580935,0.5440173136,0.0969298325,0.9673685592,-59.2329095092,0.5335651611,0.5142806608,0.9234621555,0.0000000000,-0.1611595156,-0.0223580681,-0.0000000000,0.0078565932,1.0000000000,0.1611595156,-33.8434982744,6.807,1.000000,61.5638456396,4,0.3628183733
6.750075,2.6150961829,2.4390294527,-0.0046702259,-0.0329665212,0.1761545306,0.0282962953,0.0983977869,0.4570233249,-61.2414281194,0.5602540468,0.5142806608,0.9234621555,0.0000000000,-0.1611595156,-0.0011629235,-0.0000000000,-0.0000830384,1.0000000000,0.1611595156,-33.8434982744,7.320,1.000000,61.5638456396,8,0.3628183733
6.758418,2.6129036910,2.4405634335,-0.5198438401,-0.0304279364,0.1724212968,-0.4894159037,0.0998346311,-0.0665309818,-62.8265168025,0.4883958925,0.5142806608,0.9234855143,0.0028030504,0.0338019613,0.0201140549,0.0000000000,-0.0079795121,1.0000000000,0.1611595156,7.0984118637,6.807,1.000000,61.5638456396,8,0.3567646094
6.766760,2.6064584605,2.4420974143,-1.0221573838,-0.0279507802,0.1644354881,-0.9942066036,0.0998346311,-0.5866493269,-62.4142014053,0.3499407145,0.5142907874,0.9234855143,0.0000000000,0.1611595156,0.0408599844,0.0000000000,-0.0116187595,1.0000000000,0.1611595156,33.8434982744,6.294,1.000000,61.5638456396,7,0.3567646094
6.775096,2.5959302765,2.4451653759,-1.4988521712,-0.0249532789,0.1508313593,-1.4738988923,0.0998346311,-1.0924528421,-60.6964218306,0.2175235760,0.5142907874,0.9234855143,0.0000000000,0.1611595156,0.0605744173,0.0000000000,-0.0127418176,1.0000000000,0.1611595156,33.8434982744,5.781,1.000000,61.5638456396,5,0.3567646094
6.784277,2.5799156945,2.4466993567,-1.9807905278,-0.0214480237,0.1332734608,-1.9593425040,0.0998346311,-1.6115963894,-62.2972256658,0.1131493994,0.5142907874,0.9234855143,0.0000000000,0.1611595156,0.0805252186,0.0000000000,-0.0130727063,1.0000000000,0.1611595156,33.8434982744,5.268,1.000000,61.5638456396,6,0.3567646094
6.791780,2.5637139235,2.4482333375,-2.3312335491,-0.0174473013,0.1155270538,-2.3137862478,0.0998346311,-2.0001018843,-46.6206593922,0.0624850120,0.5142907874,0.9234855143,0.0000000000,0.1611595156,0.0950921766,0.0000000000,-0.0131498020,1.0000000000,0.1611595156,33.8434982744,4.755,1.000000,61.5638456396,5,0.3567646094
6.800095,2.5428992493,2.4497673183,-2.6650047721,-0.0129631010,0.0931664559,-2.6520416710,0.0998346311,-2.3812753542,-45.7408163901,0.0321849594,0.5142907874,0.9234855143,0.0000000000,0.1611595156,0.1089938257,0.0000000000,-0.0131790331,1.0000000000,0.1611595156,33.8434982744,4.242,1.000000,61.5638456396,5,0.3567646094
6.808416,2.5195584042,2.4528352798,-2.9336072378,-0.0080071220,0.0667444499,-2.9256001159,0.0998346311,-2.7055471516,-38.9126156900,0.0173408608,0.5142907874,0.9234855143,0.0000000000,0.1611595156,0.1202365530,0.0000000000,-0.0131893760,0.9858568663,0.1611595156,33.8434982744,3.729,1.000000,61.5638456396,3,0.3567646094
6.816786,2.4941230508,2.4543692606,-3.1311324874,-0.0031710676,0.0397622358,-3.1279614198,0.0998346311,-2.9596970496,-30.4979877580,0.0104125463,0.5142907874,0.9234855143,0.0000000000,0.1611595156,0.1285532145,0.0000000000,-0.0131933973,0.2303668832,0.1611595156,33.8434982744,3.216,1.000000,61.5638456396,4,0.3567646094
6.825115,2.4674917669,2.4559032414,-3.2504749878,0.0021282514,0.0115828573,-3.2526032392,0.0998346311,-3.1384252528,-21.4473843883,0.0072921158,0.5142907874,0.9234855143,0.0000000000,0.1611595156,0.1336757542,0.0000000000,-0.0131949713,0.0000000000,0.1611595156,33.8434982744,2.703,1.000000,61.5638456396,4,0.3567646094
6.833429,2.4402489004,2.4589712030,-3.2898627914,0.0072993376,-0.0187417431,-3.2971621290,0.0996784499,-3.2413318212,-12.3487882078,0.0061061928,0.5142907874,0.9234855143,0.0000000000,0.1611595156,0.1355070391,0.0000000000,-0.0131953892,0.0000000000,0.1611595156,33.8434982744,2.189,1.000000,61.5638456396,2,0.3567646094
6.841773,2.4129135171,2.4605051838,-3.2483218332,0.0123452940,-0.0476245462,-3.2606671273,0.0992815787,-3.2606388415,-2.3168424340,0.0062707967,0.5142907874,0.9234855143,0.0000000000,0.1611595156,0.1340071645,0.0000000000,-0.0131949472,0.4872125377,0.1611595156,33.8434982744,1.676,1.000000,61.5638456396,1,0.3567646094
6.850101,2.3863127894,2.4605051838,-3.1269026932,0.0172691485,-0.0742383876,-3.1441718417,0.0986629254,-3.1957948811,7.7812752507,0.0078750516,0.5142907874,0.9234855143,0.0000000000,0.1611595156,0.1292194317,0.0000000000,-0.0131933317,1.0000000000,0.1611595156,33.8434982744,1.163,1.000000,61.5638456396,2,0.3567646094
6.858462,2.3609489817,2.4620391646,-2.9276510492,0.0220738558,-0.1011489726,-2.9497249050,0.0978200173,-3.0537753628,17.0423421947,0.0117327964,0.5142907874,0.9234855143,0.0000000000,0.1611595156,0.1212280356,0.0000000000,-0.0131892184,1.0000000000,0.1611595156,33.8434982744,0.650,1.000000,61.5638456396,1,0.3567646094
6.866770,2.3376995995,2.4620391646,-2.6577722531,0.0261820115,-0.1244092962,-2.6839542646,0.0967832732,-2.8336044940,26.4205042613,0.0201275600,0.5142907874,0.9234855143,0.0000000000,0.1611595156,0.1103053721,0.0000000000,-0.0131786381,1.0000000000,0.1611595156,33.8434982744,0.137,1.000000,61.5638456396,0,0.3567646094
6.875124,2.3168626784,2.4620391646,-2.3208591911,0.0296104710,-0.1452553484,-2.3504696621,0.0955728120,-2.5412457970,35.0830436363,0.0378565614,0.5142907874,0.9234855143,0.0000000000,0.1611595156,0.0965997946,0.0000000000,-0.0131484067,1.0000000000,0.1611595156,33.8434982744,-0.376,1.000000,61.5638456396,0,0.3567646094
6.884344,2.2974353430,2.4620391646,-1.8827009371,0.0323756814,-0.1646900484,-1.9150766185,0.0942003949,-2.1444189245,47.6192246985,0.0787271346,0.5142907874,0.9234855143,0.0000000000,0.1611595156,0.0787059756,0.0000000000,-0.0130347054,1.0000000000,0.1611595156,33.8434982744,-0.889,1.000000,61.5638456396,0,0.3567646094
6.891750,2.2849297164,2.4620391646,-1.4889822575,0.0344936920,-0.1772013160,-1.5234759495,0.0927237173,-1.7781918869,43.9472445112,0.1379666148,0.5142907874,0.9234855143,0.0000000000,0.1611595156,0.0626119393,0.0000000000,-0.0127297132,1.0000000000,0.1611595156,33.8434982744,-1.402,1.000000,61.5638456396,-1,0.3567646094
6.900081,2.2744905145,2.4620391646,-1.0118415550,0.0353998765,-0.1876429313,-1.0472414315,0.0911600262,-1.3234387299,54.5703788465,0.2396645531,0.5142907874,0.9234855143,0.0000000000,0.1611595156,0.0430396141,0.0000000000,-0.0115769573,1.0000000000,0.1611595156,33.8434982744,-1.915,1.000000,61.5638456396,0,0.3567646094
6.908426,2.2681320420,2.4605051838,-0.5089928782,0.0357038459,-0.1924682326,-0.5446967241,0.0895561242,-0.8316326863,59.0167252318,0.3670046329,0.5142907874,0.9234855143,0.0000000000,0.1611595156,0.0223859906,0.0000000000,-0.0078560070,1.0000000000,0.1611595156,33.8434982744,-2.428,1.000000,61.5638456396,-1,0.3567646094
6.916835,2.2660313824,2.4589712030,0.0104120970,0.0354201725,-0.1930341559,-0.0250080755,0.0879475063,-0.3145117631,62.0545107736,0.4773150276,0.5142907874,0.9239983863,0.0615446400,0.1018509263,0.0010277839,0.0000000000,0.0001851214,1.0000000000,0.1611595156,21.3886945135,-2.941,1.000000,61.5638456396,-2,0.3600018217
6.925120,2.2682415336,2.4574372222,0.5220016137,0.0345630762,-0.1892877412,0.4874385375,0.0863701084,0.2036728084,62.1821485818,0.5210013161,0.5145128195,0.9242285688,0.0276218974,-0.0818066761,-0.0200327889,-0.0000000000,0.0080038137,1.0000000000,0.1611595156,-17.1794019914,-2.428,1.000000,61.5638456396,-2,0.3579286940
6.933414,2.2746545559,2.4543692606,1.0213583326,0.0331464326,-0.1798029843,0.9882119000,0.0863701084,0.7226508378,62.2773635372,0.4701104499,0.5146122768,0.9242285688,0.0000000000,-0.1611595156,-0.0406136136,-0.0000000000,0.0116155580,1.0000000000,0.1611595156,-33.8434982744,-1.915,1.000000,61.5638456396,-1,0.3579286940
6.941777,2.2852186061,2.4513012990,1.4996627291,0.0306034943,-0.1661641999,1.4690592348,0.0863701084,1.2296759157,60.8430093426,0.3621006699,0.5146122768,0.9242285688,0.0000000000,-0.1611595156,-0.0603755167,-0.0000000000,0.0127427980,1.0000000000,0.1611595156,-33.8434982744,-1.402,1.000000,61.5638456396,-1,0.3579286940
6.950122,2.2995993600,2.4466993567,1.9398447846,0.0269615154,-0.1471718039,1.9128832692,0.0863701084,1.7099532033,57.6332745119,0.2457584641,0.5146122768,0.9242285688,0.0000000000,-0.1611595156,-0.0786158332,-0.0000000000,0.0130580410,1.0000000000,0.1611595156,-33.8434982744,-0.889,1.000000,61.5638456396,-1,0.3579286940
6.958572,2.3177060734,2.4420974143,2.3367224394,0.0222470904,-0.1244505921,2.3144753490,0.0863701084,2.1551554779,53.4242729550,0.1528360516,0.5146122768,0.9242285688,0.0000000000,-0.1611595156,-0.0951204973,-0.0000000000,0.0131505246,1.0000000000,0.1611595156,-33.8434982744,-0.376,1.000000,61.5638456396,-1,0.3579286940
6.966755,2.3382111843,2.4390294527,2.6647805310,0.0159058831,-0.1008606309,2.6488746479,0.0863701084,2.5348324146,45.5612323988,0.0938312203,0.5146122768,0.9242285688,0.0000000000,-0.1611595156,-0.1088636671,-0.0000000000,0.0131790209,1.0000000000,0.1611595156,-33.8434982744,0.137,1.000000,61.5638456396,-1,0.3579286940
6.975090,2.3615912236,2.4344275104,2.9338249625,0.0085575456,-0.0728590783,2.9252674169,0.0863701084,2.8649702556,39.6165409215,0.0585142512,0.5146122768,0.9242285688,0.0000000000,-0.1611595156,-0.1202228797,-0.0000000000,0.0131893817,1.0000000000,0.1611595156,-33.8434982744,0.650,1.000000,61.5638456396,-1,0.3579286940
6.983694,2.3877610586,2.4328935296,3.1356989049,0.0002264483,-0.0451330741,3.1354724566,0.0863701084,3.1283914905,31.6105481945,0.0389215315,0.5146122768,0.9242285688,0.0000000000,-0.1611595156,-0.1288619037,-0.0000000000,0.0131934673,0.4021260724,0.1611595156,-33.8434982744,1.163,1.000000,61.5638456396,1,0.3579286940
6.991758,2.4135560687,2.4313595488,3.2502420088,-0.0084833406,-0.0177808862,3.2587253493,0.0863701084,3.3041430902,21.0901919600,0.0296387335,0.5146122768,0.9242285688,0.0000000000,-0.1611595156,-0.1339273611,-0.0000000000,0.0131949687,0.0000000000,0.1611595156,-33.8434982744,1.676,1.000000,61.5638456396,0,0.3579286940
7.000094,2.4408742502,2.4313595488,3.2898629169,-0.0169823703,0.0095599310,3.3068452872,0.0864497745,3.4048132818,12.0804229886,0.0258080498,0.5146122768,0.9242285688,0.0000000000,-0.1611595156,-0.1359049983,-0.0000000000,0.0131953892,0.0000000000,0.1611595156,-33.8434982744,2.189,1.000000,61.5638456396,2,0.3579286940
7.008425,2.4681652261,2.4313595488,3.2484672484,-0.0246954534,0.0368714492,3.2731627018,0.0867570366,3.4238343278,2.2825255253,0.0263390163,0.5146122768,0.9242285688,0.0000000000,-0.1611595156,-0.1345207086,-0.0000000000,0.0131949488,0.1506975676,0.1611595156,-33.8434982744,2.703,1.000000,61.5638456396,3,0.3579286940
7.016754,2.4947689085,2.4313595488,3.1271810064,-0.0310613209,0.0634920860,3.1582423274,0.0872861373,3.3604958446,-7.6006179908,0.0315138824,0.5146122768,0.9242285688,0.0000000000,-0.1611595156,-0.1297977017,-0.0000000000,0.0131933360,0.9431199738,0.1611595156,-33.8434982744,3.216,1.000000,61.5638456396,2,0.3579286940
7.025108,2.5201173189,2.4313595488,2.9282359719,-0.0361125728,0.0888539495,2.9643485447,0.0880265869,3.2159625627,-17.3439938228,0.0435309396,0.5146122768,0.9242285688,0.0000000000,-0.1611595156,-0.1218290391,-0.0000000000,0.0131892340,1.0000000000,0.1611595156,-33.8434982744,3.729,1.000000,61.5638456396,3,0.3579286940
7.033423,2.5433894154,2.4313595488,2.6582926268,-0.0393007329,0.1121345371,2.6975933597,0.0889610414,2.9947518359,-26.5452872231,0.0671029353,0.5146122768,0.9242285688,0.0000000000,-0.1611595156,-0.1108659127,-0.0000000000,0.0131786667,1.0000000000,0.1611595156,-33.8434982744,4.242,1.000000,61.5638456396,3,0.3579286940
7.043653,2.5685095926,2.4328935296,2.2375877720,-0.0412511713,0.1357259282,2.2788389433,0.0900920908,2.6223194825,-44.6918823970,0.1244429237,0.5146122768,0.9242285688,0.0000000000,-0.1611595156,-0.0936559094,-0.0000000000,0.0131356818,1.0000000000,0.1611595156,-33.8434982744,4.755,1.000000,61.5638456396,4,0.3579286940
7.050642,2.5829943707,2.4313595488,1.9013933153,-0.0419938385,0.1517466650,1.9433871538,0.0913566463,2.3187818993,-36.4245099882,0.1903096769,0.5146122768,0.9242285688,0.0000000000,-0.1611595156,-0.0798694843,-0.0000000000,0.0130427327,1.0000000000,0.1611595156,-33.8434982744,5.268,1.000000,61.5638456396,3,0.3579286940
7.058443,2.5962361480,2.4313595488,1.4875330957,-0.0415579601,0.1649872814,1.5290910558,0.0927315403,1.9311655747,-46.5139589511,0.2935184996,0.5146122768,0.9242285688,0.0000000000,-0.1611595156,-0.0628427094,-0.0000000000,0.0127279096,1.0000000000,0.1611595156,-33.8434982744,5.781,1.000000,61.5638456396,6,0.3579286940
7.066764,2.6066526278,2.4328935296,1.0108919535,-0.0405523418,0.1738671021,1.0514442953,0.0941804328,1.4718968006,-55.1122528889,0.4228574649,0.5146122768,0.9242285688,0.0000000000,-0.1611595156,-0.0432123437,-0.0000000000,0.0115730578,1.0000000000,0.1611595156,-33.8434982744,6.294,1.000000,61.5638456396,6,0.3579286940
7.075110,2.6130037887,2.4344275104,0.5079127738,-0.0395710574,0.1786816688,0.5474838311,0.0956694467,0.9785485864,-59.2017857154,0.5281613407,0.5146122768,0.9242285688,0.0000000000,-0.1611595156,-0.0225005353,-0.0000000000,0.0078435947,1.0000000000,0.1611595156,-33.8434982744,6.807,1.000000,61.5638456396,7,0.3579286940
7.083427,2.6150960843,2.4359614912,-0.0058334972,-0.0386135181,0.1792374334,0.0327800209,0.0971630920,0.4662871152,-61.4713765334,0.5550235907,0.5146122768,0.9242285688,0.0000000000,-0.1611595156,-0.0013471960,-0.0000000000,-0.0001037211,1.0000000000,0.1611595156,-33.8434982744,7.320,1.000000,61.5638456396,7,0.3579286940
7.091766,2.6128962725,2.4359614912,-0.5207169292,-0.0370988620,0.1770335875,-0.4836180672,0.0986383719,-0.0529822352,-62.3123220520,0.4860702855,0.5146122768,0.9242433280,0.0017711109,0.0290890798,0.0198757749,0.0000000000,-0.0079893554,1.0000000000,0.1611595156,6.1087067511,6.807,1.000000,61.5638456396,6,0.3518064067
7.100096,2.6064558296,2.4390294527,-1.0223090834,-0.0350405702,0.1675197012,-0.9872685132,0.0986383719,-0.5748932580,-62.6293227385,0.3485927068,0.5146186499,0.9242433280,0.0000000000,0.1611595156,0.0405748422,0.0000000000,-0.0116193667,1.0000000000,0.1611595156,33.8434982744,6.294,1.000000,61.5638456396,7,0.3518064067
7.108419,2.5959445421,2.4405634335,-1.4983266538,-0.0324517976,0.1554675382,-1.4658748562,0.0986383719,-1.0766320458,-60.2086545317,0.2182108937,0.5146186499,0.9242433280,0.0000000000,0.1611595156,0.0602446448,0.0000000000,-0.0127411809,1.0000000000,0.1611595156,33.8434982744,5.781,1.000000,61.5638456396,5,0.3518064067
7.116855,2.5813990431,2.4420974143,-1.9431572888,-0.0293453808,0.1393797850,-1.9138119080,0.0986383719,-1.5554472943,-57.4578298199,0.1205272717,0.5146186499,0.9242433280,0.0000000000,0.1611595156,0.0786539984,0.0000000000,-0.0130592878,1.0000000000,0.1611595156,33.8434982744,5.268,1.000000,61.5638456396,7,0.3518064067
7.125109,2.5637237221,2.4436313951,-2.3310496204,-0.0257338457,0.1201608645,-2.3053157747,0.0986383719,-1.9838391965,-51.4070282651,0.0631288350,0.5146186499,0.9242433280,0.0000000000,0.1611595156,0.0947440564,0.0000000000,-0.0131497776,1.0000000000,0.1611595156,33.8434982744,4.755,1.000000,61.5638456396,4,0.3518064067
7.133417,2.5429277716,2.4451653759,-2.6646155392,-0.0216294151,0.0978200018,-2.6429861241,0.0986383719,-2.3643897135,-45.6660620433,0.0326433986,0.5146186499,0.9242433280,0.0000000000,0.1611595156,0.1086216601,0.0000000000,-0.0131790120,1.0000000000,0.1611595156,33.8434982744,4.242,1.000000,61.5638456396,6,0.3518064067
7.141748,2.5195603619,2.4482333375,-2.9335885073,-0.0176243034,0.0713739636,-2.9159642039,0.0986383719,-2.6881272723,-38.8485070584,0.0176515704,0.5146186499,0.9242433280,0.0000000000,0.1611595156,0.1198405355,0.0000000000,-0.0131893755,1.0000000000,0.1611595156,33.8434982744,3.729,1.000000,61.5638456396,3,0.3518064067
7.150086,2.4942294430,2.4497673183,-3.1304851599,-0.0131358201,0.0444971097,-3.1173493399,0.0986383719,-2.9410987781,-30.3565806980,0.0106458771,0.5146186499,0.9242433280,0.0000000000,0.1611595156,0.1281170783,0.0000000000,-0.0131933873,0.3807297030,0.1611595156,33.8434982744,3.216,1.000000,61.5638456396,3,0.3518064067
7.158428,2.4675596033,2.4513012990,-3.2502750533,-0.0081756616,0.0162800787,-3.2420993917,0.0986383719,-3.1200074826,-21.4690445288,0.0074635933,0.5146186499,0.9242433280,0.0000000000,0.1611595156,0.1332440662,0.0000000000,-0.0131949691,0.0000000000,0.1611595156,33.8434982744,2.703,1.000000,61.5638456396,2,0.3518064067
7.166753,2.4402805796,2.4513012990,-3.2898638133,-0.0033355288,-0.0110118359,-3.2865282845,0.0985466066,-3.2169039107,-11.6275713755,0.0063244183,0.5146186499,0.9242433280,0.0000000000,0.1611595156,0.1350700084,0.0000000000,-0.0131953892,0.0000000000,0.1611595156,33.8434982744,2.189,1.000000,61.5638456396,4,0.3518064067
7.175088,2.4129754784,2.4528352798,-3.2485090128,0.0013874825,-0.0398634967,-3.2498964953,0.0982144108,-3.2359548051,-2.2861073354,0.0064986814,0.5146186499,0.9242433280,0.0000000000,0.1611595156,0.1335645122,0.0000000000,-0.0131949493,0.2333581479,0.1611595156,33.8434982744,1.676,1.000000,61.5638456396,3,0.3518064067
7.184071,2.3843279672,2.4543692606,-3.1144186576,0.0059962065,-0.0700572632,-3.1204148641,0.0976306003,-3.1649635759,8.5189475147,0.0083318688,0.5146186499,0.9242433280,0.0000000000,0.1611595156,0.1282430655,0.0000000000,-0.0131931337,1.0000000000,0.1611595156,33.8434982744,1.163,1.000000,61.5638456396,2,0.3518064067
7.191753,2.3610741920,2.4543692606,-2.9288596516,0.0099131215,-0.0933214705,-2.9387727731,0.0968529214,-3.0286901151,16.3528152928,0.0121374644,0.5146186499,0.9242433280,0.0000000000,0.1611595156,0.1207779240,0.0000000000,-0.0131892506,1.0000000000,0.1611595156,33.8434982744,0.650,1.000000,61.5638456396,1,0.3518064067
7.200085,2.3377492193,2.4559032414,-2.6584543444,0.0137352551,-0.1181906035,-2.6721895994,0.0958679997,-2.8107468702,26.1531893860,0.0206972018,0.5146186499,0.9242433280,0.0000000000,0.1611595156,0.1098218669,0.0000000000,-0.0131786756,1.0000000000,0.1611595156,33.8434982744,0.137,1.000000,61.5638456396,0,0.3518064067
7.208423,2.3169419157,2.4543692606,-2.3223587932,0.0168846135,-0.1374723141,-2.3392434067,0.0947223970,-2.5158643139,35.3859067586,0.0389537438,0.5146186499,0.9242433280,0.0000000000,0.1611595156,0.0961384170,0.0000000000,-0.0131486108,1.0000000000,0.1611595156,33.8434982744,-0.376,1.000000,61.5638456396,0,0.3518064067
7.216748,2.2992064783,2.4543692606,-1.9296600012,0.0193774765,-0.1552143907,-1.9490374777,0.0934289438,-2.1609030771,42.5953484163,0.0751575261,0.5146186499,0.9242433280,0.0000000000,0.1611595156,0.0801017018,0.0000000000,-0.0130541376,1.0000000000,0.1611595156,33.8434982744,-0.889,1.000000,61.5638456396,0,0.3518064067
7.225099,2.2849062574,2.4543692606,-1.4881107208,0.0212297301,-0.1695195448,-1.5093404508,0.0920162809,-1.7499638397,49.3127084813,0.1412536571,0.5146186499,0.9242433280,0.0000000000,0.1611595156,0.0620309974,0.0000000000,-0.0127286293,1.0000000000,0.1611595156,33.8434982744,-1.402,1.000000,61.5638456396,0,0.3518064067
7.233418,2.2744867866,2.4543692606,-1.0116241327,0.0224568755,-0.1799422839,-1.0340810082,0.0905167619,-1.2960904261,54.4648096327,0.2436218449,0.5146186499,0.9242433280,0.0000000000,0.1611595156,0.0424987459,0.0000000000,-0.0115760652,1.0000000000,0.1611595156,33.8434982744,-1.915,1.000000,61.5638456396,0,0.3518064067
7.241741,2.2681412992,2.4528352798,-0.5101058858,0.0230740393,-0.1847554343,-0.5331799250,0.0889771333,-0.8058454899,58.8293923445,0.3702781586,0.5146186499,0.9242433280,0.0000000000,0.1611595156,0.0219126722,0.0000000000,-0.0078687749,1.0000000000,0.1611595156,33.8434982744,-2.428,1.000000,61.5638456396,-1,0.3518064067
7.250083,2.2660307213,2.4513012990,0.0051399084,0.0225156943,-0.1853305442,-0.0173757859,0.0874327121,-0.2925675846,61.5933486369,0.4780172598,0.5146186499,0.9246876293,0.0533161471,0.0945871946,0.0007141115,0.0000000000,0.0000913893,1.0000000000,0.1611595156,19.8633108688,-2.941,1.000000,61.5638456396,-1,0.3539668961
7.258417,2.2682228195,2.4497673183,0.5198018339,0.0219708602,-0.1816030142,0.4978309737,0.0859193536,0.2283998665,62.5160941298,0.5176883084,0.5148102700,0.9249756552,0.0345631152,-0.0903856632,-0.0204598981,-0.0000000000,0.0079790382,1.0000000000,0.1611595156,-18.9809892619,-2.428,1.000000,61.5638456396,-3,0.3531840816
7.266785,2.2746932583,2.4482333375,1.0235893668,0.0208589227,-0.1735956332,1.0027304441,0.0859193536,0.7486683871,62.4322224803,0.4648435489,0.5149342524,0.9249756552,0.0000000000,-0.1611595156,-0.0412102979,-0.0000000000,0.0116244820,1.0000000000,0.1611595156,-33.8434982744,-1.915,1.000000,61.5638456396,-1,0.3531840816
7.275149,2.2852766073,2.4436313951,1.5017955407,0.0186133172,-0.1584043611,1.4831822235,0.0859193536,1.2582776931,61.1531167104,0.3562549212,0.5149342524,0.9249756552,0.0000000000,-0.1611595156,-0.0609559444,-0.0000000000,0.0127453677,1.0000000000,0.1611595156,-33.8434982744,-1.402,1.000000,61.5638456396,-1,0.3531840816
7.286787,2.3063371582,2.4390294527,2.1028070689,0.0146811890,-0.1327313953,2.0881258800,0.0859193536,1.9124970240,78.5063197140,0.2009502680,0.5149342524,0.9249756552,0.0000000000,-0.1611595156,-0.0858179683,-0.0000000000,0.0131080020,1.0000000000,0.1611595156,-33.8434982744,-0.889,1.000000,61.5638456396,-1,0.3531840816
7.296288,2.3283559404,2.4344275104,2.5198705406,0.0096836357,-0.1060973606,2.5101869049,0.0859193536,2.3856783611,56.7817604490,0.1149636522,0.5149342524,0.9249756552,0.0000000000,-0.1611595156,-0.1031638669,-0.0000000000,0.0131694312,1.0000000000,0.1611595156,-33.8434982744,-0.376,1.000000,61.5638456396,-1,0.3531840816
7.305326,2.3526446960,2.4298255680,2.8419753433,0.0030661512,-0.0771890381,2.8389091922,0.0859193536,2.7698861384,46.1049332794,0.0676029825,0.5149342524,0.9249756552,0.0000000000,-0.1611595156,-0.1166737224,-0.0000000000,0.0131866480,1.0000000000,0.1611595156,-33.8434982744,0.137,1.000000,61.5638456396,-1,0.3531840816
7.314571,2.3801160765,2.4252236256,3.0862577137,-0.0045517782,-0.0450954263,3.0908094918,0.0859193536,3.0833856464,37.6199409625,0.0421108296,0.5149342524,0.9249756552,0.0000000000,-0.1611595156,-0.1270263415,-0.0000000000,0.0131926617,0.4008544289,0.1611595156,-33.8434982744,0.650,1.000000,61.5638456396,-1,0.3531840816
7.324106,2.4103596579,2.4252236256,3.2402312020,-0.0125656564,-0.0148305013,3.2527968584,0.0859193536,3.3034623123,26.4091999052,0.0297437714,0.5149342524,0.9249756552,0.0000000000,-0.1611595156,-0.1336837115,-0.0000000000,0.0131948552,0.0000000000,0.1611595156,-33.8434982744,1.163,1.000000,61.5638456396,0,0.3531840816
7.334843,2.4455278318,2.4236896449,3.2885370209,-0.0209659023,0.0218940258,3.3095029232,0.0861018038,3.4308240153,15.2834043573,0.0250865519,0.5149342524,0.9249756552,0.0000000000,-0.1611595156,-0.1360142220,-0.0000000000,0.0131953759,0.0000000000,0.1611595156,-33.8434982744,1.676,1.000000,61.5638456396,0,0.3531840816
7.343293,2.4731366198,2.4236896449,3.2320656707,-0.0285825920,0.0495230995,3.2606482627,0.0865144963,3.4353795895,0.5466689010,0.0263564900,0.5149342524,0.9249756552,0.0000000000,-0.1611595156,-0.1340063892,-0.0000000000,0.0131947603,0.5523931095,0.1611595156,-33.8434982744,2.189,1.000000,61.5638456396,2,0.3531840816
7.351481,2.4991107076,2.4236896449,3.0992452617,-0.0348543987,0.0755138912,3.1340996604,0.0871437787,3.3592962444,-9.1300014031,0.0322674861,0.5149342524,0.9249756552,0.0000000000,-0.1611595156,-0.1288054844,-0.0000000000,0.0131928838,1.0000000000,0.1611595156,-33.8434982744,2.703,1.000000,61.5638456396,1,0.3531840816
7.361503,2.5289443940,2.4236896449,2.8368768158,-0.0398138659,0.1053607863,2.8766906817,0.0880217853,3.1599828467,-23.9176077311,0.0495531262,0.5149342524,0.9249756552,0.0000000000,-0.1611595156,-0.1182264691,-0.0000000000,0.0131864756,1.0000000000,0.1611595156,-33.8434982744,3.216,1.000000,61.5638456396,4,0.3531840816
7.371280,2.5550271780,2.4252236256,2.4835527941,-0.0429124621,0.1299178421,2.5264652562,0.0891044340,2.8578883667,-36.2513376001,0.0861228223,0.5149342524,0.9249756552,0.0000000000,-0.1611595156,-0.1038328759,-0.0000000000,0.0131663828,1.0000000000,0.1611595156,-33.8434982744,3.729,1.000000,61.5638456396,3,0.3531840816
7.380221,2.5755057876,2.4252236256,2.0864596403,-0.0441952167,0.1503998680,2.1306548570,0.0903577662,2.5025446591,-42.6412449079,0.1494347452,0.5149342524,0.9249756552,0.0000000000,-0.1611595156,-0.0875658277,-0.0000000000,0.0131039138,1.0000000000,0.1611595156,-33.8434982744,4.242,1.000000,61.5638456396,3,0.3531840816
7.388781,2.5915351936,2.4252236256,1.6507379165,-0.0442863567,0.1664295167,1.6950242732,0.0917446789,2.0989580759,-48.4303899844,0.2471803514,0.5149342524,0.9249756552,0.0000000000,-0.1611595156,-0.0696622463,-0.0000000000,0.0128936157,1.0000000000,0.1611595156,-33.8434982744,4.755,1.000000,61.5638456396,3,0.3531840816
7.398066,2.6044775983,2.4267576064,1.1300129670,-0.0432147167,0.1778350865,1.1732276837,0.0932266379,1.6004177494,-59.8248391837,0.3870056598,0.5149342524,0.9249756552,0.0000000000,-0.1611595156,-0.0482174074,-0.0000000000,0.0119991718,1.0000000000,0.1611595156,-33.8434982744,5.268,1.000000,61.5638456396,4,0.3531840816
7.406741,2.6120507916,2.4282915872,0.6119078027,-0.0421690082,0.1838715140,0.6540768110,0.0947589005,1.0942641492,-60.7384320178,0.5068581573,0.5149342524,0.9249756552,0.0000000000,-0.1611595156,-0.0268813023,-0.0000000000,0.0089411676,1.0000000000,0.1611595156,-33.8434982744,5.781,1.000000,61.5638456396,5,0.3531840816
7.414702,2.6149766723,2.4282915872,0.1218155696,-0.0405683165,0.1867931316,0.1623838861,0.0963155100,0.6096124772,-58.1582006470,0.5542882220,0.5149342524,0.9249756552,0.0000000000,-0.1611595156,-0.0066736662,-0.0000000000,0.0021467222,1.0000000000,0.1611595156,-33.8434982744,6.294,1.000000,61.5638456396,6,0.3531840816
7.422598,2.6140066458,2.4313595488,-0.3670556372,-0.0384260710,0.1827494380,-0.3286295662,0.0978384219,0.1122403003,-59.6846612270,0.5119143548,0.5149342524,0.9250446055,0.0082740377,-0.0304953713,0.0135060448,0.0000000000,-0.0060419184,1.0000000000,0.1611595156,-6.4040279639,5.781,1.000000,61.5638456396,4,0.3481963481
7.430781,2.6089560863,2.4328935296,-0.8649577296,-0.0357553762,0.1761577848,-0.8292023534,0.0993064035,-0.3996322547,-61.4247066002,0.3913598956,0.5149639045,0.9257582588,0.0856383882,0.1335725408,0.0340786262,0.0000000000,-0.0108592370,1.0000000000,0.1611595156,28.0502335721,5.268,1.000000,61.5638456396,5,0.3550199733
7.439276,2.5994849382,2.4344275104,-1.3600052360,-0.0325690194,0.1651441696,-1.3274362165,0.0993064035,-0.9190052149,-62.3247552264,0.2596623135,0.5152701786,0.9257582588,0.0000000000,0.1611595156,0.0545550823,0.0000000000,-0.0125395411,1.0000000000,0.1611595156,33.8434982744,4.755,1.000000,61.5638456396,5,0.3550199733
7.449182,2.5833284926,2.4374954720,-1.8924691186,-0.0288794788,0.1459099360,-1.8635896398,0.0993064035,-1.4920760649,-68.7685019935,0.1325867796,0.5152701786,0.9257582588,0.0000000000,0.1611595156,0.0765899596,0.0000000000,-0.0130389501,1.0000000000,0.1611595156,33.8434982744,4.242,1.000000,61.5638456396,5,0.3550199733
7.456780,2.5675378228,2.4390294527,-2.2571700937,-0.0246989303,0.1285741513,-2.2324711634,0.0993064035,-1.8942312076,-48.2586171249,0.0735131375,0.5152701786,0.9257582588,0.0000000000,0.1611595156,0.0917502826,0.0000000000,-0.0131389346,1.0000000000,0.1611595156,33.8434982744,3.729,1.000000,61.5638456396,2,0.3550199733
7.463946,2.5502538297,2.4405634335,-2.5589449950,-0.0200392553,0.1097437672,-2.5389057397,0.0993064035,-2.2368080780,-41.1092244490,0.0413936126,0.5152701786,0.9257582588,0.0000000000,0.1611595156,0.1043441559,0.0000000000,-0.0131723950,1.0000000000,0.1611595156,33.8434982744,3.216,1.000000,61.5638456396,5,0.3550199733
7.471185,2.5307691412,2.4420974143,-2.8163956788,-0.0154923350,0.0887129879,-2.8009033439,0.0993064035,-2.5391713276,-36.2835899449,0.0237224797,0.5152701786,0.9257582588,0.0000000000,0.1611595156,0.1151117549,0.0000000000,-0.0131857585,1.0000000000,0.1611595156,33.8434982744,2.703,1.000000,61.5638456396,1,0.3550199733
7.478477,2.5094458675,2.4451653759,-3.0228101543,-0.0104751536,0.0643083903,-3.0123350007,0.0993064035,-2.7974442032,-30.9927450736,0.0143172655,0.5152701786,0.9257582588,0.0000000000,0.1611595156,0.1238011904,0.0000000000,-0.0131914576,0.9562668046,0.1611595156,33.8434982744,2.189,1.000000,61.5638456396,2,0.3550199733
7.485178,2.4886941964,2.4466993567,-3.1623000425,-0.0055793778,0.0420096994,-3.1567206647,0.0993064035,-2.9846290921,-22.4621866757,0.0098237589,0.5152701786,0.9257582588,0.0000000000,0.1611595156,0.1297351643,0.0000000000,-0.0131938584,0.2993533173,0.1611595156,33.8434982744,1.676,1.000000,61.5638456396,1,0.3550199733
7.492694,2.4645235030,2.4466993567,-3.2587200947,-0.0002217826,0.0178247370,-3.2584983120,0.0993064035,-3.1328263990,-17.7836768256,0.0073325133,0.5152701786,0.9257582588,0.0000000000,0.1611595156,0.1339180303,0.0000000000,-0.0131950625,0.0000000000,0.1611595156,33.8434982744,1.163,1.000000,61.5638456396,3,0.3550199733
7.500212,2.4398645358,2.4482333375,-3.2898417569,0.0050061696,-0.0083821347,-3.2948479265,0.0992365524,-3.2195407778,-10.4057254593,0.0063368070,0.5152701786,0.9257582588,0.0000000000,0.1611595156,0.1354119298,0.0000000000,-0.0131953890,0.0000000000,0.1611595156,33.8434982744,0.650,1.000000,61.5638456396,1,0.3550199733
7.508014,2.4143001681,2.4497673183,-3.2524078701,0.0101076161,-0.0354940700,-3.2625154862,0.0989407684,-3.2395183260,-2.3973057760,0.0064676457,0.5152701786,0.9257582588,0.0000000000,0.1611595156,0.1340831285,0.0000000000,-0.0131949929,0.1172470251,0.1611595156,33.8434982744,0.137,1.000000,61.5638456396,1,0.3550199733
7.515443,2.3904727761,2.4497673183,-3.1514669460,0.0145053306,-0.0593331745,-3.1659722766,0.0984463253,-3.1891863253,6.0398400757,0.0077853489,0.5152701786,0.9257582588,0.0000000000,0.1611595156,0.1301153878,0.0000000000,-0.0131937025,0.8546467891,0.1611595156,33.8434982744,-0.376,1.000000,61.5638456396,0,0.3550199733
7.522273,2.3694227674,2.4497673183,-3.0041690848,0.0187966293,-0.0803946124,-3.0229657141,0.0977763702,-3.0872212725,12.2358063364,0.0104613510,0.5152701786,0.9257582588,0.0000000000,0.1611595156,0.1242380924,0.0000000000,-0.0131910629,1.0000000000,0.1611595156,33.8434982744,-0.889,1.000000,61.5638456396,0,0.3550199733
7.529372,2.3487943831,2.4497673183,-2.7983931219,0.0224038000,-0.1010326037,-2.8207969219,0.0969344319,-2.9254396378,19.4137961722,0.0158628538,0.5152701786,0.9257582588,0.0000000000,0.1611595156,0.1159293428,0.0000000000,-0.0131850946,1.0000000000,0.1611595156,33.8434982744,-1.402,1.000000,61.5638456396,-1,0.3550199733
7.536074,2.3308224086,2.4497673183,-2.5581736068,0.0253433972,-0.1190124073,-2.5835170040,0.0959426618,-2.7235828498,24.2228145595,0.0253636443,0.5152701786,0.9257582588,0.0000000000,0.1611595156,0.1061775933,0.0000000000,-0.0131723395,1.0000000000,0.1611595156,33.8434982744,-1.915,1.000000,61.5638456396,0,0.3550199733
7.542712,2.3147427762,2.4497673183,-2.2800097598,0.0276315749,-0.1350981338,-2.3076413346,0.0948168440,-2.4796183498,29.2757400024,0.0422606383,0.5152701786,0.9257582588,0.0000000000,0.1611595156,0.0948396325,0.0000000000,-0.0131425189,1.0000000000,0.1611595156,33.8434982744,-2.428,1.000000,61.5638456396,-2,0.3550199733
7.550098,2.2991738961,2.4482333375,-1.9288116711,0.0292840959,-0.1491374343,-1.9580957671,0.0935740321,-2.1581638725,38.5745372662,0.0762386646,0.5152701786,0.9257582588,0.0000000000,0.1611595156,0.0804739801,0.0000000000,-0.0130538077,1.0000000000,0.1611595156,33.8434982744,-2.941,1.000000,61.5638456396,-1,0.3550199733
7.558425,2.2849169246,2.4466993567,-1.4885071030,0.0297360548,-0.1618616288,-1.5182431578,0.0922251852,-1.7439758477,49.7025629749,0.1440028776,0.5152701786,0.9257582588,0.0000000000,0.1611595156,0.0623968816,0.0000000000,-0.0127291226,1.0000000000,0.1611595156,33.8434982744,-3.454,1.000000,61.5638456396,-3,0.3550199733
7.566751,2.2744869367,2.4436313951,-1.0116328855,0.0295967899,-0.1692232842,-1.0412296754,0.0908149911,-1.2823908046,55.3902051764,0.2506150221,0.5152701786,0.9257582588,0.0000000000,0.1611595156,0.0427925424,0.0000000000,-0.0115761011,1.0000000000,0.1611595156,33.8434982744,-3.967,1.000000,61.5638456396,-2,0.3550199733
7.575091,2.2681329566,2.4405634335,-0.5091029523,0.0283003203,-0.1725058498,-0.5374032726,0.0893774424,-0.7861887907,59.5442416633,0.3821927882,0.5152701786,0.9257582588,0.0000000000,0.1611595156,0.0220862437,0.0000000000,-0.0078572707,1.0000000000,0.1611595156,33.8434982744,-4.480,1.000000,61.5638456396,-4,0.3550199733
7.583418,2.2660307330,2.4374954720,0.0052788577,0.0258746481,-0.1715336515,-0.0205957905,0.0879479953,-0.2688318105,62.0828376296,0.4931079737,0.5152701786,0.9261424812,0.0461066925,0.0893130472,0.0008464475,0.0000000000,0.0000938598,1.0000000000,0.1611595156,18.7557399221,-4.993,1.000000,61.5638456396,-4,0.3559660749
7.591688,2.2681903177,2.4328935296,0.5159584904,0.0217668104,-0.1647611839,0.4941916799,0.0865749854,0.2576899430,63.1826104231,0.5319144884,0.5154345939,0.9265169893,0.0449409739,-0.1022662807,-0.0203103301,-0.0000000000,0.0079355382,1.0000000000,0.1611595156,-21.4759189495,-4.480,1.000000,61.5638456396,-4,0.3568154687
7.600124,2.2746995336,2.4282915872,1.0239506096,0.0165977995,-0.1536362589,1.0073528101,0.0865749854,0.7922038141,64.1416645301,0.4772430407,0.5155945291,0.9265169893,0.0000000000,-0.1611595156,-0.0414002682,-0.0000000000,0.0116259225,1.0000000000,0.1611595156,-33.8434982744,-3.967,1.000000,61.5638456396,-4,0.3568154687
7.609016,2.2860857097,2.4221556641,1.5311566119,0.0098130063,-0.1360960896,1.5213436057,0.0865749854,1.3398605165,65.7188042835,0.3535476211,0.5155945291,0.9265169893,0.0000000000,-0.1611595156,-0.0625243040,-0.0000000000,0.0127793301,1.0000000000,0.1611595156,-33.8434982744,-3.454,1.000000,61.5638456396,-4,0.3568154687
7.616949,2.2999121431,2.4160197409,1.9478949493,0.0014515294,-0.1161114637,1.9464434199,0.0865749854,1.8033180306,55.6149016999,0.2386422422,0.5155945291,0.9265169893,0.0000000000,-0.1611595156,-0.0799950910,-0.0000000000,0.0130610521,1.0000000000,0.1611595156,-33.8434982744,-2.941,1.000000,61.5638456396,-2,0.3568154687
7.625254,2.3177415624,2.4098838178,2.3373852128,-0.0084484785,-0.0921197544,2.3458336913,0.0865749854,2.2487570394,53.4526810521,0.1460129056,0.5155945291,0.9265169893,0.0000000000,-0.1611595156,-0.0964092651,-0.0000000000,0.0131506112,1.0000000000,0.1611595156,-33.8434982744,-2.428,1.000000,61.5638456396,-2,0.3568154687
7.636048,2.3453324747,2.4006799330,2.7569888142,-0.0204300755,-0.0552930465,2.7774188897,0.0865749854,2.7510259635,60.2722708920,0.0747226432,0.5155945291,0.9265169893,0.0000000000,-0.1611595156,-0.1141465889,-0.0000000000,0.0131834402,0.7414825825,0.1611595156,-33.8434982744,-1.915,1.000000,61.5638456396,-1,0.3568154687
7.643255,2.3660172110,2.3945440099,2.9746846462,-0.0332823167,-0.0284381574,3.0079669629,0.0865749854,3.0331182481,33.8510741508,0.0489423634,0.5155945291,0.9265169893,0.0000000000,-0.1611595156,-0.1236216725,-0.0000000000,0.0131903968,0.0077583502,0.1611595156,-33.8434982744,-1.402,1.000000,61.5638456396,-2,0.3568154687
7.651235,2.3905077659,2.3884080867,3.1516644707,-0.0475644217,0.0022263585,3.1992288924,0.0865935384,3.2832535228,30.0162329661,0.0329694909,0.5155945291,0.9265169893,0.0000000000,-0.1611595156,-0.1314821709,-0.0000000000,0.0131937054,0.0000000000,0.1611595156,-33.8434982744,-0.889,1.000000,61.5638456396,-1,0.3568154687
7.658416,2.4135275363,2.3822721636,3.2501577253,-0.0620812159,0.0314207150,3.3122389412,0.0868553777,3.4525392144,20.3142829953,0.0252668065,0.5155945291,0.9265169893,0.0000000000,-0.1611595156,-0.1361266671,-0.0000000000,0.0131949678,0.0398135609,0.1611595156,-33.8434982744,-0.376,1.000000,61.5638456396,-1,0.3568154687
7.666827,2.4410910168,2.3746022596,3.2898531031,-0.0774073077,0.0666949177,3.3672604108,0.0874111687,3.5757764686,14.7884704970,0.0213055701,0.5155945291,0.9265169893,0.0000000000,-0.1611595156,-0.1383879440,-0.0000000000,0.0131953891,0.9854082084,0.1611595156,-33.8434982744,0.137,1.000000,61.5638456396,-1,0.3568154687
7.675080,2.4681256991,2.3684663365,3.2485864922,-0.0935231138,0.0999084448,3.3421096061,0.0882437390,3.6151411789,4.7237652333,0.0211630054,0.5155945291,0.9265169893,0.0000000000,-0.1611595156,-0.1373542942,-0.0000000000,0.0131949501,1.0000000000,0.1611595156,-33.8434982744,0.650,1.000000,61.5638456396,-2,0.3568154687
7.683417,2.4947583678,2.3653983749,3.1272459175,-0.1092489501,0.1296509580,3.2364948676,0.0893241637,3.5676080993,-5.7039695492,0.0248958710,0.5155945291,0.9265169893,0.0000000000,-0.1611595156,-0.1330137310,-0.0000000000,0.0131933371,1.0000000000,0.1611595156,-33.8434982744,1.163,1.000000,61.5638456396,6,0.3568154687
7.691870,2.5203964570,2.3623304133,2.9255355084,-0.1245942530,0.1583978783,3.0501297614,0.0906441460,3.4376343797,-15.5968463564,0.0342560014,0.5155945291,0.9265169893,0.0000000000,-0.1611595156,-0.1253544826,-0.0000000000,0.0131891618,1.0000000000,0.1611595156,-33.8434982744,1.676,1.000000,61.5638456396,1,0.3568154687
7.700092,2.5433971917,2.3607964326,2.6581857467,-0.1384076562,0.1829693833,2.7965934029,0.0921688909,3.2326638642,-24.5964618498,0.0527674053,0.5155945291,0.9265169893,0.0000000000,-0.1611595156,-0.1149346246,-0.0000000000,0.0131786609,1.0000000000,0.1611595156,-33.8434982744,2.189,1.000000,61.5638456396,2,0.3568154687
7.708423,2.5641841339,2.3607964326,2.3223742542,-0.1507262285,0.2037891338,2.4731004826,0.0938671337,2.9506956072,-33.8361908384,0.0884721563,0.5155945291,0.9265169893,0.0000000000,-0.1611595156,-0.1016396861,-0.0000000000,0.0131486129,1.0000000000,0.1611595156,-33.8434982744,2.703,1.000000,61.5638456396,1,0.3568154687
7.716758,2.5819401111,2.3623304133,1.9291465660,-0.1610058544,0.2200385081,2.0901524204,0.0957007879,2.6006247211,-42.0085063410,0.1522852558,0.5155945291,0.9265169893,0.0000000000,-0.1611595156,-0.0859012553,-0.0000000000,0.0130539380,1.0000000000,0.1611595156,-33.8434982744,3.216,1.000000,61.5638456396,3,0.3568154687
7.725098,2.5962202495,2.3623304133,1.4881241048,-0.1681352978,0.2343376346,1.6562594026,0.0976536015,2.1959753949,-48.5579191356,0.2538769643,0.5155945291,0.9265169893,0.0000000000,-0.1611595156,-0.0680690845,-0.0000000000,0.0127286460,1.0000000000,0.1611595156,-33.8434982744,3.729,1.000000,61.5638456396,3,0.3568154687
7.733414,2.6066360709,2.3638643941,1.0118579785,-0.1727710740,0.2432318218,1.1846290525,0.0996805334,1.7432829717,-54.3230907864,0.3874740513,0.5155945291,0.9265169893,0.0000000000,-0.1611595156,-0.0486859818,-0.0000000000,0.0115770247,1.0000000000,0.1611595156,-33.8434982744,4.242,1.000000,61.5638456396,3,0.3568154687
7.741761,2.6129957389,2.3669323557,0.5088828649,-0.1743932374,0.2465278486,0.6832761023,0.1017349321,1.2501483576,-59.1761536964,0.5176490885,0.5155945291,0.9265169893,0.0000000000,-0.1611595156,-0.0280813372,-0.0000000000,0.0078547437,1.0000000000,0.1611595156,-33.8434982744,4.755,1.000000,61.5638456396,3,0.3568154687
7.750087,2.6150961244,2.3684663365,-0.0053913690,-0.1730747113,0.2470907415,0.1676833423,0.1037940216,0.7375323850,-61.5139167111,0.5845400117,0.5155945291,0.9265169893,0.0000000000,-0.1611595156,-0.0068914637,-0.0000000000,-0.0000958602,1.0000000000,0.1611595156,-33.8434982744,5.268,1.000000,61.5638456396,4,0.3568154687
7.758418,2.6129039706,2.3700003173,-0.5198108965,-0.1694669417,0.2433549984,-0.3503439547,0.1058219799,0.2142025717,-62.7995775909,0.5492166232,0.5155945291,0.9267823759,0.0318463931,-0.0702362730,0.0143984645,0.0000000000,-0.0079791404,1.0000000000,0.1611595156,-14.7496173292,5.781,1.000000,61.5638456396,4,0.3555677352
7.766753,2.6064660310,2.3730682789,-1.0217207207,-0.1647858983,0.2338366301,-0.8569348224,0.1077706185,-0.3088628062,-62.7678453579,0.4279331577,0.5157076702,0.9272377329,0.0546428390,0.1148384164,0.0352183775,0.0000000000,-0.0116170107,1.0000000000,0.1611595156,24.1160674429,5.268,1.000000,61.5638456396,5,0.3575547580
7.775083,2.5959489539,2.3776702212,-1.4981640829,-0.1584772647,0.2187008087,-1.3396868182,0.1077706185,-0.8206658986,-61.4163710864,0.2858114588,0.5159014263,0.9272377329,0.0000000000,0.1611595156,0.0550585585,0.0000000000,-0.0127409838,1.0000000000,0.1611595156,33.8434982744,4.755,1.000000,61.5638456396,4,0.3575547580
7.783414,2.5816080747,2.3822721636,-1.9377628764,-0.1505804254,0.1997369553,-1.7871824510,0.1077706185,-1.3045600011,-58.0672922925,0.1670743195,0.5159014263,0.9272377329,0.0000000000,0.1611595156,0.0734497707,0.0000000000,-0.0130572517,1.0000000000,0.1611595156,33.8434982744,4.242,1.000000,61.5638456396,5,0.3575547580
7.791771,2.5637337817,2.3868741060,-2.3308607611,-0.1411338117,0.1772355605,-2.1897269493,0.1077706185,-1.7502927860,-53.4879341934,0.0901168589,0.5159014263,0.9272377329,0.0000000000,0.1611595156,0.0899935774,0.0000000000,-0.0131497525,1.0000000000,0.1611595156,33.8434982744,3.729,1.000000,61.5638456396,4,0.3575547580
7.800084,2.5429271819,2.3930100291,-2.6646235892,-0.1301749251,0.1502638505,-2.5344486641,0.1077706185,-2.1467829337,-47.5788177207,0.0474975332,0.5159014263,0.9272377329,0.0000000000,0.1611595156,0.1041609787,0.0000000000,-0.0131790124,1.0000000000,0.1611595156,33.8434982744,3.216,1.000000,61.5638456396,3,0.3575547580
7.808422,2.5195400980,2.3976119715,-2.9337823579,-0.1183206467,0.1222432525,-2.8154617112,0.1077706185,-2.4815776076,-40.1753608718,0.0260413953,0.5159014263,0.9272377329,0.0000000000,0.1611595156,0.1157100759,0.0000000000,-0.0131893806,1.0000000000,0.1611595156,33.8434982744,2.703,1.000000,61.5638456396,2,0.3575547580
7.818537,2.4886130282,2.4037478946,-3.1627385845,-0.1050123559,0.0851448153,-3.0577262286,0.1077706185,-2.7950473972,-37.6163747440,0.0143430137,0.5159014263,0.9272377329,0.0000000000,0.1611595156,0.1256666828,0.0000000000,-0.0131938646,1.0000000000,0.1611595156,33.8434982744,2.189,1.000000,61.5638456396,4,0.3575547580
7.828074,2.4578369677,2.4098838178,-3.2737162350,-0.0908655242,0.0481951541,-3.1828507108,0.1077706185,-2.9910915968,-23.5253039538,0.0099357632,0.5159014263,0.9272377329,0.0000000000,0.1611595156,0.1308090590,0.0000000000,-0.0131952233,0.5068271642,0.1611595156,33.8434982744,1.676,1.000000,61.5638456396,3,0.3575547580
7.835692,2.4328077039,2.4129517793,-3.2866183561,-0.0764807299,0.0200596174,-3.2101376263,0.1077706185,-3.0723807479,-9.7546981372,0.0087711283,0.5159014263,0.9272377329,0.0000000000,0.1611595156,0.1319304989,0.0000000000,-0.0131953565,0.0000000000,0.1611595156,33.8434982744,1.163,1.000000,61.5638456396,2,0.3575547580
7.843614,2.4069541962,2.4175537217,-3.2282945593,-0.0618637311,-0.0104347625,-3.1664308282,0.1076836622,-3.0872837413,-1.7883592118,0.0091014142,0.5159014263,0.9272377329,0.0000000000,0.1611595156,0.1301342334,0.0000000000,-0.0131947157,0.0000000000,0.1611595156,33.8434982744,0.650,1.000000,61.5638456396,1,0.3575547580
7.850929,2.3837315245,2.4221556641,-3.1105694640,-0.0476004340,-0.0382973643,-3.0629690300,0.1073645175,-3.0375942461,5.9627394267,0.0109123878,0.5159014263,0.9272377329,0.0000000000,0.1611595156,0.1258821519,0.0000000000,-0.0131930712,0.1885340886,0.1611595156,33.8434982744,0.137,1.000000,61.5638456396,1,0.3575547580
7.858415,2.3610885134,2.4252236256,-2.9289977380,-0.0331019925,-0.0640469509,-2.8958957455,0.1068307929,-2.9204352522,14.0590792744,0.0151122937,0.5159014263,0.9272377329,0.0000000000,0.1611595156,0.1190157604,0.0000000000,-0.0131892543,0.9522233861,0.1611595156,33.8434982744,-0.376,1.000000,61.5638456396,1,0.3575547580
7.866790,2.3376479791,2.4298255680,-2.6570621279,-0.0189543838,-0.0921271073,-2.6381077441,0.1060630670,-2.7172502563,24.3821995001,0.0247650226,0.5159014263,0.9272377329,0.0000000000,0.1611595156,0.1084211680,0.0000000000,-0.0131785989,1.0000000000,0.1611595156,33.8434982744,-0.889,1.000000,61.5638456396,1,0.3575547580
7.875113,2.3168871380,2.4298255680,-2.3213223072,-0.0057294059,-0.1129231707,-2.3155929014,0.1051220405,-2.4355172271,33.8079635067,0.0449195149,0.5159014263,0.9272377329,0.0000000000,0.1611595156,0.0951664266,0.0000000000,-0.0131484698,1.0000000000,0.1611595156,33.8434982744,-1.402,1.000000,61.5638456396,0,0.3575547580
7.883457,2.2991245144,2.4313595488,-1.9275248557,0.0065952672,-0.1322525997,-1.9341201229,0.1040199355,-2.0921596130,41.2029136974,0.0840249537,0.5159014263,0.9272377329,0.0000000000,0.1611595156,0.0794886271,0.0000000000,-0.0130533058,1.0000000000,0.1611595156,33.8434982744,-1.915,1.000000,61.5638456396,-1,0.3575547580
7.891770,2.2848993155,2.4313595488,-1.4878526946,0.0174611335,-0.1465067380,-1.5053138282,0.1027990461,-1.6918365694,48.0387652307,0.1538871214,0.5159014263,0.9272377329,0.0000000000,0.1611595156,0.0618655109,0.0000000000,-0.0127283080,1.0000000000,0.1611595156,33.8434982744,-2.428,1.000000,61.5638456396,-1,0.3575547580
7.900106,2.2744653501,2.4298255680,-1.0103728858,0.0263232061,-0.1554303251,-1.0366960919,0.1015037934,-1.2415393229,54.0356695765,0.2620737726,0.5159014263,0.9272377329,0.0000000000,0.1611595156,0.0426062208,0.0000000000,-0.0115709225,1.0000000000,0.1611595156,33.8434982744,-2.941,1.000000,61.5638456396,-2,0.3575547580
7.908472,2.2681084593,2.4282915872,-0.5061461487,0.0332299727,-0.1602716300,-0.5393761214,0.1001681964,-0.7547416276,58.4157234317,0.3939285238,0.5159014263,0.9272377329,0.0000000000,0.1611595156,0.0221673240,0.0000000000,-0.0078232469,1.0000000000,0.1611595156,33.8434982744,-3.454,1.000000,61.5638456396,-3,0.3575547580
7.916821,2.2660312512,2.4267576064,0.0095989922,0.0376484603,-0.1608266252,-0.0280494681,0.0988279746,-0.2457145358,61.0832510202,0.5037683005,0.5159014263,0.9275640803,0.0391616793,0.0835471783,0.0011527793,0.0000000000,0.0001706666,1.0000000000,0.1611595156,17.5449074357,-3.967,1.000000,61.5638456396,-2,0.3573427182
7.925124,2.2682438346,2.4236896449,0.5222714391,0.0396388804,-0.1555513813,0.4826325588,0.0975317131,0.2738987465,62.3535938750,0.5394083533,0.5160399972,0.9279918685,0.0513345863,-0.1085455525,-0.0198352724,-0.0000000000,0.0080068466,1.0000000000,0.1611595156,-22.7945660305,-3.454,1.000000,61.5638456396,-3,0.3591870536
7.933985,2.2752482288,2.4190877025,1.0550069772,0.0392599872,-0.1439440357,1.0157469900,0.0975317131,0.8292918575,66.6471733226,0.4811523212,0.5162212724,0.9279918685,0.0000000000,-0.1611595156,-0.0417452529,-0.0000000000,0.0117452447,1.0000000000,0.1611595156,-33.8434982744,-2.941,1.000000,61.5638456396,-3,0.3591870536
7.941766,2.2852021956,2.4160197409,1.4990585889,0.0371494006,-0.1309164861,1.4619091883,0.0975317131,1.3004586189,56.5400113678,0.3718456216,0.5162212724,0.9279918685,0.0000000000,-0.1611595156,-0.0600816635,-0.0000000000,0.0127420675,1.0000000000,0.1611595156,-33.8434982744,-2.428,1.000000,61.5638456396,-1,0.3591870536
7.950084,2.2995257886,2.4098838178,1.9379438000,0.0327687367,-0.1104453028,1.9051750633,0.0975317131,1.7830160729,57.9068944829,0.2498840822,0.5162212724,0.9279918685,0.0000000000,-0.1611595156,-0.0782990407,-0.0000000000,0.0130573204,1.0000000000,0.1611595156,-33.8434982744,-1.915,1.000000,61.5638456396,-1,0.3591870536
7.958425,2.3173636508,2.4052818754,2.3303079812,0.0267532142,-0.0879894770,2.3035547670,0.0975317131,2.2244966001,52.9776632615,0.1543985136,0.5162212724,0.9279918685,0.0000000000,-0.1611595156,-0.0946716824,-0.0000000000,0.0131496791,1.0000000000,0.1611595156,-33.8434982744,-1.402,1.000000,61.5638456396,-2,0.3591870536
7.966808,2.3383533060,2.4006799330,2.6667180203,0.0191423933,-0.0623776093,2.6475756270,0.0975317131,2.6176758652,47.1815118156,0.0924436639,0.5162212724,0.9279918685,0.0000000000,-0.1611595156,-0.1088102798,-0.0000000000,0.0131791255,0.9227781378,0.1611595156,-33.8434982744,-0.889,1.000000,61.5638456396,-1,0.3591870536
7.976830,2.3667381876,2.3930100291,2.9810663600,0.0093945896,-0.0262968623,2.9716717704,0.0975317131,3.0110239667,47.2017721702,0.0519993414,0.5162212724,0.9279918685,0.0000000000,-0.1611595156,-0.1221300097,-0.0000000000,0.0131905455,0.0000215037,0.1611595156,-33.8434982744,-0.376,1.000000,61.5638456396,-1,0.3591870536
7.985408,2.3931622070,2.3884080867,3.1662129205,-0.0018581989,0.0047590692,3.1680711193,0.0975713720,3.2670673668,30.7252080123,0.0347692968,0.5162212724,0.9279918685,0.0000000000,-0.1611595156,-0.1302016462,-0.0000000000,0.0131939135,0.0000000000,0.1611595156,-33.8434982744,0.137,1.000000,61.5638456396,-1,0.3591870536
7.992734,2.4167335990,2.3838061444,3.2590593811,-0.0139992673,0.0329647392,3.2730586484,0.0978460781,3.4264447430,19.1252851521,0.0271491688,0.5162212724,0.9279918685,0.0000000000,-0.1611595156,-0.1345164322,-0.0000000000,0.0131950662,0.0650176761,0.1611595156,-33.8434982744,0.650,1.000000,61.5638456396,-1,0.3591870536
8.000086,2.4408447632,2.3792042020,3.2898638598,-0.0264268337,0.0617109443,3.3162906935,0.0983603360,3.5253247410,11.8655997533,0.0237292533,0.5162212724,0.9279918685,0.0000000000,-0.1611595156,-0.1362931864,-0.0000000000,0.0131953892,0.9093637450,0.1611595156,-33.8434982744,1.163,1.000000,61.5638456396,0,0.3591870536
8.008410,2.4681149906,2.3776702212,3.2486187671,-0.0391339655,0.0905489957,3.2877527326,0.0991149110,3.5528323477,3.3009128071,0.0238793237,0.5162212724,0.9279918685,0.0000000000,-0.1611595156,-0.1351203309,-0.0000000000,0.0131949505,1.0000000000,0.1611595156,-33.8434982744,1.676,1.000000,61.5638456396,0,0.3591870536
8.016754,2.4947699499,2.3776702212,3.1271745930,-0.0509533233,0.1172354338,3.1781279162,0.1000918729,3.4953281927,-6.9004985941,0.0283523370,0.5162212724,0.9279918685,0.0000000000,-0.1611595156,-0.1306149612,-0.0000000000,0.0131933359,1.0000000000,0.1611595156,-33.8434982744,2.189,1.000000,61.5638456396,2,0.3591870536
8.025097,2.5200841284,2.3776702212,2.9285562714,-0.0619063892,0.1425787839,2.9904626606,0.1012800294,3.3574002360,-16.5513548112,0.0390120307,0.5162212724,0.9279918685,0.0000000000,-0.1611595156,-0.1229022792,-0.0000000000,0.0131892425,1.0000000000,0.1611595156,-33.8434982744,2.703,1.000000,61.5638456396,2,0.3591870536
8.034165,2.5453526705,2.3776702212,2.6309117204,-0.0708535514,0.1678711551,2.7017652718,0.1026789557,3.1185364153,-28.6636584795,0.0630863193,0.5162212724,0.9279918685,0.0000000000,-0.1611595156,-0.1110373703,-0.0000000000,0.0131771020,1.0000000000,0.1611595156,-33.8434982744,3.216,1.000000,61.5638456396,1,0.3591870536
8.041762,2.5641977671,2.3792042020,2.3221163818,-0.0784236358,0.1852024324,2.4005400176,0.1042223093,2.8519975361,-31.9846655125,0.1004601134,0.5162212724,0.9279918685,0.0000000000,-0.1611595156,-0.0986575901,-0.0000000000,0.0131485778,1.0000000000,0.1611595156,-33.8434982744,3.729,1.000000,61.5638456396,3,0.3591870536
8.050092,2.5819408261,2.3807381828,1.9291279467,-0.0834893903,0.2014250025,2.0126173370,0.1059008510,2.4967577279,-42.6287769738,0.1703628029,0.5162212724,0.9279918685,0.0000000000,-0.1611595156,-0.0827147121,-0.0000000000,0.0130539308,1.0000000000,0.1611595156,-33.8434982744,4.242,1.000000,61.5638456396,4,0.3591870536
8.058418,2.5961989975,2.3807381828,1.4889136697,-0.0861114148,0.2156901571,1.5750250845,0.1076982690,2.0882008456,-49.0268258794,0.2777279449,0.5162212724,0.9279918685,0.0000000000,-0.1611595156,-0.0647305098,-0.0000000000,0.0127296280,1.0000000000,0.1611595156,-33.8434982744,4.755,1.000000,61.5638456396,2,0.3591870536
8.066746,2.6066350394,2.3822721636,1.0119181257,-0.0869291297,0.2245943961,1.0988472553,0.1095698890,1.6308371965,-54.8836378948,0.4124917025,0.5162212724,0.9279918685,0.0000000000,-0.1611595156,-0.0451605144,-0.0000000000,0.0115772713,1.0000000000,0.1611595156,-33.8434982744,5.268,1.000000,61.5638456396,6,0.3591870536
8.075189,2.6130439646,2.3853401252,0.5030424801,-0.0854059084,0.2279313029,0.5884483885,0.1114693165,1.1285924028,-60.2693752439,0.5340227601,0.5162212724,0.9279918685,0.0000000000,-0.1611595156,-0.0241841000,-0.0000000000,0.0077873598,1.0000000000,0.1611595156,-33.8434982744,5.781,1.000000,61.5638456396,4,0.3591870536
8.083426,2.6150960915,2.3868741060,-0.0057565397,-0.0827589714,0.2284423994,0.0770024317,0.1133730031,0.6198806933,-61.0454051372,0.5799580302,0.5162212724,0.9279918685,0.0000000000,-0.1611595156,-0.0031646522,-0.0000000000,-0.0001023528,1.0000000000,0.1611595156,-33.8434982744,6.294,1.000000,61.5638456396,4,0.3591870536
8.091757,2.6129006870,2.3899420675,-0.5201975625,-0.0790155103,0.2231690632,-0.4411820521,0.1152327453,0.0932875735,-63.1911743824,0.5235014696,0.5162212724,0.9280403394,0.0058165117,-0.0220383361,0.0181317361,0.0000000000,-0.0079835017,1.0000000000,0.1611595156,-4.6280505847,5.781,1.000000,61.5638456396,5,0.3536868473
8.100096,2.6064563980,2.3945440099,-1.0222763113,-0.0742020588,0.2121100121,-0.9480742525,0.1170003288,-0.4332030120,-63.1788702599,0.3868728414,0.5162417856,0.9288719111,0.0997886052,0.1462614402,0.0389640332,0.0000000000,-0.0116192355,1.0000000000,0.1611595156,30.7149024411,5.268,1.000000,61.5638456396,5,0.3622910226
8.108414,2.5959532539,2.3976119715,-1.4980056115,-0.0677642213,0.1985217604,-1.4302413902,0.1170003288,-0.9414509023,-60.9897468314,0.2549302583,0.5165928729,0.9288719111,0.0000000000,0.1611595156,0.0587801777,0.0000000000,-0.0127407916,1.0000000000,0.1611595156,33.8434982744,4.755,1.000000,61.5638456396,4,0.3622910226
8.116758,2.5815871155,2.4022139138,-1.9383048020,-0.0609018790,0.1795354030,-1.8774029230,0.1170003288,-1.4250540981,-58.0323834966,0.1441560192,0.5165928729,0.9288719111,0.0000000000,0.1611595156,0.0771576590,0.0000000000,-0.0130574575,1.0000000000,0.1611595156,33.8434982744,4.242,1.000000,61.5638456396,5,0.3622910226
8.125123,2.5636905235,2.4052818754,-2.3316726726,-0.0530450169,0.1585499241,-2.2786276557,0.1170003288,-1.8665575286,-52.9804116552,0.0758667119,0.5165928729,0.9288719111,0.0000000000,0.1611595156,0.0936472259,0.0000000000,-0.0131498602,1.0000000000,0.1611595156,33.8434982744,3.729,1.000000,61.5638456396,3,0.3622910226
8.135011,2.5386349662,2.4098838178,-2.7213769468,-0.0436374131,0.1288673689,-2.6777395337,0.1170003288,-2.3226409282,-54.7300079593,0.0349624602,0.5165928729,0.9288719111,0.0000000000,0.1611595156,0.1100499585,0.0000000000,-0.0131818620,1.0000000000,0.1611595156,33.8434982744,3.216,1.000000,61.5638456396,3,0.3622910226
8.142398,2.5176481968,2.4144857601,-2.9516070104,-0.0338771670,0.1032526625,-2.9177298434,0.1170003288,-2.6117950918,-34.6984996268,0.0203395470,0.5165928729,0.9288719111,0.0000000000,0.1611595156,0.1199130999,0.0000000000,-0.0131898372,1.0000000000,0.1611595156,33.8434982744,2.703,1.000000,61.5638456396,4,0.3622910226
8.150083,2.4942384869,2.4175537217,-3.1304300683,-0.0237728117,0.0767480799,-3.1066572566,0.1170003288,-2.8515943519,-28.7759112136,0.0126981969,0.5165928729,0.9288719111,0.0000000000,0.1611595156,0.1276776542,0.0000000000,-0.0131933865,1.0000000000,0.1611595156,33.8434982744,2.189,1.000000,61.5638456396,1,0.3622910226
8.158419,2.4675869313,2.4221556641,-3.2501943638,-0.0133326740,0.0454667764,-3.2368616899,0.1170003288,-3.0418388809,-22.8293434841,0.0087545005,0.5165928729,0.9288719111,0.0000000000,0.1611595156,0.1330288067,0.0000000000,-0.0131949682,0.4134224237,0.1611595156,33.8434982744,1.676,1.000000,61.5638456396,3,0.3622910226
8.166743,2.4403128104,2.4252236256,-3.2898647418,-0.0025648791,0.0150960158,-3.2872998627,0.1170003288,-3.1505694898,-13.0476730615,0.0072563988,0.5165928729,0.9288719111,0.0000000000,0.1611595156,0.1351017188,0.0000000000,-0.0131953892,0.0000000000,0.1611595156,33.8434982744,1.163,1.000000,61.5638456396,1,0.3622910226
8.175187,2.4126522421,2.4298255680,-3.2475278066,0.0085226442,-0.0171960245,-3.2560504507,0.1168570286,-3.1814321195,-3.7035155671,0.0072826217,0.5165928729,0.9288719111,0.0000000000,0.1611595156,0.1338174279,0.0000000000,-0.0131949382,0.0000000000,0.1611595156,33.8434982744,0.650,1.000000,61.5638456396,1,0.3622910226
8.183427,2.3863381565,2.4328935296,-3.1270590265,0.0193418719,-0.0466068867,-3.1464008984,0.1164686379,-3.1285903145,6.3410165966,0.0088959919,0.5165928729,0.9288719111,0.0000000000,0.1611595156,0.1293110417,0.0000000000,-0.0131933341,0.4522913534,0.1611595156,33.8434982744,0.137,1.000000,61.5638456396,1,0.3622910226
8.191753,2.3610740309,2.4359614912,-2.9288580983,0.0298992963,-0.0749670917,-2.9587573946,0.1158439121,-2.9959556297,15.9161621797,0.0129537168,0.5165928729,0.9288719111,0.0000000000,0.1611595156,0.1215992536,0.0000000000,-0.0131892505,1.0000000000,0.1611595156,33.8434982744,-0.376,1.000000,61.5638456396,3,0.3622910226
8.200096,2.3377202736,2.4359614912,-2.6580565079,0.0396209652,-0.0983467409,-2.6976774731,0.1150243559,-2.7805044815,25.8541377872,0.0219355219,0.5165928729,0.9288719111,0.0000000000,0.1611595156,0.1108693696,0.0000000000,-0.0131786537,1.0000000000,0.1611595156,33.8434982744,-0.889,1.000000,61.5638456396,0,0.3622910226
8.208412,2.3169660450,2.4374954720,-2.3228150692,0.0485271021,-0.1206586702,-2.3713421713,0.1140188670,-2.4979198551,33.9101551675,0.0403878179,0.5165928729,0.9288719111,0.0000000000,0.1611595156,0.0974576147,0.0000000000,-0.0131486727,1.0000000000,0.1611595156,33.8434982744,-1.402,1.000000,61.5638456396,0,0.3622910226
8.216742,2.2992180572,2.4359614912,-1.9299613385,0.0560571540,-0.1368927322,-1.9860184924,0.1128780942,-2.1448058281,42.3736832360,0.0778075413,0.5165928729,0.9288719111,0.0000000000,0.1611595156,0.0816215506,0.0000000000,-0.0130542547,1.0000000000,0.1611595156,33.8434982744,-1.915,1.000000,61.5638456396,0,0.3622910226
8.225139,2.2848460090,2.4359614912,-1.4858694582,0.0616641320,-0.1512797136,-1.5475335902,0.1116174299,-1.7350957829,49.1652054256,0.1464432870,0.5165928729,0.9288719111,0.0000000000,0.1611595156,0.0636006622,0.0000000000,-0.0127258308,1.0000000000,0.1611595156,33.8434982744,-2.428,1.000000,61.5638456396,-1,0.3622910226
8.233872,2.2740341801,2.4328935296,-0.9848328773,0.0659748580,-0.1590350618,-1.0508077353,0.1102921378,-1.2544758121,57.6743964995,0.2607601696,0.5165928729,0.9288719111,0.0000000000,0.1611595156,0.0431861823,0.0000000000,-0.0114625707,1.0000000000,0.1611595156,33.8434982744,-2.941,1.000000,61.5638456396,-1,0.3622910226
8.241757,2.2681328907,2.4328935296,-0.5090950286,0.0684404113,-0.1649429177,-0.5775354399,0.1089176134,-0.7938087393,55.2800487362,0.3861336630,0.5165928729,0.9288719111,0.0000000000,0.1611595156,0.0237355988,0.0000000000,-0.0078571798,1.0000000000,0.1611595156,33.8434982744,-3.454,1.000000,61.5638456396,-2,0.3622910226
8.250165,2.2660313532,2.4282915872,0.0102363337,0.0691054413,-0.1624442841,-0.0588691077,0.1075639111,-0.2715933697,62.6658443522,0.5039006776,0.5165928729,0.9292707021,0.0478549162,0.0936253814,0.0024194074,0.0000000000,0.0001819969,1.0000000000,0.1611595156,19.6613300920,-3.967,1.000000,61.5638456396,-2,0.3632680247
8.258419,2.2682237339,2.4267576064,0.5199095435,0.0674332298,-0.1587134689,0.4524763137,0.1062412988,0.2456947232,62.0745711399,0.5452461183,0.5167606785,0.9296178622,0.0416592098,-0.0982359398,-0.0185959086,-0.0000000000,0.0079802533,1.0000000000,0.1611595156,-20.6295473488,-3.454,1.000000,61.5638456396,-4,0.3633594420
8.266744,2.2746517369,2.4221556641,1.0211956140,0.0646409079,-0.1476760868,0.9565547061,0.1062412988,0.7709578301,63.0315728260,0.4941290199,0.5169064611,0.9296178622,0.0000000000,-0.1611595156,-0.0393125636,-0.0000000000,0.0116149052,1.0000000000,0.1611595156,-33.8434982744,-2.941,1.000000,61.5638456396,-3,0.3633594420
8.275099,2.2852022521,2.4175537217,1.4990606681,0.0595950054,-0.1325101903,1.4394656628,0.1062412988,1.2829776081,61.4423733711,0.3787564179,0.5169064611,0.9296178622,0.0000000000,-0.1611595156,-0.0591592776,-0.0000000000,0.0127420700,1.0000000000,0.1611595156,-33.8434982744,-2.428,1.000000,61.5638456396,-3,0.3633594420
8.283650,2.2999786155,2.4114177986,1.9495991836,0.0529303416,-0.1115801536,1.8966688420,0.1062412988,1.7803530717,59.6850556220,0.2520692354,0.5169064611,0.9296178622,0.0000000000,-0.1611595156,-0.0779494513,-0.0000000000,0.0130616813,1.0000000000,0.1611595156,-33.8434982744,-1.915,1.000000,61.5638456396,-2,0.3633594420
8.291755,2.3173565731,2.4068158562,2.3301750224,0.0446860872,-0.0895782965,2.2854889352,0.1062412988,2.2114026585,51.7259504202,0.1578403208,0.5169064611,0.9296178622,0.0000000000,-0.1611595156,-0.0939292113,-0.0000000000,0.0131496614,1.0000000000,0.1611595156,-33.8434982744,-1.402,1.000000,61.5638456396,-1,0.3633594420
8.300091,2.3382187329,2.4006799330,2.6648835409,0.0349004653,-0.0625541514,2.6299830756,0.1062412988,2.6077658736,47.5635858145,0.0946383207,0.5169064611,0.9296178622,0.0000000000,-0.1611595156,-0.1080872597,-0.0000000000,0.0131790265,0.9261775867,0.1611595156,-33.8434982744,-0.889,1.000000,61.5638456396,-1,0.3633594420
8.308418,2.3615759553,2.3960779907,2.9336789185,0.0236107737,-0.0345649184,2.9100681448,0.1062412988,2.9415723688,40.0567794270,0.0581073866,0.5169064611,0.9296178622,0.0000000000,-0.1611595156,-0.1195982188,-0.0000000000,0.0131893779,0.0965941230,0.1611595156,-33.8434982744,-0.376,1.000000,61.5638456396,-1,0.3633594420
8.316744,2.3868728420,2.3899420675,3.1303353922,0.0114336951,-0.0030996772,3.1189016971,0.1062412988,3.2107990599,32.3072029273,0.0383127885,0.5169064611,0.9296178622,0.0000000000,-0.1611595156,-0.1281808772,-0.0000000000,0.0131933850,0.0000000000,0.1611595156,-33.8434982744,0.137,1.000000,61.5638456396,-1,0.3633594420
8.325092,2.4135604587,2.3853401252,3.2502549685,-0.0016092974,0.0282246197,3.2518642660,0.1064765040,3.4041008651,23.1962166248,0.0282951682,0.5169064611,0.9296178622,0.0000000000,-0.1611595156,-0.1336453838,-0.0000000000,0.0131949689,0.0063819527,0.1611595156,-33.8434982744,0.650,1.000000,61.5638456396,-1,0.3633594420
8.333637,2.4415609742,2.3822721636,3.2898143985,-0.0149169633,0.0593285393,3.3047313618,0.1069709085,3.5171229331,13.5626481567,0.0241571323,0.5169064611,0.9296178622,0.0000000000,-0.1611595156,-0.1358181200,-0.0000000000,0.0131953887,0.8545304525,0.1611595156,-33.8434982744,1.163,1.000000,61.5638456396,-2,0.3633594420
8.341760,2.4681712379,2.3822721636,3.2484490968,-0.0279026106,0.0859733879,3.2763517075,0.1076873534,3.5405441825,2.8105499289,0.0243792082,0.5169064611,0.9296178622,0.0000000000,-0.1611595156,-0.1346517707,-0.0000000000,0.0131949486,1.0000000000,0.1611595156,-33.8434982744,1.676,1.000000,61.5638456396,1,0.3633594420
8.350083,2.4947575557,2.3807381828,3.1272509176,-0.0399937444,0.1141258891,3.1672446620,0.1086384025,3.4863478366,-6.5035615105,0.0288538798,0.5169064611,0.9296178622,0.0000000000,-0.1611595156,-0.1301676804,-0.0000000000,0.0131933371,1.0000000000,0.1611595156,-33.8434982744,2.189,1.000000,61.5638456396,1,0.3633594420
8.358423,2.5200612956,2.3807381828,2.9287765186,-0.0506317226,0.1394579614,2.9794082413,0.1098005522,3.3482031165,-16.5773664105,0.0396887440,0.5169064611,0.9296178622,0.0000000000,-0.1611595156,-0.1224479638,-0.0000000000,0.0131892484,1.0000000000,0.1611595156,-33.8434982744,2.703,1.000000,61.5638456396,1,0.3633594420
8.366823,2.5435671407,2.3822721636,2.6558467963,-0.0592714216,0.1614528359,2.7151182178,0.1111459925,3.1273683167,-26.5001759769,0.0617091943,0.5169064611,0.9296178622,0.0000000000,-0.1611595156,-0.1115861508,-0.0000000000,0.0131785316,1.0000000000,0.1611595156,-33.8434982744,3.216,1.000000,61.5638456396,4,0.3633594420
8.375080,2.5641632734,2.3822721636,2.3227687240,-0.0659611954,0.1820667857,2.3887299194,0.1126632157,2.8419429590,-34.2510429152,0.1020779580,0.5169064611,0.9296178622,0.0000000000,-0.1611595156,-0.0981722178,-0.0000000000,0.0131486664,1.0000000000,0.1611595156,-33.8434982744,3.729,1.000000,61.5638456396,3,0.3633594420
8.383607,2.5822911287,2.3838061444,1.9199734622,-0.0701679412,0.1986718641,1.9901414033,0.1143188145,2.4767503570,-43.8231122425,0.1750956521,0.5169064611,0.9296178622,0.0000000000,-0.1611595156,-0.0817909943,-0.0000000000,0.0130503257,1.0000000000,0.1611595156,-33.8434982744,4.242,1.000000,61.5638456396,4,0.3633594420
8.391750,2.5961972594,2.3853401252,1.4889782208,-0.0725320304,0.2110503103,1.5615102512,0.1160775671,2.0734976913,-48.3903198875,0.2816171459,0.5169064611,0.9296178622,0.0000000000,-0.1611595156,-0.0641750761,-0.0000000000,0.0127297081,1.0000000000,0.1611595156,-33.8434982744,4.755,1.000000,61.5638456396,3,0.3633594420
8.400084,2.6066395365,2.3868741060,1.0116558592,-0.0725177642,0.2199585687,1.0841736235,0.1179105552,1.6149473787,-55.0260375108,0.4171754037,0.5169064611,0.9296178622,0.0000000000,-0.1611595156,-0.0445574563,-0.0000000000,0.0115761954,1.0000000000,0.1611595156,-33.8434982744,5.268,1.000000,61.5638456396,5,0.3633594420
8.408415,2.6129892688,2.3899420675,0.5096612168,-0.0707629815,0.2232356659,0.5804241983,0.1197708524,1.1192011920,-59.4895424037,0.5366725081,0.5169064611,0.9296178622,0.0000000000,-0.1611595156,-0.0238543212,-0.0000000000,0.0078636766,1.0000000000,0.1611595156,-33.8434982744,5.781,1.000000,61.5638456396,4,0.3633594420
8.416742,2.6150961833,2.3930100291,-0.0046644173,-0.0678900863,0.2222669674,0.0632256690,0.1216230771,0.6018492544,-62.0822325186,0.5809814373,0.5169064611,0.9296178622,0.0000000000,-0.1611595156,-0.0025984537,-0.0000000000,-0.0000829352,1.0000000000,0.1611595156,-33.8434982744,6.294,1.000000,61.5638456396,6,0.3633594420
8.425115,2.6128878368,2.3960779907,-0.5217079058,-0.0639261348,0.2169801020,-0.4577817710,0.1234312447,0.0723597114,-63.5387451561,0.5214926984,0.5169064611,0.9296469372,0.0034890037,-0.0141104906,0.0188139527,0.0000000000,-0.0080005109,1.0000000000,0.1611595156,-2.9632030207,5.781,1.000000,61.5638456396,4,0.3574090715
8.433472,2.6064127846,2.3991459523,-1.0247875701,-0.0588975283,0.2074236955,-0.9658900418,0.1251597754,-0.4524987950,-62.9830207689,0.3833962835,0.5169186580,0.9305483067,0.1081643359,0.1516300937,0.0396962280,0.0000000000,-0.0116292552,1.0000000000,0.1611595156,31.8423196779,5.268,1.000000,61.5638456396,6,0.3669930359
8.441674,2.5960630698,2.4022139138,-1.4939512939,-0.0528300293,0.1939898593,-1.4411212646,0.1251597754,-0.9535143913,-60.1218715494,0.2539319512,0.5172958135,0.9305483067,0.0000000000,0.1611595156,0.0592273197,0.0000000000,-0.0127358460,1.0000000000,0.1611595156,33.8434982744,4.755,1.000000,61.5638456396,5,0.3669930359
8.450097,2.5815759527,2.4068158562,-1.9385933374,-0.0457487769,0.1748819402,-1.8928445605,0.1251597754,-1.4419126709,-58.6077935558,0.1423081756,0.5172958135,0.9305483067,0.0000000000,0.1611595156,0.0777922807,0.0000000000,-0.0130575670,1.0000000000,0.1611595156,33.8434982744,4.242,1.000000,61.5638456396,6,0.3669930359
8.458440,2.5637285597,2.4098838178,-2.3309588030,-0.0376783019,0.1539450914,-2.2932805011,0.1251597754,-1.8825339705,-52.8745559567,0.0747271397,0.5172958135,0.9305483067,0.0000000000,0.1611595156,0.0942494297,0.0000000000,-0.0131497655,1.0000000000,0.1611595156,33.8434982744,3.729,1.000000,61.5638456396,4,0.3669930359
8.466772,2.5428710213,2.4144857601,-2.6653898252,-0.0286425414,0.1284615455,-2.6367472838,0.1251597754,-2.2749128627,-47.0854670620,0.0385111378,0.5172958135,0.9305483067,0.0000000000,0.1611595156,0.1083652557,0.0000000000,-0.0131790539,1.0000000000,0.1611595156,33.8434982744,3.216,1.000000,61.5638456396,5,0.3669930359
8.475082,2.5195579749,2.4190877025,-2.9336113450,-0.0192451407,0.1005215285,-2.9143662043,0.1251597754,-2.6061587461,-39.7495060105,0.0207755079,0.5172958135,0.9305483067,0.0000000000,0.1611595156,0.1197748608,0.0000000000,-0.0131893761,1.0000000000,0.1611595156,33.8434982744,2.703,1.000000,61.5638456396,3,0.3669930359
8.484085,2.4921407755,2.4236896449,-3.1429349449,-0.0089145635,0.0684748730,-3.1340203815,0.1251597754,-2.8873220055,-33.7395911208,0.0119496740,0.5172958135,0.9305483067,0.0000000000,0.1611595156,0.1288022262,0.0000000000,-0.0131935765,0.9972354834,0.1611595156,33.8434982744,2.189,1.000000,61.5638456396,2,0.3669930359
8.492086,2.4665015646,2.4282915872,-3.2533348074,0.0017463220,0.0382053263,-3.2550811294,0.1251597754,-3.0664809233,-21.4990701440,0.0084128993,0.5172958135,0.9305483067,0.0000000000,0.1611595156,0.1337775907,0.0000000000,-0.0131950032,0.1860013802,0.1611595156,33.8434982744,1.676,1.000000,61.5638456396,3,0.3669930359
8.500085,2.4402852720,2.4313595488,-3.2898639555,0.0127295230,0.0088918204,-3.3025934785,0.1251597754,-3.1702564557,-12.4530638841,0.0070315102,0.5172958135,0.9305483067,0.0000000000,0.1611595156,0.1357302571,0.0000000000,-0.0131953892,0.0000000000,0.1611595156,33.8434982744,1.163,1.000000,61.5638456396,1,0.3669930359
8.508417,2.4129875121,2.4359614912,-3.2485453154,0.0240272401,-0.0230379714,-3.2725725555,0.1249677924,-3.2016971251,-3.7728803276,0.0070400843,0.5172958135,0.9305483067,0.0000000000,0.1611595156,0.1344964548,0.0000000000,-0.0131949497,0.0000000000,0.1611595156,33.8434982744,0.650,1.000000,61.5638456396,1,0.3669930359
8.516744,2.3863892344,2.4390294527,-3.1273735653,0.0350515754,-0.0527335720,-3.1624251407,0.1245283459,-3.1489509949,6.3295356247,0.0086113509,0.5172958135,0.9305483067,0.0000000000,0.1611595156,0.1299696073,0.0000000000,-0.0131933390,0.6602875343,0.1611595156,33.8434982744,0.137,1.000000,61.5638456396,1,0.3669930359
8.525091,2.3610598214,2.4420974143,-2.9287210602,0.0458091441,-0.0811595974,-2.9745302043,0.1238520159,-3.0162387374,15.9254709020,0.0125638924,0.5172958135,0.9305483067,0.0000000000,0.1611595156,0.1222474858,0.0000000000,-0.0131892469,1.0000000000,0.1611595156,33.8434982744,-0.376,1.000000,61.5638456396,1,0.3669930359
8.533424,2.3377337141,2.4436313951,-2.6582412582,0.0557261142,-0.1060460976,-2.7139673724,0.1229682985,-2.8042559604,25.4379332330,0.0211947733,0.5172958135,0.9305483067,0.0000000000,0.1611595156,0.1115388532,0.0000000000,-0.0131786639,1.0000000000,0.1611595156,33.8434982744,-0.889,1.000000,61.5638456396,0,0.3669930359
8.542257,2.3157833923,2.4436313951,-2.3002392970,0.0642425392,-0.1280191014,-2.3644818362,0.1219014726,-2.4979270699,36.7594668640,0.0410243207,0.5172958135,0.9305483067,0.0000000000,0.1611595156,0.0971756680,0.0000000000,-0.0131455153,1.0000000000,0.1611595156,33.8434982744,-1.402,1.000000,61.5638456396,0,0.3669930359
8.550091,2.2991875418,2.4420974143,-1.9291670271,0.0713923094,-0.1431000132,-2.0005593365,0.1207089725,-2.1640485516,40.0654221993,0.0762929859,0.5172958135,0.9305483067,0.0000000000,0.1611595156,0.0822191514,0.0000000000,-0.0130539460,1.0000000000,0.1611595156,33.8434982744,-1.915,1.000000,61.5638456396,0,0.3669930359
8.558418,2.2849278696,2.4420974143,-1.4889136697,0.0772084951,-0.1573751758,-1.5661221648,0.1193975127,-1.7582183982,48.6996184052,0.1433751610,0.5172958135,0.9305483067,0.0000000000,0.1611595156,0.0643646169,0.0000000000,-0.0127296280,1.0000000000,0.1611595156,33.8434982744,-2.428,1.000000,61.5638456396,-1,0.3669930359
8.566748,2.2744904221,2.4405634335,-1.0118361657,0.0811430790,-0.1662891216,-1.0929792447,0.1180117700,-1.3034608026,54.5709114691,0.2498609449,0.5172958135,0.9305483067,0.0000000000,0.1611595156,0.0449193505,0.0000000000,-0.0115769352,1.0000000000,0.1611595156,33.8434982744,-2.941,1.000000,61.5638456396,-1,0.3669930359
8.575085,2.2681357769,2.4390294527,-0.5094422381,0.0832415921,-0.1711153750,-0.5926838302,0.1165858086,-0.8137419986,58.7662564877,0.3832163494,0.5172958135,0.9305483067,0.0000000000,0.1611595156,0.0243581686,0.0000000000,-0.0078611646,1.0000000000,0.1611595156,33.8434982744,-3.454,1.000000,61.5638456396,-3,0.3669930359
8.583456,2.2660309775,2.4359614912,0.0076283847,0.0835484636,-0.1701530301,-0.0759200788,0.1151678667,-0.2964370654,62.0765919787,0.5009900372,0.5172958135,0.9310212610,0.0567545169,0.1022949489,0.0031201696,0.0000000000,0.0001356327,1.0000000000,0.1611595156,21.4819392694,-3.967,1.000000,61.5638456396,-2,0.3691477102
8.592788,2.2687948723,2.4313595488,0.5832112739,0.0815267603,-0.1627818085,0.5016845136,0.1138113516,0.2940662264,70.8603950227,0.5476393052,0.5174929598,0.9315202970,0.0598843196,-0.1173439371,-0.0206182712,-0.0000000000,0.0086577852,1.0000000000,0.1611595156,-24.6422267874,-3.454,1.000000,61.5638456396,-3,0.3718764623
8.600638,2.2752329177,2.4282915872,1.0541541483,0.0778131162,-0.1532659109,0.9763410321,0.1138113516,0.7869871822,59.1505146897,0.4965790999,0.5177004175,0.9315202970,0.0000000000,-0.1611595156,-0.0401257437,-0.0000000000,0.0117420849,1.0000000000,0.1611595156,-33.8434982744,-2.941,1.000000,61.5638456396,-3,0.3718764623
8.608402,2.2851563058,2.4236896449,1.4973675588,0.0724484730,-0.1387262926,1.4249190858,0.1138113516,1.2634720039,57.1781786021,0.3877205594,0.5177004175,0.9315202970,0.0000000000,-0.1611595156,-0.0585614412,-0.0000000000,0.0127400167,1.0000000000,0.1611595156,-33.8434982744,-2.428,1.000000,61.5638456396,-2,0.3718764623
8.616772,2.2995680037,2.4175537217,1.9390349313,0.0654727813,-0.1181600931,1.8735621500,0.1138113516,1.7515890176,58.5740416430,0.2616720160,0.5177004175,0.9315202970,0.0000000000,-0.1611595156,-0.0769998106,-0.0000000000,0.0130577345,1.0000000000,0.1611595156,-33.8434982744,-1.915,1.000000,61.5638456396,-1,0.3718764623
8.625095,2.3173721948,2.4114177986,2.3304684642,0.0563447381,-0.0941956679,2.2741237261,0.1138113516,2.1981469629,53.5869534424,0.1623936439,0.5177004175,0.9315202970,0.0000000000,-0.1611595156,-0.0934621230,-0.0000000000,0.0131497004,1.0000000000,0.1611595156,-33.8434982744,-1.402,1.000000,61.5638456396,-2,0.3718764623
8.633426,2.3382211517,2.4068158562,2.6649165466,0.0456967132,-0.0687164095,2.6192198334,0.1138113516,2.5921469503,47.2799984911,0.0976189525,0.5177004175,0.9315202970,0.0000000000,-0.1611595156,-0.1076449111,-0.0000000000,0.0131790283,0.9981363220,0.1611595156,-33.8434982744,-0.889,1.000000,61.5638456396,-1,0.3718764623
8.642223,2.3629609209,2.3991459523,2.9467826147,0.0335654870,-0.0362744270,2.9132171278,0.1138113516,2.9484121021,42.7518182081,0.0584463313,0.5177004175,0.9315202970,0.0000000000,-0.1611595156,-0.1197276360,-0.0000000000,0.0131897158,0.1358019944,0.1611595156,-33.8434982744,-0.376,1.000000,61.5638456396,-1,0.3718764623
8.650087,2.3869025236,2.3945440099,3.1305162200,0.0205672373,-0.0076962634,3.1099489827,0.1138113516,3.1999957531,30.1900381277,0.0395270286,0.5177004175,0.9315202970,0.0000000000,-0.1611595156,-0.1278129379,-0.0000000000,0.0131933878,0.0000000000,0.1611595156,-33.8434982744,0.137,1.000000,61.5638456396,-1,0.3718764623
8.658414,2.4135238019,2.3884080867,3.2501466872,0.0067229443,0.0250978098,3.2434237430,0.1140205000,3.3966067825,23.5933235280,0.0291501705,0.5177004175,0.9315202970,0.0000000000,-0.1611595156,-0.1332984945,-0.0000000000,0.0131949676,0.0000000000,0.1611595156,-33.8434982744,0.650,1.000000,61.5638456396,-1,0.3718764623
8.666774,2.4409162859,2.3838061444,3.2898614104,-0.0079469195,0.0571313067,3.2978083300,0.1144965942,3.5129136719,13.9568267289,0.0248013460,0.5177004175,0.9315202970,0.0000000000,-0.1611595156,-0.1355335967,-0.0000000000,0.0131953892,0.7956782948,0.1611595156,-33.8434982744,1.163,1.000000,61.5638456396,-2,0.3718764623
8.675077,2.4681173957,2.3807381828,3.2486115195,-0.0228420897,0.0874400487,3.2714536091,0.1152252613,3.5454034432,3.8987725519,0.0248015793,0.5177004175,0.9315202970,0.0000000000,-0.1611595156,-0.1344504682,-0.0000000000,0.0131949504,1.0000000000,0.1611595156,-33.8434982744,1.676,1.000000,61.5638456396,0,0.3718764623
8.683425,2.4947848298,2.3807381828,3.1270829354,-0.0367965396,0.1141446481,3.1638794750,0.1161764667,3.4899611072,-6.6530803229,0.0293112472,0.5177004175,0.9315202970,0.0000000000,-0.1611595156,-0.1300293776,-0.0000000000,0.0131933345,1.0000000000,0.1611595156,-33.8434982744,2.189,1.000000,61.5638456396,2,0.3718764623
8.691818,2.5202441796,2.3807381828,2.9270101655,-0.0492527456,0.1396371727,2.9762629111,0.1173401098,3.3523455854,-16.5138626100,0.0402883436,0.5177004175,0.9315202970,0.0000000000,-0.1611595156,-0.1223186967,-0.0000000000,0.0131892013,1.0000000000,0.1611595156,-33.8434982744,2.703,1.000000,61.5638456396,2,0.3718764623
8.700088,2.5433852268,2.3807381828,2.6583501921,-0.0602469621,0.1628075011,2.7185971542,0.1186968390,3.1404015685,-25.4332820376,0.0618770443,0.5177004175,0.9315202970,0.0000000000,-0.1611595156,-0.1117291284,-0.0000000000,0.0131786699,1.0000000000,0.1611595156,-33.8434982744,3.216,1.000000,61.5638456396,2,0.3718764623
8.708417,2.5641711860,2.3807381828,2.3226191129,-0.0686539917,0.1836158509,2.3912731046,0.1202269711,2.8544254724,-34.3171315256,0.1026651005,0.5177004175,0.9315202970,0.0000000000,-0.1611595156,-0.0982767378,-0.0000000000,0.0131486461,1.0000000000,0.1611595156,-33.8434982744,3.729,1.000000,61.5638456396,3,0.3718764623
8.716752,2.5819286067,2.3822721636,1.9294460869,-0.0751167264,0.1998565031,2.0045628133,0.1218924419,2.5004207218,-42.4805700720,0.1738831532,0.5177004175,0.9315202970,0.0000000000,-0.1611595156,-0.0823836866,-0.0000000000,0.0130540545,1.0000000000,0.1611595156,-33.8434982744,4.242,1.000000,61.5638456396,5,0.3718764623
8.725155,2.5963046249,2.3838061444,1.4849841539,-0.0785216396,0.2127076089,1.5635057935,0.1236650053,2.0856621121,-49.7710331649,0.2847531167,0.5177004175,0.9315202970,0.0000000000,-0.1611595156,-0.0642570891,-0.0000000000,0.0127247208,1.0000000000,0.1611595156,-33.8434982744,4.755,1.000000,61.5638456396,5,0.3718764623
8.733422,2.6066435449,2.3853401252,1.0114220282,-0.0795230117,0.2215152151,1.0909450398,0.1255109655,1.6317064329,-54.4746815072,0.4216762371,0.5177004175,0.9315202970,0.0000000000,-0.1611595156,-0.0448357485,-0.0000000000,0.0115752356,1.0000000000,0.1611595156,-33.8434982744,5.268,1.000000,61.5638456396,5,0.3718764623
8.741869,2.6130504243,2.3884080867,0.5022548929,-0.0787592907,0.2248520989,0.5810141836,0.1273847329,1.1299059732,-60.2160551609,0.5462234426,0.5177004175,0.9315202970,0.0000000000,-0.1611595156,-0.0238785685,-0.0000000000,0.0077782248,1.0000000000,0.1611595156,-33.8434982744,5.781,1.000000,61.5638456396,5,0.3718764623
8.750083,2.6150961453,2.3899420675,-0.0051444353,-0.0768534756,0.2253587634,0.0717090404,0.1292627226,0.6233029040,-60.7923683012,0.5937789548,0.5177004175,0.9315202970,0.0000000000,-0.1611595156,-0.0029471040,-0.0000000000,-0.0000914698,1.0000000000,0.1611595156,-33.8434982744,6.294,1.000000,61.5638456396,4,0.3718764623
8.758415,2.6129051645,2.3930100291,-0.5196702424,-0.0732529156,0.2200902315,-0.4464173268,0.1310968079,0.0967534923,-63.1859294096,0.5369393668,0.5177004175,0.9315734848,0.0063825383,-0.0237818043,0.0183468958,0.0000000000,-0.0079775533,1.0000000000,0.1611595156,-4.9941789093,5.781,1.000000,61.5638456396,6,0.3662098893
8.766770,2.6064492413,2.3976119715,-1.0226888622,-0.0685789072,0.2090199176,-0.9541099550,0.1328386406,-0.4305828545,-63.2803616190,0.3973129840,0.5177224946,0.9324111578,0.1005207647,0.1484549593,0.0392120890,0.0000000000,-0.0116208857,1.0000000000,0.1611595156,31.1755414481,5.268,1.000000,61.5638456396,7,0.3742886300
8.775077,2.5959576094,2.4006799330,-1.4978450743,-0.0622771385,0.1954435404,-1.4355679358,0.1328386406,-0.9380987963,-60.9019130163,0.2617056870,0.5180693297,0.9324111578,0.0000000000,0.1611595156,0.0589990885,0.0000000000,-0.0127405967,1.0000000000,0.1611595156,33.8434982744,4.755,1.000000,61.5638456396,5,0.3742886300
8.783434,2.5815689159,2.4052818754,-1.9387751885,-0.0549672852,0.1764334361,-1.8838079032,0.1328386406,-1.4228260058,-58.1672651332,0.1479732132,0.5180693297,0.9324111578,0.0000000000,0.1611595156,0.0774208914,0.0000000000,-0.0130576360,1.0000000000,0.1611595156,33.8434982744,4.242,1.000000,61.5638456396,4,0.3742886300
8.792265,2.5625777990,2.4098838178,-2.3523639065,-0.0466737410,0.1528182884,-2.3056901655,0.1328386406,-1.8900342479,-56.0649890486,0.0748967033,0.5180693297,0.9324111578,0.0000000000,0.1611595156,0.0947594431,0.0000000000,-0.0131525265,1.0000000000,0.1611595156,33.8434982744,3.729,1.000000,61.5638456396,4,0.3742886300
8.800057,2.5430003973,2.4129517793,-2.6636236996,-0.0380005964,0.1301498258,-2.6256231032,0.1328386406,-2.2534761356,-43.6130265319,0.0405617771,0.5180693297,0.9324111578,0.0000000000,0.1611595156,0.1079080732,0.0000000000,-0.0131789582,1.0000000000,0.1611595156,33.8434982744,3.216,1.000000,61.5638456396,3,0.3742886300
8.808426,2.5195268986,2.4175537217,-2.9339085932,-0.0283767498,0.1020487533,-2.9055318434,0.1328386406,-2.5873209622,-40.0613791885,0.0218526566,0.5180693297,0.9324111578,0.0000000000,0.1611595156,0.1194117855,0.0000000000,-0.0131893839,1.0000000000,0.1611595156,33.8434982744,2.703,1.000000,61.5638456396,2,0.3742886300
8.816747,2.4942442270,2.4221556641,-3.1303950964,-0.0178252061,0.0721360372,-3.1125698903,0.1328386406,-2.8517722925,-31.7341596377,0.0130261753,0.5180693297,0.9324111578,0.0000000000,0.1611595156,0.1279206521,0.0000000000,-0.0131933859,1.0000000000,0.1611595156,33.8434982744,2.189,1.000000,61.5638456396,2,0.3742886300
8.825099,2.4675446801,2.4267576064,-3.2503190807,-0.0069487012,0.0408055803,-3.2433703795,0.1328386406,-3.0427072208,-22.9121913971,0.0089691964,0.5180693297,0.9324111578,0.0000000000,0.1611595156,0.1332963013,0.0000000000,-0.0131949696,0.2617449522,0.1611595156,33.8434982744,1.676,1.000000,61.5638456396,2,0.3742886300
8.833438,2.4402188672,2.4298255680,-3.2898617225,0.0042449018,0.0103819937,-3.2941066242,0.1328386406,-3.1518372937,-13.0956087484,0.0074290223,0.5180693297,0.9324111578,0.0000000000,0.1611595156,0.1353814637,0.0000000000,-0.0131953892,0.0000000000,0.1611595156,33.8434982744,1.163,1.000000,61.5638456396,2,0.3742886300
8.844531,2.4039964575,2.4359614912,-3.2168521053,0.0157479295,-0.0320069755,-3.2326000348,0.1325719158,-3.1719360639,-2.4118524242,0.0078445512,0.5180693297,0.9324111578,0.0000000000,0.1611595156,0.1328536608,0.0000000000,-0.0131945778,0.0487400327,0.1611595156,33.8434982744,0.650,1.000000,61.5638456396,1,0.3742886300
8.851421,2.3822021547,2.4374954720,-3.1004914311,0.0269726073,-0.0553651540,-3.1274640383,0.1321105395,-3.1120577520,7.1853974285,0.0096031582,0.5180693297,0.9324111578,0.0000000000,0.1611595156,0.1285327730,0.0000000000,-0.0131929047,0.7436814329,0.1611595156,33.8434982744,0.137,1.000000,61.5638456396,1,0.3742886300
8.858411,2.3610994183,2.4405634335,-2.9291028605,0.0379256706,-0.0795650235,-2.9670285311,0.1314474976,-2.9986811689,13.6051899719,0.0132187170,0.5180693297,0.9324111578,0.0000000000,0.1611595156,0.1219391814,0.0000000000,-0.0131892570,1.0000000000,0.1611595156,33.8434982744,-0.376,1.000000,61.5638456396,1,0.3742886300
8.866751,2.3377513878,2.4420974143,-2.6584841407,0.0480334048,-0.1044739550,-2.7065175455,0.1305768813,-2.7867812261,25.4279931343,0.0222482801,0.5180693297,0.9324111578,0.0000000000,0.1611595156,0.1112326796,0.0000000000,-0.0131786773,1.0000000000,0.1611595156,33.8434982744,-0.889,1.000000,61.5638456396,0,0.3742886300
8.875137,2.3168314413,2.4420974143,-2.3202674841,0.0573162650,-0.1254186247,-2.3775837491,0.1295317261,-2.4990103733,34.5325023355,0.0413724468,0.5180693297,0.9324111578,0.0000000000,0.1611595156,0.0977141315,0.0000000000,-0.0131483259,1.0000000000,0.1611595156,33.8434982744,-1.402,1.000000,61.5638456396,0,0.3742886300
8.883764,2.2985351014,2.4420974143,-1.9120637627,0.0652139243,-0.1437359986,-1.9772776870,0.1283339261,-2.1349651109,43.6854314952,0.0812231533,0.5180693297,0.9324111578,0.0000000000,0.1611595156,0.0812623202,0.0000000000,-0.0130471392,1.0000000000,0.1611595156,33.8434982744,-1.915,1.000000,61.5638456396,0,0.3742886300
8.891998,2.2845611962,2.4405634335,-1.4752163824,0.0711796143,-0.1561918116,-1.5463959967,0.1270323277,-1.7291893692,48.6930890061,0.1513603123,0.5180693297,0.9324111578,0.0000000000,0.1611595156,0.0635539092,0.0000000000,-0.0127123038,1.0000000000,0.1611595156,33.8434982744,-2.428,1.000000,61.5638456396,-1,0.3742886300
8.900084,2.2744879497,2.4405634335,-1.0116919719,0.0758403722,-0.1662774712,-1.0875323442,0.1256466821,-1.2909598928,52.5875371613,0.2570079848,0.5180693297,0.9324111578,0.0000000000,0.1611595156,0.0446954933,0.0000000000,-0.0115763436,1.0000000000,0.1611595156,33.8434982744,-2.941,1.000000,61.5638456396,-1,0.3742886300
8.908421,2.2681344752,2.4374954720,-0.5092856657,0.0786474874,-0.1695704603,-0.5879331531,0.1242335949,-0.7989825686,59.0372789096,0.3938008392,0.5180693297,0.9324111578,0.0000000000,0.1611595156,0.0241629249,0.0000000000,-0.0078593679,1.0000000000,0.1611595156,33.8434982744,-3.454,1.000000,61.5638456396,-3,0.3742886300
8.916744,2.2660306927,2.4359614912,0.0047815589,0.0790655269,-0.1701413754,-0.0742839680,0.1228157501,-0.2877349906,61.3497093575,0.5109638269,0.5180693297,0.9328636332,0.0542970485,0.1009002502,0.0030529286,0.0000000000,0.0000850179,1.0000000000,0.1611595156,21.1890525366,-3.967,1.000000,61.5638456396,-2,0.3758088540
8.925094,2.2682281358,2.4313595488,0.5204277134,0.0777325888,-0.1633384399,0.4426951246,0.1214545965,0.2410477835,63.4539328873,0.5578409457,0.5182559980,0.9332038839,0.0408300820,-0.0979930533,-0.0181939205,-0.0000000000,0.0079860963,1.0000000000,0.1611595156,-20.5785411894,-3.454,1.000000,61.5638456396,-4,0.3753591619
8.933488,2.2747308097,2.4282915872,1.0257489194,0.0746910433,-0.1537597039,0.9510578761,0.1214545965,0.7677955819,63.2097358161,0.5035481803,0.5183960546,0.9332038839,0.0000000000,-0.1611595156,-0.0390866544,-0.0000000000,0.0116330751,1.0000000000,0.1611595156,-33.8434982744,-2.941,1.000000,61.5638456396,-1,0.3753591619
8.943220,2.2874399007,2.4221556641,1.5787474412,0.0694019479,-0.1349006031,1.5093454933,0.1214545965,1.3622806108,71.3382034596,0.3647091901,0.5183960546,0.9332038839,0.0000000000,-0.1611595156,-0.0620312046,-0.0000000000,0.0128291399,1.0000000000,0.1611595156,-33.8434982744,-2.428,1.000000,61.5638456396,-2,0.3753591619
8.950589,2.3005107526,2.4175537217,1.9631600781,0.0624999760,-0.1172094267,1.9006601022,0.1214545965,1.7875509636,51.0324423399,0.2541414024,0.5183960546,0.9332038839,0.0000000000,-0.1611595156,-0.0781134845,-0.0000000000,0.0130665875,1.0000000000,0.1611595156,-33.8434982744,-1.915,1.000000,61.5638456396,-2,0.3753591619
8.958420,2.3173513078,2.4129517793,2.3300761009,0.0540241559,-0.0957443552,2.2760519450,0.1214545965,2.2041420150,49.9909261628,0.1615912147,0.5183960546,0.9332038839,0.0000000000,-0.1611595156,-0.0935413691,-0.0000000000,0.0131496482,1.0000000000,0.1611595156,-33.8434982744,-1.402,1.000000,61.5638456396,-1,0.3753591619
8.966747,2.3381903575,2.4068158562,2.6644962627,0.0440125716,-0.0687427184,2.6204836911,0.1214545965,2.6003996342,47.5509143157,0.0969989315,0.5183960546,0.9332038839,0.0000000000,-0.1611595156,-0.1076968532,-0.0000000000,0.0131790055,0.9982239347,0.1611595156,-33.8434982744,-0.889,1.000000,61.5638456396,-1,0.3753591619
8.975122,2.3616838144,2.4006799330,2.9347098540,0.0325023855,-0.0390826830,2.9022074685,0.1214545965,2.9390517098,40.6382490692,0.0593725879,0.5183960546,0.9332038839,0.0000000000,-0.1611595156,-0.1192751601,-0.0000000000,0.0131894049,0.2106157365,0.1611595156,-33.8434982744,-0.376,1.000000,61.5638456396,-1,0.3753591619
8.983428,2.3869266406,2.3945440099,3.1306630653,0.0195298607,-0.0076693836,3.1111332046,0.1214545965,3.2082708896,32.3063015695,0.0391530980,0.5183960546,0.9332038839,0.0000000000,-0.1611595156,-0.1278616071,-0.0000000000,0.0131933901,0.0000000000,0.1611595156,-33.8434982744,0.137,1.000000,61.5638456396,-1,0.3753591619
8.992934,2.4173847896,2.3884080867,3.2607276004,0.0057106701,0.0289614935,3.2550169303,0.1216959423,3.4226847472,25.7296629114,0.0280752220,0.5183960546,0.9332038839,0.0000000000,-0.1611595156,-0.1337749522,-0.0000000000,0.0131950844,0.0116734963,0.1611595156,-33.8434982744,0.650,1.000000,61.5638456396,-1,0.3753591619
9.000667,2.4427584316,2.3853401252,3.2896079505,-0.0083544114,0.0574405569,3.2979623619,0.1221746136,3.5207326157,11.7657442182,0.0245458841,0.5183960546,0.9332038839,0.0000000000,-0.1611595156,-0.1355399271,-0.0000000000,0.0131953867,0.8043819091,0.1611595156,-33.8434982744,1.163,1.000000,61.5638456396,0,0.3753591619
9.008724,2.4691356491,2.3838061444,3.2454846851,-0.0226594338,0.0853898541,3.2681441188,0.1228861957,3.5452145047,2.9378266831,0.0248016981,0.5183960546,0.9332038839,0.0000000000,-0.1611595156,-0.1343144545,-0.0000000000,0.0131949151,1.0000000000,0.1611595156,-33.8434982744,1.676,1.000000,61.5638456396,0,0.3753591619
9.016754,2.4947708724,2.3822721636,3.1271689112,-0.0360380163,0.1125946897,3.1632069275,0.1238244848,3.4933573494,-6.2228586392,0.0291581412,0.5183960546,0.9332038839,0.0000000000,-0.1611595156,-0.1300017372,-0.0000000000,0.0131933359,1.0000000000,0.1611595156,-33.8434982744,2.189,1.000000,61.5638456396,2,0.3753591619
9.025131,2.5201840607,2.3838061444,2.9275913792,-0.0479322897,0.1365055754,2.9755236689,0.1249620312,3.3526153631,-16.8890383556,0.0401718141,0.5183960546,0.9332038839,0.0000000000,-0.1611595156,-0.1222883153,-0.0000000000,0.0131892168,1.0000000000,0.1611595156,-33.8434982744,2.703,1.000000,61.5638456396,2,0.3753591619
9.033440,2.5434341041,2.3822721636,2.6576782361,-0.0577978840,0.1613158749,2.7154761201,0.1263063302,3.1414258019,-25.3427473428,0.0618804731,0.5183960546,0.9332038839,0.0000000000,-0.1611595156,-0.1116008599,-0.0000000000,0.0131786329,1.0000000000,0.1611595156,-33.8434982744,3.216,1.000000,61.5638456396,2,0.3753591619
9.041763,2.5642007742,2.3838061444,2.3220594944,-0.0656838891,0.1805695671,2.3877433835,0.1278110766,2.8520336906,-34.7270533552,0.1028976131,0.5183960546,0.9332038839,0.0000000000,-0.1611595156,-0.0981316730,-0.0000000000,0.0131485701,1.0000000000,0.1611595156,-33.8434982744,3.729,1.000000,61.5638456396,1,0.3753591619
9.050091,2.5819390378,2.3853401252,1.9291745116,-0.0710579197,0.1967881628,2.0002324313,0.1294509779,2.4971623954,-42.5845554242,0.1744724454,0.5183960546,0.9332038839,0.0000000000,-0.1611595156,-0.0822057162,-0.0000000000,0.0130539489,1.0000000000,0.1611595156,-33.8434982744,4.242,1.000000,61.5638456396,3,0.3753591619
9.058428,2.5962141026,2.3868741060,1.4883525315,-0.0739807605,0.2095370312,1.5623332920,0.1311971199,2.0853411022,-49.4185551862,0.2847883920,0.5183960546,0.9332038839,0.0000000000,-0.1611595156,-0.0642089015,-0.0000000000,0.0127289303,1.0000000000,0.1611595156,-33.8434982744,4.755,1.000000,61.5638456396,4,0.3753591619
9.066762,2.6066507353,2.3868741060,1.0110024242,-0.0750920126,0.2199766235,1.0860944368,0.1330302584,1.6308278824,-54.5415863723,0.4231857650,0.5183960546,0.9332038839,0.0000000000,-0.1611595156,-0.0446363981,-0.0000000000,0.0115735119,1.0000000000,0.1611595156,-33.8434982744,5.268,1.000000,61.5638456396,4,0.3753591619
9.075100,2.6129988469,2.3899420675,0.5085085455,-0.0738552255,0.2232534796,0.5823637710,0.1348907040,1.1351001290,-59.4873304000,0.5470765617,0.5183960546,0.9332038839,0.0000000000,-0.1611595156,-0.0239340339,-0.0000000000,0.0078504438,1.0000000000,0.1611595156,-33.8434982744,5.781,1.000000,61.5638456396,4,0.3753591619
9.083418,2.6150961341,2.3930100291,-0.0052776174,-0.0714877916,0.2222765000,0.0662101742,0.1367430082,0.6187773027,-61.9587391576,0.5953034901,0.5183960546,0.9332038839,0.0000000000,-0.1611595156,-0.0027211112,-0.0000000000,-0.0000938378,1.0000000000,0.1611595156,-33.8434982744,6.294,1.000000,61.5638456396,6,0.3753591619
9.091751,2.6129041444,2.3945440099,-0.5197904240,-0.0680170702,0.2185412859,-0.4517733538,0.1385641856,0.0953018316,-62.8170565409,0.5389228546,0.5183960546,0.9332556378,0.0062104665,-0.0231938374,0.0185670183,0.0000000000,-0.0079789094,1.0000000000,0.1611595156,-4.8707058504,5.781,1.000000,61.5638456396,5,0.3695957222
9.100086,2.6064661458,2.3976119715,-1.0217140991,-0.0634697587,0.2090232147,-0.9582443404,0.1403060457,-0.4278335351,-62.7762439969,0.3999670857,0.5184173344,0.9340866961,0.0997270012,0.1486068941,0.0393820043,0.0000000000,-0.0116169842,1.0000000000,0.1611595156,31.2074477594,5.268,1.000000,61.5638456396,7,0.3773903250
9.108429,2.5959309725,2.4006799330,-1.4988265387,-0.0578719083,0.1954051710,-1.4409546304,0.1403060457,-0.9366817593,-61.0617869090,0.2630173148,0.5187581875,0.9340866961,0.0000000000,0.1611595156,0.0592204713,0.0000000000,-0.0127417866,1.0000000000,0.1611595156,33.8434982744,4.755,1.000000,61.5638456396,5,0.3773903250
9.116754,2.5815947618,2.4052818754,-1.9381071264,-0.0512489399,0.1764493788,-1.8868581865,0.1403060457,-1.4189683128,-57.8743864143,0.1492472411,0.5187581875,0.9340866961,0.0000000000,0.1611595156,0.0775462522,0.0000000000,-0.0130573825,1.0000000000,0.1611595156,33.8434982744,4.242,1.000000,61.5638456396,4,0.3773903250
9.125094,2.5637573919,2.4068158562,-2.3304173834,-0.0442059467,0.1570592703,-2.2862114367,0.1403060457,-1.8555381698,-52.3883828456,0.0792509196,0.5187581875,0.9340866961,0.0000000000,0.1611595156,0.0939589048,0.0000000000,-0.0131496936,1.0000000000,0.1611595156,33.8434982744,3.729,1.000000,61.5638456396,4,0.3773903250
9.133605,2.5424258883,2.4114177986,-2.6714404552,-0.0361728050,0.1311044296,-2.6352676501,0.1403060457,-2.2544110773,-47.8647488989,0.0406030930,0.5187581875,0.9340866961,0.0000000000,0.1611595156,0.1083044456,0.0000000000,-0.0131793781,1.0000000000,0.1611595156,33.8434982744,3.216,1.000000,61.5638456396,3,0.3773903250
9.141759,2.5195299420,2.4160197409,-2.9338794890,-0.0277537618,0.1035841183,-2.9061257272,0.1403060457,-2.5780905508,-38.8415368159,0.0223134409,0.5187581875,0.9340866961,0.0000000000,0.1611595156,0.1194361930,0.0000000000,-0.0131893832,1.0000000000,0.1611595156,33.8434982744,2.703,1.000000,61.5638456396,2,0.3773903250
9.150082,2.4942391255,2.4206216833,-3.1304261778,-0.0183778678,0.0736663884,-3.1120483100,0.1403060457,-2.8414360403,-31.6014587410,0.0133515024,0.5187581875,0.9340866961,0.0000000000,0.1611595156,0.1278992162,0.0000000000,-0.0131933864,1.0000000000,0.1611595156,33.8434982744,2.189,1.000000,61.5638456396,3,0.3773903250
9.158422,2.4675771254,2.4236896449,-3.2502233266,-0.0086485641,0.0439105145,-3.2415747625,0.1403060457,-3.0280747397,-22.3966439244,0.0092790328,0.5187581875,0.9340866961,0.0000000000,0.1611595156,0.1332225049,0.0000000000,-0.0131949685,0.3611747190,0.1611595156,33.8434982744,1.676,1.000000,61.5638456396,1,0.3773903250
9.166750,2.4402906959,2.4282915872,-3.2898641169,0.0014255975,0.0119953118,-3.2912897144,0.1403060457,-3.1390464684,-13.3166074436,0.0076712348,0.5187581875,0.9340866961,0.0000000000,0.1611595156,0.1352656941,0.0000000000,-0.0131953892,0.0000000000,0.1611595156,33.8434982744,1.163,1.000000,61.5638456396,2,0.3773903250
9.175084,2.4129876929,2.4298255680,-3.2485458608,0.0112559848,-0.0168678534,-3.2598018456,0.1401654803,-3.1630868755,-2.8848488630,0.0077935378,0.5187581875,0.9340866961,0.0000000000,0.1611595156,0.1339716031,0.0000000000,-0.0131949497,0.0000000000,0.1611595156,33.8434982744,0.650,1.000000,61.5638456396,1,0.3773903250
9.183423,2.3863485228,2.4328935296,-3.1271228890,0.0208484967,-0.0466005330,-3.1479713857,0.1397771425,-3.1086817978,6.5286093287,0.0095589529,0.5187581875,0.9340866961,0.0000000000,0.1611595156,0.1293755857,0.0000000000,-0.0131933351,0.4520738203,0.1611595156,33.8434982744,0.137,1.000000,61.5638456396,1,0.3773903250
9.191744,2.3611013173,2.4359614912,-2.9291211653,0.0302088893,-0.0749406298,-2.9593300546,0.1391526372,-2.9750104876,16.0405572268,0.0139302960,0.5187581875,0.9340866961,0.0000000000,0.1611595156,0.1216227888,0.0000000000,-0.0131892575,1.0000000000,0.1611595156,33.8434982744,-0.376,1.000000,61.5638456396,1,0.3773903250
9.200085,2.3377490731,2.4374954720,-2.6584523352,0.0393427793,-0.0998511813,-2.6977951145,0.1383205441,-2.7620542204,25.5547520582,0.0234328384,0.5187581875,0.9340866961,0.0000000000,0.1611595156,0.1108742044,0.0000000000,-0.0131786755,1.0000000000,0.1611595156,33.8434982744,-0.889,1.000000,61.5638456396,0,0.3773903250
9.208428,2.3169309082,2.4374954720,-2.3221505868,0.0470950732,-0.1206899931,-2.3692456600,0.1373147941,-2.4744282384,34.5151178488,0.0433830115,0.5187581875,0.9340866961,0.0000000000,0.1611595156,0.0973714521,0.0000000000,-0.0131485825,1.0000000000,0.1611595156,33.8434982744,-1.402,1.000000,61.5638456396,0,0.3773903250
9.216756,2.2991913301,2.4359614912,-1.9292656640,0.0540794899,-0.1369141921,-1.9833451540,0.1361738425,-2.1207186184,42.4451543949,0.0832392477,0.5187581875,0.9340866961,0.0000000000,0.1611595156,0.0815116815,0.0000000000,-0.0130539844,1.0000000000,0.1611595156,33.8434982744,-1.915,1.000000,61.5638456396,0,0.3773903250
9.225097,2.2849094019,2.4359614912,-1.4882275810,0.0591540362,-0.1512096355,-1.5473816171,0.1349137622,-1.7133537063,48.8837894541,0.1552238218,0.5187581875,0.9340866961,0.0000000000,0.1611595156,0.0635944164,0.0000000000,-0.0127287748,1.0000000000,0.1611595156,33.8434982744,-2.428,1.000000,61.5638456396,-1,0.3773903250
9.233868,2.2740373545,2.4344275104,-0.9850235765,0.0629452141,-0.1605577992,-1.0479687906,0.1335757806,-1.2331156378,57.6285682185,0.2744318528,0.5187581875,0.9340866961,0.0000000000,0.1611595156,0.0430695071,0.0000000000,-0.0114634040,1.0000000000,0.1611595156,33.8434982744,-2.941,1.000000,61.5638456396,-1,0.3773903250
9.241746,2.2681385801,2.4328935296,-0.5097792311,0.0649037913,-0.1649278091,-0.5746830224,0.1322013822,-0.7694832955,55.6358810724,0.4050027874,0.5187581875,0.9340866961,0.0000000000,0.1611595156,0.0236183699,0.0000000000,-0.0078650300,1.0000000000,0.1611595156,33.8434982744,-3.454,1.000000,61.5638456396,-3,0.3773903250
9.250084,2.2660307265,2.4298255680,0.0052017969,0.0650741131,-0.1639681548,-0.0598723163,0.1308349809,-0.2540891034,61.8473030511,0.5224980789,0.5187581875,0.9344457449,0.0430858451,0.0905188626,0.0024606374,0.0000000000,0.0000924897,1.0000000000,0.1611595156,19.0089611507,-3.967,1.000000,61.5638456396,-3,0.3771375560
9.258413,2.2682205480,2.4267576064,0.5195341800,0.0634994516,-0.1587061779,0.4560347284,0.1295124294,0.2706995200,62.9746348107,0.5611923017,0.5189049506,0.9348769004,0.0517386697,-0.1099441899,-0.0187421526,-0.0000000000,0.0079760176,1.0000000000,0.1611595156,-23.0882798712,-3.454,1.000000,61.5638456396,-4,0.3783222966
9.266814,2.2747230420,2.4221556641,1.0253026195,0.0608023191,-0.1475945582,0.9645003004,0.1295124294,0.8004922949,63.5751329942,0.5054063712,0.5190807896,0.9348769004,0.0000000000,-0.1611595156,-0.0396391123,-0.0000000000,0.0116313029,1.0000000000,0.1611595156,-33.8434982744,-2.941,1.000000,61.5638456396,-3,0.3783222966
9.275089,2.2851860415,2.4175537217,1.4984635859,0.0558493026,-0.1325164249,1.4426142833,0.1295124294,1.3075466502,60.8465226358,0.3853304997,0.5190807896,0.9348769004,0.0000000000,-0.1611595156,-0.0592886799,-0.0000000000,0.0127413469,1.0000000000,0.1611595156,-33.8434982744,-2.428,1.000000,61.5638456396,-2,0.3783222966
9.283419,2.2995294488,2.4114177986,1.9380384427,0.0492752772,-0.1120195856,1.8887631655,0.1295124294,1.7930363545,58.2587645147,0.2577098920,0.5190807896,0.9348769004,0.0000000000,-0.1611595156,-0.0776245432,-0.0000000000,0.0130573564,1.0000000000,0.1611595156,-33.8434982744,-1.915,1.000000,61.5638456396,-2,0.3783222966
9.291746,2.3173347832,2.4068158562,2.3297655921,0.0411194680,-0.0895905873,2.2886461240,0.1295124294,2.2359686448,53.1518748287,0.1585371453,0.5190807896,0.9348769004,0.0000000000,-0.1611595156,-0.0940589657,-0.0000000000,0.0131496069,1.0000000000,0.1611595156,-33.8434982744,-1.402,1.000000,61.5638456396,-1,0.3783222966
9.300087,2.3382074794,2.4022139138,2.6647299687,0.0314201510,-0.0640901164,2.6333098177,0.1295124294,2.6295769331,47.2329945982,0.0946041978,0.5190807896,0.9348769004,0.0000000000,-0.1611595156,-0.1082239824,-0.0000000000,0.0131790182,0.9529019745,0.1611595156,-33.8434982744,-0.889,1.000000,61.5638456396,-1,0.3783222966
9.308426,2.3615996428,2.3945440099,2.9339054790,0.0202146760,-0.0329982053,2.9136908030,0.1295124294,2.9696345022,40.8069082879,0.0577015320,0.5190807896,0.9348769004,0.0000000000,-0.1611595156,-0.1197471031,-0.0000000000,0.0131893838,0.0656232015,0.1611595156,-33.8434982744,-0.376,1.000000,61.5638456396,-1,0.3783222966
9.316758,2.3869160894,2.3899420675,3.1305988290,0.0081197761,-0.0030476037,3.1224790529,0.1295124294,3.2359087514,31.9529099059,0.0379622815,0.5190807896,0.9348769004,0.0000000000,-0.1611595156,-0.1283278997,-0.0000000000,0.0131933891,0.0000000000,0.1611595156,-33.8434982744,0.137,1.000000,61.5638456396,-1,0.3783222966
9.325103,2.4135961504,2.3853401252,3.2503602541,-0.0048430263,0.0282689238,3.2552032804,0.1297480038,3.4289576431,23.1658670030,0.0279825484,0.5190807896,0.9348769004,0.0000000000,-0.1611595156,-0.1337826109,-0.0000000000,0.0131949700,0.0066568623,0.1611595156,-33.8434982744,0.650,1.000000,61.5638456396,-1,0.3783222966
9.333823,2.4421742080,2.3822721636,3.2897280226,-0.0180724425,0.0599501771,3.3078004651,0.1302475886,3.5428226824,13.6638047155,0.0238442022,0.5190807896,0.9348769004,0.0000000000,-0.1611595156,-0.1359442543,-0.0000000000,0.0131953879,0.8698130628,0.1611595156,-33.8434982744,1.163,1.000000,61.5638456396,0,0.3783222966
9.341760,2.4681712379,2.3807381828,3.2484490968,-0.0315620210,0.0875171149,3.2800111178,0.1309768979,3.5686159082,3.0951871015,0.0240040426,0.5190807896,0.9348769004,0.0000000000,-0.1611595156,-0.1348021654,-0.0000000000,0.0131949486,1.0000000000,0.1611595156,-33.8434982744,1.676,1.000000,61.5638456396,1,0.3783222966
9.350082,2.4947541376,2.3807381828,3.1272719631,-0.0435646044,0.1141319814,3.1708365675,0.1319279977,3.5114008291,-6.8658094950,0.0284860366,0.5190807896,0.9348769004,0.0000000000,-0.1611595156,-0.1303153008,-0.0000000000,0.0131933375,1.0000000000,0.1611595156,-33.8434982744,2.189,1.000000,61.5638456396,1,0.3783222966
9.358415,2.5200401403,2.3807381828,2.9289805127,-0.0541161751,0.1394460863,2.9830966878,0.1330900484,3.3733180730,-16.5699307299,0.0392422991,0.5190807896,0.9348769004,0.0000000000,-0.1611595156,-0.1225995518,-0.0000000000,0.0131892538,1.0000000000,0.1611595156,-33.8434982744,2.703,1.000000,61.5638456396,1,0.3783222966
9.366752,2.5433781856,2.3807381828,2.6584469530,-0.0626715573,0.1628069173,2.7211185103,0.1344467727,3.1574272744,-25.9068958322,0.0608701165,0.5190807896,0.9348769004,0.0000000000,-0.1611595156,-0.1118327513,-0.0000000000,0.0131786752,1.0000000000,0.1611595156,-33.8434982744,3.216,1.000000,61.5638456396,2,0.3783222966
9.375089,2.5641839605,2.3807381828,2.3223775338,-0.0692790548,0.1836302901,2.3916565886,0.1359770251,2.8693422515,-34.5702027428,0.1016130275,0.5190807896,0.9348769004,0.0000000000,-0.1611595156,-0.0982924982,-0.0000000000,0.0131486133,1.0000000000,0.1611595156,-33.8434982744,3.729,1.000000,61.5638456396,3,0.3783222966
9.383420,2.5819312853,2.3822721636,1.9293763533,-0.0739858024,0.1998561698,2.0033621556,0.1376424932,2.5137250027,-42.6740698554,0.1729796285,0.5190807896,0.9348769004,0.0000000000,-0.1611595156,-0.0823343419,-0.0000000000,0.0130540274,1.0000000000,0.1611595156,-33.8434982744,4.242,1.000000,61.5638456396,3,0.3783222966
9.391750,2.5961970390,2.3838061444,1.4889864048,-0.0762575071,0.2125939929,1.5652439119,0.1394141098,2.1016868669,-49.4445762982,0.2833330527,0.5190807896,0.9348769004,0.0000000000,-0.1611595156,-0.0643285224,-0.0000000000,0.0127297183,1.0000000000,0.1611595156,-33.8434982744,4.755,1.000000,61.5638456396,4,0.3783222966
9.400075,2.6066303158,2.3853401252,1.0121935233,-0.0767333792,0.2214945564,1.0889269026,0.1412598978,1.6441531920,-54.9040409929,0.4224697220,0.5190807896,0.9348769004,0.0000000000,-0.1611595156,-0.0447528070,-0.0000000000,0.0115784004,1.0000000000,0.1611595156,-33.8434982744,5.268,1.000000,61.5638456396,5,0.3783222966
9.408428,2.6129959834,2.3868741060,0.5088534367,-0.0748765871,0.2263212979,0.5837300238,0.1431459086,1.1499575596,-59.3034758911,0.5486180893,0.5190807896,0.9348769004,0.0000000000,-0.1611595156,-0.0239901843,-0.0000000000,0.0078544058,1.0000000000,0.1611595156,-33.8434982744,5.781,1.000000,61.5638456396,4,0.3783222966
9.416755,2.6150961182,2.3899420675,-0.0054613397,-0.0724844384,0.2253471001,0.0670230986,0.1450238011,0.6331103107,-62.0216698664,0.5990674797,0.5190807896,0.9348769004,0.0000000000,-0.1611595156,-0.0027545208,-0.0000000000,-0.0000971043,1.0000000000,0.1611595156,-33.8434982744,6.294,1.000000,61.5638456396,6,0.3783222966
9.425096,2.6128979412,2.3930100291,-0.5205206630,-0.0689896001,0.2200716536,-0.4515310628,0.1468577316,0.1061196905,-63.2388744221,0.5430927013,0.5190807896,0.9349414618,0.0077473653,-0.0273260522,0.0185570606,0.0000000000,-0.0079871439,1.0000000000,0.1611595156,-5.7384709627,5.781,1.000000,61.5638456396,5,0.3727330012
9.433376,2.6065110058,2.3960779907,-1.0191223366,-0.0638384681,0.2106030375,-0.9552838685,0.1486127569,-0.4141904483,-62.4372166561,0.4051493145,0.5191070824,0.9357277710,0.0943571001,0.1459120212,0.0392603346,0.0000000000,-0.0116065666,1.0000000000,0.1611595156,30.6415244575,5.268,1.000000,61.5638456396,7,0.3796261846
9.441797,2.5958788419,2.4006799330,-1.5007449988,-0.0582316956,0.1953539987,-1.4425133032,0.1486127569,-0.9306882847,-61.9797403646,0.2645418821,0.5194265252,0.9357277710,0.0000000000,0.1611595156,0.0592845298,0.0000000000,-0.0127441037,1.0000000000,0.1611595156,33.8434982744,4.755,1.000000,61.5638456396,4,0.3796261846
9.450082,2.5816054212,2.4037478946,-1.9378314985,-0.0516000212,0.1779949541,-1.8862314773,0.1486127569,-1.4077247219,-57.2443724668,0.1512477234,0.5194265252,0.9357277710,0.0000000000,0.1611595156,0.0775204956,0.0000000000,-0.0130572778,1.0000000000,0.1611595156,33.8434982744,4.242,1.000000,61.5638456396,5,0.3796261846
9.458414,2.5637894970,2.4068158562,-2.3298142062,-0.0439682452,0.1570907424,-2.2858459610,0.1486127569,-1.8474619223,-52.7684640489,0.0801454065,0.5194265252,0.9357277710,0.0000000000,0.1611595156,0.0939438844,0.0000000000,-0.0131496134,1.0000000000,0.1611595156,33.8434982744,3.729,1.000000,61.5638456396,4,0.3796261846
9.467519,2.5408683053,2.4114177986,-2.6922996104,-0.0353605681,0.1295446833,-2.6569390423,0.1486127569,-2.2714258192,-50.8756676287,0.0393149212,0.5194265252,0.9357277710,0.0000000000,0.1611595156,0.1091950982,0.0000000000,-0.0131804564,1.0000000000,0.1611595156,33.8434982744,3.216,1.000000,61.5638456396,3,0.3796261846
9.475007,2.5197798164,2.4160197409,-2.9314851346,-0.0263808921,0.1038303363,-2.9051042425,0.1486127569,-2.5689461194,-35.7024360230,0.0226635175,0.5194265252,0.9357277710,0.0000000000,0.1611595156,0.1193942120,0.0000000000,-0.0131893201,1.0000000000,0.1611595156,33.8434982744,2.703,1.000000,61.5638456396,4,0.3796261846
9.483418,2.4942311283,2.4190877025,-3.1304748949,-0.0170382187,0.0751888040,-3.1134366762,0.1486127569,-2.8322519766,-31.5967028604,0.0135608438,0.5194265252,0.9357277710,0.0000000000,0.1611595156,0.1279562754,0.0000000000,-0.0131933872,1.0000000000,0.1611595156,33.8434982744,2.189,1.000000,61.5638456396,4,0.3796261846
9.491752,2.4675898836,2.4236896449,-3.2501856419,-0.0073413318,0.0439197910,-3.2428443101,0.1486127569,-3.0216761165,-22.7308967943,0.0093859714,0.5194265252,0.9357277710,0.0000000000,0.1611595156,0.1332746809,0.0000000000,-0.0131949681,0.3614824624,0.1611595156,33.8434982744,1.676,1.000000,61.5638456396,1,0.3796261846
9.500077,2.4403101927,2.4267576064,-3.2898646706,0.0027011974,0.0135453921,-3.2925658680,0.1486127569,-3.1296970936,-12.9625172525,0.0078028905,0.5194265252,0.9357277710,0.0000000000,0.1611595156,0.1353181416,0.0000000000,-0.0131953892,0.0000000000,0.1611595156,33.8434982744,1.163,1.000000,61.5638456396,2,0.3796261846
9.508427,2.4129568332,2.4298255680,-3.2484527327,0.0130810051,-0.0169035737,-3.2615337378,0.1484718938,-3.1572372363,-3.3048171212,0.0078768122,0.5194265252,0.9357277710,0.0000000000,0.1611595156,0.1340427805,0.0000000000,-0.0131949486,0.0000000000,0.1611595156,33.8434982744,0.650,1.000000,61.5638456396,1,0.3796261846
9.516761,2.3863332356,2.4328935296,-3.1270287060,0.0232096424,-0.0466221087,-3.1502383484,0.1480833762,-3.1033402462,6.4676388093,0.0096483839,0.5194265252,0.9357277710,0.0000000000,0.1611595156,0.1294687535,0.0000000000,-0.0131933337,0.4528125487,0.1611595156,33.8434982744,0.137,1.000000,61.5638456396,1,0.3796261846
9.525146,2.3608994372,2.4359614912,-2.9271721536,0.0330931873,-0.0751501918,-2.9602653410,0.1474571246,-2.9686996814,16.1568677821,0.0140953362,0.5194265252,0.9357277710,0.0000000000,0.1611595156,0.1216612273,0.0000000000,-0.0131892056,1.0000000000,0.1611595156,33.8434982744,-0.376,1.000000,61.5638456396,1,0.3796261846
9.534266,2.3355100779,2.4374954720,-2.6271665823,0.0421572832,-0.1020976725,-2.6693238655,0.1466063107,-2.7302637218,28.6123151555,0.0251022341,0.5194265252,0.9357277710,0.0000000000,0.1611595156,0.1097040907,0.0000000000,-0.0131768788,1.0000000000,0.1611595156,33.8434982744,-0.889,1.000000,61.5638456396,0,0.3796261846
9.541759,2.3169362407,2.4374954720,-2.3222514565,0.0504217591,-0.1206935206,-2.3726732156,0.1456005313,-2.4702315156,31.2038647385,0.0436523700,0.5194265252,0.9357277710,0.0000000000,0.1611595156,0.0975123180,0.0000000000,-0.0131485962,1.0000000000,0.1611595156,33.8434982744,-1.402,1.000000,61.5638456396,0,0.3796261846
9.550080,2.2992092674,2.4359614912,-1.9297325922,0.0579059641,-0.1369064460,-1.9876385563,0.1444596443,-2.1173660448,42.3438564952,0.0836153549,0.5194265252,0.9357277710,0.0000000000,0.1611595156,0.0816881321,0.0000000000,-0.0130541658,1.0000000000,0.1611595156,33.8434982744,-1.915,1.000000,61.5638456396,0,0.3796261846
9.558413,2.2849348756,2.4359614912,-1.4891738420,0.0634682047,-0.1511956519,-1.5526420467,0.1431996805,-1.7109560805,48.7691957135,0.1557093816,0.5194265252,0.9357277710,0.0000000000,0.1611595156,0.0638106099,0.0000000000,-0.0127299511,1.0000000000,0.1611595156,33.8434982744,-2.428,1.000000,61.5638456396,-1,0.3796261846
9.566750,2.2744879119,2.4344275104,-1.0116897690,0.0671549885,-0.1601184538,-1.0788447575,0.1418653601,-1.2555137549,54.6530790815,0.2685013566,0.5194265252,0.9357277710,0.0000000000,0.1611595156,0.0443384501,0.0000000000,-0.0115763346,1.0000000000,0.1611595156,33.8434982744,-2.941,1.000000,61.5638456396,-2,0.3796261846
9.575100,2.2681282932,2.4328935296,-0.5085414460,0.0695919850,-0.1649505822,-0.5781334310,0.1404907719,-0.7653430011,58.8204904563,0.4068682256,0.5194265252,0.9357277710,0.0000000000,0.1611595156,0.0237601751,0.0000000000,-0.0078508219,1.0000000000,0.1611595156,33.8434982744,-3.454,1.000000,61.5638456396,-3,0.3796261846
9.583419,2.2660307360,2.4298255680,0.0053143288,0.0696488620,-0.1639803293,-0.0643345332,0.1391242691,-0.2509403683,61.7283159340,0.5244698954,0.5194265252,0.9360790107,0.0421487681,0.0899831008,0.0026440259,0.0000000000,0.0000944905,1.0000000000,0.1611595156,18.8964511772,-3.967,1.000000,61.5638456396,-2,0.3791599315
9.591676,2.2681839008,2.4267576064,0.5151962189,0.0679635009,-0.1587547143,0.4472327180,0.1378013132,0.2694382975,62.4454398965,0.5630057695,0.5195687500,0.9365072551,0.0513893314,-0.1095496517,-0.0183804069,-0.0000000000,0.0079268783,1.0000000000,0.1611595156,-23.0054268491,-3.454,1.000000,61.5638456396,-3,0.3802180563
9.600085,2.2746598702,2.4221556641,1.0216649968,0.0651583475,-0.1476693316,0.9565066493,0.1378013132,0.7999890738,63.6660931462,0.5073492864,0.5197417636,0.9365072551,0.0000000000,-0.1611595156,-0.0393105886,-0.0000000000,0.0116167874,1.0000000000,0.1611595156,-33.8434982744,-2.941,1.000000,61.5638456396,-2,0.3802180563
9.608420,2.2851830172,2.4175537217,1.4983521598,0.0600999239,-0.1325307700,1.4382522359,0.1378013132,1.3107910163,61.2962331027,0.3861357040,0.5197417636,0.9365072551,0.0000000000,-0.1611595156,-0.0591094081,-0.0000000000,0.0127412119,1.0000000000,0.1611595156,-33.8434982744,-2.428,1.000000,61.5638456396,-3,0.3802180563
9.616764,2.2995512717,2.4129517793,1.9386025729,0.0534230421,-0.1135427904,1.8851795308,0.1378013132,1.7941630879,58.0046485898,0.2578822061,0.5197417636,0.9365072551,0.0000000000,-0.1611595156,-0.0774772627,-0.0000000000,0.0130575705,1.0000000000,0.1611595156,-33.8434982744,-1.915,1.000000,61.5638456396,-2,0.3802180563
9.625146,2.3174897223,2.4068158562,2.3326737544,0.0451668654,-0.0894464278,2.2875068889,0.1378013132,2.2427400507,53.8292355436,0.1580820987,0.5197417636,0.9365072551,0.0000000000,-0.1611595156,-0.0940121454,-0.0000000000,0.0131499926,1.0000000000,0.1611595156,-33.8434982744,-1.402,1.000000,61.5638456396,-1,0.3802180563
9.633690,2.3389268927,2.4006799330,2.6744959660,0.0353696096,-0.0618472410,2.6391263564,0.1378013132,2.6473323049,48.5510705025,0.0930955092,0.5197417636,0.9365072551,0.0000000000,-0.1611595156,-0.1084630310,-0.0000000000,0.0131795399,0.9121792591,0.1611595156,-33.8434982744,-0.889,1.000000,61.5638456396,-1,0.3802180563
9.641749,2.3615693801,2.3960779907,2.9336160135,0.0240685657,-0.0345727129,2.9095474479,0.1378013132,2.9701030462,38.7324889510,0.0578072390,0.5197417636,0.9365072551,0.0000000000,-0.1611595156,-0.1195768192,-0.0000000000,0.0131893762,0.0967605724,0.1611595156,-33.8434982744,-0.376,1.000000,61.5638456396,-1,0.3802180563
9.650088,2.3869065808,2.3899420675,3.1305409286,0.0118804095,-0.0030671281,3.1186605191,0.1378013132,3.2396866901,32.3500372774,0.0379554518,0.5197417636,0.9365072551,0.0000000000,-0.1611595156,-0.1281709653,-0.0000000000,0.0131933882,0.0000000000,0.1611595156,-33.8434982744,0.137,1.000000,61.5638456396,-1,0.3802180563
9.658425,2.4135587708,2.3853401252,3.2502499857,-0.0011733926,0.0282217707,3.2514233784,0.1380364946,3.4327208224,23.1640958670,0.0279705779,0.5197417636,0.9365072551,0.0000000000,-0.1611595156,-0.1336272641,-0.0000000000,0.0131949688,0.0063644667,0.1611595156,-33.8434982744,0.650,1.000000,61.5638456396,-1,0.3802180563
9.666777,2.4409273102,2.3822721636,3.2898609838,-0.0144916065,0.0586937425,3.3043525903,0.1385256091,3.5445871985,13.4239651342,0.0238660005,0.5197417636,0.9365072551,0.0000000000,-0.1611595156,-0.1358025532,-0.0000000000,0.0131953892,0.8382717866,0.1611595156,-33.8434982744,1.163,1.000000,61.5638456396,1,0.3802180563
9.675083,2.4681360425,2.3807381828,3.2485553054,-0.0274875466,0.0874710679,3.2760428520,0.1392545347,3.5721828502,3.3114782029,0.0239964640,0.5197417636,0.9365072551,0.0000000000,-0.1611595156,-0.1346390773,-0.0000000000,0.0131949498,1.0000000000,0.1611595156,-33.8434982744,1.676,1.000000,61.5638456396,1,0.3802180563
9.683419,2.4947635183,2.3807381828,3.1272142018,-0.0395887241,0.1141307730,3.1668029258,0.1402056245,3.5149884474,-6.8633283371,0.0284765494,0.5197417636,0.9365072551,0.0000000000,-0.1611595156,-0.1301495259,-0.0000000000,0.0131933366,1.0000000000,0.1611595156,-33.8434982744,2.189,1.000000,61.5638456396,2,0.3802180563
9.691755,2.5200579851,2.3807381828,2.9288084454,-0.0502365030,0.1394535982,2.9790449484,0.1413677378,3.3769043887,-16.5700870358,0.0392292379,0.5197417636,0.9365072551,0.0000000000,-0.1611595156,-0.1224330331,-0.0000000000,0.0131892492,1.0000000000,0.1611595156,-33.8434982744,2.703,1.000000,61.5638456396,2,0.3802180563
9.700074,2.5433474639,2.3807381828,2.6588690141,-0.0594660527,0.1627676584,2.7183350668,0.1427241349,3.1621918143,-25.7655089270,0.0607215594,0.5197417636,0.9365072551,0.0000000000,-0.1611595156,-0.1117183571,-0.0000000000,0.0131786985,1.0000000000,0.1611595156,-33.8434982744,3.216,1.000000,61.5638456396,3,0.3802180563
9.708417,2.5641723032,2.3822721636,2.3225979880,-0.0661511169,0.1820763213,2.3887491049,0.1442414376,2.8710635507,-34.9353916416,0.1015333226,0.5197417636,0.9365072551,0.0000000000,-0.1611595156,-0.0981730062,-0.0000000000,0.0131486433,1.0000000000,0.1611595156,-33.8434982744,3.729,1.000000,61.5638456396,2,0.3802180563
9.716759,2.5819421096,2.3822721636,1.9290945253,-0.0709335542,0.1998588649,2.0000280796,0.1459069282,2.5180075295,-42.3667225413,0.1728178558,0.5197417636,0.9365072551,0.0000000000,-0.1611595156,-0.0821973177,-0.0000000000,0.0130539178,1.0000000000,0.1611595156,-33.8434982744,4.242,1.000000,61.5638456396,2,0.3802180563
9.725098,2.5962190084,2.3838061444,1.4881702296,-0.0732791171,0.2126080299,1.5614493468,0.1476786617,2.1055307814,-49.4972097724,0.2833214488,0.5197417636,0.9365072551,0.0000000000,-0.1611595156,-0.0641725731,-0.0000000000,0.0127287034,1.0000000000,0.1611595156,-33.8434982744,4.755,1.000000,61.5638456396,2,0.3802180563
9.733654,2.6068773812,2.3853401252,0.9976763470,-0.0732467730,0.2217323358,1.0709231200,0.1495264312,1.6342191563,-56.5573950159,0.4267352810,0.5197417636,0.9365072551,0.0000000000,-0.1611595156,-0.0440128860,-0.0000000000,0.0115178713,1.0000000000,0.1611595156,-33.8434982744,5.268,1.000000,61.5638456396,5,0.3802180563
9.741764,2.6129973589,2.3868741060,0.5086877924,-0.0720546370,0.2263151577,0.5807424294,0.1514123908,1.1545714952,-57.5577193290,0.5488650965,0.5197417636,0.9365072551,0.0000000000,-0.1611595156,-0.0238673999,-0.0000000000,0.0078525032,1.0000000000,0.1611595156,-33.8434982744,5.781,1.000000,61.5638456396,4,0.3802180563
9.750090,2.6150961093,2.3899420675,-0.0055623994,-0.0697307737,0.2253397572,0.0641683743,0.1532902222,0.6378547517,-62.0060092181,0.5997723226,0.5197417636,0.9365072551,0.0000000000,-0.1611595156,-0.0026371971,-0.0000000000,-0.0000989011,1.0000000000,0.1611595156,-33.8434982744,6.294,1.000000,61.5638456396,7,0.3802180563
9.758413,2.6129062520,2.3930100291,-0.5195420793,-0.0663025686,0.2200728080,-0.4532395107,0.1551241622,0.1120267261,-63.0993630742,0.5443891264,0.5197417636,0.9365793396,0.0086501375,-0.0294806638,0.0186272745,0.0000000000,-0.0079761067,1.0000000000,0.1611595156,-6.1909393992,5.781,1.000000,61.5638456396,6,0.3747258536
9.767423,2.6057686608,2.3960779907,-1.0611102749,-0.0617967445,0.2098552548,-0.9993135304,0.1568729560,-0.4520478462,-67.6889486692,0.3942419513,0.5197708438,0.9374973824,0.1101651380,0.1559715929,0.0410698693,0.0000000000,-0.0117676704,1.0000000000,0.1611595156,32.7540345063,5.268,1.000000,61.5638456396,6,0.3836603200
9.775153,2.5958439217,2.3991459523,-1.5020283715,-0.0562393777,0.1968477530,-1.4457889938,0.1568729560,-0.9234893937,-56.5729857027,0.2677807956,0.5201401292,0.9374973824,0.0000000000,0.1611595156,0.0594191544,0.0000000000,-0.0127456473,1.0000000000,0.1611595156,33.8434982744,4.755,1.000000,61.5638456396,5,0.3836603200
9.783422,2.5815919276,2.4022139138,-1.9381804021,-0.0496559132,0.1795102634,-1.8885244889,0.1568729560,-1.3995017801,-57.1214863705,0.1535382660,0.5201401292,0.9374973824,0.0000000000,0.1611595156,0.0776147340,0.0000000000,-0.0130574103,1.0000000000,0.1611595156,33.8434982744,4.242,1.000000,61.5638456396,5,0.3836603200
9.791747,2.5637908770,2.4068158562,-2.3297882720,-0.0420711807,0.1570870699,-2.2877170913,0.1568729560,-1.8417325727,-53.0676951107,0.0812461624,0.5201401292,0.9374973824,0.0000000000,0.1611595156,0.0940207843,0.0000000000,-0.0131496099,1.0000000000,0.1611595156,33.8434982744,3.729,1.000000,61.5638456396,3,0.3836603200
9.800086,2.5429222496,2.4098838178,-2.6646909093,-0.0340896961,0.1331292236,-2.6306012132,0.1568729560,-2.2306004366,-46.6641436719,0.0424399493,0.5201401292,0.9374973824,0.0000000000,0.1611595156,0.1081126640,0.0000000000,-0.0131790161,1.0000000000,0.1611595156,33.8434982744,3.216,1.000000,61.5638456396,2,0.3836603200
9.808427,2.5195252145,2.4144857601,-2.9339246973,-0.0251407726,0.1051064124,-2.9087839247,0.1568729560,-2.5625690230,-39.8362303675,0.0230330126,0.5201401292,0.9374973824,0.0000000000,0.1611595156,0.1195454398,0.0000000000,-0.0131893843,1.0000000000,0.1611595156,33.8434982744,2.703,1.000000,61.5638456396,2,0.3836603200
9.816760,2.4942048671,2.4175537217,-3.1306348146,-0.0158281076,0.0766933007,-3.1148067070,0.1568729560,-2.8231268073,-31.2669341187,0.0138713356,0.5201401292,0.9374973824,0.0000000000,0.1611595156,0.1280125810,0.0000000000,-0.0131933896,1.0000000000,0.1611595156,33.8434982744,2.189,1.000000,61.5638456396,2,0.3836603200
9.825096,2.4675549738,2.4221556641,-3.2502887142,-0.0061605029,0.0454157172,-3.2441282113,0.1568729560,-3.0124812677,-22.7225352364,0.0096110635,0.5201401292,0.9374973824,0.0000000000,0.1611595156,0.1333274468,0.0000000000,-0.0131949692,0.4116912167,0.1611595156,33.8434982744,1.676,1.000000,61.5638456396,3,0.3836603200
9.833906,2.4386799164,2.4252236256,-3.2896765557,0.0038534527,0.0134460278,-3.2935300084,0.1568729560,-3.1232444214,-13.2915784476,0.0079748404,0.5201401292,0.9374973824,0.0000000000,0.1611595156,0.1353577659,0.0000000000,-0.0131953874,0.0000000000,0.1611595156,33.8434982744,1.163,1.000000,61.5638456396,2,0.3836603200
9.841921,2.4124359452,2.4282915872,-3.2468646718,0.0136250908,-0.0158919300,-3.2604897626,0.1567405233,-3.1466362594,-2.8070205625,0.0081092266,0.5201401292,0.9374973824,0.0000000000,0.1611595156,0.1339998751,0.0000000000,-0.0131949308,0.0000000000,0.1611595156,33.8434982744,0.650,1.000000,61.5638456396,1,0.3836603200
9.850082,2.3863737145,2.4313595488,-3.1272780282,0.0231602751,-0.0450475175,-3.1504383033,0.1563651273,-3.0928906154,6.4494772749,0.0099119811,0.5201401292,0.9374973824,0.0000000000,0.1611595156,0.1294769713,0.0000000000,-0.0131933376,0.3992370532,0.1611595156,33.8434982744,0.137,1.000000,61.5638456396,1,0.3836603200
9.858415,2.3610869435,2.4344275104,-2.9289826023,0.0324647273,-0.0734270309,-2.9614473297,0.1557532354,-2.9589337005,16.0748297902,0.0144429711,0.5201401292,0.9374973824,0.0000000000,0.1611595156,0.1217098048,0.0000000000,-0.0131892539,1.0000000000,0.1611595156,33.8434982744,-0.376,1.000000,61.5638456396,3,0.3836603200
9.867147,2.3367006718,2.4359614912,-2.6439328598,0.0415440307,-0.0993714644,-2.6854768905,0.1549251398,-2.7335226448,27.0493266840,0.0249539881,0.5201401292,0.9374973824,0.0000000000,0.1611595156,0.1103679491,0.0000000000,-0.0131778605,1.0000000000,0.1611595156,33.8434982744,-0.889,1.000000,61.5638456396,0,0.3836603200
9.875092,2.3169360696,2.4359614912,-2.3222482206,0.0498233460,-0.1191581171,-2.3720715666,0.1539321555,-2.4590095638,32.9415697191,0.0447659622,0.5201401292,0.9374973824,0.0000000000,0.1611595156,0.0974875914,0.0000000000,-0.0131485958,1.0000000000,0.1611595156,33.8434982744,-1.402,1.000000,61.5638456396,0,0.3836603200
9.883422,2.2991922247,2.4359614912,-1.9292889541,0.0567417441,-0.1369203880,-1.9860306982,0.1527911523,-2.1081117433,42.1077384621,0.0853405775,0.5201401292,0.9374973824,0.0000000000,0.1611595156,0.0816220522,0.0000000000,-0.0130539934,1.0000000000,0.1611595156,33.8434982744,-1.915,1.000000,61.5638456396,0,0.3836603200
9.891756,2.2849209234,2.4328935296,-1.4886556609,0.0617518692,-0.1481370713,-1.5504075301,0.1515566767,-1.6951543680,49.5548850351,0.1599589619,0.5201401292,0.9374973824,0.0000000000,0.1611595156,0.0637187756,0.0000000000,-0.0127293073,1.0000000000,0.1611595156,33.8434982744,-2.428,1.000000,61.5638456396,-1,0.3836603200
9.900084,2.2744880438,2.4328935296,-1.0116974596,0.0654801848,-0.1585798806,-1.0771776444,0.1502351777,-1.2431850796,54.2363146153,0.2737313504,0.5201401292,0.9374973824,0.0000000000,0.1611595156,0.0442699350,0.0000000000,-0.0115763661,1.0000000000,0.1611595156,33.8434982744,-2.941,1.000000,61.5638456396,-2,0.3836603200
9.908425,2.2681323637,2.4313595488,-0.5090315982,0.0673774209,-0.1634066329,-0.5764090191,0.1488734557,-0.7529348585,58.8300265307,0.4134918589,0.5201401292,0.9374973824,0.0000000000,0.1611595156,0.0236893050,0.0000000000,-0.0078564516,1.0000000000,0.1611595156,33.8434982744,-3.454,1.000000,61.5638456396,-1,0.3836603200
9.916763,2.2660307939,2.4282915872,0.0059516722,0.0674878859,-0.1624405353,-0.0615362136,0.1475197846,-0.2374544758,61.8576459215,0.5313910491,0.5201401292,0.9378151364,0.0381304768,0.0861590257,0.0025290203,0.0000000000,0.0001058222,1.0000000000,0.1611595156,18.0933953916,-3.967,1.000000,61.5638456396,-3,0.3824751928
9.925097,2.2682295812,2.4252236256,0.5205977532,0.0658548160,-0.1571694370,0.4547429372,0.1462100393,0.2877355552,63.0228037255,0.5671027351,0.5202674837,0.9383063456,0.0589451000,-0.1172823128,-0.0186890625,-0.0000000000,0.0079880127,1.0000000000,0.1611595156,-24.6292856808,-3.454,1.000000,61.5638456396,-4,0.3845627865
9.933528,2.2747720379,2.4206216833,1.0281141383,0.0625204012,-0.1460161574,0.9655937372,0.1462100393,0.8199935187,63.8709556178,0.5095293016,0.5204638891,0.9383063456,0.0000000000,-0.1611595156,-0.0396840504,-0.0000000000,0.0116424363,1.0000000000,0.1611595156,-33.8434982744,-2.941,1.000000,61.5638456396,-2,0.3845627865
9.941846,2.2853215993,2.4160197409,1.5034473488,0.0575258106,-0.1308513514,1.4459215382,0.1462100393,1.3294280482,61.1321435375,0.3860740836,0.5204638891,0.9383063456,0.0000000000,-0.1611595156,-0.0594246017,-0.0000000000,0.0127473481,1.0000000000,0.1611595156,-33.8434982744,-2.428,1.000000,61.5638456396,-2,0.3845627865
9.950080,2.2995179287,2.4114177986,1.9377405422,0.0509112171,-0.1120354628,1.8868293251,0.1462100393,1.8064503070,57.2426710540,0.2583054052,0.5204638891,0.9383063456,0.0000000000,-0.1611595156,-0.0775450660,-0.0000000000,0.0130572432,1.0000000000,0.1611595156,-33.8434982744,-1.915,1.000000,61.5638456396,-1,0.3845627865
9.958414,2.3173372839,2.4068158562,2.3298125862,0.0427158215,-0.0895923383,2.2870967648,0.1462100393,2.2497941916,53.2012661521,0.1584347399,0.5204638891,0.9383063456,0.0000000000,-0.1611595156,-0.0939952900,-0.0000000000,0.0131496132,1.0000000000,0.1611595156,-33.8434982744,-1.402,1.000000,61.5638456396,-2,0.3845627865
9.967511,2.3402364754,2.3991459523,2.6920071967,0.0329778760,-0.0589973076,2.6590293207,0.1462100393,2.6804496387,51.6786536501,0.0900558989,0.5204638891,0.9383063456,0.0000000000,-0.1611595156,-0.1092810047,-0.0000000000,0.0131804417,0.8461267749,0.1611595156,-33.8434982744,-0.889,1.000000,61.5638456396,-1,0.3845627865
9.975168,2.3618190021,2.3945440099,2.9359995031,0.0223149944,-0.0327844398,2.9136845087,0.1462100393,2.9854167678,36.5960554956,0.0572636541,0.5204638891,0.9383063456,0.0000000000,-0.1611595156,-0.1197468444,-0.0000000000,0.0131894386,0.0617973717,0.1611595156,-33.8434982744,-0.376,1.000000,61.5638456396,-1,0.3845627865
9.983426,2.3869185792,2.3884080867,3.1306139886,0.0101692711,-0.0015165915,3.1204447176,0.1462100393,3.2521912471,32.0129375118,0.0377110718,0.5204638891,0.9383063456,0.0000000000,-0.1611595156,-0.1282442924,-0.0000000000,0.0131933893,0.0000000000,0.1611595156,-33.8434982744,0.137,1.000000,61.5638456396,-1,0.3845627865
9.991744,2.4135126659,2.3838061444,3.2501137625,-0.0028431250,0.0297140937,3.2529568875,0.1464576567,3.4448744104,23.1219795989,0.0277778297,0.5204638891,0.9383063456,0.0000000000,-0.1611595156,-0.1336902884,-0.0000000000,0.0131949673,0.0186187171,0.1611595156,-33.8434982744,0.650,1.000000,61.5638456396,-1,0.3845627865
