trial_number,repeat,ok,score,samples,duration_s,mean_abs_e_deg,rms_e_deg,p95_abs_e_deg,max_abs_e_deg,span_ratio,sat_ratio,effort_ratio,u_activity_ratio,zeta_abs_max,zeta_start,zeta_end,zeta_growth,zeta_dot_mean,zeta_dot_p95,zeta_dot_abs_max,low_speed_frac,low_speed_qd_rms_deg_s,low_speed_sign_rate_hz,step_settle_segments,step_settle_pp_deg,step_settle_std_deg,step_settle_extrema_rate_hz,hold_segments,hold_mean_abs_e_deg,hold_p95_abs_e_deg,hold_max_abs_e_deg,upstep_segments,upstep_hold_mean_abs_e_deg,upstep_hold_p95_abs_e_deg,upstep_peak_shortfall_deg,upstep_peak_overshoot_deg,tail_mean_abs_e_deg,tail_p95_abs_e_deg,tail_max_abs_e_deg,tail_sat_ratio,returncode,elapsed_s,csv_path,error,params_json
0,1,0.0,1000000.0,0.0,0.0,inf,inf,inf,inf,0.0,1.0,1.0,0.0,0.0,0.0,0.0,0.0,0.0,0.0,0.0,0.0,0.0,0.0,0.0,0.0,0.0,0.0,0.0,0.0,0.0,0.0,0.0,0.0,0.0,0.0,0.0,inf,inf,inf,1.0,1,7.438713161999885,/tmp/nussbaum_sine_3hz_hard_runs/optuna_t0000_r01.csv,[DBG] t=   5.00s e=  4.75deg u=-0.2834 u_aux=-0.1784 u_rob=-0.0000 u_fric= 0.0041 ta=1.00 cmd=  -0.12 slewB=1.00 raw q= 133.86deg | [DBG] t=   6.00s e= -5.81deg u= 0.2834 u_aux=-0.1553 u_rob=-0.0000 u_fric= 0.0041 ta=1.00 cmd=  -9.12 slewB=1.00 raw q= 144.32deg | [ERROR] q guard hit: |q-q_center|=35.16 deg > 35.00,"{""alpha"": 7.1072835468, ""amplitude_deg"": 10.0, ""baudrate"": 1000000.0, ""command_sign"": -1.0, ""control_output_scale"": 1.0, ""current_bias_raw"": 2.3365355419552283, ""current_limit_raw"": 0.0, ""default_mode"": 3.0, ""device"": ""/dev/ttyAMA0"", ""disable_anti_windup"": false, ""disable_freeze_nn_on_saturation"": false, ""disable_freeze_zeta_on_saturation"": false, ""disturb_interval_sec"": 30.0, ""disturb_jitter_sec"": 3.0, ""disturb_mode"": ""mixed"", ""disturb_seed"": -1.0, ""disturbance_placement"": ""mid_move"", ""duration"": 10.0, ""dxl_id"": 6.0, ""enable_disturbance"": false, ""frequency_hz"": 3.0, ""fric_coulomb"": 0.004076901039695886, ""fric_vel_scale"": 0.26850118420504226, ""gamma_adapt"": 8.7187500403, ""gamma_link"": 0.8788966853708695, ""integral_limit"": 1.6504936083, ""k_delta"": 0.1008762817841166, ""max_abs_e_dot"": 6.0, ""max_control"": 0.2833964727869343, ""max_current_raw"": 88.0, ""max_current_slew"": 184.30951767013, ""mid_disturbance_offset_sec"": 0.0, ""no_set_current_mode"": false, ""predict_horizon_sec"": 0.003330053105854939, ""pulse_current_raw_max"": 12.0, ""pulse_current_raw_min"": 4.0, ""pulse_duration_max"": 0.6, ""pulse_duration_min"": 0.15, ""q_abs_guard_deg"": 35.0, ""qd_lpf_alpha"": 0.13969210480513813, ""rate"": 120.0, ""rbf_center_max"": 3.2, ""rbf_center_min"": -3.2, ""rbf_nodes"": 11.0, ""rbf_width"": 1.4631904539, ""ref_jump_deg_max"": 8.0, ""ref_jump_deg_min"": 2.0, ""ref_jump_duration_max"": 0.6, ""ref_jump_duration_min"": 0.15, ""reference_shape"": ""sine"", ""reset_zeta_after_motion"": false, ""reset_zeta_on_segment"": false, ""restore_mode"": false, ""sigma_mod"": 0.2460708825, ""sine_center_mode"": ""lock"", ""soft_start_sec"": 0.7, ""step_absolute_target_deg"": null, ""step_absolute_target_rad"": null, ""step_delta_deg"": 40.0, ""step_ramp_sec"": 1.0, ""step_segment_sec"": 1.5, ""step_sequence_deg"": """", ""step_shape"": ""smoothstep"", ""step_start_sec"": 0.0, ""tail_err_full_deg"": 4.0, ""tail_err_thresh_deg"": 1.5, ""tail_kd"": 0.04920116934942254, ""tail_kp"": 0.0, ""tail_max_control_boost"": 0.0, ""tail_u_max"": 0.0, ""torque_to_current"": 210.0, ""zeta0"": 0.885692967, ""zeta_leak"": 0.0237735451, ""zeta_reset_delay_sec"": 0.0, ""zeta_reset_value"": null, ""zeta_soft"": 0.989185316}"
1,1,0.0,1000000.0,0.0,0.0,inf,inf,inf,inf,0.0,1.0,1.0,0.0,0.0,0.0,0.0,0.0,0.0,0.0,0.0,0.0,0.0,0.0,0.0,0.0,0.0,0.0,0.0,0.0,0.0,0.0,0.0,0.0,0.0,0.0,0.0,inf,inf,inf,1.0,1,2.20600059100002,/tmp/nussbaum_sine_3hz_hard_runs/optuna_t0001_r01.csv,[INFO] center locked at 2.41909 rad (138.60 deg) | [DBG] t=   0.00s e=  0.00deg u=-0.0012 u_aux=-0.0011 u_rob=-0.0000 u_fric= 0.0000 ta=0.00 cmd=   1.44 slewB=1.00 raw q= 138.60deg | [ERROR] q guard hit: |q-q_center|=36.21 deg > 35.00,"{""alpha"": 7.1072835468, ""amplitude_deg"": 10.0, ""baudrate"": 1000000.0, ""command_sign"": -1.0, ""control_output_scale"": 1.0, ""current_bias_raw"": 1.1836596832997857, ""current_limit_raw"": 0.0, ""default_mode"": 3.0, ""device"": ""/dev/ttyAMA0"", ""disable_anti_windup"": false, ""disable_freeze_nn_on_saturation"": false, ""disable_freeze_zeta_on_saturation"": false, ""disturb_interval_sec"": 30.0, ""disturb_jitter_sec"": 3.0, ""disturb_mode"": ""mixed"", ""disturb_seed"": -1.0, ""disturbance_placement"": ""mid_move"", ""duration"": 10.0, ""dxl_id"": 6.0, ""enable_disturbance"": false, ""frequency_hz"": 3.0, ""fric_coulomb"": 0.0017900246464745773, ""fric_vel_scale"": 1.358098473721489, ""gamma_adapt"": 8.7187500403, ""gamma_link"": 1.0854415874424317, ""integral_limit"": 1.6504936083, ""k_delta"": 0.1019439693084102, ""max_abs_e_dot"": 6.0, ""max_control"": 0.3958871812997785, ""max_current_raw"": 63.0, ""max_current_slew"": 270.2148944239649, ""mid_disturbance_offset_sec"": 0.0, ""no_set_current_mode"": false, ""predict_horizon_sec"": 0.00027803516975252583, ""pulse_current_raw_max"": 12.0, ""pulse_current_raw_min"": 4.0, ""pulse_duration_max"": 0.6, ""pulse_duration_min"": 0.15, ""q_abs_guard_deg"": 35.0, ""qd_lpf_alpha"": 0.08457680710572053, ""rate"": 120.0, ""rbf_center_max"": 3.2, ""rbf_center_min"": -3.2, ""rbf_nodes"": 11.0, ""rbf_width"": 1.4631904539, ""ref_jump_deg_max"": 8.0, ""ref_jump_deg_min"": 2.0, ""ref_jump_duration_max"": 0.6, ""ref_jump_duration_min"": 0.15, ""reference_shape"": ""sine"", ""reset_zeta_after_motion"": false, ""reset_zeta_on_segment"": false, ""restore_mode"": false, ""sigma_mod"": 0.2460708825, ""sine_center_mode"": ""lock"", ""soft_start_sec"": 0.7, ""step_absolute_target_deg"": null, ""step_absolute_target_rad"": null, ""step_delta_deg"": 40.0, ""step_ramp_sec"": 1.0, ""step_segment_sec"": 1.5, ""step_sequence_deg"": """", ""step_shape"": ""smoothstep"", ""step_start_sec"": 0.0, ""tail_err_full_deg"": 4.0, ""tail_err_thresh_deg"": 1.5, ""tail_kd"": 0.04704272484546085, ""tail_kp"": 0.0, ""tail_max_control_boost"": 0.0, ""tail_u_max"": 0.0, ""torque_to_current"": 210.0, ""zeta0"": 0.885692967, ""zeta_leak"": 0.0237735451, ""zeta_reset_delay_sec"": 0.0, ""zeta_reset_value"": null, ""zeta_soft"": 0.989185316}"
2,1,0.0,1000000.0,0.0,0.0,inf,inf,inf,inf,0.0,1.0,1.0,0.0,0.0,0.0,0.0,0.0,0.0,0.0,0.0,0.0,0.0,0.0,0.0,0.0,0.0,0.0,0.0,0.0,0.0,0.0,0.0,0.0,0.0,0.0,0.0,inf,inf,inf,1.0,1,9.771398382999905,/tmp/nussbaum_sine_3hz_hard_runs/optuna_t0002_r01.csv,[DBG] t=   7.00s e=  1.18deg u=-0.2238 u_aux=-0.2429 u_rob=-0.0000 u_fric= 0.0076 ta=0.00 cmd=   1.75 slewB=1.00 raw q= 137.46deg | [DBG] t=   8.00s e=  0.65deg u=-0.2007 u_aux=-0.2418 u_rob=-0.0000 u_fric= 0.0076 ta=0.00 cmd=   1.75 slewB=1.00 raw q= 137.99deg | [ERROR] q guard hit: |q-q_center|=35.33 deg > 35.00,"{""alpha"": 7.1072835468, ""amplitude_deg"": 10.0, ""baudrate"": 1000000.0, ""command_sign"": -1.0, ""control_output_scale"": 1.0, ""current_bias_raw"": -1.2858291980064225, ""current_limit_raw"": 0.0, ""default_mode"": 3.0, ""device"": ""/dev/ttyAMA0"", ""disable_anti_windup"": false, ""disable_freeze_nn_on_saturation"": false, ""disable_freeze_zeta_on_saturation"": false, ""disturb_interval_sec"": 30.0, ""disturb_jitter_sec"": 3.0, ""disturb_mode"": ""mixed"", ""disturb_seed"": -1.0, ""disturbance_placement"": ""mid_move"", ""duration"": 10.0, ""dxl_id"": 6.0, ""enable_disturbance"": false, ""frequency_hz"": 3.0, ""fric_coulomb"": 0.0076898105912588475, ""fric_vel_scale"": 1.22307248789595, ""gamma_adapt"": 8.7187500403, ""gamma_link"": 0.749767583879647, ""integral_limit"": 1.6504936083, ""k_delta"": 0.05762816332057287, ""max_abs_e_dot"": 6.0, ""max_control"": 0.22382187859762517, ""max_current_raw"": 45.0, ""max_current_slew"": 174.87646568069158, ""mid_disturbance_offset_sec"": 0.0, ""no_set_current_mode"": false, ""predict_horizon_sec"": 0.00012907581828940006, ""pulse_current_raw_max"": 12.0, ""pulse_current_raw_min"": 4.0, ""pulse_duration_max"": 0.6, ""pulse_duration_min"": 0.15, ""q_abs_guard_deg"": 35.0, ""qd_lpf_alpha"": 0.10071060056361608, ""rate"": 120.0, ""rbf_center_max"": 3.2, ""rbf_center_min"": -3.2, ""rbf_nodes"": 11.0, ""rbf_width"": 1.4631904539, ""ref_jump_deg_max"": 8.0, ""ref_jump_deg_min"": 2.0, ""ref_jump_duration_max"": 0.6, ""ref_jump_duration_min"": 0.15, ""reference_shape"": ""sine"", ""reset_zeta_after_motion"": false, ""reset_zeta_on_segment"": false, ""restore_mode"": false, ""sigma_mod"": 0.2460708825, ""sine_center_mode"": ""lock"", ""soft_start_sec"": 0.7, ""step_absolute_target_deg"": null, ""step_absolute_target_rad"": null, ""step_delta_deg"": 40.0, ""step_ramp_sec"": 1.0, ""step_segment_sec"": 1.5, ""step_sequence_deg"": """", ""step_shape"": ""smoothstep"", ""step_start_sec"": 0.0, ""tail_err_full_deg"": 4.0, ""tail_err_thresh_deg"": 1.5, ""tail_kd"": 0.07184740922633279, ""tail_kp"": 0.0, ""tail_max_control_boost"": 0.0, ""tail_u_max"": 0.0, ""torque_to_current"": 210.0, ""zeta0"": 0.885692967, ""zeta_leak"": 0.0237735451, ""zeta_reset_delay_sec"": 0.0, ""zeta_reset_value"": null, ""zeta_soft"": 0.989185316}"
3,1,0.0,1000000.0,0.0,0.0,inf,inf,inf,inf,0.0,1.0,1.0,0.0,0.0,0.0,0.0,0.0,0.0,0.0,0.0,0.0,0.0,0.0,0.0,0.0,0.0,0.0,0.0,0.0,0.0,0.0,0.0,0.0,0.0,0.0,0.0,inf,inf,inf,1.0,1,2.4975333319998754,/tmp/nussbaum_sine_3hz_hard_runs/optuna_t0003_r01.csv,[DBG] t=   0.00s e=  0.00deg u=-0.0000 u_aux=-0.0000 u_rob=-0.0000 u_fric= 0.0000 ta=0.00 cmd=   2.45 slewB=1.00 raw q= 138.52deg | [DBG] t=   1.00s e= 20.56deg u=-0.1901 u_aux=-0.0680 u_rob=-0.0000 u_fric= 0.0026 ta=1.00 cmd= -11.82 slewB=1.00 raw q= 118.04deg | [ERROR] q guard hit: |q-q_center|=35.77 deg > 35.00,"{""alpha"": 7.1072835468, ""amplitude_deg"": 10.0, ""baudrate"": 1000000.0, ""command_sign"": -1.0, ""control_output_scale"": 1.0, ""current_bias_raw"": 2.453303358111494, ""current_limit_raw"": 0.0, ""default_mode"": 3.0, ""device"": ""/dev/ttyAMA0"", ""disable_anti_windup"": false, ""disable_freeze_nn_on_saturation"": false, ""disable_freeze_zeta_on_saturation"": false, ""disturb_interval_sec"": 30.0, ""disturb_jitter_sec"": 3.0, ""disturb_mode"": ""mixed"", ""disturb_seed"": -1.0, ""disturbance_placement"": ""mid_move"", ""duration"": 10.0, ""dxl_id"": 6.0, ""enable_disturbance"": false, ""frequency_hz"": 3.0, ""fric_coulomb"": 0.0026534047857978815, ""fric_vel_scale"": 0.9746597338413447, ""gamma_adapt"": 8.7187500403, ""gamma_link"": 0.9143626748344891, ""integral_limit"": 1.6504936083, ""k_delta"": 0.03608465560418134, ""max_abs_e_dot"": 6.0, ""max_control"": 0.19014716158964057, ""max_current_raw"": 54.0, ""max_current_slew"": 303.6895057554166, ""mid_disturbance_offset_sec"": 0.0, ""no_set_current_mode"": false, ""predict_horizon_sec"": 0.001048775760469923, ""pulse_current_raw_max"": 12.0, ""pulse_current_raw_min"": 4.0, ""pulse_duration_max"": 0.6, ""pulse_duration_min"": 0.15, ""q_abs_guard_deg"": 35.0, ""qd_lpf_alpha"": 0.03114869128627698, ""rate"": 120.0, ""rbf_center_max"": 3.2, ""rbf_center_min"": -3.2, ""rbf_nodes"": 11.0, ""rbf_width"": 1.4631904539, ""ref_jump_deg_max"": 8.0, ""ref_jump_deg_min"": 2.0, ""ref_jump_duration_max"": 0.6, ""ref_jump_duration_min"": 0.15, ""reference_shape"": ""sine"", ""reset_zeta_after_motion"": false, ""reset_zeta_on_segment"": false, ""restore_mode"": false, ""sigma_mod"": 0.2460708825, ""sine_center_mode"": ""lock"", ""soft_start_sec"": 0.7, ""step_absolute_target_deg"": null, ""step_absolute_target_rad"": null, ""step_delta_deg"": 40.0, ""step_ramp_sec"": 1.0, ""step_segment_sec"": 1.5, ""step_sequence_deg"": """", ""step_shape"": ""smoothstep"", ""step_start_sec"": 0.0, ""tail_err_full_deg"": 4.0, ""tail_err_thresh_deg"": 1.5, ""tail_kd"": 0.015307008893195384, ""tail_kp"": 0.0, ""tail_max_control_boost"": 0.0, ""tail_u_max"": 0.0, ""torque_to_current"": 210.0, ""zeta0"": 0.885692967, ""zeta_leak"": 0.0237735451, ""zeta_reset_delay_sec"": 0.0, ""zeta_reset_value"": null, ""zeta_soft"": 0.989185316}"
4,1,0.0,1000000.0,0.0,0.0,inf,inf,inf,inf,0.0,1.0,1.0,0.0,0.0,0.0,0.0,0.0,0.0,0.0,0.0,0.0,0.0,0.0,0.0,0.0,0.0,0.0,0.0,0.0,0.0,0.0,0.0,0.0,0.0,0.0,0.0,inf,inf,inf,1.0,1,4.0578369600000315,/tmp/nussbaum_sine_3hz_hard_runs/optuna_t0004_r01.csv,[DBG] t=   1.00s e= -3.72deg u=-0.3655 u_aux=-0.0625 u_rob=-0.0000 u_fric= 0.0014 ta=0.97 cmd=   4.63 slewB=1.00 raw q= 142.56deg | [DBG] t=   2.00s e=  0.15deg u=-0.3612 u_aux=-0.0722 u_rob=-0.0000 u_fric= 0.0014 ta=0.00 cmd=   3.21 slewB=1.00 raw q= 138.96deg | [ERROR] q guard hit: |q-q_center|=35.33 deg > 35.00,"{""alpha"": 7.1072835468, ""amplitude_deg"": 10.0, ""baudrate"": 1000000.0, ""command_sign"": -1.0, ""control_output_scale"": 1.0, ""current_bias_raw"": -0.8339997073561833, ""current_limit_raw"": 0.0, ""default_mode"": 3.0, ""device"": ""/dev/ttyAMA0"", ""disable_anti_windup"": false, ""disable_freeze_nn_on_saturation"": false, ""disable_freeze_zeta_on_saturation"": false, ""disturb_interval_sec"": 30.0, ""disturb_jitter_sec"": 3.0, ""disturb_mode"": ""mixed"", ""disturb_seed"": -1.0, ""disturbance_placement"": ""mid_move"", ""duration"": 10.0, ""dxl_id"": 6.0, ""enable_disturbance"": false, ""frequency_hz"": 3.0, ""fric_coulomb"": 0.001400560392959731, ""fric_vel_scale"": 1.470980756049649, ""gamma_adapt"": 8.7187500403, ""gamma_link"": 0.7098079518950282, ""integral_limit"": 1.6504936083, ""k_delta"": 0.0401811351956677, ""max_abs_e_dot"": 6.0, ""max_control"": 0.365514024161967, ""max_current_raw"": 79.0, ""max_current_slew"": 85.12375870280715, ""mid_disturbance_offset_sec"": 0.0, ""no_set_current_mode"": false, ""predict_horizon_sec"": 0.0018570887020309353, ""pulse_current_raw_max"": 12.0, ""pulse_current_raw_min"": 4.0, ""pulse_duration_max"": 0.6, ""pulse_duration_min"": 0.15, ""q_abs_guard_deg"": 35.0, ""qd_lpf_alpha"": 0.02057562858085499, ""rate"": 120.0, ""rbf_center_max"": 3.2, ""rbf_center_min"": -3.2, ""rbf_nodes"": 11.0, ""rbf_width"": 1.4631904539, ""ref_jump_deg_max"": 8.0, ""ref_jump_deg_min"": 2.0, ""ref_jump_duration_max"": 0.6, ""ref_jump_duration_min"": 0.15, ""reference_shape"": ""sine"", ""reset_zeta_after_motion"": false, ""reset_zeta_on_segment"": false, ""restore_mode"": false, ""sigma_mod"": 0.2460708825, ""sine_center_mode"": ""lock"", ""soft_start_sec"": 0.7, ""step_absolute_target_deg"": null, ""step_absolute_target_rad"": null, ""step_delta_deg"": 40.0, ""step_ramp_sec"": 1.0, ""step_segment_sec"": 1.5, ""step_sequence_deg"": """", ""step_shape"": ""smoothstep"", ""step_start_sec"": 0.0, ""tail_err_full_deg"": 4.0, ""tail_err_thresh_deg"": 1.5, ""tail_kd"": 0.02198225119135019, ""tail_kp"": 0.0, ""tail_max_control_boost"": 0.0, ""tail_u_max"": 0.0, ""torque_to_current"": 210.0, ""zeta0"": 0.885692967, ""zeta_leak"": 0.0237735451, ""zeta_reset_delay_sec"": 0.0, ""zeta_reset_value"": null, ""zeta_soft"": 0.989185316}"
5,1,1.0,1000006.2111520387,1200.0,9.992179,8.71797430104577,10.070022470411383,15.00124685475968,28.621115203862,0.5387231541963334,0.0,0.08063154629629629,0.9388925656803522,0.9559018437,0.8856929822,0.9559018437,0.07020886149999994,0.007020887669416667,0.05370225362499986,0.2651752719,0.0,0.0,0.0,0.0,0.0,0.0,0.0,0.0,0.0,0.0,0.0,0.0,0.0,0.0,0.0,0.0,8.629812114428889,13.796008761089755,15.298031353964122,0.0,0,11.209284420000131,/tmp/nussbaum_sine_3hz_hard_runs/optuna_t0005_r01.csv,,"{""alpha"": 7.1072835468, ""amplitude_deg"": 10.0, ""baudrate"": 1000000.0, ""command_sign"": -1.0, ""control_output_scale"": 1.0, ""current_bias_raw"": -0.5714663243069102, ""current_limit_raw"": 0.0, ""default_mode"": 3.0, ""device"": ""/dev/ttyAMA0"", ""disable_anti_windup"": false, ""disable_freeze_nn_on_saturation"": false, ""disable_freeze_zeta_on_saturation"": false, ""disturb_interval_sec"": 30.0, ""disturb_jitter_sec"": 3.0, ""disturb_mode"": ""mixed"", ""disturb_seed"": -1.0, ""disturbance_placement"": ""mid_move"", ""duration"": 10.0, ""dxl_id"": 6.0, ""enable_disturbance"": false, ""frequency_hz"": 3.0, ""fric_coulomb"": 0.014547243958541407, ""fric_vel_scale"": 0.20966512875830018, ""gamma_adapt"": 8.7187500403, ""gamma_link"": 1.0777070654629168, ""integral_limit"": 1.6504936083, ""k_delta"": 0.1643446042607058, ""max_abs_e_dot"": 6.0, ""max_control"": 0.18510199126401874, ""max_current_raw"": 90.0, ""max_current_slew"": 164.64481693248928, ""mid_disturbance_offset_sec"": 0.0, ""no_set_current_mode"": false, ""predict_horizon_sec"": 0.0013329655792264257, ""pulse_current_raw_max"": 12.0, ""pulse_current_raw_min"": 4.0, ""pulse_duration_max"": 0.6, ""pulse_duration_min"": 0.15, ""q_abs_guard_deg"": 35.0, ""qd_lpf_alpha"": 0.03439120358281242, ""rate"": 120.0, ""rbf_center_max"": 3.2, ""rbf_center_min"": -3.2, ""rbf_nodes"": 11.0, ""rbf_width"": 1.4631904539, ""ref_jump_deg_max"": 8.0, ""ref_jump_deg_min"": 2.0, ""ref_jump_duration_max"": 0.6, ""ref_jump_duration_min"": 0.15, ""reference_shape"": ""sine"", ""reset_zeta_after_motion"": false, ""reset_zeta_on_segment"": false, ""restore_mode"": false, ""sigma_mod"": 0.2460708825, ""sine_center_mode"": ""lock"", ""soft_start_sec"": 0.7, ""step_absolute_target_deg"": null, ""step_absolute_target_rad"": null, ""step_delta_deg"": 40.0, ""step_ramp_sec"": 1.0, ""step_segment_sec"": 1.5, ""step_sequence_deg"": """", ""step_shape"": ""smoothstep"", ""step_start_sec"": 0.0, ""tail_err_full_deg"": 4.0, ""tail_err_thresh_deg"": 1.5, ""tail_kd"": 0.024520670914697788, ""tail_kp"": 0.0, ""tail_max_control_boost"": 0.0, ""tail_u_max"": 0.0, ""torque_to_current"": 210.0, ""zeta0"": 0.885692967, ""zeta_leak"": 0.0237735451, ""zeta_reset_delay_sec"": 0.0, ""zeta_reset_value"": null, ""zeta_soft"": 0.989185316}"
6,1,0.0,1000000.0,0.0,0.0,inf,inf,inf,inf,0.0,1.0,1.0,0.0,0.0,0.0,0.0,0.0,0.0,0.0,0.0,0.0,0.0,0.0,0.0,0.0,0.0,0.0,0.0,0.0,0.0,0.0,0.0,0.0,0.0,0.0,0.0,inf,inf,inf,1.0,1,11.09681336299991,/tmp/nussbaum_sine_3hz_hard_runs/optuna_t0006_r01.csv,[DBG] t=   8.00s e=  0.72deg u=-0.2667 u_aux=-0.0149 u_rob=-0.0000 u_fric= 0.0193 ta=0.00 cmd=   1.75 slewB=1.00 raw q= 138.25deg | [DBG] t=   9.00s e=  1.70deg u=-0.2667 u_aux=-0.0148 u_rob=-0.0000 u_fric= 0.0193 ta=0.02 cmd=   1.34 slewB=1.00 raw q= 137.29deg | [ERROR] q guard hit: |q-q_center|=35.68 deg > 35.00,"{""alpha"": 7.1072835468, ""amplitude_deg"": 10.0, ""baudrate"": 1000000.0, ""command_sign"": -1.0, ""control_output_scale"": 1.0, ""current_bias_raw"": -0.1506632768723417, ""current_limit_raw"": 0.0, ""default_mode"": 3.0, ""device"": ""/dev/ttyAMA0"", ""disable_anti_windup"": false, ""disable_freeze_nn_on_saturation"": false, ""disable_freeze_zeta_on_saturation"": false, ""disturb_interval_sec"": 30.0, ""disturb_jitter_sec"": 3.0, ""disturb_mode"": ""mixed"", ""disturb_seed"": -1.0, ""disturbance_placement"": ""mid_move"", ""duration"": 10.0, ""dxl_id"": 6.0, ""enable_disturbance"": false, ""frequency_hz"": 3.0, ""fric_coulomb"": 0.019277166157704688, ""fric_vel_scale"": 0.541138567469886, ""gamma_adapt"": 8.7187500403, ""gamma_link"": 0.8842721935710238, ""integral_limit"": 1.6504936083, ""k_delta"": 0.142502015570667, ""max_abs_e_dot"": 6.0, ""max_control"": 0.26671502866417085, ""max_current_raw"": 98.0, ""max_current_slew"": 137.61648593662386, ""mid_disturbance_offset_sec"": 0.0, ""no_set_current_mode"": false, ""predict_horizon_sec"": 0.0013852688494040417, ""pulse_current_raw_max"": 12.0, ""pulse_current_raw_min"": 4.0, ""pulse_duration_max"": 0.6, ""pulse_duration_min"": 0.15, ""q_abs_guard_deg"": 35.0, ""qd_lpf_alpha"": 0.05492266487167036, ""rate"": 120.0, ""rbf_center_max"": 3.2, ""rbf_center_min"": -3.2, ""rbf_nodes"": 11.0, ""rbf_width"": 1.4631904539, ""ref_jump_deg_max"": 8.0, ""ref_jump_deg_min"": 2.0, ""ref_jump_duration_max"": 0.6, ""ref_jump_duration_min"": 0.15, ""reference_shape"": ""sine"", ""reset_zeta_after_motion"": false, ""reset_zeta_on_segment"": false, ""restore_mode"": false, ""sigma_mod"": 0.2460708825, ""sine_center_mode"": ""lock"", ""soft_start_sec"": 0.7, ""step_absolute_target_deg"": null, ""step_absolute_target_rad"": null, ""step_delta_deg"": 40.0, ""step_ramp_sec"": 1.0, ""step_segment_sec"": 1.5, ""step_sequence_deg"": """", ""step_shape"": ""smoothstep"", ""step_start_sec"": 0.0, ""tail_err_full_deg"": 4.0, ""tail_err_thresh_deg"": 1.5, ""tail_kd"": 0.0046186222655771395, ""tail_kp"": 0.0, ""tail_max_control_boost"": 0.0, ""tail_u_max"": 0.0, ""torque_to_current"": 210.0, ""zeta0"": 0.885692967, ""zeta_leak"": 0.0237735451, ""zeta_reset_delay_sec"": 0.0, ""zeta_reset_value"": null, ""zeta_soft"": 0.989185316}"
7,1,1.0,1000009.9189784324,1200.0,9.991749,8.263542111120165,9.505953965238247,14.535327663827195,24.28547222340241,0.5565214551212133,0.0,0.06503741573033708,0.9388434872336545,1.1489594024,0.885692967,1.1489594024,0.26326643540000005,0.026326643537749998,0.08663611069499998,1.1837513448,0.0,0.0,0.0,0.0,0.0,0.0,0.0,0.0,0.0,0.0,0.0,0.0,0.0,0.0,0.0,0.0,8.217864034983569,14.099189784323828,14.631742458232155,0.0,0,11.25014867799996,/tmp/nussbaum_sine_3hz_hard_runs/optuna_t0007_r01.csv,,"{""alpha"": 7.1072835468, ""amplitude_deg"": 10.0, ""baudrate"": 1000000.0, ""command_sign"": -1.0, ""control_output_scale"": 1.0, ""current_bias_raw"": 1.3825585108604486, ""current_limit_raw"": 0.0, ""default_mode"": 3.0, ""device"": ""/dev/ttyAMA0"", ""disable_anti_windup"": false, ""disable_freeze_nn_on_saturation"": false, ""disable_freeze_zeta_on_saturation"": false, ""disturb_interval_sec"": 30.0, ""disturb_jitter_sec"": 3.0, ""disturb_mode"": ""mixed"", ""disturb_seed"": -1.0, ""disturbance_placement"": ""mid_move"", ""duration"": 10.0, ""dxl_id"": 6.0, ""enable_disturbance"": false, ""frequency_hz"": 3.0, ""fric_coulomb"": 0.004902037705721276, ""fric_vel_scale"": 1.7681022280605028, ""gamma_adapt"": 8.7187500403, ""gamma_link"": 0.8294231343565946, ""integral_limit"": 1.6504936083, ""k_delta"": 0.09092667706375453, ""max_abs_e_dot"": 6.0, ""max_control"": 0.19579757370339443, ""max_current_raw"": 89.0, ""max_current_slew"": 131.89991154228392, ""mid_disturbance_offset_sec"": 0.0, ""no_set_current_mode"": false, ""predict_horizon_sec"": 0.0012958057734943035, ""pulse_current_raw_max"": 12.0, ""pulse_current_raw_min"": 4.0, ""pulse_duration_max"": 0.6, ""pulse_duration_min"": 0.15, ""q_abs_guard_deg"": 35.0, ""qd_lpf_alpha"": 0.024027788161555864, ""rate"": 120.0, ""rbf_center_max"": 3.2, ""rbf_center_min"": -3.2, ""rbf_nodes"": 11.0, ""rbf_width"": 1.4631904539, ""ref_jump_deg_max"": 8.0, ""ref_jump_deg_min"": 2.0, ""ref_jump_duration_max"": 0.6, ""ref_jump_duration_min"": 0.15, ""reference_shape"": ""sine"", ""reset_zeta_after_motion"": false, ""reset_zeta_on_segment"": false, ""restore_mode"": false, ""sigma_mod"": 0.2460708825, ""sine_center_mode"": ""lock"", ""soft_start_sec"": 0.7, ""step_absolute_target_deg"": null, ""step_absolute_target_rad"": null, ""step_delta_deg"": 40.0, ""step_ramp_sec"": 1.0, ""step_segment_sec"": 1.5, ""step_sequence_deg"": """", ""step_shape"": ""smoothstep"", ""step_start_sec"": 0.0, ""tail_err_full_deg"": 4.0, ""tail_err_thresh_deg"": 1.5, ""tail_kd"": 0.0602929990363428, ""tail_kp"": 0.0, ""tail_max_control_boost"": 0.0, ""tail_u_max"": 0.0, ""torque_to_current"": 210.0, ""zeta0"": 0.885692967, ""zeta_leak"": 0.0237735451, ""zeta_reset_delay_sec"": 0.0, ""zeta_reset_value"": null, ""zeta_soft"": 0.989185316}"
8,1,0.0,1000000.0,0.0,0.0,inf,inf,inf,inf,0.0,1.0,1.0,0.0,0.0,0.0,0.0,0.0,0.0,0.0,0.0,0.0,0.0,0.0,0.0,0.0,0.0,0.0,0.0,0.0,0.0,0.0,0.0,0.0,0.0,0.0,0.0,inf,inf,inf,1.0,1,5.2875012929998775,/tmp/nussbaum_sine_3hz_hard_runs/optuna_t0008_r01.csv,[DBG] t=   3.00s e=  2.05deg u=-0.3447 u_aux=-0.2012 u_rob=-0.0000 u_fric= 0.0137 ta=0.12 cmd=   0.97 slewB=1.00 raw q= 137.11deg | [DBG] t=   4.00s e= 25.76deg u= 0.1128 u_aux=-0.2713 u_rob=-0.0000 u_fric= 0.0137 ta=1.00 cmd= -19.11 slewB=1.00 raw q= 113.47deg | [ERROR] q guard hit: |q-q_center|=35.68 deg > 35.00,"{""alpha"": 7.1072835468, ""amplitude_deg"": 10.0, ""baudrate"": 1000000.0, ""command_sign"": -1.0, ""control_output_scale"": 1.0, ""current_bias_raw"": 1.7093155682636358, ""current_limit_raw"": 0.0, ""default_mode"": 3.0, ""device"": ""/dev/ttyAMA0"", ""disable_anti_windup"": false, ""disable_freeze_nn_on_saturation"": false, ""disable_freeze_zeta_on_saturation"": false, ""disturb_interval_sec"": 30.0, ""disturb_jitter_sec"": 3.0, ""disturb_mode"": ""mixed"", ""disturb_seed"": -1.0, ""disturbance_placement"": ""mid_move"", ""duration"": 10.0, ""dxl_id"": 6.0, ""enable_disturbance"": false, ""frequency_hz"": 3.0, ""fric_coulomb"": 0.013837431702349384, ""fric_vel_scale"": 1.3163514140824673, ""gamma_adapt"": 8.7187500403, ""gamma_link"": 0.9562395865455212, ""integral_limit"": 1.6504936083, ""k_delta"": 0.0452421990130666, ""max_abs_e_dot"": 6.0, ""max_control"": 0.35975163139720806, ""max_current_raw"": 64.0, ""max_current_slew"": 175.95490070522334, ""mid_disturbance_offset_sec"": 0.0, ""no_set_current_mode"": false, ""predict_horizon_sec"": 0.003610098086685481, ""pulse_current_raw_max"": 12.0, ""pulse_current_raw_min"": 4.0, ""pulse_duration_max"": 0.6, ""pulse_duration_min"": 0.15, ""q_abs_guard_deg"": 35.0, ""qd_lpf_alpha"": 0.10659078251457203, ""rate"": 120.0, ""rbf_center_max"": 3.2, ""rbf_center_min"": -3.2, ""rbf_nodes"": 11.0, ""rbf_width"": 1.4631904539, ""ref_jump_deg_max"": 8.0, ""ref_jump_deg_min"": 2.0, ""ref_jump_duration_max"": 0.6, ""ref_jump_duration_min"": 0.15, ""reference_shape"": ""sine"", ""reset_zeta_after_motion"": false, ""reset_zeta_on_segment"": false, ""restore_mode"": false, ""sigma_mod"": 0.2460708825, ""sine_center_mode"": ""lock"", ""soft_start_sec"": 0.7, ""step_absolute_target_deg"": null, ""step_absolute_target_rad"": null, ""step_delta_deg"": 40.0, ""step_ramp_sec"": 1.0, ""step_segment_sec"": 1.5, ""step_sequence_deg"": """", ""step_shape"": ""smoothstep"", ""step_start_sec"": 0.0, ""tail_err_full_deg"": 4.0, ""tail_err_thresh_deg"": 1.5, ""tail_kd"": 0.06019104090458491, ""tail_kp"": 0.0, ""tail_max_control_boost"": 0.0, ""tail_u_max"": 0.0, ""torque_to_current"": 210.0, ""zeta0"": 0.885692967, ""zeta_leak"": 0.0237735451, ""zeta_reset_delay_sec"": 0.0, ""zeta_reset_value"": null, ""zeta_soft"": 0.989185316}"
9,1,0.0,1000000.0,0.0,0.0,inf,inf,inf,inf,0.0,1.0,1.0,0.0,0.0,0.0,0.0,0.0,0.0,0.0,0.0,0.0,0.0,0.0,0.0,0.0,0.0,0.0,0.0,0.0,0.0,0.0,0.0,0.0,0.0,0.0,0.0,inf,inf,inf,1.0,1,5.468490404000022,/tmp/nussbaum_sine_3hz_hard_runs/optuna_t0009_r01.csv,[DBG] t=   3.00s e= -1.14deg u=-0.3196 u_aux=-0.0760 u_rob=-0.0000 u_fric= 0.0154 ta=0.00 cmd=   2.70 slewB=1.00 raw q= 140.19deg | [DBG] t=   4.00s e= -2.27deg u= 0.3196 u_aux=-0.0759 u_rob=-0.0000 u_fric= 0.0154 ta=0.23 cmd= -13.85 slewB=1.00 raw q= 140.98deg | [ERROR] q guard hit: |q-q_center|=35.95 deg > 35.00,"{""alpha"": 7.1072835468, ""amplitude_deg"": 10.0, ""baudrate"": 1000000.0, ""command_sign"": -1.0, ""control_output_scale"": 1.0, ""current_bias_raw"": -0.8711711418075021, ""current_limit_raw"": 0.0, ""default_mode"": 3.0, ""device"": ""/dev/ttyAMA0"", ""disable_anti_windup"": false, ""disable_freeze_nn_on_saturation"": false, ""disable_freeze_zeta_on_saturation"": false, ""disturb_interval_sec"": 30.0, ""disturb_jitter_sec"": 3.0, ""disturb_mode"": ""mixed"", ""disturb_seed"": -1.0, ""disturbance_placement"": ""mid_move"", ""duration"": 10.0, ""dxl_id"": 6.0, ""enable_disturbance"": false, ""frequency_hz"": 3.0, ""fric_coulomb"": 0.015358465831142285, ""fric_vel_scale"": 0.3849948555183311, ""gamma_adapt"": 8.7187500403, ""gamma_link"": 1.1009513671096336, ""integral_limit"": 1.6504936083, ""k_delta"": 0.13875982815699622, ""max_abs_e_dot"": 6.0, ""max_control"": 0.31959437041653493, ""max_current_raw"": 76.0, ""max_current_slew"": 173.06409822985904, ""mid_disturbance_offset_sec"": 0.0, ""no_set_current_mode"": false, ""predict_horizon_sec"": 0.00046389130932619516, ""pulse_current_raw_max"": 12.0, ""pulse_current_raw_min"": 4.0, ""pulse_duration_max"": 0.6, ""pulse_duration_min"": 0.15, ""q_abs_guard_deg"": 35.0, ""qd_lpf_alpha"": 0.06330151811118366, ""rate"": 120.0, ""rbf_center_max"": 3.2, ""rbf_center_min"": -3.2, ""rbf_nodes"": 11.0, ""rbf_width"": 1.4631904539, ""ref_jump_deg_max"": 8.0, ""ref_jump_deg_min"": 2.0, ""ref_jump_duration_max"": 0.6, ""ref_jump_duration_min"": 0.15, ""reference_shape"": ""sine"", ""reset_zeta_after_motion"": false, ""reset_zeta_on_segment"": false, ""restore_mode"": false, ""sigma_mod"": 0.2460708825, ""sine_center_mode"": ""lock"", ""soft_start_sec"": 0.7, ""step_absolute_target_deg"": null, ""step_absolute_target_rad"": null, ""step_delta_deg"": 40.0, ""step_ramp_sec"": 1.0, ""step_segment_sec"": 1.5, ""step_sequence_deg"": """", ""step_shape"": ""smoothstep"", ""step_start_sec"": 0.0, ""tail_err_full_deg"": 4.0, ""tail_err_thresh_deg"": 1.5, ""tail_kd"": 0.023534270246667814, ""tail_kp"": 0.0, ""tail_max_control_boost"": 0.0, ""tail_u_max"": 0.0, ""torque_to_current"": 210.0, ""zeta0"": 0.885692967, ""zeta_leak"": 0.0237735451, ""zeta_reset_delay_sec"": 0.0, ""zeta_reset_value"": null, ""zeta_soft"": 0.989185316}"
10,1,0.0,1000000.0,0.0,0.0,inf,inf,inf,inf,0.0,1.0,1.0,0.0,0.0,0.0,0.0,0.0,0.0,0.0,0.0,0.0,0.0,0.0,0.0,0.0,0.0,0.0,0.0,0.0,0.0,0.0,0.0,0.0,0.0,0.0,0.0,inf,inf,inf,1.0,1,2.275063627999998,/tmp/nussbaum_sine_3hz_hard_runs/optuna_t0010_r01.csv,[INFO] center locked at 2.42062 rad (138.69 deg) | [DBG] t=   0.00s e=  0.00deg u=-0.0008 u_aux=-0.0010 u_rob=-0.0000 u_fric= 0.0000 ta=0.00 cmd=  -0.98 slewB=1.00 raw q= 138.69deg | [ERROR] q guard hit: |q-q_center|=35.77 deg > 35.00,"{""alpha"": 7.1072835468, ""amplitude_deg"": 10.0, ""baudrate"": 1000000.0, ""command_sign"": -1.0, ""control_output_scale"": 1.0, ""current_bias_raw"": -1.1395928480940785, ""current_limit_raw"": 0.0, ""default_mode"": 3.0, ""device"": ""/dev/ttyAMA0"", ""disable_anti_windup"": false, ""disable_freeze_nn_on_saturation"": false, ""disable_freeze_zeta_on_saturation"": false, ""disturb_interval_sec"": 30.0, ""disturb_jitter_sec"": 3.0, ""disturb_mode"": ""mixed"", ""disturb_seed"": -1.0, ""disturbance_placement"": ""mid_move"", ""duration"": 10.0, ""dxl_id"": 6.0, ""enable_disturbance"": false, ""frequency_hz"": 3.0, ""fric_coulomb"": 0.00281078320670022, ""fric_vel_scale"": 0.26534006122056114, ""gamma_adapt"": 8.7187500403, ""gamma_link"": 0.8203943276906889, ""integral_limit"": 1.6504936083, ""k_delta"": 0.06286504005035194, ""max_abs_e_dot"": 6.0, ""max_control"": 0.36816228998945205, ""max_current_raw"": 90.0, ""max_current_slew"": 273.0060358347496, ""mid_disturbance_offset_sec"": 0.0, ""no_set_current_mode"": false, ""predict_horizon_sec"": 0.0013741946924793638, ""pulse_current_raw_max"": 12.0, ""pulse_current_raw_min"": 4.0, ""pulse_duration_max"": 0.6, ""pulse_duration_min"": 0.15, ""q_abs_guard_deg"": 35.0, ""qd_lpf_alpha"": 0.11679259949395755, ""rate"": 120.0, ""rbf_center_max"": 3.2, ""rbf_center_min"": -3.2, ""rbf_nodes"": 11.0, ""rbf_width"": 1.4631904539, ""ref_jump_deg_max"": 8.0, ""ref_jump_deg_min"": 2.0, ""ref_jump_duration_max"": 0.6, ""ref_jump_duration_min"": 0.15, ""reference_shape"": ""sine"", ""reset_zeta_after_motion"": false, ""reset_zeta_on_segment"": false, ""restore_mode"": false, ""sigma_mod"": 0.2460708825, ""sine_center_mode"": ""lock"", ""soft_start_sec"": 0.7, ""step_absolute_target_deg"": null, ""step_absolute_target_rad"": null, ""step_delta_deg"": 40.0, ""step_ramp_sec"": 1.0, ""step_segment_sec"": 1.5, ""step_sequence_deg"": """", ""step_shape"": ""smoothstep"", ""step_start_sec"": 0.0, ""tail_err_full_deg"": 4.0, ""tail_err_thresh_deg"": 1.5, ""tail_kd"": 0.04188648431581891, ""tail_kp"": 0.0, ""tail_max_control_boost"": 0.0, ""tail_u_max"": 0.0, ""torque_to_current"": 210.0, ""zeta0"": 0.885692967, ""zeta_leak"": 0.0237735451, ""zeta_reset_delay_sec"": 0.0, ""zeta_reset_value"": null, ""zeta_soft"": 0.989185316}"
11,1,1.0,1000231.9299989736,1200.0,9.991748000000001,6.386763996103326,7.243944090609136,10.574795216381306,14.515136643158897,0.21807000102637342,0.0,0.0458659420289855,0.913391456143218,1.8279703651,0.8856929712,1.8277312163,0.9420382450999999,0.09420382493316669,0.863271006595,7.4537717874,0.0,0.0,0.0,0.0,0.0,0.0,0.0,0.0,0.0,0.0,0.0,0.0,0.0,0.0,0.0,0.0,6.105537081183253,10.237562052880811,10.807446639908425,0.0,0,11.321935918999998,/tmp/nussbaum_sine_3hz_hard_runs/optuna_t0011_r01.csv,,"{""alpha"": 7.1072835468, ""amplitude_deg"": 10.0, ""baudrate"": 1000000.0, ""command_sign"": -1.0, ""control_output_scale"": 1.0, ""current_bias_raw"": 0.6127261420512973, ""current_limit_raw"": 0.0, ""default_mode"": 3.0, ""device"": ""/dev/ttyAMA0"", ""disable_anti_windup"": false, ""disable_freeze_nn_on_saturation"": false, ""disable_freeze_zeta_on_saturation"": false, ""disturb_interval_sec"": 30.0, ""disturb_jitter_sec"": 3.0, ""disturb_mode"": ""mixed"", ""disturb_seed"": -1.0, ""disturbance_placement"": ""mid_move"", ""duration"": 10.0, ""dxl_id"": 6.0, ""enable_disturbance"": false, ""frequency_hz"": 3.0, ""fric_coulomb"": 0.019715193488410828, ""fric_vel_scale"": 0.5322319137096458, ""gamma_adapt"": 8.7187500403, ""gamma_link"": 1.2419104935866507, ""integral_limit"": 1.6504936083, ""k_delta"": 0.03402148540165294, ""max_abs_e_dot"": 6.0, ""max_control"": 0.1849850286432649, ""max_current_raw"": 69.0, ""max_current_slew"": 61.367821016898326, ""mid_disturbance_offset_sec"": 0.0, ""no_set_current_mode"": false, ""predict_horizon_sec"": 0.0030819609017323896, ""pulse_current_raw_max"": 12.0, ""pulse_current_raw_min"": 4.0, ""pulse_duration_max"": 0.6, ""pulse_duration_min"": 0.15, ""q_abs_guard_deg"": 35.0, ""qd_lpf_alpha"": 0.10777018476241378, ""rate"": 120.0, ""rbf_center_max"": 3.2, ""rbf_center_min"": -3.2, ""rbf_nodes"": 11.0, ""rbf_width"": 1.4631904539, ""ref_jump_deg_max"": 8.0, ""ref_jump_deg_min"": 2.0, ""ref_jump_duration_max"": 0.6, ""ref_jump_duration_min"": 0.15, ""reference_shape"": ""sine"", ""reset_zeta_after_motion"": false, ""reset_zeta_on_segment"": false, ""restore_mode"": false, ""sigma_mod"": 0.2460708825, ""sine_center_mode"": ""lock"", ""soft_start_sec"": 0.7, ""step_absolute_target_deg"": null, ""step_absolute_target_rad"": null, ""step_delta_deg"": 40.0, ""step_ramp_sec"": 1.0, ""step_segment_sec"": 1.5, ""step_sequence_deg"": """", ""step_shape"": ""smoothstep"", ""step_start_sec"": 0.0, ""tail_err_full_deg"": 4.0, ""tail_err_thresh_deg"": 1.5, ""tail_kd"": 0.057937646773988175, ""tail_kp"": 0.0, ""tail_max_control_boost"": 0.0, ""tail_u_max"": 0.0, ""torque_to_current"": 210.0, ""zeta0"": 0.885692967, ""zeta_leak"": 0.0237735451, ""zeta_reset_delay_sec"": 0.0, ""zeta_reset_value"": null, ""zeta_soft"": 0.989185316}"
12,1,0.0,1000000.0,0.0,0.0,inf,inf,inf,inf,0.0,1.0,1.0,0.0,0.0,0.0,0.0,0.0,0.0,0.0,0.0,0.0,0.0,0.0,0.0,0.0,0.0,0.0,0.0,0.0,0.0,0.0,0.0,0.0,0.0,0.0,0.0,inf,inf,inf,1.0,1,2.776742497999976,/tmp/nussbaum_sine_3hz_hard_runs/optuna_t0012_r01.csv,[DBG] t=   0.00s e=  0.09deg u=-0.0003 u_aux=-0.0000 u_rob=-0.0000 u_fric= 0.0000 ta=0.00 cmd=  -1.17 slewB=1.00 raw q= 138.69deg | [DBG] t=   1.00s e=  3.55deg u=-0.2014 u_aux=-0.2572 u_rob=-0.0000 u_fric= 0.0089 ta=0.91 cmd= -14.23 slewB=1.00 raw q= 135.26deg | [ERROR] q guard hit: |q-q_center|=35.60 deg > 35.00,"{""alpha"": 7.1072835468, ""amplitude_deg"": 10.0, ""baudrate"": 1000000.0, ""command_sign"": -1.0, ""control_output_scale"": 1.0, ""current_bias_raw"": -1.2326195343965303, ""current_limit_raw"": 0.0, ""default_mode"": 3.0, ""device"": ""/dev/ttyAMA0"", ""disable_anti_windup"": false, ""disable_freeze_nn_on_saturation"": false, ""disable_freeze_zeta_on_saturation"": false, ""disturb_interval_sec"": 30.0, ""disturb_jitter_sec"": 3.0, ""disturb_mode"": ""mixed"", ""disturb_seed"": -1.0, ""disturbance_placement"": ""mid_move"", ""duration"": 10.0, ""dxl_id"": 6.0, ""enable_disturbance"": false, ""frequency_hz"": 3.0, ""fric_coulomb"": 0.008871415083807978, ""fric_vel_scale"": 0.4589145963788576, ""gamma_adapt"": 8.7187500403, ""gamma_link"": 1.04225389060126, ""integral_limit"": 1.6504936083, ""k_delta"": 0.19233324186703735, ""max_abs_e_dot"": 6.0, ""max_control"": 0.20139525821686802, ""max_current_raw"": 88.0, ""max_current_slew"": 315.96950989426637, ""mid_disturbance_offset_sec"": 0.0, ""no_set_current_mode"": false, ""predict_horizon_sec"": 0.003713215702565411, ""pulse_current_raw_max"": 12.0, ""pulse_current_raw_min"": 4.0, ""pulse_duration_max"": 0.6, ""pulse_duration_min"": 0.15, ""q_abs_guard_deg"": 35.0, ""qd_lpf_alpha"": 0.022328859768561117, ""rate"": 120.0, ""rbf_center_max"": 3.2, ""rbf_center_min"": -3.2, ""rbf_nodes"": 11.0, ""rbf_width"": 1.4631904539, ""ref_jump_deg_max"": 8.0, ""ref_jump_deg_min"": 2.0, ""ref_jump_duration_max"": 0.6, ""ref_jump_duration_min"": 0.15, ""reference_shape"": ""sine"", ""reset_zeta_after_motion"": false, ""reset_zeta_on_segment"": false, ""restore_mode"": false, ""sigma_mod"": 0.2460708825, ""sine_center_mode"": ""lock"", ""soft_start_sec"": 0.7, ""step_absolute_target_deg"": null, ""step_absolute_target_rad"": null, ""step_delta_deg"": 40.0, ""step_ramp_sec"": 1.0, ""step_segment_sec"": 1.5, ""step_sequence_deg"": """", ""step_shape"": ""smoothstep"", ""step_start_sec"": 0.0, ""tail_err_full_deg"": 4.0, ""tail_err_thresh_deg"": 1.5, ""tail_kd"": 0.07780265406802253, ""tail_kp"": 0.0, ""tail_max_control_boost"": 0.0, ""tail_u_max"": 0.0, ""torque_to_current"": 210.0, ""zeta0"": 0.885692967, ""zeta_leak"": 0.0237735451, ""zeta_reset_delay_sec"": 0.0, ""zeta_reset_value"": null, ""zeta_soft"": 0.989185316}"
13,1,0.0,1000000.0,0.0,0.0,inf,inf,inf,inf,0.0,1.0,1.0,0.0,0.0,0.0,0.0,0.0,0.0,0.0,0.0,0.0,0.0,0.0,0.0,0.0,0.0,0.0,0.0,0.0,0.0,0.0,0.0,0.0,0.0,0.0,0.0,inf,inf,inf,1.0,1,8.05045049499995,/tmp/nussbaum_sine_3hz_hard_runs/optuna_t0013_r01.csv,[DBG] t=   5.00s e= -2.28deg u=-0.2796 u_aux=-0.1598 u_rob=-0.0000 u_fric= 0.0106 ta=0.23 cmd=   0.69 slewB=1.00 raw q= 142.21deg | [DBG] t=   6.00s e=  0.95deg u=-0.1510 u_aux=-0.1969 u_rob=-0.0000 u_fric= 0.0106 ta=0.00 cmd=   0.30 slewB=1.00 raw q= 139.04deg | [ERROR] q guard hit: |q-q_center|=36.47 deg > 35.00,"{""alpha"": 7.1072835468, ""amplitude_deg"": 10.0, ""baudrate"": 1000000.0, ""command_sign"": -1.0, ""control_output_scale"": 1.0, ""current_bias_raw"": -1.2829364339770675, ""current_limit_raw"": 0.0, ""default_mode"": 3.0, ""device"": ""/dev/ttyAMA0"", ""disable_anti_windup"": false, ""disable_freeze_nn_on_saturation"": false, ""disable_freeze_zeta_on_saturation"": false, ""disturb_interval_sec"": 30.0, ""disturb_jitter_sec"": 3.0, ""disturb_mode"": ""mixed"", ""disturb_seed"": -1.0, ""disturbance_placement"": ""mid_move"", ""duration"": 10.0, ""dxl_id"": 6.0, ""enable_disturbance"": false, ""frequency_hz"": 3.0, ""fric_coulomb"": 0.010612536801142745, ""fric_vel_scale"": 0.3956031912809942, ""gamma_adapt"": 8.7187500403, ""gamma_link"": 1.2178767389475231, ""integral_limit"": 1.6504936083, ""k_delta"": 0.04177405145886728, ""max_abs_e_dot"": 6.0, ""max_control"": 0.2796426284386377, ""max_current_raw"": 59.0, ""max_current_slew"": 195.2866548720858, ""mid_disturbance_offset_sec"": 0.0, ""no_set_current_mode"": false, ""predict_horizon_sec"": 0.0020845343556681177, ""pulse_current_raw_max"": 12.0, ""pulse_current_raw_min"": 4.0, ""pulse_duration_max"": 0.6, ""pulse_duration_min"": 0.15, ""q_abs_guard_deg"": 35.0, ""qd_lpf_alpha"": 0.09618268927861699, ""rate"": 120.0, ""rbf_center_max"": 3.2, ""rbf_center_min"": -3.2, ""rbf_nodes"": 11.0, ""rbf_width"": 1.4631904539, ""ref_jump_deg_max"": 8.0, ""ref_jump_deg_min"": 2.0, ""ref_jump_duration_max"": 0.6, ""ref_jump_duration_min"": 0.15, ""reference_shape"": ""sine"", ""reset_zeta_after_motion"": false, ""reset_zeta_on_segment"": false, ""restore_mode"": false, ""sigma_mod"": 0.2460708825, ""sine_center_mode"": ""lock"", ""soft_start_sec"": 0.7, ""step_absolute_target_deg"": null, ""step_absolute_target_rad"": null, ""step_delta_deg"": 40.0, ""step_ramp_sec"": 1.0, ""step_segment_sec"": 1.5, ""step_sequence_deg"": """", ""step_shape"": ""smoothstep"", ""step_start_sec"": 0.0, ""tail_err_full_deg"": 4.0, ""tail_err_thresh_deg"": 1.5, ""tail_kd"": 0.053030459259750036, ""tail_kp"": 0.0, ""tail_max_control_boost"": 0.0, ""tail_u_max"": 0.0, ""torque_to_current"": 210.0, ""zeta0"": 0.885692967, ""zeta_leak"": 0.0237735451, ""zeta_reset_delay_sec"": 0.0, ""zeta_reset_value"": null, ""zeta_soft"": 0.989185316}"
14,1,0.0,1000000.0,0.0,0.0,inf,inf,inf,inf,0.0,1.0,1.0,0.0,0.0,0.0,0.0,0.0,0.0,0.0,0.0,0.0,0.0,0.0,0.0,0.0,0.0,0.0,0.0,0.0,0.0,0.0,0.0,0.0,0.0,0.0,0.0,inf,inf,inf,1.0,1,5.196079219000012,/tmp/nussbaum_sine_3hz_hard_runs/optuna_t0014_r01.csv,[DBG] t=   2.00s e=  6.92deg u=-0.3628 u_aux=-0.2574 u_rob=-0.0000 u_fric= 0.0076 ta=1.00 cmd=   5.33 slewB=1.00 raw q= 131.92deg | [DBG] t=   3.00s e= -1.37deg u=-0.3628 u_aux=-0.1740 u_rob=-0.0000 u_fric= 0.0076 ta=0.00 cmd=   1.98 slewB=1.00 raw q= 140.27deg | [ERROR] q guard hit: |q-q_center|=35.95 deg > 35.00,"{""alpha"": 7.1072835468, ""amplitude_deg"": 10.0, ""baudrate"": 1000000.0, ""command_sign"": -1.0, ""control_output_scale"": 1.0, ""current_bias_raw"": -0.14143163480462695, ""current_limit_raw"": 0.0, ""default_mode"": 3.0, ""device"": ""/dev/ttyAMA0"", ""disable_anti_windup"": false, ""disable_freeze_nn_on_saturation"": false, ""disable_freeze_zeta_on_saturation"": false, ""disturb_interval_sec"": 30.0, ""disturb_jitter_sec"": 3.0, ""disturb_mode"": ""mixed"", ""disturb_seed"": -1.0, ""disturbance_placement"": ""mid_move"", ""duration"": 10.0, ""dxl_id"": 6.0, ""enable_disturbance"": false, ""frequency_hz"": 3.0, ""fric_coulomb"": 0.0076424876781613915, ""fric_vel_scale"": 1.107334481932819, ""gamma_adapt"": 8.7187500403, ""gamma_link"": 0.8936295830979057, ""integral_limit"": 1.6504936083, ""k_delta"": 0.05090096945296278, ""max_abs_e_dot"": 6.0, ""max_control"": 0.36283641554099594, ""max_current_raw"": 80.0, ""max_current_slew"": 201.50129188807946, ""mid_disturbance_offset_sec"": 0.0, ""no_set_current_mode"": false, ""predict_horizon_sec"": 0.00041768355624873134, ""pulse_current_raw_max"": 12.0, ""pulse_current_raw_min"": 4.0, ""pulse_duration_max"": 0.6, ""pulse_duration_min"": 0.15, ""q_abs_guard_deg"": 35.0, ""qd_lpf_alpha"": 0.07510300080243391, ""rate"": 120.0, ""rbf_center_max"": 3.2, ""rbf_center_min"": -3.2, ""rbf_nodes"": 11.0, ""rbf_width"": 1.4631904539, ""ref_jump_deg_max"": 8.0, ""ref_jump_deg_min"": 2.0, ""ref_jump_duration_max"": 0.6, ""ref_jump_duration_min"": 0.15, ""reference_shape"": ""sine"", ""reset_zeta_after_motion"": false, ""reset_zeta_on_segment"": false, ""restore_mode"": false, ""sigma_mod"": 0.2460708825, ""sine_center_mode"": ""lock"", ""soft_start_sec"": 0.7, ""step_absolute_target_deg"": null, ""step_absolute_target_rad"": null, ""step_delta_deg"": 40.0, ""step_ramp_sec"": 1.0, ""step_segment_sec"": 1.5, ""step_sequence_deg"": """", ""step_shape"": ""smoothstep"", ""step_start_sec"": 0.0, ""tail_err_full_deg"": 4.0, ""tail_err_thresh_deg"": 1.5, ""tail_kd"": 0.06632146734851235, ""tail_kp"": 0.0, ""tail_max_control_boost"": 0.0, ""tail_u_max"": 0.0, ""torque_to_current"": 210.0, ""zeta0"": 0.885692967, ""zeta_leak"": 0.0237735451, ""zeta_reset_delay_sec"": 0.0, ""zeta_reset_value"": null, ""zeta_soft"": 0.989185316}"
15,1,0.0,1000000.0,0.0,0.0,inf,inf,inf,inf,0.0,1.0,1.0,0.0,0.0,0.0,0.0,0.0,0.0,0.0,0.0,0.0,0.0,0.0,0.0,0.0,0.0,0.0,0.0,0.0,0.0,0.0,0.0,0.0,0.0,0.0,0.0,inf,inf,inf,1.0,1,4.429770404999999,/tmp/nussbaum_sine_3hz_hard_runs/optuna_t0015_r01.csv,[DBG] t=   2.00s e=  3.63deg u=-0.2974 u_aux=-0.0185 u_rob=-0.0000 u_fric= 0.0198 ta=0.94 cmd=   7.54 slewB=1.00 raw q= 135.09deg | [DBG] t=   3.00s e= 20.42deg u= 0.2974 u_aux=-0.0301 u_rob=-0.0000 u_fric= 0.0198 ta=1.00 cmd= -22.31 slewB=1.00 raw q= 118.56deg | [ERROR] q guard hit: |q-q_center|=36.39 deg > 35.00,"{""alpha"": 7.1072835468, ""amplitude_deg"": 10.0, ""baudrate"": 1000000.0, ""command_sign"": -1.0, ""control_output_scale"": 1.0, ""current_bias_raw"": 0.965455210732459, ""current_limit_raw"": 0.0, ""default_mode"": 3.0, ""device"": ""/dev/ttyAMA0"", ""disable_anti_windup"": false, ""disable_freeze_nn_on_saturation"": false, ""disable_freeze_zeta_on_saturation"": false, ""disturb_interval_sec"": 30.0, ""disturb_jitter_sec"": 3.0, ""disturb_mode"": ""mixed"", ""disturb_seed"": -1.0, ""disturbance_placement"": ""mid_move"", ""duration"": 10.0, ""dxl_id"": 6.0, ""enable_disturbance"": false, ""frequency_hz"": 3.0, ""fric_coulomb"": 0.019783171773612548, ""fric_vel_scale"": 0.8993337355117941, ""gamma_adapt"": 8.7187500403, ""gamma_link"": 0.8682771821169126, ""integral_limit"": 1.6504936083, ""k_delta"": 0.1258031221566514, ""max_abs_e_dot"": 6.0, ""max_control"": 0.2974343819243601, ""max_current_raw"": 90.0, ""max_current_slew"": 210.82740295935304, ""mid_disturbance_offset_sec"": 0.0, ""no_set_current_mode"": false, ""predict_horizon_sec"": 0.002654757409980546, ""pulse_current_raw_max"": 12.0, ""pulse_current_raw_min"": 4.0, ""pulse_duration_max"": 0.6, ""pulse_duration_min"": 0.15, ""q_abs_guard_deg"": 35.0, ""qd_lpf_alpha"": 0.08490539168319126, ""rate"": 120.0, ""rbf_center_max"": 3.2, ""rbf_center_min"": -3.2, ""rbf_nodes"": 11.0, ""rbf_width"": 1.4631904539, ""ref_jump_deg_max"": 8.0, ""ref_jump_deg_min"": 2.0, ""ref_jump_duration_max"": 0.6, ""ref_jump_duration_min"": 0.15, ""reference_shape"": ""sine"", ""reset_zeta_after_motion"": false, ""reset_zeta_on_segment"": false, ""restore_mode"": false, ""sigma_mod"": 0.2460708825, ""sine_center_mode"": ""lock"", ""soft_start_sec"": 0.7, ""step_absolute_target_deg"": null, ""step_absolute_target_rad"": null, ""step_delta_deg"": 40.0, ""step_ramp_sec"": 1.0, ""step_segment_sec"": 1.5, ""step_sequence_deg"": """", ""step_shape"": ""smoothstep"", ""step_start_sec"": 0.0, ""tail_err_full_deg"": 4.0, ""tail_err_thresh_deg"": 1.5, ""tail_kd"": 0.006720160018032946, ""tail_kp"": 0.0, ""tail_max_control_boost"": 0.0, ""tail_u_max"": 0.0, ""torque_to_current"": 210.0, ""zeta0"": 0.885692967, ""zeta_leak"": 0.0237735451, ""zeta_reset_delay_sec"": 0.0, ""zeta_reset_value"": null, ""zeta_soft"": 0.989185316}"
16,1,0.0,1000000.0,0.0,0.0,inf,inf,inf,inf,0.0,1.0,1.0,0.0,0.0,0.0,0.0,0.0,0.0,0.0,0.0,0.0,0.0,0.0,0.0,0.0,0.0,0.0,0.0,0.0,0.0,0.0,0.0,0.0,0.0,0.0,0.0,inf,inf,inf,1.0,1,2.235916053999972,/tmp/nussbaum_sine_3hz_hard_runs/optuna_t0016_r01.csv,[INFO] center locked at 2.42062 rad (138.69 deg) | [DBG] t=   0.00s e=  0.00deg u=-0.0000 u_aux=-0.0000 u_rob=-0.0000 u_fric= 0.0000 ta=0.00 cmd=   0.83 slewB=1.00 raw q= 138.69deg | [ERROR] q guard hit: |q-q_center|=36.30 deg > 35.00,"{""alpha"": 7.1072835468, ""amplitude_deg"": 10.0, ""baudrate"": 1000000.0, ""command_sign"": -1.0, ""control_output_scale"": 1.0, ""current_bias_raw"": 0.8280400292595207, ""current_limit_raw"": 0.0, ""default_mode"": 3.0, ""device"": ""/dev/ttyAMA0"", ""disable_anti_windup"": false, ""disable_freeze_nn_on_saturation"": false, ""disable_freeze_zeta_on_saturation"": false, ""disturb_interval_sec"": 30.0, ""disturb_jitter_sec"": 3.0, ""disturb_mode"": ""mixed"", ""disturb_seed"": -1.0, ""disturbance_placement"": ""mid_move"", ""duration"": 10.0, ""dxl_id"": 6.0, ""enable_disturbance"": false, ""frequency_hz"": 3.0, ""fric_coulomb"": 0.007576459869037833, ""fric_vel_scale"": 0.33108794209682874, ""gamma_adapt"": 8.7187500403, ""gamma_link"": 0.8051069771665996, ""integral_limit"": 1.6504936083, ""k_delta"": 0.12432876674481008, ""max_abs_e_dot"": 6.0, ""max_control"": 0.3815920387937805, ""max_current_raw"": 89.0, ""max_current_slew"": 301.7030799800046, ""mid_disturbance_offset_sec"": 0.0, ""no_set_current_mode"": false, ""predict_horizon_sec"": 0.0038249309928644, ""pulse_current_raw_max"": 12.0, ""pulse_current_raw_min"": 4.0, ""pulse_duration_max"": 0.6, ""pulse_duration_min"": 0.15, ""q_abs_guard_deg"": 35.0, ""qd_lpf_alpha"": 0.04802334744898448, ""rate"": 120.0, ""rbf_center_max"": 3.2, ""rbf_center_min"": -3.2, ""rbf_nodes"": 11.0, ""rbf_width"": 1.4631904539, ""ref_jump_deg_max"": 8.0, ""ref_jump_deg_min"": 2.0, ""ref_jump_duration_max"": 0.6, ""ref_jump_duration_min"": 0.15, ""reference_shape"": ""sine"", ""reset_zeta_after_motion"": false, ""reset_zeta_on_segment"": false, ""restore_mode"": false, ""sigma_mod"": 0.2460708825, ""sine_center_mode"": ""lock"", ""soft_start_sec"": 0.7, ""step_absolute_target_deg"": null, ""step_absolute_target_rad"": null, ""step_delta_deg"": 40.0, ""step_ramp_sec"": 1.0, ""step_segment_sec"": 1.5, ""step_sequence_deg"": """", ""step_shape"": ""smoothstep"", ""step_start_sec"": 0.0, ""tail_err_full_deg"": 4.0, ""tail_err_thresh_deg"": 1.5, ""tail_kd"": 0.005260831188031325, ""tail_kp"": 0.0, ""tail_max_control_boost"": 0.0, ""tail_u_max"": 0.0, ""torque_to_current"": 210.0, ""zeta0"": 0.885692967, ""zeta_leak"": 0.0237735451, ""zeta_reset_delay_sec"": 0.0, ""zeta_reset_value"": null, ""zeta_soft"": 0.989185316}"
17,1,1.0,1000025.39284359,1200.0,9.991761,7.0271317779022215,8.197672604257425,13.68350780817463,19.76815855837847,0.605260651711497,0.0,0.04345082474226804,0.9092834520304219,1.9396215824,0.8856931465,1.9396215824,1.0539284359,0.10539286154316668,0.9750495146249996,7.4484134671,0.0,0.0,0.0,0.0,0.0,0.0,0.0,0.0,0.0,0.0,0.0,0.0,0.0,0.0,0.0,0.0,6.685062971770705,13.15565479537073,16.51488046571378,0.0,0,11.309580418999985,/tmp/nussbaum_sine_3hz_hard_runs/optuna_t0017_r01.csv,,"{""alpha"": 7.1072835468, ""amplitude_deg"": 10.0, ""baudrate"": 1000000.0, ""command_sign"": -1.0, ""control_output_scale"": 1.0, ""current_bias_raw"": 0.887485659238056, ""current_limit_raw"": 0.0, ""default_mode"": 3.0, ""device"": ""/dev/ttyAMA0"", ""disable_anti_windup"": false, ""disable_freeze_nn_on_saturation"": false, ""disable_freeze_zeta_on_saturation"": false, ""disturb_interval_sec"": 30.0, ""disturb_jitter_sec"": 3.0, ""disturb_mode"": ""mixed"", ""disturb_seed"": -1.0, ""disturbance_placement"": ""mid_move"", ""duration"": 10.0, ""dxl_id"": 6.0, ""enable_disturbance"": false, ""frequency_hz"": 3.0, ""fric_coulomb"": 0.006416018194526121, ""fric_vel_scale"": 1.674962274774301, ""gamma_adapt"": 8.7187500403, ""gamma_link"": 1.3456098894351318, ""integral_limit"": 1.6504936083, ""k_delta"": 0.053668971755633864, ""max_abs_e_dot"": 6.0, ""max_control"": 0.23706564693393833, ""max_current_raw"": 97.0, ""max_current_slew"": 77.46454092019295, ""mid_disturbance_offset_sec"": 0.0, ""no_set_current_mode"": false, ""predict_horizon_sec"": 0.0030548001075470623, ""pulse_current_raw_max"": 12.0, ""pulse_current_raw_min"": 4.0, ""pulse_duration_max"": 0.6, ""pulse_duration_min"": 0.15, ""q_abs_guard_deg"": 35.0, ""qd_lpf_alpha"": 0.029316791249657553, ""rate"": 120.0, ""rbf_center_max"": 3.2, ""rbf_center_min"": -3.2, ""rbf_nodes"": 11.0, ""rbf_width"": 1.4631904539, ""ref_jump_deg_max"": 8.0, ""ref_jump_deg_min"": 2.0, ""ref_jump_duration_max"": 0.6, ""ref_jump_duration_min"": 0.15, ""reference_shape"": ""sine"", ""reset_zeta_after_motion"": false, ""reset_zeta_on_segment"": false, ""restore_mode"": false, ""sigma_mod"": 0.2460708825, ""sine_center_mode"": ""lock"", ""soft_start_sec"": 0.7, ""step_absolute_target_deg"": null, ""step_absolute_target_rad"": null, ""step_delta_deg"": 40.0, ""step_ramp_sec"": 1.0, ""step_segment_sec"": 1.5, ""step_sequence_deg"": """", ""step_shape"": ""smoothstep"", ""step_start_sec"": 0.0, ""tail_err_full_deg"": 4.0, ""tail_err_thresh_deg"": 1.5, ""tail_kd"": 0.07401235096979057, ""tail_kp"": 0.0, ""tail_max_control_boost"": 0.0, ""tail_u_max"": 0.0, ""torque_to_current"": 210.0, ""zeta0"": 0.885692967, ""zeta_leak"": 0.0237735451, ""zeta_reset_delay_sec"": 0.0, ""zeta_reset_value"": null, ""zeta_soft"": 0.989185316}"
18,1,0.0,1000000.0,0.0,0.0,inf,inf,inf,inf,0.0,1.0,1.0,0.0,0.0,0.0,0.0,0.0,0.0,0.0,0.0,0.0,0.0,0.0,0.0,0.0,0.0,0.0,0.0,0.0,0.0,0.0,0.0,0.0,0.0,0.0,0.0,inf,inf,inf,1.0,1,2.1102776650000123,/tmp/nussbaum_sine_3hz_hard_runs/optuna_t0018_r01.csv,[INFO] center locked at 2.43596 rad (139.57 deg) | [DBG] t=   0.00s e=  0.00deg u=-0.0000 u_aux=-0.0000 u_rob=-0.0000 u_fric= 0.0000 ta=0.00 cmd=  -0.21 slewB=1.00 raw q= 139.57deg | [ERROR] q guard hit: |q-q_center|=36.39 deg > 35.00,"{""alpha"": 7.1072835468, ""amplitude_deg"": 10.0, ""baudrate"": 1000000.0, ""command_sign"": -1.0, ""control_output_scale"": 1.0, ""current_bias_raw"": -0.20698262614353968, ""current_limit_raw"": 0.0, ""default_mode"": 3.0, ""device"": ""/dev/ttyAMA0"", ""disable_anti_windup"": false, ""disable_freeze_nn_on_saturation"": false, ""disable_freeze_zeta_on_saturation"": false, ""disturb_interval_sec"": 30.0, ""disturb_jitter_sec"": 3.0, ""disturb_mode"": ""mixed"", ""disturb_seed"": -1.0, ""disturbance_placement"": ""mid_move"", ""duration"": 10.0, ""dxl_id"": 6.0, ""enable_disturbance"": false, ""frequency_hz"": 3.0, ""fric_coulomb"": 0.006401579554282639, ""fric_vel_scale"": 0.3926812187661791, ""gamma_adapt"": 8.7187500403, ""gamma_link"": 1.236248925955258, ""integral_limit"": 1.6504936083, ""k_delta"": 0.04230592838386491, ""max_abs_e_dot"": 6.0, ""max_control"": 0.22116445053837216, ""max_current_raw"": 45.0, ""max_current_slew"": 282.77251677345544, ""mid_disturbance_offset_sec"": 0.0, ""no_set_current_mode"": false, ""predict_horizon_sec"": 0.001985507010979627, ""pulse_current_raw_max"": 12.0, ""pulse_current_raw_min"": 4.0, ""pulse_duration_max"": 0.6, ""pulse_duration_min"": 0.15, ""q_abs_guard_deg"": 35.0, ""qd_lpf_alpha"": 0.0490168691169848, ""rate"": 120.0, ""rbf_center_max"": 3.2, ""rbf_center_min"": -3.2, ""rbf_nodes"": 11.0, ""rbf_width"": 1.4631904539, ""ref_jump_deg_max"": 8.0, ""ref_jump_deg_min"": 2.0, ""ref_jump_duration_max"": 0.6, ""ref_jump_duration_min"": 0.15, ""reference_shape"": ""sine"", ""reset_zeta_after_motion"": false, ""reset_zeta_on_segment"": false, ""restore_mode"": false, ""sigma_mod"": 0.2460708825, ""sine_center_mode"": ""lock"", ""soft_start_sec"": 0.7, ""step_absolute_target_deg"": null, ""step_absolute_target_rad"": null, ""step_delta_deg"": 40.0, ""step_ramp_sec"": 1.0, ""step_segment_sec"": 1.5, ""step_sequence_deg"": """", ""step_shape"": ""smoothstep"", ""step_start_sec"": 0.0, ""tail_err_full_deg"": 4.0, ""tail_err_thresh_deg"": 1.5, ""tail_kd"": 0.07234045743063469, ""tail_kp"": 0.0, ""tail_max_control_boost"": 0.0, ""tail_u_max"": 0.0, ""torque_to_current"": 210.0, ""zeta0"": 0.885692967, ""zeta_leak"": 0.0237735451, ""zeta_reset_delay_sec"": 0.0, ""zeta_reset_value"": null, ""zeta_soft"": 0.989185316}"
19,1,0.0,1000000.0,0.0,0.0,inf,inf,inf,inf,0.0,1.0,1.0,0.0,0.0,0.0,0.0,0.0,0.0,0.0,0.0,0.0,0.0,0.0,0.0,0.0,0.0,0.0,0.0,0.0,0.0,0.0,0.0,0.0,0.0,0.0,0.0,inf,inf,inf,1.0,1,5.44321914499983,/tmp/nussbaum_sine_3hz_hard_runs/optuna_t0019_r01.csv,[DBG] t=   3.00s e=  1.12deg u=-0.3808 u_aux=-0.2172 u_rob=-0.0000 u_fric= 0.0163 ta=0.00 cmd=   2.40 slewB=1.00 raw q= 138.16deg | [DBG] t=   4.00s e= 22.36deg u= 0.3877 u_aux=-0.2906 u_rob=-0.0000 u_fric= 0.0163 ta=1.00 cmd= -15.43 slewB=1.00 raw q= 116.72deg | [ERROR] q guard hit: |q-q_center|=35.33 deg > 35.00,"{""alpha"": 7.1072835468, ""amplitude_deg"": 10.0, ""baudrate"": 1000000.0, ""command_sign"": -1.0, ""control_output_scale"": 1.0, ""current_bias_raw"": -0.9031259651418808, ""current_limit_raw"": 0.0, ""default_mode"": 3.0, ""device"": ""/dev/ttyAMA0"", ""disable_anti_windup"": false, ""disable_freeze_nn_on_saturation"": false, ""disable_freeze_zeta_on_saturation"": false, ""disturb_interval_sec"": 30.0, ""disturb_jitter_sec"": 3.0, ""disturb_mode"": ""mixed"", ""disturb_seed"": -1.0, ""disturbance_placement"": ""mid_move"", ""duration"": 10.0, ""dxl_id"": 6.0, ""enable_disturbance"": false, ""frequency_hz"": 3.0, ""fric_coulomb"": 0.016701822539947165, ""fric_vel_scale"": 1.5324943481800841, ""gamma_adapt"": 8.7187500403, ""gamma_link"": 1.1221831505194244, ""integral_limit"": 1.6504936083, ""k_delta"": 0.1593024726663821, ""max_abs_e_dot"": 6.0, ""max_control"": 0.38771616657514374, ""max_current_raw"": 46.0, ""max_current_slew"": 118.85742391288409, ""mid_disturbance_offset_sec"": 0.0, ""no_set_current_mode"": false, ""predict_horizon_sec"": 0.002432166911971509, ""pulse_current_raw_max"": 12.0, ""pulse_current_raw_min"": 4.0, ""pulse_duration_max"": 0.6, ""pulse_duration_min"": 0.15, ""q_abs_guard_deg"": 35.0, ""qd_lpf_alpha"": 0.1364146828335372, ""rate"": 120.0, ""rbf_center_max"": 3.2, ""rbf_center_min"": -3.2, ""rbf_nodes"": 11.0, ""rbf_width"": 1.4631904539, ""ref_jump_deg_max"": 8.0, ""ref_jump_deg_min"": 2.0, ""ref_jump_duration_max"": 0.6, ""ref_jump_duration_min"": 0.15, ""reference_shape"": ""sine"", ""reset_zeta_after_motion"": false, ""reset_zeta_on_segment"": false, ""restore_mode"": false, ""sigma_mod"": 0.2460708825, ""sine_center_mode"": ""lock"", ""soft_start_sec"": 0.7, ""step_absolute_target_deg"": null, ""step_absolute_target_rad"": null, ""step_delta_deg"": 40.0, ""step_ramp_sec"": 1.0, ""step_segment_sec"": 1.5, ""step_sequence_deg"": """", ""step_shape"": ""smoothstep"", ""step_start_sec"": 0.0, ""tail_err_full_deg"": 4.0, ""tail_err_thresh_deg"": 1.5, ""tail_kd"": 0.0625856161181562, ""tail_kp"": 0.0, ""tail_max_control_boost"": 0.0, ""tail_u_max"": 0.0, ""torque_to_current"": 210.0, ""zeta0"": 0.885692967, ""zeta_leak"": 0.0237735451, ""zeta_reset_delay_sec"": 0.0, ""zeta_reset_value"": null, ""zeta_soft"": 0.989185316}"
20,1,1.0,68.43038138755782,1200.0,9.991742,8.49971346335203,9.75709139032417,15.270764534568515,26.367010744485885,0.5701042599148178,0.0,0.11724422619047618,0.9432695698840363,0.9384840828,0.885693787,0.9384840828,0.05279029579999994,0.005279111579166667,0.043513398534999984,0.2270684372,0.0,0.0,0.0,0.0,0.0,0.0,0.0,0.0,0.0,0.0,0.0,0.0,0.0,0.0,0.0,0.0,8.460993905783182,13.700561394176237,15.642167630436699,0.0,0,11.310697438000034,/tmp/nussbaum_sine_3hz_hard_runs/optuna_t0020_r01.csv,,"{""alpha"": 7.1072835468, ""amplitude_deg"": 10.0, ""baudrate"": 1000000.0, ""command_sign"": -1.0, ""control_output_scale"": 1.0, ""current_bias_raw"": -0.15442158244032278, ""current_limit_raw"": 0.0, ""default_mode"": 3.0, ""device"": ""/dev/ttyAMA0"", ""disable_anti_windup"": false, ""disable_freeze_nn_on_saturation"": false, ""disable_freeze_zeta_on_saturation"": false, ""disturb_interval_sec"": 30.0, ""disturb_jitter_sec"": 3.0, ""disturb_mode"": ""mixed"", ""disturb_seed"": -1.0, ""disturbance_placement"": ""mid_move"", ""duration"": 10.0, ""dxl_id"": 6.0, ""enable_disturbance"": false, ""frequency_hz"": 3.0, ""fric_coulomb"": 0.00873283396837773, ""fric_vel_scale"": 0.9062737005674348, ""gamma_adapt"": 8.7187500403, ""gamma_link"": 1.0121242809071445, ""integral_limit"": 1.6504936083, ""k_delta"": 0.13313835254793327, ""max_abs_e_dot"": 6.0, ""max_control"": 0.16243375846587144, ""max_current_raw"": 56.0, ""max_current_slew"": 147.9925106845065, ""mid_disturbance_offset_sec"": 0.0, ""no_set_current_mode"": false, ""predict_horizon_sec"": 0.0016898659819390854, ""pulse_current_raw_max"": 12.0, ""pulse_current_raw_min"": 4.0, ""pulse_duration_max"": 0.6, ""pulse_duration_min"": 0.15, ""q_abs_guard_deg"": 35.0, ""qd_lpf_alpha"": 0.04830283892334215, ""rate"": 120.0, ""rbf_center_max"": 3.2, ""rbf_center_min"": -3.2, ""rbf_nodes"": 11.0, ""rbf_width"": 1.4631904539, ""ref_jump_deg_max"": 8.0, ""ref_jump_deg_min"": 2.0, ""ref_jump_duration_max"": 0.6, ""ref_jump_duration_min"": 0.15, ""reference_shape"": ""sine"", ""reset_zeta_after_motion"": false, ""reset_zeta_on_segment"": false, ""restore_mode"": false, ""sigma_mod"": 0.2460708825, ""sine_center_mode"": ""lock"", ""soft_start_sec"": 0.7, ""step_absolute_target_deg"": null, ""step_absolute_target_rad"": null, ""step_delta_deg"": 40.0, ""step_ramp_sec"": 1.0, ""step_segment_sec"": 1.5, ""step_sequence_deg"": """", ""step_shape"": ""smoothstep"", ""step_start_sec"": 0.0, ""tail_err_full_deg"": 4.0, ""tail_err_thresh_deg"": 1.5, ""tail_kd"": 0.03977901333885876, ""tail_kp"": 0.0, ""tail_max_control_boost"": 0.0, ""tail_u_max"": 0.0, ""torque_to_current"": 210.0, ""zeta0"": 0.885692967, ""zeta_leak"": 0.0237735451, ""zeta_reset_delay_sec"": 0.0, ""zeta_reset_value"": null, ""zeta_soft"": 0.989185316}"
21,1,0.0,1000000.0,0.0,0.0,inf,inf,inf,inf,0.0,1.0,1.0,0.0,0.0,0.0,0.0,0.0,0.0,0.0,0.0,0.0,0.0,0.0,0.0,0.0,0.0,0.0,0.0,0.0,0.0,0.0,0.0,0.0,0.0,0.0,0.0,inf,inf,inf,1.0,1,2.050500164999903,/tmp/nussbaum_sine_3hz_hard_runs/optuna_t0021_r01.csv,[INFO] center locked at 2.42829 rad (139.13 deg) | [DBG] t=   0.00s e=  0.00deg u=-0.0000 u_aux=-0.0000 u_rob=-0.0000 u_fric= 0.0000 ta=0.00 cmd=  -0.35 slewB=1.00 raw q= 139.13deg | [ERROR] q guard hit: |q-q_center|=36.74 deg > 35.00,"{""alpha"": 7.1072835468, ""amplitude_deg"": 10.0, ""baudrate"": 1000000.0, ""command_sign"": -1.0, ""control_output_scale"": 1.0, ""current_bias_raw"": -0.3496612436494493, ""current_limit_raw"": 0.0, ""default_mode"": 3.0, ""device"": ""/dev/ttyAMA0"", ""disable_anti_windup"": false, ""disable_freeze_nn_on_saturation"": false, ""disable_freeze_zeta_on_saturation"": false, ""disturb_interval_sec"": 30.0, ""disturb_jitter_sec"": 3.0, ""disturb_mode"": ""mixed"", ""disturb_seed"": -1.0, ""disturbance_placement"": ""mid_move"", ""duration"": 10.0, ""dxl_id"": 6.0, ""enable_disturbance"": false, ""frequency_hz"": 3.0, ""fric_coulomb"": 0.011173866501170669, ""fric_vel_scale"": 1.1291704330652792, ""gamma_adapt"": 8.7187500403, ""gamma_link"": 1.1690197395104924, ""integral_limit"": 1.6504936083, ""k_delta"": 0.034773045722853356, ""max_abs_e_dot"": 6.0, ""max_control"": 0.2489343179570626, ""max_current_raw"": 49.0, ""max_current_slew"": 310.1845188744158, ""mid_disturbance_offset_sec"": 0.0, ""no_set_current_mode"": false, ""predict_horizon_sec"": 0.0011086993933279805, ""pulse_current_raw_max"": 12.0, ""pulse_current_raw_min"": 4.0, ""pulse_duration_max"": 0.6, ""pulse_duration_min"": 0.15, ""q_abs_guard_deg"": 35.0, ""qd_lpf_alpha"": 0.07949934874841837, ""rate"": 120.0, ""rbf_center_max"": 3.2, ""rbf_center_min"": -3.2, ""rbf_nodes"": 11.0, ""rbf_width"": 1.4631904539, ""ref_jump_deg_max"": 8.0, ""ref_jump_deg_min"": 2.0, ""ref_jump_duration_max"": 0.6, ""ref_jump_duration_min"": 0.15, ""reference_shape"": ""sine"", ""reset_zeta_after_motion"": false, ""reset_zeta_on_segment"": false, ""restore_mode"": false, ""sigma_mod"": 0.2460708825, ""sine_center_mode"": ""lock"", ""soft_start_sec"": 0.7, ""step_absolute_target_deg"": null, ""step_absolute_target_rad"": null, ""step_delta_deg"": 40.0, ""step_ramp_sec"": 1.0, ""step_segment_sec"": 1.5, ""step_sequence_deg"": """", ""step_shape"": ""smoothstep"", ""step_start_sec"": 0.0, ""tail_err_full_deg"": 4.0, ""tail_err_thresh_deg"": 1.5, ""tail_kd"": 0.04216642589492459, ""tail_kp"": 0.0, ""tail_max_control_boost"": 0.0, ""tail_u_max"": 0.0, ""torque_to_current"": 210.0, ""zeta0"": 0.885692967, ""zeta_leak"": 0.0237735451, ""zeta_reset_delay_sec"": 0.0, ""zeta_reset_value"": null, ""zeta_soft"": 0.989185316}"
22,1,0.0,1000000.0,0.0,0.0,inf,inf,inf,inf,0.0,1.0,1.0,0.0,0.0,0.0,0.0,0.0,0.0,0.0,0.0,0.0,0.0,0.0,0.0,0.0,0.0,0.0,0.0,0.0,0.0,0.0,0.0,0.0,0.0,0.0,0.0,inf,inf,inf,1.0,1,11.046782846000042,/tmp/nussbaum_sine_3hz_hard_runs/optuna_t0022_r01.csv,[DBG] t=   8.00s e= -3.64deg u= 0.2886 u_aux=-0.1852 u_rob=-0.0000 u_fric= 0.0193 ta=0.94 cmd=   1.75 slewB=1.00 raw q= 142.56deg | [DBG] t=   9.00s e= -4.44deg u= 0.2886 u_aux=-0.1814 u_rob=-0.0000 u_fric= 0.0193 ta=1.00 cmd=   3.99 slewB=1.00 raw q= 143.35deg | [ERROR] q guard hit: |q-q_center|=35.16 deg > 35.00,"{""alpha"": 7.1072835468, ""amplitude_deg"": 10.0, ""baudrate"": 1000000.0, ""command_sign"": -1.0, ""control_output_scale"": 1.0, ""current_bias_raw"": 2.223954751497189, ""current_limit_raw"": 0.0, ""default_mode"": 3.0, ""device"": ""/dev/ttyAMA0"", ""disable_anti_windup"": false, ""disable_freeze_nn_on_saturation"": false, ""disable_freeze_zeta_on_saturation"": false, ""disturb_interval_sec"": 30.0, ""disturb_jitter_sec"": 3.0, ""disturb_mode"": ""mixed"", ""disturb_seed"": -1.0, ""disturbance_placement"": ""mid_move"", ""duration"": 10.0, ""dxl_id"": 6.0, ""enable_disturbance"": false, ""frequency_hz"": 3.0, ""fric_coulomb"": 0.019283317829307447, ""fric_vel_scale"": 0.556204144301175, ""gamma_adapt"": 8.7187500403, ""gamma_link"": 1.174625082737525, ""integral_limit"": 1.6504936083, ""k_delta"": 0.11455513029054536, ""max_abs_e_dot"": 6.0, ""max_control"": 0.2886133143016261, ""max_current_raw"": 91.0, ""max_current_slew"": 134.64724424929997, ""mid_disturbance_offset_sec"": 0.0, ""no_set_current_mode"": false, ""predict_horizon_sec"": 0.0030370739821771087, ""pulse_current_raw_max"": 12.0, ""pulse_current_raw_min"": 4.0, ""pulse_duration_max"": 0.6, ""pulse_duration_min"": 0.15, ""q_abs_guard_deg"": 35.0, ""qd_lpf_alpha"": 0.13591020914046228, ""rate"": 120.0, ""rbf_center_max"": 3.2, ""rbf_center_min"": -3.2, ""rbf_nodes"": 11.0, ""rbf_width"": 1.4631904539, ""ref_jump_deg_max"": 8.0, ""ref_jump_deg_min"": 2.0, ""ref_jump_duration_max"": 0.6, ""ref_jump_duration_min"": 0.15, ""reference_shape"": ""sine"", ""reset_zeta_after_motion"": false, ""reset_zeta_on_segment"": false, ""restore_mode"": false, ""sigma_mod"": 0.2460708825, ""sine_center_mode"": ""lock"", ""soft_start_sec"": 0.7, ""step_absolute_target_deg"": null, ""step_absolute_target_rad"": null, ""step_delta_deg"": 40.0, ""step_ramp_sec"": 1.0, ""step_segment_sec"": 1.5, ""step_sequence_deg"": """", ""step_shape"": ""smoothstep"", ""step_start_sec"": 0.0, ""tail_err_full_deg"": 4.0, ""tail_err_thresh_deg"": 1.5, ""tail_kd"": 0.06226512762247662, ""tail_kp"": 0.0, ""tail_max_control_boost"": 0.0, ""tail_u_max"": 0.0, ""torque_to_current"": 210.0, ""zeta0"": 0.885692967, ""zeta_leak"": 0.0237735451, ""zeta_reset_delay_sec"": 0.0, ""zeta_reset_value"": null, ""zeta_soft"": 0.989185316}"
23,1,0.0,1000000.0,0.0,0.0,inf,inf,inf,inf,0.0,1.0,1.0,0.0,0.0,0.0,0.0,0.0,0.0,0.0,0.0,0.0,0.0,0.0,0.0,0.0,0.0,0.0,0.0,0.0,0.0,0.0,0.0,0.0,0.0,0.0,0.0,inf,inf,inf,1.0,1,3.6115096459998313,/tmp/nussbaum_sine_3hz_hard_runs/optuna_t0023_r01.csv,[DBG] t=   1.01s e=  8.78deg u=-0.3636 u_aux=-0.1085 u_rob=-0.0000 u_fric= 0.0096 ta=1.00 cmd=  -0.35 slewB=1.00 raw q= 132.71deg | [DBG] t=   2.00s e=  2.68deg u= 0.3636 u_aux=-0.0888 u_rob=-0.0000 u_fric= 0.0096 ta=0.46 cmd=  -6.79 slewB=1.00 raw q= 137.46deg | [ERROR] q guard hit: |q-q_center|=35.33 deg > 35.00,"{""alpha"": 7.1072835468, ""amplitude_deg"": 10.0, ""baudrate"": 1000000.0, ""command_sign"": -1.0, ""control_output_scale"": 1.0, ""current_bias_raw"": -1.2194521815359654, ""current_limit_raw"": 0.0, ""default_mode"": 3.0, ""device"": ""/dev/ttyAMA0"", ""disable_anti_windup"": false, ""disable_freeze_nn_on_saturation"": false, ""disable_freeze_zeta_on_saturation"": false, ""disturb_interval_sec"": 30.0, ""disturb_jitter_sec"": 3.0, ""disturb_mode"": ""mixed"", ""disturb_seed"": -1.0, ""disturbance_placement"": ""mid_move"", ""duration"": 10.0, ""dxl_id"": 6.0, ""enable_disturbance"": false, ""frequency_hz"": 3.0, ""fric_coulomb"": 0.00990630256625222, ""fric_vel_scale"": 1.5913071106068915, ""gamma_adapt"": 8.7187500403, ""gamma_link"": 1.0266614414441098, ""integral_limit"": 1.6504936083, ""k_delta"": 0.05486409181126149, ""max_abs_e_dot"": 6.0, ""max_control"": 0.3635672349380379, ""max_current_raw"": 49.0, ""max_current_slew"": 128.8425676794966, ""mid_disturbance_offset_sec"": 0.0, ""no_set_current_mode"": false, ""predict_horizon_sec"": 0.002422376551679198, ""pulse_current_raw_max"": 12.0, ""pulse_current_raw_min"": 4.0, ""pulse_duration_max"": 0.6, ""pulse_duration_min"": 0.15, ""q_abs_guard_deg"": 35.0, ""qd_lpf_alpha"": 0.1296075607709742, ""rate"": 120.0, ""rbf_center_max"": 3.2, ""rbf_center_min"": -3.2, ""rbf_nodes"": 11.0, ""rbf_width"": 1.4631904539, ""ref_jump_deg_max"": 8.0, ""ref_jump_deg_min"": 2.0, ""ref_jump_duration_max"": 0.6, ""ref_jump_duration_min"": 0.15, ""reference_shape"": ""sine"", ""reset_zeta_after_motion"": false, ""reset_zeta_on_segment"": false, ""restore_mode"": false, ""sigma_mod"": 0.2460708825, ""sine_center_mode"": ""lock"", ""soft_start_sec"": 0.7, ""step_absolute_target_deg"": null, ""step_absolute_target_rad"": null, ""step_delta_deg"": 40.0, ""step_ramp_sec"": 1.0, ""step_segment_sec"": 1.5, ""step_sequence_deg"": """", ""step_shape"": ""smoothstep"", ""step_start_sec"": 0.0, ""tail_err_full_deg"": 4.0, ""tail_err_thresh_deg"": 1.5, ""tail_kd"": 0.027732414024644207, ""tail_kp"": 0.0, ""tail_max_control_boost"": 0.0, ""tail_u_max"": 0.0, ""torque_to_current"": 210.0, ""zeta0"": 0.885692967, ""zeta_leak"": 0.0237735451, ""zeta_reset_delay_sec"": 0.0, ""zeta_reset_value"": null, ""zeta_soft"": 0.989185316}"
24,1,0.0,1000000.0,0.0,0.0,inf,inf,inf,inf,0.0,1.0,1.0,0.0,0.0,0.0,0.0,0.0,0.0,0.0,0.0,0.0,0.0,0.0,0.0,0.0,0.0,0.0,0.0,0.0,0.0,0.0,0.0,0.0,0.0,0.0,0.0,inf,inf,inf,1.0,1,5.894117699999924,/tmp/nussbaum_sine_3hz_hard_runs/optuna_t0024_r01.csv,[DBG] t=   3.00s e=  1.88deg u=-0.3641 u_aux=-0.2358 u_rob=-0.0000 u_fric= 0.0075 ta=0.06 cmd=   1.14 slewB=1.00 raw q= 136.93deg | [DBG] t=   4.00s e=  2.04deg u=-0.3641 u_aux=-0.2374 u_rob=-0.0000 u_fric= 0.0075 ta=0.12 cmd=   1.14 slewB=1.00 raw q= 136.93deg | [ERROR] q guard hit: |q-q_center|=35.51 deg > 35.00,"{""alpha"": 7.1072835468, ""amplitude_deg"": 10.0, ""baudrate"": 1000000.0, ""command_sign"": -1.0, ""control_output_scale"": 1.0, ""current_bias_raw"": 2.3623608037662565, ""current_limit_raw"": 0.0, ""default_mode"": 3.0, ""device"": ""/dev/ttyAMA0"", ""disable_anti_windup"": false, ""disable_freeze_nn_on_saturation"": false, ""disable_freeze_zeta_on_saturation"": false, ""disturb_interval_sec"": 30.0, ""disturb_jitter_sec"": 3.0, ""disturb_mode"": ""mixed"", ""disturb_seed"": -1.0, ""disturbance_placement"": ""mid_move"", ""duration"": 10.0, ""dxl_id"": 6.0, ""enable_disturbance"": false, ""frequency_hz"": 3.0, ""fric_coulomb"": 0.0074883582305978556, ""fric_vel_scale"": 0.4363982169492799, ""gamma_adapt"": 8.7187500403, ""gamma_link"": 1.1024117322132696, ""integral_limit"": 1.6504936083, ""k_delta"": 0.17924193020823048, ""max_abs_e_dot"": 6.0, ""max_control"": 0.3640963707508661, ""max_current_raw"": 59.0, ""max_current_slew"": 140.6812031002387, ""mid_disturbance_offset_sec"": 0.0, ""no_set_current_mode"": false, ""predict_horizon_sec"": 0.001442019022738255, ""pulse_current_raw_max"": 12.0, ""pulse_current_raw_min"": 4.0, ""pulse_duration_max"": 0.6, ""pulse_duration_min"": 0.15, ""q_abs_guard_deg"": 35.0, ""qd_lpf_alpha"": 0.11448340768667244, ""rate"": 120.0, ""rbf_center_max"": 3.2, ""rbf_center_min"": -3.2, ""rbf_nodes"": 11.0, ""rbf_width"": 1.4631904539, ""ref_jump_deg_max"": 8.0, ""ref_jump_deg_min"": 2.0, ""ref_jump_duration_max"": 0.6, ""ref_jump_duration_min"": 0.15, ""reference_shape"": ""sine"", ""reset_zeta_after_motion"": false, ""reset_zeta_on_segment"": false, ""restore_mode"": false, ""sigma_mod"": 0.2460708825, ""sine_center_mode"": ""lock"", ""soft_start_sec"": 0.7, ""step_absolute_target_deg"": null, ""step_absolute_target_rad"": null, ""step_delta_deg"": 40.0, ""step_ramp_sec"": 1.0, ""step_segment_sec"": 1.5, ""step_sequence_deg"": """", ""step_shape"": ""smoothstep"", ""step_start_sec"": 0.0, ""tail_err_full_deg"": 4.0, ""tail_err_thresh_deg"": 1.5, ""tail_kd"": 0.0692613260313191, ""tail_kp"": 0.0, ""tail_max_control_boost"": 0.0, ""tail_u_max"": 0.0, ""torque_to_current"": 210.0, ""zeta0"": 0.885692967, ""zeta_leak"": 0.0237735451, ""zeta_reset_delay_sec"": 0.0, ""zeta_reset_value"": null, ""zeta_soft"": 0.989185316}"
25,1,0.0,1000000.0,0.0,0.0,inf,inf,inf,inf,0.0,1.0,1.0,0.0,0.0,0.0,0.0,0.0,0.0,0.0,0.0,0.0,0.0,0.0,0.0,0.0,0.0,0.0,0.0,0.0,0.0,0.0,0.0,0.0,0.0,0.0,0.0,inf,inf,inf,1.0,1,2.347205627999756,/tmp/nussbaum_sine_3hz_hard_runs/optuna_t0025_r01.csv,[INFO] center locked at 2.41909 rad (138.60 deg) | [DBG] t=   0.00s e=  0.00deg u=-0.0000 u_aux=-0.0000 u_rob=-0.0000 u_fric= 0.0000 ta=0.00 cmd=   0.16 slewB=1.00 raw q= 138.60deg | [ERROR] q guard hit: |q-q_center|=36.04 deg > 35.00,"{""alpha"": 7.1072835468, ""amplitude_deg"": 10.0, ""baudrate"": 1000000.0, ""command_sign"": -1.0, ""control_output_scale"": 1.0, ""current_bias_raw"": 0.1632907979664795, ""current_limit_raw"": 0.0, ""default_mode"": 3.0, ""device"": ""/dev/ttyAMA0"", ""disable_anti_windup"": false, ""disable_freeze_nn_on_saturation"": false, ""disable_freeze_zeta_on_saturation"": false, ""disturb_interval_sec"": 30.0, ""disturb_jitter_sec"": 3.0, ""disturb_mode"": ""mixed"", ""disturb_seed"": -1.0, ""disturbance_placement"": ""mid_move"", ""duration"": 10.0, ""dxl_id"": 6.0, ""enable_disturbance"": false, ""frequency_hz"": 3.0, ""fric_coulomb"": 0.003500938498042634, ""fric_vel_scale"": 1.4678890132238178, ""gamma_adapt"": 8.7187500403, ""gamma_link"": 1.3103479582923143, ""integral_limit"": 1.6504936083, ""k_delta"": 0.056812513458696645, ""max_abs_e_dot"": 6.0, ""max_control"": 0.17034906047027618, ""max_current_raw"": 81.0, ""max_current_slew"": 287.96207418785275, ""mid_disturbance_offset_sec"": 0.0, ""no_set_current_mode"": false, ""predict_horizon_sec"": 0.0024328111823329656, ""pulse_current_raw_max"": 12.0, ""pulse_current_raw_min"": 4.0, ""pulse_duration_max"": 0.6, ""pulse_duration_min"": 0.15, ""q_abs_guard_deg"": 35.0, ""qd_lpf_alpha"": 0.05428727658131778, ""rate"": 120.0, ""rbf_center_max"": 3.2, ""rbf_center_min"": -3.2, ""rbf_nodes"": 11.0, ""rbf_width"": 1.4631904539, ""ref_jump_deg_max"": 8.0, ""ref_jump_deg_min"": 2.0, ""ref_jump_duration_max"": 0.6, ""ref_jump_duration_min"": 0.15, ""reference_shape"": ""sine"", ""reset_zeta_after_motion"": false, ""reset_zeta_on_segment"": false, ""restore_mode"": false, ""sigma_mod"": 0.2460708825, ""sine_center_mode"": ""lock"", ""soft_start_sec"": 0.7, ""step_absolute_target_deg"": null, ""step_absolute_target_rad"": null, ""step_delta_deg"": 40.0, ""step_ramp_sec"": 1.0, ""step_segment_sec"": 1.5, ""step_sequence_deg"": """", ""step_shape"": ""smoothstep"", ""step_start_sec"": 0.0, ""tail_err_full_deg"": 4.0, ""tail_err_thresh_deg"": 1.5, ""tail_kd"": 0.07396094088719585, ""tail_kp"": 0.0, ""tail_max_control_boost"": 0.0, ""tail_u_max"": 0.0, ""torque_to_current"": 210.0, ""zeta0"": 0.885692967, ""zeta_leak"": 0.0237735451, ""zeta_reset_delay_sec"": 0.0, ""zeta_reset_value"": null, ""zeta_soft"": 0.989185316}"
26,1,0.0,1000000.0,0.0,0.0,inf,inf,inf,inf,0.0,1.0,1.0,0.0,0.0,0.0,0.0,0.0,0.0,0.0,0.0,0.0,0.0,0.0,0.0,0.0,0.0,0.0,0.0,0.0,0.0,0.0,0.0,0.0,0.0,0.0,0.0,inf,inf,inf,1.0,1,3.012963701999979,/tmp/nussbaum_sine_3hz_hard_runs/optuna_t0026_r01.csv,[DBG] t=   0.00s e=  0.00deg u=-0.0007 u_aux=-0.0002 u_rob=-0.0000 u_fric= 0.0000 ta=0.00 cmd=   0.00 slewB=1.00 raw q= 138.78deg | [DBG] t=   1.00s e= 16.68deg u=-0.2427 u_aux=-0.0471 u_rob=-0.0000 u_fric= 0.0067 ta=1.00 cmd=  -2.65 slewB=1.00 raw q= 122.34deg | [ERROR] q guard hit: |q-q_center|=36.83 deg > 35.00,"{""alpha"": 7.1072835468, ""amplitude_deg"": 10.0, ""baudrate"": 1000000.0, ""command_sign"": -1.0, ""control_output_scale"": 1.0, ""current_bias_raw"": -0.14810069456853547, ""current_limit_raw"": 0.0, ""default_mode"": 3.0, ""device"": ""/dev/ttyAMA0"", ""disable_anti_windup"": false, ""disable_freeze_nn_on_saturation"": false, ""disable_freeze_zeta_on_saturation"": false, ""disturb_interval_sec"": 30.0, ""disturb_jitter_sec"": 3.0, ""disturb_mode"": ""mixed"", ""disturb_seed"": -1.0, ""disturbance_placement"": ""mid_move"", ""duration"": 10.0, ""dxl_id"": 6.0, ""enable_disturbance"": false, ""frequency_hz"": 3.0, ""fric_coulomb"": 0.006714597644743279, ""fric_vel_scale"": 0.22621099757404187, ""gamma_adapt"": 8.7187500403, ""gamma_link"": 1.116731718357483, ""integral_limit"": 1.6504936083, ""k_delta"": 0.060893038044064714, ""max_abs_e_dot"": 6.0, ""max_control"": 0.24642028237648134, ""max_current_raw"": 96.0, ""max_current_slew"": 222.01831020840623, ""mid_disturbance_offset_sec"": 0.0, ""no_set_current_mode"": false, ""predict_horizon_sec"": 0.0018903093581618658, ""pulse_current_raw_max"": 12.0, ""pulse_current_raw_min"": 4.0, ""pulse_duration_max"": 0.6, ""pulse_duration_min"": 0.15, ""q_abs_guard_deg"": 35.0, ""qd_lpf_alpha"": 0.12299484696201644, ""rate"": 120.0, ""rbf_center_max"": 3.2, ""rbf_center_min"": -3.2, ""rbf_nodes"": 11.0, ""rbf_width"": 1.4631904539, ""ref_jump_deg_max"": 8.0, ""ref_jump_deg_min"": 2.0, ""ref_jump_duration_max"": 0.6, ""ref_jump_duration_min"": 0.15, ""reference_shape"": ""sine"", ""reset_zeta_after_motion"": false, ""reset_zeta_on_segment"": false, ""restore_mode"": false, ""sigma_mod"": 0.2460708825, ""sine_center_mode"": ""lock"", ""soft_start_sec"": 0.7, ""step_absolute_target_deg"": null, ""step_absolute_target_rad"": null, ""step_delta_deg"": 40.0, ""step_ramp_sec"": 1.0, ""step_segment_sec"": 1.5, ""step_sequence_deg"": """", ""step_shape"": ""smoothstep"", ""step_start_sec"": 0.0, ""tail_err_full_deg"": 4.0, ""tail_err_thresh_deg"": 1.5, ""tail_kd"": 0.008791255330965244, ""tail_kp"": 0.0, ""tail_max_control_boost"": 0.0, ""tail_u_max"": 0.0, ""torque_to_current"": 210.0, ""zeta0"": 0.885692967, ""zeta_leak"": 0.0237735451, ""zeta_reset_delay_sec"": 0.0, ""zeta_reset_value"": null, ""zeta_soft"": 0.989185316}"
27,1,0.0,1000000.0,0.0,0.0,inf,inf,inf,inf,0.0,1.0,1.0,0.0,0.0,0.0,0.0,0.0,0.0,0.0,0.0,0.0,0.0,0.0,0.0,0.0,0.0,0.0,0.0,0.0,0.0,0.0,0.0,0.0,0.0,0.0,0.0,inf,inf,inf,1.0,1,2.355819980999968,/tmp/nussbaum_sine_3hz_hard_runs/optuna_t0027_r01.csv,[DBG] t=   0.00s e=  0.00deg u=-0.0000 u_aux=-0.0000 u_rob=-0.0000 u_fric= 0.0000 ta=0.00 cmd=   0.47 slewB=1.00 raw q= 138.69deg | [DBG] t=   1.00s e= 22.13deg u=-0.2299 u_aux=-0.2728 u_rob=-0.0000 u_fric= 0.0047 ta=1.00 cmd= -13.24 slewB=1.00 raw q= 116.89deg | [ERROR] q guard hit: |q-q_center|=35.16 deg > 35.00,"{""alpha"": 7.1072835468, ""amplitude_deg"": 10.0, ""baudrate"": 1000000.0, ""command_sign"": -1.0, ""control_output_scale"": 1.0, ""current_bias_raw"": 0.47466671584663755, ""current_limit_raw"": 0.0, ""default_mode"": 3.0, ""device"": ""/dev/ttyAMA0"", ""disable_anti_windup"": false, ""disable_freeze_nn_on_saturation"": false, ""disable_freeze_zeta_on_saturation"": false, ""disturb_interval_sec"": 30.0, ""disturb_jitter_sec"": 3.0, ""disturb_mode"": ""mixed"", ""disturb_seed"": -1.0, ""disturbance_placement"": ""mid_move"", ""duration"": 10.0, ""dxl_id"": 6.0, ""enable_disturbance"": false, ""frequency_hz"": 3.0, ""fric_coulomb"": 0.004673037451953901, ""fric_vel_scale"": 0.2994031169880062, ""gamma_adapt"": 8.7187500403, ""gamma_link"": 1.0049297711096083, ""integral_limit"": 1.6504936083, ""k_delta"": 0.08191398460566952, ""max_abs_e_dot"": 6.0, ""max_control"": 0.22993173920748927, ""max_current_raw"": 84.0, ""max_current_slew"": 245.96719525553317, ""mid_disturbance_offset_sec"": 0.0, ""no_set_current_mode"": false, ""predict_horizon_sec"": 0.003499019427929144, ""pulse_current_raw_max"": 12.0, ""pulse_current_raw_min"": 4.0, ""pulse_duration_max"": 0.6, ""pulse_duration_min"": 0.15, ""q_abs_guard_deg"": 35.0, ""qd_lpf_alpha"": 0.04730949858237945, ""rate"": 120.0, ""rbf_center_max"": 3.2, ""rbf_center_min"": -3.2, ""rbf_nodes"": 11.0, ""rbf_width"": 1.4631904539, ""ref_jump_deg_max"": 8.0, ""ref_jump_deg_min"": 2.0, ""ref_jump_duration_max"": 0.6, ""ref_jump_duration_min"": 0.15, ""reference_shape"": ""sine"", ""reset_zeta_after_motion"": false, ""reset_zeta_on_segment"": false, ""restore_mode"": false, ""sigma_mod"": 0.2460708825, ""sine_center_mode"": ""lock"", ""soft_start_sec"": 0.7, ""step_absolute_target_deg"": null, ""step_absolute_target_rad"": null, ""step_delta_deg"": 40.0, ""step_ramp_sec"": 1.0, ""step_segment_sec"": 1.5, ""step_sequence_deg"": """", ""step_shape"": ""smoothstep"", ""step_start_sec"": 0.0, ""tail_err_full_deg"": 4.0, ""tail_err_thresh_deg"": 1.5, ""tail_kd"": 0.05675198975067848, ""tail_kp"": 0.0, ""tail_max_control_boost"": 0.0, ""tail_u_max"": 0.0, ""torque_to_current"": 210.0, ""zeta0"": 0.885692967, ""zeta_leak"": 0.0237735451, ""zeta_reset_delay_sec"": 0.0, ""zeta_reset_value"": null, ""zeta_soft"": 0.989185316}"
28,1,0.0,1000000.0,0.0,0.0,inf,inf,inf,inf,0.0,1.0,1.0,0.0,0.0,0.0,0.0,0.0,0.0,0.0,0.0,0.0,0.0,0.0,0.0,0.0,0.0,0.0,0.0,0.0,0.0,0.0,0.0,0.0,0.0,0.0,0.0,inf,inf,inf,1.0,1,2.322949369000071,/tmp/nussbaum_sine_3hz_hard_runs/optuna_t0028_r01.csv,[DBG] t=   0.00s e=  0.00deg u=-0.0010 u_aux=-0.0012 u_rob=-0.0000 u_fric= 0.0000 ta=0.00 cmd=   2.30 slewB=1.00 raw q= 138.78deg | [DBG] t=   1.00s e= 29.09deg u=-0.1862 u_aux=-0.2680 u_rob=-0.0000 u_fric= 0.0144 ta=1.00 cmd=  -9.16 slewB=1.00 raw q= 109.86deg | [ERROR] q guard hit: |q-q_center|=36.56 deg > 35.00,"{""alpha"": 7.1072835468, ""amplitude_deg"": 10.0, ""baudrate"": 1000000.0, ""command_sign"": -1.0, ""control_output_scale"": 1.0, ""current_bias_raw"": 2.0884677310842976, ""current_limit_raw"": 0.0, ""default_mode"": 3.0, ""device"": ""/dev/ttyAMA0"", ""disable_anti_windup"": false, ""disable_freeze_nn_on_saturation"": false, ""disable_freeze_zeta_on_saturation"": false, ""disturb_interval_sec"": 30.0, ""disturb_jitter_sec"": 3.0, ""disturb_mode"": ""mixed"", ""disturb_seed"": -1.0, ""disturbance_placement"": ""mid_move"", ""duration"": 10.0, ""dxl_id"": 6.0, ""enable_disturbance"": false, ""frequency_hz"": 3.0, ""fric_coulomb"": 0.014375444511207286, ""fric_vel_scale"": 0.8975261484962661, ""gamma_adapt"": 8.7187500403, ""gamma_link"": 0.7896598994192111, ""integral_limit"": 1.6504936083, ""k_delta"": 0.08570942546628944, ""max_abs_e_dot"": 6.0, ""max_control"": 0.18618685039147034, ""max_current_raw"": 74.0, ""max_current_slew"": 278.4700372777528, ""mid_disturbance_offset_sec"": 0.0, ""no_set_current_mode"": false, ""predict_horizon_sec"": 0.001237974343764611, ""pulse_current_raw_max"": 12.0, ""pulse_current_raw_min"": 4.0, ""pulse_duration_max"": 0.6, ""pulse_duration_min"": 0.15, ""q_abs_guard_deg"": 35.0, ""qd_lpf_alpha"": 0.046956534096638414, ""rate"": 120.0, ""rbf_center_max"": 3.2, ""rbf_center_min"": -3.2, ""rbf_nodes"": 11.0, ""rbf_width"": 1.4631904539, ""ref_jump_deg_max"": 8.0, ""ref_jump_deg_min"": 2.0, ""ref_jump_duration_max"": 0.6, ""ref_jump_duration_min"": 0.15, ""reference_shape"": ""sine"", ""reset_zeta_after_motion"": false, ""reset_zeta_on_segment"": false, ""restore_mode"": false, ""sigma_mod"": 0.2460708825, ""sine_center_mode"": ""lock"", ""soft_start_sec"": 0.7, ""step_absolute_target_deg"": null, ""step_absolute_target_rad"": null, ""step_delta_deg"": 40.0, ""step_ramp_sec"": 1.0, ""step_segment_sec"": 1.5, ""step_sequence_deg"": """", ""step_shape"": ""smoothstep"", ""step_start_sec"": 0.0, ""tail_err_full_deg"": 4.0, ""tail_err_thresh_deg"": 1.5, ""tail_kd"": 0.049526030163919675, ""tail_kp"": 0.0, ""tail_max_control_boost"": 0.0, ""tail_u_max"": 0.0, ""torque_to_current"": 210.0, ""zeta0"": 0.885692967, ""zeta_leak"": 0.0237735451, ""zeta_reset_delay_sec"": 0.0, ""zeta_reset_value"": null, ""zeta_soft"": 0.989185316}"
29,1,0.0,1000000.0,0.0,0.0,inf,inf,inf,inf,0.0,1.0,1.0,0.0,0.0,0.0,0.0,0.0,0.0,0.0,0.0,0.0,0.0,0.0,0.0,0.0,0.0,0.0,0.0,0.0,0.0,0.0,0.0,0.0,0.0,0.0,0.0,inf,inf,inf,1.0,1,6.70938121800009,/tmp/nussbaum_sine_3hz_hard_runs/optuna_t0029_r01.csv,[DBG] t=   4.00s e=  1.70deg u=-0.3227 u_aux=-0.2468 u_rob=-0.0000 u_fric= 0.0078 ta=0.02 cmd=   2.18 slewB=1.00 raw q= 137.11deg | [DBG] t=   5.00s e= 18.21deg u= 0.3227 u_aux=-0.3053 u_rob=-0.0000 u_fric= 0.0078 ta=1.00 cmd=  -7.22 slewB=1.00 raw q= 120.67deg | [ERROR] q guard hit: |q-q_center|=35.07 deg > 35.00,"{""alpha"": 7.1072835468, ""amplitude_deg"": 10.0, ""baudrate"": 1000000.0, ""command_sign"": -1.0, ""control_output_scale"": 1.0, ""current_bias_raw"": 2.388573623625089, ""current_limit_raw"": 0.0, ""default_mode"": 3.0, ""device"": ""/dev/ttyAMA0"", ""disable_anti_windup"": false, ""disable_freeze_nn_on_saturation"": false, ""disable_freeze_zeta_on_saturation"": false, ""disturb_interval_sec"": 30.0, ""disturb_jitter_sec"": 3.0, ""disturb_mode"": ""mixed"", ""disturb_seed"": -1.0, ""disturbance_placement"": ""mid_move"", ""duration"": 10.0, ""dxl_id"": 6.0, ""enable_disturbance"": false, ""frequency_hz"": 3.0, ""fric_coulomb"": 0.007842760552788784, ""fric_vel_scale"": 0.47022304443333485, ""gamma_adapt"": 8.7187500403, ""gamma_link"": 0.7716451881827012, ""integral_limit"": 1.6504936083, ""k_delta"": 0.08254577286499079, ""max_abs_e_dot"": 6.0, ""max_control"": 0.322671520680552, ""max_current_raw"": 50.0, ""max_current_slew"": 60.656478566793616, ""mid_disturbance_offset_sec"": 0.0, ""no_set_current_mode"": false, ""predict_horizon_sec"": 0.0016891886043737658, ""pulse_current_raw_max"": 12.0, ""pulse_current_raw_min"": 4.0, ""pulse_duration_max"": 0.6, ""pulse_duration_min"": 0.15, ""q_abs_guard_deg"": 35.0, ""qd_lpf_alpha"": 0.08409756186270476, ""rate"": 120.0, ""rbf_center_max"": 3.2, ""rbf_center_min"": -3.2, ""rbf_nodes"": 11.0, ""rbf_width"": 1.4631904539, ""ref_jump_deg_max"": 8.0, ""ref_jump_deg_min"": 2.0, ""ref_jump_duration_max"": 0.6, ""ref_jump_duration_min"": 0.15, ""reference_shape"": ""sine"", ""reset_zeta_after_motion"": false, ""reset_zeta_on_segment"": false, ""restore_mode"": false, ""sigma_mod"": 0.2460708825, ""sine_center_mode"": ""lock"", ""soft_start_sec"": 0.7, ""step_absolute_target_deg"": null, ""step_absolute_target_rad"": null, ""step_delta_deg"": 40.0, ""step_ramp_sec"": 1.0, ""step_segment_sec"": 1.5, ""step_sequence_deg"": """", ""step_shape"": ""smoothstep"", ""step_start_sec"": 0.0, ""tail_err_full_deg"": 4.0, ""tail_err_thresh_deg"": 1.5, ""tail_kd"": 0.07277650959277873, ""tail_kp"": 0.0, ""tail_max_control_boost"": 0.0, ""tail_u_max"": 0.0, ""torque_to_current"": 210.0, ""zeta0"": 0.885692967, ""zeta_leak"": 0.0237735451, ""zeta_reset_delay_sec"": 0.0, ""zeta_reset_value"": null, ""zeta_soft"": 0.989185316}"
30,1,0.0,1000000.0,0.0,0.0,inf,inf,inf,inf,0.0,1.0,1.0,0.0,0.0,0.0,0.0,0.0,0.0,0.0,0.0,0.0,0.0,0.0,0.0,0.0,0.0,0.0,0.0,0.0,0.0,0.0,0.0,0.0,0.0,0.0,0.0,inf,inf,inf,1.0,1,7.5198986250002235,/tmp/nussbaum_sine_3hz_hard_runs/optuna_t0030_r01.csv,[DBG] t=   5.00s e= -0.51deg u=-0.2340 u_aux=-0.0790 u_rob=-0.0000 u_fric= 0.0015 ta=0.00 cmd=   1.84 slewB=1.00 raw q= 139.04deg | [DBG] t=   6.00s e= -1.04deg u= 0.2340 u_aux=-0.0783 u_rob=-0.0000 u_fric= 0.0015 ta=0.00 cmd= -10.31 slewB=1.00 raw q= 139.57deg | [ERROR] q guard hit: |q-q_center|=35.07 deg > 35.00,"{""alpha"": 7.1072835468, ""amplitude_deg"": 10.0, ""baudrate"": 1000000.0, ""command_sign"": -1.0, ""control_output_scale"": 1.0, ""current_bias_raw"": 0.7669132155991636, ""current_limit_raw"": 0.0, ""default_mode"": 3.0, ""device"": ""/dev/ttyAMA0"", ""disable_anti_windup"": false, ""disable_freeze_nn_on_saturation"": false, ""disable_freeze_zeta_on_saturation"": false, ""disturb_interval_sec"": 30.0, ""disturb_jitter_sec"": 3.0, ""disturb_mode"": ""mixed"", ""disturb_seed"": -1.0, ""disturbance_placement"": ""mid_move"", ""duration"": 10.0, ""dxl_id"": 6.0, ""enable_disturbance"": false, ""frequency_hz"": 3.0, ""fric_coulomb"": 0.0014576531867497656, ""fric_vel_scale"": 0.24016488772236158, ""gamma_adapt"": 8.7187500403, ""gamma_link"": 1.049690733776214, ""integral_limit"": 1.6504936083, ""k_delta"": 0.06809768085609175, ""max_abs_e_dot"": 6.0, ""max_control"": 0.2339577213885531, ""max_current_raw"": 92.0, ""max_current_slew"": 182.29415134005586, ""mid_disturbance_offset_sec"": 0.0, ""no_set_current_mode"": false, ""predict_horizon_sec"": 0.002072460586093943, ""pulse_current_raw_max"": 12.0, ""pulse_current_raw_min"": 4.0, ""pulse_duration_max"": 0.6, ""pulse_duration_min"": 0.15, ""q_abs_guard_deg"": 35.0, ""qd_lpf_alpha"": 0.10296562676025979, ""rate"": 120.0, ""rbf_center_max"": 3.2, ""rbf_center_min"": -3.2, ""rbf_nodes"": 11.0, ""rbf_width"": 1.4631904539, ""ref_jump_deg_max"": 8.0, ""ref_jump_deg_min"": 2.0, ""ref_jump_duration_max"": 0.6, ""ref_jump_duration_min"": 0.15, ""reference_shape"": ""sine"", ""reset_zeta_after_motion"": false, ""reset_zeta_on_segment"": false, ""restore_mode"": false, ""sigma_mod"": 0.2460708825, ""sine_center_mode"": ""lock"", ""soft_start_sec"": 0.7, ""step_absolute_target_deg"": null, ""step_absolute_target_rad"": null, ""step_delta_deg"": 40.0, ""step_ramp_sec"": 1.0, ""step_segment_sec"": 1.5, ""step_sequence_deg"": """", ""step_shape"": ""smoothstep"", ""step_start_sec"": 0.0, ""tail_err_full_deg"": 4.0, ""tail_err_thresh_deg"": 1.5, ""tail_kd"": 0.023718134279780916, ""tail_kp"": 0.0, ""tail_max_control_boost"": 0.0, ""tail_u_max"": 0.0, ""torque_to_current"": 210.0, ""zeta0"": 0.885692967, ""zeta_leak"": 0.0237735451, ""zeta_reset_delay_sec"": 0.0, ""zeta_reset_value"": null, ""zeta_soft"": 0.989185316}"
31,1,0.0,1000000.0,0.0,0.0,inf,inf,inf,inf,0.0,1.0,1.0,0.0,0.0,0.0,0.0,0.0,0.0,0.0,0.0,0.0,0.0,0.0,0.0,0.0,0.0,0.0,0.0,0.0,0.0,0.0,0.0,0.0,0.0,0.0,0.0,inf,inf,inf,1.0,1,9.835302752999723,/tmp/nussbaum_sine_3hz_hard_runs/optuna_t0031_r01.csv,[DBG] t=   7.00s e=  4.52deg u=-0.2357 u_aux=-0.2789 u_rob=-0.0000 u_fric= 0.0016 ta=1.00 cmd=   0.28 slewB=1.00 raw q= 134.30deg | [DBG] t=   8.00s e= -3.55deg u= 0.2357 u_aux=-0.2170 u_rob=-0.0000 u_fric= 0.0016 ta=0.91 cmd=  -2.06 slewB=1.00 raw q= 142.29deg | [ERROR] q guard hit: |q-q_center|=35.16 deg > 35.00,"{""alpha"": 7.1072835468, ""amplitude_deg"": 10.0, ""baudrate"": 1000000.0, ""command_sign"": -1.0, ""control_output_scale"": 1.0, ""current_bias_raw"": -0.22649684801960923, ""current_limit_raw"": 0.0, ""default_mode"": 3.0, ""device"": ""/dev/ttyAMA0"", ""disable_anti_windup"": false, ""disable_freeze_nn_on_saturation"": false, ""disable_freeze_zeta_on_saturation"": false, ""disturb_interval_sec"": 30.0, ""disturb_jitter_sec"": 3.0, ""disturb_mode"": ""mixed"", ""disturb_seed"": -1.0, ""disturbance_placement"": ""mid_move"", ""duration"": 10.0, ""dxl_id"": 6.0, ""enable_disturbance"": false, ""frequency_hz"": 3.0, ""fric_coulomb"": 0.001702757706312208, ""fric_vel_scale"": 1.6897762771861309, ""gamma_adapt"": 8.7187500403, ""gamma_link"": 0.872264665473738, ""integral_limit"": 1.6504936083, ""k_delta"": 0.07574664476670549, ""max_abs_e_dot"": 6.0, ""max_control"": 0.2356503524230764, ""max_current_raw"": 60.0, ""max_current_slew"": 140.21281712747248, ""mid_disturbance_offset_sec"": 0.0, ""no_set_current_mode"": false, ""predict_horizon_sec"": 0.001531132206057006, ""pulse_current_raw_max"": 12.0, ""pulse_current_raw_min"": 4.0, ""pulse_duration_max"": 0.6, ""pulse_duration_min"": 0.15, ""q_abs_guard_deg"": 35.0, ""qd_lpf_alpha"": 0.13714664407966168, ""rate"": 120.0, ""rbf_center_max"": 3.2, ""rbf_center_min"": -3.2, ""rbf_nodes"": 11.0, ""rbf_width"": 1.4631904539, ""ref_jump_deg_max"": 8.0, ""ref_jump_deg_min"": 2.0, ""ref_jump_duration_max"": 0.6, ""ref_jump_duration_min"": 0.15, ""reference_shape"": ""sine"", ""reset_zeta_after_motion"": false, ""reset_zeta_on_segment"": false, ""restore_mode"": false, ""sigma_mod"": 0.2460708825, ""sine_center_mode"": ""lock"", ""soft_start_sec"": 0.7, ""step_absolute_target_deg"": null, ""step_absolute_target_rad"": null, ""step_delta_deg"": 40.0, ""step_ramp_sec"": 1.0, ""step_segment_sec"": 1.5, ""step_sequence_deg"": """", ""step_shape"": ""smoothstep"", ""step_start_sec"": 0.0, ""tail_err_full_deg"": 4.0, ""tail_err_thresh_deg"": 1.5, ""tail_kd"": 0.0797251227372406, ""tail_kp"": 0.0, ""tail_max_control_boost"": 0.0, ""tail_u_max"": 0.0, ""torque_to_current"": 210.0, ""zeta0"": 0.885692967, ""zeta_leak"": 0.0237735451, ""zeta_reset_delay_sec"": 0.0, ""zeta_reset_value"": null, ""zeta_soft"": 0.989185316}"
32,1,0.0,1000000.0,0.0,0.0,inf,inf,inf,inf,0.0,1.0,1.0,0.0,0.0,0.0,0.0,0.0,0.0,0.0,0.0,0.0,0.0,0.0,0.0,0.0,0.0,0.0,0.0,0.0,0.0,0.0,0.0,0.0,0.0,0.0,0.0,inf,inf,inf,1.0,1,5.520789349000097,/tmp/nussbaum_sine_3hz_hard_runs/optuna_t0032_r01.csv,[DBG] t=   3.00s e= -0.78deg u=-0.3698 u_aux=-0.1585 u_rob=-0.0000 u_fric= 0.0099 ta=0.00 cmd=   2.20 slewB=1.00 raw q= 139.39deg | [DBG] t=   4.00s e=  0.19deg u= 0.3698 u_aux=-0.1532 u_rob=-0.0000 u_fric= 0.0099 ta=0.00 cmd= -13.80 slewB=1.00 raw q= 138.43deg | [ERROR] q guard hit: |q-q_center|=37.00 deg > 35.00,"{""alpha"": 7.1072835468, ""amplitude_deg"": 10.0, ""baudrate"": 1000000.0, ""command_sign"": -1.0, ""control_output_scale"": 1.0, ""current_bias_raw"": 0.19546708557232106, ""current_limit_raw"": 0.0, ""default_mode"": 3.0, ""device"": ""/dev/ttyAMA0"", ""disable_anti_windup"": false, ""disable_freeze_nn_on_saturation"": false, ""disable_freeze_zeta_on_saturation"": false, ""disturb_interval_sec"": 30.0, ""disturb_jitter_sec"": 3.0, ""disturb_mode"": ""mixed"", ""disturb_seed"": -1.0, ""disturbance_placement"": ""mid_move"", ""duration"": 10.0, ""dxl_id"": 6.0, ""enable_disturbance"": false, ""frequency_hz"": 3.0, ""fric_coulomb"": 0.009895623300080437, ""fric_vel_scale"": 0.827942487783434, ""gamma_adapt"": 8.7187500403, ""gamma_link"": 0.7819759357529543, ""integral_limit"": 1.6504936083, ""k_delta"": 0.146564256628557, ""max_abs_e_dot"": 6.0, ""max_control"": 0.36976119164348975, ""max_current_raw"": 84.0, ""max_current_slew"": 192.04013289305433, ""mid_disturbance_offset_sec"": 0.0, ""no_set_current_mode"": false, ""predict_horizon_sec"": 0.00026875486978334795, ""pulse_current_raw_max"": 12.0, ""pulse_current_raw_min"": 4.0, ""pulse_duration_max"": 0.6, ""pulse_duration_min"": 0.15, ""q_abs_guard_deg"": 35.0, ""qd_lpf_alpha"": 0.10277532430385142, ""rate"": 120.0, ""rbf_center_max"": 3.2, ""rbf_center_min"": -3.2, ""rbf_nodes"": 11.0, ""rbf_width"": 1.4631904539, ""ref_jump_deg_max"": 8.0, ""ref_jump_deg_min"": 2.0, ""ref_jump_duration_max"": 0.6, ""ref_jump_duration_min"": 0.15, ""reference_shape"": ""sine"", ""reset_zeta_after_motion"": false, ""reset_zeta_on_segment"": false, ""restore_mode"": false, ""sigma_mod"": 0.2460708825, ""sine_center_mode"": ""lock"", ""soft_start_sec"": 0.7, ""step_absolute_target_deg"": null, ""step_absolute_target_rad"": null, ""step_delta_deg"": 40.0, ""step_ramp_sec"": 1.0, ""step_segment_sec"": 1.5, ""step_sequence_deg"": """", ""step_shape"": ""smoothstep"", ""step_start_sec"": 0.0, ""tail_err_full_deg"": 4.0, ""tail_err_thresh_deg"": 1.5, ""tail_kd"": 0.04923465702165565, ""tail_kp"": 0.0, ""tail_max_control_boost"": 0.0, ""tail_u_max"": 0.0, ""torque_to_current"": 210.0, ""zeta0"": 0.885692967, ""zeta_leak"": 0.0237735451, ""zeta_reset_delay_sec"": 0.0, ""zeta_reset_value"": null, ""zeta_soft"": 0.989185316}"
33,1,0.0,1000000.0,0.0,0.0,inf,inf,inf,inf,0.0,1.0,1.0,0.0,0.0,0.0,0.0,0.0,0.0,0.0,0.0,0.0,0.0,0.0,0.0,0.0,0.0,0.0,0.0,0.0,0.0,0.0,0.0,0.0,0.0,0.0,0.0,inf,inf,inf,1.0,1,7.163285291999728,/tmp/nussbaum_sine_3hz_hard_runs/optuna_t0033_r01.csv,[DBG] t=   4.00s e=  3.61deg u=-0.2530 u_aux=-0.1293 u_rob=-0.0000 u_fric= 0.0064 ta=0.93 cmd=   2.07 slewB=1.00 raw q= 135.53deg | [DBG] t=   5.00s e=  0.28deg u=-0.2530 u_aux=-0.1247 u_rob=-0.0000 u_fric= 0.0064 ta=0.00 cmd=   2.91 slewB=1.00 raw q= 138.34deg | [ERROR] q guard hit: |q-q_center|=35.60 deg > 35.00,"{""alpha"": 7.1072835468, ""amplitude_deg"": 10.0, ""baudrate"": 1000000.0, ""command_sign"": -1.0, ""control_output_scale"": 1.0, ""current_bias_raw"": -0.40703530023639356, ""current_limit_raw"": 0.0, ""default_mode"": 3.0, ""device"": ""/dev/ttyAMA0"", ""disable_anti_windup"": false, ""disable_freeze_nn_on_saturation"": false, ""disable_freeze_zeta_on_saturation"": false, ""disturb_interval_sec"": 30.0, ""disturb_jitter_sec"": 3.0, ""disturb_mode"": ""mixed"", ""disturb_seed"": -1.0, ""disturbance_placement"": ""mid_move"", ""duration"": 10.0, ""dxl_id"": 6.0, ""enable_disturbance"": false, ""frequency_hz"": 3.0, ""fric_coulomb"": 0.006443967347931772, ""fric_vel_scale"": 0.4808038195401253, ""gamma_adapt"": 8.7187500403, ""gamma_link"": 0.9679462572065329, ""integral_limit"": 1.6504936083, ""k_delta"": 0.08812811468284193, ""max_abs_e_dot"": 6.0, ""max_control"": 0.2529559147347237, ""max_current_raw"": 71.0, ""max_current_slew"": 91.17213979297304, ""mid_disturbance_offset_sec"": 0.0, ""no_set_current_mode"": false, ""predict_horizon_sec"": 0.001434279306321684, ""pulse_current_raw_max"": 12.0, ""pulse_current_raw_min"": 4.0, ""pulse_duration_max"": 0.6, ""pulse_duration_min"": 0.15, ""q_abs_guard_deg"": 35.0, ""qd_lpf_alpha"": 0.042620617064613564, ""rate"": 120.0, ""rbf_center_max"": 3.2, ""rbf_center_min"": -3.2, ""rbf_nodes"": 11.0, ""rbf_width"": 1.4631904539, ""ref_jump_deg_max"": 8.0, ""ref_jump_deg_min"": 2.0, ""ref_jump_duration_max"": 0.6, ""ref_jump_duration_min"": 0.15, ""reference_shape"": ""sine"", ""reset_zeta_after_motion"": false, ""reset_zeta_on_segment"": false, ""restore_mode"": false, ""sigma_mod"": 0.2460708825, ""sine_center_mode"": ""lock"", ""soft_start_sec"": 0.7, ""step_absolute_target_deg"": null, ""step_absolute_target_rad"": null, ""step_delta_deg"": 40.0, ""step_ramp_sec"": 1.0, ""step_segment_sec"": 1.5, ""step_sequence_deg"": """", ""step_shape"": ""smoothstep"", ""step_start_sec"": 0.0, ""tail_err_full_deg"": 4.0, ""tail_err_thresh_deg"": 1.5, ""tail_kd"": 0.03786438449891784, ""tail_kp"": 0.0, ""tail_max_control_boost"": 0.0, ""tail_u_max"": 0.0, ""torque_to_current"": 210.0, ""zeta0"": 0.885692967, ""zeta_leak"": 0.0237735451, ""zeta_reset_delay_sec"": 0.0, ""zeta_reset_value"": null, ""zeta_soft"": 0.989185316}"
34,1,0.0,1000000.0,0.0,0.0,inf,inf,inf,inf,0.0,1.0,1.0,0.0,0.0,0.0,0.0,0.0,0.0,0.0,0.0,0.0,0.0,0.0,0.0,0.0,0.0,0.0,0.0,0.0,0.0,0.0,0.0,0.0,0.0,0.0,0.0,inf,inf,inf,1.0,1,4.68779462700013,/tmp/nussbaum_sine_3hz_hard_runs/optuna_t0034_r01.csv,[DBG] t=   2.00s e=  1.92deg u=-0.2893 u_aux=-0.0941 u_rob=-0.0000 u_fric= 0.0161 ta=0.08 cmd=   1.84 slewB=1.00 raw q= 136.76deg | [DBG] t=   3.00s e=  0.80deg u= 0.2893 u_aux=-0.0930 u_rob=-0.0000 u_fric= 0.0161 ta=0.00 cmd=  -5.78 slewB=1.00 raw q= 137.81deg | [ERROR] q guard hit: |q-q_center|=35.51 deg > 35.00,"{""alpha"": 7.1072835468, ""amplitude_deg"": 10.0, ""baudrate"": 1000000.0, ""command_sign"": -1.0, ""control_output_scale"": 1.0, ""current_bias_raw"": -0.13917620195198444, ""current_limit_raw"": 0.0, ""default_mode"": 3.0, ""device"": ""/dev/ttyAMA0"", ""disable_anti_windup"": false, ""disable_freeze_nn_on_saturation"": false, ""disable_freeze_zeta_on_saturation"": false, ""disturb_interval_sec"": 30.0, ""disturb_jitter_sec"": 3.0, ""disturb_mode"": ""mixed"", ""disturb_seed"": -1.0, ""disturbance_placement"": ""mid_move"", ""duration"": 10.0, ""dxl_id"": 6.0, ""enable_disturbance"": false, ""frequency_hz"": 3.0, ""fric_coulomb"": 0.01609092467119939, ""fric_vel_scale"": 0.566472475912364, ""gamma_adapt"": 8.7187500403, ""gamma_link"": 1.1652127583432006, ""integral_limit"": 1.6504936083, ""k_delta"": 0.04243112583534109, ""max_abs_e_dot"": 6.0, ""max_control"": 0.28929340267934317, ""max_current_raw"": 74.0, ""max_current_slew"": 113.56789477918406, ""mid_disturbance_offset_sec"": 0.0, ""no_set_current_mode"": false, ""predict_horizon_sec"": 0.0028206570824333846, ""pulse_current_raw_max"": 12.0, ""pulse_current_raw_min"": 4.0, ""pulse_duration_max"": 0.6, ""pulse_duration_min"": 0.15, ""q_abs_guard_deg"": 35.0, ""qd_lpf_alpha"": 0.06095956207903361, ""rate"": 120.0, ""rbf_center_max"": 3.2, ""rbf_center_min"": -3.2, ""rbf_nodes"": 11.0, ""rbf_width"": 1.4631904539, ""ref_jump_deg_max"": 8.0, ""ref_jump_deg_min"": 2.0, ""ref_jump_duration_max"": 0.6, ""ref_jump_duration_min"": 0.15, ""reference_shape"": ""sine"", ""reset_zeta_after_motion"": false, ""reset_zeta_on_segment"": false, ""restore_mode"": false, ""sigma_mod"": 0.2460708825, ""sine_center_mode"": ""lock"", ""soft_start_sec"": 0.7, ""step_absolute_target_deg"": null, ""step_absolute_target_rad"": null, ""step_delta_deg"": 40.0, ""step_ramp_sec"": 1.0, ""step_segment_sec"": 1.5, ""step_sequence_deg"": """", ""step_shape"": ""smoothstep"", ""step_start_sec"": 0.0, ""tail_err_full_deg"": 4.0, ""tail_err_thresh_deg"": 1.5, ""tail_kd"": 0.028486179007885994, ""tail_kp"": 0.0, ""tail_max_control_boost"": 0.0, ""tail_u_max"": 0.0, ""torque_to_current"": 210.0, ""zeta0"": 0.885692967, ""zeta_leak"": 0.0237735451, ""zeta_reset_delay_sec"": 0.0, ""zeta_reset_value"": null, ""zeta_soft"": 0.989185316}"
35,1,0.0,1000000.0,0.0,0.0,inf,inf,inf,inf,0.0,1.0,1.0,0.0,0.0,0.0,0.0,0.0,0.0,0.0,0.0,0.0,0.0,0.0,0.0,0.0,0.0,0.0,0.0,0.0,0.0,0.0,0.0,0.0,0.0,0.0,0.0,inf,inf,inf,1.0,1,5.549107588999959,/tmp/nussbaum_sine_3hz_hard_runs/optuna_t0035_r01.csv,[DBG] t=   3.00s e=  1.35deg u=-0.2582 u_aux=-0.0615 u_rob=-0.0000 u_fric= 0.0055 ta=0.00 cmd=   2.02 slewB=1.00 raw q= 137.29deg | [DBG] t=   4.00s e=  4.59deg u= 0.2582 u_aux=-0.0612 u_rob=-0.0000 u_fric= 0.0055 ta=1.00 cmd=  -9.36 slewB=1.00 raw q= 134.03deg | [ERROR] q guard hit: |q-q_center|=35.51 deg > 35.00,"{""alpha"": 7.1072835468, ""amplitude_deg"": 10.0, ""baudrate"": 1000000.0, ""command_sign"": -1.0, ""control_output_scale"": 1.0, ""current_bias_raw"": -0.4891576730875422, ""current_limit_raw"": 0.0, ""default_mode"": 3.0, ""device"": ""/dev/ttyAMA0"", ""disable_anti_windup"": false, ""disable_freeze_nn_on_saturation"": false, ""disable_freeze_zeta_on_saturation"": false, ""disturb_interval_sec"": 30.0, ""disturb_jitter_sec"": 3.0, ""disturb_mode"": ""mixed"", ""disturb_seed"": -1.0, ""disturbance_placement"": ""mid_move"", ""duration"": 10.0, ""dxl_id"": 6.0, ""enable_disturbance"": false, ""frequency_hz"": 3.0, ""fric_coulomb"": 0.005494898010136533, ""fric_vel_scale"": 0.22296897484571454, ""gamma_adapt"": 8.7187500403, ""gamma_link"": 0.7019535508196956, ""integral_limit"": 1.6504936083, ""k_delta"": 0.09452982626054265, ""max_abs_e_dot"": 6.0, ""max_control"": 0.25815915683857305, ""max_current_raw"": 62.0, ""max_current_slew"": 94.16290996012607, ""mid_disturbance_offset_sec"": 0.0, ""no_set_current_mode"": false, ""predict_horizon_sec"": 0.002102950838401355, ""pulse_current_raw_max"": 12.0, ""pulse_current_raw_min"": 4.0, ""pulse_duration_max"": 0.6, ""pulse_duration_min"": 0.15, ""q_abs_guard_deg"": 35.0, ""qd_lpf_alpha"": 0.08490790628084416, ""rate"": 120.0, ""rbf_center_max"": 3.2, ""rbf_center_min"": -3.2, ""rbf_nodes"": 11.0, ""rbf_width"": 1.4631904539, ""ref_jump_deg_max"": 8.0, ""ref_jump_deg_min"": 2.0, ""ref_jump_duration_max"": 0.6, ""ref_jump_duration_min"": 0.15, ""reference_shape"": ""sine"", ""reset_zeta_after_motion"": false, ""reset_zeta_on_segment"": false, ""restore_mode"": false, ""sigma_mod"": 0.2460708825, ""sine_center_mode"": ""lock"", ""soft_start_sec"": 0.7, ""step_absolute_target_deg"": null, ""step_absolute_target_rad"": null, ""step_delta_deg"": 40.0, ""step_ramp_sec"": 1.0, ""step_segment_sec"": 1.5, ""step_sequence_deg"": """", ""step_shape"": ""smoothstep"", ""step_start_sec"": 0.0, ""tail_err_full_deg"": 4.0, ""tail_err_thresh_deg"": 1.5, ""tail_kd"": 0.01857548848073236, ""tail_kp"": 0.0, ""tail_max_control_boost"": 0.0, ""tail_u_max"": 0.0, ""torque_to_current"": 210.0, ""zeta0"": 0.885692967, ""zeta_leak"": 0.0237735451, ""zeta_reset_delay_sec"": 0.0, ""zeta_reset_value"": null, ""zeta_soft"": 0.989185316}"
36,1,0.0,1000000.0,0.0,0.0,inf,inf,inf,inf,0.0,1.0,1.0,0.0,0.0,0.0,0.0,0.0,0.0,0.0,0.0,0.0,0.0,0.0,0.0,0.0,0.0,0.0,0.0,0.0,0.0,0.0,0.0,0.0,0.0,0.0,0.0,inf,inf,inf,1.0,1,10.712710567000158,/tmp/nussbaum_sine_3hz_hard_runs/optuna_t0036_r01.csv,[DBG] t=   8.00s e=  0.90deg u=-0.1842 u_aux=-0.2623 u_rob=-0.0000 u_fric= 0.0135 ta=0.00 cmd=   1.75 slewB=1.00 raw q= 137.72deg | [DBG] t=   9.00s e=  0.19deg u=-0.1644 u_aux=-0.2571 u_rob=-0.0000 u_fric= 0.0135 ta=0.00 cmd=   1.75 slewB=1.00 raw q= 138.43deg | [ERROR] q guard hit: |q-q_center|=35.42 deg > 35.00,"{""alpha"": 7.1072835468, ""amplitude_deg"": 10.0, ""baudrate"": 1000000.0, ""command_sign"": -1.0, ""control_output_scale"": 1.0, ""current_bias_raw"": -1.3236608195056703, ""current_limit_raw"": 0.0, ""default_mode"": 3.0, ""device"": ""/dev/ttyAMA0"", ""disable_anti_windup"": false, ""disable_freeze_nn_on_saturation"": false, ""disable_freeze_zeta_on_saturation"": false, ""disturb_interval_sec"": 30.0, ""disturb_jitter_sec"": 3.0, ""disturb_mode"": ""mixed"", ""disturb_seed"": -1.0, ""disturbance_placement"": ""mid_move"", ""duration"": 10.0, ""dxl_id"": 6.0, ""enable_disturbance"": false, ""frequency_hz"": 3.0, ""fric_coulomb"": 0.013794565206438592, ""fric_vel_scale"": 1.45561344798148, ""gamma_adapt"": 8.7187500403, ""gamma_link"": 0.7691521589694305, ""integral_limit"": 1.6504936083, ""k_delta"": 0.052619234315596425, ""max_abs_e_dot"": 6.0, ""max_control"": 0.20258061816818138, ""max_current_raw"": 50.0, ""max_current_slew"": 140.17171285337474, ""mid_disturbance_offset_sec"": 0.0, ""no_set_current_mode"": false, ""predict_horizon_sec"": 0.0005380498747835887, ""pulse_current_raw_max"": 12.0, ""pulse_current_raw_min"": 4.0, ""pulse_duration_max"": 0.6, ""pulse_duration_min"": 0.15, ""q_abs_guard_deg"": 35.0, ""qd_lpf_alpha"": 0.09947042593968361, ""rate"": 120.0, ""rbf_center_max"": 3.2, ""rbf_center_min"": -3.2, ""rbf_nodes"": 11.0, ""rbf_width"": 1.4631904539, ""ref_jump_deg_max"": 8.0, ""ref_jump_deg_min"": 2.0, ""ref_jump_duration_max"": 0.6, ""ref_jump_duration_min"": 0.15, ""reference_shape"": ""sine"", ""reset_zeta_after_motion"": false, ""reset_zeta_on_segment"": false, ""restore_mode"": false, ""sigma_mod"": 0.2460708825, ""sine_center_mode"": ""lock"", ""soft_start_sec"": 0.7, ""step_absolute_target_deg"": null, ""step_absolute_target_rad"": null, ""step_delta_deg"": 40.0, ""step_ramp_sec"": 1.0, ""step_segment_sec"": 1.5, ""step_sequence_deg"": """", ""step_shape"": ""smoothstep"", ""step_start_sec"": 0.0, ""tail_err_full_deg"": 4.0, ""tail_err_thresh_deg"": 1.5, ""tail_kd"": 0.07779016818647232, ""tail_kp"": 0.0, ""tail_max_control_boost"": 0.0, ""tail_u_max"": 0.0, ""torque_to_current"": 210.0, ""zeta0"": 0.885692967, ""zeta_leak"": 0.0237735451, ""zeta_reset_delay_sec"": 0.0, ""zeta_reset_value"": null, ""zeta_soft"": 0.989185316}"
37,1,0.0,1000000.0,0.0,0.0,inf,inf,inf,inf,0.0,1.0,1.0,0.0,0.0,0.0,0.0,0.0,0.0,0.0,0.0,0.0,0.0,0.0,0.0,0.0,0.0,0.0,0.0,0.0,0.0,0.0,0.0,0.0,0.0,0.0,0.0,inf,inf,inf,1.0,1,2.2501297949997934,/tmp/nussbaum_sine_3hz_hard_runs/optuna_t0037_r01.csv,[INFO] center locked at 2.41909 rad (138.60 deg) | [DBG] t=   0.00s e=  0.00deg u=-0.0011 u_aux=-0.0006 u_rob=-0.0000 u_fric= 0.0000 ta=0.00 cmd=   1.03 slewB=1.00 raw q= 138.60deg | [ERROR] q guard hit: |q-q_center|=36.65 deg > 35.00,"{""alpha"": 7.1072835468, ""amplitude_deg"": 10.0, ""baudrate"": 1000000.0, ""command_sign"": -1.0, ""control_output_scale"": 1.0, ""current_bias_raw"": 0.7981694248750413, ""current_limit_raw"": 0.0, ""default_mode"": 3.0, ""device"": ""/dev/ttyAMA0"", ""disable_anti_windup"": false, ""disable_freeze_nn_on_saturation"": false, ""disable_freeze_zeta_on_saturation"": false, ""disturb_interval_sec"": 30.0, ""disturb_jitter_sec"": 3.0, ""disturb_mode"": ""mixed"", ""disturb_seed"": -1.0, ""disturbance_placement"": ""mid_move"", ""duration"": 10.0, ""dxl_id"": 6.0, ""enable_disturbance"": false, ""frequency_hz"": 3.0, ""fric_coulomb"": 0.0005710401817413952, ""fric_vel_scale"": 1.1170464286067017, ""gamma_adapt"": 8.7187500403, ""gamma_link"": 1.0901061612267604, ""integral_limit"": 1.6504936083, ""k_delta"": 0.09282047731124199, ""max_abs_e_dot"": 6.0, ""max_control"": 0.37716198240443216, ""max_current_raw"": 57.0, ""max_current_slew"": 229.76638711276425, ""mid_disturbance_offset_sec"": 0.0, ""no_set_current_mode"": false, ""predict_horizon_sec"": 0.0005069129017982483, ""pulse_current_raw_max"": 12.0, ""pulse_current_raw_min"": 4.0, ""pulse_duration_max"": 0.6, ""pulse_duration_min"": 0.15, ""q_abs_guard_deg"": 35.0, ""qd_lpf_alpha"": 0.07393205866524503, ""rate"": 120.0, ""rbf_center_max"": 3.2, ""rbf_center_min"": -3.2, ""rbf_nodes"": 11.0, ""rbf_width"": 1.4631904539, ""ref_jump_deg_max"": 8.0, ""ref_jump_deg_min"": 2.0, ""ref_jump_duration_max"": 0.6, ""ref_jump_duration_min"": 0.15, ""reference_shape"": ""sine"", ""reset_zeta_after_motion"": false, ""reset_zeta_on_segment"": false, ""restore_mode"": false, ""sigma_mod"": 0.2460708825, ""sine_center_mode"": ""lock"", ""soft_start_sec"": 0.7, ""step_absolute_target_deg"": null, ""step_absolute_target_rad"": null, ""step_delta_deg"": 40.0, ""step_ramp_sec"": 1.0, ""step_segment_sec"": 1.5, ""step_sequence_deg"": """", ""step_shape"": ""smoothstep"", ""step_start_sec"": 0.0, ""tail_err_full_deg"": 4.0, ""tail_err_thresh_deg"": 1.5, ""tail_kd"": 0.025757184494599315, ""tail_kp"": 0.0, ""tail_max_control_boost"": 0.0, ""tail_u_max"": 0.0, ""torque_to_current"": 210.0, ""zeta0"": 0.885692967, ""zeta_leak"": 0.0237735451, ""zeta_reset_delay_sec"": 0.0, ""zeta_reset_value"": null, ""zeta_soft"": 0.989185316}"
38,1,0.0,1000000.0,0.0,0.0,inf,inf,inf,inf,0.0,1.0,1.0,0.0,0.0,0.0,0.0,0.0,0.0,0.0,0.0,0.0,0.0,0.0,0.0,0.0,0.0,0.0,0.0,0.0,0.0,0.0,0.0,0.0,0.0,0.0,0.0,inf,inf,inf,1.0,1,6.516823996000312,/tmp/nussbaum_sine_3hz_hard_runs/optuna_t0038_r01.csv,[DBG] t=   4.00s e=  1.36deg u=-0.3256 u_aux=-0.1924 u_rob=-0.0000 u_fric= 0.0052 ta=0.00 cmd=   1.45 slewB=1.00 raw q= 137.29deg | [DBG] t=   5.00s e=  1.45deg u= 0.3256 u_aux=-0.1939 u_rob=-0.0000 u_fric= 0.0052 ta=0.00 cmd=  -8.74 slewB=1.00 raw q= 137.20deg | [ERROR] q guard hit: |q-q_center|=36.39 deg > 35.00,"{""alpha"": 7.1072835468, ""amplitude_deg"": 10.0, ""baudrate"": 1000000.0, ""command_sign"": -1.0, ""control_output_scale"": 1.0, ""current_bias_raw"": 2.0075212109084077, ""current_limit_raw"": 0.0, ""default_mode"": 3.0, ""device"": ""/dev/ttyAMA0"", ""disable_anti_windup"": false, ""disable_freeze_nn_on_saturation"": false, ""disable_freeze_zeta_on_saturation"": false, ""disturb_interval_sec"": 30.0, ""disturb_jitter_sec"": 3.0, ""disturb_mode"": ""mixed"", ""disturb_seed"": -1.0, ""disturbance_placement"": ""mid_move"", ""duration"": 10.0, ""dxl_id"": 6.0, ""enable_disturbance"": false, ""frequency_hz"": 3.0, ""fric_coulomb"": 0.005240932992733932, ""fric_vel_scale"": 0.23636168635139462, ""gamma_adapt"": 8.7187500403, ""gamma_link"": 0.9751713854535657, ""integral_limit"": 1.6504936083, ""k_delta"": 0.11444323971794641, ""max_abs_e_dot"": 6.0, ""max_control"": 0.32556778321229957, ""max_current_raw"": 80.0, ""max_current_slew"": 152.8585159026309, ""mid_disturbance_offset_sec"": 0.0, ""no_set_current_mode"": false, ""predict_horizon_sec"": 0.003928641199124403, ""pulse_current_raw_max"": 12.0, ""pulse_current_raw_min"": 4.0, ""pulse_duration_max"": 0.6, ""pulse_duration_min"": 0.15, ""q_abs_guard_deg"": 35.0, ""qd_lpf_alpha"": 0.11609572052432186, ""rate"": 120.0, ""rbf_center_max"": 3.2, ""rbf_center_min"": -3.2, ""rbf_nodes"": 11.0, ""rbf_width"": 1.4631904539, ""ref_jump_deg_max"": 8.0, ""ref_jump_deg_min"": 2.0, ""ref_jump_duration_max"": 0.6, ""ref_jump_duration_min"": 0.15, ""reference_shape"": ""sine"", ""reset_zeta_after_motion"": false, ""reset_zeta_on_segment"": false, ""restore_mode"": false, ""sigma_mod"": 0.2460708825, ""sine_center_mode"": ""lock"", ""soft_start_sec"": 0.7, ""step_absolute_target_deg"": null, ""step_absolute_target_rad"": null, ""step_delta_deg"": 40.0, ""step_ramp_sec"": 1.0, ""step_segment_sec"": 1.5, ""step_sequence_deg"": """", ""step_shape"": ""smoothstep"", ""step_start_sec"": 0.0, ""tail_err_full_deg"": 4.0, ""tail_err_thresh_deg"": 1.5, ""tail_kd"": 0.05696559245175354, ""tail_kp"": 0.0, ""tail_max_control_boost"": 0.0, ""tail_u_max"": 0.0, ""torque_to_current"": 210.0, ""zeta0"": 0.885692967, ""zeta_leak"": 0.0237735451, ""zeta_reset_delay_sec"": 0.0, ""zeta_reset_value"": null, ""zeta_soft"": 0.989185316}"
39,1,0.0,1000000.0,0.0,0.0,inf,inf,inf,inf,0.0,1.0,1.0,0.0,0.0,0.0,0.0,0.0,0.0,0.0,0.0,0.0,0.0,0.0,0.0,0.0,0.0,0.0,0.0,0.0,0.0,0.0,0.0,0.0,0.0,0.0,0.0,inf,inf,inf,1.0,1,2.297486516999925,/tmp/nussbaum_sine_3hz_hard_runs/optuna_t0039_r01.csv,[DBG] t=   0.00s e=  0.09deg u=-0.0013 u_aux=-0.0007 u_rob=-0.0000 u_fric= 0.0000 ta=0.00 cmd=  -0.03 slewB=1.00 raw q= 138.60deg | [DBG] t=   1.00s e= 26.70deg u=-0.1931 u_aux=-0.1734 u_rob=-0.0000 u_fric= 0.0117 ta=1.00 cmd=  -7.94 slewB=1.00 raw q= 112.68deg | [ERROR] q guard hit: |q-q_center|=35.42 deg > 35.00,"{""alpha"": 7.1072835468, ""amplitude_deg"": 10.0, ""baudrate"": 1000000.0, ""command_sign"": -1.0, ""control_output_scale"": 1.0, ""current_bias_raw"": -0.3094808968621393, ""current_limit_raw"": 0.0, ""default_mode"": 3.0, ""device"": ""/dev/ttyAMA0"", ""disable_anti_windup"": false, ""disable_freeze_nn_on_saturation"": false, ""disable_freeze_zeta_on_saturation"": false, ""disturb_interval_sec"": 30.0, ""disturb_jitter_sec"": 3.0, ""disturb_mode"": ""mixed"", ""disturb_seed"": -1.0, ""disturbance_placement"": ""mid_move"", ""duration"": 10.0, ""dxl_id"": 6.0, ""enable_disturbance"": false, ""frequency_hz"": 3.0, ""fric_coulomb"": 0.011773539777539239, ""fric_vel_scale"": 1.0694067361384105, ""gamma_adapt"": 8.7187500403, ""gamma_link"": 0.9275074515849813, ""integral_limit"": 1.6504936083, ""k_delta"": 0.10014122242997266, ""max_abs_e_dot"": 6.0, ""max_control"": 0.19314047783799038, ""max_current_raw"": 45.0, ""max_current_slew"": 211.83858705175777, ""mid_disturbance_offset_sec"": 0.0, ""no_set_current_mode"": false, ""predict_horizon_sec"": 0.0011549402990532294, ""pulse_current_raw_max"": 12.0, ""pulse_current_raw_min"": 4.0, ""pulse_duration_max"": 0.6, ""pulse_duration_min"": 0.15, ""q_abs_guard_deg"": 35.0, ""qd_lpf_alpha"": 0.07072566862760736, ""rate"": 120.0, ""rbf_center_max"": 3.2, ""rbf_center_min"": -3.2, ""rbf_nodes"": 11.0, ""rbf_width"": 1.4631904539, ""ref_jump_deg_max"": 8.0, ""ref_jump_deg_min"": 2.0, ""ref_jump_duration_max"": 0.6, ""ref_jump_duration_min"": 0.15, ""reference_shape"": ""sine"", ""reset_zeta_after_motion"": false, ""reset_zeta_on_segment"": false, ""restore_mode"": false, ""sigma_mod"": 0.2460708825, ""sine_center_mode"": ""lock"", ""soft_start_sec"": 0.7, ""step_absolute_target_deg"": null, ""step_absolute_target_rad"": null, ""step_delta_deg"": 40.0, ""step_ramp_sec"": 1.0, ""step_segment_sec"": 1.5, ""step_sequence_deg"": """", ""step_shape"": ""smoothstep"", ""step_start_sec"": 0.0, ""tail_err_full_deg"": 4.0, ""tail_err_thresh_deg"": 1.5, ""tail_kd"": 0.031054276227734247, ""tail_kp"": 0.0, ""tail_max_control_boost"": 0.0, ""tail_u_max"": 0.0, ""torque_to_current"": 210.0, ""zeta0"": 0.885692967, ""zeta_leak"": 0.0237735451, ""zeta_reset_delay_sec"": 0.0, ""zeta_reset_value"": null, ""zeta_soft"": 0.989185316}"
40,1,0.0,1000000.0,0.0,0.0,inf,inf,inf,inf,0.0,1.0,1.0,0.0,0.0,0.0,0.0,0.0,0.0,0.0,0.0,0.0,0.0,0.0,0.0,0.0,0.0,0.0,0.0,0.0,0.0,0.0,0.0,0.0,0.0,0.0,0.0,inf,inf,inf,1.0,1,2.595261369000127,/tmp/nussbaum_sine_3hz_hard_runs/optuna_t0040_r01.csv,[DBG] t=   0.00s e=  0.09deg u=-0.0003 u_aux=-0.0000 u_rob=-0.0000 u_fric= 0.0000 ta=0.00 cmd=   1.90 slewB=1.00 raw q= 138.52deg | [DBG] t=   1.00s e= 30.29deg u=-0.3879 u_aux=-0.3441 u_rob=-0.0000 u_fric= 0.0010 ta=1.00 cmd=  21.90 slewB=1.00 raw q= 108.46deg | [ERROR] q guard hit: |q-q_center|=35.16 deg > 35.00,"{""alpha"": 7.1072835468, ""amplitude_deg"": 10.0, ""baudrate"": 1000000.0, ""command_sign"": -1.0, ""control_output_scale"": 1.0, ""current_bias_raw"": 1.835226001193978, ""current_limit_raw"": 0.0, ""default_mode"": 3.0, ""device"": ""/dev/ttyAMA0"", ""disable_anti_windup"": false, ""disable_freeze_nn_on_saturation"": false, ""disable_freeze_zeta_on_saturation"": false, ""disturb_interval_sec"": 30.0, ""disturb_jitter_sec"": 3.0, ""disturb_mode"": ""mixed"", ""disturb_seed"": -1.0, ""disturbance_placement"": ""mid_move"", ""duration"": 10.0, ""dxl_id"": 6.0, ""enable_disturbance"": false, ""frequency_hz"": 3.0, ""fric_coulomb"": 0.0010739133338590469, ""fric_vel_scale"": 1.703769326688577, ""gamma_adapt"": 8.7187500403, ""gamma_link"": 1.2442875739086434, ""integral_limit"": 1.6504936083, ""k_delta"": 0.14964386551036613, ""max_abs_e_dot"": 6.0, ""max_control"": 0.3878938718037727, ""max_current_raw"": 59.0, ""max_current_slew"": 273.25282570118225, ""mid_disturbance_offset_sec"": 0.0, ""no_set_current_mode"": false, ""predict_horizon_sec"": 0.0007646435254825537, ""pulse_current_raw_max"": 12.0, ""pulse_current_raw_min"": 4.0, ""pulse_duration_max"": 0.6, ""pulse_duration_min"": 0.15, ""q_abs_guard_deg"": 35.0, ""qd_lpf_alpha"": 0.1298399081409856, ""rate"": 120.0, ""rbf_center_max"": 3.2, ""rbf_center_min"": -3.2, ""rbf_nodes"": 11.0, ""rbf_width"": 1.4631904539, ""ref_jump_deg_max"": 8.0, ""ref_jump_deg_min"": 2.0, ""ref_jump_duration_max"": 0.6, ""ref_jump_duration_min"": 0.15, ""reference_shape"": ""sine"", ""reset_zeta_after_motion"": false, ""reset_zeta_on_segment"": false, ""restore_mode"": false, ""sigma_mod"": 0.2460708825, ""sine_center_mode"": ""lock"", ""soft_start_sec"": 0.7, ""step_absolute_target_deg"": null, ""step_absolute_target_rad"": null, ""step_delta_deg"": 40.0, ""step_ramp_sec"": 1.0, ""step_segment_sec"": 1.5, ""step_sequence_deg"": """", ""step_shape"": ""smoothstep"", ""step_start_sec"": 0.0, ""tail_err_full_deg"": 4.0, ""tail_err_thresh_deg"": 1.5, ""tail_kd"": 0.057345071471333955, ""tail_kp"": 0.0, ""tail_max_control_boost"": 0.0, ""tail_u_max"": 0.0, ""torque_to_current"": 210.0, ""zeta0"": 0.885692967, ""zeta_leak"": 0.0237735451, ""zeta_reset_delay_sec"": 0.0, ""zeta_reset_value"": null, ""zeta_soft"": 0.989185316}"
41,1,0.0,1000000.0,0.0,0.0,inf,inf,inf,inf,0.0,1.0,1.0,0.0,0.0,0.0,0.0,0.0,0.0,0.0,0.0,0.0,0.0,0.0,0.0,0.0,0.0,0.0,0.0,0.0,0.0,0.0,0.0,0.0,0.0,0.0,0.0,inf,inf,inf,1.0,1,2.3170016290000603,/tmp/nussbaum_sine_3hz_hard_runs/optuna_t0041_r01.csv,[DBG] t=   0.00s e=  0.00deg u=-0.0000 u_aux=-0.0000 u_rob=-0.0000 u_fric= 0.0000 ta=0.00 cmd=   1.13 slewB=1.00 raw q= 139.92deg | [DBG] t=   1.00s e= 20.51deg u=-0.1860 u_aux=-0.0580 u_rob=-0.0000 u_fric= 0.0017 ta=1.00 cmd= -17.68 slewB=1.00 raw q= 119.53deg | [ERROR] q guard hit: |q-q_center|=35.07 deg > 35.00,"{""alpha"": 7.1072835468, ""amplitude_deg"": 10.0, ""baudrate"": 1000000.0, ""command_sign"": -1.0, ""control_output_scale"": 1.0, ""current_bias_raw"": 1.1343518958360734, ""current_limit_raw"": 0.0, ""default_mode"": 3.0, ""device"": ""/dev/ttyAMA0"", ""disable_anti_windup"": false, ""disable_freeze_nn_on_saturation"": false, ""disable_freeze_zeta_on_saturation"": false, ""disturb_interval_sec"": 30.0, ""disturb_jitter_sec"": 3.0, ""disturb_mode"": ""mixed"", ""disturb_seed"": -1.0, ""disturbance_placement"": ""mid_move"", ""duration"": 10.0, ""dxl_id"": 6.0, ""enable_disturbance"": false, ""frequency_hz"": 3.0, ""fric_coulomb"": 0.0017340167912582615, ""fric_vel_scale"": 0.7383791169466192, ""gamma_adapt"": 8.7187500403, ""gamma_link"": 1.0249942559665, ""integral_limit"": 1.6504936083, ""k_delta"": 0.031791909869877184, ""max_abs_e_dot"": 6.0, ""max_control"": 0.21215648602655848, ""max_current_raw"": 50.0, ""max_current_slew"": 287.37040899952956, ""mid_disturbance_offset_sec"": 0.0, ""no_set_current_mode"": false, ""predict_horizon_sec"": 0.0016988302689713009, ""pulse_current_raw_max"": 12.0, ""pulse_current_raw_min"": 4.0, ""pulse_duration_max"": 0.6, ""pulse_duration_min"": 0.15, ""q_abs_guard_deg"": 35.0, ""qd_lpf_alpha"": 0.03411296258152535, ""rate"": 120.0, ""rbf_center_max"": 3.2, ""rbf_center_min"": -3.2, ""rbf_nodes"": 11.0, ""rbf_width"": 1.4631904539, ""ref_jump_deg_max"": 8.0, ""ref_jump_deg_min"": 2.0, ""ref_jump_duration_max"": 0.6, ""ref_jump_duration_min"": 0.15, ""reference_shape"": ""sine"", ""reset_zeta_after_motion"": false, ""reset_zeta_on_segment"": false, ""restore_mode"": false, ""sigma_mod"": 0.2460708825, ""sine_center_mode"": ""lock"", ""soft_start_sec"": 0.7, ""step_absolute_target_deg"": null, ""step_absolute_target_rad"": null, ""step_delta_deg"": 40.0, ""step_ramp_sec"": 1.0, ""step_segment_sec"": 1.5, ""step_sequence_deg"": """", ""step_shape"": ""smoothstep"", ""step_start_sec"": 0.0, ""tail_err_full_deg"": 4.0, ""tail_err_thresh_deg"": 1.5, ""tail_kd"": 0.013234590730906132, ""tail_kp"": 0.0, ""tail_max_control_boost"": 0.0, ""tail_u_max"": 0.0, ""torque_to_current"": 210.0, ""zeta0"": 0.885692967, ""zeta_leak"": 0.0237735451, ""zeta_reset_delay_sec"": 0.0, ""zeta_reset_value"": null, ""zeta_soft"": 0.989185316}"
42,1,0.0,1000000.0,0.0,0.0,inf,inf,inf,inf,0.0,1.0,1.0,0.0,0.0,0.0,0.0,0.0,0.0,0.0,0.0,0.0,0.0,0.0,0.0,0.0,0.0,0.0,0.0,0.0,0.0,0.0,0.0,0.0,0.0,0.0,0.0,inf,inf,inf,1.0,1,2.238776850999784,/tmp/nussbaum_sine_3hz_hard_runs/optuna_t0042_r01.csv,[INFO] center locked at 2.42369 rad (138.87 deg) | [DBG] t=   0.00s e=  0.09deg u=-0.0001 u_aux=-0.0000 u_rob=-0.0000 u_fric= 0.0000 ta=0.00 cmd=  -1.09 slewB=1.00 raw q= 138.78deg | [ERROR] q guard hit: |q-q_center|=35.24 deg > 35.00,"{""alpha"": 7.1072835468, ""amplitude_deg"": 10.0, ""baudrate"": 1000000.0, ""command_sign"": -1.0, ""control_output_scale"": 1.0, ""current_bias_raw"": -1.1212447174029334, ""current_limit_raw"": 0.0, ""default_mode"": 3.0, ""device"": ""/dev/ttyAMA0"", ""disable_anti_windup"": false, ""disable_freeze_nn_on_saturation"": false, ""disable_freeze_zeta_on_saturation"": false, ""disturb_interval_sec"": 30.0, ""disturb_jitter_sec"": 3.0, ""disturb_mode"": ""mixed"", ""disturb_seed"": -1.0, ""disturbance_placement"": ""mid_move"", ""duration"": 10.0, ""dxl_id"": 6.0, ""enable_disturbance"": false, ""frequency_hz"": 3.0, ""fric_coulomb"": 0.0053829032557979216, ""fric_vel_scale"": 1.4418936835889424, ""gamma_adapt"": 8.7187500403, ""gamma_link"": 0.8480546691838521, ""integral_limit"": 1.6504936083, ""k_delta"": 0.1052080714851888, ""max_abs_e_dot"": 6.0, ""max_control"": 0.23473767629348224, ""max_current_raw"": 45.0, ""max_current_slew"": 231.26683489166547, ""mid_disturbance_offset_sec"": 0.0, ""no_set_current_mode"": false, ""predict_horizon_sec"": 0.00016149836648051346, ""pulse_current_raw_max"": 12.0, ""pulse_current_raw_min"": 4.0, ""pulse_duration_max"": 0.6, ""pulse_duration_min"": 0.15, ""q_abs_guard_deg"": 35.0, ""qd_lpf_alpha"": 0.08288403243298384, ""rate"": 120.0, ""rbf_center_max"": 3.2, ""rbf_center_min"": -3.2, ""rbf_nodes"": 11.0, ""rbf_width"": 1.4631904539, ""ref_jump_deg_max"": 8.0, ""ref_jump_deg_min"": 2.0, ""ref_jump_duration_max"": 0.6, ""ref_jump_duration_min"": 0.15, ""reference_shape"": ""sine"", ""reset_zeta_after_motion"": false, ""reset_zeta_on_segment"": false, ""restore_mode"": false, ""sigma_mod"": 0.2460708825, ""sine_center_mode"": ""lock"", ""soft_start_sec"": 0.7, ""step_absolute_target_deg"": null, ""step_absolute_target_rad"": null, ""step_delta_deg"": 40.0, ""step_ramp_sec"": 1.0, ""step_segment_sec"": 1.5, ""step_sequence_deg"": """", ""step_shape"": ""smoothstep"", ""step_start_sec"": 0.0, ""tail_err_full_deg"": 4.0, ""tail_err_thresh_deg"": 1.5, ""tail_kd"": 0.07778803737542801, ""tail_kp"": 0.0, ""tail_max_control_boost"": 0.0, ""tail_u_max"": 0.0, ""torque_to_current"": 210.0, ""zeta0"": 0.885692967, ""zeta_leak"": 0.0237735451, ""zeta_reset_delay_sec"": 0.0, ""zeta_reset_value"": null, ""zeta_soft"": 0.989185316}"
43,1,1.0,68.78297867874936,1200.0,9.991745,7.897839487018914,9.088210554683652,13.50703521187336,27.08408012756643,0.45861472318324376,0.0,0.08828358024691357,0.9403472038295463,0.9329583084,0.8856936756,0.9329583084,0.04726463280000004,0.004726534138833333,0.032015955139999955,0.2027123539,0.0,0.0,0.0,0.0,0.0,0.0,0.0,0.0,0.0,0.0,0.0,0.0,0.0,0.0,0.0,0.0,7.698146355801628,13.331712336461544,14.64697000911955,0.0,0,11.365281863000291,/tmp/nussbaum_sine_3hz_hard_runs/optuna_t0043_r01.csv,,"{""alpha"": 7.1072835468, ""amplitude_deg"": 10.0, ""baudrate"": 1000000.0, ""command_sign"": -1.0, ""control_output_scale"": 1.0, ""current_bias_raw"": -1.0358912558185378, ""current_limit_raw"": 0.0, ""default_mode"": 3.0, ""device"": ""/dev/ttyAMA0"", ""disable_anti_windup"": false, ""disable_freeze_nn_on_saturation"": false, ""disable_freeze_zeta_on_saturation"": false, ""disturb_interval_sec"": 30.0, ""disturb_jitter_sec"": 3.0, ""disturb_mode"": ""mixed"", ""disturb_seed"": -1.0, ""disturbance_placement"": ""mid_move"", ""duration"": 10.0, ""dxl_id"": 6.0, ""enable_disturbance"": false, ""frequency_hz"": 3.0, ""fric_coulomb"": 0.008070026616632957, ""fric_vel_scale"": 1.0457189943525584, ""gamma_adapt"": 8.7187500403, ""gamma_link"": 1.0771957313429392, ""integral_limit"": 1.6504936083, ""k_delta"": 0.1249981553032089, ""max_abs_e_dot"": 6.0, ""max_control"": 0.16279714313834737, ""max_current_raw"": 54.0, ""max_current_slew"": 102.7822144687201, ""mid_disturbance_offset_sec"": 0.0, ""no_set_current_mode"": false, ""predict_horizon_sec"": 0.0016227853977628433, ""pulse_current_raw_max"": 12.0, ""pulse_current_raw_min"": 4.0, ""pulse_duration_max"": 0.6, ""pulse_duration_min"": 0.15, ""q_abs_guard_deg"": 35.0, ""qd_lpf_alpha"": 0.05455603549222875, ""rate"": 120.0, ""rbf_center_max"": 3.2, ""rbf_center_min"": -3.2, ""rbf_nodes"": 11.0, ""rbf_width"": 1.4631904539, ""ref_jump_deg_max"": 8.0, ""ref_jump_deg_min"": 2.0, ""ref_jump_duration_max"": 0.6, ""ref_jump_duration_min"": 0.15, ""reference_shape"": ""sine"", ""reset_zeta_after_motion"": false, ""reset_zeta_on_segment"": false, ""restore_mode"": false, ""sigma_mod"": 0.2460708825, ""sine_center_mode"": ""lock"", ""soft_start_sec"": 0.7, ""step_absolute_target_deg"": null, ""step_absolute_target_rad"": null, ""step_delta_deg"": 40.0, ""step_ramp_sec"": 1.0, ""step_segment_sec"": 1.5, ""step_sequence_deg"": """", ""step_shape"": ""smoothstep"", ""step_start_sec"": 0.0, ""tail_err_full_deg"": 4.0, ""tail_err_thresh_deg"": 1.5, ""tail_kd"": 0.05432050460255676, ""tail_kp"": 0.0, ""tail_max_control_boost"": 0.0, ""tail_u_max"": 0.0, ""torque_to_current"": 210.0, ""zeta0"": 0.885692967, ""zeta_leak"": 0.0237735451, ""zeta_reset_delay_sec"": 0.0, ""zeta_reset_value"": null, ""zeta_soft"": 0.989185316}"
44,1,1.0,1000013.4104056814,1200.0,9.991745,7.649438411865746,8.745258684825412,12.914686625313738,24.068125714388977,0.43658959431868866,0.0,0.0780380357142857,0.9383604285720921,0.9413286457,0.885692967,0.9413286457,0.05563567869999997,0.005563567869000001,0.034784565649999946,0.2264349174,0.0,0.0,0.0,0.0,0.0,0.0,0.0,0.0,0.0,0.0,0.0,0.0,0.0,0.0,0.0,0.0,7.5821307779941876,12.900576824843792,13.863950960743203,0.0,0,11.14410532599959,/tmp/nussbaum_sine_3hz_hard_runs/optuna_t0044_r01.csv,,"{""alpha"": 7.1072835468, ""amplitude_deg"": 10.0, ""baudrate"": 1000000.0, ""command_sign"": -1.0, ""control_output_scale"": 1.0, ""current_bias_raw"": -1.2892647411477467, ""current_limit_raw"": 0.0, ""default_mode"": 3.0, ""device"": ""/dev/ttyAMA0"", ""disable_anti_windup"": false, ""disable_freeze_nn_on_saturation"": false, ""disable_freeze_zeta_on_saturation"": false, ""disturb_interval_sec"": 30.0, ""disturb_jitter_sec"": 3.0, ""disturb_mode"": ""mixed"", ""disturb_seed"": -1.0, ""disturbance_placement"": ""mid_move"", ""duration"": 10.0, ""dxl_id"": 6.0, ""enable_disturbance"": false, ""frequency_hz"": 3.0, ""fric_coulomb"": 0.011516475178909212, ""fric_vel_scale"": 1.1206382101194379, ""gamma_adapt"": 8.7187500403, ""gamma_link"": 1.1370618320259425, ""integral_limit"": 1.6504936083, ""k_delta"": 0.1685829757826723, ""max_abs_e_dot"": 6.0, ""max_control"": 0.18910327808839797, ""max_current_raw"": 56.0, ""max_current_slew"": 92.75987394325465, ""mid_disturbance_offset_sec"": 0.0, ""no_set_current_mode"": false, ""predict_horizon_sec"": 0.0014844766583358162, ""pulse_current_raw_max"": 12.0, ""pulse_current_raw_min"": 4.0, ""pulse_duration_max"": 0.6, ""pulse_duration_min"": 0.15, ""q_abs_guard_deg"": 35.0, ""qd_lpf_alpha"": 0.06934514149554859, ""rate"": 120.0, ""rbf_center_max"": 3.2, ""rbf_center_min"": -3.2, ""rbf_nodes"": 11.0, ""rbf_width"": 1.4631904539, ""ref_jump_deg_max"": 8.0, ""ref_jump_deg_min"": 2.0, ""ref_jump_duration_max"": 0.6, ""ref_jump_duration_min"": 0.15, ""reference_shape"": ""sine"", ""reset_zeta_after_motion"": false, ""reset_zeta_on_segment"": false, ""restore_mode"": false, ""sigma_mod"": 0.2460708825, ""sine_center_mode"": ""lock"", ""soft_start_sec"": 0.7, ""step_absolute_target_deg"": null, ""step_absolute_target_rad"": null, ""step_delta_deg"": 40.0, ""step_ramp_sec"": 1.0, ""step_segment_sec"": 1.5, ""step_sequence_deg"": """", ""step_shape"": ""smoothstep"", ""step_start_sec"": 0.0, ""tail_err_full_deg"": 4.0, ""tail_err_thresh_deg"": 1.5, ""tail_kd"": 0.06104761135199111, ""tail_kp"": 0.0, ""tail_max_control_boost"": 0.0, ""tail_u_max"": 0.0, ""torque_to_current"": 210.0, ""zeta0"": 0.885692967, ""zeta_leak"": 0.0237735451, ""zeta_reset_delay_sec"": 0.0, ""zeta_reset_value"": null, ""zeta_soft"": 0.989185316}"
45,1,1.0,1000011.2157866599,1200.0,9.99176,8.86199878031681,10.352889451486625,16.632227400549116,29.12157866598636,0.7347687772764694,0.0,0.12711118827160495,0.9382517017362729,0.9541156468,0.885692967,0.9541156468,0.06842267980000005,0.006842267978083332,0.05338177127999996,0.248634923,0.0,0.0,0.0,0.0,0.0,0.0,0.0,0.0,0.0,0.0,0.0,0.0,0.0,0.0,0.0,0.0,8.60313269211288,14.41294902967783,15.98977100630791,0.0,0,11.046051938000346,/tmp/nussbaum_sine_3hz_hard_runs/optuna_t0045_r01.csv,,"{""alpha"": 7.1072835468, ""amplitude_deg"": 10.0, ""baudrate"": 1000000.0, ""command_sign"": -1.0, ""control_output_scale"": 1.0, ""current_bias_raw"": 0.06385544077358607, ""current_limit_raw"": 0.0, ""default_mode"": 3.0, ""device"": ""/dev/ttyAMA0"", ""disable_anti_windup"": false, ""disable_freeze_nn_on_saturation"": false, ""disable_freeze_zeta_on_saturation"": false, ""disturb_interval_sec"": 30.0, ""disturb_jitter_sec"": 3.0, ""disturb_mode"": ""mixed"", ""disturb_seed"": -1.0, ""disturbance_placement"": ""mid_move"", ""duration"": 10.0, ""dxl_id"": 6.0, ""enable_disturbance"": false, ""frequency_hz"": 3.0, ""fric_coulomb"": 0.003957470760131409, ""fric_vel_scale"": 0.8568621755212871, ""gamma_adapt"": 8.7187500403, ""gamma_link"": 1.0681617898791964, ""integral_limit"": 1.6504936083, ""k_delta"": 0.1287775768200762, ""max_abs_e_dot"": 6.0, ""max_control"": 0.184294690427168, ""max_current_raw"": 54.0, ""max_current_slew"": 155.146087296049, ""mid_disturbance_offset_sec"": 0.0, ""no_set_current_mode"": false, ""predict_horizon_sec"": 0.002549328811379984, ""pulse_current_raw_max"": 12.0, ""pulse_current_raw_min"": 4.0, ""pulse_duration_max"": 0.6, ""pulse_duration_min"": 0.15, ""q_abs_guard_deg"": 35.0, ""qd_lpf_alpha"": 0.03031661670779496, ""rate"": 120.0, ""rbf_center_max"": 3.2, ""rbf_center_min"": -3.2, ""rbf_nodes"": 11.0, ""rbf_width"": 1.4631904539, ""ref_jump_deg_max"": 8.0, ""ref_jump_deg_min"": 2.0, ""ref_jump_duration_max"": 0.6, ""ref_jump_duration_min"": 0.15, ""reference_shape"": ""sine"", ""reset_zeta_after_motion"": false, ""reset_zeta_on_segment"": false, ""restore_mode"": false, ""sigma_mod"": 0.2460708825, ""sine_center_mode"": ""lock"", ""soft_start_sec"": 0.7, ""step_absolute_target_deg"": null, ""step_absolute_target_rad"": null, ""step_delta_deg"": 40.0, ""step_ramp_sec"": 1.0, ""step_segment_sec"": 1.5, ""step_sequence_deg"": """", ""step_shape"": ""smoothstep"", ""step_start_sec"": 0.0, ""tail_err_full_deg"": 4.0, ""tail_err_thresh_deg"": 1.5, ""tail_kd"": 0.04118995383992064, ""tail_kp"": 0.0, ""tail_max_control_boost"": 0.0, ""tail_u_max"": 0.0, ""torque_to_current"": 210.0, ""zeta0"": 0.885692967, ""zeta_leak"": 0.0237735451, ""zeta_reset_delay_sec"": 0.0, ""zeta_reset_value"": null, ""zeta_soft"": 0.989185316}"
46,1,0.0,1000000.0,0.0,0.0,inf,inf,inf,inf,0.0,1.0,1.0,0.0,0.0,0.0,0.0,0.0,0.0,0.0,0.0,0.0,0.0,0.0,0.0,0.0,0.0,0.0,0.0,0.0,0.0,0.0,0.0,0.0,0.0,0.0,0.0,inf,inf,inf,1.0,1,2.2341850719999456,/tmp/nussbaum_sine_3hz_hard_runs/optuna_t0046_r01.csv,[DBG] t=   0.00s e=  0.00deg u=-0.0000 u_aux=-0.0000 u_rob=-0.0000 u_fric= 0.0000 ta=0.00 cmd=   1.79 slewB=1.00 raw q= 139.13deg | [DBG] t=   1.00s e= 32.20deg u=-0.3794 u_aux=-0.4036 u_rob=-0.0000 u_fric= 0.0092 ta=1.00 cmd=  -8.13 slewB=1.00 raw q= 107.05deg | [ERROR] q guard hit: |q-q_center|=35.42 deg > 35.00,"{""alpha"": 7.1072835468, ""amplitude_deg"": 10.0, ""baudrate"": 1000000.0, ""command_sign"": -1.0, ""control_output_scale"": 1.0, ""current_bias_raw"": 1.792838705355305, ""current_limit_raw"": 0.0, ""default_mode"": 3.0, ""device"": ""/dev/ttyAMA0"", ""disable_anti_windup"": false, ""disable_freeze_nn_on_saturation"": false, ""disable_freeze_zeta_on_saturation"": false, ""disturb_interval_sec"": 30.0, ""disturb_jitter_sec"": 3.0, ""disturb_mode"": ""mixed"", ""disturb_seed"": -1.0, ""disturbance_placement"": ""mid_move"", ""duration"": 10.0, ""dxl_id"": 6.0, ""enable_disturbance"": false, ""frequency_hz"": 3.0, ""fric_coulomb"": 0.00928389034775936, ""fric_vel_scale"": 1.2591956876352886, ""gamma_adapt"": 8.7187500403, ""gamma_link"": 1.0452837026822168, ""integral_limit"": 1.6504936083, ""k_delta"": 0.08476564040502893, ""max_abs_e_dot"": 6.0, ""max_control"": 0.37942813161966965, ""max_current_raw"": 51.0, ""max_current_slew"": 253.08810698573316, ""mid_disturbance_offset_sec"": 0.0, ""no_set_current_mode"": false, ""predict_horizon_sec"": 0.0005558455765284115, ""pulse_current_raw_max"": 12.0, ""pulse_current_raw_min"": 4.0, ""pulse_duration_max"": 0.6, ""pulse_duration_min"": 0.15, ""q_abs_guard_deg"": 35.0, ""qd_lpf_alpha"": 0.0905830899784286, ""rate"": 120.0, ""rbf_center_max"": 3.2, ""rbf_center_min"": -3.2, ""rbf_nodes"": 11.0, ""rbf_width"": 1.4631904539, ""ref_jump_deg_max"": 8.0, ""ref_jump_deg_min"": 2.0, ""ref_jump_duration_max"": 0.6, ""ref_jump_duration_min"": 0.15, ""reference_shape"": ""sine"", ""reset_zeta_after_motion"": false, ""reset_zeta_on_segment"": false, ""restore_mode"": false, ""sigma_mod"": 0.2460708825, ""sine_center_mode"": ""lock"", ""soft_start_sec"": 0.7, ""step_absolute_target_deg"": null, ""step_absolute_target_rad"": null, ""step_delta_deg"": 40.0, ""step_ramp_sec"": 1.0, ""step_segment_sec"": 1.5, ""step_sequence_deg"": """", ""step_shape"": ""smoothstep"", ""step_start_sec"": 0.0, ""tail_err_full_deg"": 4.0, ""tail_err_thresh_deg"": 1.5, ""tail_kd"": 0.06726496695962086, ""tail_kp"": 0.0, ""tail_max_control_boost"": 0.0, ""tail_u_max"": 0.0, ""torque_to_current"": 210.0, ""zeta0"": 0.885692967, ""zeta_leak"": 0.0237735451, ""zeta_reset_delay_sec"": 0.0, ""zeta_reset_value"": null, ""zeta_soft"": 0.989185316}"
47,1,1.0,1000299.443946528,1200.0,9.991759,9.074789231264079,10.390637762598544,17.050116230789378,20.876840921771468,0.7432240887296301,0.0,0.09351616104868914,0.9276653350045532,1.8013452321,0.885692967,1.8012402942,0.9155473272000001,0.09155473272483332,1.082690609754999,7.4296419811,0.0,0.0,0.0,0.0,0.0,0.0,0.0,0.0,0.0,0.0,0.0,0.0,0.0,0.0,0.0,0.0,8.980900219733043,16.994439465279967,18.1874656909166,0.0,0,11.267190400000345,/tmp/nussbaum_sine_3hz_hard_runs/optuna_t0047_r01.csv,,"{""alpha"": 7.1072835468, ""amplitude_deg"": 10.0, ""baudrate"": 1000000.0, ""command_sign"": -1.0, ""control_output_scale"": 1.0, ""current_bias_raw"": 1.7848477451941205, ""current_limit_raw"": 0.0, ""default_mode"": 3.0, ""device"": ""/dev/ttyAMA0"", ""disable_anti_windup"": false, ""disable_freeze_nn_on_saturation"": false, ""disable_freeze_zeta_on_saturation"": false, ""disturb_interval_sec"": 30.0, ""disturb_jitter_sec"": 3.0, ""disturb_mode"": ""mixed"", ""disturb_seed"": -1.0, ""disturbance_placement"": ""mid_move"", ""duration"": 10.0, ""dxl_id"": 6.0, ""enable_disturbance"": false, ""frequency_hz"": 3.0, ""fric_coulomb"": 0.006142981331885344, ""fric_vel_scale"": 0.23736485286641792, ""gamma_adapt"": 8.7187500403, ""gamma_link"": 0.7450311027875609, ""integral_limit"": 1.6504936083, ""k_delta"": 0.0748931503113232, ""max_abs_e_dot"": 6.0, ""max_control"": 0.20320726798329494, ""max_current_raw"": 89.0, ""max_current_slew"": 191.75565812606422, ""mid_disturbance_offset_sec"": 0.0, ""no_set_current_mode"": false, ""predict_horizon_sec"": 0.0024720844706693766, ""pulse_current_raw_max"": 12.0, ""pulse_current_raw_min"": 4.0, ""pulse_duration_max"": 0.6, ""pulse_duration_min"": 0.15, ""q_abs_guard_deg"": 35.0, ""qd_lpf_alpha"": 0.1289957769279339, ""rate"": 120.0, ""rbf_center_max"": 3.2, ""rbf_center_min"": -3.2, ""rbf_nodes"": 11.0, ""rbf_width"": 1.4631904539, ""ref_jump_deg_max"": 8.0, ""ref_jump_deg_min"": 2.0, ""ref_jump_duration_max"": 0.6, ""ref_jump_duration_min"": 0.15, ""reference_shape"": ""sine"", ""reset_zeta_after_motion"": false, ""reset_zeta_on_segment"": false, ""restore_mode"": false, ""sigma_mod"": 0.2460708825, ""sine_center_mode"": ""lock"", ""soft_start_sec"": 0.7, ""step_absolute_target_deg"": null, ""step_absolute_target_rad"": null, ""step_delta_deg"": 40.0, ""step_ramp_sec"": 1.0, ""step_segment_sec"": 1.5, ""step_sequence_deg"": """", ""step_shape"": ""smoothstep"", ""step_start_sec"": 0.0, ""tail_err_full_deg"": 4.0, ""tail_err_thresh_deg"": 1.5, ""tail_kd"": 0.05563640140963588, ""tail_kp"": 0.0, ""tail_max_control_boost"": 0.0, ""tail_u_max"": 0.0, ""torque_to_current"": 210.0, ""zeta0"": 0.885692967, ""zeta_leak"": 0.0237735451, ""zeta_reset_delay_sec"": 0.0, ""zeta_reset_value"": null, ""zeta_soft"": 0.989185316}"
48,1,1.0,1000013.6159467795,1200.0,9.991792,7.908846211076689,9.175451712766058,14.461647695217799,25.854191762636315,0.601249057368334,0.0,0.08393595029239767,0.9400207588636016,0.9473645209,0.885692967,0.9473645209,0.06167155390000001,0.00616715539075,0.03588479622499992,0.2490249546,0.0,0.0,0.0,0.0,0.0,0.0,0.0,0.0,0.0,0.0,0.0,0.0,0.0,0.0,0.0,0.0,7.9951331610104255,14.136159467795455,14.80683339288005,0.0,0,11.136673123000037,/tmp/nussbaum_sine_3hz_hard_runs/optuna_t0048_r01.csv,,"{""alpha"": 7.1072835468, ""amplitude_deg"": 10.0, ""baudrate"": 1000000.0, ""command_sign"": -1.0, ""control_output_scale"": 1.0, ""current_bias_raw"": -0.7346223395598642, ""current_limit_raw"": 0.0, ""default_mode"": 3.0, ""device"": ""/dev/ttyAMA0"", ""disable_anti_windup"": false, ""disable_freeze_nn_on_saturation"": false, ""disable_freeze_zeta_on_saturation"": false, ""disturb_interval_sec"": 30.0, ""disturb_jitter_sec"": 3.0, ""disturb_mode"": ""mixed"", ""disturb_seed"": -1.0, ""disturbance_placement"": ""mid_move"", ""duration"": 10.0, ""dxl_id"": 6.0, ""enable_disturbance"": false, ""frequency_hz"": 3.0, ""fric_coulomb"": 0.010428284028757784, ""fric_vel_scale"": 1.5833219943588912, ""gamma_adapt"": 8.7187500403, ""gamma_link"": 0.902725587417065, ""integral_limit"": 1.6504936083, ""k_delta"": 0.11641404726128185, ""max_abs_e_dot"": 6.0, ""max_control"": 0.16296016351306009, ""max_current_raw"": 57.0, ""max_current_slew"": 102.80549128166541, ""mid_disturbance_offset_sec"": 0.0, ""no_set_current_mode"": false, ""predict_horizon_sec"": 0.0007892444125236138, ""pulse_current_raw_max"": 12.0, ""pulse_current_raw_min"": 4.0, ""pulse_duration_max"": 0.6, ""pulse_duration_min"": 0.15, ""q_abs_guard_deg"": 35.0, ""qd_lpf_alpha"": 0.02334916728329586, ""rate"": 120.0, ""rbf_center_max"": 3.2, ""rbf_center_min"": -3.2, ""rbf_nodes"": 11.0, ""rbf_width"": 1.4631904539, ""ref_jump_deg_max"": 8.0, ""ref_jump_deg_min"": 2.0, ""ref_jump_duration_max"": 0.6, ""ref_jump_duration_min"": 0.15, ""reference_shape"": ""sine"", ""reset_zeta_after_motion"": false, ""reset_zeta_on_segment"": false, ""restore_mode"": false, ""sigma_mod"": 0.2460708825, ""sine_center_mode"": ""lock"", ""soft_start_sec"": 0.7, ""step_absolute_target_deg"": null, ""step_absolute_target_rad"": null, ""step_delta_deg"": 40.0, ""step_ramp_sec"": 1.0, ""step_segment_sec"": 1.5, ""step_sequence_deg"": """", ""step_shape"": ""smoothstep"", ""step_start_sec"": 0.0, ""tail_err_full_deg"": 4.0, ""tail_err_thresh_deg"": 1.5, ""tail_kd"": 0.02412110307572153, ""tail_kp"": 0.0, ""tail_max_control_boost"": 0.0, ""tail_u_max"": 0.0, ""torque_to_current"": 210.0, ""zeta0"": 0.885692967, ""zeta_leak"": 0.0237735451, ""zeta_reset_delay_sec"": 0.0, ""zeta_reset_value"": null, ""zeta_soft"": 0.989185316}"
49,1,1.0,1000006.7395918152,1200.0,9.991747,9.04349227259802,10.424768212342155,15.975665273838308,28.67395918152101,0.6275093034891069,0.0,0.13672403508771927,0.935617528334488,0.9507226234,0.885692967,0.9507226234,0.06502965640000002,0.006502965637166667,0.05540691698499991,0.2006803658,0.0,0.0,0.0,0.0,0.0,0.0,0.0,0.0,0.0,0.0,0.0,0.0,0.0,0.0,0.0,0.0,8.983786371543253,14.732050001808792,15.81715818287889,0.0,0,11.1847595119998,/tmp/nussbaum_sine_3hz_hard_runs/optuna_t0049_r01.csv,,"{""alpha"": 7.1072835468, ""amplitude_deg"": 10.0, ""baudrate"": 1000000.0, ""command_sign"": -1.0, ""control_output_scale"": 1.0, ""current_bias_raw"": -0.6148171744149324, ""current_limit_raw"": 0.0, ""default_mode"": 3.0, ""device"": ""/dev/ttyAMA0"", ""disable_anti_windup"": false, ""disable_freeze_nn_on_saturation"": false, ""disable_freeze_zeta_on_saturation"": false, ""disturb_interval_sec"": 30.0, ""disturb_jitter_sec"": 3.0, ""disturb_mode"": ""mixed"", ""disturb_seed"": -1.0, ""disturbance_placement"": ""mid_move"", ""duration"": 10.0, ""dxl_id"": 6.0, ""enable_disturbance"": false, ""frequency_hz"": 3.0, ""fric_coulomb"": 0.008550711924252564, ""fric_vel_scale"": 0.9158834953048208, ""gamma_adapt"": 8.7187500403, ""gamma_link"": 1.3305915465316098, ""integral_limit"": 1.6504936083, ""k_delta"": 0.12696080819266437, ""max_abs_e_dot"": 6.0, ""max_control"": 0.1732395114495833, ""max_current_raw"": 57.0, ""max_current_slew"": 179.03482030504003, ""mid_disturbance_offset_sec"": 0.0, ""no_set_current_mode"": false, ""predict_horizon_sec"": 0.0008244192132637896, ""pulse_current_raw_max"": 12.0, ""pulse_current_raw_min"": 4.0, ""pulse_duration_max"": 0.6, ""pulse_duration_min"": 0.15, ""q_abs_guard_deg"": 35.0, ""qd_lpf_alpha"": 0.044421830739290354, ""rate"": 120.0, ""rbf_center_max"": 3.2, ""rbf_center_min"": -3.2, ""rbf_nodes"": 11.0, ""rbf_width"": 1.4631904539, ""ref_jump_deg_max"": 8.0, ""ref_jump_deg_min"": 2.0, ""ref_jump_duration_max"": 0.6, ""ref_jump_duration_min"": 0.15, ""reference_shape"": ""sine"", ""reset_zeta_after_motion"": false, ""reset_zeta_on_segment"": false, ""restore_mode"": false, ""sigma_mod"": 0.2460708825, ""sine_center_mode"": ""lock"", ""soft_start_sec"": 0.7, ""step_absolute_target_deg"": null, ""step_absolute_target_rad"": null, ""step_delta_deg"": 40.0, ""step_ramp_sec"": 1.0, ""step_segment_sec"": 1.5, ""step_sequence_deg"": """", ""step_shape"": ""smoothstep"", ""step_start_sec"": 0.0, ""tail_err_full_deg"": 4.0, ""tail_err_thresh_deg"": 1.5, ""tail_kd"": 0.028723896020337873, ""tail_kp"": 0.0, ""tail_max_control_boost"": 0.0, ""tail_u_max"": 0.0, ""torque_to_current"": 210.0, ""zeta0"": 0.885692967, ""zeta_leak"": 0.0237735451, ""zeta_reset_delay_sec"": 0.0, ""zeta_reset_value"": null, ""zeta_soft"": 0.989185316}"
50,1,1.0,1000004.3499415364,1200.0,9.992034,8.914068667123454,10.208689116255336,15.977496248421673,25.393793566088696,0.6599952788057942,0.0,0.14129856918238992,0.9453548480303127,1.0732539135,0.885692967,1.0732539135,0.1875609465000001,0.018756094650416666,0.049892140094999766,1.0604824654,0.0,0.0,0.0,0.0,0.0,0.0,0.0,0.0,0.0,0.0,0.0,0.0,0.0,0.0,0.0,0.0,8.773261549604847,14.043499415363968,15.1292837954943,0.0,0,11.157364438000059,/tmp/nussbaum_sine_3hz_hard_runs/optuna_t0050_r01.csv,,"{""alpha"": 7.1072835468, ""amplitude_deg"": 10.0, ""baudrate"": 1000000.0, ""command_sign"": -1.0, ""control_output_scale"": 1.0, ""current_bias_raw"": -1.2513232976071542, ""current_limit_raw"": 0.0, ""default_mode"": 3.0, ""device"": ""/dev/ttyAMA0"", ""disable_anti_windup"": false, ""disable_freeze_nn_on_saturation"": false, ""disable_freeze_zeta_on_saturation"": false, ""disturb_interval_sec"": 30.0, ""disturb_jitter_sec"": 3.0, ""disturb_mode"": ""mixed"", ""disturb_seed"": -1.0, ""disturbance_placement"": ""mid_move"", ""duration"": 10.0, ""dxl_id"": 6.0, ""enable_disturbance"": false, ""frequency_hz"": 3.0, ""fric_coulomb"": 0.00234749048124431, ""fric_vel_scale"": 0.7983073672898647, ""gamma_adapt"": 8.7187500403, ""gamma_link"": 1.0804213463459003, ""integral_limit"": 1.6504936083, ""k_delta"": 0.07328359464645415, ""max_abs_e_dot"": 6.0, ""max_control"": 0.16398071085493177, ""max_current_raw"": 53.0, ""max_current_slew"": 172.52317366220962, ""mid_disturbance_offset_sec"": 0.0, ""no_set_current_mode"": false, ""predict_horizon_sec"": 0.0015635580574798592, ""pulse_current_raw_max"": 12.0, ""pulse_current_raw_min"": 4.0, ""pulse_duration_max"": 0.6, ""pulse_duration_min"": 0.15, ""q_abs_guard_deg"": 35.0, ""qd_lpf_alpha"": 0.059393209935923535, ""rate"": 120.0, ""rbf_center_max"": 3.2, ""rbf_center_min"": -3.2, ""rbf_nodes"": 11.0, ""rbf_width"": 1.4631904539, ""ref_jump_deg_max"": 8.0, ""ref_jump_deg_min"": 2.0, ""ref_jump_duration_max"": 0.6, ""ref_jump_duration_min"": 0.15, ""reference_shape"": ""sine"", ""reset_zeta_after_motion"": false, ""reset_zeta_on_segment"": false, ""restore_mode"": false, ""sigma_mod"": 0.2460708825, ""sine_center_mode"": ""lock"", ""soft_start_sec"": 0.7, ""step_absolute_target_deg"": null, ""step_absolute_target_rad"": null, ""step_delta_deg"": 40.0, ""step_ramp_sec"": 1.0, ""step_segment_sec"": 1.5, ""step_sequence_deg"": """", ""step_shape"": ""smoothstep"", ""step_start_sec"": 0.0, ""tail_err_full_deg"": 4.0, ""tail_err_thresh_deg"": 1.5, ""tail_kd"": 0.06111682322622574, ""tail_kp"": 0.0, ""tail_max_control_boost"": 0.0, ""tail_u_max"": 0.0, ""torque_to_current"": 210.0, ""zeta0"": 0.885692967, ""zeta_leak"": 0.0237735451, ""zeta_reset_delay_sec"": 0.0, ""zeta_reset_value"": null, ""zeta_soft"": 0.989185316}"
51,1,0.0,1000000.0,0.0,0.0,inf,inf,inf,inf,0.0,1.0,1.0,0.0,0.0,0.0,0.0,0.0,0.0,0.0,0.0,0.0,0.0,0.0,0.0,0.0,0.0,0.0,0.0,0.0,0.0,0.0,0.0,0.0,0.0,0.0,0.0,inf,inf,inf,1.0,1,2.610434888000327,/tmp/nussbaum_sine_3hz_hard_runs/optuna_t0051_r01.csv,[DBG] t=   0.00s e=  0.00deg u=-0.0000 u_aux=-0.0000 u_rob=-0.0000 u_fric= 0.0000 ta=0.00 cmd=   2.20 slewB=1.00 raw q= 139.13deg | [DBG] t=   1.00s e= 12.17deg u=-0.1836 u_aux=-0.0554 u_rob=-0.0000 u_fric= 0.0049 ta=1.00 cmd= -10.21 slewB=1.00 raw q= 127.00deg | [ERROR] q guard hit: |q-q_center|=37.18 deg > 35.00,"{""alpha"": 7.1072835468, ""amplitude_deg"": 10.0, ""baudrate"": 1000000.0, ""command_sign"": -1.0, ""control_output_scale"": 1.0, ""current_bias_raw"": 2.1950721217576232, ""current_limit_raw"": 0.0, ""default_mode"": 3.0, ""device"": ""/dev/ttyAMA0"", ""disable_anti_windup"": false, ""disable_freeze_nn_on_saturation"": false, ""disable_freeze_zeta_on_saturation"": false, ""disturb_interval_sec"": 30.0, ""disturb_jitter_sec"": 3.0, ""disturb_mode"": ""mixed"", ""disturb_seed"": -1.0, ""disturbance_placement"": ""mid_move"", ""duration"": 10.0, ""dxl_id"": 6.0, ""enable_disturbance"": false, ""frequency_hz"": 3.0, ""fric_coulomb"": 0.004964821388529595, ""fric_vel_scale"": 1.2641978716783688, ""gamma_adapt"": 8.7187500403, ""gamma_link"": 0.9058898004319044, ""integral_limit"": 1.6504936083, ""k_delta"": 0.06181864001855879, ""max_abs_e_dot"": 6.0, ""max_control"": 0.18357142116043562, ""max_current_raw"": 60.0, ""max_current_slew"": 281.34552196241003, ""mid_disturbance_offset_sec"": 0.0, ""no_set_current_mode"": false, ""predict_horizon_sec"": 0.000601981443849515, ""pulse_current_raw_max"": 12.0, ""pulse_current_raw_min"": 4.0, ""pulse_duration_max"": 0.6, ""pulse_duration_min"": 0.15, ""q_abs_guard_deg"": 35.0, ""qd_lpf_alpha"": 0.03385790415334229, ""rate"": 120.0, ""rbf_center_max"": 3.2, ""rbf_center_min"": -3.2, ""rbf_nodes"": 11.0, ""rbf_width"": 1.4631904539, ""ref_jump_deg_max"": 8.0, ""ref_jump_deg_min"": 2.0, ""ref_jump_duration_max"": 0.6, ""ref_jump_duration_min"": 0.15, ""reference_shape"": ""sine"", ""reset_zeta_after_motion"": false, ""reset_zeta_on_segment"": false, ""restore_mode"": false, ""sigma_mod"": 0.2460708825, ""sine_center_mode"": ""lock"", ""soft_start_sec"": 0.7, ""step_absolute_target_deg"": null, ""step_absolute_target_rad"": null, ""step_delta_deg"": 40.0, ""step_ramp_sec"": 1.0, ""step_segment_sec"": 1.5, ""step_sequence_deg"": """", ""step_shape"": ""smoothstep"", ""step_start_sec"": 0.0, ""tail_err_full_deg"": 4.0, ""tail_err_thresh_deg"": 1.5, ""tail_kd"": 0.014009235977071545, ""tail_kp"": 0.0, ""tail_max_control_boost"": 0.0, ""tail_u_max"": 0.0, ""torque_to_current"": 210.0, ""zeta0"": 0.885692967, ""zeta_leak"": 0.0237735451, ""zeta_reset_delay_sec"": 0.0, ""zeta_reset_value"": null, ""zeta_soft"": 0.989185316}"
52,1,0.0,1000000.0,0.0,0.0,inf,inf,inf,inf,0.0,1.0,1.0,0.0,0.0,0.0,0.0,0.0,0.0,0.0,0.0,0.0,0.0,0.0,0.0,0.0,0.0,0.0,0.0,0.0,0.0,0.0,0.0,0.0,0.0,0.0,0.0,inf,inf,inf,1.0,1,9.763591013000223,/tmp/nussbaum_sine_3hz_hard_runs/optuna_t0052_r01.csv,[DBG] t=   7.00s e=  2.70deg u=-0.2570 u_aux=-0.2374 u_rob=-0.0000 u_fric= 0.0059 ta=0.47 cmd=   1.79 slewB=1.00 raw q= 137.55deg | [DBG] t=   8.00s e= -0.96deg u=-0.2570 u_aux=-0.2091 u_rob=-0.0000 u_fric= 0.0059 ta=0.00 cmd=   1.79 slewB=1.00 raw q= 140.98deg | [ERROR] q guard hit: |q-q_center|=36.65 deg > 35.00,"{""alpha"": 7.1072835468, ""amplitude_deg"": 10.0, ""baudrate"": 1000000.0, ""command_sign"": -1.0, ""control_output_scale"": 1.0, ""current_bias_raw"": -0.353501457837745, ""current_limit_raw"": 0.0, ""default_mode"": 3.0, ""device"": ""/dev/ttyAMA0"", ""disable_anti_windup"": false, ""disable_freeze_nn_on_saturation"": false, ""disable_freeze_zeta_on_saturation"": false, ""disturb_interval_sec"": 30.0, ""disturb_jitter_sec"": 3.0, ""disturb_mode"": ""mixed"", ""disturb_seed"": -1.0, ""disturbance_placement"": ""mid_move"", ""duration"": 10.0, ""dxl_id"": 6.0, ""enable_disturbance"": false, ""frequency_hz"": 3.0, ""fric_coulomb"": 0.005929929846041441, ""fric_vel_scale"": 0.7317679210953303, ""gamma_adapt"": 8.7187500403, ""gamma_link"": 0.7242721339695859, ""integral_limit"": 1.6504936083, ""k_delta"": 0.03156283907421136, ""max_abs_e_dot"": 6.0, ""max_control"": 0.25700577600976837, ""max_current_raw"": 57.0, ""max_current_slew"": 187.0298179402385, ""mid_disturbance_offset_sec"": 0.0, ""no_set_current_mode"": false, ""predict_horizon_sec"": 0.0009550131253993035, ""pulse_current_raw_max"": 12.0, ""pulse_current_raw_min"": 4.0, ""pulse_duration_max"": 0.6, ""pulse_duration_min"": 0.15, ""q_abs_guard_deg"": 35.0, ""qd_lpf_alpha"": 0.06405791677997603, ""rate"": 120.0, ""rbf_center_max"": 3.2, ""rbf_center_min"": -3.2, ""rbf_nodes"": 11.0, ""rbf_width"": 1.4631904539, ""ref_jump_deg_max"": 8.0, ""ref_jump_deg_min"": 2.0, ""ref_jump_duration_max"": 0.6, ""ref_jump_duration_min"": 0.15, ""reference_shape"": ""sine"", ""reset_zeta_after_motion"": false, ""reset_zeta_on_segment"": false, ""restore_mode"": false, ""sigma_mod"": 0.2460708825, ""sine_center_mode"": ""lock"", ""soft_start_sec"": 0.7, ""step_absolute_target_deg"": null, ""step_absolute_target_rad"": null, ""step_delta_deg"": 40.0, ""step_ramp_sec"": 1.0, ""step_segment_sec"": 1.5, ""step_sequence_deg"": """", ""step_shape"": ""smoothstep"", ""step_start_sec"": 0.0, ""tail_err_full_deg"": 4.0, ""tail_err_thresh_deg"": 1.5, ""tail_kd"": 0.06808164286298053, ""tail_kp"": 0.0, ""tail_max_control_boost"": 0.0, ""tail_u_max"": 0.0, ""torque_to_current"": 210.0, ""zeta0"": 0.885692967, ""zeta_leak"": 0.0237735451, ""zeta_reset_delay_sec"": 0.0, ""zeta_reset_value"": null, ""zeta_soft"": 0.989185316}"
53,1,0.0,1000000.0,0.0,0.0,inf,inf,inf,inf,0.0,1.0,1.0,0.0,0.0,0.0,0.0,0.0,0.0,0.0,0.0,0.0,0.0,0.0,0.0,0.0,0.0,0.0,0.0,0.0,0.0,0.0,0.0,0.0,0.0,0.0,0.0,inf,inf,inf,1.0,1,2.5415790170000037,/tmp/nussbaum_sine_3hz_hard_runs/optuna_t0053_r01.csv,[DBG] t=   0.00s e=  0.00deg u=-0.0000 u_aux=-0.0000 u_rob=-0.0000 u_fric= 0.0000 ta=0.00 cmd=   2.41 slewB=1.00 raw q= 138.78deg | [DBG] t=   1.00s e= 14.16deg u=-0.2174 u_aux=-0.0625 u_rob=-0.0000 u_fric= 0.0060 ta=1.00 cmd= -14.54 slewB=1.00 raw q= 124.72deg | [ERROR] q guard hit: |q-q_center|=35.16 deg > 35.00,"{""alpha"": 7.1072835468, ""amplitude_deg"": 10.0, ""baudrate"": 1000000.0, ""command_sign"": -1.0, ""control_output_scale"": 1.0, ""current_bias_raw"": 2.4095869692191956, ""current_limit_raw"": 0.0, ""default_mode"": 3.0, ""device"": ""/dev/ttyAMA0"", ""disable_anti_windup"": false, ""disable_freeze_nn_on_saturation"": false, ""disable_freeze_zeta_on_saturation"": false, ""disturb_interval_sec"": 30.0, ""disturb_jitter_sec"": 3.0, ""disturb_mode"": ""mixed"", ""disturb_seed"": -1.0, ""disturbance_placement"": ""mid_move"", ""duration"": 10.0, ""dxl_id"": 6.0, ""enable_disturbance"": false, ""frequency_hz"": 3.0, ""fric_coulomb"": 0.006029184036888137, ""fric_vel_scale"": 0.638672343947098, ""gamma_adapt"": 8.7187500403, ""gamma_link"": 0.7353335488452549, ""integral_limit"": 1.6504936083, ""k_delta"": 0.030674099049067698, ""max_abs_e_dot"": 6.0, ""max_control"": 0.21741408393031245, ""max_current_raw"": 60.0, ""max_current_slew"": 293.92043706218095, ""mid_disturbance_offset_sec"": 0.0, ""no_set_current_mode"": false, ""predict_horizon_sec"": 0.0015381330714617143, ""pulse_current_raw_max"": 12.0, ""pulse_current_raw_min"": 4.0, ""pulse_duration_max"": 0.6, ""pulse_duration_min"": 0.15, ""q_abs_guard_deg"": 35.0, ""qd_lpf_alpha"": 0.031072091599587785, ""rate"": 120.0, ""rbf_center_max"": 3.2, ""rbf_center_min"": -3.2, ""rbf_nodes"": 11.0, ""rbf_width"": 1.4631904539, ""ref_jump_deg_max"": 8.0, ""ref_jump_deg_min"": 2.0, ""ref_jump_duration_max"": 0.6, ""ref_jump_duration_min"": 0.15, ""reference_shape"": ""sine"", ""reset_zeta_after_motion"": false, ""reset_zeta_on_segment"": false, ""restore_mode"": false, ""sigma_mod"": 0.2460708825, ""sine_center_mode"": ""lock"", ""soft_start_sec"": 0.7, ""step_absolute_target_deg"": null, ""step_absolute_target_rad"": null, ""step_delta_deg"": 40.0, ""step_ramp_sec"": 1.0, ""step_segment_sec"": 1.5, ""step_sequence_deg"": """", ""step_shape"": ""smoothstep"", ""step_start_sec"": 0.0, ""tail_err_full_deg"": 4.0, ""tail_err_thresh_deg"": 1.5, ""tail_kd"": 0.015305340039584711, ""tail_kp"": 0.0, ""tail_max_control_boost"": 0.0, ""tail_u_max"": 0.0, ""torque_to_current"": 210.0, ""zeta0"": 0.885692967, ""zeta_leak"": 0.0237735451, ""zeta_reset_delay_sec"": 0.0, ""zeta_reset_value"": null, ""zeta_soft"": 0.989185316}"
54,1,0.0,1000000.0,0.0,0.0,inf,inf,inf,inf,0.0,1.0,1.0,0.0,0.0,0.0,0.0,0.0,0.0,0.0,0.0,0.0,0.0,0.0,0.0,0.0,0.0,0.0,0.0,0.0,0.0,0.0,0.0,0.0,0.0,0.0,0.0,inf,inf,inf,1.0,1,10.821195753000211,/tmp/nussbaum_sine_3hz_hard_runs/optuna_t0054_r01.csv,[DBG] t=   8.00s e= -2.62deg u=-0.2088 u_aux=-0.1339 u_rob=-0.0000 u_fric= 0.0068 ta=0.42 cmd=   0.69 slewB=1.00 raw q= 141.50deg | [DBG] t=   9.00s e=  0.98deg u=-0.2088 u_aux=-0.1324 u_rob=-0.0000 u_fric= 0.0068 ta=0.00 cmd=   0.69 slewB=1.00 raw q= 137.90deg | [ERROR] q guard hit: |q-q_center|=35.77 deg > 35.00,"{""alpha"": 7.1072835468, ""amplitude_deg"": 10.0, ""baudrate"": 1000000.0, ""command_sign"": -1.0, ""control_output_scale"": 1.0, ""current_bias_raw"": -0.9906546704436322, ""current_limit_raw"": 0.0, ""default_mode"": 3.0, ""device"": ""/dev/ttyAMA0"", ""disable_anti_windup"": false, ""disable_freeze_nn_on_saturation"": false, ""disable_freeze_zeta_on_saturation"": false, ""disturb_interval_sec"": 30.0, ""disturb_jitter_sec"": 3.0, ""disturb_mode"": ""mixed"", ""disturb_seed"": -1.0, ""disturbance_placement"": ""mid_move"", ""duration"": 10.0, ""dxl_id"": 6.0, ""enable_disturbance"": false, ""frequency_hz"": 3.0, ""fric_coulomb"": 0.006828357616233893, ""fric_vel_scale"": 1.0176292774634097, ""gamma_adapt"": 8.7187500403, ""gamma_link"": 0.7230152060624897, ""integral_limit"": 1.6504936083, ""k_delta"": 0.034935044057684536, ""max_abs_e_dot"": 6.0, ""max_control"": 0.20879868448072952, ""max_current_raw"": 46.0, ""max_current_slew"": 211.06582475600845, ""mid_disturbance_offset_sec"": 0.0, ""no_set_current_mode"": false, ""predict_horizon_sec"": 0.0009839464568067303, ""pulse_current_raw_max"": 12.0, ""pulse_current_raw_min"": 4.0, ""pulse_duration_max"": 0.6, ""pulse_duration_min"": 0.15, ""q_abs_guard_deg"": 35.0, ""qd_lpf_alpha"": 0.10906905338662365, ""rate"": 120.0, ""rbf_center_max"": 3.2, ""rbf_center_min"": -3.2, ""rbf_nodes"": 11.0, ""rbf_width"": 1.4631904539, ""ref_jump_deg_max"": 8.0, ""ref_jump_deg_min"": 2.0, ""ref_jump_duration_max"": 0.6, ""ref_jump_duration_min"": 0.15, ""reference_shape"": ""sine"", ""reset_zeta_after_motion"": false, ""reset_zeta_on_segment"": false, ""restore_mode"": false, ""sigma_mod"": 0.2460708825, ""sine_center_mode"": ""lock"", ""soft_start_sec"": 0.7, ""step_absolute_target_deg"": null, ""step_absolute_target_rad"": null, ""step_delta_deg"": 40.0, ""step_ramp_sec"": 1.0, ""step_segment_sec"": 1.5, ""step_sequence_deg"": """", ""step_shape"": ""smoothstep"", ""step_start_sec"": 0.0, ""tail_err_full_deg"": 4.0, ""tail_err_thresh_deg"": 1.5, ""tail_kd"": 0.03984470770411715, ""tail_kp"": 0.0, ""tail_max_control_boost"": 0.0, ""tail_u_max"": 0.0, ""torque_to_current"": 210.0, ""zeta0"": 0.885692967, ""zeta_leak"": 0.0237735451, ""zeta_reset_delay_sec"": 0.0, ""zeta_reset_value"": null, ""zeta_soft"": 0.989185316}"
55,1,0.0,1000000.0,0.0,0.0,inf,inf,inf,inf,0.0,1.0,1.0,0.0,0.0,0.0,0.0,0.0,0.0,0.0,0.0,0.0,0.0,0.0,0.0,0.0,0.0,0.0,0.0,0.0,0.0,0.0,0.0,0.0,0.0,0.0,0.0,inf,inf,inf,1.0,1,6.948692940000001,/tmp/nussbaum_sine_3hz_hard_runs/optuna_t0055_r01.csv,[DBG] t=   4.00s e=  1.43deg u=-0.2904 u_aux=-0.2048 u_rob=-0.0000 u_fric= 0.0031 ta=0.00 cmd=   2.10 slewB=1.00 raw q= 137.46deg | [DBG] t=   5.00s e=  0.99deg u=-0.3204 u_aux=-0.2127 u_rob=-0.0000 u_fric= 0.0031 ta=0.00 cmd=   2.10 slewB=1.00 raw q= 137.90deg | [ERROR] q guard hit: |q-q_center|=35.24 deg > 35.00,"{""alpha"": 7.1072835468, ""amplitude_deg"": 10.0, ""baudrate"": 1000000.0, ""command_sign"": -1.0, ""control_output_scale"": 1.0, ""current_bias_raw"": -1.1210534138744102, ""current_limit_raw"": 0.0, ""default_mode"": 3.0, ""device"": ""/dev/ttyAMA0"", ""disable_anti_windup"": false, ""disable_freeze_nn_on_saturation"": false, ""disable_freeze_zeta_on_saturation"": false, ""disturb_interval_sec"": 30.0, ""disturb_jitter_sec"": 3.0, ""disturb_mode"": ""mixed"", ""disturb_seed"": -1.0, ""disturbance_placement"": ""mid_move"", ""duration"": 10.0, ""dxl_id"": 6.0, ""enable_disturbance"": false, ""frequency_hz"": 3.0, ""fric_coulomb"": 0.003068361534491416, ""fric_vel_scale"": 1.0843480984573812, ""gamma_adapt"": 8.7187500403, ""gamma_link"": 0.732117753117302, ""integral_limit"": 1.6504936083, ""k_delta"": 0.035892851630843686, ""max_abs_e_dot"": 6.0, ""max_control"": 0.32040261220964844, ""max_current_raw"": 46.0, ""max_current_slew"": 117.76415071190762, ""mid_disturbance_offset_sec"": 0.0, ""no_set_current_mode"": false, ""predict_horizon_sec"": 2.082147299265574e-05, ""pulse_current_raw_max"": 12.0, ""pulse_current_raw_min"": 4.0, ""pulse_duration_max"": 0.6, ""pulse_duration_min"": 0.15, ""q_abs_guard_deg"": 35.0, ""qd_lpf_alpha"": 0.11155628004104526, ""rate"": 120.0, ""rbf_center_max"": 3.2, ""rbf_center_min"": -3.2, ""rbf_nodes"": 11.0, ""rbf_width"": 1.4631904539, ""ref_jump_deg_max"": 8.0, ""ref_jump_deg_min"": 2.0, ""ref_jump_duration_max"": 0.6, ""ref_jump_duration_min"": 0.15, ""reference_shape"": ""sine"", ""reset_zeta_after_motion"": false, ""reset_zeta_on_segment"": false, ""restore_mode"": false, ""sigma_mod"": 0.2460708825, ""sine_center_mode"": ""lock"", ""soft_start_sec"": 0.7, ""step_absolute_target_deg"": null, ""step_absolute_target_rad"": null, ""step_delta_deg"": 40.0, ""step_ramp_sec"": 1.0, ""step_segment_sec"": 1.5, ""step_sequence_deg"": """", ""step_shape"": ""smoothstep"", ""step_start_sec"": 0.0, ""tail_err_full_deg"": 4.0, ""tail_err_thresh_deg"": 1.5, ""tail_kd"": 0.06226779937158231, ""tail_kp"": 0.0, ""tail_max_control_boost"": 0.0, ""tail_u_max"": 0.0, ""torque_to_current"": 210.0, ""zeta0"": 0.885692967, ""zeta_leak"": 0.0237735451, ""zeta_reset_delay_sec"": 0.0, ""zeta_reset_value"": null, ""zeta_soft"": 0.989185316}"
56,1,0.0,1000000.0,0.0,0.0,inf,inf,inf,inf,0.0,1.0,1.0,0.0,0.0,0.0,0.0,0.0,0.0,0.0,0.0,0.0,0.0,0.0,0.0,0.0,0.0,0.0,0.0,0.0,0.0,0.0,0.0,0.0,0.0,0.0,0.0,inf,inf,inf,1.0,1,8.0689489399997,/tmp/nussbaum_sine_3hz_hard_runs/optuna_t0056_r01.csv,[DBG] t=   5.00s e=  0.37deg u=-0.2868 u_aux=-0.2169 u_rob=-0.0000 u_fric= 0.0013 ta=0.00 cmd=   0.31 slewB=1.00 raw q= 138.52deg | [DBG] t=   6.00s e=  1.88deg u=-0.2879 u_aux=-0.1991 u_rob=-0.0000 u_fric= 0.0013 ta=0.06 cmd=  -3.53 slewB=1.00 raw q= 137.11deg | [ERROR] q guard hit: |q-q_center|=36.91 deg > 35.00,"{""alpha"": 7.1072835468, ""amplitude_deg"": 10.0, ""baudrate"": 1000000.0, ""command_sign"": -1.0, ""control_output_scale"": 1.0, ""current_bias_raw"": 2.410293581351341, ""current_limit_raw"": 0.0, ""default_mode"": 3.0, ""device"": ""/dev/ttyAMA0"", ""disable_anti_windup"": false, ""disable_freeze_nn_on_saturation"": false, ""disable_freeze_zeta_on_saturation"": false, ""disturb_interval_sec"": 30.0, ""disturb_jitter_sec"": 3.0, ""disturb_mode"": ""mixed"", ""disturb_seed"": -1.0, ""disturbance_placement"": ""mid_move"", ""duration"": 10.0, ""dxl_id"": 6.0, ""enable_disturbance"": false, ""frequency_hz"": 3.0, ""fric_coulomb"": 0.0012567669303114046, ""fric_vel_scale"": 0.24163305207881136, ""gamma_adapt"": 8.7187500403, ""gamma_link"": 0.8799716307681229, ""integral_limit"": 1.6504936083, ""k_delta"": 0.052384143587352425, ""max_abs_e_dot"": 6.0, ""max_control"": 0.2878680764675526, ""max_current_raw"": 100.0, ""max_current_slew"": 230.58485377759047, ""mid_disturbance_offset_sec"": 0.0, ""no_set_current_mode"": false, ""predict_horizon_sec"": 0.0036411028933313275, ""pulse_current_raw_max"": 12.0, ""pulse_current_raw_min"": 4.0, ""pulse_duration_max"": 0.6, ""pulse_duration_min"": 0.15, ""q_abs_guard_deg"": 35.0, ""qd_lpf_alpha"": 0.13557128086983333, ""rate"": 120.0, ""rbf_center_max"": 3.2, ""rbf_center_min"": -3.2, ""rbf_nodes"": 11.0, ""rbf_width"": 1.4631904539, ""ref_jump_deg_max"": 8.0, ""ref_jump_deg_min"": 2.0, ""ref_jump_duration_max"": 0.6, ""ref_jump_duration_min"": 0.15, ""reference_shape"": ""sine"", ""reset_zeta_after_motion"": false, ""reset_zeta_on_segment"": false, ""restore_mode"": false, ""sigma_mod"": 0.2460708825, ""sine_center_mode"": ""lock"", ""soft_start_sec"": 0.7, ""step_absolute_target_deg"": null, ""step_absolute_target_rad"": null, ""step_delta_deg"": 40.0, ""step_ramp_sec"": 1.0, ""step_segment_sec"": 1.5, ""step_sequence_deg"": """", ""step_shape"": ""smoothstep"", ""step_start_sec"": 0.0, ""tail_err_full_deg"": 4.0, ""tail_err_thresh_deg"": 1.5, ""tail_kd"": 0.05873342611456041, ""tail_kp"": 0.0, ""tail_max_control_boost"": 0.0, ""tail_u_max"": 0.0, ""torque_to_current"": 210.0, ""zeta0"": 0.885692967, ""zeta_leak"": 0.0237735451, ""zeta_reset_delay_sec"": 0.0, ""zeta_reset_value"": null, ""zeta_soft"": 0.989185316}"
57,1,0.0,1000000.0,0.0,0.0,inf,inf,inf,inf,0.0,1.0,1.0,0.0,0.0,0.0,0.0,0.0,0.0,0.0,0.0,0.0,0.0,0.0,0.0,0.0,0.0,0.0,0.0,0.0,0.0,0.0,0.0,0.0,0.0,0.0,0.0,inf,inf,inf,1.0,1,2.3880639440003506,/tmp/nussbaum_sine_3hz_hard_runs/optuna_t0057_r01.csv,[DBG] t=   0.00s e=  0.09deg u=-0.0001 u_aux=-0.0000 u_rob=-0.0000 u_fric= 0.0000 ta=0.00 cmd=   0.39 slewB=1.00 raw q= 138.52deg | [DBG] t=   1.00s e= 32.21deg u=-0.3795 u_aux=-0.3072 u_rob=-0.0000 u_fric= 0.0059 ta=1.00 cmd=  -4.73 slewB=1.00 raw q= 106.61deg | [ERROR] q guard hit: |q-q_center|=35.33 deg > 35.00,"{""alpha"": 7.1072835468, ""amplitude_deg"": 10.0, ""baudrate"": 1000000.0, ""command_sign"": -1.0, ""control_output_scale"": 1.0, ""current_bias_raw"": 0.36512069694668936, ""current_limit_raw"": 0.0, ""default_mode"": 3.0, ""device"": ""/dev/ttyAMA0"", ""disable_anti_windup"": false, ""disable_freeze_nn_on_saturation"": false, ""disable_freeze_zeta_on_saturation"": false, ""disturb_interval_sec"": 30.0, ""disturb_jitter_sec"": 3.0, ""disturb_mode"": ""mixed"", ""disturb_seed"": -1.0, ""disturbance_placement"": ""mid_move"", ""duration"": 10.0, ""dxl_id"": 6.0, ""enable_disturbance"": false, ""frequency_hz"": 3.0, ""fric_coulomb"": 0.006003387871123096, ""fric_vel_scale"": 1.4287429575452537, ""gamma_adapt"": 8.7187500403, ""gamma_link"": 1.0587758716504667, ""integral_limit"": 1.6504936083, ""k_delta"": 0.084123685642307, ""max_abs_e_dot"": 6.0, ""max_control"": 0.3794673946321897, ""max_current_raw"": 79.0, ""max_current_slew"": 240.1057209018644, ""mid_disturbance_offset_sec"": 0.0, ""no_set_current_mode"": false, ""predict_horizon_sec"": 0.0010958742395679654, ""pulse_current_raw_max"": 12.0, ""pulse_current_raw_min"": 4.0, ""pulse_duration_max"": 0.6, ""pulse_duration_min"": 0.15, ""q_abs_guard_deg"": 35.0, ""qd_lpf_alpha"": 0.11939723347509718, ""rate"": 120.0, ""rbf_center_max"": 3.2, ""rbf_center_min"": -3.2, ""rbf_nodes"": 11.0, ""rbf_width"": 1.4631904539, ""ref_jump_deg_max"": 8.0, ""ref_jump_deg_min"": 2.0, ""ref_jump_duration_max"": 0.6, ""ref_jump_duration_min"": 0.15, ""reference_shape"": ""sine"", ""reset_zeta_after_motion"": false, ""reset_zeta_on_segment"": false, ""restore_mode"": false, ""sigma_mod"": 0.2460708825, ""sine_center_mode"": ""lock"", ""soft_start_sec"": 0.7, ""step_absolute_target_deg"": null, ""step_absolute_target_rad"": null, ""step_delta_deg"": 40.0, ""step_ramp_sec"": 1.0, ""step_segment_sec"": 1.5, ""step_sequence_deg"": """", ""step_shape"": ""smoothstep"", ""step_start_sec"": 0.0, ""tail_err_full_deg"": 4.0, ""tail_err_thresh_deg"": 1.5, ""tail_kd"": 0.05120677510614256, ""tail_kp"": 0.0, ""tail_max_control_boost"": 0.0, ""tail_u_max"": 0.0, ""torque_to_current"": 210.0, ""zeta0"": 0.885692967, ""zeta_leak"": 0.0237735451, ""zeta_reset_delay_sec"": 0.0, ""zeta_reset_value"": null, ""zeta_soft"": 0.989185316}"
58,1,0.0,1000000.0,0.0,0.0,inf,inf,inf,inf,0.0,1.0,1.0,0.0,0.0,0.0,0.0,0.0,0.0,0.0,0.0,0.0,0.0,0.0,0.0,0.0,0.0,0.0,0.0,0.0,0.0,0.0,0.0,0.0,0.0,0.0,0.0,inf,inf,inf,1.0,1,4.201087572000233,/tmp/nussbaum_sine_3hz_hard_runs/optuna_t0058_r01.csv,[DBG] t=   1.00s e= 18.08deg u=-0.3106 u_aux=-0.1047 u_rob=-0.0000 u_fric= 0.0033 ta=1.00 cmd=  -7.22 slewB=1.00 raw q= 121.03deg | [DBG] t=   2.00s e=  3.21deg u=-0.3106 u_aux=-0.0613 u_rob=-0.0000 u_fric= 0.0033 ta=0.76 cmd=   3.09 slewB=1.00 raw q= 135.53deg | [ERROR] q guard hit: |q-q_center|=35.60 deg > 35.00,"{""alpha"": 7.1072835468, ""amplitude_deg"": 10.0, ""baudrate"": 1000000.0, ""command_sign"": -1.0, ""control_output_scale"": 1.0, ""current_bias_raw"": 1.9332407885622835, ""current_limit_raw"": 0.0, ""default_mode"": 3.0, ""device"": ""/dev/ttyAMA0"", ""disable_anti_windup"": false, ""disable_freeze_nn_on_saturation"": false, ""disable_freeze_zeta_on_saturation"": false, ""disturb_interval_sec"": 30.0, ""disturb_jitter_sec"": 3.0, ""disturb_mode"": ""mixed"", ""disturb_seed"": -1.0, ""disturbance_placement"": ""mid_move"", ""duration"": 10.0, ""dxl_id"": 6.0, ""enable_disturbance"": false, ""frequency_hz"": 3.0, ""fric_coulomb"": 0.003316641847989757, ""fric_vel_scale"": 0.22521573111306573, ""gamma_adapt"": 8.7187500403, ""gamma_link"": 0.8398933691032182, ""integral_limit"": 1.6504936083, ""k_delta"": 0.08291705722305649, ""max_abs_e_dot"": 6.0, ""max_control"": 0.31059251626424833, ""max_current_raw"": 82.0, ""max_current_slew"": 206.02020330842672, ""mid_disturbance_offset_sec"": 0.0, ""no_set_current_mode"": false, ""predict_horizon_sec"": 0.0030398220430486993, ""pulse_current_raw_max"": 12.0, ""pulse_current_raw_min"": 4.0, ""pulse_duration_max"": 0.6, ""pulse_duration_min"": 0.15, ""q_abs_guard_deg"": 35.0, ""qd_lpf_alpha"": 0.0968385640925269, ""rate"": 120.0, ""rbf_center_max"": 3.2, ""rbf_center_min"": -3.2, ""rbf_nodes"": 11.0, ""rbf_width"": 1.4631904539, ""ref_jump_deg_max"": 8.0, ""ref_jump_deg_min"": 2.0, ""ref_jump_duration_max"": 0.6, ""ref_jump_duration_min"": 0.15, ""reference_shape"": ""sine"", ""reset_zeta_after_motion"": false, ""reset_zeta_on_segment"": false, ""restore_mode"": false, ""sigma_mod"": 0.2460708825, ""sine_center_mode"": ""lock"", ""soft_start_sec"": 0.7, ""step_absolute_target_deg"": null, ""step_absolute_target_rad"": null, ""step_delta_deg"": 40.0, ""step_ramp_sec"": 1.0, ""step_segment_sec"": 1.5, ""step_sequence_deg"": """", ""step_shape"": ""smoothstep"", ""step_start_sec"": 0.0, ""tail_err_full_deg"": 4.0, ""tail_err_thresh_deg"": 1.5, ""tail_kd"": 0.021017391249535774, ""tail_kp"": 0.0, ""tail_max_control_boost"": 0.0, ""tail_u_max"": 0.0, ""torque_to_current"": 210.0, ""zeta0"": 0.885692967, ""zeta_leak"": 0.0237735451, ""zeta_reset_delay_sec"": 0.0, ""zeta_reset_value"": null, ""zeta_soft"": 0.989185316}"
59,1,0.0,1000000.0,0.0,0.0,inf,inf,inf,inf,0.0,1.0,1.0,0.0,0.0,0.0,0.0,0.0,0.0,0.0,0.0,0.0,0.0,0.0,0.0,0.0,0.0,0.0,0.0,0.0,0.0,0.0,0.0,0.0,0.0,0.0,0.0,inf,inf,inf,1.0,1,2.2282407200000307,/tmp/nussbaum_sine_3hz_hard_runs/optuna_t0059_r01.csv,[DBG] t=   0.00s e=  0.09deg u=-0.0001 u_aux=-0.0000 u_rob=-0.0000 u_fric= 0.0000 ta=0.00 cmd=   2.35 slewB=1.00 raw q= 138.69deg | [DBG] t=   1.00s e= 33.43deg u=-0.1751 u_aux=-0.1427 u_rob=-0.0000 u_fric= 0.0021 ta=1.00 cmd=  -5.06 slewB=1.00 raw q= 105.56deg | [ERROR] q guard hit: |q-q_center|=35.07 deg > 35.00,"{""alpha"": 7.1072835468, ""amplitude_deg"": 10.0, ""baudrate"": 1000000.0, ""command_sign"": -1.0, ""control_output_scale"": 1.0, ""current_bias_raw"": 2.3361947915731567, ""current_limit_raw"": 0.0, ""default_mode"": 3.0, ""device"": ""/dev/ttyAMA0"", ""disable_anti_windup"": false, ""disable_freeze_nn_on_saturation"": false, ""disable_freeze_zeta_on_saturation"": false, ""disturb_interval_sec"": 30.0, ""disturb_jitter_sec"": 3.0, ""disturb_mode"": ""mixed"", ""disturb_seed"": -1.0, ""disturbance_placement"": ""mid_move"", ""duration"": 10.0, ""dxl_id"": 6.0, ""enable_disturbance"": false, ""frequency_hz"": 3.0, ""fric_coulomb"": 0.002140221668583971, ""fric_vel_scale"": 1.5065972635776868, ""gamma_adapt"": 8.7187500403, ""gamma_link"": 1.0662598916458867, ""integral_limit"": 1.6504936083, ""k_delta"": 0.03093525815395456, ""max_abs_e_dot"": 6.0, ""max_control"": 0.17512627426151692, ""max_current_raw"": 64.0, ""max_current_slew"": 293.81603848482234, ""mid_disturbance_offset_sec"": 0.0, ""no_set_current_mode"": false, ""predict_horizon_sec"": 0.0012922605035396886, ""pulse_current_raw_max"": 12.0, ""pulse_current_raw_min"": 4.0, ""pulse_duration_max"": 0.6, ""pulse_duration_min"": 0.15, ""q_abs_guard_deg"": 35.0, ""qd_lpf_alpha"": 0.04988787644586945, ""rate"": 120.0, ""rbf_center_max"": 3.2, ""rbf_center_min"": -3.2, ""rbf_nodes"": 11.0, ""rbf_width"": 1.4631904539, ""ref_jump_deg_max"": 8.0, ""ref_jump_deg_min"": 2.0, ""ref_jump_duration_max"": 0.6, ""ref_jump_duration_min"": 0.15, ""reference_shape"": ""sine"", ""reset_zeta_after_motion"": false, ""reset_zeta_on_segment"": false, ""restore_mode"": false, ""sigma_mod"": 0.2460708825, ""sine_center_mode"": ""lock"", ""soft_start_sec"": 0.7, ""step_absolute_target_deg"": null, ""step_absolute_target_rad"": null, ""step_delta_deg"": 40.0, ""step_ramp_sec"": 1.0, ""step_segment_sec"": 1.5, ""step_sequence_deg"": """", ""step_shape"": ""smoothstep"", ""step_start_sec"": 0.0, ""tail_err_full_deg"": 4.0, ""tail_err_thresh_deg"": 1.5, ""tail_kd"": 0.024771004292666876, ""tail_kp"": 0.0, ""tail_max_control_boost"": 0.0, ""tail_u_max"": 0.0, ""torque_to_current"": 210.0, ""zeta0"": 0.885692967, ""zeta_leak"": 0.0237735451, ""zeta_reset_delay_sec"": 0.0, ""zeta_reset_value"": null, ""zeta_soft"": 0.989185316}"
60,1,1.0,1000030.5277430494,1200.0,9.991743999999999,8.998672205041169,10.575211565426327,17.33277233446511,31.05277430494592,0.8150957310118502,0.0,0.10742124338624338,0.9380673124071371,0.9443142635,0.885692967,0.9443142635,0.05862129650000003,0.005862129646916667,0.03618561518499991,0.2491107536,0.0,0.0,0.0,0.0,0.0,0.0,0.0,0.0,0.0,0.0,0.0,0.0,0.0,0.0,0.0,0.0,8.607431627785521,15.04290778373163,16.503983622050463,0.0,0,11.226857475000088,/tmp/nussbaum_sine_3hz_hard_runs/optuna_t0060_r01.csv,,"{""alpha"": 7.1072835468, ""amplitude_deg"": 10.0, ""baudrate"": 1000000.0, ""command_sign"": -1.0, ""control_output_scale"": 1.0, ""current_bias_raw"": -0.3132926806001613, ""current_limit_raw"": 0.0, ""default_mode"": 3.0, ""device"": ""/dev/ttyAMA0"", ""disable_anti_windup"": false, ""disable_freeze_nn_on_saturation"": false, ""disable_freeze_zeta_on_saturation"": false, ""disturb_interval_sec"": 30.0, ""disturb_jitter_sec"": 3.0, ""disturb_mode"": ""mixed"", ""disturb_seed"": -1.0, ""disturbance_placement"": ""mid_move"", ""duration"": 10.0, ""dxl_id"": 6.0, ""enable_disturbance"": false, ""frequency_hz"": 3.0, ""fric_coulomb"": 0.011086301665216467, ""fric_vel_scale"": 0.5131979903208823, ""gamma_adapt"": 8.7187500403, ""gamma_link"": 1.0502152681840957, ""integral_limit"": 1.6504936083, ""k_delta"": 0.1460092164298255, ""max_abs_e_dot"": 6.0, ""max_control"": 0.19253090188997388, ""max_current_raw"": 63.0, ""max_current_slew"": 152.54989072517802, ""mid_disturbance_offset_sec"": 0.0, ""no_set_current_mode"": false, ""predict_horizon_sec"": 0.0023825964257059087, ""pulse_current_raw_max"": 12.0, ""pulse_current_raw_min"": 4.0, ""pulse_duration_max"": 0.6, ""pulse_duration_min"": 0.15, ""q_abs_guard_deg"": 35.0, ""qd_lpf_alpha"": 0.02953233374390257, ""rate"": 120.0, ""rbf_center_max"": 3.2, ""rbf_center_min"": -3.2, ""rbf_nodes"": 11.0, ""rbf_width"": 1.4631904539, ""ref_jump_deg_max"": 8.0, ""ref_jump_deg_min"": 2.0, ""ref_jump_duration_max"": 0.6, ""ref_jump_duration_min"": 0.15, ""reference_shape"": ""sine"", ""reset_zeta_after_motion"": false, ""reset_zeta_on_segment"": false, ""restore_mode"": false, ""sigma_mod"": 0.2460708825, ""sine_center_mode"": ""lock"", ""soft_start_sec"": 0.7, ""step_absolute_target_deg"": null, ""step_absolute_target_rad"": null, ""step_delta_deg"": 40.0, ""step_ramp_sec"": 1.0, ""step_segment_sec"": 1.5, ""step_sequence_deg"": """", ""step_shape"": ""smoothstep"", ""step_start_sec"": 0.0, ""tail_err_full_deg"": 4.0, ""tail_err_thresh_deg"": 1.5, ""tail_kd"": 0.07283829170950543, ""tail_kp"": 0.0, ""tail_max_control_boost"": 0.0, ""tail_u_max"": 0.0, ""torque_to_current"": 210.0, ""zeta0"": 0.885692967, ""zeta_leak"": 0.0237735451, ""zeta_reset_delay_sec"": 0.0, ""zeta_reset_value"": null, ""zeta_soft"": 0.989185316}"
61,1,0.0,1000000.0,0.0,0.0,inf,inf,inf,inf,0.0,1.0,1.0,0.0,0.0,0.0,0.0,0.0,0.0,0.0,0.0,0.0,0.0,0.0,0.0,0.0,0.0,0.0,0.0,0.0,0.0,0.0,0.0,0.0,0.0,0.0,0.0,inf,inf,inf,1.0,1,4.048695665000196,/tmp/nussbaum_sine_3hz_hard_runs/optuna_t0061_r01.csv,[DBG] t=   1.00s e=  1.47deg u=-0.3325 u_aux=-0.0127 u_rob=-0.0000 u_fric= 0.0038 ta=0.00 cmd=   1.37 slewB=1.00 raw q= 137.64deg | [DBG] t=   2.00s e=  0.57deg u=-0.3325 u_aux=-0.0137 u_rob=-0.0000 u_fric= 0.0038 ta=0.00 cmd=   3.20 slewB=1.00 raw q= 138.78deg | [ERROR] q guard hit: |q-q_center|=35.33 deg > 35.00,"{""alpha"": 7.1072835468, ""amplitude_deg"": 10.0, ""baudrate"": 1000000.0, ""command_sign"": -1.0, ""control_output_scale"": 1.0, ""current_bias_raw"": -0.7374781912364952, ""current_limit_raw"": 0.0, ""default_mode"": 3.0, ""device"": ""/dev/ttyAMA0"", ""disable_anti_windup"": false, ""disable_freeze_nn_on_saturation"": false, ""disable_freeze_zeta_on_saturation"": false, ""disturb_interval_sec"": 30.0, ""disturb_jitter_sec"": 3.0, ""disturb_mode"": ""mixed"", ""disturb_seed"": -1.0, ""disturbance_placement"": ""mid_move"", ""duration"": 10.0, ""dxl_id"": 6.0, ""enable_disturbance"": false, ""frequency_hz"": 3.0, ""fric_coulomb"": 0.003954456537578263, ""fric_vel_scale"": 1.7166299772928924, ""gamma_adapt"": 8.7187500403, ""gamma_link"": 0.7466372740487963, ""integral_limit"": 1.6504936083, ""k_delta"": 0.034563827400992925, ""max_abs_e_dot"": 6.0, ""max_control"": 0.3325320845344322, ""max_current_raw"": 83.0, ""max_current_slew"": 110.03708115403687, ""mid_disturbance_offset_sec"": 0.0, ""no_set_current_mode"": false, ""predict_horizon_sec"": 0.002385458690294343, ""pulse_current_raw_max"": 12.0, ""pulse_current_raw_min"": 4.0, ""pulse_duration_max"": 0.6, ""pulse_duration_min"": 0.15, ""q_abs_guard_deg"": 35.0, ""qd_lpf_alpha"": 0.033125430084040564, ""rate"": 120.0, ""rbf_center_max"": 3.2, ""rbf_center_min"": -3.2, ""rbf_nodes"": 11.0, ""rbf_width"": 1.4631904539, ""ref_jump_deg_max"": 8.0, ""ref_jump_deg_min"": 2.0, ""ref_jump_duration_max"": 0.6, ""ref_jump_duration_min"": 0.15, ""reference_shape"": ""sine"", ""reset_zeta_after_motion"": false, ""reset_zeta_on_segment"": false, ""restore_mode"": false, ""sigma_mod"": 0.2460708825, ""sine_center_mode"": ""lock"", ""soft_start_sec"": 0.7, ""step_absolute_target_deg"": null, ""step_absolute_target_rad"": null, ""step_delta_deg"": 40.0, ""step_ramp_sec"": 1.0, ""step_segment_sec"": 1.5, ""step_sequence_deg"": """", ""step_shape"": ""smoothstep"", ""step_start_sec"": 0.0, ""tail_err_full_deg"": 4.0, ""tail_err_thresh_deg"": 1.5, ""tail_kd"": 0.0042502307012803504, ""tail_kp"": 0.0, ""tail_max_control_boost"": 0.0, ""tail_u_max"": 0.0, ""torque_to_current"": 210.0, ""zeta0"": 0.885692967, ""zeta_leak"": 0.0237735451, ""zeta_reset_delay_sec"": 0.0, ""zeta_reset_value"": null, ""zeta_soft"": 0.989185316}"
62,1,0.0,1000000.0,0.0,0.0,inf,inf,inf,inf,0.0,1.0,1.0,0.0,0.0,0.0,0.0,0.0,0.0,0.0,0.0,0.0,0.0,0.0,0.0,0.0,0.0,0.0,0.0,0.0,0.0,0.0,0.0,0.0,0.0,0.0,0.0,inf,inf,inf,1.0,1,5.172144053000011,/tmp/nussbaum_sine_3hz_hard_runs/optuna_t0062_r01.csv,[DBG] t=   2.00s e=  6.02deg u=-0.3133 u_aux=-0.1395 u_rob=-0.0000 u_fric= 0.0019 ta=1.00 cmd=   1.11 slewB=1.00 raw q= 132.89deg | [DBG] t=   3.00s e= -0.18deg u=-0.3133 u_aux=-0.1187 u_rob=-0.0000 u_fric= 0.0019 ta=0.00 cmd=   2.34 slewB=1.00 raw q= 138.96deg | [ERROR] q guard hit: |q-q_center|=35.42 deg > 35.00,"{""alpha"": 7.1072835468, ""amplitude_deg"": 10.0, ""baudrate"": 1000000.0, ""command_sign"": -1.0, ""control_output_scale"": 1.0, ""current_bias_raw"": 2.2438673433563694, ""current_limit_raw"": 0.0, ""default_mode"": 3.0, ""device"": ""/dev/ttyAMA0"", ""disable_anti_windup"": false, ""disable_freeze_nn_on_saturation"": false, ""disable_freeze_zeta_on_saturation"": false, ""disturb_interval_sec"": 30.0, ""disturb_jitter_sec"": 3.0, ""disturb_mode"": ""mixed"", ""disturb_seed"": -1.0, ""disturbance_placement"": ""mid_move"", ""duration"": 10.0, ""dxl_id"": 6.0, ""enable_disturbance"": false, ""frequency_hz"": 3.0, ""fric_coulomb"": 0.0019425902498952786, ""fric_vel_scale"": 0.8532489436290535, ""gamma_adapt"": 8.7187500403, ""gamma_link"": 0.8238248241322146, ""integral_limit"": 1.6504936083, ""k_delta"": 0.07638634777178056, ""max_abs_e_dot"": 6.0, ""max_control"": 0.31329157277411906, ""max_current_raw"": 92.0, ""max_current_slew"": 165.35805254393136, ""mid_disturbance_offset_sec"": 0.0, ""no_set_current_mode"": false, ""predict_horizon_sec"": 0.0038969740785220713, ""pulse_current_raw_max"": 12.0, ""pulse_current_raw_min"": 4.0, ""pulse_duration_max"": 0.6, ""pulse_duration_min"": 0.15, ""q_abs_guard_deg"": 35.0, ""qd_lpf_alpha"": 0.11122774945510736, ""rate"": 120.0, ""rbf_center_max"": 3.2, ""rbf_center_min"": -3.2, ""rbf_nodes"": 11.0, ""rbf_width"": 1.4631904539, ""ref_jump_deg_max"": 8.0, ""ref_jump_deg_min"": 2.0, ""ref_jump_duration_max"": 0.6, ""ref_jump_duration_min"": 0.15, ""reference_shape"": ""sine"", ""reset_zeta_after_motion"": false, ""reset_zeta_on_segment"": false, ""restore_mode"": false, ""sigma_mod"": 0.2460708825, ""sine_center_mode"": ""lock"", ""soft_start_sec"": 0.7, ""step_absolute_target_deg"": null, ""step_absolute_target_rad"": null, ""step_delta_deg"": 40.0, ""step_ramp_sec"": 1.0, ""step_segment_sec"": 1.5, ""step_sequence_deg"": """", ""step_shape"": ""smoothstep"", ""step_start_sec"": 0.0, ""tail_err_full_deg"": 4.0, ""tail_err_thresh_deg"": 1.5, ""tail_kd"": 0.03680734687370447, ""tail_kp"": 0.0, ""tail_max_control_boost"": 0.0, ""tail_u_max"": 0.0, ""torque_to_current"": 210.0, ""zeta0"": 0.885692967, ""zeta_leak"": 0.0237735451, ""zeta_reset_delay_sec"": 0.0, ""zeta_reset_value"": null, ""zeta_soft"": 0.989185316}"
63,1,0.0,1000000.0,0.0,0.0,inf,inf,inf,inf,0.0,1.0,1.0,0.0,0.0,0.0,0.0,0.0,0.0,0.0,0.0,0.0,0.0,0.0,0.0,0.0,0.0,0.0,0.0,0.0,0.0,0.0,0.0,0.0,0.0,0.0,0.0,inf,inf,inf,1.0,1,4.5002726269999584,/tmp/nussbaum_sine_3hz_hard_runs/optuna_t0063_r01.csv,[DBG] t=   2.00s e= -0.25deg u=-0.3545 u_aux=-0.1076 u_rob=-0.0000 u_fric= 0.0049 ta=0.00 cmd=   3.30 slewB=1.00 raw q= 139.04deg | [DBG] t=   3.00s e= 22.83deg u= 0.1579 u_aux=-0.1411 u_rob=-0.0000 u_fric= 0.0049 ta=1.00 cmd=  -9.49 slewB=1.00 raw q= 116.02deg | [ERROR] q guard hit: |q-q_center|=35.33 deg > 35.00,"{""alpha"": 7.1072835468, ""amplitude_deg"": 10.0, ""baudrate"": 1000000.0, ""command_sign"": -1.0, ""control_output_scale"": 1.0, ""current_bias_raw"": -0.08487858153628924, ""current_limit_raw"": 0.0, ""default_mode"": 3.0, ""device"": ""/dev/ttyAMA0"", ""disable_anti_windup"": false, ""disable_freeze_nn_on_saturation"": false, ""disable_freeze_zeta_on_saturation"": false, ""disturb_interval_sec"": 30.0, ""disturb_jitter_sec"": 3.0, ""disturb_mode"": ""mixed"", ""disturb_seed"": -1.0, ""disturbance_placement"": ""mid_move"", ""duration"": 10.0, ""dxl_id"": 6.0, ""enable_disturbance"": false, ""frequency_hz"": 3.0, ""fric_coulomb"": 0.00511497439093235, ""fric_vel_scale"": 1.7998400245609618, ""gamma_adapt"": 8.7187500403, ""gamma_link"": 0.8486759575281099, ""integral_limit"": 1.6504936083, ""k_delta"": 0.03504446216271212, ""max_abs_e_dot"": 6.0, ""max_control"": 0.3544743550204461, ""max_current_raw"": 68.0, ""max_current_slew"": 76.74591257462488, ""mid_disturbance_offset_sec"": 0.0, ""no_set_current_mode"": false, ""predict_horizon_sec"": 0.0008458552054210222, ""pulse_current_raw_max"": 12.0, ""pulse_current_raw_min"": 4.0, ""pulse_duration_max"": 0.6, ""pulse_duration_min"": 0.15, ""q_abs_guard_deg"": 35.0, ""qd_lpf_alpha"": 0.055137634676430486, ""rate"": 120.0, ""rbf_center_max"": 3.2, ""rbf_center_min"": -3.2, ""rbf_nodes"": 11.0, ""rbf_width"": 1.4631904539, ""ref_jump_deg_max"": 8.0, ""ref_jump_deg_min"": 2.0, ""ref_jump_duration_max"": 0.6, ""ref_jump_duration_min"": 0.15, ""reference_shape"": ""sine"", ""reset_zeta_after_motion"": false, ""reset_zeta_on_segment"": false, ""restore_mode"": false, ""sigma_mod"": 0.2460708825, ""sine_center_mode"": ""lock"", ""soft_start_sec"": 0.7, ""step_absolute_target_deg"": null, ""step_absolute_target_rad"": null, ""step_delta_deg"": 40.0, ""step_ramp_sec"": 1.0, ""step_segment_sec"": 1.5, ""step_sequence_deg"": """", ""step_shape"": ""smoothstep"", ""step_start_sec"": 0.0, ""tail_err_full_deg"": 4.0, ""tail_err_thresh_deg"": 1.5, ""tail_kd"": 0.03247409663588486, ""tail_kp"": 0.0, ""tail_max_control_boost"": 0.0, ""tail_u_max"": 0.0, ""torque_to_current"": 210.0, ""zeta0"": 0.885692967, ""zeta_leak"": 0.0237735451, ""zeta_reset_delay_sec"": 0.0, ""zeta_reset_value"": null, ""zeta_soft"": 0.989185316}"
64,1,1.0,1000071.7165272352,1200.0,9.991761,8.191900624769978,9.320970810735094,13.458265347446497,24.341410213262172,0.37828347276474084,0.0,0.08782503968253969,0.9467685244878349,1.2218008366,0.8856932891,1.2218008366,0.33610754749999994,0.033610786962416664,0.06913599860999996,1.0397769521,0.0,0.0,0.0,0.0,0.0,0.0,0.0,0.0,0.0,0.0,0.0,0.0,0.0,0.0,0.0,0.0,8.31348869354258,13.146465839486513,13.68955902314621,0.0,0,11.212348066999766,/tmp/nussbaum_sine_3hz_hard_runs/optuna_t0064_r01.csv,,"{""alpha"": 7.1072835468, ""amplitude_deg"": 10.0, ""baudrate"": 1000000.0, ""command_sign"": -1.0, ""control_output_scale"": 1.0, ""current_bias_raw"": 0.14270353039362682, ""current_limit_raw"": 0.0, ""default_mode"": 3.0, ""device"": ""/dev/ttyAMA0"", ""disable_anti_windup"": false, ""disable_freeze_nn_on_saturation"": false, ""disable_freeze_zeta_on_saturation"": false, ""disturb_interval_sec"": 30.0, ""disturb_jitter_sec"": 3.0, ""disturb_mode"": ""mixed"", ""disturb_seed"": -1.0, ""disturbance_placement"": ""mid_move"", ""duration"": 10.0, ""dxl_id"": 6.0, ""enable_disturbance"": false, ""frequency_hz"": 3.0, ""fric_coulomb"": 0.008044254215429637, ""fric_vel_scale"": 0.826140379178305, ""gamma_adapt"": 8.7187500403, ""gamma_link"": 1.030747957991305, ""integral_limit"": 1.6504936083, ""k_delta"": 0.06671241198045799, ""max_abs_e_dot"": 6.0, ""max_control"": 0.16133410565450831, ""max_current_raw"": 63.0, ""max_current_slew"": 123.52291981465247, ""mid_disturbance_offset_sec"": 0.0, ""no_set_current_mode"": false, ""predict_horizon_sec"": 0.0016540032488173493, ""pulse_current_raw_max"": 12.0, ""pulse_current_raw_min"": 4.0, ""pulse_duration_max"": 0.6, ""pulse_duration_min"": 0.15, ""q_abs_guard_deg"": 35.0, ""qd_lpf_alpha"": 0.056132603684799415, ""rate"": 120.0, ""rbf_center_max"": 3.2, ""rbf_center_min"": -3.2, ""rbf_nodes"": 11.0, ""rbf_width"": 1.4631904539, ""ref_jump_deg_max"": 8.0, ""ref_jump_deg_min"": 2.0, ""ref_jump_duration_max"": 0.6, ""ref_jump_duration_min"": 0.15, ""reference_shape"": ""sine"", ""reset_zeta_after_motion"": false, ""reset_zeta_on_segment"": false, ""restore_mode"": false, ""sigma_mod"": 0.2460708825, ""sine_center_mode"": ""lock"", ""soft_start_sec"": 0.7, ""step_absolute_target_deg"": null, ""step_absolute_target_rad"": null, ""step_delta_deg"": 40.0, ""step_ramp_sec"": 1.0, ""step_segment_sec"": 1.5, ""step_sequence_deg"": """", ""step_shape"": ""smoothstep"", ""step_start_sec"": 0.0, ""tail_err_full_deg"": 4.0, ""tail_err_thresh_deg"": 1.5, ""tail_kd"": 0.033606857859625014, ""tail_kp"": 0.0, ""tail_max_control_boost"": 0.0, ""tail_u_max"": 0.0, ""torque_to_current"": 210.0, ""zeta0"": 0.885692967, ""zeta_leak"": 0.0237735451, ""zeta_reset_delay_sec"": 0.0, ""zeta_reset_value"": null, ""zeta_soft"": 0.989185316}"
65,1,0.0,1000000.0,0.0,0.0,inf,inf,inf,inf,0.0,1.0,1.0,0.0,0.0,0.0,0.0,0.0,0.0,0.0,0.0,0.0,0.0,0.0,0.0,0.0,0.0,0.0,0.0,0.0,0.0,0.0,0.0,0.0,0.0,0.0,0.0,inf,inf,inf,1.0,1,5.338020719000269,/tmp/nussbaum_sine_3hz_hard_runs/optuna_t0065_r01.csv,[DBG] t=   3.00s e= -1.57deg u= 0.3342 u_aux=-0.1047 u_rob=-0.0000 u_fric= 0.0014 ta=0.00 cmd=  -2.26 slewB=1.00 raw q= 140.62deg | [DBG] t=   4.00s e= 26.26deg u= 0.3210 u_aux=-0.1206 u_rob=-0.0000 u_fric= 0.0014 ta=1.00 cmd= -12.07 slewB=1.00 raw q= 112.85deg | [ERROR] q guard hit: |q-q_center|=35.42 deg > 35.00,"{""alpha"": 7.1072835468, ""amplitude_deg"": 10.0, ""baudrate"": 1000000.0, ""command_sign"": -1.0, ""control_output_scale"": 1.0, ""current_bias_raw"": -0.45744980507537464, ""current_limit_raw"": 0.0, ""default_mode"": 3.0, ""device"": ""/dev/ttyAMA0"", ""disable_anti_windup"": false, ""disable_freeze_nn_on_saturation"": false, ""disable_freeze_zeta_on_saturation"": false, ""disturb_interval_sec"": 30.0, ""disturb_jitter_sec"": 3.0, ""disturb_mode"": ""mixed"", ""disturb_seed"": -1.0, ""disturbance_placement"": ""mid_move"", ""duration"": 10.0, ""dxl_id"": 6.0, ""enable_disturbance"": false, ""frequency_hz"": 3.0, ""fric_coulomb"": 0.0013770807063018598, ""fric_vel_scale"": 1.2401676207374224, ""gamma_adapt"": 8.7187500403, ""gamma_link"": 0.7355370620574816, ""integral_limit"": 1.6504936083, ""k_delta"": 0.046075635393614686, ""max_abs_e_dot"": 6.0, ""max_control"": 0.33417256484083185, ""max_current_raw"": 66.0, ""max_current_slew"": 65.39351145461578, ""mid_disturbance_offset_sec"": 0.0, ""no_set_current_mode"": false, ""predict_horizon_sec"": 0.0022436507079050226, ""pulse_current_raw_max"": 12.0, ""pulse_current_raw_min"": 4.0, ""pulse_duration_max"": 0.6, ""pulse_duration_min"": 0.15, ""q_abs_guard_deg"": 35.0, ""qd_lpf_alpha"": 0.03531470858381661, ""rate"": 120.0, ""rbf_center_max"": 3.2, ""rbf_center_min"": -3.2, ""rbf_nodes"": 11.0, ""rbf_width"": 1.4631904539, ""ref_jump_deg_max"": 8.0, ""ref_jump_deg_min"": 2.0, ""ref_jump_duration_max"": 0.6, ""ref_jump_duration_min"": 0.15, ""reference_shape"": ""sine"", ""reset_zeta_after_motion"": false, ""reset_zeta_on_segment"": false, ""restore_mode"": false, ""sigma_mod"": 0.2460708825, ""sine_center_mode"": ""lock"", ""soft_start_sec"": 0.7, ""step_absolute_target_deg"": null, ""step_absolute_target_rad"": null, ""step_delta_deg"": 40.0, ""step_ramp_sec"": 1.0, ""step_segment_sec"": 1.5, ""step_sequence_deg"": """", ""step_shape"": ""smoothstep"", ""step_start_sec"": 0.0, ""tail_err_full_deg"": 4.0, ""tail_err_thresh_deg"": 1.5, ""tail_kd"": 0.03267009635143687, ""tail_kp"": 0.0, ""tail_max_control_boost"": 0.0, ""tail_u_max"": 0.0, ""torque_to_current"": 210.0, ""zeta0"": 0.885692967, ""zeta_leak"": 0.0237735451, ""zeta_reset_delay_sec"": 0.0, ""zeta_reset_value"": null, ""zeta_soft"": 0.989185316}"
66,1,1.0,1000004.8017097012,1200.0,9.991754,8.819553541637433,10.060818618365857,15.336324141943022,23.31187878362116,0.7436713741967912,0.0,0.158055195035461,0.9143758702427404,1.7265350738,0.885692967,1.7265350738,0.8408421068,0.08408421068091668,0.8233273850799993,7.7116667219,0.0,0.0,0.0,0.0,0.0,0.0,0.0,0.0,0.0,0.0,0.0,0.0,0.0,0.0,0.0,0.0,8.793071392817556,14.592421906008797,20.480170970122565,0.0,0,11.30995066000014,/tmp/nussbaum_sine_3hz_hard_runs/optuna_t0066_r01.csv,,"{""alpha"": 7.1072835468, ""amplitude_deg"": 10.0, ""baudrate"": 1000000.0, ""command_sign"": -1.0, ""control_output_scale"": 1.0, ""current_bias_raw"": -1.3758257595442371, ""current_limit_raw"": 0.0, ""default_mode"": 3.0, ""device"": ""/dev/ttyAMA0"", ""disable_anti_windup"": false, ""disable_freeze_nn_on_saturation"": false, ""disable_freeze_zeta_on_saturation"": false, ""disturb_interval_sec"": 30.0, ""disturb_jitter_sec"": 3.0, ""disturb_mode"": ""mixed"", ""disturb_seed"": -1.0, ""disturbance_placement"": ""mid_move"", ""duration"": 10.0, ""dxl_id"": 6.0, ""enable_disturbance"": false, ""frequency_hz"": 3.0, ""fric_coulomb"": 0.006047422417112975, ""fric_vel_scale"": 0.5693532933501319, ""gamma_adapt"": 8.7187500403, ""gamma_link"": 0.8317618727158911, ""integral_limit"": 1.6504936083, ""k_delta"": 0.048287715445438154, ""max_abs_e_dot"": 6.0, ""max_control"": 0.21580519005789017, ""max_current_raw"": 47.0, ""max_current_slew"": 173.7230608488186, ""mid_disturbance_offset_sec"": 0.0, ""no_set_current_mode"": false, ""predict_horizon_sec"": 0.00043271104360474103, ""pulse_current_raw_max"": 12.0, ""pulse_current_raw_min"": 4.0, ""pulse_duration_max"": 0.6, ""pulse_duration_min"": 0.15, ""q_abs_guard_deg"": 35.0, ""qd_lpf_alpha"": 0.10183094905307359, ""rate"": 120.0, ""rbf_center_max"": 3.2, ""rbf_center_min"": -3.2, ""rbf_nodes"": 11.0, ""rbf_width"": 1.4631904539, ""ref_jump_deg_max"": 8.0, ""ref_jump_deg_min"": 2.0, ""ref_jump_duration_max"": 0.6, ""ref_jump_duration_min"": 0.15, ""reference_shape"": ""sine"", ""reset_zeta_after_motion"": false, ""reset_zeta_on_segment"": false, ""restore_mode"": false, ""sigma_mod"": 0.2460708825, ""sine_center_mode"": ""lock"", ""soft_start_sec"": 0.7, ""step_absolute_target_deg"": null, ""step_absolute_target_rad"": null, ""step_delta_deg"": 40.0, ""step_ramp_sec"": 1.0, ""step_segment_sec"": 1.5, ""step_sequence_deg"": """", ""step_shape"": ""smoothstep"", ""step_start_sec"": 0.0, ""tail_err_full_deg"": 4.0, ""tail_err_thresh_deg"": 1.5, ""tail_kd"": 0.06274209190004204, ""tail_kp"": 0.0, ""tail_max_control_boost"": 0.0, ""tail_u_max"": 0.0, ""torque_to_current"": 210.0, ""zeta0"": 0.885692967, ""zeta_leak"": 0.0237735451, ""zeta_reset_delay_sec"": 0.0, ""zeta_reset_value"": null, ""zeta_soft"": 0.989185316}"
67,1,0.0,1000000.0,0.0,0.0,inf,inf,inf,inf,0.0,1.0,1.0,0.0,0.0,0.0,0.0,0.0,0.0,0.0,0.0,0.0,0.0,0.0,0.0,0.0,0.0,0.0,0.0,0.0,0.0,0.0,0.0,0.0,0.0,0.0,0.0,inf,inf,inf,1.0,1,3.612243812000088,/tmp/nussbaum_sine_3hz_hard_runs/optuna_t0067_r01.csv,[DBG] t=   1.00s e= -4.26deg u=-0.3771 u_aux=-0.0668 u_rob=-0.0000 u_fric= 0.0066 ta=1.00 cmd=   4.04 slewB=1.00 raw q= 143.61deg | [DBG] t=   2.00s e=  1.69deg u= 0.3771 u_aux=-0.0807 u_rob=-0.0000 u_fric= 0.0066 ta=0.02 cmd=  -6.31 slewB=1.00 raw q= 137.29deg | [ERROR] q guard hit: |q-q_center|=35.33 deg > 35.00,"{""alpha"": 7.1072835468, ""amplitude_deg"": 10.0, ""baudrate"": 1000000.0, ""command_sign"": -1.0, ""control_output_scale"": 1.0, ""current_bias_raw"": -0.7970388435695945, ""current_limit_raw"": 0.0, ""default_mode"": 3.0, ""device"": ""/dev/ttyAMA0"", ""disable_anti_windup"": false, ""disable_freeze_nn_on_saturation"": false, ""disable_freeze_zeta_on_saturation"": false, ""disturb_interval_sec"": 30.0, ""disturb_jitter_sec"": 3.0, ""disturb_mode"": ""mixed"", ""disturb_seed"": -1.0, ""disturbance_placement"": ""mid_move"", ""duration"": 10.0, ""dxl_id"": 6.0, ""enable_disturbance"": false, ""frequency_hz"": 3.0, ""fric_coulomb"": 0.006557794678481313, ""fric_vel_scale"": 0.8665914090072208, ""gamma_adapt"": 8.7187500403, ""gamma_link"": 0.7698421683098413, ""integral_limit"": 1.6504936083, ""k_delta"": 0.06350549212601232, ""max_abs_e_dot"": 6.0, ""max_control"": 0.3770734865022038, ""max_current_raw"": 84.0, ""max_current_slew"": 103.4919089702835, ""mid_disturbance_offset_sec"": 0.0, ""no_set_current_mode"": false, ""predict_horizon_sec"": 0.0013432776143866216, ""pulse_current_raw_max"": 12.0, ""pulse_current_raw_min"": 4.0, ""pulse_duration_max"": 0.6, ""pulse_duration_min"": 0.15, ""q_abs_guard_deg"": 35.0, ""qd_lpf_alpha"": 0.03481707320059419, ""rate"": 120.0, ""rbf_center_max"": 3.2, ""rbf_center_min"": -3.2, ""rbf_nodes"": 11.0, ""rbf_width"": 1.4631904539, ""ref_jump_deg_max"": 8.0, ""ref_jump_deg_min"": 2.0, ""ref_jump_duration_max"": 0.6, ""ref_jump_duration_min"": 0.15, ""reference_shape"": ""sine"", ""reset_zeta_after_motion"": false, ""reset_zeta_on_segment"": false, ""restore_mode"": false, ""sigma_mod"": 0.2460708825, ""sine_center_mode"": ""lock"", ""soft_start_sec"": 0.7, ""step_absolute_target_deg"": null, ""step_absolute_target_rad"": null, ""step_delta_deg"": 40.0, ""step_ramp_sec"": 1.0, ""step_segment_sec"": 1.5, ""step_sequence_deg"": """", ""step_shape"": ""smoothstep"", ""step_start_sec"": 0.0, ""tail_err_full_deg"": 4.0, ""tail_err_thresh_deg"": 1.5, ""tail_kd"": 0.024326801925162386, ""tail_kp"": 0.0, ""tail_max_control_boost"": 0.0, ""tail_u_max"": 0.0, ""torque_to_current"": 210.0, ""zeta0"": 0.885692967, ""zeta_leak"": 0.0237735451, ""zeta_reset_delay_sec"": 0.0, ""zeta_reset_value"": null, ""zeta_soft"": 0.989185316}"
68,1,0.0,1000000.0,0.0,0.0,inf,inf,inf,inf,0.0,1.0,1.0,0.0,0.0,0.0,0.0,0.0,0.0,0.0,0.0,0.0,0.0,0.0,0.0,0.0,0.0,0.0,0.0,0.0,0.0,0.0,0.0,0.0,0.0,0.0,0.0,inf,inf,inf,1.0,1,10.466202659999908,/tmp/nussbaum_sine_3hz_hard_runs/optuna_t0068_r01.csv,[DBG] t=   8.00s e=  1.95deg u=-0.2037 u_aux=-0.2504 u_rob=-0.0000 u_fric= 0.0030 ta=0.09 cmd=   1.17 slewB=1.00 raw q= 136.67deg | [DBG] t=   9.00s e= 22.88deg u= 0.2037 u_aux=-0.3054 u_rob=-0.0000 u_fric= 0.0030 ta=1.00 cmd= -12.66 slewB=1.00 raw q= 115.75deg | [ERROR] q guard hit: |q-q_center|=35.24 deg > 35.00,"{""alpha"": 7.1072835468, ""amplitude_deg"": 10.0, ""baudrate"": 1000000.0, ""command_sign"": -1.0, ""control_output_scale"": 1.0, ""current_bias_raw"": -1.126460099083746, ""current_limit_raw"": 0.0, ""default_mode"": 3.0, ""device"": ""/dev/ttyAMA0"", ""disable_anti_windup"": false, ""disable_freeze_nn_on_saturation"": false, ""disable_freeze_zeta_on_saturation"": false, ""disturb_interval_sec"": 30.0, ""disturb_jitter_sec"": 3.0, ""disturb_mode"": ""mixed"", ""disturb_seed"": -1.0, ""disturbance_placement"": ""mid_move"", ""duration"": 10.0, ""dxl_id"": 6.0, ""enable_disturbance"": false, ""frequency_hz"": 3.0, ""fric_coulomb"": 0.00300398277345007, ""fric_vel_scale"": 1.1909975491201361, ""gamma_adapt"": 8.7187500403, ""gamma_link"": 0.7090603411233907, ""integral_limit"": 1.6504936083, ""k_delta"": 0.08122639478464229, ""max_abs_e_dot"": 6.0, ""max_control"": 0.20369229545684162, ""max_current_raw"": 47.0, ""max_current_slew"": 103.7097283843028, ""mid_disturbance_offset_sec"": 0.0, ""no_set_current_mode"": false, ""predict_horizon_sec"": 0.00023946028553952306, ""pulse_current_raw_max"": 12.0, ""pulse_current_raw_min"": 4.0, ""pulse_duration_max"": 0.6, ""pulse_duration_min"": 0.15, ""q_abs_guard_deg"": 35.0, ""qd_lpf_alpha"": 0.11825840545353618, ""rate"": 120.0, ""rbf_center_max"": 3.2, ""rbf_center_min"": -3.2, ""rbf_nodes"": 11.0, ""rbf_width"": 1.4631904539, ""ref_jump_deg_max"": 8.0, ""ref_jump_deg_min"": 2.0, ""ref_jump_duration_max"": 0.6, ""ref_jump_duration_min"": 0.15, ""reference_shape"": ""sine"", ""reset_zeta_after_motion"": false, ""reset_zeta_on_segment"": false, ""restore_mode"": false, ""sigma_mod"": 0.2460708825, ""sine_center_mode"": ""lock"", ""soft_start_sec"": 0.7, ""step_absolute_target_deg"": null, ""step_absolute_target_rad"": null, ""step_delta_deg"": 40.0, ""step_ramp_sec"": 1.0, ""step_segment_sec"": 1.5, ""step_sequence_deg"": """", ""step_shape"": ""smoothstep"", ""step_start_sec"": 0.0, ""tail_err_full_deg"": 4.0, ""tail_err_thresh_deg"": 1.5, ""tail_kd"": 0.07327471440654226, ""tail_kp"": 0.0, ""tail_max_control_boost"": 0.0, ""tail_u_max"": 0.0, ""torque_to_current"": 210.0, ""zeta0"": 0.885692967, ""zeta_leak"": 0.0237735451, ""zeta_reset_delay_sec"": 0.0, ""zeta_reset_value"": null, ""zeta_soft"": 0.989185316}"
69,1,1.0,60.759001870961136,1200.0,9.991766,6.95827507896074,7.991217493982231,11.194034835648006,22.1653757569209,0.45505675096990444,0.0,0.049566161202185786,0.940388452070621,0.9311489688,0.8856938513,0.9311489688,0.045455117499999975,0.004545600175166666,0.03754964626999994,0.2367330453,0.0,0.0,0.0,0.0,0.0,0.0,0.0,0.0,0.0,0.0,0.0,0.0,0.0,0.0,0.0,0.0,6.751173189417423,10.75388586339982,11.219326919333394,0.0,0,11.282575104999978,/tmp/nussbaum_sine_3hz_hard_runs/optuna_t0069_r01.csv,,"{""alpha"": 7.1072835468, ""amplitude_deg"": 10.0, ""baudrate"": 1000000.0, ""command_sign"": -1.0, ""control_output_scale"": 1.0, ""current_bias_raw"": -1.4319224277969722, ""current_limit_raw"": 0.0, ""default_mode"": 3.0, ""device"": ""/dev/ttyAMA0"", ""disable_anti_windup"": false, ""disable_freeze_nn_on_saturation"": false, ""disable_freeze_zeta_on_saturation"": false, ""disturb_interval_sec"": 30.0, ""disturb_jitter_sec"": 3.0, ""disturb_mode"": ""mixed"", ""disturb_seed"": -1.0, ""disturbance_placement"": ""mid_move"", ""duration"": 10.0, ""dxl_id"": 6.0, ""enable_disturbance"": false, ""frequency_hz"": 3.0, ""fric_coulomb"": 0.013199122627406582, ""fric_vel_scale"": 0.7423317744497985, ""gamma_adapt"": 8.7187500403, ""gamma_link"": 0.9596802121144709, ""integral_limit"": 1.6504936083, ""k_delta"": 0.14486554941966343, ""max_abs_e_dot"": 6.0, ""max_control"": 0.1611595155921645, ""max_current_raw"": 61.0, ""max_current_slew"": 61.56384563958171, ""mid_disturbance_offset_sec"": 0.0, ""no_set_current_mode"": false, ""predict_horizon_sec"": 0.0026633218945036298, ""pulse_current_raw_max"": 12.0, ""pulse_current_raw_min"": 4.0, ""pulse_duration_max"": 0.6, ""pulse_duration_min"": 0.15, ""q_abs_guard_deg"": 35.0, ""qd_lpf_alpha"": 0.024197971206506363, ""rate"": 120.0, ""rbf_center_max"": 3.2, ""rbf_center_min"": -3.2, ""rbf_nodes"": 11.0, ""rbf_width"": 1.4631904539, ""ref_jump_deg_max"": 8.0, ""ref_jump_deg_min"": 2.0, ""ref_jump_duration_max"": 0.6, ""ref_jump_duration_min"": 0.15, ""reference_shape"": ""sine"", ""reset_zeta_after_motion"": false, ""reset_zeta_on_segment"": false, ""restore_mode"": false, ""sigma_mod"": 0.2460708825, ""sine_center_mode"": ""lock"", ""soft_start_sec"": 0.7, ""step_absolute_target_deg"": null, ""step_absolute_target_rad"": null, ""step_delta_deg"": 40.0, ""step_ramp_sec"": 1.0, ""step_segment_sec"": 1.5, ""step_sequence_deg"": """", ""step_shape"": ""smoothstep"", ""step_start_sec"": 0.0, ""tail_err_full_deg"": 4.0, ""tail_err_thresh_deg"": 1.5, ""tail_kd"": 0.04109808185327971, ""tail_kp"": 0.0, ""tail_max_control_boost"": 0.0, ""tail_u_max"": 0.0, ""torque_to_current"": 210.0, ""zeta0"": 0.885692967, ""zeta_leak"": 0.0237735451, ""zeta_reset_delay_sec"": 0.0, ""zeta_reset_value"": null, ""zeta_soft"": 0.989185316}"
70,1,0.0,1000000.0,0.0,0.0,inf,inf,inf,inf,0.0,1.0,1.0,0.0,0.0,0.0,0.0,0.0,0.0,0.0,0.0,0.0,0.0,0.0,0.0,0.0,0.0,0.0,0.0,0.0,0.0,0.0,0.0,0.0,0.0,0.0,0.0,inf,inf,inf,1.0,1,10.398159567999755,/tmp/nussbaum_sine_3hz_hard_runs/optuna_t0070_r01.csv,[DBG] t=   8.00s e=  3.10deg u=-0.1852 u_aux=-0.1470 u_rob=-0.0000 u_fric= 0.0131 ta=0.71 cmd=   1.59 slewB=1.00 raw q= 135.97deg | [DBG] t=   9.00s e= 23.72deg u= 0.1753 u_aux=-0.1747 u_rob=-0.0000 u_fric= 0.0131 ta=1.00 cmd=  -9.79 slewB=1.00 raw q= 115.40deg | [ERROR] q guard hit: |q-q_center|=35.16 deg > 35.00,"{""alpha"": 7.1072835468, ""amplitude_deg"": 10.0, ""baudrate"": 1000000.0, ""command_sign"": -1.0, ""control_output_scale"": 1.0, ""current_bias_raw"": -1.3895529642897195, ""current_limit_raw"": 0.0, ""default_mode"": 3.0, ""device"": ""/dev/ttyAMA0"", ""disable_anti_windup"": false, ""disable_freeze_nn_on_saturation"": false, ""disable_freeze_zeta_on_saturation"": false, ""disturb_interval_sec"": 30.0, ""disturb_jitter_sec"": 3.0, ""disturb_mode"": ""mixed"", ""disturb_seed"": -1.0, ""disturbance_placement"": ""mid_move"", ""duration"": 10.0, ""dxl_id"": 6.0, ""enable_disturbance"": false, ""frequency_hz"": 3.0, ""fric_coulomb"": 0.013141312010944345, ""fric_vel_scale"": 0.6621276518662323, ""gamma_adapt"": 8.7187500403, ""gamma_link"": 0.869110501723236, ""integral_limit"": 1.6504936083, ""k_delta"": 0.05827703702706688, ""max_abs_e_dot"": 6.0, ""max_control"": 0.18524666734247736, ""max_current_raw"": 55.0, ""max_current_slew"": 62.05755472331163, ""mid_disturbance_offset_sec"": 0.0, ""no_set_current_mode"": false, ""predict_horizon_sec"": 0.0024660313186282996, ""pulse_current_raw_max"": 12.0, ""pulse_current_raw_min"": 4.0, ""pulse_duration_max"": 0.6, ""pulse_duration_min"": 0.15, ""q_abs_guard_deg"": 35.0, ""qd_lpf_alpha"": 0.021177327552839163, ""rate"": 120.0, ""rbf_center_max"": 3.2, ""rbf_center_min"": -3.2, ""rbf_nodes"": 11.0, ""rbf_width"": 1.4631904539, ""ref_jump_deg_max"": 8.0, ""ref_jump_deg_min"": 2.0, ""ref_jump_duration_max"": 0.6, ""ref_jump_duration_min"": 0.15, ""reference_shape"": ""sine"", ""reset_zeta_after_motion"": false, ""reset_zeta_on_segment"": false, ""restore_mode"": false, ""sigma_mod"": 0.2460708825, ""sine_center_mode"": ""lock"", ""soft_start_sec"": 0.7, ""step_absolute_target_deg"": null, ""step_absolute_target_rad"": null, ""step_delta_deg"": 40.0, ""step_ramp_sec"": 1.0, ""step_segment_sec"": 1.5, ""step_sequence_deg"": """", ""step_shape"": ""smoothstep"", ""step_start_sec"": 0.0, ""tail_err_full_deg"": 4.0, ""tail_err_thresh_deg"": 1.5, ""tail_kd"": 0.04456328315370382, ""tail_kp"": 0.0, ""tail_max_control_boost"": 0.0, ""tail_u_max"": 0.0, ""torque_to_current"": 210.0, ""zeta0"": 0.885692967, ""zeta_leak"": 0.0237735451, ""zeta_reset_delay_sec"": 0.0, ""zeta_reset_value"": null, ""zeta_soft"": 0.989185316}"
71,1,1.0,1000031.6562559158,1200.0,9.991748,7.596956393800291,8.655582256862097,13.070787980510005,21.68885879082429,0.418343744084214,0.0,0.08776893333333334,0.9366127577749358,0.9501221148,0.8856935957,0.9501221148,0.06442851910000003,0.006442914784416667,0.04312793142499974,0.2568935399,0.0,0.0,0.0,0.0,0.0,0.0,0.0,0.0,0.0,0.0,0.0,0.0,0.0,0.0,0.0,0.0,7.707994072063747,12.872253991233164,13.633145713229188,0.0,0,11.229039974999978,/tmp/nussbaum_sine_3hz_hard_runs/optuna_t0071_r01.csv,,"{""alpha"": 7.1072835468, ""amplitude_deg"": 10.0, ""baudrate"": 1000000.0, ""command_sign"": -1.0, ""control_output_scale"": 1.0, ""current_bias_raw"": 0.2574576742051868, ""current_limit_raw"": 0.0, ""default_mode"": 3.0, ""device"": ""/dev/ttyAMA0"", ""disable_anti_windup"": false, ""disable_freeze_nn_on_saturation"": false, ""disable_freeze_zeta_on_saturation"": false, ""disturb_interval_sec"": 30.0, ""disturb_jitter_sec"": 3.0, ""disturb_mode"": ""mixed"", ""disturb_seed"": -1.0, ""disturbance_placement"": ""mid_move"", ""duration"": 10.0, ""dxl_id"": 6.0, ""enable_disturbance"": false, ""frequency_hz"": 3.0, ""fric_coulomb"": 0.01024053692920878, ""fric_vel_scale"": 0.8068320182358208, ""gamma_adapt"": 8.7187500403, ""gamma_link"": 1.0610157160788267, ""integral_limit"": 1.6504936083, ""k_delta"": 0.13019409910963298, ""max_abs_e_dot"": 6.0, ""max_control"": 0.19043468424112944, ""max_current_raw"": 50.0, ""max_current_slew"": 94.3861289848264, ""mid_disturbance_offset_sec"": 0.0, ""no_set_current_mode"": false, ""predict_horizon_sec"": 0.0016482132479145532, ""pulse_current_raw_max"": 12.0, ""pulse_current_raw_min"": 4.0, ""pulse_duration_max"": 0.6, ""pulse_duration_min"": 0.15, ""q_abs_guard_deg"": 35.0, ""qd_lpf_alpha"": 0.05698194556032864, ""rate"": 120.0, ""rbf_center_max"": 3.2, ""rbf_center_min"": -3.2, ""rbf_nodes"": 11.0, ""rbf_width"": 1.4631904539, ""ref_jump_deg_max"": 8.0, ""ref_jump_deg_min"": 2.0, ""ref_jump_duration_max"": 0.6, ""ref_jump_duration_min"": 0.15, ""reference_shape"": ""sine"", ""reset_zeta_after_motion"": false, ""reset_zeta_on_segment"": false, ""restore_mode"": false, ""sigma_mod"": 0.2460708825, ""sine_center_mode"": ""lock"", ""soft_start_sec"": 0.7, ""step_absolute_target_deg"": null, ""step_absolute_target_rad"": null, ""step_delta_deg"": 40.0, ""step_ramp_sec"": 1.0, ""step_segment_sec"": 1.5, ""step_sequence_deg"": """", ""step_shape"": ""smoothstep"", ""step_start_sec"": 0.0, ""tail_err_full_deg"": 4.0, ""tail_err_thresh_deg"": 1.5, ""tail_kd"": 0.04490261060818712, ""tail_kp"": 0.0, ""tail_max_control_boost"": 0.0, ""tail_u_max"": 0.0, ""torque_to_current"": 210.0, ""zeta0"": 0.885692967, ""zeta_leak"": 0.0237735451, ""zeta_reset_delay_sec"": 0.0, ""zeta_reset_value"": null, ""zeta_soft"": 0.989185316}"
72,1,1.0,62.76723108574176,1200.0,9.991764,7.159963868013636,8.29408688280618,13.379358964113589,22.257193257725913,0.5302648746148934,0.0,0.06855330303030303,0.9405363533305399,0.939850271,0.8856929789,0.939850271,0.054157292099999976,0.0054157303955,0.026345204354999936,0.2656311411,0.0,0.0,0.0,0.0,0.0,0.0,0.0,0.0,0.0,0.0,0.0,0.0,0.0,0.0,0.0,0.0,6.9978065577674355,12.688532467266498,12.997267234293567,0.0,0,11.115565974999754,/tmp/nussbaum_sine_3hz_hard_runs/optuna_t0072_r01.csv,,"{""alpha"": 7.1072835468, ""amplitude_deg"": 10.0, ""baudrate"": 1000000.0, ""command_sign"": -1.0, ""control_output_scale"": 1.0, ""current_bias_raw"": -0.7464920217154362, ""current_limit_raw"": 0.0, ""default_mode"": 3.0, ""device"": ""/dev/ttyAMA0"", ""disable_anti_windup"": false, ""disable_freeze_nn_on_saturation"": false, ""disable_freeze_zeta_on_saturation"": false, ""disturb_interval_sec"": 30.0, ""disturb_jitter_sec"": 3.0, ""disturb_mode"": ""mixed"", ""disturb_seed"": -1.0, ""disturbance_placement"": ""mid_move"", ""duration"": 10.0, ""dxl_id"": 6.0, ""enable_disturbance"": false, ""frequency_hz"": 3.0, ""fric_coulomb"": 0.013412066383501597, ""fric_vel_scale"": 0.6930170216324629, ""gamma_adapt"": 8.7187500403, ""gamma_link"": 0.940450858315028, ""integral_limit"": 1.6504936083, ""k_delta"": 0.16995216866362917, ""max_abs_e_dot"": 6.0, ""max_control"": 0.17032237091428507, ""max_current_raw"": 55.0, ""max_current_slew"": 72.65006390847986, ""mid_disturbance_offset_sec"": 0.0, ""no_set_current_mode"": false, ""predict_horizon_sec"": 0.0023363162505922203, ""pulse_current_raw_max"": 12.0, ""pulse_current_raw_min"": 4.0, ""pulse_duration_max"": 0.6, ""pulse_duration_min"": 0.15, ""q_abs_guard_deg"": 35.0, ""qd_lpf_alpha"": 0.031179423388004772, ""rate"": 120.0, ""rbf_center_max"": 3.2, ""rbf_center_min"": -3.2, ""rbf_nodes"": 11.0, ""rbf_width"": 1.4631904539, ""ref_jump_deg_max"": 8.0, ""ref_jump_deg_min"": 2.0, ""ref_jump_duration_max"": 0.6, ""ref_jump_duration_min"": 0.15, ""reference_shape"": ""sine"", ""reset_zeta_after_motion"": false, ""reset_zeta_on_segment"": false, ""restore_mode"": false, ""sigma_mod"": 0.2460708825, ""sine_center_mode"": ""lock"", ""soft_start_sec"": 0.7, ""step_absolute_target_deg"": null, ""step_absolute_target_rad"": null, ""step_delta_deg"": 40.0, ""step_ramp_sec"": 1.0, ""step_segment_sec"": 1.5, ""step_sequence_deg"": """", ""step_shape"": ""smoothstep"", ""step_start_sec"": 0.0, ""tail_err_full_deg"": 4.0, ""tail_err_thresh_deg"": 1.5, ""tail_kd"": 0.03961112860280497, ""tail_kp"": 0.0, ""tail_max_control_boost"": 0.0, ""tail_u_max"": 0.0, ""torque_to_current"": 210.0, ""zeta0"": 0.885692967, ""zeta_leak"": 0.0237735451, ""zeta_reset_delay_sec"": 0.0, ""zeta_reset_value"": null, ""zeta_soft"": 0.989185316}"
73,1,1.0,66.81175200081424,1200.0,9.991837,7.64265900219573,8.753021467707045,13.327822257273194,23.215185738565527,0.4550553558596323,0.0,0.05734517777777777,0.9378422339040766,0.9559542833,0.885692967,0.9559542833,0.07026131629999999,0.007026131626083334,0.044702125294999985,0.2700419105,0.0,0.0,0.0,0.0,0.0,0.0,0.0,0.0,0.0,0.0,0.0,0.0,0.0,0.0,0.0,0.0,7.795529064790721,12.65265448038898,13.434382620475429,0.0,0,11.029091178999806,/tmp/nussbaum_sine_3hz_hard_runs/optuna_t0073_r01.csv,,"{""alpha"": 7.1072835468, ""amplitude_deg"": 10.0, ""baudrate"": 1000000.0, ""command_sign"": -1.0, ""control_output_scale"": 1.0, ""current_bias_raw"": -0.9655254140425237, ""current_limit_raw"": 0.0, ""default_mode"": 3.0, ""device"": ""/dev/ttyAMA0"", ""disable_anti_windup"": false, ""disable_freeze_nn_on_saturation"": false, ""disable_freeze_zeta_on_saturation"": false, ""disturb_interval_sec"": 30.0, ""disturb_jitter_sec"": 3.0, ""disturb_mode"": ""mixed"", ""disturb_seed"": -1.0, ""disturbance_placement"": ""mid_move"", ""duration"": 10.0, ""dxl_id"": 6.0, ""enable_disturbance"": false, ""frequency_hz"": 3.0, ""fric_coulomb"": 0.01758881814743388, ""fric_vel_scale"": 1.118370156274763, ""gamma_adapt"": 8.7187500403, ""gamma_link"": 0.9534358151303106, ""integral_limit"": 1.6504936083, ""k_delta"": 0.1881636336608516, ""max_abs_e_dot"": 6.0, ""max_control"": 0.2045197112239295, ""max_current_raw"": 75.0, ""max_current_slew"": 91.16778129952168, ""mid_disturbance_offset_sec"": 0.0, ""no_set_current_mode"": false, ""predict_horizon_sec"": 0.002343285001650667, ""pulse_current_raw_max"": 12.0, ""pulse_current_raw_min"": 4.0, ""pulse_duration_max"": 0.6, ""pulse_duration_min"": 0.15, ""q_abs_guard_deg"": 35.0, ""qd_lpf_alpha"": 0.04762882088644845, ""rate"": 120.0, ""rbf_center_max"": 3.2, ""rbf_center_min"": -3.2, ""rbf_nodes"": 11.0, ""rbf_width"": 1.4631904539, ""ref_jump_deg_max"": 8.0, ""ref_jump_deg_min"": 2.0, ""ref_jump_duration_max"": 0.6, ""ref_jump_duration_min"": 0.15, ""reference_shape"": ""sine"", ""reset_zeta_after_motion"": false, ""reset_zeta_on_segment"": false, ""restore_mode"": false, ""sigma_mod"": 0.2460708825, ""sine_center_mode"": ""lock"", ""soft_start_sec"": 0.7, ""step_absolute_target_deg"": null, ""step_absolute_target_rad"": null, ""step_delta_deg"": 40.0, ""step_ramp_sec"": 1.0, ""step_segment_sec"": 1.5, ""step_sequence_deg"": """", ""step_shape"": ""smoothstep"", ""step_start_sec"": 0.0, ""tail_err_full_deg"": 4.0, ""tail_err_thresh_deg"": 1.5, ""tail_kd"": 0.04544395919152171, ""tail_kp"": 0.0, ""tail_max_control_boost"": 0.0, ""tail_u_max"": 0.0, ""torque_to_current"": 210.0, ""zeta0"": 0.885692967, ""zeta_leak"": 0.0237735451, ""zeta_reset_delay_sec"": 0.0, ""zeta_reset_value"": null, ""zeta_soft"": 0.989185316}"
74,1,1.0,62.89681620565771,1200.0,9.991792,7.069442635910218,8.225328134989743,13.301547485365486,21.87276116891899,0.5342848044127951,0.0,0.04668864942528736,0.9381281664361832,0.9597117563,0.885692967,0.9597117563,0.07401878930000005,0.007401878932583334,0.050371770919999906,0.3036742322,0.0,0.0,0.0,0.0,0.0,0.0,0.0,0.0,0.0,0.0,0.0,0.0,0.0,0.0,0.0,0.0,6.875096697313647,13.30175349606495,13.69833328163211,0.0,0,11.090131419000045,/tmp/nussbaum_sine_3hz_hard_runs/optuna_t0074_r01.csv,,"{""alpha"": 7.1072835468, ""amplitude_deg"": 10.0, ""baudrate"": 1000000.0, ""command_sign"": -1.0, ""control_output_scale"": 1.0, ""current_bias_raw"": -0.7838090060593051, ""current_limit_raw"": 0.0, ""default_mode"": 3.0, ""device"": ""/dev/ttyAMA0"", ""disable_anti_windup"": false, ""disable_freeze_nn_on_saturation"": false, ""disable_freeze_zeta_on_saturation"": false, ""disturb_interval_sec"": 30.0, ""disturb_jitter_sec"": 3.0, ""disturb_mode"": ""mixed"", ""disturb_seed"": -1.0, ""disturbance_placement"": ""mid_move"", ""duration"": 10.0, ""dxl_id"": 6.0, ""enable_disturbance"": false, ""frequency_hz"": 3.0, ""fric_coulomb"": 0.012664298618881327, ""fric_vel_scale"": 0.8852155019078479, ""gamma_adapt"": 8.7187500403, ""gamma_link"": 0.9368615788345387, ""integral_limit"": 1.6504936083, ""k_delta"": 0.19297712950210422, ""max_abs_e_dot"": 6.0, ""max_control"": 0.20325002582306623, ""max_current_raw"": 87.0, ""max_current_slew"": 75.57582597099115, ""mid_disturbance_offset_sec"": 0.0, ""no_set_current_mode"": false, ""predict_horizon_sec"": 0.0028249588183005244, ""pulse_current_raw_max"": 12.0, ""pulse_current_raw_min"": 4.0, ""pulse_duration_max"": 0.6, ""pulse_duration_min"": 0.15, ""q_abs_guard_deg"": 35.0, ""qd_lpf_alpha"": 0.028596117499124694, ""rate"": 120.0, ""rbf_center_max"": 3.2, ""rbf_center_min"": -3.2, ""rbf_nodes"": 11.0, ""rbf_width"": 1.4631904539, ""ref_jump_deg_max"": 8.0, ""ref_jump_deg_min"": 2.0, ""ref_jump_duration_max"": 0.6, ""ref_jump_duration_min"": 0.15, ""reference_shape"": ""sine"", ""reset_zeta_after_motion"": false, ""reset_zeta_on_segment"": false, ""restore_mode"": false, ""sigma_mod"": 0.2460708825, ""sine_center_mode"": ""lock"", ""soft_start_sec"": 0.7, ""step_absolute_target_deg"": null, ""step_absolute_target_rad"": null, ""step_delta_deg"": 40.0, ""step_ramp_sec"": 1.0, ""step_segment_sec"": 1.5, ""step_sequence_deg"": """", ""step_shape"": ""smoothstep"", ""step_start_sec"": 0.0, ""tail_err_full_deg"": 4.0, ""tail_err_thresh_deg"": 1.5, ""tail_kd"": 0.035598210136923575, ""tail_kp"": 0.0, ""tail_max_control_boost"": 0.0, ""tail_u_max"": 0.0, ""torque_to_current"": 210.0, ""zeta0"": 0.885692967, ""zeta_leak"": 0.0237735451, ""zeta_reset_delay_sec"": 0.0, ""zeta_reset_value"": null, ""zeta_soft"": 0.989185316}"
75,1,1.0,65.60651719694614,1200.0,9.991749,7.7578576232793575,8.882695831873388,13.288514363119923,24.5738906461297,0.508464341695276,0.0,0.05197626811594203,0.9334255256973675,1.0284612425,0.885692967,1.0284612425,0.14276827549999993,0.014276827550416668,0.06782059233499896,1.5638361223,0.0,0.0,0.0,0.0,0.0,0.0,0.0,0.0,0.0,0.0,0.0,0.0,0.0,0.0,0.0,0.0,7.734554250472961,12.987580890023176,13.618921279660777,0.0,0,11.19643343800044,/tmp/nussbaum_sine_3hz_hard_runs/optuna_t0075_r01.csv,,"{""alpha"": 7.1072835468, ""amplitude_deg"": 10.0, ""baudrate"": 1000000.0, ""command_sign"": -1.0, ""control_output_scale"": 1.0, ""current_bias_raw"": -0.4738196802825285, ""current_limit_raw"": 0.0, ""default_mode"": 3.0, ""device"": ""/dev/ttyAMA0"", ""disable_anti_windup"": false, ""disable_freeze_nn_on_saturation"": false, ""disable_freeze_zeta_on_saturation"": false, ""disturb_interval_sec"": 30.0, ""disturb_jitter_sec"": 3.0, ""disturb_mode"": ""mixed"", ""disturb_seed"": -1.0, ""disturbance_placement"": ""mid_move"", ""duration"": 10.0, ""dxl_id"": 6.0, ""enable_disturbance"": false, ""frequency_hz"": 3.0, ""fric_coulomb"": 0.017005350216161758, ""fric_vel_scale"": 1.7398772664623554, ""gamma_adapt"": 8.7187500403, ""gamma_link"": 0.8260600015403032, ""integral_limit"": 1.6504936083, ""k_delta"": 0.1310294133166938, ""max_abs_e_dot"": 6.0, ""max_control"": 0.2261794799884398, ""max_current_raw"": 92.0, ""max_current_slew"": 102.8411274044492, ""mid_disturbance_offset_sec"": 0.0, ""no_set_current_mode"": false, ""predict_horizon_sec"": 0.0025795581318580475, ""pulse_current_raw_max"": 12.0, ""pulse_current_raw_min"": 4.0, ""pulse_duration_max"": 0.6, ""pulse_duration_min"": 0.15, ""q_abs_guard_deg"": 35.0, ""qd_lpf_alpha"": 0.058603494568058107, ""rate"": 120.0, ""rbf_center_max"": 3.2, ""rbf_center_min"": -3.2, ""rbf_nodes"": 11.0, ""rbf_width"": 1.4631904539, ""ref_jump_deg_max"": 8.0, ""ref_jump_deg_min"": 2.0, ""ref_jump_duration_max"": 0.6, ""ref_jump_duration_min"": 0.15, ""reference_shape"": ""sine"", ""reset_zeta_after_motion"": false, ""reset_zeta_on_segment"": false, ""restore_mode"": false, ""sigma_mod"": 0.2460708825, ""sine_center_mode"": ""lock"", ""soft_start_sec"": 0.7, ""step_absolute_target_deg"": null, ""step_absolute_target_rad"": null, ""step_delta_deg"": 40.0, ""step_ramp_sec"": 1.0, ""step_segment_sec"": 1.5, ""step_sequence_deg"": """", ""step_shape"": ""smoothstep"", ""step_start_sec"": 0.0, ""tail_err_full_deg"": 4.0, ""tail_err_thresh_deg"": 1.5, ""tail_kd"": 0.04336252675042193, ""tail_kp"": 0.0, ""tail_max_control_boost"": 0.0, ""tail_u_max"": 0.0, ""torque_to_current"": 210.0, ""zeta0"": 0.885692967, ""zeta_leak"": 0.0237735451, ""zeta_reset_delay_sec"": 0.0, ""zeta_reset_value"": null, ""zeta_soft"": 0.989185316}"
76,1,1.0,67.39134477980318,1200.0,9.991800000000001,7.935600926620082,9.11723621671198,14.462657104759286,23.47604593985979,0.530040372547323,0.0,0.056820078431372545,0.9396659696815635,0.9593553852,0.8856929738,0.9593553852,0.07366241139999996,0.007366241816333333,0.05955696715999985,0.2558233761,0.0,0.0,0.0,0.0,0.0,0.0,0.0,0.0,0.0,0.0,0.0,0.0,0.0,0.0,0.0,0.0,7.93261075378669,13.94794249404988,15.56021344910584,0.0,0,11.11053316000016,/tmp/nussbaum_sine_3hz_hard_runs/optuna_t0076_r01.csv,,"{""alpha"": 7.1072835468, ""amplitude_deg"": 10.0, ""baudrate"": 1000000.0, ""command_sign"": -1.0, ""control_output_scale"": 1.0, ""current_bias_raw"": -0.22666233007253273, ""current_limit_raw"": 0.0, ""default_mode"": 3.0, ""device"": ""/dev/ttyAMA0"", ""disable_anti_windup"": false, ""disable_freeze_nn_on_saturation"": false, ""disable_freeze_zeta_on_saturation"": false, ""disturb_interval_sec"": 30.0, ""disturb_jitter_sec"": 3.0, ""disturb_mode"": ""mixed"", ""disturb_seed"": -1.0, ""disturbance_placement"": ""mid_move"", ""duration"": 10.0, ""dxl_id"": 6.0, ""enable_disturbance"": false, ""frequency_hz"": 3.0, ""fric_coulomb"": 0.017718960426775992, ""fric_vel_scale"": 1.1664249413938124, ""gamma_adapt"": 8.7187500403, ""gamma_link"": 0.7893527658506195, ""integral_limit"": 1.6504936083, ""k_delta"": 0.1361446869540653, ""max_abs_e_dot"": 6.0, ""max_control"": 0.19532818114845604, ""max_current_raw"": 85.0, ""max_current_slew"": 106.008469535676, ""mid_disturbance_offset_sec"": 0.0, ""no_set_current_mode"": false, ""predict_horizon_sec"": 0.0031816882773345913, ""pulse_current_raw_max"": 12.0, ""pulse_current_raw_min"": 4.0, ""pulse_duration_max"": 0.6, ""pulse_duration_min"": 0.15, ""q_abs_guard_deg"": 35.0, ""qd_lpf_alpha"": 0.07197926560244561, ""rate"": 120.0, ""rbf_center_max"": 3.2, ""rbf_center_min"": -3.2, ""rbf_nodes"": 11.0, ""rbf_width"": 1.4631904539, ""ref_jump_deg_max"": 8.0, ""ref_jump_deg_min"": 2.0, ""ref_jump_duration_max"": 0.6, ""ref_jump_duration_min"": 0.15, ""reference_shape"": ""sine"", ""reset_zeta_after_motion"": false, ""reset_zeta_on_segment"": false, ""restore_mode"": false, ""sigma_mod"": 0.2460708825, ""sine_center_mode"": ""lock"", ""soft_start_sec"": 0.7, ""step_absolute_target_deg"": null, ""step_absolute_target_rad"": null, ""step_delta_deg"": 40.0, ""step_ramp_sec"": 1.0, ""step_segment_sec"": 1.5, ""step_sequence_deg"": """", ""step_shape"": ""smoothstep"", ""step_start_sec"": 0.0, ""tail_err_full_deg"": 4.0, ""tail_err_thresh_deg"": 1.5, ""tail_kd"": 0.055127484350403995, ""tail_kp"": 0.0, ""tail_max_control_boost"": 0.0, ""tail_u_max"": 0.0, ""torque_to_current"": 210.0, ""zeta0"": 0.885692967, ""zeta_leak"": 0.0237735451, ""zeta_reset_delay_sec"": 0.0, ""zeta_reset_value"": null, ""zeta_soft"": 0.989185316}"
77,1,1.0,62.42427968498855,1200.0,9.99177,7.7203383758459525,8.945428707283847,14.203069545573936,24.751692817064157,0.624169323531562,0.0,0.05606355769230769,0.9354287989349209,0.970382606,0.885692967,0.970382606,0.08468963900000004,0.008468963897833333,0.05058548703999999,0.2879842026,0.0,0.0,0.0,0.0,0.0,0.0,0.0,0.0,0.0,0.0,0.0,0.0,0.0,0.0,0.0,0.0,7.715910511138825,12.925963390129038,13.421252759749256,0.0,0,11.180766031000076,/tmp/nussbaum_sine_3hz_hard_runs/optuna_t0077_r01.csv,,"{""alpha"": 7.1072835468, ""amplitude_deg"": 10.0, ""baudrate"": 1000000.0, ""command_sign"": -1.0, ""control_output_scale"": 1.0, ""current_bias_raw"": -0.8374985190264523, ""current_limit_raw"": 0.0, ""default_mode"": 3.0, ""device"": ""/dev/ttyAMA0"", ""disable_anti_windup"": false, ""disable_freeze_nn_on_saturation"": false, ""disable_freeze_zeta_on_saturation"": false, ""disturb_interval_sec"": 30.0, ""disturb_jitter_sec"": 3.0, ""disturb_mode"": ""mixed"", ""disturb_seed"": -1.0, ""disturbance_placement"": ""mid_move"", ""duration"": 10.0, ""dxl_id"": 6.0, ""enable_disturbance"": false, ""frequency_hz"": 3.0, ""fric_coulomb"": 0.019184542742172316, ""fric_vel_scale"": 1.3230365688504566, ""gamma_adapt"": 8.7187500403, ""gamma_link"": 0.8671663176653212, ""integral_limit"": 1.6504936083, ""k_delta"": 0.18110270486388266, ""max_abs_e_dot"": 6.0, ""max_control"": 0.21768964884074912, ""max_current_raw"": 78.0, ""max_current_slew"": 91.69562512771192, ""mid_disturbance_offset_sec"": 0.0, ""no_set_current_mode"": false, ""predict_horizon_sec"": 0.0026586479605581735, ""pulse_current_raw_max"": 12.0, ""pulse_current_raw_min"": 4.0, ""pulse_duration_max"": 0.6, ""pulse_duration_min"": 0.15, ""q_abs_guard_deg"": 35.0, ""qd_lpf_alpha"": 0.034106772401526056, ""rate"": 120.0, ""rbf_center_max"": 3.2, ""rbf_center_min"": -3.2, ""rbf_nodes"": 11.0, ""rbf_width"": 1.4631904539, ""ref_jump_deg_max"": 8.0, ""ref_jump_deg_min"": 2.0, ""ref_jump_duration_max"": 0.6, ""ref_jump_duration_min"": 0.15, ""reference_shape"": ""sine"", ""reset_zeta_after_motion"": false, ""reset_zeta_on_segment"": false, ""restore_mode"": false, ""sigma_mod"": 0.2460708825, ""sine_center_mode"": ""lock"", ""soft_start_sec"": 0.7, ""step_absolute_target_deg"": null, ""step_absolute_target_rad"": null, ""step_delta_deg"": 40.0, ""step_ramp_sec"": 1.0, ""step_segment_sec"": 1.5, ""step_sequence_deg"": """", ""step_shape"": ""smoothstep"", ""step_start_sec"": 0.0, ""tail_err_full_deg"": 4.0, ""tail_err_thresh_deg"": 1.5, ""tail_kd"": 0.02915155808312969, ""tail_kp"": 0.0, ""tail_max_control_boost"": 0.0, ""tail_u_max"": 0.0, ""torque_to_current"": 210.0, ""zeta0"": 0.885692967, ""zeta_leak"": 0.0237735451, ""zeta_reset_delay_sec"": 0.0, ""zeta_reset_value"": null, ""zeta_soft"": 0.989185316}"
78,1,1.0,68.39273594403194,1200.0,9.991822,8.325874993722318,9.571466086390686,14.340287940742837,27.34155436028585,0.5207016975215161,0.0,0.06765891176470588,0.9395511938117626,0.9424125601,0.885692967,0.9424125601,0.056719593099999965,0.0056719593079999995,0.039796005149999994,0.2383296146,0.0,0.0,0.0,0.0,0.0,0.0,0.0,0.0,0.0,0.0,0.0,0.0,0.0,0.0,0.0,0.0,8.135750323093369,13.28705459643287,14.635470499799421,0.0,0,11.258025974999782,/tmp/nussbaum_sine_3hz_hard_runs/optuna_t0078_r01.csv,,"{""alpha"": 7.1072835468, ""amplitude_deg"": 10.0, ""baudrate"": 1000000.0, ""command_sign"": -1.0, ""control_output_scale"": 1.0, ""current_bias_raw"": -0.489243411017858, ""current_limit_raw"": 0.0, ""default_mode"": 3.0, ""device"": ""/dev/ttyAMA0"", ""disable_anti_windup"": false, ""disable_freeze_nn_on_saturation"": false, ""disable_freeze_zeta_on_saturation"": false, ""disturb_interval_sec"": 30.0, ""disturb_jitter_sec"": 3.0, ""disturb_mode"": ""mixed"", ""disturb_seed"": -1.0, ""disturbance_placement"": ""mid_move"", ""duration"": 10.0, ""dxl_id"": 6.0, ""enable_disturbance"": false, ""frequency_hz"": 3.0, ""fric_coulomb"": 0.018665627403204724, ""fric_vel_scale"": 1.3735179483657693, ""gamma_adapt"": 8.7187500403, ""gamma_link"": 0.7694560803366534, ""integral_limit"": 1.6504936083, ""k_delta"": 0.12885643342013237, ""max_abs_e_dot"": 6.0, ""max_control"": 0.17312204284643593, ""max_current_raw"": 85.0, ""max_current_slew"": 130.00226507164024, ""mid_disturbance_offset_sec"": 0.0, ""no_set_current_mode"": false, ""predict_horizon_sec"": 0.0029964966454704323, ""pulse_current_raw_max"": 12.0, ""pulse_current_raw_min"": 4.0, ""pulse_duration_max"": 0.6, ""pulse_duration_min"": 0.15, ""q_abs_guard_deg"": 35.0, ""qd_lpf_alpha"": 0.052663470034985345, ""rate"": 120.0, ""rbf_center_max"": 3.2, ""rbf_center_min"": -3.2, ""rbf_nodes"": 11.0, ""rbf_width"": 1.4631904539, ""ref_jump_deg_max"": 8.0, ""ref_jump_deg_min"": 2.0, ""ref_jump_duration_max"": 0.6, ""ref_jump_duration_min"": 0.15, ""reference_shape"": ""sine"", ""reset_zeta_after_motion"": false, ""reset_zeta_on_segment"": false, ""restore_mode"": false, ""sigma_mod"": 0.2460708825, ""sine_center_mode"": ""lock"", ""soft_start_sec"": 0.7, ""step_absolute_target_deg"": null, ""step_absolute_target_rad"": null, ""step_delta_deg"": 40.0, ""step_ramp_sec"": 1.0, ""step_segment_sec"": 1.5, ""step_sequence_deg"": """", ""step_shape"": ""smoothstep"", ""step_start_sec"": 0.0, ""tail_err_full_deg"": 4.0, ""tail_err_thresh_deg"": 1.5, ""tail_kd"": 0.04262068325632236, ""tail_kp"": 0.0, ""tail_max_control_boost"": 0.0, ""tail_u_max"": 0.0, ""torque_to_current"": 210.0, ""zeta0"": 0.885692967, ""zeta_leak"": 0.0237735451, ""zeta_reset_delay_sec"": 0.0, ""zeta_reset_value"": null, ""zeta_soft"": 0.989185316}"
79,1,1.0,70.05989939694933,1200.0,9.991753000000001,8.202265912993386,9.362135098761108,14.36298855666085,24.42346917138503,0.45416906097702325,0.0,0.0631815019379845,0.9418418460923137,1.0255620853,0.885692967,1.0255620853,0.13986911830000004,0.013986911828666664,0.056084541684999975,1.2760984018,0.0,0.0,0.0,0.0,0.0,0.0,0.0,0.0,0.0,0.0,0.0,0.0,0.0,0.0,0.0,0.0,8.168779199405682,13.432577027349433,14.609213740538877,0.0,0,11.223459123000339,/tmp/nussbaum_sine_3hz_hard_runs/optuna_t0079_r01.csv,,"{""alpha"": 7.1072835468, ""amplitude_deg"": 10.0, ""baudrate"": 1000000.0, ""command_sign"": -1.0, ""control_output_scale"": 1.0, ""current_bias_raw"": 0.14454070155189797, ""current_limit_raw"": 0.0, ""default_mode"": 3.0, ""device"": ""/dev/ttyAMA0"", ""disable_anti_windup"": false, ""disable_freeze_nn_on_saturation"": false, ""disable_freeze_zeta_on_saturation"": false, ""disturb_interval_sec"": 30.0, ""disturb_jitter_sec"": 3.0, ""disturb_mode"": ""mixed"", ""disturb_seed"": -1.0, ""disturbance_placement"": ""mid_move"", ""duration"": 10.0, ""dxl_id"": 6.0, ""enable_disturbance"": false, ""frequency_hz"": 3.0, ""fric_coulomb"": 0.017066190532939476, ""fric_vel_scale"": 1.5393256816986434, ""gamma_adapt"": 8.7187500403, ""gamma_link"": 0.8000298908330798, ""integral_limit"": 1.6504936083, ""k_delta"": 0.09758604153447006, ""max_abs_e_dot"": 6.0, ""max_control"": 0.1731021632647374, ""max_current_raw"": 86.0, ""max_current_slew"": 123.42272395105458, ""mid_disturbance_offset_sec"": 0.0, ""no_set_current_mode"": false, ""predict_horizon_sec"": 0.003050669052259553, ""pulse_current_raw_max"": 12.0, ""pulse_current_raw_min"": 4.0, ""pulse_duration_max"": 0.6, ""pulse_duration_min"": 0.15, ""q_abs_guard_deg"": 35.0, ""qd_lpf_alpha"": 0.05460765926736459, ""rate"": 120.0, ""rbf_center_max"": 3.2, ""rbf_center_min"": -3.2, ""rbf_nodes"": 11.0, ""rbf_width"": 1.4631904539, ""ref_jump_deg_max"": 8.0, ""ref_jump_deg_min"": 2.0, ""ref_jump_duration_max"": 0.6, ""ref_jump_duration_min"": 0.15, ""reference_shape"": ""sine"", ""reset_zeta_after_motion"": false, ""reset_zeta_on_segment"": false, ""restore_mode"": false, ""sigma_mod"": 0.2460708825, ""sine_center_mode"": ""lock"", ""soft_start_sec"": 0.7, ""step_absolute_target_deg"": null, ""step_absolute_target_rad"": null, ""step_delta_deg"": 40.0, ""step_ramp_sec"": 1.0, ""step_segment_sec"": 1.5, ""step_sequence_deg"": """", ""step_shape"": ""smoothstep"", ""step_start_sec"": 0.0, ""tail_err_full_deg"": 4.0, ""tail_err_thresh_deg"": 1.5, ""tail_kd"": 0.057835941872568866, ""tail_kp"": 0.0, ""tail_max_control_boost"": 0.0, ""tail_u_max"": 0.0, ""torque_to_current"": 210.0, ""zeta0"": 0.885692967, ""zeta_leak"": 0.0237735451, ""zeta_reset_delay_sec"": 0.0, ""zeta_reset_value"": null, ""zeta_soft"": 0.989185316}"
80,1,1.0,65.91496016525674,1200.0,9.991759,7.8232647118671155,8.964348384790311,13.490295228591341,24.783624093031893,0.5042404704045838,0.0,0.051516979166666664,0.9358480684974891,0.9706674874,0.885692967,0.9706674874,0.08497452039999998,0.008497452037416666,0.05824153468999945,0.3001989143,0.0,0.0,0.0,0.0,0.0,0.0,0.0,0.0,0.0,0.0,0.0,0.0,0.0,0.0,0.0,0.0,7.631115364687996,12.919065868365596,13.326217075330131,0.0,0,11.121907715999896,/tmp/nussbaum_sine_3hz_hard_runs/optuna_t0080_r01.csv,,"{""alpha"": 7.1072835468, ""amplitude_deg"": 10.0, ""baudrate"": 1000000.0, ""command_sign"": -1.0, ""control_output_scale"": 1.0, ""current_bias_raw"": -0.3436655552980524, ""current_limit_raw"": 0.0, ""default_mode"": 3.0, ""device"": ""/dev/ttyAMA0"", ""disable_anti_windup"": false, ""disable_freeze_nn_on_saturation"": false, ""disable_freeze_zeta_on_saturation"": false, ""disturb_interval_sec"": 30.0, ""disturb_jitter_sec"": 3.0, ""disturb_mode"": ""mixed"", ""disturb_seed"": -1.0, ""disturbance_placement"": ""mid_move"", ""duration"": 10.0, ""dxl_id"": 6.0, ""enable_disturbance"": false, ""frequency_hz"": 3.0, ""fric_coulomb"": 0.015916142857627054, ""fric_vel_scale"": 0.6570423385397761, ""gamma_adapt"": 8.7187500403, ""gamma_link"": 0.8304449744796728, ""integral_limit"": 1.6504936083, ""k_delta"": 0.1760813252762502, ""max_abs_e_dot"": 6.0, ""max_control"": 0.2143757852498985, ""max_current_raw"": 88.0, ""max_current_slew"": 98.38628904536911, ""mid_disturbance_offset_sec"": 0.0, ""no_set_current_mode"": false, ""predict_horizon_sec"": 0.003053182279126537, ""pulse_current_raw_max"": 12.0, ""pulse_current_raw_min"": 4.0, ""pulse_duration_max"": 0.6, ""pulse_duration_min"": 0.15, ""q_abs_guard_deg"": 35.0, ""qd_lpf_alpha"": 0.023378241942336467, ""rate"": 120.0, ""rbf_center_max"": 3.2, ""rbf_center_min"": -3.2, ""rbf_nodes"": 11.0, ""rbf_width"": 1.4631904539, ""ref_jump_deg_max"": 8.0, ""ref_jump_deg_min"": 2.0, ""ref_jump_duration_max"": 0.6, ""ref_jump_duration_min"": 0.15, ""reference_shape"": ""sine"", ""reset_zeta_after_motion"": false, ""reset_zeta_on_segment"": false, ""restore_mode"": false, ""sigma_mod"": 0.2460708825, ""sine_center_mode"": ""lock"", ""soft_start_sec"": 0.7, ""step_absolute_target_deg"": null, ""step_absolute_target_rad"": null, ""step_delta_deg"": 40.0, ""step_ramp_sec"": 1.0, ""step_segment_sec"": 1.5, ""step_sequence_deg"": """", ""step_shape"": ""smoothstep"", ""step_start_sec"": 0.0, ""tail_err_full_deg"": 4.0, ""tail_err_thresh_deg"": 1.5, ""tail_kd"": 0.03038821513316301, ""tail_kp"": 0.0, ""tail_max_control_boost"": 0.0, ""tail_u_max"": 0.0, ""torque_to_current"": 210.0, ""zeta0"": 0.885692967, ""zeta_leak"": 0.0237735451, ""zeta_reset_delay_sec"": 0.0, ""zeta_reset_value"": null, ""zeta_soft"": 0.989185316}"
81,1,1.0,64.93676530179879,1200.0,9.991756,7.90705539182978,9.120777895294834,14.588019397432708,25.40685004238047,0.574330020066609,0.0,0.049439423076923075,0.9395889901076354,0.9489916964,0.885692967,0.9489916964,0.06329872940000003,0.006329872936833333,0.04588227528499997,0.2666693792,0.0,0.0,0.0,0.0,0.0,0.0,0.0,0.0,0.0,0.0,0.0,0.0,0.0,0.0,0.0,0.0,7.539710420522368,13.060102959916504,13.510350590328965,0.0,0,11.235407216000112,/tmp/nussbaum_sine_3hz_hard_runs/optuna_t0081_r01.csv,,"{""alpha"": 7.1072835468, ""amplitude_deg"": 10.0, ""baudrate"": 1000000.0, ""command_sign"": -1.0, ""control_output_scale"": 1.0, ""current_bias_raw"": -0.9266094326939827, ""current_limit_raw"": 0.0, ""default_mode"": 3.0, ""device"": ""/dev/ttyAMA0"", ""disable_anti_windup"": false, ""disable_freeze_nn_on_saturation"": false, ""disable_freeze_zeta_on_saturation"": false, ""disturb_interval_sec"": 30.0, ""disturb_jitter_sec"": 3.0, ""disturb_mode"": ""mixed"", ""disturb_seed"": -1.0, ""disturbance_placement"": ""mid_move"", ""duration"": 10.0, ""dxl_id"": 6.0, ""enable_disturbance"": false, ""frequency_hz"": 3.0, ""fric_coulomb"": 0.019496877876399425, ""fric_vel_scale"": 1.3724759162656854, ""gamma_adapt"": 8.7187500403, ""gamma_link"": 0.7490949104802099, ""integral_limit"": 1.6504936083, ""k_delta"": 0.17644164657148936, ""max_abs_e_dot"": 6.0, ""max_control"": 0.17177476386502533, ""max_current_raw"": 91.0, ""max_current_slew"": 99.24697332573786, ""mid_disturbance_offset_sec"": 0.0, ""no_set_current_mode"": false, ""predict_horizon_sec"": 0.0028940903904988904, ""pulse_current_raw_max"": 12.0, ""pulse_current_raw_min"": 4.0, ""pulse_duration_max"": 0.6, ""pulse_duration_min"": 0.15, ""q_abs_guard_deg"": 35.0, ""qd_lpf_alpha"": 0.026367889014095546, ""rate"": 120.0, ""rbf_center_max"": 3.2, ""rbf_center_min"": -3.2, ""rbf_nodes"": 11.0, ""rbf_width"": 1.4631904539, ""ref_jump_deg_max"": 8.0, ""ref_jump_deg_min"": 2.0, ""ref_jump_duration_max"": 0.6, ""ref_jump_duration_min"": 0.15, ""reference_shape"": ""sine"", ""reset_zeta_after_motion"": false, ""reset_zeta_on_segment"": false, ""restore_mode"": false, ""sigma_mod"": 0.2460708825, ""sine_center_mode"": ""lock"", ""soft_start_sec"": 0.7, ""step_absolute_target_deg"": null, ""step_absolute_target_rad"": null, ""step_delta_deg"": 40.0, ""step_ramp_sec"": 1.0, ""step_segment_sec"": 1.5, ""step_sequence_deg"": """", ""step_shape"": ""smoothstep"", ""step_start_sec"": 0.0, ""tail_err_full_deg"": 4.0, ""tail_err_thresh_deg"": 1.5, ""tail_kd"": 0.010814037282477387, ""tail_kp"": 0.0, ""tail_max_control_boost"": 0.0, ""tail_u_max"": 0.0, ""torque_to_current"": 210.0, ""zeta0"": 0.885692967, ""zeta_leak"": 0.0237735451, ""zeta_reset_delay_sec"": 0.0, ""zeta_reset_value"": null, ""zeta_soft"": 0.989185316}"
82,1,1.0,1000017.3340768837,1200.0,9.991750999999999,8.71384420570697,10.102066287091176,15.461463599870765,29.73340768837845,0.6588810248471567,0.0,0.06783977528089888,0.9283752919698843,1.0373576053,0.885692967,1.0373576053,0.1516646383,0.015166463829666667,0.17218542258999978,0.4140165273,0.0,0.0,0.0,0.0,0.0,0.0,0.0,0.0,0.0,0.0,0.0,0.0,0.0,0.0,0.0,0.0,8.24564281267895,12.988112319837317,14.875722142588804,0.0,0,11.09423328999992,/tmp/nussbaum_sine_3hz_hard_runs/optuna_t0082_r01.csv,,"{""alpha"": 7.1072835468, ""amplitude_deg"": 10.0, ""baudrate"": 1000000.0, ""command_sign"": -1.0, ""control_output_scale"": 1.0, ""current_bias_raw"": -0.30487398618337147, ""current_limit_raw"": 0.0, ""default_mode"": 3.0, ""device"": ""/dev/ttyAMA0"", ""disable_anti_windup"": false, ""disable_freeze_nn_on_saturation"": false, ""disable_freeze_zeta_on_saturation"": false, ""disturb_interval_sec"": 30.0, ""disturb_jitter_sec"": 3.0, ""disturb_mode"": ""mixed"", ""disturb_seed"": -1.0, ""disturbance_placement"": ""mid_move"", ""duration"": 10.0, ""dxl_id"": 6.0, ""enable_disturbance"": false, ""frequency_hz"": 3.0, ""fric_coulomb"": 0.018412112315533448, ""fric_vel_scale"": 1.054822493372223, ""gamma_adapt"": 8.7187500403, ""gamma_link"": 0.7771718514462684, ""integral_limit"": 1.6504936083, ""k_delta"": 0.1896078760991764, ""max_abs_e_dot"": 6.0, ""max_control"": 0.2825510413813798, ""max_current_raw"": 89.0, ""max_current_slew"": 135.89038100796552, ""mid_disturbance_offset_sec"": 0.0, ""no_set_current_mode"": false, ""predict_horizon_sec"": 0.0037911663806419428, ""pulse_current_raw_max"": 12.0, ""pulse_current_raw_min"": 4.0, ""pulse_duration_max"": 0.6, ""pulse_duration_min"": 0.15, ""q_abs_guard_deg"": 35.0, ""qd_lpf_alpha"": 0.024514571548984676, ""rate"": 120.0, ""rbf_center_max"": 3.2, ""rbf_center_min"": -3.2, ""rbf_nodes"": 11.0, ""rbf_width"": 1.4631904539, ""ref_jump_deg_max"": 8.0, ""ref_jump_deg_min"": 2.0, ""ref_jump_duration_max"": 0.6, ""ref_jump_duration_min"": 0.15, ""reference_shape"": ""sine"", ""reset_zeta_after_motion"": false, ""reset_zeta_on_segment"": false, ""restore_mode"": false, ""sigma_mod"": 0.2460708825, ""sine_center_mode"": ""lock"", ""soft_start_sec"": 0.7, ""step_absolute_target_deg"": null, ""step_absolute_target_rad"": null, ""step_delta_deg"": 40.0, ""step_ramp_sec"": 1.0, ""step_segment_sec"": 1.5, ""step_sequence_deg"": """", ""step_shape"": ""smoothstep"", ""step_start_sec"": 0.0, ""tail_err_full_deg"": 4.0, ""tail_err_thresh_deg"": 1.5, ""tail_kd"": 0.018664893602694754, ""tail_kp"": 0.0, ""tail_max_control_boost"": 0.0, ""tail_u_max"": 0.0, ""torque_to_current"": 210.0, ""zeta0"": 0.885692967, ""zeta_leak"": 0.0237735451, ""zeta_reset_delay_sec"": 0.0, ""zeta_reset_value"": null, ""zeta_soft"": 0.989185316}"
83,1,1.0,65.98149580734444,1200.0,9.991759,8.178356447442793,9.446120298215689,15.00149495121455,26.331044304383955,0.5876773982464133,0.0,0.0589877380952381,0.9359745763055027,0.9644051744,0.885692967,0.9644051744,0.07871220739999996,0.007871220741583333,0.05980733335999995,0.2823048649,0.0,0.0,0.0,0.0,0.0,0.0,0.0,0.0,0.0,0.0,0.0,0.0,0.0,0.0,0.0,0.0,7.945176461078892,12.882928580843528,15.258356748200839,0.0,0,11.12337092000007,/tmp/nussbaum_sine_3hz_hard_runs/optuna_t0083_r01.csv,,"{""alpha"": 7.1072835468, ""amplitude_deg"": 10.0, ""baudrate"": 1000000.0, ""command_sign"": -1.0, ""control_output_scale"": 1.0, ""current_bias_raw"": -0.7484984023698324, ""current_limit_raw"": 0.0, ""default_mode"": 3.0, ""device"": ""/dev/ttyAMA0"", ""disable_anti_windup"": false, ""disable_freeze_nn_on_saturation"": false, ""disable_freeze_zeta_on_saturation"": false, ""disturb_interval_sec"": 30.0, ""disturb_jitter_sec"": 3.0, ""disturb_mode"": ""mixed"", ""disturb_seed"": -1.0, ""disturbance_placement"": ""mid_move"", ""duration"": 10.0, ""dxl_id"": 6.0, ""enable_disturbance"": false, ""frequency_hz"": 3.0, ""fric_coulomb"": 0.017788159121104593, ""fric_vel_scale"": 1.4159226673804772, ""gamma_adapt"": 8.7187500403, ""gamma_link"": 1.0738896519185506, ""integral_limit"": 1.6504936083, ""k_delta"": 0.1940200520811373, ""max_abs_e_dot"": 6.0, ""max_control"": 0.21343796083236494, ""max_current_raw"": 91.0, ""max_current_slew"": 119.07755971340114, ""mid_disturbance_offset_sec"": 0.0, ""no_set_current_mode"": false, ""predict_horizon_sec"": 0.0019402722048510546, ""pulse_current_raw_max"": 12.0, ""pulse_current_raw_min"": 4.0, ""pulse_duration_max"": 0.6, ""pulse_duration_min"": 0.15, ""q_abs_guard_deg"": 35.0, ""qd_lpf_alpha"": 0.02233496136285682, ""rate"": 120.0, ""rbf_center_max"": 3.2, ""rbf_center_min"": -3.2, ""rbf_nodes"": 11.0, ""rbf_width"": 1.4631904539, ""ref_jump_deg_max"": 8.0, ""ref_jump_deg_min"": 2.0, ""ref_jump_duration_max"": 0.6, ""ref_jump_duration_min"": 0.15, ""reference_shape"": ""sine"", ""reset_zeta_after_motion"": false, ""reset_zeta_on_segment"": false, ""restore_mode"": false, ""sigma_mod"": 0.2460708825, ""sine_center_mode"": ""lock"", ""soft_start_sec"": 0.7, ""step_absolute_target_deg"": null, ""step_absolute_target_rad"": null, ""step_delta_deg"": 40.0, ""step_ramp_sec"": 1.0, ""step_segment_sec"": 1.5, ""step_sequence_deg"": """", ""step_shape"": ""smoothstep"", ""step_start_sec"": 0.0, ""tail_err_full_deg"": 4.0, ""tail_err_thresh_deg"": 1.5, ""tail_kd"": 0.04636063373519868, ""tail_kp"": 0.0, ""tail_max_control_boost"": 0.0, ""tail_u_max"": 0.0, ""torque_to_current"": 210.0, ""zeta0"": 0.885692967, ""zeta_leak"": 0.0237735451, ""zeta_reset_delay_sec"": 0.0, ""zeta_reset_value"": null, ""zeta_soft"": 0.989185316}"
84,1,1.0,1000098.1925856126,1200.0,9.992183,6.813363641690286,7.780542258517429,11.36423671312216,19.86614628751587,0.35180741438733476,0.0,0.037472235772357726,0.9358866818672943,0.9725633976,0.885692967,0.9725633976,0.08687043059999999,0.008687043059083334,0.094022776495,0.2565924233,0.0,0.0,0.0,0.0,0.0,0.0,0.0,0.0,0.0,0.0,0.0,0.0,0.0,0.0,0.0,0.0,6.732076697907742,11.054239422707322,12.474118264575294,0.0,0,11.155600512000092,/tmp/nussbaum_sine_3hz_hard_runs/optuna_t0084_r01.csv,,"{""alpha"": 7.1072835468, ""amplitude_deg"": 10.0, ""baudrate"": 1000000.0, ""command_sign"": -1.0, ""control_output_scale"": 1.0, ""current_bias_raw"": -0.9755817430831262, ""current_limit_raw"": 0.0, ""default_mode"": 3.0, ""device"": ""/dev/ttyAMA0"", ""disable_anti_windup"": false, ""disable_freeze_nn_on_saturation"": false, ""disable_freeze_zeta_on_saturation"": false, ""disturb_interval_sec"": 30.0, ""disturb_jitter_sec"": 3.0, ""disturb_mode"": ""mixed"", ""disturb_seed"": -1.0, ""disturbance_placement"": ""mid_move"", ""duration"": 10.0, ""dxl_id"": 6.0, ""enable_disturbance"": false, ""frequency_hz"": 3.0, ""fric_coulomb"": 0.012767682579334076, ""fric_vel_scale"": 0.5621908904055957, ""gamma_adapt"": 8.7187500403, ""gamma_link"": 1.1155393618522231, ""integral_limit"": 1.6504936083, ""k_delta"": 0.15121442605341245, ""max_abs_e_dot"": 6.0, ""max_control"": 0.20079574298164166, ""max_current_raw"": 82.0, ""max_current_slew"": 61.57063475416479, ""mid_disturbance_offset_sec"": 0.0, ""no_set_current_mode"": false, ""predict_horizon_sec"": 0.0032929019842386103, ""pulse_current_raw_max"": 12.0, ""pulse_current_raw_min"": 4.0, ""pulse_duration_max"": 0.6, ""pulse_duration_min"": 0.15, ""q_abs_guard_deg"": 35.0, ""qd_lpf_alpha"": 0.06590442436483432, ""rate"": 120.0, ""rbf_center_max"": 3.2, ""rbf_center_min"": -3.2, ""rbf_nodes"": 11.0, ""rbf_width"": 1.4631904539, ""ref_jump_deg_max"": 8.0, ""ref_jump_deg_min"": 2.0, ""ref_jump_duration_max"": 0.6, ""ref_jump_duration_min"": 0.15, ""reference_shape"": ""sine"", ""reset_zeta_after_motion"": false, ""reset_zeta_on_segment"": false, ""restore_mode"": false, ""sigma_mod"": 0.2460708825, ""sine_center_mode"": ""lock"", ""soft_start_sec"": 0.7, ""step_absolute_target_deg"": null, ""step_absolute_target_rad"": null, ""step_delta_deg"": 40.0, ""step_ramp_sec"": 1.0, ""step_segment_sec"": 1.5, ""step_sequence_deg"": """", ""step_shape"": ""smoothstep"", ""step_start_sec"": 0.0, ""tail_err_full_deg"": 4.0, ""tail_err_thresh_deg"": 1.5, ""tail_kd"": 0.037063543089394704, ""tail_kp"": 0.0, ""tail_max_control_boost"": 0.0, ""tail_u_max"": 0.0, ""torque_to_current"": 210.0, ""zeta0"": 0.885692967, ""zeta_leak"": 0.0237735451, ""zeta_reset_delay_sec"": 0.0, ""zeta_reset_value"": null, ""zeta_soft"": 0.989185316}"
85,1,0.0,1000000.0,0.0,0.0,inf,inf,inf,inf,0.0,1.0,1.0,0.0,0.0,0.0,0.0,0.0,0.0,0.0,0.0,0.0,0.0,0.0,0.0,0.0,0.0,0.0,0.0,0.0,0.0,0.0,0.0,0.0,0.0,0.0,0.0,inf,inf,inf,1.0,1,8.555794957999751,/tmp/nussbaum_sine_3hz_hard_runs/optuna_t0085_r01.csv,[DBG] t=   6.01s e=  1.50deg u=-0.2317 u_aux=-0.0288 u_rob=-0.0000 u_fric= 0.0139 ta=0.00 cmd=   2.61 slewB=1.00 raw q= 139.66deg | [DBG] t=   7.00s e=  0.90deg u= 0.2317 u_aux=-0.0292 u_rob=-0.0000 u_fric= 0.0139 ta=0.00 cmd=  -7.39 slewB=1.00 raw q= 138.78deg | [ERROR] q guard hit: |q-q_center|=35.24 deg > 35.00,"{""alpha"": 7.1072835468, ""amplitude_deg"": 10.0, ""baudrate"": 1000000.0, ""command_sign"": -1.0, ""control_output_scale"": 1.0, ""current_bias_raw"": -1.4290430356885127, ""current_limit_raw"": 0.0, ""default_mode"": 3.0, ""device"": ""/dev/ttyAMA0"", ""disable_anti_windup"": false, ""disable_freeze_nn_on_saturation"": false, ""disable_freeze_zeta_on_saturation"": false, ""disturb_interval_sec"": 30.0, ""disturb_jitter_sec"": 3.0, ""disturb_mode"": ""mixed"", ""disturb_seed"": -1.0, ""disturbance_placement"": ""mid_move"", ""duration"": 10.0, ""dxl_id"": 6.0, ""enable_disturbance"": false, ""frequency_hz"": 3.0, ""fric_coulomb"": 0.014392830900883224, ""fric_vel_scale"": 1.595477409250486, ""gamma_adapt"": 8.7187500403, ""gamma_link"": 0.7385361290421729, ""integral_limit"": 1.6504936083, ""k_delta"": 0.11364697053371862, ""max_abs_e_dot"": 6.0, ""max_control"": 0.23165821745330006, ""max_current_raw"": 79.0, ""max_current_slew"": 71.51188020180494, ""mid_disturbance_offset_sec"": 0.0, ""no_set_current_mode"": false, ""predict_horizon_sec"": 0.002450712245657501, ""pulse_current_raw_max"": 12.0, ""pulse_current_raw_min"": 4.0, ""pulse_duration_max"": 0.6, ""pulse_duration_min"": 0.15, ""q_abs_guard_deg"": 35.0, ""qd_lpf_alpha"": 0.027250909663756567, ""rate"": 120.0, ""rbf_center_max"": 3.2, ""rbf_center_min"": -3.2, ""rbf_nodes"": 11.0, ""rbf_width"": 1.4631904539, ""ref_jump_deg_max"": 8.0, ""ref_jump_deg_min"": 2.0, ""ref_jump_duration_max"": 0.6, ""ref_jump_duration_min"": 0.15, ""reference_shape"": ""sine"", ""reset_zeta_after_motion"": false, ""reset_zeta_on_segment"": false, ""restore_mode"": false, ""sigma_mod"": 0.2460708825, ""sine_center_mode"": ""lock"", ""soft_start_sec"": 0.7, ""step_absolute_target_deg"": null, ""step_absolute_target_rad"": null, ""step_delta_deg"": 40.0, ""step_ramp_sec"": 1.0, ""step_segment_sec"": 1.5, ""step_sequence_deg"": """", ""step_shape"": ""smoothstep"", ""step_start_sec"": 0.0, ""tail_err_full_deg"": 4.0, ""tail_err_thresh_deg"": 1.5, ""tail_kd"": 0.008824727038364465, ""tail_kp"": 0.0, ""tail_max_control_boost"": 0.0, ""tail_u_max"": 0.0, ""torque_to_current"": 210.0, ""zeta0"": 0.885692967, ""zeta_leak"": 0.0237735451, ""zeta_reset_delay_sec"": 0.0, ""zeta_reset_value"": null, ""zeta_soft"": 0.989185316}"
86,1,1.0,1000054.4409046791,1200.0,9.991748000000001,9.421370911225306,11.136426037062495,18.64192599838788,33.44409046791685,0.8277831250916906,0.0,0.0884534210526316,0.9386576612108652,0.9431276196,0.885692967,0.9431276196,0.057434652600000025,0.005743465260500001,0.038721269865,0.2173013563,0.0,0.0,0.0,0.0,0.0,0.0,0.0,0.0,0.0,0.0,0.0,0.0,0.0,0.0,0.0,0.0,9.079441152858395,16.137190726516,19.672017707127473,0.0,0,11.230207512000106,/tmp/nussbaum_sine_3hz_hard_runs/optuna_t0086_r01.csv,,"{""alpha"": 7.1072835468, ""amplitude_deg"": 10.0, ""baudrate"": 1000000.0, ""command_sign"": -1.0, ""control_output_scale"": 1.0, ""current_bias_raw"": -1.2367288125208147, ""current_limit_raw"": 0.0, ""default_mode"": 3.0, ""device"": ""/dev/ttyAMA0"", ""disable_anti_windup"": false, ""disable_freeze_nn_on_saturation"": false, ""disable_freeze_zeta_on_saturation"": false, ""disturb_interval_sec"": 30.0, ""disturb_jitter_sec"": 3.0, ""disturb_mode"": ""mixed"", ""disturb_seed"": -1.0, ""disturbance_placement"": ""mid_move"", ""duration"": 10.0, ""dxl_id"": 6.0, ""enable_disturbance"": false, ""frequency_hz"": 3.0, ""fric_coulomb"": 0.012599352326610254, ""fric_vel_scale"": 1.4590464382644877, ""gamma_adapt"": 8.7187500403, ""gamma_link"": 0.96832941967093, ""integral_limit"": 1.6504936083, ""k_delta"": 0.15247685130684485, ""max_abs_e_dot"": 6.0, ""max_control"": 0.18263067110797584, ""max_current_raw"": 95.0, ""max_current_slew"": 191.7735751500764, ""mid_disturbance_offset_sec"": 0.0, ""no_set_current_mode"": false, ""predict_horizon_sec"": 0.0010935974292608265, ""pulse_current_raw_max"": 12.0, ""pulse_current_raw_min"": 4.0, ""pulse_duration_max"": 0.6, ""pulse_duration_min"": 0.15, ""q_abs_guard_deg"": 35.0, ""qd_lpf_alpha"": 0.03486017615345232, ""rate"": 120.0, ""rbf_center_max"": 3.2, ""rbf_center_min"": -3.2, ""rbf_nodes"": 11.0, ""rbf_width"": 1.4631904539, ""ref_jump_deg_max"": 8.0, ""ref_jump_deg_min"": 2.0, ""ref_jump_duration_max"": 0.6, ""ref_jump_duration_min"": 0.15, ""reference_shape"": ""sine"", ""reset_zeta_after_motion"": false, ""reset_zeta_on_segment"": false, ""restore_mode"": false, ""sigma_mod"": 0.2460708825, ""sine_center_mode"": ""lock"", ""soft_start_sec"": 0.7, ""step_absolute_target_deg"": null, ""step_absolute_target_rad"": null, ""step_delta_deg"": 40.0, ""step_ramp_sec"": 1.0, ""step_segment_sec"": 1.5, ""step_sequence_deg"": """", ""step_shape"": ""smoothstep"", ""step_start_sec"": 0.0, ""tail_err_full_deg"": 4.0, ""tail_err_thresh_deg"": 1.5, ""tail_kd"": 0.06144825938525422, ""tail_kp"": 0.0, ""tail_max_control_boost"": 0.0, ""tail_u_max"": 0.0, ""torque_to_current"": 210.0, ""zeta0"": 0.885692967, ""zeta_leak"": 0.0237735451, ""zeta_reset_delay_sec"": 0.0, ""zeta_reset_value"": null, ""zeta_soft"": 0.989185316}"
87,1,1.0,66.27411959706276,1200.0,9.991774,8.01320129111878,9.293809028892557,15.302682629069219,25.37345675573647,0.5798919402275313,0.0,0.05131244047619047,0.9389996299293782,0.9551220645,0.885692967,0.9551220645,0.06942909750000004,0.006942909751083332,0.031747864584999966,0.2828186138,0.0,0.0,0.0,0.0,0.0,0.0,0.0,0.0,0.0,0.0,0.0,0.0,0.0,0.0,0.0,0.0,7.874659773707963,12.957581169087904,15.88690459311117,0.0,0,11.172405456999968,/tmp/nussbaum_sine_3hz_hard_runs/optuna_t0087_r01.csv,,"{""alpha"": 7.1072835468, ""amplitude_deg"": 10.0, ""baudrate"": 1000000.0, ""command_sign"": -1.0, ""control_output_scale"": 1.0, ""current_bias_raw"": -1.0859142702105848, ""current_limit_raw"": 0.0, ""default_mode"": 3.0, ""device"": ""/dev/ttyAMA0"", ""disable_anti_windup"": false, ""disable_freeze_nn_on_saturation"": false, ""disable_freeze_zeta_on_saturation"": false, ""disturb_interval_sec"": 30.0, ""disturb_jitter_sec"": 3.0, ""disturb_mode"": ""mixed"", ""disturb_seed"": -1.0, ""disturbance_placement"": ""mid_move"", ""duration"": 10.0, ""dxl_id"": 6.0, ""enable_disturbance"": false, ""frequency_hz"": 3.0, ""fric_coulomb"": 0.01980751452719995, ""fric_vel_scale"": 1.2236254619739926, ""gamma_adapt"": 8.7187500403, ""gamma_link"": 0.7222679992555469, ""integral_limit"": 1.6504936083, ""k_delta"": 0.19657831411224774, ""max_abs_e_dot"": 6.0, ""max_control"": 0.18236291233012747, ""max_current_raw"": 98.0, ""max_current_slew"": 108.90466166701317, ""mid_disturbance_offset_sec"": 0.0, ""no_set_current_mode"": false, ""predict_horizon_sec"": 0.003581760087118848, ""pulse_current_raw_max"": 12.0, ""pulse_current_raw_min"": 4.0, ""pulse_duration_max"": 0.6, ""pulse_duration_min"": 0.15, ""q_abs_guard_deg"": 35.0, ""qd_lpf_alpha"": 0.03322779624530291, ""rate"": 120.0, ""rbf_center_max"": 3.2, ""rbf_center_min"": -3.2, ""rbf_nodes"": 11.0, ""rbf_width"": 1.4631904539, ""ref_jump_deg_max"": 8.0, ""ref_jump_deg_min"": 2.0, ""ref_jump_duration_max"": 0.6, ""ref_jump_duration_min"": 0.15, ""reference_shape"": ""sine"", ""reset_zeta_after_motion"": false, ""reset_zeta_on_segment"": false, ""restore_mode"": false, ""sigma_mod"": 0.2460708825, ""sine_center_mode"": ""lock"", ""soft_start_sec"": 0.7, ""step_absolute_target_deg"": null, ""step_absolute_target_rad"": null, ""step_delta_deg"": 40.0, ""step_ramp_sec"": 1.0, ""step_segment_sec"": 1.5, ""step_sequence_deg"": """", ""step_shape"": ""smoothstep"", ""step_start_sec"": 0.0, ""tail_err_full_deg"": 4.0, ""tail_err_thresh_deg"": 1.5, ""tail_kd"": 0.005433192123345547, ""tail_kp"": 0.0, ""tail_max_control_boost"": 0.0, ""tail_u_max"": 0.0, ""torque_to_current"": 210.0, ""zeta0"": 0.885692967, ""zeta_leak"": 0.0237735451, ""zeta_reset_delay_sec"": 0.0, ""zeta_reset_value"": null, ""zeta_soft"": 0.989185316}"
88,1,1.0,65.49795631596815,1200.0,9.991758,7.716150119489749,8.967525852969272,14.372173224528925,24.959008548228656,0.5696431330557825,0.0,0.05021999063670412,0.9399484608468978,0.9545911555,0.885692967,0.9545911555,0.06889818849999996,0.006889818853,0.038422252799999966,0.2719391981,0.0,0.0,0.0,0.0,0.0,0.0,0.0,0.0,0.0,0.0,0.0,0.0,0.0,0.0,0.0,0.0,7.513648064921169,13.976671256799204,14.650831458179832,0.0,0,11.208588918999794,/tmp/nussbaum_sine_3hz_hard_runs/optuna_t0088_r01.csv,,"{""alpha"": 7.1072835468, ""amplitude_deg"": 10.0, ""baudrate"": 1000000.0, ""command_sign"": -1.0, ""control_output_scale"": 1.0, ""current_bias_raw"": -0.7469470530977436, ""current_limit_raw"": 0.0, ""default_mode"": 3.0, ""device"": ""/dev/ttyAMA0"", ""disable_anti_windup"": false, ""disable_freeze_nn_on_saturation"": false, ""disable_freeze_zeta_on_saturation"": false, ""disturb_interval_sec"": 30.0, ""disturb_jitter_sec"": 3.0, ""disturb_mode"": ""mixed"", ""disturb_seed"": -1.0, ""disturbance_placement"": ""mid_move"", ""duration"": 10.0, ""dxl_id"": 6.0, ""enable_disturbance"": false, ""frequency_hz"": 3.0, ""fric_coulomb"": 0.01796498755070145, ""fric_vel_scale"": 1.3893586119473222, ""gamma_adapt"": 8.7187500403, ""gamma_link"": 0.769438291759511, ""integral_limit"": 1.6504936083, ""k_delta"": 0.17182855973794806, ""max_abs_e_dot"": 6.0, ""max_control"": 0.17729192497366847, ""max_current_raw"": 89.0, ""max_current_slew"": 94.34086130409095, ""mid_disturbance_offset_sec"": 0.0, ""no_set_current_mode"": false, ""predict_horizon_sec"": 0.0036653583621975286, ""pulse_current_raw_max"": 12.0, ""pulse_current_raw_min"": 4.0, ""pulse_duration_max"": 0.6, ""pulse_duration_min"": 0.15, ""q_abs_guard_deg"": 35.0, ""qd_lpf_alpha"": 0.0290618651072767, ""rate"": 120.0, ""rbf_center_max"": 3.2, ""rbf_center_min"": -3.2, ""rbf_nodes"": 11.0, ""rbf_width"": 1.4631904539, ""ref_jump_deg_max"": 8.0, ""ref_jump_deg_min"": 2.0, ""ref_jump_duration_max"": 0.6, ""ref_jump_duration_min"": 0.15, ""reference_shape"": ""sine"", ""reset_zeta_after_motion"": false, ""reset_zeta_on_segment"": false, ""restore_mode"": false, ""sigma_mod"": 0.2460708825, ""sine_center_mode"": ""lock"", ""soft_start_sec"": 0.7, ""step_absolute_target_deg"": null, ""step_absolute_target_rad"": null, ""step_delta_deg"": 40.0, ""step_ramp_sec"": 1.0, ""step_segment_sec"": 1.5, ""step_sequence_deg"": """", ""step_shape"": ""smoothstep"", ""step_start_sec"": 0.0, ""tail_err_full_deg"": 4.0, ""tail_err_thresh_deg"": 1.5, ""tail_kd"": 0.007978948195507136, ""tail_kp"": 0.0, ""tail_max_control_boost"": 0.0, ""tail_u_max"": 0.0, ""torque_to_current"": 210.0, ""zeta0"": 0.885692967, ""zeta_leak"": 0.0237735451, ""zeta_reset_delay_sec"": 0.0, ""zeta_reset_value"": null, ""zeta_soft"": 0.989185316}"
89,1,1.0,61.747924286749296,1200.0,9.991835,6.721930498301446,7.772439903440829,12.258105381293127,19.146234965016543,0.459503469384605,0.0,0.04142594017094018,0.9291158251304238,0.9812445418,0.885692967,0.9812445418,0.09555157479999998,0.009555157480166667,0.07203528288999994,0.3047330449,0.0,0.0,0.0,0.0,0.0,0.0,0.0,0.0,0.0,0.0,0.0,0.0,0.0,0.0,0.0,0.0,6.67420765337643,11.811148578667709,12.287018254862591,0.0,0,11.144590363999669,/tmp/nussbaum_sine_3hz_hard_runs/optuna_t0089_r01.csv,,"{""alpha"": 7.1072835468, ""amplitude_deg"": 10.0, ""baudrate"": 1000000.0, ""command_sign"": -1.0, ""control_output_scale"": 1.0, ""current_bias_raw"": 0.07729592429253529, ""current_limit_raw"": 0.0, ""default_mode"": 3.0, ""device"": ""/dev/ttyAMA0"", ""disable_anti_windup"": false, ""disable_freeze_nn_on_saturation"": false, ""disable_freeze_zeta_on_saturation"": false, ""disturb_interval_sec"": 30.0, ""disturb_jitter_sec"": 3.0, ""disturb_mode"": ""mixed"", ""disturb_seed"": -1.0, ""disturbance_placement"": ""mid_move"", ""duration"": 10.0, ""dxl_id"": 6.0, ""enable_disturbance"": false, ""frequency_hz"": 3.0, ""fric_coulomb"": 0.014098126094128987, ""fric_vel_scale"": 0.4401580010213436, ""gamma_adapt"": 8.7187500403, ""gamma_link"": 0.8784434932019707, ""integral_limit"": 1.6504936083, ""k_delta"": 0.15163789416497292, ""max_abs_e_dot"": 6.0, ""max_control"": 0.2295812355883873, ""max_current_raw"": 78.0, ""max_current_slew"": 60.01491184056993, ""mid_disturbance_offset_sec"": 0.0, ""no_set_current_mode"": false, ""predict_horizon_sec"": 0.002015199173506088, ""pulse_current_raw_max"": 12.0, ""pulse_current_raw_min"": 4.0, ""pulse_duration_max"": 0.6, ""pulse_duration_min"": 0.15, ""q_abs_guard_deg"": 35.0, ""qd_lpf_alpha"": 0.025235011424422096, ""rate"": 120.0, ""rbf_center_max"": 3.2, ""rbf_center_min"": -3.2, ""rbf_nodes"": 11.0, ""rbf_width"": 1.4631904539, ""ref_jump_deg_max"": 8.0, ""ref_jump_deg_min"": 2.0, ""ref_jump_duration_max"": 0.6, ""ref_jump_duration_min"": 0.15, ""reference_shape"": ""sine"", ""reset_zeta_after_motion"": false, ""reset_zeta_on_segment"": false, ""restore_mode"": false, ""sigma_mod"": 0.2460708825, ""sine_center_mode"": ""lock"", ""soft_start_sec"": 0.7, ""step_absolute_target_deg"": null, ""step_absolute_target_rad"": null, ""step_delta_deg"": 40.0, ""step_ramp_sec"": 1.0, ""step_segment_sec"": 1.5, ""step_sequence_deg"": """", ""step_shape"": ""smoothstep"", ""step_start_sec"": 0.0, ""tail_err_full_deg"": 4.0, ""tail_err_thresh_deg"": 1.5, ""tail_kd"": 0.015404890325925572, ""tail_kp"": 0.0, ""tail_max_control_boost"": 0.0, ""tail_u_max"": 0.0, ""torque_to_current"": 210.0, ""zeta0"": 0.885692967, ""zeta_leak"": 0.0237735451, ""zeta_reset_delay_sec"": 0.0, ""zeta_reset_value"": null, ""zeta_soft"": 0.989185316}"
90,1,1.0,1000011.6491345026,1200.0,9.991752,8.109197430338291,9.316865679211434,14.46525511656412,24.222599559190424,0.5175814223403792,0.0,0.06674020325203252,0.935541748058935,1.0126889067,0.885692967,1.0126889067,0.1269959397,0.01269959397375,0.12209549064499998,1.4303476718,0.0,0.0,0.0,0.0,0.0,0.0,0.0,0.0,0.0,0.0,0.0,0.0,0.0,0.0,0.0,0.0,8.091383851476772,14.116491345026771,14.81688664213371,0.0,0,11.08807634599998,/tmp/nussbaum_sine_3hz_hard_runs/optuna_t0090_r01.csv,,"{""alpha"": 7.1072835468, ""amplitude_deg"": 10.0, ""baudrate"": 1000000.0, ""command_sign"": -1.0, ""control_output_scale"": 1.0, ""current_bias_raw"": 0.7183105315336561, ""current_limit_raw"": 0.0, ""default_mode"": 3.0, ""device"": ""/dev/ttyAMA0"", ""disable_anti_windup"": false, ""disable_freeze_nn_on_saturation"": false, ""disable_freeze_zeta_on_saturation"": false, ""disturb_interval_sec"": 30.0, ""disturb_jitter_sec"": 3.0, ""disturb_mode"": ""mixed"", ""disturb_seed"": -1.0, ""disturbance_placement"": ""mid_move"", ""duration"": 10.0, ""dxl_id"": 6.0, ""enable_disturbance"": false, ""frequency_hz"": 3.0, ""fric_coulomb"": 0.015294996280400507, ""fric_vel_scale"": 0.5466261403377267, ""gamma_adapt"": 8.7187500403, ""gamma_link"": 0.7545001123492601, ""integral_limit"": 1.6504936083, ""k_delta"": 0.13184993610877413, ""max_abs_e_dot"": 6.0, ""max_control"": 0.2250296950025272, ""max_current_raw"": 82.0, ""max_current_slew"": 123.04174895504279, ""mid_disturbance_offset_sec"": 0.0, ""no_set_current_mode"": false, ""predict_horizon_sec"": 0.001796168130400244, ""pulse_current_raw_max"": 12.0, ""pulse_current_raw_min"": 4.0, ""pulse_duration_max"": 0.6, ""pulse_duration_min"": 0.15, ""q_abs_guard_deg"": 35.0, ""qd_lpf_alpha"": 0.0270431674452183, ""rate"": 120.0, ""rbf_center_max"": 3.2, ""rbf_center_min"": -3.2, ""rbf_nodes"": 11.0, ""rbf_width"": 1.4631904539, ""ref_jump_deg_max"": 8.0, ""ref_jump_deg_min"": 2.0, ""ref_jump_duration_max"": 0.6, ""ref_jump_duration_min"": 0.15, ""reference_shape"": ""sine"", ""reset_zeta_after_motion"": false, ""reset_zeta_on_segment"": false, ""restore_mode"": false, ""sigma_mod"": 0.2460708825, ""sine_center_mode"": ""lock"", ""soft_start_sec"": 0.7, ""step_absolute_target_deg"": null, ""step_absolute_target_rad"": null, ""step_delta_deg"": 40.0, ""step_ramp_sec"": 1.0, ""step_segment_sec"": 1.5, ""step_sequence_deg"": """", ""step_shape"": ""smoothstep"", ""step_start_sec"": 0.0, ""tail_err_full_deg"": 4.0, ""tail_err_thresh_deg"": 1.5, ""tail_kd"": 0.01878438814059498, ""tail_kp"": 0.0, ""tail_max_control_boost"": 0.0, ""tail_u_max"": 0.0, ""torque_to_current"": 210.0, ""zeta0"": 0.885692967, ""zeta_leak"": 0.0237735451, ""zeta_reset_delay_sec"": 0.0, ""zeta_reset_value"": null, ""zeta_soft"": 0.989185316}"
91,1,1.0,1000673.8405793895,1200.0,9.991758,11.580697765758298,13.78129321744333,25.97543649268264,32.811595637077,1.8738405793894428,0.0,0.085449921875,0.9275811478023668,1.0122201904,0.885692967,1.0122201904,0.1265272234000001,0.012652722343083333,0.1118685532449998,0.362908104,0.0,0.0,0.0,0.0,0.0,0.0,0.0,0.0,0.0,0.0,0.0,0.0,0.0,0.0,0.0,0.0,8.846498003168202,14.461986671373344,15.119513661875951,0.0,0,11.108110234999913,/tmp/nussbaum_sine_3hz_hard_runs/optuna_t0091_r01.csv,,"{""alpha"": 7.1072835468, ""amplitude_deg"": 10.0, ""baudrate"": 1000000.0, ""command_sign"": -1.0, ""control_output_scale"": 1.0, ""current_bias_raw"": -0.1642522596533762, ""current_limit_raw"": 0.0, ""default_mode"": 3.0, ""device"": ""/dev/ttyAMA0"", ""disable_anti_windup"": false, ""disable_freeze_nn_on_saturation"": false, ""disable_freeze_zeta_on_saturation"": false, ""disturb_interval_sec"": 30.0, ""disturb_jitter_sec"": 3.0, ""disturb_mode"": ""mixed"", ""disturb_seed"": -1.0, ""disturbance_placement"": ""mid_move"", ""duration"": 10.0, ""dxl_id"": 6.0, ""enable_disturbance"": false, ""frequency_hz"": 3.0, ""fric_coulomb"": 0.014575022530917428, ""fric_vel_scale"": 0.9516136096687543, ""gamma_adapt"": 8.7187500403, ""gamma_link"": 1.0289001967736395, ""integral_limit"": 1.6504936083, ""k_delta"": 0.18552706604702648, ""max_abs_e_dot"": 6.0, ""max_control"": 0.24741984001694953, ""max_current_raw"": 96.0, ""max_current_slew"": 176.74596474694619, ""mid_disturbance_offset_sec"": 0.0, ""no_set_current_mode"": false, ""predict_horizon_sec"": 0.0018820009222172398, ""pulse_current_raw_max"": 12.0, ""pulse_current_raw_min"": 4.0, ""pulse_duration_max"": 0.6, ""pulse_duration_min"": 0.15, ""q_abs_guard_deg"": 35.0, ""qd_lpf_alpha"": 0.02338188538021195, ""rate"": 120.0, ""rbf_center_max"": 3.2, ""rbf_center_min"": -3.2, ""rbf_nodes"": 11.0, ""rbf_width"": 1.4631904539, ""ref_jump_deg_max"": 8.0, ""ref_jump_deg_min"": 2.0, ""ref_jump_duration_max"": 0.6, ""ref_jump_duration_min"": 0.15, ""reference_shape"": ""sine"", ""reset_zeta_after_motion"": false, ""reset_zeta_on_segment"": false, ""restore_mode"": false, ""sigma_mod"": 0.2460708825, ""sine_center_mode"": ""lock"", ""soft_start_sec"": 0.7, ""step_absolute_target_deg"": null, ""step_absolute_target_rad"": null, ""step_delta_deg"": 40.0, ""step_ramp_sec"": 1.0, ""step_segment_sec"": 1.5, ""step_sequence_deg"": """", ""step_shape"": ""smoothstep"", ""step_start_sec"": 0.0, ""tail_err_full_deg"": 4.0, ""tail_err_thresh_deg"": 1.5, ""tail_kd"": 0.026981815069215452, ""tail_kp"": 0.0, ""tail_max_control_boost"": 0.0, ""tail_u_max"": 0.0, ""torque_to_current"": 210.0, ""zeta0"": 0.885692967, ""zeta_leak"": 0.0237735451, ""zeta_reset_delay_sec"": 0.0, ""zeta_reset_value"": null, ""zeta_soft"": 0.989185316}"
92,1,1.0,65.43493608384617,1200.0,9.991761,6.989199398271835,8.03772417646074,12.456723439807812,18.284308455573676,0.4586167580143328,0.0,0.05336962962962963,0.9440471448669289,0.9523844472,0.885692967,0.9523844472,0.06669148020000004,0.006669148015583334,0.042758487399999726,0.297209608,0.0,0.0,0.0,0.0,0.0,0.0,0.0,0.0,0.0,0.0,0.0,0.0,0.0,0.0,0.0,0.0,7.381150961954527,13.85410713902282,17.904207532357066,0.0,0,11.177246492999984,/tmp/nussbaum_sine_3hz_hard_runs/optuna_t0092_r01.csv,,"{""alpha"": 7.1072835468, ""amplitude_deg"": 10.0, ""baudrate"": 1000000.0, ""command_sign"": -1.0, ""control_output_scale"": 1.0, ""current_bias_raw"": -0.5766395630071711, ""current_limit_raw"": 0.0, ""default_mode"": 3.0, ""device"": ""/dev/ttyAMA0"", ""disable_anti_windup"": false, ""disable_freeze_nn_on_saturation"": false, ""disable_freeze_zeta_on_saturation"": false, ""disturb_interval_sec"": 30.0, ""disturb_jitter_sec"": 3.0, ""disturb_mode"": ""mixed"", ""disturb_seed"": -1.0, ""disturbance_placement"": ""mid_move"", ""duration"": 10.0, ""dxl_id"": 6.0, ""enable_disturbance"": false, ""frequency_hz"": 3.0, ""fric_coulomb"": 0.011871835085080676, ""fric_vel_scale"": 1.251220276911588, ""gamma_adapt"": 8.7187500403, ""gamma_link"": 0.8722003569072698, ""integral_limit"": 1.6504936083, ""k_delta"": 0.1802117913456461, ""max_abs_e_dot"": 6.0, ""max_control"": 0.18102382027665834, ""max_current_raw"": 54.0, ""max_current_slew"": 60.797285375037475, ""mid_disturbance_offset_sec"": 0.0, ""no_set_current_mode"": false, ""predict_horizon_sec"": 0.0033704207043230476, ""pulse_current_raw_max"": 12.0, ""pulse_current_raw_min"": 4.0, ""pulse_duration_max"": 0.6, ""pulse_duration_min"": 0.15, ""q_abs_guard_deg"": 35.0, ""qd_lpf_alpha"": 0.03806245901974019, ""rate"": 120.0, ""rbf_center_max"": 3.2, ""rbf_center_min"": -3.2, ""rbf_nodes"": 11.0, ""rbf_width"": 1.4631904539, ""ref_jump_deg_max"": 8.0, ""ref_jump_deg_min"": 2.0, ""ref_jump_duration_max"": 0.6, ""ref_jump_duration_min"": 0.15, ""reference_shape"": ""sine"", ""reset_zeta_after_motion"": false, ""reset_zeta_on_segment"": false, ""restore_mode"": false, ""sigma_mod"": 0.2460708825, ""sine_center_mode"": ""lock"", ""soft_start_sec"": 0.7, ""step_absolute_target_deg"": null, ""step_absolute_target_rad"": null, ""step_delta_deg"": 40.0, ""step_ramp_sec"": 1.0, ""step_segment_sec"": 1.5, ""step_sequence_deg"": """", ""step_shape"": ""smoothstep"", ""step_start_sec"": 0.0, ""tail_err_full_deg"": 4.0, ""tail_err_thresh_deg"": 1.5, ""tail_kd"": 0.03639606168751879, ""tail_kp"": 0.0, ""tail_max_control_boost"": 0.0, ""tail_u_max"": 0.0, ""torque_to_current"": 210.0, ""zeta0"": 0.885692967, ""zeta_leak"": 0.0237735451, ""zeta_reset_delay_sec"": 0.0, ""zeta_reset_value"": null, ""zeta_soft"": 0.989185316}"
93,1,1.0,1000085.0656001446,1200.0,9.992006,7.672680628477299,8.704221916176849,12.847430140690069,21.45066988204105,0.36493439985549353,0.0,0.06163589552238805,0.9357118532812467,0.997918556,0.885692967,0.997918556,0.11222558900000001,0.011222558903666666,0.037869856724999935,1.2437329104,0.0,0.0,0.0,0.0,0.0,0.0,0.0,0.0,0.0,0.0,0.0,0.0,0.0,0.0,0.0,0.0,7.714678872229313,12.87679969800507,14.577411380075041,0.0,0,11.151788659999966,/tmp/nussbaum_sine_3hz_hard_runs/optuna_t0093_r01.csv,,"{""alpha"": 7.1072835468, ""amplitude_deg"": 10.0, ""baudrate"": 1000000.0, ""command_sign"": -1.0, ""control_output_scale"": 1.0, ""current_bias_raw"": -1.2787780901742103, ""current_limit_raw"": 0.0, ""default_mode"": 3.0, ""device"": ""/dev/ttyAMA0"", ""disable_anti_windup"": false, ""disable_freeze_nn_on_saturation"": false, ""disable_freeze_zeta_on_saturation"": false, ""disturb_interval_sec"": 30.0, ""disturb_jitter_sec"": 3.0, ""disturb_mode"": ""mixed"", ""disturb_seed"": -1.0, ""disturbance_placement"": ""mid_move"", ""duration"": 10.0, ""dxl_id"": 6.0, ""enable_disturbance"": false, ""frequency_hz"": 3.0, ""fric_coulomb"": 0.019154643542344307, ""fric_vel_scale"": 0.5538565998564129, ""gamma_adapt"": 8.7187500403, ""gamma_link"": 1.1220711019398555, ""integral_limit"": 1.6504936083, ""k_delta"": 0.09527250227748209, ""max_abs_e_dot"": 6.0, ""max_control"": 0.16060431237273276, ""max_current_raw"": 67.0, ""max_current_slew"": 92.06575048679085, ""mid_disturbance_offset_sec"": 0.0, ""no_set_current_mode"": false, ""predict_horizon_sec"": 0.0032153764843346464, ""pulse_current_raw_max"": 12.0, ""pulse_current_raw_min"": 4.0, ""pulse_duration_max"": 0.6, ""pulse_duration_min"": 0.15, ""q_abs_guard_deg"": 35.0, ""qd_lpf_alpha"": 0.029953673812664075, ""rate"": 120.0, ""rbf_center_max"": 3.2, ""rbf_center_min"": -3.2, ""rbf_nodes"": 11.0, ""rbf_width"": 1.4631904539, ""ref_jump_deg_max"": 8.0, ""ref_jump_deg_min"": 2.0, ""ref_jump_duration_max"": 0.6, ""ref_jump_duration_min"": 0.15, ""reference_shape"": ""sine"", ""reset_zeta_after_motion"": false, ""reset_zeta_on_segment"": false, ""restore_mode"": false, ""sigma_mod"": 0.2460708825, ""sine_center_mode"": ""lock"", ""soft_start_sec"": 0.7, ""step_absolute_target_deg"": null, ""step_absolute_target_rad"": null, ""step_delta_deg"": 40.0, ""step_ramp_sec"": 1.0, ""step_segment_sec"": 1.5, ""step_sequence_deg"": """", ""step_shape"": ""smoothstep"", ""step_start_sec"": 0.0, ""tail_err_full_deg"": 4.0, ""tail_err_thresh_deg"": 1.5, ""tail_kd"": 0.04027645865974434, ""tail_kp"": 0.0, ""tail_max_control_boost"": 0.0, ""tail_u_max"": 0.0, ""torque_to_current"": 210.0, ""zeta0"": 0.885692967, ""zeta_leak"": 0.0237735451, ""zeta_reset_delay_sec"": 0.0, ""zeta_reset_value"": null, ""zeta_soft"": 0.989185316}"
94,1,1.0,62.355193254148276,1200.0,9.991831000000001,7.0286621189282945,8.134118239501998,12.614304675374527,20.899124677089013,0.4944438542363265,0.0,0.0661596,0.9412303280255235,0.9495880145,0.885692967,0.9495880145,0.06389504749999997,0.006389504747916666,0.05720492974499976,0.2535317282,0.0,0.0,0.0,0.0,0.0,0.0,0.0,0.0,0.0,0.0,0.0,0.0,0.0,0.0,0.0,0.0,6.708796271953593,12.431620562829192,12.915079692982326,0.0,0,11.144305455999984,/tmp/nussbaum_sine_3hz_hard_runs/optuna_t0094_r01.csv,,"{""alpha"": 7.1072835468, ""amplitude_deg"": 10.0, ""baudrate"": 1000000.0, ""command_sign"": -1.0, ""control_output_scale"": 1.0, ""current_bias_raw"": -1.2759085295032087, ""current_limit_raw"": 0.0, ""default_mode"": 3.0, ""device"": ""/dev/ttyAMA0"", ""disable_anti_windup"": false, ""disable_freeze_nn_on_saturation"": false, ""disable_freeze_zeta_on_saturation"": false, ""disturb_interval_sec"": 30.0, ""disturb_jitter_sec"": 3.0, ""disturb_mode"": ""mixed"", ""disturb_seed"": -1.0, ""disturbance_placement"": ""mid_move"", ""duration"": 10.0, ""dxl_id"": 6.0, ""enable_disturbance"": false, ""frequency_hz"": 3.0, ""fric_coulomb"": 0.005630170995658901, ""fric_vel_scale"": 1.2573329547202363, ""gamma_adapt"": 8.7187500403, ""gamma_link"": 0.8207256387052481, ""integral_limit"": 1.6504936083, ""k_delta"": 0.14919063513537456, ""max_abs_e_dot"": 6.0, ""max_control"": 0.17186714988271182, ""max_current_raw"": 50.0, ""max_current_slew"": 63.98061289195913, ""mid_disturbance_offset_sec"": 0.0, ""no_set_current_mode"": false, ""predict_horizon_sec"": 0.0033072612502830488, ""pulse_current_raw_max"": 12.0, ""pulse_current_raw_min"": 4.0, ""pulse_duration_max"": 0.6, ""pulse_duration_min"": 0.15, ""q_abs_guard_deg"": 35.0, ""qd_lpf_alpha"": 0.07714048565467954, ""rate"": 120.0, ""rbf_center_max"": 3.2, ""rbf_center_min"": -3.2, ""rbf_nodes"": 11.0, ""rbf_width"": 1.4631904539, ""ref_jump_deg_max"": 8.0, ""ref_jump_deg_min"": 2.0, ""ref_jump_duration_max"": 0.6, ""ref_jump_duration_min"": 0.15, ""reference_shape"": ""sine"", ""reset_zeta_after_motion"": false, ""reset_zeta_on_segment"": false, ""restore_mode"": false, ""sigma_mod"": 0.2460708825, ""sine_center_mode"": ""lock"", ""soft_start_sec"": 0.7, ""step_absolute_target_deg"": null, ""step_absolute_target_rad"": null, ""step_delta_deg"": 40.0, ""step_ramp_sec"": 1.0, ""step_segment_sec"": 1.5, ""step_sequence_deg"": """", ""step_shape"": ""smoothstep"", ""step_start_sec"": 0.0, ""tail_err_full_deg"": 4.0, ""tail_err_thresh_deg"": 1.5, ""tail_kd"": 0.020382083794604624, ""tail_kp"": 0.0, ""tail_max_control_boost"": 0.0, ""tail_u_max"": 0.0, ""torque_to_current"": 210.0, ""zeta0"": 0.885692967, ""zeta_leak"": 0.0237735451, ""zeta_reset_delay_sec"": 0.0, ""zeta_reset_value"": null, ""zeta_soft"": 0.989185316}"
95,1,1.0,1000040.3387645531,1200.0,9.99177,7.916920057792947,9.002125301723378,13.282218283748398,22.417637431614605,0.40966123544689487,0.0,0.10133706597222221,0.9390610536861225,0.9515567561,0.885692967,0.9515567561,0.06586378910000001,0.00658637891075,0.05395506563999996,0.2054254666,0.0,0.0,0.0,0.0,0.0,0.0,0.0,0.0,0.0,0.0,0.0,0.0,0.0,0.0,0.0,0.0,7.873765979203194,13.085070899604792,13.483181584855748,0.0,0,11.186303566999868,/tmp/nussbaum_sine_3hz_hard_runs/optuna_t0095_r01.csv,,"{""alpha"": 7.1072835468, ""amplitude_deg"": 10.0, ""baudrate"": 1000000.0, ""command_sign"": -1.0, ""control_output_scale"": 1.0, ""current_bias_raw"": -0.39979410618659383, ""current_limit_raw"": 0.0, ""default_mode"": 3.0, ""device"": ""/dev/ttyAMA0"", ""disable_anti_windup"": false, ""disable_freeze_nn_on_saturation"": false, ""disable_freeze_zeta_on_saturation"": false, ""disturb_interval_sec"": 30.0, ""disturb_jitter_sec"": 3.0, ""disturb_mode"": ""mixed"", ""disturb_seed"": -1.0, ""disturbance_placement"": ""mid_move"", ""duration"": 10.0, ""dxl_id"": 6.0, ""enable_disturbance"": false, ""frequency_hz"": 3.0, ""fric_coulomb"": 0.0026534088552817125, ""fric_vel_scale"": 1.786257078086705, ""gamma_adapt"": 8.7187500403, ""gamma_link"": 0.7553333784380603, ""integral_limit"": 1.6504936083, ""k_delta"": 0.11485960936146278, ""max_abs_e_dot"": 6.0, ""max_control"": 0.17581419515475308, ""max_current_raw"": 48.0, ""max_current_slew"": 109.19489449244597, ""mid_disturbance_offset_sec"": 0.0, ""no_set_current_mode"": false, ""predict_horizon_sec"": 0.0017931282818236588, ""pulse_current_raw_max"": 12.0, ""pulse_current_raw_min"": 4.0, ""pulse_duration_max"": 0.6, ""pulse_duration_min"": 0.15, ""q_abs_guard_deg"": 35.0, ""qd_lpf_alpha"": 0.0991765605770154, ""rate"": 120.0, ""rbf_center_max"": 3.2, ""rbf_center_min"": -3.2, ""rbf_nodes"": 11.0, ""rbf_width"": 1.4631904539, ""ref_jump_deg_max"": 8.0, ""ref_jump_deg_min"": 2.0, ""ref_jump_duration_max"": 0.6, ""ref_jump_duration_min"": 0.15, ""reference_shape"": ""sine"", ""reset_zeta_after_motion"": false, ""reset_zeta_on_segment"": false, ""restore_mode"": false, ""sigma_mod"": 0.2460708825, ""sine_center_mode"": ""lock"", ""soft_start_sec"": 0.7, ""step_absolute_target_deg"": null, ""step_absolute_target_rad"": null, ""step_delta_deg"": 40.0, ""step_ramp_sec"": 1.0, ""step_segment_sec"": 1.5, ""step_sequence_deg"": """", ""step_shape"": ""smoothstep"", ""step_start_sec"": 0.0, ""tail_err_full_deg"": 4.0, ""tail_err_thresh_deg"": 1.5, ""tail_kd"": 0.011661903484804444, ""tail_kp"": 0.0, ""tail_max_control_boost"": 0.0, ""tail_u_max"": 0.0, ""torque_to_current"": 210.0, ""zeta0"": 0.885692967, ""zeta_leak"": 0.0237735451, ""zeta_reset_delay_sec"": 0.0, ""zeta_reset_value"": null, ""zeta_soft"": 0.989185316}"
96,1,1.0,64.74318766129,1200.0,9.991756,7.273088798629294,8.351982679849314,13.08254336418707,20.287524723223424,0.46751945109885573,0.0,0.053496224747474744,0.940949994449608,0.9536973164,0.8856929737,0.9536973164,0.0680043427,0.006800434941083333,0.016160332994999936,0.2517940038,0.0,0.0,0.0,0.0,0.0,0.0,0.0,0.0,0.0,0.0,0.0,0.0,0.0,0.0,0.0,0.0,7.192676689936164,12.898371072837056,13.259270778597589,0.0,0,11.227083104999565,/tmp/nussbaum_sine_3hz_hard_runs/optuna_t0096_r01.csv,,"{""alpha"": 7.1072835468, ""amplitude_deg"": 10.0, ""baudrate"": 1000000.0, ""command_sign"": -1.0, ""control_output_scale"": 1.0, ""current_bias_raw"": -0.7944611043205851, ""current_limit_raw"": 0.0, ""default_mode"": 3.0, ""device"": ""/dev/ttyAMA0"", ""disable_anti_windup"": false, ""disable_freeze_nn_on_saturation"": false, ""disable_freeze_zeta_on_saturation"": false, ""disturb_interval_sec"": 30.0, ""disturb_jitter_sec"": 3.0, ""disturb_mode"": ""mixed"", ""disturb_seed"": -1.0, ""disturbance_placement"": ""mid_move"", ""duration"": 10.0, ""dxl_id"": 6.0, ""enable_disturbance"": false, ""frequency_hz"": 3.0, ""fric_coulomb"": 0.004828221826762239, ""fric_vel_scale"": 0.8090875811204159, ""gamma_adapt"": 8.7187500403, ""gamma_link"": 0.734302268920015, ""integral_limit"": 1.6504936083, ""k_delta"": 0.1573952606918058, ""max_abs_e_dot"": 6.0, ""max_control"": 0.19469191396925073, ""max_current_raw"": 66.0, ""max_current_slew"": 73.64654334824186, ""mid_disturbance_offset_sec"": 0.0, ""no_set_current_mode"": false, ""predict_horizon_sec"": 0.0033352886109705277, ""pulse_current_raw_max"": 12.0, ""pulse_current_raw_min"": 4.0, ""pulse_duration_max"": 0.6, ""pulse_duration_min"": 0.15, ""q_abs_guard_deg"": 35.0, ""qd_lpf_alpha"": 0.08781013522616261, ""rate"": 120.0, ""rbf_center_max"": 3.2, ""rbf_center_min"": -3.2, ""rbf_nodes"": 11.0, ""rbf_width"": 1.4631904539, ""ref_jump_deg_max"": 8.0, ""ref_jump_deg_min"": 2.0, ""ref_jump_duration_max"": 0.6, ""ref_jump_duration_min"": 0.15, ""reference_shape"": ""sine"", ""reset_zeta_after_motion"": false, ""reset_zeta_on_segment"": false, ""restore_mode"": false, ""sigma_mod"": 0.2460708825, ""sine_center_mode"": ""lock"", ""soft_start_sec"": 0.7, ""step_absolute_target_deg"": null, ""step_absolute_target_rad"": null, ""step_delta_deg"": 40.0, ""step_ramp_sec"": 1.0, ""step_segment_sec"": 1.5, ""step_sequence_deg"": """", ""step_shape"": ""smoothstep"", ""step_start_sec"": 0.0, ""tail_err_full_deg"": 4.0, ""tail_err_thresh_deg"": 1.5, ""tail_kd"": 0.04007548381112007, ""tail_kp"": 0.0, ""tail_max_control_boost"": 0.0, ""tail_u_max"": 0.0, ""torque_to_current"": 210.0, ""zeta0"": 0.885692967, ""zeta_leak"": 0.0237735451, ""zeta_reset_delay_sec"": 0.0, ""zeta_reset_value"": null, ""zeta_soft"": 0.989185316}"
97,1,1.0,66.43702962467624,1200.0,9.991773,7.786642801386922,8.891974759112593,13.501834327862719,22.779721244326666,0.4719629594043928,0.0,0.0641430078125,0.9405785128444142,0.9474273531,0.8856929734,0.9474273531,0.061734379700000064,0.006173438611500001,0.04859448485999995,0.2132935242,0.0,0.0,0.0,0.0,0.0,0.0,0.0,0.0,0.0,0.0,0.0,0.0,0.0,0.0,0.0,0.0,7.666397976589745,12.669538023116708,13.46684702794196,0.0,0,11.036865270999897,/tmp/nussbaum_sine_3hz_hard_runs/optuna_t0097_r01.csv,,"{""alpha"": 7.1072835468, ""amplitude_deg"": 10.0, ""baudrate"": 1000000.0, ""command_sign"": -1.0, ""control_output_scale"": 1.0, ""current_bias_raw"": -1.1330197742537567, ""current_limit_raw"": 0.0, ""default_mode"": 3.0, ""device"": ""/dev/ttyAMA0"", ""disable_anti_windup"": false, ""disable_freeze_nn_on_saturation"": false, ""disable_freeze_zeta_on_saturation"": false, ""disturb_interval_sec"": 30.0, ""disturb_jitter_sec"": 3.0, ""disturb_mode"": ""mixed"", ""disturb_seed"": -1.0, ""disturbance_placement"": ""mid_move"", ""duration"": 10.0, ""dxl_id"": 6.0, ""enable_disturbance"": false, ""frequency_hz"": 3.0, ""fric_coulomb"": 0.0017476820242479981, ""fric_vel_scale"": 0.5093238795392326, ""gamma_adapt"": 8.7187500403, ""gamma_link"": 0.7765400893236846, ""integral_limit"": 1.6504936083, ""k_delta"": 0.13646256061694437, ""max_abs_e_dot"": 6.0, ""max_control"": 0.1786723932700012, ""max_current_raw"": 64.0, ""max_current_slew"": 90.99353121801283, ""mid_disturbance_offset_sec"": 0.0, ""no_set_current_mode"": false, ""predict_horizon_sec"": 0.0031824266193239505, ""pulse_current_raw_max"": 12.0, ""pulse_current_raw_min"": 4.0, ""pulse_duration_max"": 0.6, ""pulse_duration_min"": 0.15, ""q_abs_guard_deg"": 35.0, ""qd_lpf_alpha"": 0.11126524355739864, ""rate"": 120.0, ""rbf_center_max"": 3.2, ""rbf_center_min"": -3.2, ""rbf_nodes"": 11.0, ""rbf_width"": 1.4631904539, ""ref_jump_deg_max"": 8.0, ""ref_jump_deg_min"": 2.0, ""ref_jump_duration_max"": 0.6, ""ref_jump_duration_min"": 0.15, ""reference_shape"": ""sine"", ""reset_zeta_after_motion"": false, ""reset_zeta_on_segment"": false, ""restore_mode"": false, ""sigma_mod"": 0.2460708825, ""sine_center_mode"": ""lock"", ""soft_start_sec"": 0.7, ""step_absolute_target_deg"": null, ""step_absolute_target_rad"": null, ""step_delta_deg"": 40.0, ""step_ramp_sec"": 1.0, ""step_segment_sec"": 1.5, ""step_sequence_deg"": """", ""step_shape"": ""smoothstep"", ""step_start_sec"": 0.0, ""tail_err_full_deg"": 4.0, ""tail_err_thresh_deg"": 1.5, ""tail_kd"": 0.020082345403154452, ""tail_kp"": 0.0, ""tail_max_control_boost"": 0.0, ""tail_u_max"": 0.0, ""torque_to_current"": 210.0, ""zeta0"": 0.885692967, ""zeta_leak"": 0.0237735451, ""zeta_reset_delay_sec"": 0.0, ""zeta_reset_value"": null, ""zeta_soft"": 0.989185316}"
98,1,1.0,1000125.1176232299,1200.0,9.993049,8.054887931027473,9.154898318387799,13.758889463727398,22.914551265499522,0.32488237677016835,0.0,0.07024784391534392,0.9473066846997339,0.928478547,0.885692967,0.928478547,0.04278557999999999,0.004278558004333333,0.018557390964999986,0.2018188854,0.0,0.0,0.0,0.0,0.0,0.0,0.0,0.0,0.0,0.0,0.0,0.0,0.0,0.0,0.0,0.0,8.130067271616115,13.08685305245443,13.764101760484358,0.0,0,11.258656863999931,/tmp/nussbaum_sine_3hz_hard_runs/optuna_t0098_r01.csv,,"{""alpha"": 7.1072835468, ""amplitude_deg"": 10.0, ""baudrate"": 1000000.0, ""command_sign"": -1.0, ""control_output_scale"": 1.0, ""current_bias_raw"": -1.1891154465581217, ""current_limit_raw"": 0.0, ""default_mode"": 3.0, ""device"": ""/dev/ttyAMA0"", ""disable_anti_windup"": false, ""disable_freeze_nn_on_saturation"": false, ""disable_freeze_zeta_on_saturation"": false, ""disturb_interval_sec"": 30.0, ""disturb_jitter_sec"": 3.0, ""disturb_mode"": ""mixed"", ""disturb_seed"": -1.0, ""disturbance_placement"": ""mid_move"", ""duration"": 10.0, ""dxl_id"": 6.0, ""enable_disturbance"": false, ""frequency_hz"": 3.0, ""fric_coulomb"": 0.007871440025157063, ""fric_vel_scale"": 1.377440192980242, ""gamma_adapt"": 8.7187500403, ""gamma_link"": 0.9239875092873387, ""integral_limit"": 1.6504936083, ""k_delta"": 0.14714844257684837, ""max_abs_e_dot"": 6.0, ""max_control"": 0.16039663037336388, ""max_current_raw"": 63.0, ""max_current_slew"": 101.93987376919057, ""mid_disturbance_offset_sec"": 0.0, ""no_set_current_mode"": false, ""predict_horizon_sec"": 0.003931473704742048, ""pulse_current_raw_max"": 12.0, ""pulse_current_raw_min"": 4.0, ""pulse_duration_max"": 0.6, ""pulse_duration_min"": 0.15, ""q_abs_guard_deg"": 35.0, ""qd_lpf_alpha"": 0.11647654284183935, ""rate"": 120.0, ""rbf_center_max"": 3.2, ""rbf_center_min"": -3.2, ""rbf_nodes"": 11.0, ""rbf_width"": 1.4631904539, ""ref_jump_deg_max"": 8.0, ""ref_jump_deg_min"": 2.0, ""ref_jump_duration_max"": 0.6, ""ref_jump_duration_min"": 0.15, ""reference_shape"": ""sine"", ""reset_zeta_after_motion"": false, ""reset_zeta_on_segment"": false, ""restore_mode"": false, ""sigma_mod"": 0.2460708825, ""sine_center_mode"": ""lock"", ""soft_start_sec"": 0.7, ""step_absolute_target_deg"": null, ""step_absolute_target_rad"": null, ""step_delta_deg"": 40.0, ""step_ramp_sec"": 1.0, ""step_segment_sec"": 1.5, ""step_sequence_deg"": """", ""step_shape"": ""smoothstep"", ""step_start_sec"": 0.0, ""tail_err_full_deg"": 4.0, ""tail_err_thresh_deg"": 1.5, ""tail_kd"": 0.03872800436060604, ""tail_kp"": 0.0, ""tail_max_control_boost"": 0.0, ""tail_u_max"": 0.0, ""torque_to_current"": 210.0, ""zeta0"": 0.885692967, ""zeta_leak"": 0.0237735451, ""zeta_reset_delay_sec"": 0.0, ""zeta_reset_value"": null, ""zeta_soft"": 0.989185316}"
99,1,1.0,61.53046379388019,1200.0,9.991746,7.173207814988258,8.294612717072178,13.156277663805865,19.897549531309195,0.516474650654183,0.0,0.04677323383084577,0.9314580704273735,0.9920488763,0.885692967,0.9920488763,0.10635590930000005,0.010635590934333333,0.10167576523499998,0.2990118338,0.0,0.0,0.0,0.0,0.0,0.0,0.0,0.0,0.0,0.0,0.0,0.0,0.0,0.0,0.0,0.0,6.930725556596311,11.657157539903595,12.226136601799949,0.0,0,11.153590992999852,/tmp/nussbaum_sine_3hz_hard_runs/optuna_t0099_r01.csv,,"{""alpha"": 7.1072835468, ""amplitude_deg"": 10.0, ""baudrate"": 1000000.0, ""command_sign"": -1.0, ""control_output_scale"": 1.0, ""current_bias_raw"": -0.38401478030905656, ""current_limit_raw"": 0.0, ""default_mode"": 3.0, ""device"": ""/dev/ttyAMA0"", ""disable_anti_windup"": false, ""disable_freeze_nn_on_saturation"": false, ""disable_freeze_zeta_on_saturation"": false, ""disturb_interval_sec"": 30.0, ""disturb_jitter_sec"": 3.0, ""disturb_mode"": ""mixed"", ""disturb_seed"": -1.0, ""disturbance_placement"": ""mid_move"", ""duration"": 10.0, ""dxl_id"": 6.0, ""enable_disturbance"": false, ""frequency_hz"": 3.0, ""fric_coulomb"": 0.0014021790375690277, ""fric_vel_scale"": 1.5497418021065512, ""gamma_adapt"": 8.7187500403, ""gamma_link"": 0.7481045262432358, ""integral_limit"": 1.6504936083, ""k_delta"": 0.15228563372752377, ""max_abs_e_dot"": 6.0, ""max_control"": 0.26440888339629215, ""max_current_raw"": 67.0, ""max_current_slew"": 65.39395422072599, ""mid_disturbance_offset_sec"": 0.0, ""no_set_current_mode"": false, ""predict_horizon_sec"": 0.0035496916568270643, ""pulse_current_raw_max"": 12.0, ""pulse_current_raw_min"": 4.0, ""pulse_duration_max"": 0.6, ""pulse_duration_min"": 0.15, ""q_abs_guard_deg"": 35.0, ""qd_lpf_alpha"": 0.08972780131586171, ""rate"": 120.0, ""rbf_center_max"": 3.2, ""rbf_center_min"": -3.2, ""rbf_nodes"": 11.0, ""rbf_width"": 1.4631904539, ""ref_jump_deg_max"": 8.0, ""ref_jump_deg_min"": 2.0, ""ref_jump_duration_max"": 0.6, ""ref_jump_duration_min"": 0.15, ""reference_shape"": ""sine"", ""reset_zeta_after_motion"": false, ""reset_zeta_on_segment"": false, ""restore_mode"": false, ""sigma_mod"": 0.2460708825, ""sine_center_mode"": ""lock"", ""soft_start_sec"": 0.7, ""step_absolute_target_deg"": null, ""step_absolute_target_rad"": null, ""step_delta_deg"": 40.0, ""step_ramp_sec"": 1.0, ""step_segment_sec"": 1.5, ""step_sequence_deg"": """", ""step_shape"": ""smoothstep"", ""step_start_sec"": 0.0, ""tail_err_full_deg"": 4.0, ""tail_err_thresh_deg"": 1.5, ""tail_kd"": 0.03936540831380952, ""tail_kp"": 0.0, ""tail_max_control_boost"": 0.0, ""tail_u_max"": 0.0, ""torque_to_current"": 210.0, ""zeta0"": 0.885692967, ""zeta_leak"": 0.0237735451, ""zeta_reset_delay_sec"": 0.0, ""zeta_reset_value"": null, ""zeta_soft"": 0.989185316}"
100,1,1.0,62.78578023122028,1200.0,9.99176,7.396891096062912,8.464282504109658,12.741488107810758,21.36895347246559,0.5042309427867055,0.0,0.06698389423076924,0.9392494087018102,0.969503672,0.8856929788,0.969503672,0.08381069320000001,0.008381070500166668,0.07864467054999986,0.2850857809,0.0,0.0,0.0,0.0,0.0,0.0,0.0,0.0,0.0,0.0,0.0,0.0,0.0,0.0,0.0,0.0,7.471610622076819,11.958432252912136,12.451021866028178,0.0,0,11.121149196999795,/tmp/nussbaum_sine_3hz_hard_runs/optuna_t0100_r01.csv,,"{""alpha"": 7.1072835468, ""amplitude_deg"": 10.0, ""baudrate"": 1000000.0, ""command_sign"": -1.0, ""control_output_scale"": 1.0, ""current_bias_raw"": -1.120094787804128, ""current_limit_raw"": 0.0, ""default_mode"": 3.0, ""device"": ""/dev/ttyAMA0"", ""disable_anti_windup"": false, ""disable_freeze_nn_on_saturation"": false, ""disable_freeze_zeta_on_saturation"": false, ""disturb_interval_sec"": 30.0, ""disturb_jitter_sec"": 3.0, ""disturb_mode"": ""mixed"", ""disturb_seed"": -1.0, ""disturbance_placement"": ""mid_move"", ""duration"": 10.0, ""dxl_id"": 6.0, ""enable_disturbance"": false, ""frequency_hz"": 3.0, ""fric_coulomb"": 0.007185508607722511, ""fric_vel_scale"": 1.2136461105821683, ""gamma_adapt"": 8.7187500403, ""gamma_link"": 0.8737166123587565, ""integral_limit"": 1.6504936083, ""k_delta"": 0.19374051342721121, ""max_abs_e_dot"": 6.0, ""max_control"": 0.18917376488761042, ""max_current_raw"": 52.0, ""max_current_slew"": 75.24916359420696, ""mid_disturbance_offset_sec"": 0.0, ""no_set_current_mode"": false, ""predict_horizon_sec"": 0.003324591657221065, ""pulse_current_raw_max"": 12.0, ""pulse_current_raw_min"": 4.0, ""pulse_duration_max"": 0.6, ""pulse_duration_min"": 0.15, ""q_abs_guard_deg"": 35.0, ""qd_lpf_alpha"": 0.03218188912494102, ""rate"": 120.0, ""rbf_center_max"": 3.2, ""rbf_center_min"": -3.2, ""rbf_nodes"": 11.0, ""rbf_width"": 1.4631904539, ""ref_jump_deg_max"": 8.0, ""ref_jump_deg_min"": 2.0, ""ref_jump_duration_max"": 0.6, ""ref_jump_duration_min"": 0.15, ""reference_shape"": ""sine"", ""reset_zeta_after_motion"": false, ""reset_zeta_on_segment"": false, ""restore_mode"": false, ""sigma_mod"": 0.2460708825, ""sine_center_mode"": ""lock"", ""soft_start_sec"": 0.7, ""step_absolute_target_deg"": null, ""step_absolute_target_rad"": null, ""step_delta_deg"": 40.0, ""step_ramp_sec"": 1.0, ""step_segment_sec"": 1.5, ""step_sequence_deg"": """", ""step_shape"": ""smoothstep"", ""step_start_sec"": 0.0, ""tail_err_full_deg"": 4.0, ""tail_err_thresh_deg"": 1.5, ""tail_kd"": 0.008391477507064277, ""tail_kp"": 0.0, ""tail_max_control_boost"": 0.0, ""tail_u_max"": 0.0, ""torque_to_current"": 210.0, ""zeta0"": 0.885692967, ""zeta_leak"": 0.0237735451, ""zeta_reset_delay_sec"": 0.0, ""zeta_reset_value"": null, ""zeta_soft"": 0.989185316}"
101,1,1.0,1000067.0420192436,1200.0,9.991727000000001,8.162077024104265,9.376604040636142,13.09457440903205,26.20838655957427,0.3829579807564137,0.0,0.10331539007092197,0.9393079414266856,0.9504123395,0.885692967,0.9504123395,0.06471937250000004,0.006471937254416667,0.051456096304999976,0.2168014732,0.0,0.0,0.0,0.0,0.0,0.0,0.0,0.0,0.0,0.0,0.0,0.0,0.0,0.0,0.0,0.0,7.983589874238912,12.658959737684945,14.074597163790509,0.0,0,11.167604271000073,/tmp/nussbaum_sine_3hz_hard_runs/optuna_t0101_r01.csv,,"{""alpha"": 7.1072835468, ""amplitude_deg"": 10.0, ""baudrate"": 1000000.0, ""command_sign"": -1.0, ""control_output_scale"": 1.0, ""current_bias_raw"": -1.2516052794640644, ""current_limit_raw"": 0.0, ""default_mode"": 3.0, ""device"": ""/dev/ttyAMA0"", ""disable_anti_windup"": false, ""disable_freeze_nn_on_saturation"": false, ""disable_freeze_zeta_on_saturation"": false, ""disturb_interval_sec"": 30.0, ""disturb_jitter_sec"": 3.0, ""disturb_mode"": ""mixed"", ""disturb_seed"": -1.0, ""disturbance_placement"": ""mid_move"", ""duration"": 10.0, ""dxl_id"": 6.0, ""enable_disturbance"": false, ""frequency_hz"": 3.0, ""fric_coulomb"": 0.005754671942614325, ""fric_vel_scale"": 1.5513298222383773, ""gamma_adapt"": 8.7187500403, ""gamma_link"": 1.0455067773559605, ""integral_limit"": 1.6504936083, ""k_delta"": 0.13617589870113586, ""max_abs_e_dot"": 6.0, ""max_control"": 0.1701037482123794, ""max_current_raw"": 47.0, ""max_current_slew"": 108.64095830632407, ""mid_disturbance_offset_sec"": 0.0, ""no_set_current_mode"": false, ""predict_horizon_sec"": 0.0034765689846242296, ""pulse_current_raw_max"": 12.0, ""pulse_current_raw_min"": 4.0, ""pulse_duration_max"": 0.6, ""pulse_duration_min"": 0.15, ""q_abs_guard_deg"": 35.0, ""qd_lpf_alpha"": 0.04996500723467477, ""rate"": 120.0, ""rbf_center_max"": 3.2, ""rbf_center_min"": -3.2, ""rbf_nodes"": 11.0, ""rbf_width"": 1.4631904539, ""ref_jump_deg_max"": 8.0, ""ref_jump_deg_min"": 2.0, ""ref_jump_duration_max"": 0.6, ""ref_jump_duration_min"": 0.15, ""reference_shape"": ""sine"", ""reset_zeta_after_motion"": false, ""reset_zeta_on_segment"": false, ""restore_mode"": false, ""sigma_mod"": 0.2460708825, ""sine_center_mode"": ""lock"", ""soft_start_sec"": 0.7, ""step_absolute_target_deg"": null, ""step_absolute_target_rad"": null, ""step_delta_deg"": 40.0, ""step_ramp_sec"": 1.0, ""step_segment_sec"": 1.5, ""step_sequence_deg"": """", ""step_shape"": ""smoothstep"", ""step_start_sec"": 0.0, ""tail_err_full_deg"": 4.0, ""tail_err_thresh_deg"": 1.5, ""tail_kd"": 0.012166932175870945, ""tail_kp"": 0.0, ""tail_max_control_boost"": 0.0, ""tail_u_max"": 0.0, ""torque_to_current"": 210.0, ""zeta0"": 0.885692967, ""zeta_leak"": 0.0237735451, ""zeta_reset_delay_sec"": 0.0, ""zeta_reset_value"": null, ""zeta_soft"": 0.989185316}"
102,1,0.0,1000000.0,0.0,0.0,inf,inf,inf,inf,0.0,1.0,1.0,0.0,0.0,0.0,0.0,0.0,0.0,0.0,0.0,0.0,0.0,0.0,0.0,0.0,0.0,0.0,0.0,0.0,0.0,0.0,0.0,0.0,0.0,0.0,0.0,inf,inf,inf,1.0,1,6.39344434800023,/tmp/nussbaum_sine_3hz_hard_runs/optuna_t0102_r01.csv,[DBG] t=   4.00s e=  2.59deg u=-0.2619 u_aux=-0.0736 u_rob=-0.0000 u_fric= 0.0019 ta=0.40 cmd=   1.50 slewB=1.00 raw q= 136.85deg | [DBG] t=   5.00s e= 24.55deg u= 0.2619 u_aux=-0.0920 u_rob=-0.0000 u_fric= 0.0019 ta=1.00 cmd= -11.75 slewB=1.00 raw q= 115.31deg | [ERROR] q guard hit: |q-q_center|=35.33 deg > 35.00,"{""alpha"": 7.1072835468, ""amplitude_deg"": 10.0, ""baudrate"": 1000000.0, ""command_sign"": -1.0, ""control_output_scale"": 1.0, ""current_bias_raw"": -0.6230512617420523, ""current_limit_raw"": 0.0, ""default_mode"": 3.0, ""device"": ""/dev/ttyAMA0"", ""disable_anti_windup"": false, ""disable_freeze_nn_on_saturation"": false, ""disable_freeze_zeta_on_saturation"": false, ""disturb_interval_sec"": 30.0, ""disturb_jitter_sec"": 3.0, ""disturb_mode"": ""mixed"", ""disturb_seed"": -1.0, ""disturbance_placement"": ""mid_move"", ""duration"": 10.0, ""dxl_id"": 6.0, ""enable_disturbance"": false, ""frequency_hz"": 3.0, ""fric_coulomb"": 0.0019558422862123396, ""fric_vel_scale"": 1.2760728297539043, ""gamma_adapt"": 8.7187500403, ""gamma_link"": 0.7219002183926042, ""integral_limit"": 1.6504936083, ""k_delta"": 0.10592281445561176, ""max_abs_e_dot"": 6.0, ""max_control"": 0.2619111587679349, ""max_current_raw"": 76.0, ""max_current_slew"": 61.12828997586795, ""mid_disturbance_offset_sec"": 0.0, ""no_set_current_mode"": false, ""predict_horizon_sec"": 0.002573378492312052, ""pulse_current_raw_max"": 12.0, ""pulse_current_raw_min"": 4.0, ""pulse_duration_max"": 0.6, ""pulse_duration_min"": 0.15, ""q_abs_guard_deg"": 35.0, ""qd_lpf_alpha"": 0.08959083898931189, ""rate"": 120.0, ""rbf_center_max"": 3.2, ""rbf_center_min"": -3.2, ""rbf_nodes"": 11.0, ""rbf_width"": 1.4631904539, ""ref_jump_deg_max"": 8.0, ""ref_jump_deg_min"": 2.0, ""ref_jump_duration_max"": 0.6, ""ref_jump_duration_min"": 0.15, ""reference_shape"": ""sine"", ""reset_zeta_after_motion"": false, ""reset_zeta_on_segment"": false, ""restore_mode"": false, ""sigma_mod"": 0.2460708825, ""sine_center_mode"": ""lock"", ""soft_start_sec"": 0.7, ""step_absolute_target_deg"": null, ""step_absolute_target_rad"": null, ""step_delta_deg"": 40.0, ""step_ramp_sec"": 1.0, ""step_segment_sec"": 1.5, ""step_sequence_deg"": """", ""step_shape"": ""smoothstep"", ""step_start_sec"": 0.0, ""tail_err_full_deg"": 4.0, ""tail_err_thresh_deg"": 1.5, ""tail_kd"": 0.021458990958924944, ""tail_kp"": 0.0, ""tail_max_control_boost"": 0.0, ""tail_u_max"": 0.0, ""torque_to_current"": 210.0, ""zeta0"": 0.885692967, ""zeta_leak"": 0.0237735451, ""zeta_reset_delay_sec"": 0.0, ""zeta_reset_value"": null, ""zeta_soft"": 0.989185316}"
103,1,1.0,62.261898105905004,1200.0,9.991750000000001,7.237531579824253,8.362171371368179,13.314230023044091,19.50533194301301,0.5298247816194799,0.0,0.06970026666666668,0.9397374583379643,0.9792628162,0.8856929745,0.9792628162,0.09356984170000004,0.00935698492225,0.10594363276499978,0.312766876,0.0,0.0,0.0,0.0,0.0,0.0,0.0,0.0,0.0,0.0,0.0,0.0,0.0,0.0,0.0,0.0,7.174753542234101,12.450406011455884,13.28983194631941,0.0,0,11.349712085000192,/tmp/nussbaum_sine_3hz_hard_runs/optuna_t0103_r01.csv,,"{""alpha"": 7.1072835468, ""amplitude_deg"": 10.0, ""baudrate"": 1000000.0, ""command_sign"": -1.0, ""control_output_scale"": 1.0, ""current_bias_raw"": 0.5111158074752351, ""current_limit_raw"": 0.0, ""default_mode"": 3.0, ""device"": ""/dev/ttyAMA0"", ""disable_anti_windup"": false, ""disable_freeze_nn_on_saturation"": false, ""disable_freeze_zeta_on_saturation"": false, ""disturb_interval_sec"": 30.0, ""disturb_jitter_sec"": 3.0, ""disturb_mode"": ""mixed"", ""disturb_seed"": -1.0, ""disturbance_placement"": ""mid_move"", ""duration"": 10.0, ""dxl_id"": 6.0, ""enable_disturbance"": false, ""frequency_hz"": 3.0, ""fric_coulomb"": 0.009794814412471698, ""fric_vel_scale"": 0.8914766923124418, ""gamma_adapt"": 8.7187500403, ""gamma_link"": 0.7469199921928605, ""integral_limit"": 1.6504936083, ""k_delta"": 0.169919555518151, ""max_abs_e_dot"": 6.0, ""max_control"": 0.2178200446276148, ""max_current_raw"": 50.0, ""max_current_slew"": 74.34424223244689, ""mid_disturbance_offset_sec"": 0.0, ""no_set_current_mode"": false, ""predict_horizon_sec"": 0.003943597412235441, ""pulse_current_raw_max"": 12.0, ""pulse_current_raw_min"": 4.0, ""pulse_duration_max"": 0.6, ""pulse_duration_min"": 0.15, ""q_abs_guard_deg"": 35.0, ""qd_lpf_alpha"": 0.06143102905549434, ""rate"": 120.0, ""rbf_center_max"": 3.2, ""rbf_center_min"": -3.2, ""rbf_nodes"": 11.0, ""rbf_width"": 1.4631904539, ""ref_jump_deg_max"": 8.0, ""ref_jump_deg_min"": 2.0, ""ref_jump_duration_max"": 0.6, ""ref_jump_duration_min"": 0.15, ""reference_shape"": ""sine"", ""reset_zeta_after_motion"": false, ""reset_zeta_on_segment"": false, ""restore_mode"": false, ""sigma_mod"": 0.2460708825, ""sine_center_mode"": ""lock"", ""soft_start_sec"": 0.7, ""step_absolute_target_deg"": null, ""step_absolute_target_rad"": null, ""step_delta_deg"": 40.0, ""step_ramp_sec"": 1.0, ""step_segment_sec"": 1.5, ""step_sequence_deg"": """", ""step_shape"": ""smoothstep"", ""step_start_sec"": 0.0, ""tail_err_full_deg"": 4.0, ""tail_err_thresh_deg"": 1.5, ""tail_kd"": 0.03292889289483797, ""tail_kp"": 0.0, ""tail_max_control_boost"": 0.0, ""tail_u_max"": 0.0, ""torque_to_current"": 210.0, ""zeta0"": 0.885692967, ""zeta_leak"": 0.0237735451, ""zeta_reset_delay_sec"": 0.0, ""zeta_reset_value"": null, ""zeta_soft"": 0.989185316}"
104,1,1.0,1000076.1601448235,1200.0,9.991749,7.932114763822213,9.02254881892922,13.637984786997276,21.950268928469477,0.37383985517652296,0.0,0.07603425438596492,0.9349724394540827,1.0089523844,0.885692967,1.0089523844,0.1232594173999999,0.012325941744833334,0.08959589087999999,1.6502429841,0.0,0.0,0.0,0.0,0.0,0.0,0.0,0.0,0.0,0.0,0.0,0.0,0.0,0.0,0.0,0.0,7.9329508997363565,13.224702286760841,14.373065564182445,0.0,0,11.20927693800013,/tmp/nussbaum_sine_3hz_hard_runs/optuna_t0104_r01.csv,,"{""alpha"": 7.1072835468, ""amplitude_deg"": 10.0, ""baudrate"": 1000000.0, ""command_sign"": -1.0, ""control_output_scale"": 1.0, ""current_bias_raw"": 0.07850985109401809, ""current_limit_raw"": 0.0, ""default_mode"": 3.0, ""device"": ""/dev/ttyAMA0"", ""disable_anti_windup"": false, ""disable_freeze_nn_on_saturation"": false, ""disable_freeze_zeta_on_saturation"": false, ""disturb_interval_sec"": 30.0, ""disturb_jitter_sec"": 3.0, ""disturb_mode"": ""mixed"", ""disturb_seed"": -1.0, ""disturbance_placement"": ""mid_move"", ""duration"": 10.0, ""dxl_id"": 6.0, ""enable_disturbance"": false, ""frequency_hz"": 3.0, ""fric_coulomb"": 0.017485845102983757, ""fric_vel_scale"": 0.6510075991207697, ""gamma_adapt"": 8.7187500403, ""gamma_link"": 0.7798477102626611, ""integral_limit"": 1.6504936083, ""k_delta"": 0.145822417585244, ""max_abs_e_dot"": 6.0, ""max_control"": 0.2400562719870661, ""max_current_raw"": 57.0, ""max_current_slew"": 98.18426782646891, ""mid_disturbance_offset_sec"": 0.0, ""no_set_current_mode"": false, ""predict_horizon_sec"": 0.0027164386492258587, ""pulse_current_raw_max"": 12.0, ""pulse_current_raw_min"": 4.0, ""pulse_duration_max"": 0.6, ""pulse_duration_min"": 0.15, ""q_abs_guard_deg"": 35.0, ""qd_lpf_alpha"": 0.09682152380865493, ""rate"": 120.0, ""rbf_center_max"": 3.2, ""rbf_center_min"": -3.2, ""rbf_nodes"": 11.0, ""rbf_width"": 1.4631904539, ""ref_jump_deg_max"": 8.0, ""ref_jump_deg_min"": 2.0, ""ref_jump_duration_max"": 0.6, ""ref_jump_duration_min"": 0.15, ""reference_shape"": ""sine"", ""reset_zeta_after_motion"": false, ""reset_zeta_on_segment"": false, ""restore_mode"": false, ""sigma_mod"": 0.2460708825, ""sine_center_mode"": ""lock"", ""soft_start_sec"": 0.7, ""step_absolute_target_deg"": null, ""step_absolute_target_rad"": null, ""step_delta_deg"": 40.0, ""step_ramp_sec"": 1.0, ""step_segment_sec"": 1.5, ""step_sequence_deg"": """", ""step_shape"": ""smoothstep"", ""step_start_sec"": 0.0, ""tail_err_full_deg"": 4.0, ""tail_err_thresh_deg"": 1.5, ""tail_kd"": 0.030768677113777013, ""tail_kp"": 0.0, ""tail_max_control_boost"": 0.0, ""tail_u_max"": 0.0, ""torque_to_current"": 210.0, ""zeta0"": 0.885692967, ""zeta_leak"": 0.0237735451, ""zeta_reset_delay_sec"": 0.0, ""zeta_reset_value"": null, ""zeta_soft"": 0.989185316}"
105,1,1.0,1000031.6605939686,1200.0,9.991747,7.154507810994146,8.163815919490933,12.325225198580405,18.32815193090222,0.41833940603138303,0.0,0.05494376984126984,0.933628283355775,0.9998983059,0.885692967,0.9998983059,0.11420533889999995,0.011420533890833333,0.11342580863499993,0.3139926165,0.0,0.0,0.0,0.0,0.0,0.0,0.0,0.0,0.0,0.0,0.0,0.0,0.0,0.0,0.0,0.0,7.0897918501039365,11.935431074793948,12.38177979616548,0.0,0,11.074394844999915,/tmp/nussbaum_sine_3hz_hard_runs/optuna_t0105_r01.csv,,"{""alpha"": 7.1072835468, ""amplitude_deg"": 10.0, ""baudrate"": 1000000.0, ""command_sign"": -1.0, ""control_output_scale"": 1.0, ""current_bias_raw"": 0.358026758812404, ""current_limit_raw"": 0.0, ""default_mode"": 3.0, ""device"": ""/dev/ttyAMA0"", ""disable_anti_windup"": false, ""disable_freeze_nn_on_saturation"": false, ""disable_freeze_zeta_on_saturation"": false, ""disturb_interval_sec"": 30.0, ""disturb_jitter_sec"": 3.0, ""disturb_mode"": ""mixed"", ""disturb_seed"": -1.0, ""disturbance_placement"": ""mid_move"", ""duration"": 10.0, ""dxl_id"": 6.0, ""enable_disturbance"": false, ""frequency_hz"": 3.0, ""fric_coulomb"": 0.006501472953108843, ""fric_vel_scale"": 1.4240797610682543, ""gamma_adapt"": 8.7187500403, ""gamma_link"": 0.8359900515903843, ""integral_limit"": 1.6504936083, ""k_delta"": 0.17022511980910562, ""max_abs_e_dot"": 6.0, ""max_control"": 0.25983526771040105, ""max_current_raw"": 63.0, ""max_current_slew"": 72.76988666793463, ""mid_disturbance_offset_sec"": 0.0, ""no_set_current_mode"": false, ""predict_horizon_sec"": 0.0032889000610100767, ""pulse_current_raw_max"": 12.0, ""pulse_current_raw_min"": 4.0, ""pulse_duration_max"": 0.6, ""pulse_duration_min"": 0.15, ""q_abs_guard_deg"": 35.0, ""qd_lpf_alpha"": 0.07034189545516177, ""rate"": 120.0, ""rbf_center_max"": 3.2, ""rbf_center_min"": -3.2, ""rbf_nodes"": 11.0, ""rbf_width"": 1.4631904539, ""ref_jump_deg_max"": 8.0, ""ref_jump_deg_min"": 2.0, ""ref_jump_duration_max"": 0.6, ""ref_jump_duration_min"": 0.15, ""reference_shape"": ""sine"", ""reset_zeta_after_motion"": false, ""reset_zeta_on_segment"": false, ""restore_mode"": false, ""sigma_mod"": 0.2460708825, ""sine_center_mode"": ""lock"", ""soft_start_sec"": 0.7, ""step_absolute_target_deg"": null, ""step_absolute_target_rad"": null, ""step_delta_deg"": 40.0, ""step_ramp_sec"": 1.0, ""step_segment_sec"": 1.5, ""step_sequence_deg"": """", ""step_shape"": ""smoothstep"", ""step_start_sec"": 0.0, ""tail_err_full_deg"": 4.0, ""tail_err_thresh_deg"": 1.5, ""tail_kd"": 0.040964976991923335, ""tail_kp"": 0.0, ""tail_max_control_boost"": 0.0, ""tail_u_max"": 0.0, ""torque_to_current"": 210.0, ""zeta0"": 0.885692967, ""zeta_leak"": 0.0237735451, ""zeta_reset_delay_sec"": 0.0, ""zeta_reset_value"": null, ""zeta_soft"": 0.989185316}"
106,1,1.0,1000043.8995964583,1200.0,9.992598000000001,6.813684010435052,7.857410420582807,12.60937698422962,17.89209657966671,0.4061004035416816,0.0,0.04020331460674157,0.9340573221838046,0.9920124681,0.8856929782,0.9920124681,0.10631948989999995,0.010631950105,0.07929826907,0.3217826231,0.0,0.0,0.0,0.0,0.0,0.0,0.0,0.0,0.0,0.0,0.0,0.0,0.0,0.0,0.0,0.0,6.75567668064748,12.606917166407229,12.9920596266232,0.0,0,11.262228752000283,/tmp/nussbaum_sine_3hz_hard_runs/optuna_t0106_r01.csv,,"{""alpha"": 7.1072835468, ""amplitude_deg"": 10.0, ""baudrate"": 1000000.0, ""command_sign"": -1.0, ""control_output_scale"": 1.0, ""current_bias_raw"": 0.5462840344712144, ""current_limit_raw"": 0.0, ""default_mode"": 3.0, ""device"": ""/dev/ttyAMA0"", ""disable_anti_windup"": false, ""disable_freeze_nn_on_saturation"": false, ""disable_freeze_zeta_on_saturation"": false, ""disturb_interval_sec"": 30.0, ""disturb_jitter_sec"": 3.0, ""disturb_mode"": ""mixed"", ""disturb_seed"": -1.0, ""disturbance_placement"": ""mid_move"", ""duration"": 10.0, ""dxl_id"": 6.0, ""enable_disturbance"": false, ""frequency_hz"": 3.0, ""fric_coulomb"": 0.006833166994060155, ""fric_vel_scale"": 0.3151810154416855, ""gamma_adapt"": 8.7187500403, ""gamma_link"": 0.9297066206043478, ""integral_limit"": 1.6504936083, ""k_delta"": 0.16251036186657294, ""max_abs_e_dot"": 6.0, ""max_control"": 0.23308582549577303, ""max_current_raw"": 89.0, ""max_current_slew"": 69.24707343713474, ""mid_disturbance_offset_sec"": 0.0, ""no_set_current_mode"": false, ""predict_horizon_sec"": 0.0022747254159117937, ""pulse_current_raw_max"": 12.0, ""pulse_current_raw_min"": 4.0, ""pulse_duration_max"": 0.6, ""pulse_duration_min"": 0.15, ""q_abs_guard_deg"": 35.0, ""qd_lpf_alpha"": 0.025301056317993273, ""rate"": 120.0, ""rbf_center_max"": 3.2, ""rbf_center_min"": -3.2, ""rbf_nodes"": 11.0, ""rbf_width"": 1.4631904539, ""ref_jump_deg_max"": 8.0, ""ref_jump_deg_min"": 2.0, ""ref_jump_duration_max"": 0.6, ""ref_jump_duration_min"": 0.15, ""reference_shape"": ""sine"", ""reset_zeta_after_motion"": false, ""reset_zeta_on_segment"": false, ""restore_mode"": false, ""sigma_mod"": 0.2460708825, ""sine_center_mode"": ""lock"", ""soft_start_sec"": 0.7, ""step_absolute_target_deg"": null, ""step_absolute_target_rad"": null, ""step_delta_deg"": 40.0, ""step_ramp_sec"": 1.0, ""step_segment_sec"": 1.5, ""step_sequence_deg"": """", ""step_shape"": ""smoothstep"", ""step_start_sec"": 0.0, ""tail_err_full_deg"": 4.0, ""tail_err_thresh_deg"": 1.5, ""tail_kd"": 0.012240125150900526, ""tail_kp"": 0.0, ""tail_max_control_boost"": 0.0, ""tail_u_max"": 0.0, ""torque_to_current"": 210.0, ""zeta0"": 0.885692967, ""zeta_leak"": 0.0237735451, ""zeta_reset_delay_sec"": 0.0, ""zeta_reset_value"": null, ""zeta_soft"": 0.989185316}"
107,1,1.0,67.78563687217355,1200.0,9.991747,8.151169468956768,9.432695910732901,14.379088054201441,26.042116419044394,0.5117975382378052,0.0,0.09131270440251574,0.9387657842894135,0.9496811085,0.8856929726,0.9496811085,0.06398813589999996,0.006398814153333334,0.02731691508499989,0.2359629903,0.0,0.0,0.0,0.0,0.0,0.0,0.0,0.0,0.0,0.0,0.0,0.0,0.0,0.0,0.0,0.0,7.8469123739707545,13.00811551405417,14.323600473339928,0.0,0,11.090413011999772,/tmp/nussbaum_sine_3hz_hard_runs/optuna_t0107_r01.csv,,"{""alpha"": 7.1072835468, ""amplitude_deg"": 10.0, ""baudrate"": 1000000.0, ""command_sign"": -1.0, ""control_output_scale"": 1.0, ""current_bias_raw"": -1.115242093874026, ""current_limit_raw"": 0.0, ""default_mode"": 3.0, ""device"": ""/dev/ttyAMA0"", ""disable_anti_windup"": false, ""disable_freeze_nn_on_saturation"": false, ""disable_freeze_zeta_on_saturation"": false, ""disturb_interval_sec"": 30.0, ""disturb_jitter_sec"": 3.0, ""disturb_mode"": ""mixed"", ""disturb_seed"": -1.0, ""disturbance_placement"": ""mid_move"", ""duration"": 10.0, ""dxl_id"": 6.0, ""enable_disturbance"": false, ""frequency_hz"": 3.0, ""fric_coulomb"": 0.0030247636007234057, ""fric_vel_scale"": 0.7321821897970334, ""gamma_adapt"": 8.7187500403, ""gamma_link"": 0.7175192343771504, ""integral_limit"": 1.6504936083, ""k_delta"": 0.13583589652081268, ""max_abs_e_dot"": 6.0, ""max_control"": 0.1757357251787343, ""max_current_raw"": 53.0, ""max_current_slew"": 105.02070012314472, ""mid_disturbance_offset_sec"": 0.0, ""no_set_current_mode"": false, ""predict_horizon_sec"": 0.0038320832497299923, ""pulse_current_raw_max"": 12.0, ""pulse_current_raw_min"": 4.0, ""pulse_duration_max"": 0.6, ""pulse_duration_min"": 0.15, ""q_abs_guard_deg"": 35.0, ""qd_lpf_alpha"": 0.04579710709899724, ""rate"": 120.0, ""rbf_center_max"": 3.2, ""rbf_center_min"": -3.2, ""rbf_nodes"": 11.0, ""rbf_width"": 1.4631904539, ""ref_jump_deg_max"": 8.0, ""ref_jump_deg_min"": 2.0, ""ref_jump_duration_max"": 0.6, ""ref_jump_duration_min"": 0.15, ""reference_shape"": ""sine"", ""reset_zeta_after_motion"": false, ""reset_zeta_on_segment"": false, ""restore_mode"": false, ""sigma_mod"": 0.2460708825, ""sine_center_mode"": ""lock"", ""soft_start_sec"": 0.7, ""step_absolute_target_deg"": null, ""step_absolute_target_rad"": null, ""step_delta_deg"": 40.0, ""step_ramp_sec"": 1.0, ""step_segment_sec"": 1.5, ""step_sequence_deg"": """", ""step_shape"": ""smoothstep"", ""step_start_sec"": 0.0, ""tail_err_full_deg"": 4.0, ""tail_err_thresh_deg"": 1.5, ""tail_kd"": 0.00465640896221339, ""tail_kp"": 0.0, ""tail_max_control_boost"": 0.0, ""tail_u_max"": 0.0, ""torque_to_current"": 210.0, ""zeta0"": 0.885692967, ""zeta_leak"": 0.0237735451, ""zeta_reset_delay_sec"": 0.0, ""zeta_reset_value"": null, ""zeta_soft"": 0.989185316}"
108,1,1.0,1000044.5689497063,1200.0,9.991784,7.717320678047301,8.791186473085313,13.134395720925257,21.880399487009843,0.4054310502937341,0.0,0.09118608333333332,0.9363673154234011,0.9690200854,0.885692967,0.9690200854,0.08332711839999996,0.008332711840583335,0.04423441613499987,0.3016420057,0.0,0.0,0.0,0.0,0.0,0.0,0.0,0.0,0.0,0.0,0.0,0.0,0.0,0.0,0.0,0.0,7.701230403249185,12.820387156137976,13.366234487471818,0.0,0,11.118214492999869,/tmp/nussbaum_sine_3hz_hard_runs/optuna_t0108_r01.csv,,"{""alpha"": 7.1072835468, ""amplitude_deg"": 10.0, ""baudrate"": 1000000.0, ""command_sign"": -1.0, ""control_output_scale"": 1.0, ""current_bias_raw"": 0.4834247906952522, ""current_limit_raw"": 0.0, ""default_mode"": 3.0, ""device"": ""/dev/ttyAMA0"", ""disable_anti_windup"": false, ""disable_freeze_nn_on_saturation"": false, ""disable_freeze_zeta_on_saturation"": false, ""disturb_interval_sec"": 30.0, ""disturb_jitter_sec"": 3.0, ""disturb_mode"": ""mixed"", ""disturb_seed"": -1.0, ""disturbance_placement"": ""mid_move"", ""duration"": 10.0, ""dxl_id"": 6.0, ""enable_disturbance"": false, ""frequency_hz"": 3.0, ""fric_coulomb"": 0.008392896978733563, ""fric_vel_scale"": 0.6583245708159071, ""gamma_adapt"": 8.7187500403, ""gamma_link"": 0.7289264429085005, ""integral_limit"": 1.6504936083, ""k_delta"": 0.18125601060167099, ""max_abs_e_dot"": 6.0, ""max_control"": 0.22130406107596742, ""max_current_raw"": 50.0, ""max_current_slew"": 101.73435219739811, ""mid_disturbance_offset_sec"": 0.0, ""no_set_current_mode"": false, ""predict_horizon_sec"": 0.0033102767931823766, ""pulse_current_raw_max"": 12.0, ""pulse_current_raw_min"": 4.0, ""pulse_duration_max"": 0.6, ""pulse_duration_min"": 0.15, ""q_abs_guard_deg"": 35.0, ""qd_lpf_alpha"": 0.06742085356008662, ""rate"": 120.0, ""rbf_center_max"": 3.2, ""rbf_center_min"": -3.2, ""rbf_nodes"": 11.0, ""rbf_width"": 1.4631904539, ""ref_jump_deg_max"": 8.0, ""ref_jump_deg_min"": 2.0, ""ref_jump_duration_max"": 0.6, ""ref_jump_duration_min"": 0.15, ""reference_shape"": ""sine"", ""reset_zeta_after_motion"": false, ""reset_zeta_on_segment"": false, ""restore_mode"": false, ""sigma_mod"": 0.2460708825, ""sine_center_mode"": ""lock"", ""soft_start_sec"": 0.7, ""step_absolute_target_deg"": null, ""step_absolute_target_rad"": null, ""step_delta_deg"": 40.0, ""step_ramp_sec"": 1.0, ""step_segment_sec"": 1.5, ""step_sequence_deg"": """", ""step_shape"": ""smoothstep"", ""step_start_sec"": 0.0, ""tail_err_full_deg"": 4.0, ""tail_err_thresh_deg"": 1.5, ""tail_kd"": 0.04086686067905481, ""tail_kp"": 0.0, ""tail_max_control_boost"": 0.0, ""tail_u_max"": 0.0, ""torque_to_current"": 210.0, ""zeta0"": 0.885692967, ""zeta_leak"": 0.0237735451, ""zeta_reset_delay_sec"": 0.0, ""zeta_reset_value"": null, ""zeta_soft"": 0.989185316}"
109,1,1.0,66.77806193039149,1200.0,9.991761,7.813651535343262,8.9621402282777,14.116626052561024,22.90973707356961,0.507347244898803,0.0,0.0704482650273224,0.9353101503060196,0.9976952452,0.885692967,0.9976952452,0.11200227819999997,0.011200227819166665,0.08303849100999997,1.3601903789,0.0,0.0,0.0,0.0,0.0,0.0,0.0,0.0,0.0,0.0,0.0,0.0,0.0,0.0,0.0,0.0,7.59881240447329,13.553918100535485,14.504557705128205,0.0,0,11.144200085999728,/tmp/nussbaum_sine_3hz_hard_runs/optuna_t0109_r01.csv,,"{""alpha"": 7.1072835468, ""amplitude_deg"": 10.0, ""baudrate"": 1000000.0, ""command_sign"": -1.0, ""control_output_scale"": 1.0, ""current_bias_raw"": -0.35114212366110836, ""current_limit_raw"": 0.0, ""default_mode"": 3.0, ""device"": ""/dev/ttyAMA0"", ""disable_anti_windup"": false, ""disable_freeze_nn_on_saturation"": false, ""disable_freeze_zeta_on_saturation"": false, ""disturb_interval_sec"": 30.0, ""disturb_jitter_sec"": 3.0, ""disturb_mode"": ""mixed"", ""disturb_seed"": -1.0, ""disturbance_placement"": ""mid_move"", ""duration"": 10.0, ""dxl_id"": 6.0, ""enable_disturbance"": false, ""frequency_hz"": 3.0, ""fric_coulomb"": 0.000608234112677667, ""fric_vel_scale"": 1.6373123876088835, ""gamma_adapt"": 8.7187500403, ""gamma_link"": 0.8290135945270432, ""integral_limit"": 1.6504936083, ""k_delta"": 0.12389738280700159, ""max_abs_e_dot"": 6.0, ""max_control"": 0.2193789443711434, ""max_current_raw"": 61.0, ""max_current_slew"": 95.01926936131392, ""mid_disturbance_offset_sec"": 0.0, ""no_set_current_mode"": false, ""predict_horizon_sec"": 0.003816635363825417, ""pulse_current_raw_max"": 12.0, ""pulse_current_raw_min"": 4.0, ""pulse_duration_max"": 0.6, ""pulse_duration_min"": 0.15, ""q_abs_guard_deg"": 35.0, ""qd_lpf_alpha"": 0.10292959980162256, ""rate"": 120.0, ""rbf_center_max"": 3.2, ""rbf_center_min"": -3.2, ""rbf_nodes"": 11.0, ""rbf_width"": 1.4631904539, ""ref_jump_deg_max"": 8.0, ""ref_jump_deg_min"": 2.0, ""ref_jump_duration_max"": 0.6, ""ref_jump_duration_min"": 0.15, ""reference_shape"": ""sine"", ""reset_zeta_after_motion"": false, ""reset_zeta_on_segment"": false, ""restore_mode"": false, ""sigma_mod"": 0.2460708825, ""sine_center_mode"": ""lock"", ""soft_start_sec"": 0.7, ""step_absolute_target_deg"": null, ""step_absolute_target_rad"": null, ""step_delta_deg"": 40.0, ""step_ramp_sec"": 1.0, ""step_segment_sec"": 1.5, ""step_sequence_deg"": """", ""step_shape"": ""smoothstep"", ""step_start_sec"": 0.0, ""tail_err_full_deg"": 4.0, ""tail_err_thresh_deg"": 1.5, ""tail_kd"": 0.0284075389438325, ""tail_kp"": 0.0, ""tail_max_control_boost"": 0.0, ""tail_u_max"": 0.0, ""torque_to_current"": 210.0, ""zeta0"": 0.885692967, ""zeta_leak"": 0.0237735451, ""zeta_reset_delay_sec"": 0.0, ""zeta_reset_value"": null, ""zeta_soft"": 0.989185316}"
110,1,1.0,62.44870282501184,1200.0,9.997387999999999,7.173235505885708,8.206803860766147,12.20245674543315,20.41685079722469,0.4595050975915302,0.0,0.06326028911564625,0.9378928041395778,0.9537044455,0.8856929771,0.9537044455,0.06801146840000005,0.00680114785125,0.06585732768499984,0.26717271,0.0,0.0,0.0,0.0,0.0,0.0,0.0,0.0,0.0,0.0,0.0,0.0,0.0,0.0,0.0,0.0,7.157723020258722,11.369149733396245,11.734147196924733,0.0,0,11.137518123000063,/tmp/nussbaum_sine_3hz_hard_runs/optuna_t0110_r01.csv,,"{""alpha"": 7.1072835468, ""amplitude_deg"": 10.0, ""baudrate"": 1000000.0, ""command_sign"": -1.0, ""control_output_scale"": 1.0, ""current_bias_raw"": -0.5667009525026028, ""current_limit_raw"": 0.0, ""default_mode"": 3.0, ""device"": ""/dev/ttyAMA0"", ""disable_anti_windup"": false, ""disable_freeze_nn_on_saturation"": false, ""disable_freeze_zeta_on_saturation"": false, ""disturb_interval_sec"": 30.0, ""disturb_jitter_sec"": 3.0, ""disturb_mode"": ""mixed"", ""disturb_seed"": -1.0, ""disturbance_placement"": ""mid_move"", ""duration"": 10.0, ""dxl_id"": 6.0, ""enable_disturbance"": false, ""frequency_hz"": 3.0, ""fric_coulomb"": 0.018482378918579723, ""fric_vel_scale"": 0.8435019517681098, ""gamma_adapt"": 8.7187500403, ""gamma_link"": 1.0049156018628675, ""integral_limit"": 1.6504936083, ""k_delta"": 0.12763974014265486, ""max_abs_e_dot"": 6.0, ""max_control"": 0.166732325170814, ""max_current_raw"": 49.0, ""max_current_slew"": 66.03869773333089, ""mid_disturbance_offset_sec"": 0.0, ""no_set_current_mode"": false, ""predict_horizon_sec"": 0.0015896991649785887, ""pulse_current_raw_max"": 12.0, ""pulse_current_raw_min"": 4.0, ""pulse_duration_max"": 0.6, ""pulse_duration_min"": 0.15, ""q_abs_guard_deg"": 35.0, ""qd_lpf_alpha"": 0.027136848558045393, ""rate"": 120.0, ""rbf_center_max"": 3.2, ""rbf_center_min"": -3.2, ""rbf_nodes"": 11.0, ""rbf_width"": 1.4631904539, ""ref_jump_deg_max"": 8.0, ""ref_jump_deg_min"": 2.0, ""ref_jump_duration_max"": 0.6, ""ref_jump_duration_min"": 0.15, ""reference_shape"": ""sine"", ""reset_zeta_after_motion"": false, ""reset_zeta_on_segment"": false, ""restore_mode"": false, ""sigma_mod"": 0.2460708825, ""sine_center_mode"": ""lock"", ""soft_start_sec"": 0.7, ""step_absolute_target_deg"": null, ""step_absolute_target_rad"": null, ""step_delta_deg"": 40.0, ""step_ramp_sec"": 1.0, ""step_segment_sec"": 1.5, ""step_sequence_deg"": """", ""step_shape"": ""smoothstep"", ""step_start_sec"": 0.0, ""tail_err_full_deg"": 4.0, ""tail_err_thresh_deg"": 1.5, ""tail_kd"": 0.03178087984188632, ""tail_kp"": 0.0, ""tail_max_control_boost"": 0.0, ""tail_u_max"": 0.0, ""torque_to_current"": 210.0, ""zeta0"": 0.885692967, ""zeta_leak"": 0.0237735451, ""zeta_reset_delay_sec"": 0.0, ""zeta_reset_value"": null, ""zeta_soft"": 0.989185316}"
111,1,1.0,63.918567441899874,1200.0,9.991756,7.388274952886595,8.427422863030845,12.346082916376862,22.17533262321426,0.463736005196947,0.0,0.05805081989247312,0.9323597480393065,0.973380496,0.885692967,0.973380496,0.08768752899999999,0.008768752901333334,0.08482022242999998,0.2542546542,0.0,0.0,0.0,0.0,0.0,0.0,0.0,0.0,0.0,0.0,0.0,0.0,0.0,0.0,0.0,0.0,7.3185337334004705,11.848419416491387,13.351426725572184,0.0,0,11.118574512000123,/tmp/nussbaum_sine_3hz_hard_runs/optuna_t0111_r01.csv,,"{""alpha"": 7.1072835468, ""amplitude_deg"": 10.0, ""baudrate"": 1000000.0, ""command_sign"": -1.0, ""control_output_scale"": 1.0, ""current_bias_raw"": -1.1205554864865486, ""current_limit_raw"": 0.0, ""default_mode"": 3.0, ""device"": ""/dev/ttyAMA0"", ""disable_anti_windup"": false, ""disable_freeze_nn_on_saturation"": false, ""disable_freeze_zeta_on_saturation"": false, ""disturb_interval_sec"": 30.0, ""disturb_jitter_sec"": 3.0, ""disturb_mode"": ""mixed"", ""disturb_seed"": -1.0, ""disturbance_placement"": ""mid_move"", ""duration"": 10.0, ""dxl_id"": 6.0, ""enable_disturbance"": false, ""frequency_hz"": 3.0, ""fric_coulomb"": 0.019801655007104443, ""fric_vel_scale"": 0.6162691382059267, ""gamma_adapt"": 8.7187500403, ""gamma_link"": 1.1478404511866414, ""integral_limit"": 1.6504936083, ""k_delta"": 0.147203814883757, ""max_abs_e_dot"": 6.0, ""max_control"": 0.19748919862277675, ""max_current_raw"": 62.0, ""max_current_slew"": 76.95903251609353, ""mid_disturbance_offset_sec"": 0.0, ""no_set_current_mode"": false, ""predict_horizon_sec"": 0.0011973133669942934, ""pulse_current_raw_max"": 12.0, ""pulse_current_raw_min"": 4.0, ""pulse_duration_max"": 0.6, ""pulse_duration_min"": 0.15, ""q_abs_guard_deg"": 35.0, ""qd_lpf_alpha"": 0.03674351963939243, ""rate"": 120.0, ""rbf_center_max"": 3.2, ""rbf_center_min"": -3.2, ""rbf_nodes"": 11.0, ""rbf_width"": 1.4631904539, ""ref_jump_deg_max"": 8.0, ""ref_jump_deg_min"": 2.0, ""ref_jump_duration_max"": 0.6, ""ref_jump_duration_min"": 0.15, ""reference_shape"": ""sine"", ""reset_zeta_after_motion"": false, ""reset_zeta_on_segment"": false, ""restore_mode"": false, ""sigma_mod"": 0.2460708825, ""sine_center_mode"": ""lock"", ""soft_start_sec"": 0.7, ""step_absolute_target_deg"": null, ""step_absolute_target_rad"": null, ""step_delta_deg"": 40.0, ""step_ramp_sec"": 1.0, ""step_segment_sec"": 1.5, ""step_sequence_deg"": """", ""step_shape"": ""smoothstep"", ""step_start_sec"": 0.0, ""tail_err_full_deg"": 4.0, ""tail_err_thresh_deg"": 1.5, ""tail_kd"": 0.015337209730196956, ""tail_kp"": 0.0, ""tail_max_control_boost"": 0.0, ""tail_u_max"": 0.0, ""torque_to_current"": 210.0, ""zeta0"": 0.885692967, ""zeta_leak"": 0.0237735451, ""zeta_reset_delay_sec"": 0.0, ""zeta_reset_value"": null, ""zeta_soft"": 0.989185316}"
112,1,0.0,1000000.0,0.0,0.0,inf,inf,inf,inf,0.0,1.0,1.0,0.0,0.0,0.0,0.0,0.0,0.0,0.0,0.0,0.0,0.0,0.0,0.0,0.0,0.0,0.0,0.0,0.0,0.0,0.0,0.0,0.0,0.0,0.0,0.0,inf,inf,inf,1.0,1,8.078379902000052,/tmp/nussbaum_sine_3hz_hard_runs/optuna_t0112_r01.csv,[DBG] t=   5.00s e=  3.80deg u=-0.2154 u_aux=-0.0547 u_rob=-0.0000 u_fric= 0.0189 ta=0.98 cmd=   0.80 slewB=1.00 raw q= 135.53deg | [DBG] t=   6.00s e=  9.01deg u= 0.2097 u_aux=-0.0603 u_rob=-0.0000 u_fric= 0.0189 ta=1.00 cmd=  -4.19 slewB=1.00 raw q= 130.34deg | [ERROR] q guard hit: |q-q_center|=35.07 deg > 35.00,"{""alpha"": 7.1072835468, ""amplitude_deg"": 10.0, ""baudrate"": 1000000.0, ""command_sign"": -1.0, ""control_output_scale"": 1.0, ""current_bias_raw"": -0.1084170789236184, ""current_limit_raw"": 0.0, ""default_mode"": 3.0, ""device"": ""/dev/ttyAMA0"", ""disable_anti_windup"": false, ""disable_freeze_nn_on_saturation"": false, ""disable_freeze_zeta_on_saturation"": false, ""disturb_interval_sec"": 30.0, ""disturb_jitter_sec"": 3.0, ""disturb_mode"": ""mixed"", ""disturb_seed"": -1.0, ""disturbance_placement"": ""mid_move"", ""duration"": 10.0, ""dxl_id"": 6.0, ""enable_disturbance"": false, ""frequency_hz"": 3.0, ""fric_coulomb"": 0.018868052098233775, ""fric_vel_scale"": 0.7460145214777805, ""gamma_adapt"": 8.7187500403, ""gamma_link"": 0.8948644598148073, ""integral_limit"": 1.6504936083, ""k_delta"": 0.08669074409915084, ""max_abs_e_dot"": 6.0, ""max_control"": 0.21537110502682347, ""max_current_raw"": 58.0, ""max_current_slew"": 69.06092206338403, ""mid_disturbance_offset_sec"": 0.0, ""no_set_current_mode"": false, ""predict_horizon_sec"": 0.0011743698961823796, ""pulse_current_raw_max"": 12.0, ""pulse_current_raw_min"": 4.0, ""pulse_duration_max"": 0.6, ""pulse_duration_min"": 0.15, ""q_abs_guard_deg"": 35.0, ""qd_lpf_alpha"": 0.03538552779462677, ""rate"": 120.0, ""rbf_center_max"": 3.2, ""rbf_center_min"": -3.2, ""rbf_nodes"": 11.0, ""rbf_width"": 1.4631904539, ""ref_jump_deg_max"": 8.0, ""ref_jump_deg_min"": 2.0, ""ref_jump_duration_max"": 0.6, ""ref_jump_duration_min"": 0.15, ""reference_shape"": ""sine"", ""reset_zeta_after_motion"": false, ""reset_zeta_on_segment"": false, ""restore_mode"": false, ""sigma_mod"": 0.2460708825, ""sine_center_mode"": ""lock"", ""soft_start_sec"": 0.7, ""step_absolute_target_deg"": null, ""step_absolute_target_rad"": null, ""step_delta_deg"": 40.0, ""step_ramp_sec"": 1.0, ""step_segment_sec"": 1.5, ""step_sequence_deg"": """", ""step_shape"": ""smoothstep"", ""step_start_sec"": 0.0, ""tail_err_full_deg"": 4.0, ""tail_err_thresh_deg"": 1.5, ""tail_kd"": 0.016414989947304517, ""tail_kp"": 0.0, ""tail_max_control_boost"": 0.0, ""tail_u_max"": 0.0, ""torque_to_current"": 210.0, ""zeta0"": 0.885692967, ""zeta_leak"": 0.0237735451, ""zeta_reset_delay_sec"": 0.0, ""zeta_reset_value"": null, ""zeta_soft"": 0.989185316}"
113,1,1.0,66.41899530484635,1200.0,9.991837,7.790886550128429,8.967446397146094,13.936400299374014,24.81292105802665,0.5175829228154829,0.0,0.08470900326797384,0.941535795869609,0.9421786888,0.8856929771,0.9421786888,0.05648571170000005,0.005648572178416666,0.03115262062999979,0.2779240805,0.0,0.0,0.0,0.0,0.0,0.0,0.0,0.0,0.0,0.0,0.0,0.0,0.0,0.0,0.0,0.0,7.666421698649929,13.24100397136705,14.548503000786523,0.0,0,11.240395216000252,/tmp/nussbaum_sine_3hz_hard_runs/optuna_t0113_r01.csv,,"{""alpha"": 7.1072835468, ""amplitude_deg"": 10.0, ""baudrate"": 1000000.0, ""command_sign"": -1.0, ""control_output_scale"": 1.0, ""current_bias_raw"": -0.44881954726696704, ""current_limit_raw"": 0.0, ""default_mode"": 3.0, ""device"": ""/dev/ttyAMA0"", ""disable_anti_windup"": false, ""disable_freeze_nn_on_saturation"": false, ""disable_freeze_zeta_on_saturation"": false, ""disturb_interval_sec"": 30.0, ""disturb_jitter_sec"": 3.0, ""disturb_mode"": ""mixed"", ""disturb_seed"": -1.0, ""disturbance_placement"": ""mid_move"", ""duration"": 10.0, ""dxl_id"": 6.0, ""enable_disturbance"": false, ""frequency_hz"": 3.0, ""fric_coulomb"": 0.01593471392852211, ""fric_vel_scale"": 0.5185409443222204, ""gamma_adapt"": 8.7187500403, ""gamma_link"": 0.8307630141783271, ""integral_limit"": 1.6504936083, ""k_delta"": 0.18413822660009366, ""max_abs_e_dot"": 6.0, ""max_control"": 0.16974617036365983, ""max_current_raw"": 51.0, ""max_current_slew"": 95.68731322826383, ""mid_disturbance_offset_sec"": 0.0, ""no_set_current_mode"": false, ""predict_horizon_sec"": 0.0013052023048091717, ""pulse_current_raw_max"": 12.0, ""pulse_current_raw_min"": 4.0, ""pulse_duration_max"": 0.6, ""pulse_duration_min"": 0.15, ""q_abs_guard_deg"": 35.0, ""qd_lpf_alpha"": 0.026020974205643727, ""rate"": 120.0, ""rbf_center_max"": 3.2, ""rbf_center_min"": -3.2, ""rbf_nodes"": 11.0, ""rbf_width"": 1.4631904539, ""ref_jump_deg_max"": 8.0, ""ref_jump_deg_min"": 2.0, ""ref_jump_duration_max"": 0.6, ""ref_jump_duration_min"": 0.15, ""reference_shape"": ""sine"", ""reset_zeta_after_motion"": false, ""reset_zeta_on_segment"": false, ""restore_mode"": false, ""sigma_mod"": 0.2460708825, ""sine_center_mode"": ""lock"", ""soft_start_sec"": 0.7, ""step_absolute_target_deg"": null, ""step_absolute_target_rad"": null, ""step_delta_deg"": 40.0, ""step_ramp_sec"": 1.0, ""step_segment_sec"": 1.5, ""step_sequence_deg"": """", ""step_shape"": ""smoothstep"", ""step_start_sec"": 0.0, ""tail_err_full_deg"": 4.0, ""tail_err_thresh_deg"": 1.5, ""tail_kd"": 0.0427955587570144, ""tail_kp"": 0.0, ""tail_max_control_boost"": 0.0, ""tail_u_max"": 0.0, ""torque_to_current"": 210.0, ""zeta0"": 0.885692967, ""zeta_leak"": 0.0237735451, ""zeta_reset_delay_sec"": 0.0, ""zeta_reset_value"": null, ""zeta_soft"": 0.989185316}"
114,1,1.0,66.35718142530347,1200.0,9.991756,8.148506534287172,9.35446573040185,14.142084964654103,24.53750428525972,0.5389440842241601,0.0,0.10951543333333331,0.9366153851442051,0.9681378213,0.885692967,0.9681378213,0.08244485430000004,0.008244485433250001,0.06118234976499998,1.0123940119,0.0,0.0,0.0,0.0,0.0,0.0,0.0,0.0,0.0,0.0,0.0,0.0,0.0,0.0,0.0,0.0,8.07815589694785,12.965693186051935,14.227755359984465,0.0,0,11.200339344999975,/tmp/nussbaum_sine_3hz_hard_runs/optuna_t0114_r01.csv,,"{""alpha"": 7.1072835468, ""amplitude_deg"": 10.0, ""baudrate"": 1000000.0, ""command_sign"": -1.0, ""control_output_scale"": 1.0, ""current_bias_raw"": -0.2825199395548592, ""current_limit_raw"": 0.0, ""default_mode"": 3.0, ""device"": ""/dev/ttyAMA0"", ""disable_anti_windup"": false, ""disable_freeze_nn_on_saturation"": false, ""disable_freeze_zeta_on_saturation"": false, ""disturb_interval_sec"": 30.0, ""disturb_jitter_sec"": 3.0, ""disturb_mode"": ""mixed"", ""disturb_seed"": -1.0, ""disturbance_placement"": ""mid_move"", ""duration"": 10.0, ""dxl_id"": 6.0, ""enable_disturbance"": false, ""frequency_hz"": 3.0, ""fric_coulomb"": 0.017485532512282756, ""fric_vel_scale"": 1.0485050324750766, ""gamma_adapt"": 8.7187500403, ""gamma_link"": 1.110655747790824, ""integral_limit"": 1.6504936083, ""k_delta"": 0.12450975615376783, ""max_abs_e_dot"": 6.0, ""max_control"": 0.19370441254218795, ""max_current_raw"": 50.0, ""max_current_slew"": 123.1878196901768, ""mid_disturbance_offset_sec"": 0.0, ""no_set_current_mode"": false, ""predict_horizon_sec"": 0.0007176083793625485, ""pulse_current_raw_max"": 12.0, ""pulse_current_raw_min"": 4.0, ""pulse_duration_max"": 0.6, ""pulse_duration_min"": 0.15, ""q_abs_guard_deg"": 35.0, ""qd_lpf_alpha"": 0.03426667950653921, ""rate"": 120.0, ""rbf_center_max"": 3.2, ""rbf_center_min"": -3.2, ""rbf_nodes"": 11.0, ""rbf_width"": 1.4631904539, ""ref_jump_deg_max"": 8.0, ""ref_jump_deg_min"": 2.0, ""ref_jump_duration_max"": 0.6, ""ref_jump_duration_min"": 0.15, ""reference_shape"": ""sine"", ""reset_zeta_after_motion"": false, ""reset_zeta_on_segment"": false, ""restore_mode"": false, ""sigma_mod"": 0.2460708825, ""sine_center_mode"": ""lock"", ""soft_start_sec"": 0.7, ""step_absolute_target_deg"": null, ""step_absolute_target_rad"": null, ""step_delta_deg"": 40.0, ""step_ramp_sec"": 1.0, ""step_segment_sec"": 1.5, ""step_sequence_deg"": """", ""step_shape"": ""smoothstep"", ""step_start_sec"": 0.0, ""tail_err_full_deg"": 4.0, ""tail_err_thresh_deg"": 1.5, ""tail_kd"": 0.03908802715226597, ""tail_kp"": 0.0, ""tail_max_control_boost"": 0.0, ""tail_u_max"": 0.0, ""torque_to_current"": 210.0, ""zeta0"": 0.885692967, ""zeta_leak"": 0.0237735451, ""zeta_reset_delay_sec"": 0.0, ""zeta_reset_value"": null, ""zeta_soft"": 0.989185316}"
115,1,1.0,1000031.6573951402,1200.0,9.991753000000001,7.722316178637445,8.797861252735464,13.151550719310682,22.485240194740918,0.4183426048598243,0.0,0.06014166666666667,0.9359014731777014,0.9500974167,0.885692967,0.9500974167,0.06440444970000003,0.006440444968666667,0.006004982834999967,0.2902835368,0.0,0.0,0.0,0.0,0.0,0.0,0.0,0.0,0.0,0.0,0.0,0.0,0.0,0.0,0.0,0.0,7.750879822218166,12.613975950293376,14.571520864008662,0.0,0,11.14101516000028,/tmp/nussbaum_sine_3hz_hard_runs/optuna_t0115_r01.csv,,"{""alpha"": 7.1072835468, ""amplitude_deg"": 10.0, ""baudrate"": 1000000.0, ""command_sign"": -1.0, ""control_output_scale"": 1.0, ""current_bias_raw"": -0.5256782405747236, ""current_limit_raw"": 0.0, ""default_mode"": 3.0, ""device"": ""/dev/ttyAMA0"", ""disable_anti_windup"": false, ""disable_freeze_nn_on_saturation"": false, ""disable_freeze_zeta_on_saturation"": false, ""disturb_interval_sec"": 30.0, ""disturb_jitter_sec"": 3.0, ""disturb_mode"": ""mixed"", ""disturb_seed"": -1.0, ""disturbance_placement"": ""mid_move"", ""duration"": 10.0, ""dxl_id"": 6.0, ""enable_disturbance"": false, ""frequency_hz"": 3.0, ""fric_coulomb"": 0.014346857187542023, ""fric_vel_scale"": 0.26483005246272723, ""gamma_adapt"": 8.7187500403, ""gamma_link"": 0.8182057617490808, ""integral_limit"": 1.6504936083, ""k_delta"": 0.1754728742715043, ""max_abs_e_dot"": 6.0, ""max_control"": 0.17952939099900747, ""max_current_raw"": 76.0, ""max_current_slew"": 101.69777470027972, ""mid_disturbance_offset_sec"": 0.0, ""no_set_current_mode"": false, ""predict_horizon_sec"": 0.0021458590660149604, ""pulse_current_raw_max"": 12.0, ""pulse_current_raw_min"": 4.0, ""pulse_duration_max"": 0.6, ""pulse_duration_min"": 0.15, ""q_abs_guard_deg"": 35.0, ""qd_lpf_alpha"": 0.036850732794518774, ""rate"": 120.0, ""rbf_center_max"": 3.2, ""rbf_center_min"": -3.2, ""rbf_nodes"": 11.0, ""rbf_width"": 1.4631904539, ""ref_jump_deg_max"": 8.0, ""ref_jump_deg_min"": 2.0, ""ref_jump_duration_max"": 0.6, ""ref_jump_duration_min"": 0.15, ""reference_shape"": ""sine"", ""reset_zeta_after_motion"": false, ""reset_zeta_on_segment"": false, ""restore_mode"": false, ""sigma_mod"": 0.2460708825, ""sine_center_mode"": ""lock"", ""soft_start_sec"": 0.7, ""step_absolute_target_deg"": null, ""step_absolute_target_rad"": null, ""step_delta_deg"": 40.0, ""step_ramp_sec"": 1.0, ""step_segment_sec"": 1.5, ""step_sequence_deg"": """", ""step_shape"": ""smoothstep"", ""step_start_sec"": 0.0, ""tail_err_full_deg"": 4.0, ""tail_err_thresh_deg"": 1.5, ""tail_kd"": 0.004506250839715386, ""tail_kp"": 0.0, ""tail_max_control_boost"": 0.0, ""tail_u_max"": 0.0, ""torque_to_current"": 210.0, ""zeta0"": 0.885692967, ""zeta_leak"": 0.0237735451, ""zeta_reset_delay_sec"": 0.0, ""zeta_reset_value"": null, ""zeta_soft"": 0.989185316}"
116,1,1.0,1000102.4187851793,1200.0,9.991752,7.525345740233244,8.545885657354207,13.050574047832438,20.232857880339203,0.34758121482074844,0.0,0.05699045454545455,0.9386937206860813,0.9452106081,0.8856929792,0.9452106081,0.05951762890000001,0.0059517641080000004,0.043414917624999966,0.1852228368,0.0,0.0,0.0,0.0,0.0,0.0,0.0,0.0,0.0,0.0,0.0,0.0,0.0,0.0,0.0,0.0,7.54696259095143,12.692954100027869,13.61869330548367,0.0,0,11.10391747499989,/tmp/nussbaum_sine_3hz_hard_runs/optuna_t0116_r01.csv,,"{""alpha"": 7.1072835468, ""amplitude_deg"": 10.0, ""baudrate"": 1000000.0, ""command_sign"": -1.0, ""control_output_scale"": 1.0, ""current_bias_raw"": -1.2796946424330506, ""current_limit_raw"": 0.0, ""default_mode"": 3.0, ""device"": ""/dev/ttyAMA0"", ""disable_anti_windup"": false, ""disable_freeze_nn_on_saturation"": false, ""disable_freeze_zeta_on_saturation"": false, ""disturb_interval_sec"": 30.0, ""disturb_jitter_sec"": 3.0, ""disturb_mode"": ""mixed"", ""disturb_seed"": -1.0, ""disturbance_placement"": ""mid_move"", ""duration"": 10.0, ""dxl_id"": 6.0, ""enable_disturbance"": false, ""frequency_hz"": 3.0, ""fric_coulomb"": 0.01690443950593311, ""fric_vel_scale"": 0.2896551042249199, ""gamma_adapt"": 8.7187500403, ""gamma_link"": 1.0601838290730023, ""integral_limit"": 1.6504936083, ""k_delta"": 0.13785507238903208, ""max_abs_e_dot"": 6.0, ""max_control"": 0.170717875238589, ""max_current_raw"": 66.0, ""max_current_slew"": 82.6398967081827, ""mid_disturbance_offset_sec"": 0.0, ""no_set_current_mode"": false, ""predict_horizon_sec"": 0.0007790649407588442, ""pulse_current_raw_max"": 12.0, ""pulse_current_raw_min"": 4.0, ""pulse_duration_max"": 0.6, ""pulse_duration_min"": 0.15, ""q_abs_guard_deg"": 35.0, ""qd_lpf_alpha"": 0.07626665046030964, ""rate"": 120.0, ""rbf_center_max"": 3.2, ""rbf_center_min"": -3.2, ""rbf_nodes"": 11.0, ""rbf_width"": 1.4631904539, ""ref_jump_deg_max"": 8.0, ""ref_jump_deg_min"": 2.0, ""ref_jump_duration_max"": 0.6, ""ref_jump_duration_min"": 0.15, ""reference_shape"": ""sine"", ""reset_zeta_after_motion"": false, ""reset_zeta_on_segment"": false, ""restore_mode"": false, ""sigma_mod"": 0.2460708825, ""sine_center_mode"": ""lock"", ""soft_start_sec"": 0.7, ""step_absolute_target_deg"": null, ""step_absolute_target_rad"": null, ""step_delta_deg"": 40.0, ""step_ramp_sec"": 1.0, ""step_segment_sec"": 1.5, ""step_sequence_deg"": """", ""step_shape"": ""smoothstep"", ""step_start_sec"": 0.0, ""tail_err_full_deg"": 4.0, ""tail_err_thresh_deg"": 1.5, ""tail_kd"": 0.027129392596661472, ""tail_kp"": 0.0, ""tail_max_control_boost"": 0.0, ""tail_u_max"": 0.0, ""torque_to_current"": 210.0, ""zeta0"": 0.885692967, ""zeta_leak"": 0.0237735451, ""zeta_reset_delay_sec"": 0.0, ""zeta_reset_value"": null, ""zeta_soft"": 0.989185316}"
117,1,1.0,1000031.4354341836,1200.0,9.991747,7.262354252676472,8.333273784437994,13.163190815857956,21.065869346994393,0.41856456581641344,0.0,0.041310427927927926,0.9360946335121264,0.9463481758,0.885692967,0.9463481758,0.06065520879999997,0.006065520883833333,0.038331448194999986,0.2207517665,0.0,0.0,0.0,0.0,0.0,0.0,0.0,0.0,0.0,0.0,0.0,0.0,0.0,0.0,0.0,0.0,6.988010801682815,11.555617913900367,12.145305996434917,0.0,0,11.161615862999952,/tmp/nussbaum_sine_3hz_hard_runs/optuna_t0117_r01.csv,,"{""alpha"": 7.1072835468, ""amplitude_deg"": 10.0, ""baudrate"": 1000000.0, ""command_sign"": -1.0, ""control_output_scale"": 1.0, ""current_bias_raw"": -1.2582414651483131, ""current_limit_raw"": 0.0, ""default_mode"": 3.0, ""device"": ""/dev/ttyAMA0"", ""disable_anti_windup"": false, ""disable_freeze_nn_on_saturation"": false, ""disable_freeze_zeta_on_saturation"": false, ""disturb_interval_sec"": 30.0, ""disturb_jitter_sec"": 3.0, ""disturb_mode"": ""mixed"", ""disturb_seed"": -1.0, ""disturbance_placement"": ""mid_move"", ""duration"": 10.0, ""dxl_id"": 6.0, ""enable_disturbance"": false, ""frequency_hz"": 3.0, ""fric_coulomb"": 0.007799170208557935, ""fric_vel_scale"": 0.5285902636736519, ""gamma_adapt"": 8.7187500403, ""gamma_link"": 0.7757351623110842, ""integral_limit"": 1.6504936083, ""k_delta"": 0.13368516025492394, ""max_abs_e_dot"": 6.0, ""max_control"": 0.19795298147761067, ""max_current_raw"": 74.0, ""max_current_slew"": 65.17047421565302, ""mid_disturbance_offset_sec"": 0.0, ""no_set_current_mode"": false, ""predict_horizon_sec"": 0.0030903802479822656, ""pulse_current_raw_max"": 12.0, ""pulse_current_raw_min"": 4.0, ""pulse_duration_max"": 0.6, ""pulse_duration_min"": 0.15, ""q_abs_guard_deg"": 35.0, ""qd_lpf_alpha"": 0.08001835187114381, ""rate"": 120.0, ""rbf_center_max"": 3.2, ""rbf_center_min"": -3.2, ""rbf_nodes"": 11.0, ""rbf_width"": 1.4631904539, ""ref_jump_deg_max"": 8.0, ""ref_jump_deg_min"": 2.0, ""ref_jump_duration_max"": 0.6, ""ref_jump_duration_min"": 0.15, ""reference_shape"": ""sine"", ""reset_zeta_after_motion"": false, ""reset_zeta_on_segment"": false, ""restore_mode"": false, ""sigma_mod"": 0.2460708825, ""sine_center_mode"": ""lock"", ""soft_start_sec"": 0.7, ""step_absolute_target_deg"": null, ""step_absolute_target_rad"": null, ""step_delta_deg"": 40.0, ""step_ramp_sec"": 1.0, ""step_segment_sec"": 1.5, ""step_sequence_deg"": """", ""step_shape"": ""smoothstep"", ""step_start_sec"": 0.0, ""tail_err_full_deg"": 4.0, ""tail_err_thresh_deg"": 1.5, ""tail_kd"": 0.05438646761285082, ""tail_kp"": 0.0, ""tail_max_control_boost"": 0.0, ""tail_u_max"": 0.0, ""torque_to_current"": 210.0, ""zeta0"": 0.885692967, ""zeta_leak"": 0.0237735451, ""zeta_reset_delay_sec"": 0.0, ""zeta_reset_value"": null, ""zeta_soft"": 0.989185316}"
118,1,1.0,65.9199818763576,1200.0,9.991747,7.6164990694364345,8.718792774934395,13.470569204140276,22.55922171991874,0.4897714815368718,0.0,0.047333725490196085,0.9332366104888784,1.0171212037,0.885692967,1.0171212037,0.13142823669999992,0.01314282367425,0.08504634237999983,1.1395330538,0.0,0.0,0.0,0.0,0.0,0.0,0.0,0.0,0.0,0.0,0.0,0.0,0.0,0.0,0.0,0.0,7.7376920190796135,12.441344402603612,16.27278300500992,0.0,0,11.125804382000297,/tmp/nussbaum_sine_3hz_hard_runs/optuna_t0118_r01.csv,,"{""alpha"": 7.1072835468, ""amplitude_deg"": 10.0, ""baudrate"": 1000000.0, ""command_sign"": -1.0, ""control_output_scale"": 1.0, ""current_bias_raw"": -0.6924447683288908, ""current_limit_raw"": 0.0, ""default_mode"": 3.0, ""device"": ""/dev/ttyAMA0"", ""disable_anti_windup"": false, ""disable_freeze_nn_on_saturation"": false, ""disable_freeze_zeta_on_saturation"": false, ""disturb_interval_sec"": 30.0, ""disturb_jitter_sec"": 3.0, ""disturb_mode"": ""mixed"", ""disturb_seed"": -1.0, ""disturbance_placement"": ""mid_move"", ""duration"": 10.0, ""dxl_id"": 6.0, ""enable_disturbance"": false, ""frequency_hz"": 3.0, ""fric_coulomb"": 0.01701913201397524, ""fric_vel_scale"": 0.6079452899114777, ""gamma_adapt"": 8.7187500403, ""gamma_link"": 1.1869053941617682, ""integral_limit"": 1.6504936083, ""k_delta"": 0.11126452532877273, ""max_abs_e_dot"": 6.0, ""max_control"": 0.1915864327831119, ""max_current_raw"": 85.0, ""max_current_slew"": 87.26968190269935, ""mid_disturbance_offset_sec"": 0.0, ""no_set_current_mode"": false, ""predict_horizon_sec"": 0.002071700274149809, ""pulse_current_raw_max"": 12.0, ""pulse_current_raw_min"": 4.0, ""pulse_duration_max"": 0.6, ""pulse_duration_min"": 0.15, ""q_abs_guard_deg"": 35.0, ""qd_lpf_alpha"": 0.03171393677100127, ""rate"": 120.0, ""rbf_center_max"": 3.2, ""rbf_center_min"": -3.2, ""rbf_nodes"": 11.0, ""rbf_width"": 1.4631904539, ""ref_jump_deg_max"": 8.0, ""ref_jump_deg_min"": 2.0, ""ref_jump_duration_max"": 0.6, ""ref_jump_duration_min"": 0.15, ""reference_shape"": ""sine"", ""reset_zeta_after_motion"": false, ""reset_zeta_on_segment"": false, ""restore_mode"": false, ""sigma_mod"": 0.2460708825, ""sine_center_mode"": ""lock"", ""soft_start_sec"": 0.7, ""step_absolute_target_deg"": null, ""step_absolute_target_rad"": null, ""step_delta_deg"": 40.0, ""step_ramp_sec"": 1.0, ""step_segment_sec"": 1.5, ""step_sequence_deg"": """", ""step_shape"": ""smoothstep"", ""step_start_sec"": 0.0, ""tail_err_full_deg"": 4.0, ""tail_err_thresh_deg"": 1.5, ""tail_kd"": 0.0008279982598776402, ""tail_kp"": 0.0, ""tail_max_control_boost"": 0.0, ""tail_u_max"": 0.0, ""torque_to_current"": 210.0, ""zeta0"": 0.885692967, ""zeta_leak"": 0.0237735451, ""zeta_reset_delay_sec"": 0.0, ""zeta_reset_value"": null, ""zeta_soft"": 0.989185316}"
119,1,1.0,63.692823254584695,1200.0,9.991743000000001,7.838308161684199,9.033906169779096,13.980265781724992,25.241076896901244,0.5841168153385309,0.0,0.07186525956284154,0.9368460018962118,0.9673455148,0.885692967,0.9673455148,0.08165254779999997,0.008165254784916667,0.06378962960499995,0.2703077733,0.0,0.0,0.0,0.0,0.0,0.0,0.0,0.0,0.0,0.0,0.0,0.0,0.0,0.0,0.0,0.0,7.635316800727816,12.711928940999657,13.76402397573409,0.0,0,11.097202308000305,/tmp/nussbaum_sine_3hz_hard_runs/optuna_t0119_r01.csv,,"{""alpha"": 7.1072835468, ""amplitude_deg"": 10.0, ""baudrate"": 1000000.0, ""command_sign"": -1.0, ""control_output_scale"": 1.0, ""current_bias_raw"": -1.468863879278727, ""current_limit_raw"": 0.0, ""default_mode"": 3.0, ""device"": ""/dev/ttyAMA0"", ""disable_anti_windup"": false, ""disable_freeze_nn_on_saturation"": false, ""disable_freeze_zeta_on_saturation"": false, ""disturb_interval_sec"": 30.0, ""disturb_jitter_sec"": 3.0, ""disturb_mode"": ""mixed"", ""disturb_seed"": -1.0, ""disturbance_placement"": ""mid_move"", ""duration"": 10.0, ""dxl_id"": 6.0, ""enable_disturbance"": false, ""frequency_hz"": 3.0, ""fric_coulomb"": 0.008371914020470887, ""fric_vel_scale"": 0.7477577455936524, ""gamma_adapt"": 8.7187500403, ""gamma_link"": 1.0747458025816505, ""integral_limit"": 1.6504936083, ""k_delta"": 0.1874935102870016, ""max_abs_e_dot"": 6.0, ""max_control"": 0.20647860225850656, ""max_current_raw"": 61.0, ""max_current_slew"": 94.85030178386458, ""mid_disturbance_offset_sec"": 0.0, ""no_set_current_mode"": false, ""predict_horizon_sec"": 0.002352117763304619, ""pulse_current_raw_max"": 12.0, ""pulse_current_raw_min"": 4.0, ""pulse_duration_max"": 0.6, ""pulse_duration_min"": 0.15, ""q_abs_guard_deg"": 35.0, ""qd_lpf_alpha"": 0.022845088341038676, ""rate"": 120.0, ""rbf_center_max"": 3.2, ""rbf_center_min"": -3.2, ""rbf_nodes"": 11.0, ""rbf_width"": 1.4631904539, ""ref_jump_deg_max"": 8.0, ""ref_jump_deg_min"": 2.0, ""ref_jump_duration_max"": 0.6, ""ref_jump_duration_min"": 0.15, ""reference_shape"": ""sine"", ""reset_zeta_after_motion"": false, ""reset_zeta_on_segment"": false, ""restore_mode"": false, ""sigma_mod"": 0.2460708825, ""sine_center_mode"": ""lock"", ""soft_start_sec"": 0.7, ""step_absolute_target_deg"": null, ""step_absolute_target_rad"": null, ""step_delta_deg"": 40.0, ""step_ramp_sec"": 1.0, ""step_segment_sec"": 1.5, ""step_sequence_deg"": """", ""step_shape"": ""smoothstep"", ""step_start_sec"": 0.0, ""tail_err_full_deg"": 4.0, ""tail_err_thresh_deg"": 1.5, ""tail_kd"": 0.03180140195044283, ""tail_kp"": 0.0, ""tail_max_control_boost"": 0.0, ""tail_u_max"": 0.0, ""torque_to_current"": 210.0, ""zeta0"": 0.885692967, ""zeta_leak"": 0.0237735451, ""zeta_reset_delay_sec"": 0.0, ""zeta_reset_value"": null, ""zeta_soft"": 0.989185316}"
120,1,1.0,1000036.1126493865,1200.0,9.991742,8.0411551109702,9.162356407710211,13.928593977452561,23.8661352649668,0.41388735061345533,0.0,0.07823259408602151,0.9353297628341561,0.9868088599,0.8856929814,0.9868088599,0.10111587850000003,0.010111589286666667,0.08382246040999998,0.2644463188,0.0,0.0,0.0,0.0,0.0,0.0,0.0,0.0,0.0,0.0,0.0,0.0,0.0,0.0,0.0,0.0,8.112021331081808,13.360400946328584,14.851808150456769,0.0,0,11.195705290000205,/tmp/nussbaum_sine_3hz_hard_runs/optuna_t0120_r01.csv,,"{""alpha"": 7.1072835468, ""amplitude_deg"": 10.0, ""baudrate"": 1000000.0, ""command_sign"": -1.0, ""control_output_scale"": 1.0, ""current_bias_raw"": -1.1755577318238617, ""current_limit_raw"": 0.0, ""default_mode"": 3.0, ""device"": ""/dev/ttyAMA0"", ""disable_anti_windup"": false, ""disable_freeze_nn_on_saturation"": false, ""disable_freeze_zeta_on_saturation"": false, ""disturb_interval_sec"": 30.0, ""disturb_jitter_sec"": 3.0, ""disturb_mode"": ""mixed"", ""disturb_seed"": -1.0, ""disturbance_placement"": ""mid_move"", ""duration"": 10.0, ""dxl_id"": 6.0, ""enable_disturbance"": false, ""frequency_hz"": 3.0, ""fric_coulomb"": 0.017153378813815436, ""fric_vel_scale"": 0.6464287807090836, ""gamma_adapt"": 8.7187500403, ""gamma_link"": 1.1234515844310067, ""integral_limit"": 1.6504936083, ""k_delta"": 0.14322986679441224, ""max_abs_e_dot"": 6.0, ""max_control"": 0.20298228480924543, ""max_current_raw"": 62.0, ""max_current_slew"": 108.60857164868509, ""mid_disturbance_offset_sec"": 0.0, ""no_set_current_mode"": false, ""predict_horizon_sec"": 0.001136388955539986, ""pulse_current_raw_max"": 12.0, ""pulse_current_raw_min"": 4.0, ""pulse_duration_max"": 0.6, ""pulse_duration_min"": 0.15, ""q_abs_guard_deg"": 35.0, ""qd_lpf_alpha"": 0.06149472391649099, ""rate"": 120.0, ""rbf_center_max"": 3.2, ""rbf_center_min"": -3.2, ""rbf_nodes"": 11.0, ""rbf_width"": 1.4631904539, ""ref_jump_deg_max"": 8.0, ""ref_jump_deg_min"": 2.0, ""ref_jump_duration_max"": 0.6, ""ref_jump_duration_min"": 0.15, ""reference_shape"": ""sine"", ""reset_zeta_after_motion"": false, ""reset_zeta_on_segment"": false, ""restore_mode"": false, ""sigma_mod"": 0.2460708825, ""sine_center_mode"": ""lock"", ""soft_start_sec"": 0.7, ""step_absolute_target_deg"": null, ""step_absolute_target_rad"": null, ""step_delta_deg"": 40.0, ""step_ramp_sec"": 1.0, ""step_segment_sec"": 1.5, ""step_sequence_deg"": """", ""step_shape"": ""smoothstep"", ""step_start_sec"": 0.0, ""tail_err_full_deg"": 4.0, ""tail_err_thresh_deg"": 1.5, ""tail_kd"": 0.008676206494165922, ""tail_kp"": 0.0, ""tail_max_control_boost"": 0.0, ""tail_u_max"": 0.0, ""torque_to_current"": 210.0, ""zeta0"": 0.885692967, ""zeta_leak"": 0.0237735451, ""zeta_reset_delay_sec"": 0.0, ""zeta_reset_value"": null, ""zeta_soft"": 0.989185316}"
121,1,1.0,66.11885215045278,1200.0,9.991748000000001,7.469177605297491,8.556630925325232,13.138338660913304,21.770035485615896,0.45416620093493143,0.0,0.08473370567375886,0.93779615458407,0.9514750389,0.8856929814,0.9514750389,0.06578205749999999,0.006578207195083334,0.04349748182499984,0.2666223214,0.0,0.0,0.0,0.0,0.0,0.0,0.0,0.0,0.0,0.0,0.0,0.0,0.0,0.0,0.0,0.0,7.36360922551764,12.89150629561161,14.004033360508535,0.0,0,11.072110622999844,/tmp/nussbaum_sine_3hz_hard_runs/optuna_t0121_r01.csv,,"{""alpha"": 7.1072835468, ""amplitude_deg"": 10.0, ""baudrate"": 1000000.0, ""command_sign"": -1.0, ""control_output_scale"": 1.0, ""current_bias_raw"": -1.1862748751664811, ""current_limit_raw"": 0.0, ""default_mode"": 3.0, ""device"": ""/dev/ttyAMA0"", ""disable_anti_windup"": false, ""disable_freeze_nn_on_saturation"": false, ""disable_freeze_zeta_on_saturation"": false, ""disturb_interval_sec"": 30.0, ""disturb_jitter_sec"": 3.0, ""disturb_mode"": ""mixed"", ""disturb_seed"": -1.0, ""disturbance_placement"": ""mid_move"", ""duration"": 10.0, ""dxl_id"": 6.0, ""enable_disturbance"": false, ""frequency_hz"": 3.0, ""fric_coulomb"": 0.013637131544485027, ""fric_vel_scale"": 0.5389210561587625, ""gamma_adapt"": 8.7187500403, ""gamma_link"": 1.0779546887910578, ""integral_limit"": 1.6504936083, ""k_delta"": 0.15676765037537682, ""max_abs_e_dot"": 6.0, ""max_control"": 0.18258049801418813, ""max_current_raw"": 47.0, ""max_current_slew"": 83.64513352686608, ""mid_disturbance_offset_sec"": 0.0, ""no_set_current_mode"": false, ""predict_horizon_sec"": 0.003344236243186454, ""pulse_current_raw_max"": 12.0, ""pulse_current_raw_min"": 4.0, ""pulse_duration_max"": 0.6, ""pulse_duration_min"": 0.15, ""q_abs_guard_deg"": 35.0, ""qd_lpf_alpha"": 0.052213285010778654, ""rate"": 120.0, ""rbf_center_max"": 3.2, ""rbf_center_min"": -3.2, ""rbf_nodes"": 11.0, ""rbf_width"": 1.4631904539, ""ref_jump_deg_max"": 8.0, ""ref_jump_deg_min"": 2.0, ""ref_jump_duration_max"": 0.6, ""ref_jump_duration_min"": 0.15, ""reference_shape"": ""sine"", ""reset_zeta_after_motion"": false, ""reset_zeta_on_segment"": false, ""restore_mode"": false, ""sigma_mod"": 0.2460708825, ""sine_center_mode"": ""lock"", ""soft_start_sec"": 0.7, ""step_absolute_target_deg"": null, ""step_absolute_target_rad"": null, ""step_delta_deg"": 40.0, ""step_ramp_sec"": 1.0, ""step_segment_sec"": 1.5, ""step_sequence_deg"": """", ""step_shape"": ""smoothstep"", ""step_start_sec"": 0.0, ""tail_err_full_deg"": 4.0, ""tail_err_thresh_deg"": 1.5, ""tail_kd"": 0.03818882827264161, ""tail_kp"": 0.0, ""tail_max_control_boost"": 0.0, ""tail_u_max"": 0.0, ""torque_to_current"": 210.0, ""zeta0"": 0.885692967, ""zeta_leak"": 0.0237735451, ""zeta_reset_delay_sec"": 0.0, ""zeta_reset_value"": null, ""zeta_soft"": 0.989185316}"
122,1,0.0,1000000.0,0.0,0.0,inf,inf,inf,inf,0.0,1.0,1.0,0.0,0.0,0.0,0.0,0.0,0.0,0.0,0.0,0.0,0.0,0.0,0.0,0.0,0.0,0.0,0.0,0.0,0.0,0.0,0.0,0.0,0.0,0.0,0.0,inf,inf,inf,1.0,1,6.299092440000095,/tmp/nussbaum_sine_3hz_hard_runs/optuna_t0122_r01.csv,[DBG] t=   4.01s e=  0.60deg u=-0.3191 u_aux=-0.1913 u_rob=-0.0000 u_fric= 0.0056 ta=0.00 cmd=   2.92 slewB=1.00 raw q= 139.92deg | [DBG] t=   5.00s e= 21.16deg u= 0.3191 u_aux=-0.2573 u_rob=-0.0000 u_fric= 0.0056 ta=1.00 cmd= -12.46 slewB=1.00 raw q= 118.56deg | [ERROR] q guard hit: |q-q_center|=35.51 deg > 35.00,"{""alpha"": 7.1072835468, ""amplitude_deg"": 10.0, ""baudrate"": 1000000.0, ""command_sign"": -1.0, ""control_output_scale"": 1.0, ""current_bias_raw"": -1.3097583577761842, ""current_limit_raw"": 0.0, ""default_mode"": 3.0, ""device"": ""/dev/ttyAMA0"", ""disable_anti_windup"": false, ""disable_freeze_nn_on_saturation"": false, ""disable_freeze_zeta_on_saturation"": false, ""disturb_interval_sec"": 30.0, ""disturb_jitter_sec"": 3.0, ""disturb_mode"": ""mixed"", ""disturb_seed"": -1.0, ""disturbance_placement"": ""mid_move"", ""duration"": 10.0, ""dxl_id"": 6.0, ""enable_disturbance"": false, ""frequency_hz"": 3.0, ""fric_coulomb"": 0.005845340339099468, ""fric_vel_scale"": 1.6400931838575918, ""gamma_adapt"": 8.7187500403, ""gamma_link"": 0.845167837636201, ""integral_limit"": 1.6504936083, ""k_delta"": 0.10021737005529592, ""max_abs_e_dot"": 6.0, ""max_control"": 0.3191214783402638, ""max_current_raw"": 58.0, ""max_current_slew"": 92.29371198650036, ""mid_disturbance_offset_sec"": 0.0, ""no_set_current_mode"": false, ""predict_horizon_sec"": 0.003314389464262162, ""pulse_current_raw_max"": 12.0, ""pulse_current_raw_min"": 4.0, ""pulse_duration_max"": 0.6, ""pulse_duration_min"": 0.15, ""q_abs_guard_deg"": 35.0, ""qd_lpf_alpha"": 0.08555572163270939, ""rate"": 120.0, ""rbf_center_max"": 3.2, ""rbf_center_min"": -3.2, ""rbf_nodes"": 11.0, ""rbf_width"": 1.4631904539, ""ref_jump_deg_max"": 8.0, ""ref_jump_deg_min"": 2.0, ""ref_jump_duration_max"": 0.6, ""ref_jump_duration_min"": 0.15, ""reference_shape"": ""sine"", ""reset_zeta_after_motion"": false, ""reset_zeta_on_segment"": false, ""restore_mode"": false, ""sigma_mod"": 0.2460708825, ""sine_center_mode"": ""lock"", ""soft_start_sec"": 0.7, ""step_absolute_target_deg"": null, ""step_absolute_target_rad"": null, ""step_delta_deg"": 40.0, ""step_ramp_sec"": 1.0, ""step_segment_sec"": 1.5, ""step_sequence_deg"": """", ""step_shape"": ""smoothstep"", ""step_start_sec"": 0.0, ""tail_err_full_deg"": 4.0, ""tail_err_thresh_deg"": 1.5, ""tail_kd"": 0.05714901057902067, ""tail_kp"": 0.0, ""tail_max_control_boost"": 0.0, ""tail_u_max"": 0.0, ""torque_to_current"": 210.0, ""zeta0"": 0.885692967, ""zeta_leak"": 0.0237735451, ""zeta_reset_delay_sec"": 0.0, ""zeta_reset_value"": null, ""zeta_soft"": 0.989185316}"
123,1,1.0,1000064.7791157335,1200.0,9.991748000000001,8.141412937069996,9.344313247865774,14.794127057685897,23.015538783928267,0.5342770573900233,0.0,0.10655288333333335,0.9413967830594072,1.0195192846,0.8856929711,1.0195192846,0.13382631350000007,0.013382631764499999,0.05435680209999999,1.2737991829,0.0,0.0,0.0,0.0,0.0,0.0,0.0,0.0,0.0,0.0,0.0,0.0,0.0,0.0,0.0,0.0,8.150337367622113,14.647791157334629,15.696700853833516,0.0,0,11.277021030000014,/tmp/nussbaum_sine_3hz_hard_runs/optuna_t0123_r01.csv,,"{""alpha"": 7.1072835468, ""amplitude_deg"": 10.0, ""baudrate"": 1000000.0, ""command_sign"": -1.0, ""control_output_scale"": 1.0, ""current_bias_raw"": 1.2513603299117046, ""current_limit_raw"": 0.0, ""default_mode"": 3.0, ""device"": ""/dev/ttyAMA0"", ""disable_anti_windup"": false, ""disable_freeze_nn_on_saturation"": false, ""disable_freeze_zeta_on_saturation"": false, ""disturb_interval_sec"": 30.0, ""disturb_jitter_sec"": 3.0, ""disturb_mode"": ""mixed"", ""disturb_seed"": -1.0, ""disturbance_placement"": ""mid_move"", ""duration"": 10.0, ""dxl_id"": 6.0, ""enable_disturbance"": false, ""frequency_hz"": 3.0, ""fric_coulomb"": 0.012009491438849473, ""fric_vel_scale"": 1.4520260789736454, ""gamma_adapt"": 8.7187500403, ""gamma_link"": 0.7519491544593229, ""integral_limit"": 1.6504936083, ""k_delta"": 0.09225423944808991, ""max_abs_e_dot"": 6.0, ""max_control"": 0.17005389922478018, ""max_current_raw"": 50.0, ""max_current_slew"": 120.91348393088731, ""mid_disturbance_offset_sec"": 0.0, ""no_set_current_mode"": false, ""predict_horizon_sec"": 0.003997485953413986, ""pulse_current_raw_max"": 12.0, ""pulse_current_raw_min"": 4.0, ""pulse_duration_max"": 0.6, ""pulse_duration_min"": 0.15, ""q_abs_guard_deg"": 35.0, ""qd_lpf_alpha"": 0.08913936526851063, ""rate"": 120.0, ""rbf_center_max"": 3.2, ""rbf_center_min"": -3.2, ""rbf_nodes"": 11.0, ""rbf_width"": 1.4631904539, ""ref_jump_deg_max"": 8.0, ""ref_jump_deg_min"": 2.0, ""ref_jump_duration_max"": 0.6, ""ref_jump_duration_min"": 0.15, ""reference_shape"": ""sine"", ""reset_zeta_after_motion"": false, ""reset_zeta_on_segment"": false, ""restore_mode"": false, ""sigma_mod"": 0.2460708825, ""sine_center_mode"": ""lock"", ""soft_start_sec"": 0.7, ""step_absolute_target_deg"": null, ""step_absolute_target_rad"": null, ""step_delta_deg"": 40.0, ""step_ramp_sec"": 1.0, ""step_segment_sec"": 1.5, ""step_sequence_deg"": """", ""step_shape"": ""smoothstep"", ""step_start_sec"": 0.0, ""tail_err_full_deg"": 4.0, ""tail_err_thresh_deg"": 1.5, ""tail_kd"": 0.018941911698445838, ""tail_kp"": 0.0, ""tail_max_control_boost"": 0.0, ""tail_u_max"": 0.0, ""torque_to_current"": 210.0, ""zeta0"": 0.885692967, ""zeta_leak"": 0.0237735451, ""zeta_reset_delay_sec"": 0.0, ""zeta_reset_value"": null, ""zeta_soft"": 0.989185316}"
124,1,1.0,68.09652436955297,1200.0,9.991769000000001,7.916982275002989,9.076391650750056,14.102603862494574,23.838707683640646,0.47241094951403223,0.0,0.07697168209876543,0.9415658684069218,0.9546689137,0.885692967,0.9546689137,0.06897594669999996,0.006897594672166667,0.05568682067999991,0.2385410131,0.0,0.0,0.0,0.0,0.0,0.0,0.0,0.0,0.0,0.0,0.0,0.0,0.0,0.0,0.0,0.0,7.921752129596608,13.110791747948282,13.993581309711155,0.0,0,11.161774401000002,/tmp/nussbaum_sine_3hz_hard_runs/optuna_t0124_r01.csv,,"{""alpha"": 7.1072835468, ""amplitude_deg"": 10.0, ""baudrate"": 1000000.0, ""command_sign"": -1.0, ""control_output_scale"": 1.0, ""current_bias_raw"": -1.3054765465650353, ""current_limit_raw"": 0.0, ""default_mode"": 3.0, ""device"": ""/dev/ttyAMA0"", ""disable_anti_windup"": false, ""disable_freeze_nn_on_saturation"": false, ""disable_freeze_zeta_on_saturation"": false, ""disturb_interval_sec"": 30.0, ""disturb_jitter_sec"": 3.0, ""disturb_mode"": ""mixed"", ""disturb_seed"": -1.0, ""disturbance_placement"": ""mid_move"", ""duration"": 10.0, ""dxl_id"": 6.0, ""enable_disturbance"": false, ""frequency_hz"": 3.0, ""fric_coulomb"": 0.00531906230586986, ""fric_vel_scale"": 1.4060728815202692, ""gamma_adapt"": 8.7187500403, ""gamma_link"": 0.7041272366914088, ""integral_limit"": 1.6504936083, ""k_delta"": 0.1730400203369516, ""max_abs_e_dot"": 6.0, ""max_control"": 0.18356314362815682, ""max_current_raw"": 54.0, ""max_current_slew"": 93.80277219456721, ""mid_disturbance_offset_sec"": 0.0, ""no_set_current_mode"": false, ""predict_horizon_sec"": 0.003184608631544025, ""pulse_current_raw_max"": 12.0, ""pulse_current_raw_min"": 4.0, ""pulse_duration_max"": 0.6, ""pulse_duration_min"": 0.15, ""q_abs_guard_deg"": 35.0, ""qd_lpf_alpha"": 0.09129686468561067, ""rate"": 120.0, ""rbf_center_max"": 3.2, ""rbf_center_min"": -3.2, ""rbf_nodes"": 11.0, ""rbf_width"": 1.4631904539, ""ref_jump_deg_max"": 8.0, ""ref_jump_deg_min"": 2.0, ""ref_jump_duration_max"": 0.6, ""ref_jump_duration_min"": 0.15, ""reference_shape"": ""sine"", ""reset_zeta_after_motion"": false, ""reset_zeta_on_segment"": false, ""restore_mode"": false, ""sigma_mod"": 0.2460708825, ""sine_center_mode"": ""lock"", ""soft_start_sec"": 0.7, ""step_absolute_target_deg"": null, ""step_absolute_target_rad"": null, ""step_delta_deg"": 40.0, ""step_ramp_sec"": 1.0, ""step_segment_sec"": 1.5, ""step_sequence_deg"": """", ""step_shape"": ""smoothstep"", ""step_start_sec"": 0.0, ""tail_err_full_deg"": 4.0, ""tail_err_thresh_deg"": 1.5, ""tail_kd"": 0.019021274573251003, ""tail_kp"": 0.0, ""tail_max_control_boost"": 0.0, ""tail_u_max"": 0.0, ""torque_to_current"": 210.0, ""zeta0"": 0.885692967, ""zeta_leak"": 0.0237735451, ""zeta_reset_delay_sec"": 0.0, ""zeta_reset_value"": null, ""zeta_soft"": 0.989185316}"
125,1,0.0,1000000.0,0.0,0.0,inf,inf,inf,inf,0.0,1.0,1.0,0.0,0.0,0.0,0.0,0.0,0.0,0.0,0.0,0.0,0.0,0.0,0.0,0.0,0.0,0.0,0.0,0.0,0.0,0.0,0.0,0.0,0.0,0.0,0.0,inf,inf,inf,1.0,1,3.6524563119996856,/tmp/nussbaum_sine_3hz_hard_runs/optuna_t0125_r01.csv,[DBG] t=   1.00s e= -2.21deg u=-0.3317 u_aux=-0.0417 u_rob=-0.0000 u_fric= 0.0145 ta=0.20 cmd=   2.76 slewB=1.00 raw q= 141.33deg | [DBG] t=   2.00s e=  0.19deg u= 0.3317 u_aux=-0.0471 u_rob=-0.0000 u_fric= 0.0145 ta=0.00 cmd=  -6.54 slewB=1.00 raw q= 138.96deg | [ERROR] q guard hit: |q-q_center|=35.68 deg > 35.00,"{""alpha"": 7.1072835468, ""amplitude_deg"": 10.0, ""baudrate"": 1000000.0, ""command_sign"": -1.0, ""control_output_scale"": 1.0, ""current_bias_raw"": 0.2670026141824652, ""current_limit_raw"": 0.0, ""default_mode"": 3.0, ""device"": ""/dev/ttyAMA0"", ""disable_anti_windup"": false, ""disable_freeze_nn_on_saturation"": false, ""disable_freeze_zeta_on_saturation"": false, ""disturb_interval_sec"": 30.0, ""disturb_jitter_sec"": 3.0, ""disturb_mode"": ""mixed"", ""disturb_seed"": -1.0, ""disturbance_placement"": ""mid_move"", ""duration"": 10.0, ""dxl_id"": 6.0, ""enable_disturbance"": false, ""frequency_hz"": 3.0, ""fric_coulomb"": 0.014511419036897448, ""fric_vel_scale"": 0.425107551300602, ""gamma_adapt"": 8.7187500403, ""gamma_link"": 0.90437872722619, ""integral_limit"": 1.6504936083, ""k_delta"": 0.13069925837337193, ""max_abs_e_dot"": 6.0, ""max_control"": 0.3317423906556015, ""max_current_raw"": 81.0, ""max_current_slew"": 93.0042812297431, ""mid_disturbance_offset_sec"": 0.0, ""no_set_current_mode"": false, ""predict_horizon_sec"": 0.0014625609789491814, ""pulse_current_raw_max"": 12.0, ""pulse_current_raw_min"": 4.0, ""pulse_duration_max"": 0.6, ""pulse_duration_min"": 0.15, ""q_abs_guard_deg"": 35.0, ""qd_lpf_alpha"": 0.028008111541959212, ""rate"": 120.0, ""rbf_center_max"": 3.2, ""rbf_center_min"": -3.2, ""rbf_nodes"": 11.0, ""rbf_width"": 1.4631904539, ""ref_jump_deg_max"": 8.0, ""ref_jump_deg_min"": 2.0, ""ref_jump_duration_max"": 0.6, ""ref_jump_duration_min"": 0.15, ""reference_shape"": ""sine"", ""reset_zeta_after_motion"": false, ""reset_zeta_on_segment"": false, ""restore_mode"": false, ""sigma_mod"": 0.2460708825, ""sine_center_mode"": ""lock"", ""soft_start_sec"": 0.7, ""step_absolute_target_deg"": null, ""step_absolute_target_rad"": null, ""step_delta_deg"": 40.0, ""step_ramp_sec"": 1.0, ""step_segment_sec"": 1.5, ""step_sequence_deg"": """", ""step_shape"": ""smoothstep"", ""step_start_sec"": 0.0, ""tail_err_full_deg"": 4.0, ""tail_err_thresh_deg"": 1.5, ""tail_kd"": 0.014322936405633735, ""tail_kp"": 0.0, ""tail_max_control_boost"": 0.0, ""tail_u_max"": 0.0, ""torque_to_current"": 210.0, ""zeta0"": 0.885692967, ""zeta_leak"": 0.0237735451, ""zeta_reset_delay_sec"": 0.0, ""zeta_reset_value"": null, ""zeta_soft"": 0.989185316}"
126,1,1.0,66.35165680791171,1200.0,9.992321,8.151232186888954,9.368967840560776,14.170082770193753,26.823429560070252,0.5487417208237706,0.0,0.0767605808080808,0.9354038546256968,0.9568845749,0.8856929809,0.9568845749,0.07119159399999997,0.007119160792583333,0.03961209126999983,0.2576292883,0.0,0.0,0.0,0.0,0.0,0.0,0.0,0.0,0.0,0.0,0.0,0.0,0.0,0.0,0.0,0.0,8.016083539195929,12.839359613318855,14.216398752068022,0.0,0,11.304378530000122,/tmp/nussbaum_sine_3hz_hard_runs/optuna_t0126_r01.csv,,"{""alpha"": 7.1072835468, ""amplitude_deg"": 10.0, ""baudrate"": 1000000.0, ""command_sign"": -1.0, ""control_output_scale"": 1.0, ""current_bias_raw"": -1.1751923897637697, ""current_limit_raw"": 0.0, ""default_mode"": 3.0, ""device"": ""/dev/ttyAMA0"", ""disable_anti_windup"": false, ""disable_freeze_nn_on_saturation"": false, ""disable_freeze_zeta_on_saturation"": false, ""disturb_interval_sec"": 30.0, ""disturb_jitter_sec"": 3.0, ""disturb_mode"": ""mixed"", ""disturb_seed"": -1.0, ""disturbance_placement"": ""mid_move"", ""duration"": 10.0, ""dxl_id"": 6.0, ""enable_disturbance"": false, ""frequency_hz"": 3.0, ""fric_coulomb"": 0.009784010529183896, ""fric_vel_scale"": 0.5077421086072287, ""gamma_adapt"": 8.7187500403, ""gamma_link"": 0.9948195167536198, ""integral_limit"": 1.6504936083, ""k_delta"": 0.17652843322253517, ""max_abs_e_dot"": 6.0, ""max_control"": 0.19781844919838826, ""max_current_raw"": 66.0, ""max_current_slew"": 111.92815601808442, ""mid_disturbance_offset_sec"": 0.0, ""no_set_current_mode"": false, ""predict_horizon_sec"": 0.003028214968949655, ""pulse_current_raw_max"": 12.0, ""pulse_current_raw_min"": 4.0, ""pulse_duration_max"": 0.6, ""pulse_duration_min"": 0.15, ""q_abs_guard_deg"": 35.0, ""qd_lpf_alpha"": 0.024900666431981234, ""rate"": 120.0, ""rbf_center_max"": 3.2, ""rbf_center_min"": -3.2, ""rbf_nodes"": 11.0, ""rbf_width"": 1.4631904539, ""ref_jump_deg_max"": 8.0, ""ref_jump_deg_min"": 2.0, ""ref_jump_duration_max"": 0.6, ""ref_jump_duration_min"": 0.15, ""reference_shape"": ""sine"", ""reset_zeta_after_motion"": false, ""reset_zeta_on_segment"": false, ""restore_mode"": false, ""sigma_mod"": 0.2460708825, ""sine_center_mode"": ""lock"", ""soft_start_sec"": 0.7, ""step_absolute_target_deg"": null, ""step_absolute_target_rad"": null, ""step_delta_deg"": 40.0, ""step_ramp_sec"": 1.0, ""step_segment_sec"": 1.5, ""step_sequence_deg"": """", ""step_shape"": ""smoothstep"", ""step_start_sec"": 0.0, ""tail_err_full_deg"": 4.0, ""tail_err_thresh_deg"": 1.5, ""tail_kd"": 0.02608093222590853, ""tail_kp"": 0.0, ""tail_max_control_boost"": 0.0, ""tail_u_max"": 0.0, ""torque_to_current"": 210.0, ""zeta0"": 0.885692967, ""zeta_leak"": 0.0237735451, ""zeta_reset_delay_sec"": 0.0, ""zeta_reset_value"": null, ""zeta_soft"": 0.989185316}"
127,1,1.0,1000029.6057738384,1200.0,9.992457,8.231013139312433,9.462674466282841,14.897617735615924,24.90814876925081,0.5429542179600887,0.0,0.08964865277777777,0.9304868279684575,1.0033423148,0.885692967,1.0033423148,0.11764934780000003,0.011764934778166668,0.09650335797499972,0.3778006683,0.0,0.0,0.0,0.0,0.0,0.0,0.0,0.0,0.0,0.0,0.0,0.0,0.0,0.0,0.0,0.0,8.139407082735953,14.296057738383146,14.950951180233115,0.0,0,11.154429993000122,/tmp/nussbaum_sine_3hz_hard_runs/optuna_t0127_r01.csv,,"{""alpha"": 7.1072835468, ""amplitude_deg"": 10.0, ""baudrate"": 1000000.0, ""command_sign"": -1.0, ""control_output_scale"": 1.0, ""current_bias_raw"": -1.1599073134840256, ""current_limit_raw"": 0.0, ""default_mode"": 3.0, ""device"": ""/dev/ttyAMA0"", ""disable_anti_windup"": false, ""disable_freeze_nn_on_saturation"": false, ""disable_freeze_zeta_on_saturation"": false, ""disturb_interval_sec"": 30.0, ""disturb_jitter_sec"": 3.0, ""disturb_mode"": ""mixed"", ""disturb_seed"": -1.0, ""disturbance_placement"": ""mid_move"", ""duration"": 10.0, ""dxl_id"": 6.0, ""enable_disturbance"": false, ""frequency_hz"": 3.0, ""fric_coulomb"": 0.0019072665235322396, ""fric_vel_scale"": 1.6401112682648256, ""gamma_adapt"": 8.7187500403, ""gamma_link"": 0.7213379371103067, ""integral_limit"": 1.6504936083, ""k_delta"": 0.19142057590021277, ""max_abs_e_dot"": 6.0, ""max_control"": 0.29195539870684656, ""max_current_raw"": 60.0, ""max_current_slew"": 121.84171339681845, ""mid_disturbance_offset_sec"": 0.0, ""no_set_current_mode"": false, ""predict_horizon_sec"": 0.0031364436627784303, ""pulse_current_raw_max"": 12.0, ""pulse_current_raw_min"": 4.0, ""pulse_duration_max"": 0.6, ""pulse_duration_min"": 0.15, ""q_abs_guard_deg"": 35.0, ""qd_lpf_alpha"": 0.1007036173094439, ""rate"": 120.0, ""rbf_center_max"": 3.2, ""rbf_center_min"": -3.2, ""rbf_nodes"": 11.0, ""rbf_width"": 1.4631904539, ""ref_jump_deg_max"": 8.0, ""ref_jump_deg_min"": 2.0, ""ref_jump_duration_max"": 0.6, ""ref_jump_duration_min"": 0.15, ""reference_shape"": ""sine"", ""reset_zeta_after_motion"": false, ""reset_zeta_on_segment"": false, ""restore_mode"": false, ""sigma_mod"": 0.2460708825, ""sine_center_mode"": ""lock"", ""soft_start_sec"": 0.7, ""step_absolute_target_deg"": null, ""step_absolute_target_rad"": null, ""step_delta_deg"": 40.0, ""step_ramp_sec"": 1.0, ""step_segment_sec"": 1.5, ""step_sequence_deg"": """", ""step_shape"": ""smoothstep"", ""step_start_sec"": 0.0, ""tail_err_full_deg"": 4.0, ""tail_err_thresh_deg"": 1.5, ""tail_kd"": 0.037135904260217456, ""tail_kp"": 0.0, ""tail_max_control_boost"": 0.0, ""tail_u_max"": 0.0, ""torque_to_current"": 210.0, ""zeta0"": 0.885692967, ""zeta_leak"": 0.0237735451, ""zeta_reset_delay_sec"": 0.0, ""zeta_reset_value"": null, ""zeta_soft"": 0.989185316}"
128,1,1.0,69.89525532867029,1200.0,9.992033000000001,8.305082100232339,9.558357040517116,14.22687245694583,26.36367638794923,0.47708507147314644,0.0,0.09259597953216374,0.9279356132018783,0.9830698418,0.885692967,0.9830698418,0.09737687480000001,0.009737687484083333,0.081940065695,0.3143767195,0.0,0.0,0.0,0.0,0.0,0.0,0.0,0.0,0.0,0.0,0.0,0.0,0.0,0.0,0.0,0.0,8.189870937691447,13.267583027122287,16.013830758903023,0.0,0,11.219427437999911,/tmp/nussbaum_sine_3hz_hard_runs/optuna_t0128_r01.csv,,"{""alpha"": 7.1072835468, ""amplitude_deg"": 10.0, ""baudrate"": 1000000.0, ""command_sign"": -1.0, ""control_output_scale"": 1.0, ""current_bias_raw"": -1.3688964439946816, ""current_limit_raw"": 0.0, ""default_mode"": 3.0, ""device"": ""/dev/ttyAMA0"", ""disable_anti_windup"": false, ""disable_freeze_nn_on_saturation"": false, ""disable_freeze_zeta_on_saturation"": false, ""disturb_interval_sec"": 30.0, ""disturb_jitter_sec"": 3.0, ""disturb_mode"": ""mixed"", ""disturb_seed"": -1.0, ""disturbance_placement"": ""mid_move"", ""duration"": 10.0, ""dxl_id"": 6.0, ""enable_disturbance"": false, ""frequency_hz"": 3.0, ""fric_coulomb"": 0.005850957048813643, ""fric_vel_scale"": 0.5317633697635553, ""gamma_adapt"": 8.7187500403, ""gamma_link"": 1.194109318364418, ""integral_limit"": 1.6504936083, ""k_delta"": 0.15399379346645442, ""max_abs_e_dot"": 6.0, ""max_control"": 0.24370754948127427, ""max_current_raw"": 57.0, ""max_current_slew"": 118.52323283118757, ""mid_disturbance_offset_sec"": 0.0, ""no_set_current_mode"": false, ""predict_horizon_sec"": 0.0022632820285781443, ""pulse_current_raw_max"": 12.0, ""pulse_current_raw_min"": 4.0, ""pulse_duration_max"": 0.6, ""pulse_duration_min"": 0.15, ""q_abs_guard_deg"": 35.0, ""qd_lpf_alpha"": 0.029823641079253817, ""rate"": 120.0, ""rbf_center_max"": 3.2, ""rbf_center_min"": -3.2, ""rbf_nodes"": 11.0, ""rbf_width"": 1.4631904539, ""ref_jump_deg_max"": 8.0, ""ref_jump_deg_min"": 2.0, ""ref_jump_duration_max"": 0.6, ""ref_jump_duration_min"": 0.15, ""reference_shape"": ""sine"", ""reset_zeta_after_motion"": false, ""reset_zeta_on_segment"": false, ""restore_mode"": false, ""sigma_mod"": 0.2460708825, ""sine_center_mode"": ""lock"", ""soft_start_sec"": 0.7, ""step_absolute_target_deg"": null, ""step_absolute_target_rad"": null, ""step_delta_deg"": 40.0, ""step_ramp_sec"": 1.0, ""step_segment_sec"": 1.5, ""step_sequence_deg"": """", ""step_shape"": ""smoothstep"", ""step_start_sec"": 0.0, ""tail_err_full_deg"": 4.0, ""tail_err_thresh_deg"": 1.5, ""tail_kd"": 0.028819697844191333, ""tail_kp"": 0.0, ""tail_max_control_boost"": 0.0, ""tail_u_max"": 0.0, ""torque_to_current"": 210.0, ""zeta0"": 0.885692967, ""zeta_leak"": 0.0237735451, ""zeta_reset_delay_sec"": 0.0, ""zeta_reset_value"": null, ""zeta_soft"": 0.989185316}"
129,1,1.0,1000057.694046066,1200.0,9.99178,7.401497754643701,8.417687712622309,12.422556917684917,21.1359863119511,0.3923059539339687,0.0,0.07481305555555556,0.9331268329133101,0.9651001789,0.885692967,0.9651001789,0.0794072119,0.00794072119,0.03244198253499931,1.1747377737,0.0,0.0,0.0,0.0,0.0,0.0,0.0,0.0,0.0,0.0,0.0,0.0,0.0,0.0,0.0,0.0,7.411673518844103,11.690810674653319,12.274461134207588,0.0,0,11.183753827000146,/tmp/nussbaum_sine_3hz_hard_runs/optuna_t0129_r01.csv,,"{""alpha"": 7.1072835468, ""amplitude_deg"": 10.0, ""baudrate"": 1000000.0, ""command_sign"": -1.0, ""control_output_scale"": 1.0, ""current_bias_raw"": -1.0937201127059875, ""current_limit_raw"": 0.0, ""default_mode"": 3.0, ""device"": ""/dev/ttyAMA0"", ""disable_anti_windup"": false, ""disable_freeze_nn_on_saturation"": false, ""disable_freeze_zeta_on_saturation"": false, ""disturb_interval_sec"": 30.0, ""disturb_jitter_sec"": 3.0, ""disturb_mode"": ""mixed"", ""disturb_seed"": -1.0, ""disturbance_placement"": ""mid_move"", ""duration"": 10.0, ""dxl_id"": 6.0, ""enable_disturbance"": false, ""frequency_hz"": 3.0, ""fric_coulomb"": 0.01904075461341128, ""fric_vel_scale"": 0.5899235947496658, ""gamma_adapt"": 8.7187500403, ""gamma_link"": 1.0182850252904905, ""integral_limit"": 1.6504936083, ""k_delta"": 0.11500887323153612, ""max_abs_e_dot"": 6.0, ""max_control"": 0.18002736759690113, ""max_current_raw"": 51.0, ""max_current_slew"": 82.87561262054226, ""mid_disturbance_offset_sec"": 0.0, ""no_set_current_mode"": false, ""predict_horizon_sec"": 0.0016728281790209288, ""pulse_current_raw_max"": 12.0, ""pulse_current_raw_min"": 4.0, ""pulse_duration_max"": 0.6, ""pulse_duration_min"": 0.15, ""q_abs_guard_deg"": 35.0, ""qd_lpf_alpha"": 0.035033299699651355, ""rate"": 120.0, ""rbf_center_max"": 3.2, ""rbf_center_min"": -3.2, ""rbf_nodes"": 11.0, ""rbf_width"": 1.4631904539, ""ref_jump_deg_max"": 8.0, ""ref_jump_deg_min"": 2.0, ""ref_jump_duration_max"": 0.6, ""ref_jump_duration_min"": 0.15, ""reference_shape"": ""sine"", ""reset_zeta_after_motion"": false, ""reset_zeta_on_segment"": false, ""restore_mode"": false, ""sigma_mod"": 0.2460708825, ""sine_center_mode"": ""lock"", ""soft_start_sec"": 0.7, ""step_absolute_target_deg"": null, ""step_absolute_target_rad"": null, ""step_delta_deg"": 40.0, ""step_ramp_sec"": 1.0, ""step_segment_sec"": 1.5, ""step_sequence_deg"": """", ""step_shape"": ""smoothstep"", ""step_start_sec"": 0.0, ""tail_err_full_deg"": 4.0, ""tail_err_thresh_deg"": 1.5, ""tail_kd"": 0.03124333405227892, ""tail_kp"": 0.0, ""tail_max_control_boost"": 0.0, ""tail_u_max"": 0.0, ""torque_to_current"": 210.0, ""zeta0"": 0.885692967, ""zeta_leak"": 0.0237735451, ""zeta_reset_delay_sec"": 0.0, ""zeta_reset_value"": null, ""zeta_soft"": 0.989185316}"
130,1,1.0,1000075.7174713477,1200.0,9.991757000000002,7.959787462112891,9.051965782101158,13.186909649397647,23.099562798212347,0.37428252865233197,0.0,0.1006324826388889,0.9423634150762785,0.9487804982,0.885692967,0.9487804982,0.06308753119999999,0.006308753123,0.049213021334999926,0.2479792476,0.0,0.0,0.0,0.0,0.0,0.0,0.0,0.0,0.0,0.0,0.0,0.0,0.0,0.0,0.0,0.0,8.075492959241695,12.836569589605887,14.038752849642611,0.0,0,11.085280049000175,/tmp/nussbaum_sine_3hz_hard_runs/optuna_t0130_r01.csv,,"{""alpha"": 7.1072835468, ""amplitude_deg"": 10.0, ""baudrate"": 1000000.0, ""command_sign"": -1.0, ""control_output_scale"": 1.0, ""current_bias_raw"": -0.07217775835502827, ""current_limit_raw"": 0.0, ""default_mode"": 3.0, ""device"": ""/dev/ttyAMA0"", ""disable_anti_windup"": false, ""disable_freeze_nn_on_saturation"": false, ""disable_freeze_zeta_on_saturation"": false, ""disturb_interval_sec"": 30.0, ""disturb_jitter_sec"": 3.0, ""disturb_mode"": ""mixed"", ""disturb_seed"": -1.0, ""disturbance_placement"": ""mid_move"", ""duration"": 10.0, ""dxl_id"": 6.0, ""enable_disturbance"": false, ""frequency_hz"": 3.0, ""fric_coulomb"": 0.019877184400842546, ""fric_vel_scale"": 1.6834075737634444, ""gamma_adapt"": 8.7187500403, ""gamma_link"": 1.1332742921268186, ""integral_limit"": 1.6504936083, ""k_delta"": 0.15107385669341372, ""max_abs_e_dot"": 6.0, ""max_control"": 0.16103832674817872, ""max_current_raw"": 48.0, ""max_current_slew"": 108.5236158863201, ""mid_disturbance_offset_sec"": 0.0, ""no_set_current_mode"": false, ""predict_horizon_sec"": 0.00198806735484846, ""pulse_current_raw_max"": 12.0, ""pulse_current_raw_min"": 4.0, ""pulse_duration_max"": 0.6, ""pulse_duration_min"": 0.15, ""q_abs_guard_deg"": 35.0, ""qd_lpf_alpha"": 0.038516940795122426, ""rate"": 120.0, ""rbf_center_max"": 3.2, ""rbf_center_min"": -3.2, ""rbf_nodes"": 11.0, ""rbf_width"": 1.4631904539, ""ref_jump_deg_max"": 8.0, ""ref_jump_deg_min"": 2.0, ""ref_jump_duration_max"": 0.6, ""ref_jump_duration_min"": 0.15, ""reference_shape"": ""sine"", ""reset_zeta_after_motion"": false, ""reset_zeta_on_segment"": false, ""restore_mode"": false, ""sigma_mod"": 0.2460708825, ""sine_center_mode"": ""lock"", ""soft_start_sec"": 0.7, ""step_absolute_target_deg"": null, ""step_absolute_target_rad"": null, ""step_delta_deg"": 40.0, ""step_ramp_sec"": 1.0, ""step_segment_sec"": 1.5, ""step_sequence_deg"": """", ""step_shape"": ""smoothstep"", ""step_start_sec"": 0.0, ""tail_err_full_deg"": 4.0, ""tail_err_thresh_deg"": 1.5, ""tail_kd"": 0.00938362471644933, ""tail_kp"": 0.0, ""tail_max_control_boost"": 0.0, ""tail_u_max"": 0.0, ""torque_to_current"": 210.0, ""zeta0"": 0.885692967, ""zeta_leak"": 0.0237735451, ""zeta_reset_delay_sec"": 0.0, ""zeta_reset_value"": null, ""zeta_soft"": 0.989185316}"
131,1,1.0,1000129.3471931679,1200.0,9.991745,7.664920398126575,8.699012260571013,12.850848711995841,20.548824640977553,0.3206528068321483,0.0,0.08301875,0.9326315990679962,0.9982902866,0.885692967,0.9982902866,0.11259731959999997,0.011259731955333332,0.10005332620499997,0.2720576456,0.0,0.0,0.0,0.0,0.0,0.0,0.0,0.0,0.0,0.0,0.0,0.0,0.0,0.0,0.0,0.0,7.69324958913079,12.753449966283105,13.87875144034926,0.0,0,11.115443993000099,/tmp/nussbaum_sine_3hz_hard_runs/optuna_t0131_r01.csv,,"{""alpha"": 7.1072835468, ""amplitude_deg"": 10.0, ""baudrate"": 1000000.0, ""command_sign"": -1.0, ""control_output_scale"": 1.0, ""current_bias_raw"": 0.7792951183891519, ""current_limit_raw"": 0.0, ""default_mode"": 3.0, ""device"": ""/dev/ttyAMA0"", ""disable_anti_windup"": false, ""disable_freeze_nn_on_saturation"": false, ""disable_freeze_zeta_on_saturation"": false, ""disturb_interval_sec"": 30.0, ""disturb_jitter_sec"": 3.0, ""disturb_mode"": ""mixed"", ""disturb_seed"": -1.0, ""disturbance_placement"": ""mid_move"", ""duration"": 10.0, ""dxl_id"": 6.0, ""enable_disturbance"": false, ""frequency_hz"": 3.0, ""fric_coulomb"": 0.012304539868014117, ""fric_vel_scale"": 0.8551859540311999, ""gamma_adapt"": 8.7187500403, ""gamma_link"": 0.804186404296971, ""integral_limit"": 1.6504936083, ""k_delta"": 0.14990124879899272, ""max_abs_e_dot"": 6.0, ""max_control"": 0.23212068095484223, ""max_current_raw"": 52.0, ""max_current_slew"": 94.98824732340046, ""mid_disturbance_offset_sec"": 0.0, ""no_set_current_mode"": false, ""predict_horizon_sec"": 0.003221538152523348, ""pulse_current_raw_max"": 12.0, ""pulse_current_raw_min"": 4.0, ""pulse_duration_max"": 0.6, ""pulse_duration_min"": 0.15, ""q_abs_guard_deg"": 35.0, ""qd_lpf_alpha"": 0.06697824508759835, ""rate"": 120.0, ""rbf_center_max"": 3.2, ""rbf_center_min"": -3.2, ""rbf_nodes"": 11.0, ""rbf_width"": 1.4631904539, ""ref_jump_deg_max"": 8.0, ""ref_jump_deg_min"": 2.0, ""ref_jump_duration_max"": 0.6, ""ref_jump_duration_min"": 0.15, ""reference_shape"": ""sine"", ""reset_zeta_after_motion"": false, ""reset_zeta_on_segment"": false, ""restore_mode"": false, ""sigma_mod"": 0.2460708825, ""sine_center_mode"": ""lock"", ""soft_start_sec"": 0.7, ""step_absolute_target_deg"": null, ""step_absolute_target_rad"": null, ""step_delta_deg"": 40.0, ""step_ramp_sec"": 1.0, ""step_segment_sec"": 1.5, ""step_sequence_deg"": """", ""step_shape"": ""smoothstep"", ""step_start_sec"": 0.0, ""tail_err_full_deg"": 4.0, ""tail_err_thresh_deg"": 1.5, ""tail_kd"": 0.013057760979175229, ""tail_kp"": 0.0, ""tail_max_control_boost"": 0.0, ""tail_u_max"": 0.0, ""torque_to_current"": 210.0, ""zeta0"": 0.885692967, ""zeta_leak"": 0.0237735451, ""zeta_reset_delay_sec"": 0.0, ""zeta_reset_value"": null, ""zeta_soft"": 0.989185316}"
132,1,1.0,1000089.2887037377,1200.0,9.991750000000001,7.7543377598392755,8.856178025876043,13.253769589931306,22.852565597250177,0.36071129626233545,0.0,0.06487642512077295,0.9253835229619726,1.0287916051,0.885692967,1.0287866122,0.1430936452,0.014309364517166667,0.12447202274499998,0.4083633728,0.0,0.0,0.0,0.0,0.0,0.0,0.0,0.0,0.0,0.0,0.0,0.0,0.0,0.0,0.0,0.0,7.694344323369369,13.01404083157703,14.178897329385048,0.0,0,11.109188179000284,/tmp/nussbaum_sine_3hz_hard_runs/optuna_t0132_r01.csv,,"{""alpha"": 7.1072835468, ""amplitude_deg"": 10.0, ""baudrate"": 1000000.0, ""command_sign"": -1.0, ""control_output_scale"": 1.0, ""current_bias_raw"": -1.0479525584888698, ""current_limit_raw"": 0.0, ""default_mode"": 3.0, ""device"": ""/dev/ttyAMA0"", ""disable_anti_windup"": false, ""disable_freeze_nn_on_saturation"": false, ""disable_freeze_zeta_on_saturation"": false, ""disturb_interval_sec"": 30.0, ""disturb_jitter_sec"": 3.0, ""disturb_mode"": ""mixed"", ""disturb_seed"": -1.0, ""disturbance_placement"": ""mid_move"", ""duration"": 10.0, ""dxl_id"": 6.0, ""enable_disturbance"": false, ""frequency_hz"": 3.0, ""fric_coulomb"": 0.01279935033655866, ""fric_vel_scale"": 1.3547622018030105, ""gamma_adapt"": 8.7187500403, ""gamma_link"": 1.0973955785825504, ""integral_limit"": 1.6504936083, ""k_delta"": 0.19577071452366404, ""max_abs_e_dot"": 6.0, ""max_control"": 0.29524598470650615, ""max_current_raw"": 69.0, ""max_current_slew"": 98.15583310341134, ""mid_disturbance_offset_sec"": 0.0, ""no_set_current_mode"": false, ""predict_horizon_sec"": 0.002073911350343545, ""pulse_current_raw_max"": 12.0, ""pulse_current_raw_min"": 4.0, ""pulse_duration_max"": 0.6, ""pulse_duration_min"": 0.15, ""q_abs_guard_deg"": 35.0, ""qd_lpf_alpha"": 0.05037830471789731, ""rate"": 120.0, ""rbf_center_max"": 3.2, ""rbf_center_min"": -3.2, ""rbf_nodes"": 11.0, ""rbf_width"": 1.4631904539, ""ref_jump_deg_max"": 8.0, ""ref_jump_deg_min"": 2.0, ""ref_jump_duration_max"": 0.6, ""ref_jump_duration_min"": 0.15, ""reference_shape"": ""sine"", ""reset_zeta_after_motion"": false, ""reset_zeta_on_segment"": false, ""restore_mode"": false, ""sigma_mod"": 0.2460708825, ""sine_center_mode"": ""lock"", ""soft_start_sec"": 0.7, ""step_absolute_target_deg"": null, ""step_absolute_target_rad"": null, ""step_delta_deg"": 40.0, ""step_ramp_sec"": 1.0, ""step_segment_sec"": 1.5, ""step_sequence_deg"": """", ""step_shape"": ""smoothstep"", ""step_start_sec"": 0.0, ""tail_err_full_deg"": 4.0, ""tail_err_thresh_deg"": 1.5, ""tail_kd"": 0.017492685303948576, ""tail_kp"": 0.0, ""tail_max_control_boost"": 0.0, ""tail_u_max"": 0.0, ""torque_to_current"": 210.0, ""zeta0"": 0.885692967, ""zeta_leak"": 0.0237735451, ""zeta_reset_delay_sec"": 0.0, ""zeta_reset_value"": null, ""zeta_soft"": 0.989185316}"
133,1,1.0,1000049.0170596625,1200.0,9.993353,7.071421814282657,8.094194652777702,12.593252955501034,19.595358956437817,0.4009829403375325,0.0,0.05157008838383838,0.9396618056004823,0.931231462,0.885692967,0.931231462,0.04553849499999996,0.004553849500333333,0.009102285829999975,0.2522055823,0.0,0.0,0.0,0.0,0.0,0.0,0.0,0.0,0.0,0.0,0.0,0.0,0.0,0.0,0.0,0.0,6.912142925877687,13.052360055542124,13.414539132514388,0.0,0,11.151378251999631,/tmp/nussbaum_sine_3hz_hard_runs/optuna_t0133_r01.csv,,"{""alpha"": 7.1072835468, ""amplitude_deg"": 10.0, ""baudrate"": 1000000.0, ""command_sign"": -1.0, ""control_output_scale"": 1.0, ""current_bias_raw"": -0.7648780783684438, ""current_limit_raw"": 0.0, ""default_mode"": 3.0, ""device"": ""/dev/ttyAMA0"", ""disable_anti_windup"": false, ""disable_freeze_nn_on_saturation"": false, ""disable_freeze_zeta_on_saturation"": false, ""disturb_interval_sec"": 30.0, ""disturb_jitter_sec"": 3.0, ""disturb_mode"": ""mixed"", ""disturb_seed"": -1.0, ""disturbance_placement"": ""mid_move"", ""duration"": 10.0, ""dxl_id"": 6.0, ""enable_disturbance"": false, ""frequency_hz"": 3.0, ""fric_coulomb"": 0.011933841246753936, ""fric_vel_scale"": 0.8038136003271775, ""gamma_adapt"": 8.7187500403, ""gamma_link"": 1.1538136885625954, ""integral_limit"": 1.6504936083, ""k_delta"": 0.19167629705550768, ""max_abs_e_dot"": 6.0, ""max_control"": 0.16171381401406834, ""max_current_raw"": 66.0, ""max_current_slew"": 70.98056006833228, ""mid_disturbance_offset_sec"": 0.0, ""no_set_current_mode"": false, ""predict_horizon_sec"": 0.002770589137922322, ""pulse_current_raw_max"": 12.0, ""pulse_current_raw_min"": 4.0, ""pulse_duration_max"": 0.6, ""pulse_duration_min"": 0.15, ""q_abs_guard_deg"": 35.0, ""qd_lpf_alpha"": 0.03962147186961401, ""rate"": 120.0, ""rbf_center_max"": 3.2, ""rbf_center_min"": -3.2, ""rbf_nodes"": 11.0, ""rbf_width"": 1.4631904539, ""ref_jump_deg_max"": 8.0, ""ref_jump_deg_min"": 2.0, ""ref_jump_duration_max"": 0.6, ""ref_jump_duration_min"": 0.15, ""reference_shape"": ""sine"", ""reset_zeta_after_motion"": false, ""reset_zeta_on_segment"": false, ""restore_mode"": false, ""sigma_mod"": 0.2460708825, ""sine_center_mode"": ""lock"", ""soft_start_sec"": 0.7, ""step_absolute_target_deg"": null, ""step_absolute_target_rad"": null, ""step_delta_deg"": 40.0, ""step_ramp_sec"": 1.0, ""step_segment_sec"": 1.5, ""step_sequence_deg"": """", ""step_shape"": ""smoothstep"", ""step_start_sec"": 0.0, ""tail_err_full_deg"": 4.0, ""tail_err_thresh_deg"": 1.5, ""tail_kd"": 0.03983568153178559, ""tail_kp"": 0.0, ""tail_max_control_boost"": 0.0, ""tail_u_max"": 0.0, ""torque_to_current"": 210.0, ""zeta0"": 0.885692967, ""zeta_leak"": 0.0237735451, ""zeta_reset_delay_sec"": 0.0, ""zeta_reset_value"": null, ""zeta_soft"": 0.989185316}"
134,1,1.0,1000017.6393006324,1198.0,9.993058000000001,7.1297498259991885,8.148770440691532,11.932276358860717,21.05868986496504,0.4323606993675653,0.0,0.06246775237640966,0.9345511978343762,0.9686092446,0.885692967,0.9686092446,0.08291627759999998,0.008305470208263775,0.09850318758499982,0.2096577381,0.0,0.0,0.0,0.0,0.0,0.0,0.0,0.0,0.0,0.0,0.0,0.0,0.0,0.0,0.0,0.0,7.059578965564234,11.568314146702674,12.024896108294978,0.0,0,11.178644308000003,/tmp/nussbaum_sine_3hz_hard_runs/optuna_t0134_r01.csv,,"{""alpha"": 7.1072835468, ""amplitude_deg"": 10.0, ""baudrate"": 1000000.0, ""command_sign"": -1.0, ""control_output_scale"": 1.0, ""current_bias_raw"": -1.2899950824330861, ""current_limit_raw"": 0.0, ""default_mode"": 3.0, ""device"": ""/dev/ttyAMA0"", ""disable_anti_windup"": false, ""disable_freeze_nn_on_saturation"": false, ""disable_freeze_zeta_on_saturation"": false, ""disturb_interval_sec"": 30.0, ""disturb_jitter_sec"": 3.0, ""disturb_mode"": ""mixed"", ""disturb_seed"": -1.0, ""disturbance_placement"": ""mid_move"", ""duration"": 10.0, ""dxl_id"": 6.0, ""enable_disturbance"": false, ""frequency_hz"": 3.0, ""fric_coulomb"": 0.003460593750703588, ""fric_vel_scale"": 0.7389526478542617, ""gamma_adapt"": 8.7187500403, ""gamma_link"": 0.9731426553465118, ""integral_limit"": 1.6504936083, ""k_delta"": 0.12008747866090333, ""max_abs_e_dot"": 6.0, ""max_control"": 0.19481424958425816, ""max_current_raw"": 49.0, ""max_current_slew"": 64.28234998620057, ""mid_disturbance_offset_sec"": 0.0, ""no_set_current_mode"": false, ""predict_horizon_sec"": 0.0031257151001914804, ""pulse_current_raw_max"": 12.0, ""pulse_current_raw_min"": 4.0, ""pulse_duration_max"": 0.6, ""pulse_duration_min"": 0.15, ""q_abs_guard_deg"": 35.0, ""qd_lpf_alpha"": 0.06950594357990884, ""rate"": 120.0, ""rbf_center_max"": 3.2, ""rbf_center_min"": -3.2, ""rbf_nodes"": 11.0, ""rbf_width"": 1.4631904539, ""ref_jump_deg_max"": 8.0, ""ref_jump_deg_min"": 2.0, ""ref_jump_duration_max"": 0.6, ""ref_jump_duration_min"": 0.15, ""reference_shape"": ""sine"", ""reset_zeta_after_motion"": false, ""reset_zeta_on_segment"": false, ""restore_mode"": false, ""sigma_mod"": 0.2460708825, ""sine_center_mode"": ""lock"", ""soft_start_sec"": 0.7, ""step_absolute_target_deg"": null, ""step_absolute_target_rad"": null, ""step_delta_deg"": 40.0, ""step_ramp_sec"": 1.0, ""step_segment_sec"": 1.5, ""step_sequence_deg"": """", ""step_shape"": ""smoothstep"", ""step_start_sec"": 0.0, ""tail_err_full_deg"": 4.0, ""tail_err_thresh_deg"": 1.5, ""tail_kd"": 0.02974481227815576, ""tail_kp"": 0.0, ""tail_max_control_boost"": 0.0, ""tail_u_max"": 0.0, ""torque_to_current"": 210.0, ""zeta0"": 0.885692967, ""zeta_leak"": 0.0237735451, ""zeta_reset_delay_sec"": 0.0, ""zeta_reset_value"": null, ""zeta_soft"": 0.989185316}"
135,1,1.0,62.76563296667096,1200.0,9.997274,7.3187030705500185,8.421489561682968,13.136794170670607,20.863435582937395,0.5309345874594149,0.0,0.054005512820512816,0.9369384262784392,0.9650342913,0.885692967,0.9650342913,0.07934132429999996,0.007934132429,0.07460077438999993,0.2884058289,0.0,0.0,0.0,0.0,0.0,0.0,0.0,0.0,0.0,0.0,0.0,0.0,0.0,0.0,0.0,0.0,6.962926191689599,13.045880723068278,13.432180050389809,0.0,0,11.1083592519999,/tmp/nussbaum_sine_3hz_hard_runs/optuna_t0135_r01.csv,,"{""alpha"": 7.1072835468, ""amplitude_deg"": 10.0, ""baudrate"": 1000000.0, ""command_sign"": -1.0, ""control_output_scale"": 1.0, ""current_bias_raw"": -1.280105469682714, ""current_limit_raw"": 0.0, ""default_mode"": 3.0, ""device"": ""/dev/ttyAMA0"", ""disable_anti_windup"": false, ""disable_freeze_nn_on_saturation"": false, ""disable_freeze_zeta_on_saturation"": false, ""disturb_interval_sec"": 30.0, ""disturb_jitter_sec"": 3.0, ""disturb_mode"": ""mixed"", ""disturb_seed"": -1.0, ""disturbance_placement"": ""mid_move"", ""duration"": 10.0, ""dxl_id"": 6.0, ""enable_disturbance"": false, ""frequency_hz"": 3.0, ""fric_coulomb"": 0.00782788721195694, ""fric_vel_scale"": 1.5957327955191472, ""gamma_adapt"": 8.7187500403, ""gamma_link"": 0.9251796429837331, ""integral_limit"": 1.6504936083, ""k_delta"": 0.19034228424458968, ""max_abs_e_dot"": 6.0, ""max_control"": 0.19362700857827767, ""max_current_raw"": 65.0, ""max_current_slew"": 72.25634247593146, ""mid_disturbance_offset_sec"": 0.0, ""no_set_current_mode"": false, ""predict_horizon_sec"": 0.0030331425821051093, ""pulse_current_raw_max"": 12.0, ""pulse_current_raw_min"": 4.0, ""pulse_duration_max"": 0.6, ""pulse_duration_min"": 0.15, ""q_abs_guard_deg"": 35.0, ""qd_lpf_alpha"": 0.028715190609103054, ""rate"": 120.0, ""rbf_center_max"": 3.2, ""rbf_center_min"": -3.2, ""rbf_nodes"": 11.0, ""rbf_width"": 1.4631904539, ""ref_jump_deg_max"": 8.0, ""ref_jump_deg_min"": 2.0, ""ref_jump_duration_max"": 0.6, ""ref_jump_duration_min"": 0.15, ""reference_shape"": ""sine"", ""reset_zeta_after_motion"": false, ""reset_zeta_on_segment"": false, ""restore_mode"": false, ""sigma_mod"": 0.2460708825, ""sine_center_mode"": ""lock"", ""soft_start_sec"": 0.7, ""step_absolute_target_deg"": null, ""step_absolute_target_rad"": null, ""step_delta_deg"": 40.0, ""step_ramp_sec"": 1.0, ""step_segment_sec"": 1.5, ""step_sequence_deg"": """", ""step_shape"": ""smoothstep"", ""step_start_sec"": 0.0, ""tail_err_full_deg"": 4.0, ""tail_err_thresh_deg"": 1.5, ""tail_kd"": 0.01598216455223287, ""tail_kp"": 0.0, ""tail_max_control_boost"": 0.0, ""tail_u_max"": 0.0, ""torque_to_current"": 210.0, ""zeta0"": 0.885692967, ""zeta_leak"": 0.0237735451, ""zeta_reset_delay_sec"": 0.0, ""zeta_reset_value"": null, ""zeta_soft"": 0.989185316}"
136,1,1.0,65.53007888353709,1200.0,9.991781,7.4291166450306685,8.49797760509392,12.75490352755076,21.75141884353368,0.4501632650781797,0.0,0.06998155660377357,0.9330976381381574,0.987123877,0.8856929753,0.987123877,0.10143090170000002,0.01014309099575,0.10082916918999978,0.3096049665,0.0,0.0,0.0,0.0,0.0,0.0,0.0,0.0,0.0,0.0,0.0,0.0,0.0,0.0,0.0,0.0,7.388865882365589,12.405257892893177,14.524744452104308,0.0,0,11.08679062300007,/tmp/nussbaum_sine_3hz_hard_runs/optuna_t0136_r01.csv,,"{""alpha"": 7.1072835468, ""amplitude_deg"": 10.0, ""baudrate"": 1000000.0, ""command_sign"": -1.0, ""control_output_scale"": 1.0, ""current_bias_raw"": -0.9378291702412782, ""current_limit_raw"": 0.0, ""default_mode"": 3.0, ""device"": ""/dev/ttyAMA0"", ""disable_anti_windup"": false, ""disable_freeze_nn_on_saturation"": false, ""disable_freeze_zeta_on_saturation"": false, ""disturb_interval_sec"": 30.0, ""disturb_jitter_sec"": 3.0, ""disturb_mode"": ""mixed"", ""disturb_seed"": -1.0, ""disturbance_placement"": ""mid_move"", ""duration"": 10.0, ""dxl_id"": 6.0, ""enable_disturbance"": false, ""frequency_hz"": 3.0, ""fric_coulomb"": 0.009554747530054482, ""fric_vel_scale"": 1.4333556585684575, ""gamma_adapt"": 8.7187500403, ""gamma_link"": 0.7326536089266428, ""integral_limit"": 1.6504936083, ""k_delta"": 0.19543319473761306, ""max_abs_e_dot"": 6.0, ""max_control"": 0.22859448958572043, ""max_current_raw"": 53.0, ""max_current_slew"": 80.65471836325278, ""mid_disturbance_offset_sec"": 0.0, ""no_set_current_mode"": false, ""predict_horizon_sec"": 0.003400487193612433, ""pulse_current_raw_max"": 12.0, ""pulse_current_raw_min"": 4.0, ""pulse_duration_max"": 0.6, ""pulse_duration_min"": 0.15, ""q_abs_guard_deg"": 35.0, ""qd_lpf_alpha"": 0.04230532334734323, ""rate"": 120.0, ""rbf_center_max"": 3.2, ""rbf_center_min"": -3.2, ""rbf_nodes"": 11.0, ""rbf_width"": 1.4631904539, ""ref_jump_deg_max"": 8.0, ""ref_jump_deg_min"": 2.0, ""ref_jump_duration_max"": 0.6, ""ref_jump_duration_min"": 0.15, ""reference_shape"": ""sine"", ""reset_zeta_after_motion"": false, ""reset_zeta_on_segment"": false, ""restore_mode"": false, ""sigma_mod"": 0.2460708825, ""sine_center_mode"": ""lock"", ""soft_start_sec"": 0.7, ""step_absolute_target_deg"": null, ""step_absolute_target_rad"": null, ""step_delta_deg"": 40.0, ""step_ramp_sec"": 1.0, ""step_segment_sec"": 1.5, ""step_sequence_deg"": """", ""step_shape"": ""smoothstep"", ""step_start_sec"": 0.0, ""tail_err_full_deg"": 4.0, ""tail_err_thresh_deg"": 1.5, ""tail_kd"": 0.009289329276471789, ""tail_kp"": 0.0, ""tail_max_control_boost"": 0.0, ""tail_u_max"": 0.0, ""torque_to_current"": 210.0, ""zeta0"": 0.885692967, ""zeta_leak"": 0.0237735451, ""zeta_reset_delay_sec"": 0.0, ""zeta_reset_value"": null, ""zeta_soft"": 0.989185316}"
137,1,1.0,1000014.688116361,1200.0,9.991748,8.585738437930193,9.966512655542822,15.886442025662031,29.468811636102174,0.6728997728473397,0.0,0.11440125,0.934870983646971,0.958179423,0.885692967,0.958179423,0.07248645600000003,0.0072486456013333336,0.02112671291499977,0.2433779577,0.0,0.0,0.0,0.0,0.0,0.0,0.0,0.0,0.0,0.0,0.0,0.0,0.0,0.0,0.0,0.0,8.19842238914693,13.84730575757205,14.290807715220163,0.0,0,11.174595382000007,/tmp/nussbaum_sine_3hz_hard_runs/optuna_t0137_r01.csv,,"{""alpha"": 7.1072835468, ""amplitude_deg"": 10.0, ""baudrate"": 1000000.0, ""command_sign"": -1.0, ""control_output_scale"": 1.0, ""current_bias_raw"": -1.387973336384005, ""current_limit_raw"": 0.0, ""default_mode"": 3.0, ""device"": ""/dev/ttyAMA0"", ""disable_anti_windup"": false, ""disable_freeze_nn_on_saturation"": false, ""disable_freeze_zeta_on_saturation"": false, ""disturb_interval_sec"": 30.0, ""disturb_jitter_sec"": 3.0, ""disturb_mode"": ""mixed"", ""disturb_seed"": -1.0, ""disturbance_placement"": ""mid_move"", ""duration"": 10.0, ""dxl_id"": 6.0, ""enable_disturbance"": false, ""frequency_hz"": 3.0, ""fric_coulomb"": 0.0073220345596369234, ""fric_vel_scale"": 0.8414660745975916, ""gamma_adapt"": 8.7187500403, ""gamma_link"": 0.8083930285195275, ""integral_limit"": 1.6504936083, ""k_delta"": 0.16051259635061127, ""max_abs_e_dot"": 6.0, ""max_control"": 0.20991592952593952, ""max_current_raw"": 52.0, ""max_current_slew"": 132.30410922204257, ""mid_disturbance_offset_sec"": 0.0, ""no_set_current_mode"": false, ""predict_horizon_sec"": 0.0018511466966545896, ""pulse_current_raw_max"": 12.0, ""pulse_current_raw_min"": 4.0, ""pulse_duration_max"": 0.6, ""pulse_duration_min"": 0.15, ""q_abs_guard_deg"": 35.0, ""qd_lpf_alpha"": 0.0272394496661666, ""rate"": 120.0, ""rbf_center_max"": 3.2, ""rbf_center_min"": -3.2, ""rbf_nodes"": 11.0, ""rbf_width"": 1.4631904539, ""ref_jump_deg_max"": 8.0, ""ref_jump_deg_min"": 2.0, ""ref_jump_duration_max"": 0.6, ""ref_jump_duration_min"": 0.15, ""reference_shape"": ""sine"", ""reset_zeta_after_motion"": false, ""reset_zeta_on_segment"": false, ""restore_mode"": false, ""sigma_mod"": 0.2460708825, ""sine_center_mode"": ""lock"", ""soft_start_sec"": 0.7, ""step_absolute_target_deg"": null, ""step_absolute_target_rad"": null, ""step_delta_deg"": 40.0, ""step_ramp_sec"": 1.0, ""step_segment_sec"": 1.5, ""step_sequence_deg"": """", ""step_shape"": ""smoothstep"", ""step_start_sec"": 0.0, ""tail_err_full_deg"": 4.0, ""tail_err_thresh_deg"": 1.5, ""tail_kd"": 0.04102884040023381, ""tail_kp"": 0.0, ""tail_max_control_boost"": 0.0, ""tail_u_max"": 0.0, ""torque_to_current"": 210.0, ""zeta0"": 0.885692967, ""zeta_leak"": 0.0237735451, ""zeta_reset_delay_sec"": 0.0, ""zeta_reset_value"": null, ""zeta_soft"": 0.989185316}"
138,1,1.0,63.945364878422104,1200.0,9.991755000000001,7.849659574883568,9.119280698666435,14.542859685355497,25.792063955017156,0.6112666274684663,0.0,0.06124248903508773,0.9391250731374791,0.9585525214,0.885692967,0.9585525214,0.07285955440000003,0.007285955439083333,0.030820012144999995,0.2804415298,0.0,0.0,0.0,0.0,0.0,0.0,0.0,0.0,0.0,0.0,0.0,0.0,0.0,0.0,0.0,0.0,7.638707477904734,13.138990275786945,14.376976075618726,0.0,0,11.133673585999986,/tmp/nussbaum_sine_3hz_hard_runs/optuna_t0138_r01.csv,,"{""alpha"": 7.1072835468, ""amplitude_deg"": 10.0, ""baudrate"": 1000000.0, ""command_sign"": -1.0, ""control_output_scale"": 1.0, ""current_bias_raw"": -1.4208594093684956, ""current_limit_raw"": 0.0, ""default_mode"": 3.0, ""device"": ""/dev/ttyAMA0"", ""disable_anti_windup"": false, ""disable_freeze_nn_on_saturation"": false, ""disable_freeze_zeta_on_saturation"": false, ""disturb_interval_sec"": 30.0, ""disturb_jitter_sec"": 3.0, ""disturb_mode"": ""mixed"", ""disturb_seed"": -1.0, ""disturbance_placement"": ""mid_move"", ""duration"": 10.0, ""dxl_id"": 6.0, ""enable_disturbance"": false, ""frequency_hz"": 3.0, ""fric_coulomb"": 0.004202724005431164, ""fric_vel_scale"": 1.587602444817153, ""gamma_adapt"": 8.7187500403, ""gamma_link"": 0.8947521207858625, ""integral_limit"": 1.6504936083, ""k_delta"": 0.17799525413438153, ""max_abs_e_dot"": 6.0, ""max_control"": 0.19865060738474155, ""max_current_raw"": 76.0, ""max_current_slew"": 99.60512203682153, ""mid_disturbance_offset_sec"": 0.0, ""no_set_current_mode"": false, ""predict_horizon_sec"": 0.0026936144686896825, ""pulse_current_raw_max"": 12.0, ""pulse_current_raw_min"": 4.0, ""pulse_duration_max"": 0.6, ""pulse_duration_min"": 0.15, ""q_abs_guard_deg"": 35.0, ""qd_lpf_alpha"": 0.02548504693351509, ""rate"": 120.0, ""rbf_center_max"": 3.2, ""rbf_center_min"": -3.2, ""rbf_nodes"": 11.0, ""rbf_width"": 1.4631904539, ""ref_jump_deg_max"": 8.0, ""ref_jump_deg_min"": 2.0, ""ref_jump_duration_max"": 0.6, ""ref_jump_duration_min"": 0.15, ""reference_shape"": ""sine"", ""reset_zeta_after_motion"": false, ""reset_zeta_on_segment"": false, ""restore_mode"": false, ""sigma_mod"": 0.2460708825, ""sine_center_mode"": ""lock"", ""soft_start_sec"": 0.7, ""step_absolute_target_deg"": null, ""step_absolute_target_rad"": null, ""step_delta_deg"": 40.0, ""step_ramp_sec"": 1.0, ""step_segment_sec"": 1.5, ""step_sequence_deg"": """", ""step_shape"": ""smoothstep"", ""step_start_sec"": 0.0, ""tail_err_full_deg"": 4.0, ""tail_err_thresh_deg"": 1.5, ""tail_kd"": 0.023217472068894657, ""tail_kp"": 0.0, ""tail_max_control_boost"": 0.0, ""tail_u_max"": 0.0, ""torque_to_current"": 210.0, ""zeta0"": 0.885692967, ""zeta_leak"": 0.0237735451, ""zeta_reset_delay_sec"": 0.0, ""zeta_reset_value"": null, ""zeta_soft"": 0.989185316}"
139,1,1.0,65.06285548696142,1200.0,9.991767,8.362605193841722,9.65114634082443,15.060679975978195,27.985049568262603,0.6335166843327233,0.0,0.07299234444444444,0.9359845732272382,0.9598217861,0.8856929792,0.9598217861,0.07412880690000001,0.0074128819152499996,0.04999993462499993,0.2467645984,0.0,0.0,0.0,0.0,0.0,0.0,0.0,0.0,0.0,0.0,0.0,0.0,0.0,0.0,0.0,0.0,8.108365337050506,12.967234211332368,14.439402743753403,0.0,0,11.142477529999724,/tmp/nussbaum_sine_3hz_hard_runs/optuna_t0139_r01.csv,,"{""alpha"": 7.1072835468, ""amplitude_deg"": 10.0, ""baudrate"": 1000000.0, ""command_sign"": -1.0, ""control_output_scale"": 1.0, ""current_bias_raw"": -1.4586349265891143, ""current_limit_raw"": 0.0, ""default_mode"": 3.0, ""device"": ""/dev/ttyAMA0"", ""disable_anti_windup"": false, ""disable_freeze_nn_on_saturation"": false, ""disable_freeze_zeta_on_saturation"": false, ""disturb_interval_sec"": 30.0, ""disturb_jitter_sec"": 3.0, ""disturb_mode"": ""mixed"", ""disturb_seed"": -1.0, ""disturbance_placement"": ""mid_move"", ""duration"": 10.0, ""dxl_id"": 6.0, ""enable_disturbance"": false, ""frequency_hz"": 3.0, ""fric_coulomb"": 0.004448731692455738, ""fric_vel_scale"": 1.23490556837195, ""gamma_adapt"": 8.7187500403, ""gamma_link"": 0.9715920056211496, ""integral_limit"": 1.6504936083, ""k_delta"": 0.16294774735927633, ""max_abs_e_dot"": 6.0, ""max_control"": 0.19028831800095194, ""max_current_raw"": 75.0, ""max_current_slew"": 120.4965989405031, ""mid_disturbance_offset_sec"": 0.0, ""no_set_current_mode"": false, ""predict_horizon_sec"": 0.0014650849039695927, ""pulse_current_raw_max"": 12.0, ""pulse_current_raw_min"": 4.0, ""pulse_duration_max"": 0.6, ""pulse_duration_min"": 0.15, ""q_abs_guard_deg"": 35.0, ""qd_lpf_alpha"": 0.021747294698536646, ""rate"": 120.0, ""rbf_center_max"": 3.2, ""rbf_center_min"": -3.2, ""rbf_nodes"": 11.0, ""rbf_width"": 1.4631904539, ""ref_jump_deg_max"": 8.0, ""ref_jump_deg_min"": 2.0, ""ref_jump_duration_max"": 0.6, ""ref_jump_duration_min"": 0.15, ""reference_shape"": ""sine"", ""reset_zeta_after_motion"": false, ""reset_zeta_on_segment"": false, ""restore_mode"": false, ""sigma_mod"": 0.2460708825, ""sine_center_mode"": ""lock"", ""soft_start_sec"": 0.7, ""step_absolute_target_deg"": null, ""step_absolute_target_rad"": null, ""step_delta_deg"": 40.0, ""step_ramp_sec"": 1.0, ""step_segment_sec"": 1.5, ""step_sequence_deg"": """", ""step_shape"": ""smoothstep"", ""step_start_sec"": 0.0, ""tail_err_full_deg"": 4.0, ""tail_err_thresh_deg"": 1.5, ""tail_kd"": 0.024136469074726247, ""tail_kp"": 0.0, ""tail_max_control_boost"": 0.0, ""tail_u_max"": 0.0, ""torque_to_current"": 210.0, ""zeta0"": 0.885692967, ""zeta_leak"": 0.0237735451, ""zeta_reset_delay_sec"": 0.0, ""zeta_reset_value"": null, ""zeta_soft"": 0.989185316}"
140,1,1.0,1000022.3641613163,1200.0,9.992508,9.086081962259762,10.490504084826528,15.809010160674054,30.236416131625948,0.5965813620511882,0.0,0.1289630601092896,0.9327832596863702,0.9929450224,0.8856929809,0.9929450224,0.1072520415,0.010725205537916666,0.09500207545499953,0.2872574065,0.0,0.0,0.0,0.0,0.0,0.0,0.0,0.0,0.0,0.0,0.0,0.0,0.0,0.0,0.0,0.0,9.044484818053087,14.768824034803806,16.03985459936069,0.0,0,11.129741160000322,/tmp/nussbaum_sine_3hz_hard_runs/optuna_t0140_r01.csv,,"{""alpha"": 7.1072835468, ""amplitude_deg"": 10.0, ""baudrate"": 1000000.0, ""command_sign"": -1.0, ""control_output_scale"": 1.0, ""current_bias_raw"": -0.6618297717408355, ""current_limit_raw"": 0.0, ""default_mode"": 3.0, ""device"": ""/dev/ttyAMA0"", ""disable_anti_windup"": false, ""disable_freeze_nn_on_saturation"": false, ""disable_freeze_zeta_on_saturation"": false, ""disturb_interval_sec"": 30.0, ""disturb_jitter_sec"": 3.0, ""disturb_mode"": ""mixed"", ""disturb_seed"": -1.0, ""disturbance_placement"": ""mid_move"", ""duration"": 10.0, ""dxl_id"": 6.0, ""enable_disturbance"": false, ""frequency_hz"": 3.0, ""fric_coulomb"": 0.007582820153155951, ""fric_vel_scale"": 1.0404882246141176, ""gamma_adapt"": 8.7187500403, ""gamma_link"": 0.9899707451012786, ""integral_limit"": 1.6504936083, ""k_delta"": 0.18039942242599027, ""max_abs_e_dot"": 6.0, ""max_control"": 0.22211414229308205, ""max_current_raw"": 61.0, ""max_current_slew"": 181.6707671579217, ""mid_disturbance_offset_sec"": 0.0, ""no_set_current_mode"": false, ""predict_horizon_sec"": 0.0029494474046251732, ""pulse_current_raw_max"": 12.0, ""pulse_current_raw_min"": 4.0, ""pulse_duration_max"": 0.6, ""pulse_duration_min"": 0.15, ""q_abs_guard_deg"": 35.0, ""qd_lpf_alpha"": 0.03860329234553242, ""rate"": 120.0, ""rbf_center_max"": 3.2, ""rbf_center_min"": -3.2, ""rbf_nodes"": 11.0, ""rbf_width"": 1.4631904539, ""ref_jump_deg_max"": 8.0, ""ref_jump_deg_min"": 2.0, ""ref_jump_duration_max"": 0.6, ""ref_jump_duration_min"": 0.15, ""reference_shape"": ""sine"", ""reset_zeta_after_motion"": false, ""reset_zeta_on_segment"": false, ""restore_mode"": false, ""sigma_mod"": 0.2460708825, ""sine_center_mode"": ""lock"", ""soft_start_sec"": 0.7, ""step_absolute_target_deg"": null, ""step_absolute_target_rad"": null, ""step_delta_deg"": 40.0, ""step_ramp_sec"": 1.0, ""step_segment_sec"": 1.5, ""step_sequence_deg"": """", ""step_shape"": ""smoothstep"", ""step_start_sec"": 0.0, ""tail_err_full_deg"": 4.0, ""tail_err_thresh_deg"": 1.5, ""tail_kd"": 0.0020035227626048853, ""tail_kp"": 0.0, ""tail_max_control_boost"": 0.0, ""tail_u_max"": 0.0, ""torque_to_current"": 210.0, ""zeta0"": 0.885692967, ""zeta_leak"": 0.0237735451, ""zeta_reset_delay_sec"": 0.0, ""zeta_reset_value"": null, ""zeta_soft"": 0.989185316}"
141,1,1.0,64.82440108207498,1200.0,9.991748000000001,7.6266338699121174,8.796381841612096,14.101316389086659,23.210552841941148,0.5309344329281975,0.0,0.057746983568075116,0.9366024009724382,0.9727716966,0.885692967,0.9727716966,0.08707872959999996,0.008707872956083334,0.04280240912499993,0.2953175193,0.0,0.0,0.0,0.0,0.0,0.0,0.0,0.0,0.0,0.0,0.0,0.0,0.0,0.0,0.0,0.0,7.521713375793376,12.693142984159403,13.612073179231391,0.0,0,11.30285191899975,/tmp/nussbaum_sine_3hz_hard_runs/optuna_t0141_r01.csv,,"{""alpha"": 7.1072835468, ""amplitude_deg"": 10.0, ""baudrate"": 1000000.0, ""command_sign"": -1.0, ""control_output_scale"": 1.0, ""current_bias_raw"": -1.174194769730446, ""current_limit_raw"": 0.0, ""default_mode"": 3.0, ""device"": ""/dev/ttyAMA0"", ""disable_anti_windup"": false, ""disable_freeze_nn_on_saturation"": false, ""disable_freeze_zeta_on_saturation"": false, ""disturb_interval_sec"": 30.0, ""disturb_jitter_sec"": 3.0, ""disturb_mode"": ""mixed"", ""disturb_seed"": -1.0, ""disturbance_placement"": ""mid_move"", ""duration"": 10.0, ""dxl_id"": 6.0, ""enable_disturbance"": false, ""frequency_hz"": 3.0, ""fric_coulomb"": 0.00939942758734601, ""fric_vel_scale"": 1.151301575887008, ""gamma_adapt"": 8.7187500403, ""gamma_link"": 1.0424887349327014, ""integral_limit"": 1.6504936083, ""k_delta"": 0.1892745424526456, ""max_abs_e_dot"": 6.0, ""max_control"": 0.23410993636797484, ""max_current_raw"": 71.0, ""max_current_slew"": 87.47281946100551, ""mid_disturbance_offset_sec"": 0.0, ""no_set_current_mode"": false, ""predict_horizon_sec"": 0.002476436657905655, ""pulse_current_raw_max"": 12.0, ""pulse_current_raw_min"": 4.0, ""pulse_duration_max"": 0.6, ""pulse_duration_min"": 0.15, ""q_abs_guard_deg"": 35.0, ""qd_lpf_alpha"": 0.020966945420244094, ""rate"": 120.0, ""rbf_center_max"": 3.2, ""rbf_center_min"": -3.2, ""rbf_nodes"": 11.0, ""rbf_width"": 1.4631904539, ""ref_jump_deg_max"": 8.0, ""ref_jump_deg_min"": 2.0, ""ref_jump_duration_max"": 0.6, ""ref_jump_duration_min"": 0.15, ""reference_shape"": ""sine"", ""reset_zeta_after_motion"": false, ""reset_zeta_on_segment"": false, ""restore_mode"": false, ""sigma_mod"": 0.2460708825, ""sine_center_mode"": ""lock"", ""soft_start_sec"": 0.7, ""step_absolute_target_deg"": null, ""step_absolute_target_rad"": null, ""step_delta_deg"": 40.0, ""step_ramp_sec"": 1.0, ""step_segment_sec"": 1.5, ""step_sequence_deg"": """", ""step_shape"": ""smoothstep"", ""step_start_sec"": 0.0, ""tail_err_full_deg"": 4.0, ""tail_err_thresh_deg"": 1.5, ""tail_kd"": 0.061428102623363026, ""tail_kp"": 0.0, ""tail_max_control_boost"": 0.0, ""tail_u_max"": 0.0, ""torque_to_current"": 210.0, ""zeta0"": 0.885692967, ""zeta_leak"": 0.0237735451, ""zeta_reset_delay_sec"": 0.0, ""zeta_reset_value"": null, ""zeta_soft"": 0.989185316}"
142,1,1.0,1000120.2279088994,1200.0,9.99174,7.65381574697292,8.675359239066657,12.775992658417007,20.684123370274715,0.32977209110061795,0.0,0.05531595720720721,0.9420965081136026,0.9448298613,0.885692967,0.9448298613,0.05913689430000002,0.0059136894344166665,0.045457572744999945,0.2849352071,0.0,0.0,0.0,0.0,0.0,0.0,0.0,0.0,0.0,0.0,0.0,0.0,0.0,0.0,0.0,0.0,7.7339317291780265,12.674355640761283,13.404911567984202,0.0,0,11.217367733999708,/tmp/nussbaum_sine_3hz_hard_runs/optuna_t0142_r01.csv,,"{""alpha"": 7.1072835468, ""amplitude_deg"": 10.0, ""baudrate"": 1000000.0, ""command_sign"": -1.0, ""control_output_scale"": 1.0, ""current_bias_raw"": -0.2748872795691564, ""current_limit_raw"": 0.0, ""default_mode"": 3.0, ""device"": ""/dev/ttyAMA0"", ""disable_anti_windup"": false, ""disable_freeze_nn_on_saturation"": false, ""disable_freeze_zeta_on_saturation"": false, ""disturb_interval_sec"": 30.0, ""disturb_jitter_sec"": 3.0, ""disturb_mode"": ""mixed"", ""disturb_seed"": -1.0, ""disturbance_placement"": ""mid_move"", ""duration"": 10.0, ""dxl_id"": 6.0, ""enable_disturbance"": false, ""frequency_hz"": 3.0, ""fric_coulomb"": 0.0037827891311605745, ""fric_vel_scale"": 1.2925803568990892, ""gamma_adapt"": 8.7187500403, ""gamma_link"": 0.8756192777609397, ""integral_limit"": 1.6504936083, ""k_delta"": 0.18905705561369562, ""max_abs_e_dot"": 6.0, ""max_control"": 0.19307476816755825, ""max_current_raw"": 74.0, ""max_current_slew"": 90.93327738276363, ""mid_disturbance_offset_sec"": 0.0, ""no_set_current_mode"": false, ""predict_horizon_sec"": 0.0038476107767457185, ""pulse_current_raw_max"": 12.0, ""pulse_current_raw_min"": 4.0, ""pulse_duration_max"": 0.6, ""pulse_duration_min"": 0.15, ""q_abs_guard_deg"": 35.0, ""qd_lpf_alpha"": 0.07886822385407856, ""rate"": 120.0, ""rbf_center_max"": 3.2, ""rbf_center_min"": -3.2, ""rbf_nodes"": 11.0, ""rbf_width"": 1.4631904539, ""ref_jump_deg_max"": 8.0, ""ref_jump_deg_min"": 2.0, ""ref_jump_duration_max"": 0.6, ""ref_jump_duration_min"": 0.15, ""reference_shape"": ""sine"", ""reset_zeta_after_motion"": false, ""reset_zeta_on_segment"": false, ""restore_mode"": false, ""sigma_mod"": 0.2460708825, ""sine_center_mode"": ""lock"", ""soft_start_sec"": 0.7, ""step_absolute_target_deg"": null, ""step_absolute_target_rad"": null, ""step_delta_deg"": 40.0, ""step_ramp_sec"": 1.0, ""step_segment_sec"": 1.5, ""step_sequence_deg"": """", ""step_shape"": ""smoothstep"", ""step_start_sec"": 0.0, ""tail_err_full_deg"": 4.0, ""tail_err_thresh_deg"": 1.5, ""tail_kd"": 0.06204131617501847, ""tail_kp"": 0.0, ""tail_max_control_boost"": 0.0, ""tail_u_max"": 0.0, ""torque_to_current"": 210.0, ""zeta0"": 0.885692967, ""zeta_leak"": 0.0237735451, ""zeta_reset_delay_sec"": 0.0, ""zeta_reset_value"": null, ""zeta_soft"": 0.989185316}"
143,1,0.0,1000000.0,0.0,0.0,inf,inf,inf,inf,0.0,1.0,1.0,0.0,0.0,0.0,0.0,0.0,0.0,0.0,0.0,0.0,0.0,0.0,0.0,0.0,0.0,0.0,0.0,0.0,0.0,0.0,0.0,0.0,0.0,0.0,0.0,inf,inf,inf,1.0,1,9.619730864999838,/tmp/nussbaum_sine_3hz_hard_runs/optuna_t0143_r01.csv,[DBG] t=   7.00s e= -0.07deg u=-0.2617 u_aux=-0.0878 u_rob=-0.0000 u_fric= 0.0177 ta=0.00 cmd=   2.08 slewB=1.00 raw q= 139.48deg | [DBG] t=   8.00s e= 19.06deg u= 0.2617 u_aux=-0.1078 u_rob=-0.0000 u_fric= 0.0177 ta=1.00 cmd=  -8.31 slewB=1.00 raw q= 120.41deg | [ERROR] q guard hit: |q-q_center|=35.51 deg > 35.00,"{""alpha"": 7.1072835468, ""amplitude_deg"": 10.0, ""baudrate"": 1000000.0, ""command_sign"": -1.0, ""control_output_scale"": 1.0, ""current_bias_raw"": -0.5677833369825583, ""current_limit_raw"": 0.0, ""default_mode"": 3.0, ""device"": ""/dev/ttyAMA0"", ""disable_anti_windup"": false, ""disable_freeze_nn_on_saturation"": false, ""disable_freeze_zeta_on_saturation"": false, ""disturb_interval_sec"": 30.0, ""disturb_jitter_sec"": 3.0, ""disturb_mode"": ""mixed"", ""disturb_seed"": -1.0, ""disturbance_placement"": ""mid_move"", ""duration"": 10.0, ""dxl_id"": 6.0, ""enable_disturbance"": false, ""frequency_hz"": 3.0, ""fric_coulomb"": 0.01774904787662725, ""fric_vel_scale"": 0.31490496868037104, ""gamma_adapt"": 8.7187500403, ""gamma_link"": 0.833345360701789, ""integral_limit"": 1.6504936083, ""k_delta"": 0.13828677977054324, ""max_abs_e_dot"": 6.0, ""max_control"": 0.26169007963197743, ""max_current_raw"": 66.0, ""max_current_slew"": 60.37425779554582, ""mid_disturbance_offset_sec"": 0.0, ""no_set_current_mode"": false, ""predict_horizon_sec"": 0.001254589806980711, ""pulse_current_raw_max"": 12.0, ""pulse_current_raw_min"": 4.0, ""pulse_duration_max"": 0.6, ""pulse_duration_min"": 0.15, ""q_abs_guard_deg"": 35.0, ""qd_lpf_alpha"": 0.043891811093631355, ""rate"": 120.0, ""rbf_center_max"": 3.2, ""rbf_center_min"": -3.2, ""rbf_nodes"": 11.0, ""rbf_width"": 1.4631904539, ""ref_jump_deg_max"": 8.0, ""ref_jump_deg_min"": 2.0, ""ref_jump_duration_max"": 0.6, ""ref_jump_duration_min"": 0.15, ""reference_shape"": ""sine"", ""reset_zeta_after_motion"": false, ""reset_zeta_on_segment"": false, ""restore_mode"": false, ""sigma_mod"": 0.2460708825, ""sine_center_mode"": ""lock"", ""soft_start_sec"": 0.7, ""step_absolute_target_deg"": null, ""step_absolute_target_rad"": null, ""step_delta_deg"": 40.0, ""step_ramp_sec"": 1.0, ""step_segment_sec"": 1.5, ""step_sequence_deg"": """", ""step_shape"": ""smoothstep"", ""step_start_sec"": 0.0, ""tail_err_full_deg"": 4.0, ""tail_err_thresh_deg"": 1.5, ""tail_kd"": 0.02644665298055955, ""tail_kp"": 0.0, ""tail_max_control_boost"": 0.0, ""tail_u_max"": 0.0, ""torque_to_current"": 210.0, ""zeta0"": 0.885692967, ""zeta_leak"": 0.0237735451, ""zeta_reset_delay_sec"": 0.0, ""zeta_reset_value"": null, ""zeta_soft"": 0.989185316}"
144,1,1.0,63.088560001162186,1199.0,9.995781000000001,7.5217726306550565,8.720294772152322,13.848497945233849,23.92661439798963,0.5968034543058433,0.0,0.05834751999215033,0.9295651268866955,1.3007973966,0.885692967,1.3007973966,0.41510442959999994,0.0415450638501251,0.19993004958999966,2.1372690772,0.0,0.0,0.0,0.0,0.0,0.0,0.0,0.0,0.0,0.0,0.0,0.0,0.0,0.0,0.0,0.0,7.297083682692996,13.75375963278589,14.115365597550896,0.0,0,11.2458499749996,/tmp/nussbaum_sine_3hz_hard_runs/optuna_t0144_r01.csv,,"{""alpha"": 7.1072835468, ""amplitude_deg"": 10.0, ""baudrate"": 1000000.0, ""command_sign"": -1.0, ""control_output_scale"": 1.0, ""current_bias_raw"": -0.74200203549451, ""current_limit_raw"": 0.0, ""default_mode"": 3.0, ""device"": ""/dev/ttyAMA0"", ""disable_anti_windup"": false, ""disable_freeze_nn_on_saturation"": false, ""disable_freeze_zeta_on_saturation"": false, ""disturb_interval_sec"": 30.0, ""disturb_jitter_sec"": 3.0, ""disturb_mode"": ""mixed"", ""disturb_seed"": -1.0, ""disturbance_placement"": ""mid_move"", ""duration"": 10.0, ""dxl_id"": 6.0, ""enable_disturbance"": false, ""frequency_hz"": 3.0, ""fric_coulomb"": 0.01862643043707467, ""fric_vel_scale"": 1.126423468830222, ""gamma_adapt"": 8.7187500403, ""gamma_link"": 0.8312888905674064, ""integral_limit"": 1.6504936083, ""k_delta"": 0.16864476360327135, ""max_abs_e_dot"": 6.0, ""max_control"": 0.30135975289130146, ""max_current_raw"": 68.0, ""max_current_slew"": 82.01062463630538, ""mid_disturbance_offset_sec"": 0.0, ""no_set_current_mode"": false, ""predict_horizon_sec"": 0.0018672640916383553, ""pulse_current_raw_max"": 12.0, ""pulse_current_raw_min"": 4.0, ""pulse_duration_max"": 0.6, ""pulse_duration_min"": 0.15, ""q_abs_guard_deg"": 35.0, ""qd_lpf_alpha"": 0.03859863127183364, ""rate"": 120.0, ""rbf_center_max"": 3.2, ""rbf_center_min"": -3.2, ""rbf_nodes"": 11.0, ""rbf_width"": 1.4631904539, ""ref_jump_deg_max"": 8.0, ""ref_jump_deg_min"": 2.0, ""ref_jump_duration_max"": 0.6, ""ref_jump_duration_min"": 0.15, ""reference_shape"": ""sine"", ""reset_zeta_after_motion"": false, ""reset_zeta_on_segment"": false, ""restore_mode"": false, ""sigma_mod"": 0.2460708825, ""sine_center_mode"": ""lock"", ""soft_start_sec"": 0.7, ""step_absolute_target_deg"": null, ""step_absolute_target_rad"": null, ""step_delta_deg"": 40.0, ""step_ramp_sec"": 1.0, ""step_segment_sec"": 1.5, ""step_sequence_deg"": """", ""step_shape"": ""smoothstep"", ""step_start_sec"": 0.0, ""tail_err_full_deg"": 4.0, ""tail_err_thresh_deg"": 1.5, ""tail_kd"": 0.0206381389827292, ""tail_kp"": 0.0, ""tail_max_control_boost"": 0.0, ""tail_u_max"": 0.0, ""torque_to_current"": 210.0, ""zeta0"": 0.885692967, ""zeta_leak"": 0.0237735451, ""zeta_reset_delay_sec"": 0.0, ""zeta_reset_value"": null, ""zeta_soft"": 0.989185316}"
145,1,1.0,64.4780218954028,1200.0,9.992291000000002,7.448834306589756,8.499883742344355,12.350175855569761,22.544084725010862,0.45060337616749363,0.0,0.06330270467836258,0.9332532121278221,0.9689064045,0.8856929866,0.9689064045,0.08321341790000003,0.008321343749416666,0.07772595729,0.2688815261,0.0,0.0,0.0,0.0,0.0,0.0,0.0,0.0,0.0,0.0,0.0,0.0,0.0,0.0,0.0,0.0,7.4960889623263505,11.888890255400026,12.201721913309907,0.0,0,11.113335992999964,/tmp/nussbaum_sine_3hz_hard_runs/optuna_t0145_r01.csv,,"{""alpha"": 7.1072835468, ""amplitude_deg"": 10.0, ""baudrate"": 1000000.0, ""command_sign"": -1.0, ""control_output_scale"": 1.0, ""current_bias_raw"": -1.436615023528709, ""current_limit_raw"": 0.0, ""default_mode"": 3.0, ""device"": ""/dev/ttyAMA0"", ""disable_anti_windup"": false, ""disable_freeze_nn_on_saturation"": false, ""disable_freeze_zeta_on_saturation"": false, ""disturb_interval_sec"": 30.0, ""disturb_jitter_sec"": 3.0, ""disturb_mode"": ""mixed"", ""disturb_seed"": -1.0, ""disturbance_placement"": ""mid_move"", ""duration"": 10.0, ""dxl_id"": 6.0, ""enable_disturbance"": false, ""frequency_hz"": 3.0, ""fric_coulomb"": 0.01894353976597771, ""fric_vel_scale"": 0.5188832893689823, ""gamma_adapt"": 8.7187500403, ""gamma_link"": 1.22051496498668, ""integral_limit"": 1.6504936083, ""k_delta"": 0.1662450573226196, ""max_abs_e_dot"": 6.0, ""max_control"": 0.20046839574762595, ""max_current_raw"": 57.0, ""max_current_slew"": 76.68905992158952, ""mid_disturbance_offset_sec"": 0.0, ""no_set_current_mode"": false, ""predict_horizon_sec"": 0.0005271415193958745, ""pulse_current_raw_max"": 12.0, ""pulse_current_raw_min"": 4.0, ""pulse_duration_max"": 0.6, ""pulse_duration_min"": 0.15, ""q_abs_guard_deg"": 35.0, ""qd_lpf_alpha"": 0.04105476491928775, ""rate"": 120.0, ""rbf_center_max"": 3.2, ""rbf_center_min"": -3.2, ""rbf_nodes"": 11.0, ""rbf_width"": 1.4631904539, ""ref_jump_deg_max"": 8.0, ""ref_jump_deg_min"": 2.0, ""ref_jump_duration_max"": 0.6, ""ref_jump_duration_min"": 0.15, ""reference_shape"": ""sine"", ""reset_zeta_after_motion"": false, ""reset_zeta_on_segment"": false, ""restore_mode"": false, ""sigma_mod"": 0.2460708825, ""sine_center_mode"": ""lock"", ""soft_start_sec"": 0.7, ""step_absolute_target_deg"": null, ""step_absolute_target_rad"": null, ""step_delta_deg"": 40.0, ""step_ramp_sec"": 1.0, ""step_segment_sec"": 1.5, ""step_sequence_deg"": """", ""step_shape"": ""smoothstep"", ""step_start_sec"": 0.0, ""tail_err_full_deg"": 4.0, ""tail_err_thresh_deg"": 1.5, ""tail_kd"": 0.016933472604688544, ""tail_kp"": 0.0, ""tail_max_control_boost"": 0.0, ""tail_u_max"": 0.0, ""torque_to_current"": 210.0, ""zeta0"": 0.885692967, ""zeta_leak"": 0.0237735451, ""zeta_reset_delay_sec"": 0.0, ""zeta_reset_value"": null, ""zeta_soft"": 0.989185316}"
146,1,1.0,1000182.0043790849,1200.0,9.991818,8.033732842252975,9.235803380350756,14.319997654563574,24.293266259962824,0.5607502966048222,0.0,0.05766915650406503,0.9394844436351552,0.9546382874,0.885692967,0.9546382874,0.06894532040000001,0.0068945320380833335,0.05379531583499991,0.2664282018,0.0,0.0,0.0,0.0,0.0,0.0,0.0,0.0,0.0,0.0,0.0,0.0,0.0,0.0,0.0,0.0,8.18590328639975,15.82004379084899,18.85863889715345,0.0,0,11.131182975000229,/tmp/nussbaum_sine_3hz_hard_runs/optuna_t0146_r01.csv,,"{""alpha"": 7.1072835468, ""amplitude_deg"": 10.0, ""baudrate"": 1000000.0, ""command_sign"": -1.0, ""control_output_scale"": 1.0, ""current_bias_raw"": -0.9137329628939528, ""current_limit_raw"": 0.0, ""default_mode"": 3.0, ""device"": ""/dev/ttyAMA0"", ""disable_anti_windup"": false, ""disable_freeze_nn_on_saturation"": false, ""disable_freeze_zeta_on_saturation"": false, ""disturb_interval_sec"": 30.0, ""disturb_jitter_sec"": 3.0, ""disturb_mode"": ""mixed"", ""disturb_seed"": -1.0, ""disturbance_placement"": ""mid_move"", ""duration"": 10.0, ""dxl_id"": 6.0, ""enable_disturbance"": false, ""frequency_hz"": 3.0, ""fric_coulomb"": 0.0050311826102673, ""fric_vel_scale"": 1.3164676606891694, ""gamma_adapt"": 8.7187500403, ""gamma_link"": 0.937115910954726, ""integral_limit"": 1.6504936083, ""k_delta"": 0.18826467243563533, ""max_abs_e_dot"": 6.0, ""max_control"": 0.18963595594938987, ""max_current_raw"": 82.0, ""max_current_slew"": 106.03826066457995, ""mid_disturbance_offset_sec"": 0.0, ""no_set_current_mode"": false, ""predict_horizon_sec"": 0.0026427653527554412, ""pulse_current_raw_max"": 12.0, ""pulse_current_raw_min"": 4.0, ""pulse_duration_max"": 0.6, ""pulse_duration_min"": 0.15, ""q_abs_guard_deg"": 35.0, ""qd_lpf_alpha"": 0.0463455763718994, ""rate"": 120.0, ""rbf_center_max"": 3.2, ""rbf_center_min"": -3.2, ""rbf_nodes"": 11.0, ""rbf_width"": 1.4631904539, ""ref_jump_deg_max"": 8.0, ""ref_jump_deg_min"": 2.0, ""ref_jump_duration_max"": 0.6, ""ref_jump_duration_min"": 0.15, ""reference_shape"": ""sine"", ""reset_zeta_after_motion"": false, ""reset_zeta_on_segment"": false, ""restore_mode"": false, ""sigma_mod"": 0.2460708825, ""sine_center_mode"": ""lock"", ""soft_start_sec"": 0.7, ""step_absolute_target_deg"": null, ""step_absolute_target_rad"": null, ""step_delta_deg"": 40.0, ""step_ramp_sec"": 1.0, ""step_segment_sec"": 1.5, ""step_sequence_deg"": """", ""step_shape"": ""smoothstep"", ""step_start_sec"": 0.0, ""tail_err_full_deg"": 4.0, ""tail_err_thresh_deg"": 1.5, ""tail_kd"": 0.031923662807645206, ""tail_kp"": 0.0, ""tail_max_control_boost"": 0.0, ""tail_u_max"": 0.0, ""torque_to_current"": 210.0, ""zeta0"": 0.885692967, ""zeta_leak"": 0.0237735451, ""zeta_reset_delay_sec"": 0.0, ""zeta_reset_value"": null, ""zeta_soft"": 0.989185316}"
147,1,1.0,64.0151544566582,1200.0,9.991758,7.313751952206517,8.364114898058299,12.480932540441243,21.802765550693714,0.45461169208762875,0.0,0.05195353864734299,0.9373036263423481,0.9572124673,0.885692967,0.9572124673,0.07151950029999998,0.007151950033083334,0.018240132484999935,0.2836214727,0.0,0.0,0.0,0.0,0.0,0.0,0.0,0.0,0.0,0.0,0.0,0.0,0.0,0.0,0.0,0.0,7.3268346739028,11.846842016412372,12.407979832604306,0.0,0,11.136143677999826,/tmp/nussbaum_sine_3hz_hard_runs/optuna_t0147_r01.csv,,"{""alpha"": 7.1072835468, ""amplitude_deg"": 10.0, ""baudrate"": 1000000.0, ""command_sign"": -1.0, ""control_output_scale"": 1.0, ""current_bias_raw"": -1.2395523261140926, ""current_limit_raw"": 0.0, ""default_mode"": 3.0, ""device"": ""/dev/ttyAMA0"", ""disable_anti_windup"": false, ""disable_freeze_nn_on_saturation"": false, ""disable_freeze_zeta_on_saturation"": false, ""disturb_interval_sec"": 30.0, ""disturb_jitter_sec"": 3.0, ""disturb_mode"": ""mixed"", ""disturb_seed"": -1.0, ""disturbance_placement"": ""mid_move"", ""duration"": 10.0, ""dxl_id"": 6.0, ""enable_disturbance"": false, ""frequency_hz"": 3.0, ""fric_coulomb"": 0.011245555657075, ""fric_vel_scale"": 1.1847880248206082, ""gamma_adapt"": 8.7187500403, ""gamma_link"": 0.9798636583252718, ""integral_limit"": 1.6504936083, ""k_delta"": 0.18865211006296267, ""max_abs_e_dot"": 6.0, ""max_control"": 0.19359671181696939, ""max_current_raw"": 69.0, ""max_current_slew"": 76.42336437458174, ""mid_disturbance_offset_sec"": 0.0, ""no_set_current_mode"": false, ""predict_horizon_sec"": 0.0031654765471856175, ""pulse_current_raw_max"": 12.0, ""pulse_current_raw_min"": 4.0, ""pulse_duration_max"": 0.6, ""pulse_duration_min"": 0.15, ""q_abs_guard_deg"": 35.0, ""qd_lpf_alpha"": 0.055419199696753074, ""rate"": 120.0, ""rbf_center_max"": 3.2, ""rbf_center_min"": -3.2, ""rbf_nodes"": 11.0, ""rbf_width"": 1.4631904539, ""ref_jump_deg_max"": 8.0, ""ref_jump_deg_min"": 2.0, ""ref_jump_duration_max"": 0.6, ""ref_jump_duration_min"": 0.15, ""reference_shape"": ""sine"", ""reset_zeta_after_motion"": false, ""reset_zeta_on_segment"": false, ""restore_mode"": false, ""sigma_mod"": 0.2460708825, ""sine_center_mode"": ""lock"", ""soft_start_sec"": 0.7, ""step_absolute_target_deg"": null, ""step_absolute_target_rad"": null, ""step_delta_deg"": 40.0, ""step_ramp_sec"": 1.0, ""step_segment_sec"": 1.5, ""step_sequence_deg"": """", ""step_shape"": ""smoothstep"", ""step_start_sec"": 0.0, ""tail_err_full_deg"": 4.0, ""tail_err_thresh_deg"": 1.5, ""tail_kd"": 0.018941138686634745, ""tail_kp"": 0.0, ""tail_max_control_boost"": 0.0, ""tail_u_max"": 0.0, ""torque_to_current"": 210.0, ""zeta0"": 0.885692967, ""zeta_leak"": 0.0237735451, ""zeta_reset_delay_sec"": 0.0, ""zeta_reset_value"": null, ""zeta_soft"": 0.989185316}"
148,1,1.0,63.16429889503541,1200.0,9.991738,7.387826341104163,8.48340707203205,13.08691020098379,21.149154194156555,0.5129103473159867,0.0,0.06671312091503268,0.9387730416637232,0.9646321019,0.885692967,0.9646321019,0.07893913490000004,0.007893913485833333,0.06295893240499999,0.2819474714,0.0,0.0,0.0,0.0,0.0,0.0,0.0,0.0,0.0,0.0,0.0,0.0,0.0,0.0,0.0,0.0,7.036893712014268,12.604345354816452,13.258364124452996,0.0,0,11.183394049000071,/tmp/nussbaum_sine_3hz_hard_runs/optuna_t0148_r01.csv,,"{""alpha"": 7.1072835468, ""amplitude_deg"": 10.0, ""baudrate"": 1000000.0, ""command_sign"": -1.0, ""control_output_scale"": 1.0, ""current_bias_raw"": -1.3739568630548749, ""current_limit_raw"": 0.0, ""default_mode"": 3.0, ""device"": ""/dev/ttyAMA0"", ""disable_anti_windup"": false, ""disable_freeze_nn_on_saturation"": false, ""disable_freeze_zeta_on_saturation"": false, ""disturb_interval_sec"": 30.0, ""disturb_jitter_sec"": 3.0, ""disturb_mode"": ""mixed"", ""disturb_seed"": -1.0, ""disturbance_placement"": ""mid_move"", ""duration"": 10.0, ""dxl_id"": 6.0, ""enable_disturbance"": false, ""frequency_hz"": 3.0, ""fric_coulomb"": 0.0026892885977018695, ""fric_vel_scale"": 1.337288231471553, ""gamma_adapt"": 8.7187500403, ""gamma_link"": 0.8494259326007605, ""integral_limit"": 1.6504936083, ""k_delta"": 0.18435289139147934, ""max_abs_e_dot"": 6.0, ""max_control"": 0.1896666564731633, ""max_current_raw"": 51.0, ""max_current_slew"": 73.16189454976661, ""mid_disturbance_offset_sec"": 0.0, ""no_set_current_mode"": false, ""predict_horizon_sec"": 0.0021168392428279415, ""pulse_current_raw_max"": 12.0, ""pulse_current_raw_min"": 4.0, ""pulse_duration_max"": 0.6, ""pulse_duration_min"": 0.15, ""q_abs_guard_deg"": 35.0, ""qd_lpf_alpha"": 0.032403080248590434, ""rate"": 120.0, ""rbf_center_max"": 3.2, ""rbf_center_min"": -3.2, ""rbf_nodes"": 11.0, ""rbf_width"": 1.4631904539, ""ref_jump_deg_max"": 8.0, ""ref_jump_deg_min"": 2.0, ""ref_jump_duration_max"": 0.6, ""ref_jump_duration_min"": 0.15, ""reference_shape"": ""sine"", ""reset_zeta_after_motion"": false, ""reset_zeta_on_segment"": false, ""restore_mode"": false, ""sigma_mod"": 0.2460708825, ""sine_center_mode"": ""lock"", ""soft_start_sec"": 0.7, ""step_absolute_target_deg"": null, ""step_absolute_target_rad"": null, ""step_delta_deg"": 40.0, ""step_ramp_sec"": 1.0, ""step_segment_sec"": 1.5, ""step_sequence_deg"": """", ""step_shape"": ""smoothstep"", ""step_start_sec"": 0.0, ""tail_err_full_deg"": 4.0, ""tail_err_thresh_deg"": 1.5, ""tail_kd"": 0.01023816861827822, ""tail_kp"": 0.0, ""tail_max_control_boost"": 0.0, ""tail_u_max"": 0.0, ""torque_to_current"": 210.0, ""zeta0"": 0.885692967, ""zeta_leak"": 0.0237735451, ""zeta_reset_delay_sec"": 0.0, ""zeta_reset_value"": null, ""zeta_soft"": 0.989185316}"
149,1,1.0,64.17606461880605,1200.0,9.991746000000001,7.527431211295991,8.586937733877175,12.380806953076956,21.905199781825587,0.47308170519942006,0.0,0.0662075,0.9313615263042602,1.0171882524,0.885692967,1.0171882524,0.1314952854,0.0131495285375,0.13195604381499987,0.3110813193,0.0,0.0,0.0,0.0,0.0,0.0,0.0,0.0,0.0,0.0,0.0,0.0,0.0,0.0,0.0,0.0,7.491852707763793,12.075050369962213,13.792778659094068,0.0,0,11.10972384500019,/tmp/nussbaum_sine_3hz_hard_runs/optuna_t0149_r01.csv,,"{""alpha"": 7.1072835468, ""amplitude_deg"": 10.0, ""baudrate"": 1000000.0, ""command_sign"": -1.0, ""control_output_scale"": 1.0, ""current_bias_raw"": -0.03093523843408752, ""current_limit_raw"": 0.0, ""default_mode"": 3.0, ""device"": ""/dev/ttyAMA0"", ""disable_anti_windup"": false, ""disable_freeze_nn_on_saturation"": false, ""disable_freeze_zeta_on_saturation"": false, ""disturb_interval_sec"": 30.0, ""disturb_jitter_sec"": 3.0, ""disturb_mode"": ""mixed"", ""disturb_seed"": -1.0, ""disturbance_placement"": ""mid_move"", ""duration"": 10.0, ""dxl_id"": 6.0, ""enable_disturbance"": false, ""frequency_hz"": 3.0, ""fric_coulomb"": 0.016240483324905592, ""fric_vel_scale"": 1.025455012916292, ""gamma_adapt"": 8.7187500403, ""gamma_link"": 0.8457425393835267, ""integral_limit"": 1.6504936083, ""k_delta"": 0.18531741582899056, ""max_abs_e_dot"": 6.0, ""max_control"": 0.2643206499231582, ""max_current_raw"": 61.0, ""max_current_slew"": 87.70023660153923, ""mid_disturbance_offset_sec"": 0.0, ""no_set_current_mode"": false, ""predict_horizon_sec"": 0.001284956982735817, ""pulse_current_raw_max"": 12.0, ""pulse_current_raw_min"": 4.0, ""pulse_duration_max"": 0.6, ""pulse_duration_min"": 0.15, ""q_abs_guard_deg"": 35.0, ""qd_lpf_alpha"": 0.026368890549043438, ""rate"": 120.0, ""rbf_center_max"": 3.2, ""rbf_center_min"": -3.2, ""rbf_nodes"": 11.0, ""rbf_width"": 1.4631904539, ""ref_jump_deg_max"": 8.0, ""ref_jump_deg_min"": 2.0, ""ref_jump_duration_max"": 0.6, ""ref_jump_duration_min"": 0.15, ""reference_shape"": ""sine"", ""reset_zeta_after_motion"": false, ""reset_zeta_on_segment"": false, ""restore_mode"": false, ""sigma_mod"": 0.2460708825, ""sine_center_mode"": ""lock"", ""soft_start_sec"": 0.7, ""step_absolute_target_deg"": null, ""step_absolute_target_rad"": null, ""step_delta_deg"": 40.0, ""step_ramp_sec"": 1.0, ""step_segment_sec"": 1.5, ""step_sequence_deg"": """", ""step_shape"": ""smoothstep"", ""step_start_sec"": 0.0, ""tail_err_full_deg"": 4.0, ""tail_err_thresh_deg"": 1.5, ""tail_kd"": 0.030259427925972256, ""tail_kp"": 0.0, ""tail_max_control_boost"": 0.0, ""tail_u_max"": 0.0, ""torque_to_current"": 210.0, ""zeta0"": 0.885692967, ""zeta_leak"": 0.0237735451, ""zeta_reset_delay_sec"": 0.0, ""zeta_reset_value"": null, ""zeta_soft"": 0.989185316}"
