trial_number,repeat,ok,score,samples,duration_s,mean_abs_e_deg,rms_e_deg,p95_abs_e_deg,max_abs_e_deg,span_ratio,sat_ratio,effort_ratio,u_activity_ratio,zeta_abs_max,zeta_start,zeta_end,zeta_growth,zeta_dot_mean,zeta_dot_p95,zeta_dot_abs_max,low_speed_frac,low_speed_qd_rms_deg_s,low_speed_sign_rate_hz,step_settle_segments,step_settle_pp_deg,step_settle_std_deg,step_settle_extrema_rate_hz,hold_segments,hold_mean_abs_e_deg,hold_p95_abs_e_deg,hold_max_abs_e_deg,upstep_segments,upstep_hold_mean_abs_e_deg,upstep_hold_p95_abs_e_deg,upstep_peak_shortfall_deg,upstep_peak_overshoot_deg,tail_mean_abs_e_deg,tail_p95_abs_e_deg,tail_max_abs_e_deg,tail_sat_ratio,returncode,elapsed_s,csv_path,error,params_json
0,1,1.0,90.69358087923978,528.0,21.958455,5.046882026598258,5.732393510782874,9.72606929729907,12.387664536817288,1.303463579114227,0.0,0.12194065656565659,0.8776263090651042,0.9517627821,0.885692967,0.9517627821,0.06606981509999998,0.003003173416287879,0.019742461759999993,0.0711707503,0.0,0.0,0.0,1.0,15.855468749165226,5.566578321755829,1.968957522136138,1.0,5.066563585149636,9.153836232759081,9.933459208449872,0.0,0.0,0.0,0.0,0.0,5.046882026598258,9.72606929729907,12.387664536817288,0.0,0,23.33728339299978,/tmp/nussbaum_step_settle120_runs/optuna_t0000_r01.csv,,"{""alpha"": 7.1072835468, ""amplitude_deg"": 10.0, ""baudrate"": 1000000.0, ""command_sign"": -1.0, ""control_output_scale"": 1.0, ""current_bias_raw"": 0.8960882037114053, ""current_limit_raw"": 0.0, ""default_mode"": 3.0, ""device"": ""/dev/ttyAMA0"", ""disable_anti_windup"": false, ""disable_freeze_nn_on_saturation"": false, ""disable_freeze_zeta_on_saturation"": false, ""disturb_interval_sec"": 30.0, ""disturb_jitter_sec"": 3.0, ""disturb_mode"": ""mixed"", ""disturb_seed"": -1.0, ""disturbance_placement"": ""mid_move"", ""duration"": 22.0, ""dxl_id"": 6.0, ""enable_disturbance"": false, ""frequency_hz"": 0.05, ""fric_coulomb"": 0.0010055575621984803, ""fric_vel_scale"": 0.8432523915129552, ""gamma_adapt"": 8.7187500403, ""gamma_link"": 1.2200434366631532, ""integral_limit"": 1.6504936083, ""k_delta"": 0.1721738847665642, ""max_abs_e_dot"": 1.0, ""max_control"": 0.08399580090258847, ""max_current_raw"": 45.0, ""max_current_slew"": 33.19563151310556, ""mid_disturbance_offset_sec"": 0.0, ""no_set_current_mode"": false, ""predict_horizon_sec"": 0.012468523148412722, ""pulse_current_raw_max"": 12.0, ""pulse_current_raw_min"": 4.0, ""pulse_duration_max"": 0.6, ""pulse_duration_min"": 0.15, ""q_abs_guard_deg"": 55.0, ""qd_lpf_alpha"": 0.16880396484385787, ""rate"": 24.0, ""rbf_center_max"": 3.2, ""rbf_center_min"": -3.2, ""rbf_nodes"": 11.0, ""rbf_width"": 1.4631904539, ""ref_jump_deg_max"": 8.0, ""ref_jump_deg_min"": 2.0, ""ref_jump_duration_max"": 0.6, ""ref_jump_duration_min"": 0.15, ""reference_shape"": ""sine"", ""reset_zeta_after_motion"": false, ""reset_zeta_on_segment"": false, ""restore_mode"": false, ""sigma_mod"": 0.2460708825, ""sine_center_mode"": ""lock"", ""soft_start_sec"": 0.0, ""step_absolute_target_deg"": 100.0, ""step_absolute_target_rad"": null, ""step_delta_deg"": -40.0, ""step_ramp_sec"": 1.0, ""step_segment_sec"": 1.5, ""step_sequence_deg"": """", ""step_shape"": ""smoothstep"", ""step_start_sec"": 0.5, ""tail_err_full_deg"": 4.0, ""tail_err_thresh_deg"": 1.5, ""tail_kd"": 0.08903893776561958, ""tail_kp"": 0.0, ""tail_max_control_boost"": 0.0, ""tail_u_max"": 0.0, ""torque_to_current"": 210.0, ""zeta0"": 0.885692967, ""zeta_leak"": 0.0237735451, ""zeta_reset_delay_sec"": 0.0, ""zeta_reset_value"": null, ""zeta_soft"": 0.989185316}"
1,1,1.0,1000364.974673972,528.0,21.958457000000003,5.508044104216314,6.549827627048045,11.695592028653124,18.321752112651748,1.7149746739720046,0.0,0.12486965488215489,0.8662674540040727,1.0158330286,0.8856930066,1.0158330286,0.13014002199999986,0.005915457345833333,0.038047907099999986,0.160700661,0.0,0.0,0.0,1.0,19.0019531238039,6.535152062169185,2.2882475658234362,1.0,5.755283301589465,14.041247433398096,18.321752112651748,0.0,0.0,0.0,0.0,0.0,5.508044104216314,11.695592028653124,18.321752112651748,0.0,0,23.330189077999876,/tmp/nussbaum_step_settle120_runs/optuna_t0001_r01.csv,,"{""alpha"": 7.1072835468, ""amplitude_deg"": 10.0, ""baudrate"": 1000000.0, ""command_sign"": -1.0, ""control_output_scale"": 1.0, ""current_bias_raw"": 0.7162020804702114, ""current_limit_raw"": 0.0, ""default_mode"": 3.0, ""device"": ""/dev/ttyAMA0"", ""disable_anti_windup"": false, ""disable_freeze_nn_on_saturation"": false, ""disable_freeze_zeta_on_saturation"": false, ""disturb_interval_sec"": 30.0, ""disturb_jitter_sec"": 3.0, ""disturb_mode"": ""mixed"", ""disturb_seed"": -1.0, ""disturbance_placement"": ""mid_move"", ""duration"": 22.0, ""dxl_id"": 6.0, ""enable_disturbance"": false, ""frequency_hz"": 0.05, ""fric_coulomb"": 0.017661371030833487, ""fric_vel_scale"": 0.9830493968669174, ""gamma_adapt"": 8.7187500403, ""gamma_link"": 0.9989688291439038, ""integral_limit"": 1.6504936083, ""k_delta"": 0.0970852271611746, ""max_abs_e_dot"": 1.0, ""max_control"": 0.15444031932914373, ""max_current_raw"": 45.0, ""max_current_slew"": 42.07621524864734, ""mid_disturbance_offset_sec"": 0.0, ""no_set_current_mode"": false, ""predict_horizon_sec"": 0.004391974708097134, ""pulse_current_raw_max"": 12.0, ""pulse_current_raw_min"": 4.0, ""pulse_duration_max"": 0.6, ""pulse_duration_min"": 0.15, ""q_abs_guard_deg"": 55.0, ""qd_lpf_alpha"": 0.2128167720246137, ""rate"": 24.0, ""rbf_center_max"": 3.2, ""rbf_center_min"": -3.2, ""rbf_nodes"": 11.0, ""rbf_width"": 1.4631904539, ""ref_jump_deg_max"": 8.0, ""ref_jump_deg_min"": 2.0, ""ref_jump_duration_max"": 0.6, ""ref_jump_duration_min"": 0.15, ""reference_shape"": ""sine"", ""reset_zeta_after_motion"": false, ""reset_zeta_on_segment"": false, ""restore_mode"": false, ""sigma_mod"": 0.2460708825, ""sine_center_mode"": ""lock"", ""soft_start_sec"": 0.0, ""step_absolute_target_deg"": 100.0, ""step_absolute_target_rad"": null, ""step_delta_deg"": -40.0, ""step_ramp_sec"": 1.0, ""step_segment_sec"": 1.5, ""step_sequence_deg"": """", ""step_shape"": ""smoothstep"", ""step_start_sec"": 0.5, ""tail_err_full_deg"": 4.0, ""tail_err_thresh_deg"": 1.5, ""tail_kd"": 0.26458077287564935, ""tail_kp"": 0.0, ""tail_max_control_boost"": 0.0, ""tail_u_max"": 0.0, ""torque_to_current"": 210.0, ""zeta0"": 0.885692967, ""zeta_leak"": 0.0237735451, ""zeta_reset_delay_sec"": 0.0, ""zeta_reset_value"": null, ""zeta_soft"": 0.989185316}"
2,1,1.0,1000731.5598346168,528.0,21.958453000000002,8.239358511638022,9.626322978796201,17.100657339235937,21.860626083246306,2.0815598346168187,0.0,0.13669962121212123,0.8970073090118759,0.9461211042,0.885692967,0.9461211042,0.060428137199999954,0.0027467335073863633,0.024082696814999985,0.0708469817,0.0,0.0,0.0,1.0,26.261718745403186,9.414337249280116,2.07538622272417,1.0,8.627219155183603,16.56625086467865,17.903997004744824,0.0,0.0,0.0,0.0,0.0,8.239358511638022,17.100657339235937,21.860626083246306,0.0,0,23.34360057899994,/tmp/nussbaum_step_settle120_runs/optuna_t0002_r01.csv,,"{""alpha"": 7.1072835468, ""amplitude_deg"": 10.0, ""baudrate"": 1000000.0, ""command_sign"": -1.0, ""control_output_scale"": 1.0, ""current_bias_raw"": -0.33047510896437293, ""current_limit_raw"": 0.0, ""default_mode"": 3.0, ""device"": ""/dev/ttyAMA0"", ""disable_anti_windup"": false, ""disable_freeze_nn_on_saturation"": false, ""disable_freeze_zeta_on_saturation"": false, ""disturb_interval_sec"": 30.0, ""disturb_jitter_sec"": 3.0, ""disturb_mode"": ""mixed"", ""disturb_seed"": -1.0, ""disturbance_placement"": ""mid_move"", ""duration"": 22.0, ""dxl_id"": 6.0, ""enable_disturbance"": false, ""frequency_hz"": 0.05, ""fric_coulomb"": 0.004132947273397331, ""fric_vel_scale"": 1.6510193163541202, ""gamma_adapt"": 8.7187500403, ""gamma_link"": 0.960271650724608, ""integral_limit"": 1.6504936083, ""k_delta"": 0.07550976379364875, ""max_abs_e_dot"": 1.0, ""max_control"": 0.10036556886609584, ""max_current_raw"": 45.0, ""max_current_slew"": 42.53583312227886, ""mid_disturbance_offset_sec"": 0.0, ""no_set_current_mode"": false, ""predict_horizon_sec"": 0.013481294352752374, ""pulse_current_raw_max"": 12.0, ""pulse_current_raw_min"": 4.0, ""pulse_duration_max"": 0.6, ""pulse_duration_min"": 0.15, ""q_abs_guard_deg"": 55.0, ""qd_lpf_alpha"": 0.14690827738898193, ""rate"": 24.0, ""rbf_center_max"": 3.2, ""rbf_center_min"": -3.2, ""rbf_nodes"": 11.0, ""rbf_width"": 1.4631904539, ""ref_jump_deg_max"": 8.0, ""ref_jump_deg_min"": 2.0, ""ref_jump_duration_max"": 0.6, ""ref_jump_duration_min"": 0.15, ""reference_shape"": ""sine"", ""reset_zeta_after_motion"": false, ""reset_zeta_on_segment"": false, ""restore_mode"": false, ""sigma_mod"": 0.2460708825, ""sine_center_mode"": ""lock"", ""soft_start_sec"": 0.0, ""step_absolute_target_deg"": 100.0, ""step_absolute_target_rad"": null, ""step_delta_deg"": -40.0, ""step_ramp_sec"": 1.0, ""step_segment_sec"": 1.5, ""step_sequence_deg"": """", ""step_shape"": ""smoothstep"", ""step_start_sec"": 0.5, ""tail_err_full_deg"": 4.0, ""tail_err_thresh_deg"": 1.5, ""tail_kd"": 0.02305784687337161, ""tail_kp"": 0.0, ""tail_max_control_boost"": 0.0, ""tail_u_max"": 0.0, ""torque_to_current"": 210.0, ""zeta0"": 0.885692967, ""zeta_leak"": 0.0237735451, ""zeta_reset_delay_sec"": 0.0, ""zeta_reset_value"": null, ""zeta_soft"": 0.989185316}"
3,1,1.0,1001093.4113072056,528.0,21.958682,7.1438735150756525,8.432919655113283,15.625316980643031,28.573861437900216,2.4434113072055776,0.0,0.12066308922558923,0.891277199174827,0.9918175896,0.885692992,0.9918175896,0.10612459760000004,0.004823846481060606,0.035645224609999984,0.1737621524,0.0,0.0,0.0,1.0,23.62499999749845,8.048633078771662,1.8093021117322814,1.0,6.898177731720285,12.109936374955497,16.517255994569016,0.0,0.0,0.0,0.0,0.0,7.1438735150756525,15.625316980643031,28.573861437900216,0.0,0,23.337524262999978,/tmp/nussbaum_step_settle120_runs/optuna_t0003_r01.csv,,"{""alpha"": 7.1072835468, ""amplitude_deg"": 10.0, ""baudrate"": 1000000.0, ""command_sign"": -1.0, ""control_output_scale"": 1.0, ""current_bias_raw"": 1.3926976414353538, ""current_limit_raw"": 0.0, ""default_mode"": 3.0, ""device"": ""/dev/ttyAMA0"", ""disable_anti_windup"": false, ""disable_freeze_nn_on_saturation"": false, ""disable_freeze_zeta_on_saturation"": false, ""disturb_interval_sec"": 30.0, ""disturb_jitter_sec"": 3.0, ""disturb_mode"": ""mixed"", ""disturb_seed"": -1.0, ""disturbance_placement"": ""mid_move"", ""duration"": 22.0, ""dxl_id"": 6.0, ""enable_disturbance"": false, ""frequency_hz"": 0.05, ""fric_coulomb"": 0.013727815901863916, ""fric_vel_scale"": 0.35718694181748867, ""gamma_adapt"": 8.7187500403, ""gamma_link"": 1.0645543235212556, ""integral_limit"": 1.6504936083, ""k_delta"": 0.05385542839805415, ""max_abs_e_dot"": 1.0, ""max_control"": 0.14246955728777005, ""max_current_raw"": 45.0, ""max_current_slew"": 30.535605946591772, ""mid_disturbance_offset_sec"": 0.0, ""no_set_current_mode"": false, ""predict_horizon_sec"": 0.001708941789108443, ""pulse_current_raw_max"": 12.0, ""pulse_current_raw_min"": 4.0, ""pulse_duration_max"": 0.6, ""pulse_duration_min"": 0.15, ""q_abs_guard_deg"": 55.0, ""qd_lpf_alpha"": 0.09701484550023395, ""rate"": 24.0, ""rbf_center_max"": 3.2, ""rbf_center_min"": -3.2, ""rbf_nodes"": 11.0, ""rbf_width"": 1.4631904539, ""ref_jump_deg_max"": 8.0, ""ref_jump_deg_min"": 2.0, ""ref_jump_duration_max"": 0.6, ""ref_jump_duration_min"": 0.15, ""reference_shape"": ""sine"", ""reset_zeta_after_motion"": false, ""reset_zeta_on_segment"": false, ""restore_mode"": false, ""sigma_mod"": 0.2460708825, ""sine_center_mode"": ""lock"", ""soft_start_sec"": 0.0, ""step_absolute_target_deg"": 100.0, ""step_absolute_target_rad"": null, ""step_delta_deg"": -40.0, ""step_ramp_sec"": 1.0, ""step_segment_sec"": 1.5, ""step_sequence_deg"": """", ""step_shape"": ""smoothstep"", ""step_start_sec"": 0.5, ""tail_err_full_deg"": 4.0, ""tail_err_thresh_deg"": 1.5, ""tail_kd"": 0.28459223070885403, ""tail_kp"": 0.0, ""tail_max_control_boost"": 0.0, ""tail_u_max"": 0.0, ""torque_to_current"": 210.0, ""zeta0"": 0.885692967, ""zeta_leak"": 0.0237735451, ""zeta_reset_delay_sec"": 0.0, ""zeta_reset_value"": null, ""zeta_soft"": 0.989185316}"
4,1,1.0,1000016.585722433,528.0,21.958546000000002,0.45120100870097035,1.5471149862495017,0.9220540818651368,11.689221960090245,0.8834142775669424,0.0,0.1683736111111111,0.46096824690307847,1.0506278191,0.8856930344,1.0506278191,0.1649347847,0.007497038729166666,0.01029224482,0.0859082644,0.0,0.0,0.0,1.0,0.4394531284705181,0.15925217169346131,6.570144546437945,1.0,0.05599919297886922,0.1513671874221577,0.19531250026920854,0.0,0.0,0.0,0.0,0.0,0.45120100870097035,0.9220540818651368,11.689221960090245,0.0,0,23.46243904200037,/tmp/nussbaum_step_settle120_runs/optuna_t0004_r01.csv,,"{""alpha"": 7.1072835468, ""amplitude_deg"": 10.0, ""baudrate"": 1000000.0, ""command_sign"": -1.0, ""control_output_scale"": 1.0, ""current_bias_raw"": -0.39420035546990406, ""current_limit_raw"": 0.0, ""default_mode"": 3.0, ""device"": ""/dev/ttyAMA0"", ""disable_anti_windup"": false, ""disable_freeze_nn_on_saturation"": false, ""disable_freeze_zeta_on_saturation"": false, ""disturb_interval_sec"": 30.0, ""disturb_jitter_sec"": 3.0, ""disturb_mode"": ""mixed"", ""disturb_seed"": -1.0, ""disturbance_placement"": ""mid_move"", ""duration"": 22.0, ""dxl_id"": 6.0, ""enable_disturbance"": false, ""frequency_hz"": 0.05, ""fric_coulomb"": 0.015597083508312496, ""fric_vel_scale"": 1.231223584827461, ""gamma_adapt"": 8.7187500403, ""gamma_link"": 1.0415293480339662, ""integral_limit"": 1.6504936083, ""k_delta"": 0.15183518009457206, ""max_abs_e_dot"": 1.0, ""max_control"": 0.0803408261757267, ""max_current_raw"": 45.0, ""max_current_slew"": 18.96727863941188, ""mid_disturbance_offset_sec"": 0.0, ""no_set_current_mode"": false, ""predict_horizon_sec"": 0.004075384383442746, ""pulse_current_raw_max"": 12.0, ""pulse_current_raw_min"": 4.0, ""pulse_duration_max"": 0.6, ""pulse_duration_min"": 0.15, ""q_abs_guard_deg"": 55.0, ""qd_lpf_alpha"": 0.23233269502492293, ""rate"": 24.0, ""rbf_center_max"": 3.2, ""rbf_center_min"": -3.2, ""rbf_nodes"": 11.0, ""rbf_width"": 1.4631904539, ""ref_jump_deg_max"": 8.0, ""ref_jump_deg_min"": 2.0, ""ref_jump_duration_max"": 0.6, ""ref_jump_duration_min"": 0.15, ""reference_shape"": ""sine"", ""reset_zeta_after_motion"": false, ""reset_zeta_on_segment"": false, ""restore_mode"": false, ""sigma_mod"": 0.2460708825, ""sine_center_mode"": ""lock"", ""soft_start_sec"": 0.0, ""step_absolute_target_deg"": 100.0, ""step_absolute_target_rad"": null, ""step_delta_deg"": -40.0, ""step_ramp_sec"": 1.0, ""step_segment_sec"": 1.5, ""step_sequence_deg"": """", ""step_shape"": ""smoothstep"", ""step_start_sec"": 0.5, ""tail_err_full_deg"": 4.0, ""tail_err_thresh_deg"": 1.5, ""tail_kd"": 0.03882580609535938, ""tail_kp"": 0.0, ""tail_max_control_boost"": 0.0, ""tail_u_max"": 0.0, ""torque_to_current"": 210.0, ""zeta0"": 0.885692967, ""zeta_leak"": 0.0237735451, ""zeta_reset_delay_sec"": 0.0, ""zeta_reset_value"": null, ""zeta_soft"": 0.989185316}"
5,1,1.0,1000161.9914398477,528.0,21.958487,4.506228279896917,5.31320669591048,9.276586820795805,16.834343621082827,1.5119914398477425,0.0,0.11003000841750842,0.8610009796645357,1.0401058923,0.8856930132,1.0401058923,0.1544128790999999,0.007018769332575757,0.052733605744999995,0.1541180569,0.0,0.0,0.0,1.0,15.626953122360561,5.345666418179132,2.235029651659454,1.0,4.466232655709095,8.520181901499644,16.834343621082827,0.0,0.0,0.0,0.0,0.0,4.506228279896917,9.276586820795805,16.834343621082827,0.0,0,23.372376226999677,/tmp/nussbaum_step_settle120_runs/optuna_t0005_r01.csv,,"{""alpha"": 7.1072835468, ""amplitude_deg"": 10.0, ""baudrate"": 1000000.0, ""command_sign"": -1.0, ""control_output_scale"": 1.0, ""current_bias_raw"": -0.08268378288773914, ""current_limit_raw"": 0.0, ""default_mode"": 3.0, ""device"": ""/dev/ttyAMA0"", ""disable_anti_windup"": false, ""disable_freeze_nn_on_saturation"": false, ""disable_freeze_zeta_on_saturation"": false, ""disturb_interval_sec"": 30.0, ""disturb_jitter_sec"": 3.0, ""disturb_mode"": ""mixed"", ""disturb_seed"": -1.0, ""disturbance_placement"": ""mid_move"", ""duration"": 22.0, ""dxl_id"": 6.0, ""enable_disturbance"": false, ""frequency_hz"": 0.05, ""fric_coulomb"": 0.01839175883923576, ""fric_vel_scale"": 0.8826130017635561, ""gamma_adapt"": 8.7187500403, ""gamma_link"": 1.2586949011838837, ""integral_limit"": 1.6504936083, ""k_delta"": 0.07064200453664943, ""max_abs_e_dot"": 1.0, ""max_control"": 0.14460466536901037, ""max_current_raw"": 45.0, ""max_current_slew"": 35.36679467626483, ""mid_disturbance_offset_sec"": 0.0, ""no_set_current_mode"": false, ""predict_horizon_sec"": 0.001997706876724038, ""pulse_current_raw_max"": 12.0, ""pulse_current_raw_min"": 4.0, ""pulse_duration_max"": 0.6, ""pulse_duration_min"": 0.15, ""q_abs_guard_deg"": 55.0, ""qd_lpf_alpha"": 0.1909959278815096, ""rate"": 24.0, ""rbf_center_max"": 3.2, ""rbf_center_min"": -3.2, ""rbf_nodes"": 11.0, ""rbf_width"": 1.4631904539, ""ref_jump_deg_max"": 8.0, ""ref_jump_deg_min"": 2.0, ""ref_jump_duration_max"": 0.6, ""ref_jump_duration_min"": 0.15, ""reference_shape"": ""sine"", ""reset_zeta_after_motion"": false, ""reset_zeta_on_segment"": false, ""restore_mode"": false, ""sigma_mod"": 0.2460708825, ""sine_center_mode"": ""lock"", ""soft_start_sec"": 0.0, ""step_absolute_target_deg"": 100.0, ""step_absolute_target_rad"": null, ""step_delta_deg"": -40.0, ""step_ramp_sec"": 1.0, ""step_segment_sec"": 1.5, ""step_sequence_deg"": """", ""step_shape"": ""smoothstep"", ""step_start_sec"": 0.5, ""tail_err_full_deg"": 4.0, ""tail_err_thresh_deg"": 1.5, ""tail_kd"": 0.13452973154873035, ""tail_kp"": 0.0, ""tail_max_control_boost"": 0.0, ""tail_u_max"": 0.0, ""torque_to_current"": 210.0, ""zeta0"": 0.885692967, ""zeta_leak"": 0.0237735451, ""zeta_reset_delay_sec"": 0.0, ""zeta_reset_value"": null, ""zeta_soft"": 0.989185316}"
6,1,1.0,87.8492522190756,528.0,21.958542,5.060936147572247,5.725344711221724,8.746246655212534,12.810343781525436,1.3221520203727417,0.0,0.1099736111111111,0.8594693496099235,1.078019971,0.885692967,1.078019971,0.19232700400000002,0.008742136545833333,0.06340844825999994,0.1979942524,0.0,0.0,0.0,1.0,14.712890626601066,5.5581241386278,2.128589926778103,1.0,5.365065321832911,8.468180449684011,12.810343781525436,0.0,0.0,0.0,0.0,0.0,5.060936147572247,8.746246655212534,12.810343781525436,0.0,0,23.345343542000137,/tmp/nussbaum_step_settle120_runs/optuna_t0006_r01.csv,,"{""alpha"": 7.1072835468, ""amplitude_deg"": 10.0, ""baudrate"": 1000000.0, ""command_sign"": -1.0, ""control_output_scale"": 1.0, ""current_bias_raw"": 0.12899174388584078, ""current_limit_raw"": 0.0, ""default_mode"": 3.0, ""device"": ""/dev/ttyAMA0"", ""disable_anti_windup"": false, ""disable_freeze_nn_on_saturation"": false, ""disable_freeze_zeta_on_saturation"": false, ""disturb_interval_sec"": 30.0, ""disturb_jitter_sec"": 3.0, ""disturb_mode"": ""mixed"", ""disturb_seed"": -1.0, ""disturbance_placement"": ""mid_move"", ""duration"": 22.0, ""dxl_id"": 6.0, ""enable_disturbance"": false, ""frequency_hz"": 0.05, ""fric_coulomb"": 0.014159110424123093, ""fric_vel_scale"": 0.5693676235514772, ""gamma_adapt"": 8.7187500403, ""gamma_link"": 1.1402189425265365, ""integral_limit"": 1.6504936083, ""k_delta"": 0.05614936745452427, ""max_abs_e_dot"": 1.0, ""max_control"": 0.16364693345091008, ""max_current_raw"": 45.0, ""max_current_slew"": 33.72234574946502, ""mid_disturbance_offset_sec"": 0.0, ""no_set_current_mode"": false, ""predict_horizon_sec"": 0.012449031070642451, ""pulse_current_raw_max"": 12.0, ""pulse_current_raw_min"": 4.0, ""pulse_duration_max"": 0.6, ""pulse_duration_min"": 0.15, ""q_abs_guard_deg"": 55.0, ""qd_lpf_alpha"": 0.17607829574511547, ""rate"": 24.0, ""rbf_center_max"": 3.2, ""rbf_center_min"": -3.2, ""rbf_nodes"": 11.0, ""rbf_width"": 1.4631904539, ""ref_jump_deg_max"": 8.0, ""ref_jump_deg_min"": 2.0, ""ref_jump_duration_max"": 0.6, ""ref_jump_duration_min"": 0.15, ""reference_shape"": ""sine"", ""reset_zeta_after_motion"": false, ""reset_zeta_on_segment"": false, ""restore_mode"": false, ""sigma_mod"": 0.2460708825, ""sine_center_mode"": ""lock"", ""soft_start_sec"": 0.0, ""step_absolute_target_deg"": 100.0, ""step_absolute_target_rad"": null, ""step_delta_deg"": -40.0, ""step_ramp_sec"": 1.0, ""step_segment_sec"": 1.5, ""step_sequence_deg"": """", ""step_shape"": ""smoothstep"", ""step_start_sec"": 0.5, ""tail_err_full_deg"": 4.0, ""tail_err_thresh_deg"": 1.5, ""tail_kd"": 0.12918558538879465, ""tail_kp"": 0.0, ""tail_max_control_boost"": 0.0, ""tail_u_max"": 0.0, ""torque_to_current"": 210.0, ""zeta0"": 0.885692967, ""zeta_leak"": 0.0237735451, ""zeta_reset_delay_sec"": 0.0, ""zeta_reset_value"": null, ""zeta_soft"": 0.989185316}"
7,1,1.0,1000220.3463345043,528.0,21.95842,5.27574037709961,5.967415854076878,9.011133854560008,14.886721923849594,1.570346334504355,0.0,0.11545858585858587,0.8876689660656919,0.9775765024,0.885692967,0.9775765024,0.09188353540000005,0.004176524338446968,0.031184990014999983,0.0933923149,0.0,0.0,0.0,1.0,14.85351562771163,5.618878712183799,2.394684439127654,1.0,5.337414414666468,8.416914924913964,9.328716224400335,0.0,0.0,0.0,0.0,0.0,5.27574037709961,9.011133854560008,14.886721923849594,0.0,0,23.336854874999972,/tmp/nussbaum_step_settle120_runs/optuna_t0007_r01.csv,,"{""alpha"": 7.1072835468, ""amplitude_deg"": 10.0, ""baudrate"": 1000000.0, ""command_sign"": -1.0, ""control_output_scale"": 1.0, ""current_bias_raw"": 1.3199933998758864, ""current_limit_raw"": 0.0, ""default_mode"": 3.0, ""device"": ""/dev/ttyAMA0"", ""disable_anti_windup"": false, ""disable_freeze_nn_on_saturation"": false, ""disable_freeze_zeta_on_saturation"": false, ""disturb_interval_sec"": 30.0, ""disturb_jitter_sec"": 3.0, ""disturb_mode"": ""mixed"", ""disturb_seed"": -1.0, ""disturbance_placement"": ""mid_move"", ""duration"": 22.0, ""dxl_id"": 6.0, ""enable_disturbance"": false, ""frequency_hz"": 0.05, ""fric_coulomb"": 0.019359272748637264, ""fric_vel_scale"": 0.9129253393623483, ""gamma_adapt"": 8.7187500403, ""gamma_link"": 1.0957984787782995, ""integral_limit"": 1.6504936083, ""k_delta"": 0.056977944977111256, ""max_abs_e_dot"": 1.0, ""max_control"": 0.11153199911440236, ""max_current_raw"": 45.0, ""max_current_slew"": 41.76538099372222, ""mid_disturbance_offset_sec"": 0.0, ""no_set_current_mode"": false, ""predict_horizon_sec"": 0.0079686422584528, ""pulse_current_raw_max"": 12.0, ""pulse_current_raw_min"": 4.0, ""pulse_duration_max"": 0.6, ""pulse_duration_min"": 0.15, ""q_abs_guard_deg"": 55.0, ""qd_lpf_alpha"": 0.2586153726599475, ""rate"": 24.0, ""rbf_center_max"": 3.2, ""rbf_center_min"": -3.2, ""rbf_nodes"": 11.0, ""rbf_width"": 1.4631904539, ""ref_jump_deg_max"": 8.0, ""ref_jump_deg_min"": 2.0, ""ref_jump_duration_max"": 0.6, ""ref_jump_duration_min"": 0.15, ""reference_shape"": ""sine"", ""reset_zeta_after_motion"": false, ""reset_zeta_on_segment"": false, ""restore_mode"": false, ""sigma_mod"": 0.2460708825, ""sine_center_mode"": ""lock"", ""soft_start_sec"": 0.0, ""step_absolute_target_deg"": 100.0, ""step_absolute_target_rad"": null, ""step_delta_deg"": -40.0, ""step_ramp_sec"": 1.0, ""step_segment_sec"": 1.5, ""step_sequence_deg"": """", ""step_shape"": ""smoothstep"", ""step_start_sec"": 0.5, ""tail_err_full_deg"": 4.0, ""tail_err_thresh_deg"": 1.5, ""tail_kd"": 0.19741767284906414, ""tail_kp"": 0.0, ""tail_max_control_boost"": 0.0, ""tail_u_max"": 0.0, ""torque_to_current"": 210.0, ""zeta0"": 0.885692967, ""zeta_leak"": 0.0237735451, ""zeta_reset_delay_sec"": 0.0, ""zeta_reset_value"": null, ""zeta_soft"": 0.989185316}"
8,1,1.0,84.58808699523455,528.0,21.958436000000003,4.657382305218677,5.309534546986994,9.0709645887213,11.42334318136139,1.2271872088244922,0.0,0.10387739898989899,0.807677104213392,1.0731726096,0.8856929894,1.0731531429,0.18746015350000012,0.008520917086363636,0.04432203195999998,0.1475192128,0.0,0.0,0.0,1.0,14.414062504970687,5.156901458673922,1.915742759809441,1.0,5.167155695636191,8.635415345143695,10.174481107051138,0.0,0.0,0.0,0.0,0.0,4.657382305218677,9.0709645887213,11.42334318136139,0.0,0,23.334563505000006,/tmp/nussbaum_step_settle120_runs/optuna_t0008_r01.csv,,"{""alpha"": 7.1072835468, ""amplitude_deg"": 10.0, ""baudrate"": 1000000.0, ""command_sign"": -1.0, ""control_output_scale"": 1.0, ""current_bias_raw"": 1.2308756112677282, ""current_limit_raw"": 0.0, ""default_mode"": 3.0, ""device"": ""/dev/ttyAMA0"", ""disable_anti_windup"": false, ""disable_freeze_nn_on_saturation"": false, ""disable_freeze_zeta_on_saturation"": false, ""disturb_interval_sec"": 30.0, ""disturb_jitter_sec"": 3.0, ""disturb_mode"": ""mixed"", ""disturb_seed"": -1.0, ""disturbance_placement"": ""mid_move"", ""duration"": 22.0, ""dxl_id"": 6.0, ""enable_disturbance"": false, ""frequency_hz"": 0.05, ""fric_coulomb"": 9.329332180928685e-05, ""fric_vel_scale"": 0.31572486175474146, ""gamma_adapt"": 8.7187500403, ""gamma_link"": 1.037255601938736, ""integral_limit"": 1.6504936083, ""k_delta"": 0.05087616796498207, ""max_abs_e_dot"": 1.0, ""max_control"": 0.14882263927691852, ""max_current_raw"": 45.0, ""max_current_slew"": 28.486862567036393, ""mid_disturbance_offset_sec"": 0.0, ""no_set_current_mode"": false, ""predict_horizon_sec"": 0.006952978244721311, ""pulse_current_raw_max"": 12.0, ""pulse_current_raw_min"": 4.0, ""pulse_duration_max"": 0.6, ""pulse_duration_min"": 0.15, ""q_abs_guard_deg"": 55.0, ""qd_lpf_alpha"": 0.1567304861278045, ""rate"": 24.0, ""rbf_center_max"": 3.2, ""rbf_center_min"": -3.2, ""rbf_nodes"": 11.0, ""rbf_width"": 1.4631904539, ""ref_jump_deg_max"": 8.0, ""ref_jump_deg_min"": 2.0, ""ref_jump_duration_max"": 0.6, ""ref_jump_duration_min"": 0.15, ""reference_shape"": ""sine"", ""reset_zeta_after_motion"": false, ""reset_zeta_on_segment"": false, ""restore_mode"": false, ""sigma_mod"": 0.2460708825, ""sine_center_mode"": ""lock"", ""soft_start_sec"": 0.0, ""step_absolute_target_deg"": 100.0, ""step_absolute_target_rad"": null, ""step_delta_deg"": -40.0, ""step_ramp_sec"": 1.0, ""step_segment_sec"": 1.5, ""step_sequence_deg"": """", ""step_shape"": ""smoothstep"", ""step_start_sec"": 0.5, ""tail_err_full_deg"": 4.0, ""tail_err_thresh_deg"": 1.5, ""tail_kd"": 0.1378131361567147, ""tail_kp"": 0.0, ""tail_max_control_boost"": 0.0, ""tail_u_max"": 0.0, ""torque_to_current"": 210.0, ""zeta0"": 0.885692967, ""zeta_leak"": 0.0237735451, ""zeta_reset_delay_sec"": 0.0, ""zeta_reset_value"": null, ""zeta_soft"": 0.989185316}"
9,1,1.0,1000035.1836285281,528.0,21.958433,0.6343150237703722,1.370212678901936,2.88840024610805,6.258888887307489,0.8648163714718611,0.0,0.16593101851851852,0.2771631439791793,1.0742704675,0.8856930012,1.0742704675,0.18857746630000005,0.00857170456590909,0.012017570694999966,0.1675695305,0.0,0.0,0.0,1.0,1.0546875025996343,0.4014928588640605,2.535634061537952,1.0,0.04688220744067737,0.06835937681309637,0.1074218745751069,0.0,0.0,0.0,0.0,0.0,0.6343150237703722,2.88840024610805,6.258888887307489,0.0,0,23.511205968000013,/tmp/nussbaum_step_settle120_runs/optuna_t0009_r01.csv,,"{""alpha"": 7.1072835468, ""amplitude_deg"": 10.0, ""baudrate"": 1000000.0, ""command_sign"": -1.0, ""control_output_scale"": 1.0, ""current_bias_raw"": -0.6162854793133713, ""current_limit_raw"": 0.0, ""default_mode"": 3.0, ""device"": ""/dev/ttyAMA0"", ""disable_anti_windup"": false, ""disable_freeze_nn_on_saturation"": false, ""disable_freeze_zeta_on_saturation"": false, ""disturb_interval_sec"": 30.0, ""disturb_jitter_sec"": 3.0, ""disturb_mode"": ""mixed"", ""disturb_seed"": -1.0, ""disturbance_placement"": ""mid_move"", ""duration"": 22.0, ""dxl_id"": 6.0, ""enable_disturbance"": false, ""frequency_hz"": 0.05, ""fric_coulomb"": 0.015354041176072166, ""fric_vel_scale"": 1.552287434170879, ""gamma_adapt"": 8.7187500403, ""gamma_link"": 1.0474447316191058, ""integral_limit"": 1.6504936083, ""k_delta"": 0.07611890145245755, ""max_abs_e_dot"": 1.0, ""max_control"": 0.1423214907292616, ""max_current_raw"": 45.0, ""max_current_slew"": 14.97360845085581, ""mid_disturbance_offset_sec"": 0.0, ""no_set_current_mode"": false, ""predict_horizon_sec"": 0.0009503374660752112, ""pulse_current_raw_max"": 12.0, ""pulse_current_raw_min"": 4.0, ""pulse_duration_max"": 0.6, ""pulse_duration_min"": 0.15, ""q_abs_guard_deg"": 55.0, ""qd_lpf_alpha"": 0.18875151292198536, ""rate"": 24.0, ""rbf_center_max"": 3.2, ""rbf_center_min"": -3.2, ""rbf_nodes"": 11.0, ""rbf_width"": 1.4631904539, ""ref_jump_deg_max"": 8.0, ""ref_jump_deg_min"": 2.0, ""ref_jump_duration_max"": 0.6, ""ref_jump_duration_min"": 0.15, ""reference_shape"": ""sine"", ""reset_zeta_after_motion"": false, ""reset_zeta_on_segment"": false, ""restore_mode"": false, ""sigma_mod"": 0.2460708825, ""sine_center_mode"": ""lock"", ""soft_start_sec"": 0.0, ""step_absolute_target_deg"": 100.0, ""step_absolute_target_rad"": null, ""step_delta_deg"": -40.0, ""step_ramp_sec"": 1.0, ""step_segment_sec"": 1.5, ""step_sequence_deg"": """", ""step_shape"": ""smoothstep"", ""step_start_sec"": 0.5, ""tail_err_full_deg"": 4.0, ""tail_err_thresh_deg"": 1.5, ""tail_kd"": 0.026172246887441825, ""tail_kp"": 0.0, ""tail_max_control_boost"": 0.0, ""tail_u_max"": 0.0, ""torque_to_current"": 210.0, ""zeta0"": 0.885692967, ""zeta_leak"": 0.0237735451, ""zeta_reset_delay_sec"": 0.0, ""zeta_reset_value"": null, ""zeta_soft"": 0.989185316}"
10,1,0.0,1000000.0,0.0,0.0,inf,inf,inf,inf,0.0,1.0,1.0,0.0,0.0,0.0,0.0,0.0,0.0,0.0,0.0,0.0,0.0,0.0,0.0,0.0,0.0,0.0,0.0,0.0,0.0,0.0,0.0,0.0,0.0,0.0,0.0,inf,inf,inf,1.0,1,20.132330135999837,/tmp/nussbaum_step_settle120_runs/optuna_t0010_r01.csv,"[DBG] t=  17.00s e=-17.82deg q= 117.51deg q_ref= 100.00deg u= 0.1074 cmd=  -0.48 raw dist(j=0,p=0) | [DBG] t=  18.00s e= -0.77deg q= 100.72deg q_ref= 100.00deg u= 0.1031 cmd=   6.77 raw dist(j=0,p=0) | [ERROR] q guard hit: |q-q_center|=55.81 deg > 55.00","{""alpha"": 7.1072835468, ""amplitude_deg"": 10.0, ""baudrate"": 1000000.0, ""command_sign"": -1.0, ""control_output_scale"": 1.0, ""current_bias_raw"": 0.3951847006671563, ""current_limit_raw"": 0.0, ""default_mode"": 3.0, ""device"": ""/dev/ttyAMA0"", ""disable_anti_windup"": false, ""disable_freeze_nn_on_saturation"": false, ""disable_freeze_zeta_on_saturation"": false, ""disturb_interval_sec"": 30.0, ""disturb_jitter_sec"": 3.0, ""disturb_mode"": ""mixed"", ""disturb_seed"": -1.0, ""disturbance_placement"": ""mid_move"", ""duration"": 22.0, ""dxl_id"": 6.0, ""enable_disturbance"": false, ""frequency_hz"": 0.05, ""fric_coulomb"": 0.008915092357600683, ""fric_vel_scale"": 0.342063911776334, ""gamma_adapt"": 8.7187500403, ""gamma_link"": 1.2000074837840815, ""integral_limit"": 1.6504936083, ""k_delta"": 0.09505723795393388, ""max_abs_e_dot"": 1.0, ""max_control"": 0.107351936669777, ""max_current_raw"": 45.0, ""max_current_slew"": 43.50581627341997, ""mid_disturbance_offset_sec"": 0.0, ""no_set_current_mode"": false, ""predict_horizon_sec"": 0.007417760546340553, ""pulse_current_raw_max"": 12.0, ""pulse_current_raw_min"": 4.0, ""pulse_duration_max"": 0.6, ""pulse_duration_min"": 0.15, ""q_abs_guard_deg"": 55.0, ""qd_lpf_alpha"": 0.09631567767571352, ""rate"": 24.0, ""rbf_center_max"": 3.2, ""rbf_center_min"": -3.2, ""rbf_nodes"": 11.0, ""rbf_width"": 1.4631904539, ""ref_jump_deg_max"": 8.0, ""ref_jump_deg_min"": 2.0, ""ref_jump_duration_max"": 0.6, ""ref_jump_duration_min"": 0.15, ""reference_shape"": ""sine"", ""reset_zeta_after_motion"": false, ""reset_zeta_on_segment"": false, ""restore_mode"": false, ""sigma_mod"": 0.2460708825, ""sine_center_mode"": ""lock"", ""soft_start_sec"": 0.0, ""step_absolute_target_deg"": 100.0, ""step_absolute_target_rad"": null, ""step_delta_deg"": -40.0, ""step_ramp_sec"": 1.0, ""step_segment_sec"": 1.5, ""step_sequence_deg"": """", ""step_shape"": ""smoothstep"", ""step_start_sec"": 0.5, ""tail_err_full_deg"": 4.0, ""tail_err_thresh_deg"": 1.5, ""tail_kd"": 0.20207494983328683, ""tail_kp"": 0.0, ""tail_max_control_boost"": 0.0, ""tail_u_max"": 0.0, ""torque_to_current"": 210.0, ""zeta0"": 0.885692967, ""zeta_leak"": 0.0237735451, ""zeta_reset_delay_sec"": 0.0, ""zeta_reset_value"": null, ""zeta_soft"": 0.989185316}"
11,1,1.0,80.63610584362928,528.0,21.958459,3.7143831083850376,4.596219174782692,9.433271284021016,12.478446410678023,1.2644583808915768,0.0,0.100025968013468,0.7797403354602915,1.1697680726,0.885692967,1.1697680726,0.28407510559999993,0.012912504802651515,0.07035496564999999,0.1180822479,0.0,0.0,0.0,1.0,13.62304687372378,4.303556740636399,2.394679851525592,1.0,4.065843927854747,9.06826852120589,10.789996345091444,0.0,0.0,0.0,0.0,0.0,3.7143831083850376,9.433271284021016,12.478446410678023,0.0,0,23.44221394899978,/tmp/nussbaum_step_settle120_runs/optuna_t0011_r01.csv,,"{""alpha"": 7.1072835468, ""amplitude_deg"": 10.0, ""baudrate"": 1000000.0, ""command_sign"": -1.0, ""control_output_scale"": 1.0, ""current_bias_raw"": -0.5077131191634173, ""current_limit_raw"": 0.0, ""default_mode"": 3.0, ""device"": ""/dev/ttyAMA0"", ""disable_anti_windup"": false, ""disable_freeze_nn_on_saturation"": false, ""disable_freeze_zeta_on_saturation"": false, ""disturb_interval_sec"": 30.0, ""disturb_jitter_sec"": 3.0, ""disturb_mode"": ""mixed"", ""disturb_seed"": -1.0, ""disturbance_placement"": ""mid_move"", ""duration"": 22.0, ""dxl_id"": 6.0, ""enable_disturbance"": false, ""frequency_hz"": 0.05, ""fric_coulomb"": 0.0058655248757103415, ""fric_vel_scale"": 0.6640802288168879, ""gamma_adapt"": 8.7187500403, ""gamma_link"": 0.9257634328440163, ""integral_limit"": 1.6504936083, ""k_delta"": 0.07557667077154193, ""max_abs_e_dot"": 1.0, ""max_control"": 0.16843200445897552, ""max_current_raw"": 45.0, ""max_current_slew"": 34.57329280645766, ""mid_disturbance_offset_sec"": 0.0, ""no_set_current_mode"": false, ""predict_horizon_sec"": 0.007155155405646924, ""pulse_current_raw_max"": 12.0, ""pulse_current_raw_min"": 4.0, ""pulse_duration_max"": 0.6, ""pulse_duration_min"": 0.15, ""q_abs_guard_deg"": 55.0, ""qd_lpf_alpha"": 0.27059049587758427, ""rate"": 24.0, ""rbf_center_max"": 3.2, ""rbf_center_min"": -3.2, ""rbf_nodes"": 11.0, ""rbf_width"": 1.4631904539, ""ref_jump_deg_max"": 8.0, ""ref_jump_deg_min"": 2.0, ""ref_jump_duration_max"": 0.6, ""ref_jump_duration_min"": 0.15, ""reference_shape"": ""sine"", ""reset_zeta_after_motion"": false, ""reset_zeta_on_segment"": false, ""restore_mode"": false, ""sigma_mod"": 0.2460708825, ""sine_center_mode"": ""lock"", ""soft_start_sec"": 0.0, ""step_absolute_target_deg"": 100.0, ""step_absolute_target_rad"": null, ""step_delta_deg"": -40.0, ""step_ramp_sec"": 1.0, ""step_segment_sec"": 1.5, ""step_sequence_deg"": """", ""step_shape"": ""smoothstep"", ""step_start_sec"": 0.5, ""tail_err_full_deg"": 4.0, ""tail_err_thresh_deg"": 1.5, ""tail_kd"": 0.09250758202034383, ""tail_kp"": 0.0, ""tail_max_control_boost"": 0.0, ""tail_u_max"": 0.0, ""torque_to_current"": 210.0, ""zeta0"": 0.885692967, ""zeta_leak"": 0.0237735451, ""zeta_reset_delay_sec"": 0.0, ""zeta_reset_value"": null, ""zeta_soft"": 0.989185316}"
12,1,1.0,69.75560282423004,528.0,21.958512000000002,3.3706759567374696,3.950110803017272,7.075579719350354,9.170542286912866,0.9593194263714009,0.0,0.0981732323232323,0.7539832415518802,1.127845016,0.8856929857,1.127845016,0.2421520303,0.011006911316666666,0.051329234939999954,0.110467565,0.0,0.0,0.0,1.0,11.689453125642274,3.8021990866029203,2.3414580152631133,1.0,3.466919215094644,6.898851354975811,8.741490353505842,0.0,0.0,0.0,0.0,0.0,3.3706759567374696,7.075579719350354,9.170542286912866,0.0,0,23.46212654100009,/tmp/nussbaum_step_settle120_runs/optuna_t0012_r01.csv,,"{""alpha"": 7.1072835468, ""amplitude_deg"": 10.0, ""baudrate"": 1000000.0, ""command_sign"": -1.0, ""control_output_scale"": 1.0, ""current_bias_raw"": -0.9051847181223959, ""current_limit_raw"": 0.0, ""default_mode"": 3.0, ""device"": ""/dev/ttyAMA0"", ""disable_anti_windup"": false, ""disable_freeze_nn_on_saturation"": false, ""disable_freeze_zeta_on_saturation"": false, ""disturb_interval_sec"": 30.0, ""disturb_jitter_sec"": 3.0, ""disturb_mode"": ""mixed"", ""disturb_seed"": -1.0, ""disturbance_placement"": ""mid_move"", ""duration"": 22.0, ""dxl_id"": 6.0, ""enable_disturbance"": false, ""frequency_hz"": 0.05, ""fric_coulomb"": 0.008729509356322772, ""fric_vel_scale"": 1.075974216222378, ""gamma_adapt"": 8.7187500403, ""gamma_link"": 0.948670213578097, ""integral_limit"": 1.6504936083, ""k_delta"": 0.050961711302114125, ""max_abs_e_dot"": 1.0, ""max_control"": 0.15370402078177262, ""max_current_raw"": 45.0, ""max_current_slew"": 31.85286532758335, ""mid_disturbance_offset_sec"": 0.0, ""no_set_current_mode"": false, ""predict_horizon_sec"": 0.007154159441930666, ""pulse_current_raw_max"": 12.0, ""pulse_current_raw_min"": 4.0, ""pulse_duration_max"": 0.6, ""pulse_duration_min"": 0.15, ""q_abs_guard_deg"": 55.0, ""qd_lpf_alpha"": 0.25362212584530414, ""rate"": 24.0, ""rbf_center_max"": 3.2, ""rbf_center_min"": -3.2, ""rbf_nodes"": 11.0, ""rbf_width"": 1.4631904539, ""ref_jump_deg_max"": 8.0, ""ref_jump_deg_min"": 2.0, ""ref_jump_duration_max"": 0.6, ""ref_jump_duration_min"": 0.15, ""reference_shape"": ""sine"", ""reset_zeta_after_motion"": false, ""reset_zeta_on_segment"": false, ""restore_mode"": false, ""sigma_mod"": 0.2460708825, ""sine_center_mode"": ""lock"", ""soft_start_sec"": 0.0, ""step_absolute_target_deg"": 100.0, ""step_absolute_target_rad"": null, ""step_delta_deg"": -40.0, ""step_ramp_sec"": 1.0, ""step_segment_sec"": 1.5, ""step_sequence_deg"": """", ""step_shape"": ""smoothstep"", ""step_start_sec"": 0.5, ""tail_err_full_deg"": 4.0, ""tail_err_thresh_deg"": 1.5, ""tail_kd"": 0.13648773062887826, ""tail_kp"": 0.0, ""tail_max_control_boost"": 0.0, ""tail_u_max"": 0.0, ""torque_to_current"": 210.0, ""zeta0"": 0.885692967, ""zeta_leak"": 0.0237735451, ""zeta_reset_delay_sec"": 0.0, ""zeta_reset_value"": null, ""zeta_soft"": 0.989185316}"
13,1,1.0,1000522.2871737635,528.0,21.958438,7.350234877581076,8.350016626378231,12.925347237905168,20.76647227941938,1.87228717376355,0.0,0.11890681818181817,0.8718497295854789,1.0551282757,0.8856930278,1.0551282757,0.16943524789999997,0.007701604943181819,0.05026618651499998,0.1528051401,0.0,0.0,0.0,1.0,20.90039062389961,7.967029940975047,2.022175603387932,1.0,7.34096696925946,11.520294742109396,12.023486832654186,0.0,0.0,0.0,0.0,0.0,7.350234877581076,12.925347237905168,20.76647227941938,0.0,0,23.37454959700017,/tmp/nussbaum_step_settle120_runs/optuna_t0013_r01.csv,,"{""alpha"": 7.1072835468, ""amplitude_deg"": 10.0, ""baudrate"": 1000000.0, ""command_sign"": -1.0, ""control_output_scale"": 1.0, ""current_bias_raw"": 0.25344439744274494, ""current_limit_raw"": 0.0, ""default_mode"": 3.0, ""device"": ""/dev/ttyAMA0"", ""disable_anti_windup"": false, ""disable_freeze_nn_on_saturation"": false, ""disable_freeze_zeta_on_saturation"": false, ""disturb_interval_sec"": 30.0, ""disturb_jitter_sec"": 3.0, ""disturb_mode"": ""mixed"", ""disturb_seed"": -1.0, ""disturbance_placement"": ""mid_move"", ""duration"": 22.0, ""dxl_id"": 6.0, ""enable_disturbance"": false, ""frequency_hz"": 0.05, ""fric_coulomb"": 0.00561992505473615, ""fric_vel_scale"": 1.2855635980477351, ""gamma_adapt"": 8.7187500403, ""gamma_link"": 1.0018173528458951, ""integral_limit"": 1.6504936083, ""k_delta"": 0.14820349040998818, ""max_abs_e_dot"": 1.0, ""max_control"": 0.19784067495574423, ""max_current_raw"": 45.0, ""max_current_slew"": 36.139952941646385, ""mid_disturbance_offset_sec"": 0.0, ""no_set_current_mode"": false, ""predict_horizon_sec"": 0.014996321212489318, ""pulse_current_raw_max"": 12.0, ""pulse_current_raw_min"": 4.0, ""pulse_duration_max"": 0.6, ""pulse_duration_min"": 0.15, ""q_abs_guard_deg"": 55.0, ""qd_lpf_alpha"": 0.1342243147758475, ""rate"": 24.0, ""rbf_center_max"": 3.2, ""rbf_center_min"": -3.2, ""rbf_nodes"": 11.0, ""rbf_width"": 1.4631904539, ""ref_jump_deg_max"": 8.0, ""ref_jump_deg_min"": 2.0, ""ref_jump_duration_max"": 0.6, ""ref_jump_duration_min"": 0.15, ""reference_shape"": ""sine"", ""reset_zeta_after_motion"": false, ""reset_zeta_on_segment"": false, ""restore_mode"": false, ""sigma_mod"": 0.2460708825, ""sine_center_mode"": ""lock"", ""soft_start_sec"": 0.0, ""step_absolute_target_deg"": 100.0, ""step_absolute_target_rad"": null, ""step_delta_deg"": -40.0, ""step_ramp_sec"": 1.0, ""step_segment_sec"": 1.5, ""step_sequence_deg"": """", ""step_shape"": ""smoothstep"", ""step_start_sec"": 0.5, ""tail_err_full_deg"": 4.0, ""tail_err_thresh_deg"": 1.5, ""tail_kd"": 0.0720004425233967, ""tail_kp"": 0.0, ""tail_max_control_boost"": 0.0, ""tail_u_max"": 0.0, ""torque_to_current"": 210.0, ""zeta0"": 0.885692967, ""zeta_leak"": 0.0237735451, ""zeta_reset_delay_sec"": 0.0, ""zeta_reset_value"": null, ""zeta_soft"": 0.989185316}"
14,1,1.0,1000973.320827707,528.0,21.958464000000003,6.741477179584935,8.257990038198258,15.428488325185924,32.099468977548554,2.3233208277069965,0.0,0.1089006734006734,0.8666086453281012,1.0340256672,0.8856929969,1.0340256672,0.14833267030000008,0.006742395463825757,0.044081934844999934,0.133978496,0.0,0.0,0.0,1.0,21.4277343780642,7.107301512578826,1.8625281787209667,1.0,6.959145540298586,14.850718742829052,16.350852366332035,0.0,0.0,0.0,0.0,0.0,6.741477179584935,15.428488325185924,32.099468977548554,0.0,0,23.34319935600024,/tmp/nussbaum_step_settle120_runs/optuna_t0014_r01.csv,,"{""alpha"": 7.1072835468, ""amplitude_deg"": 10.0, ""baudrate"": 1000000.0, ""command_sign"": -1.0, ""control_output_scale"": 1.0, ""current_bias_raw"": -0.5254760187697172, ""current_limit_raw"": 0.0, ""default_mode"": 3.0, ""device"": ""/dev/ttyAMA0"", ""disable_anti_windup"": false, ""disable_freeze_nn_on_saturation"": false, ""disable_freeze_zeta_on_saturation"": false, ""disturb_interval_sec"": 30.0, ""disturb_jitter_sec"": 3.0, ""disturb_mode"": ""mixed"", ""disturb_seed"": -1.0, ""disturbance_placement"": ""mid_move"", ""duration"": 22.0, ""dxl_id"": 6.0, ""enable_disturbance"": false, ""frequency_hz"": 0.05, ""fric_coulomb"": 0.019468218604509417, ""fric_vel_scale"": 2.452989817568015, ""gamma_adapt"": 8.7187500403, ""gamma_link"": 0.9136484789181346, ""integral_limit"": 1.6504936083, ""k_delta"": 0.08787464177557987, ""max_abs_e_dot"": 1.0, ""max_control"": 0.15692194395239048, ""max_current_raw"": 45.0, ""max_current_slew"": 30.703126618257098, ""mid_disturbance_offset_sec"": 0.0, ""no_set_current_mode"": false, ""predict_horizon_sec"": 0.0016581521236360686, ""pulse_current_raw_max"": 12.0, ""pulse_current_raw_min"": 4.0, ""pulse_duration_max"": 0.6, ""pulse_duration_min"": 0.15, ""q_abs_guard_deg"": 55.0, ""qd_lpf_alpha"": 0.12101525226937337, ""rate"": 24.0, ""rbf_center_max"": 3.2, ""rbf_center_min"": -3.2, ""rbf_nodes"": 11.0, ""rbf_width"": 1.4631904539, ""ref_jump_deg_max"": 8.0, ""ref_jump_deg_min"": 2.0, ""ref_jump_duration_max"": 0.6, ""ref_jump_duration_min"": 0.15, ""reference_shape"": ""sine"", ""reset_zeta_after_motion"": false, ""reset_zeta_on_segment"": false, ""restore_mode"": false, ""sigma_mod"": 0.2460708825, ""sine_center_mode"": ""lock"", ""soft_start_sec"": 0.0, ""step_absolute_target_deg"": 100.0, ""step_absolute_target_rad"": null, ""step_delta_deg"": -40.0, ""step_ramp_sec"": 1.0, ""step_segment_sec"": 1.5, ""step_sequence_deg"": """", ""step_shape"": ""smoothstep"", ""step_start_sec"": 0.5, ""tail_err_full_deg"": 4.0, ""tail_err_thresh_deg"": 1.5, ""tail_kd"": 0.27278567915520446, ""tail_kp"": 0.0, ""tail_max_control_boost"": 0.0, ""tail_u_max"": 0.0, ""torque_to_current"": 210.0, ""zeta0"": 0.885692967, ""zeta_leak"": 0.0237735451, ""zeta_reset_delay_sec"": 0.0, ""zeta_reset_value"": null, ""zeta_soft"": 0.989185316}"
15,1,1.0,1000536.8237911988,528.0,21.958456,5.4480745838165285,6.283367247189029,11.204617432587174,16.365004922345047,1.8868237911988142,0.0,0.11311898148148149,0.8690447266747502,1.0736324579,0.8856930648,1.0736324579,0.18793939310000007,0.008542704129734848,0.07174891562999991,0.1684084898,0.0,0.0,0.0,1.0,15.714843753784237,5.761250239754015,2.501108736181241,1.0,5.552023674919166,10.20593517506568,12.975902428794898,0.0,0.0,0.0,0.0,0.0,5.4480745838165285,11.204617432587174,16.365004922345047,0.0,0,23.33304500500026,/tmp/nussbaum_step_settle120_runs/optuna_t0015_r01.csv,,"{""alpha"": 7.1072835468, ""amplitude_deg"": 10.0, ""baudrate"": 1000000.0, ""command_sign"": -1.0, ""control_output_scale"": 1.0, ""current_bias_raw"": -0.8627032624711678, ""current_limit_raw"": 0.0, ""default_mode"": 3.0, ""device"": ""/dev/ttyAMA0"", ""disable_anti_windup"": false, ""disable_freeze_nn_on_saturation"": false, ""disable_freeze_zeta_on_saturation"": false, ""disturb_interval_sec"": 30.0, ""disturb_jitter_sec"": 3.0, ""disturb_mode"": ""mixed"", ""disturb_seed"": -1.0, ""disturbance_placement"": ""mid_move"", ""duration"": 22.0, ""dxl_id"": 6.0, ""enable_disturbance"": false, ""frequency_hz"": 0.05, ""fric_coulomb"": 0.004521561085178809, ""fric_vel_scale"": 0.6381532971593273, ""gamma_adapt"": 8.7187500403, ""gamma_link"": 1.1631020076599732, ""integral_limit"": 1.6504936083, ""k_delta"": 0.17567667381862717, ""max_abs_e_dot"": 1.0, ""max_control"": 0.20769812503935206, ""max_current_raw"": 45.0, ""max_current_slew"": 43.4882365897132, ""mid_disturbance_offset_sec"": 0.0, ""no_set_current_mode"": false, ""predict_horizon_sec"": 0.006131245469564119, ""pulse_current_raw_max"": 12.0, ""pulse_current_raw_min"": 4.0, ""pulse_duration_max"": 0.6, ""pulse_duration_min"": 0.15, ""q_abs_guard_deg"": 55.0, ""qd_lpf_alpha"": 0.2772271609595506, ""rate"": 24.0, ""rbf_center_max"": 3.2, ""rbf_center_min"": -3.2, ""rbf_nodes"": 11.0, ""rbf_width"": 1.4631904539, ""ref_jump_deg_max"": 8.0, ""ref_jump_deg_min"": 2.0, ""ref_jump_duration_max"": 0.6, ""ref_jump_duration_min"": 0.15, ""reference_shape"": ""sine"", ""reset_zeta_after_motion"": false, ""reset_zeta_on_segment"": false, ""restore_mode"": false, ""sigma_mod"": 0.2460708825, ""sine_center_mode"": ""lock"", ""soft_start_sec"": 0.0, ""step_absolute_target_deg"": 100.0, ""step_absolute_target_rad"": null, ""step_delta_deg"": -40.0, ""step_ramp_sec"": 1.0, ""step_segment_sec"": 1.5, ""step_sequence_deg"": """", ""step_shape"": ""smoothstep"", ""step_start_sec"": 0.5, ""tail_err_full_deg"": 4.0, ""tail_err_thresh_deg"": 1.5, ""tail_kd"": 0.024762850437464796, ""tail_kp"": 0.0, ""tail_max_control_boost"": 0.0, ""tail_u_max"": 0.0, ""torque_to_current"": 210.0, ""zeta0"": 0.885692967, ""zeta_leak"": 0.0237735451, ""zeta_reset_delay_sec"": 0.0, ""zeta_reset_value"": null, ""zeta_soft"": 0.989185316}"
16,1,1.0,1000040.3359738899,528.0,21.958474000000002,3.9562442613274773,4.590131267741064,8.223998271729322,13.599019544810284,1.3903359738898728,0.0,0.10318362794612794,0.852690604119146,0.9850461217,0.885692967,0.9850461217,0.09935315470000006,0.004516052486363636,0.03194873637999999,0.1021044277,0.0,0.0,0.0,1.0,12.128906248383203,4.154788470943292,2.660751850779076,1.0,4.111206056868881,7.898139167293797,8.932871205925707,0.0,0.0,0.0,0.0,0.0,3.9562442613274773,8.223998271729322,13.599019544810284,0.0,0,23.338881688999663,/tmp/nussbaum_step_settle120_runs/optuna_t0016_r01.csv,,"{""alpha"": 7.1072835468, ""amplitude_deg"": 10.0, ""baudrate"": 1000000.0, ""command_sign"": -1.0, ""control_output_scale"": 1.0, ""current_bias_raw"": 0.7270168207400887, ""current_limit_raw"": 0.0, ""default_mode"": 3.0, ""device"": ""/dev/ttyAMA0"", ""disable_anti_windup"": false, ""disable_freeze_nn_on_saturation"": false, ""disable_freeze_zeta_on_saturation"": false, ""disturb_interval_sec"": 30.0, ""disturb_jitter_sec"": 3.0, ""disturb_mode"": ""mixed"", ""disturb_seed"": -1.0, ""disturbance_placement"": ""mid_move"", ""duration"": 22.0, ""dxl_id"": 6.0, ""enable_disturbance"": false, ""frequency_hz"": 0.05, ""fric_coulomb"": 0.0075015624466586986, ""fric_vel_scale"": 0.4148910904607009, ""gamma_adapt"": 8.7187500403, ""gamma_link"": 0.9449469452547288, ""integral_limit"": 1.6504936083, ""k_delta"": 0.07725974658808837, ""max_abs_e_dot"": 1.0, ""max_control"": 0.10818139731376103, ""max_current_raw"": 45.0, ""max_current_slew"": 40.160039882046895, ""mid_disturbance_offset_sec"": 0.0, ""no_set_current_mode"": false, ""predict_horizon_sec"": 0.009036664206565159, ""pulse_current_raw_max"": 12.0, ""pulse_current_raw_min"": 4.0, ""pulse_duration_max"": 0.6, ""pulse_duration_min"": 0.15, ""q_abs_guard_deg"": 55.0, ""qd_lpf_alpha"": 0.252599276813961, ""rate"": 24.0, ""rbf_center_max"": 3.2, ""rbf_center_min"": -3.2, ""rbf_nodes"": 11.0, ""rbf_width"": 1.4631904539, ""ref_jump_deg_max"": 8.0, ""ref_jump_deg_min"": 2.0, ""ref_jump_duration_max"": 0.6, ""ref_jump_duration_min"": 0.15, ""reference_shape"": ""sine"", ""reset_zeta_after_motion"": false, ""reset_zeta_on_segment"": false, ""restore_mode"": false, ""sigma_mod"": 0.2460708825, ""sine_center_mode"": ""lock"", ""soft_start_sec"": 0.0, ""step_absolute_target_deg"": 100.0, ""step_absolute_target_rad"": null, ""step_delta_deg"": -40.0, ""step_ramp_sec"": 1.0, ""step_segment_sec"": 1.5, ""step_sequence_deg"": """", ""step_shape"": ""smoothstep"", ""step_start_sec"": 0.5, ""tail_err_full_deg"": 4.0, ""tail_err_thresh_deg"": 1.5, ""tail_kd"": 0.09173993886120939, ""tail_kp"": 0.0, ""tail_max_control_boost"": 0.0, ""tail_u_max"": 0.0, ""torque_to_current"": 210.0, ""zeta0"": 0.885692967, ""zeta_leak"": 0.0237735451, ""zeta_reset_delay_sec"": 0.0, ""zeta_reset_value"": null, ""zeta_soft"": 0.989185316}"
17,1,1.0,81.37145311972827,528.0,21.958535,4.640939210891384,5.219033255049837,8.427387777230578,10.875329361672597,1.1672334470081032,0.0,0.0963161616161616,0.8530861262517172,1.0021116199,0.885692967,1.0021116199,0.11641865289999997,0.005291756951704545,0.03301699680499999,0.0917376435,0.0,0.0,0.0,1.0,14.062500002194284,5.163943806554137,1.8254937504221453,1.0,4.809026985022809,8.394607678326818,9.130914062083098,0.0,0.0,0.0,0.0,0.0,4.640939210891384,8.427387777230578,10.875329361672597,0.0,0,23.449612930000058,/tmp/nussbaum_step_settle120_runs/optuna_t0017_r01.csv,,"{""alpha"": 7.1072835468, ""amplitude_deg"": 10.0, ""baudrate"": 1000000.0, ""command_sign"": -1.0, ""control_output_scale"": 1.0, ""current_bias_raw"": -0.9811091849758611, ""current_limit_raw"": 0.0, ""default_mode"": 3.0, ""device"": ""/dev/ttyAMA0"", ""disable_anti_windup"": false, ""disable_freeze_nn_on_saturation"": false, ""disable_freeze_zeta_on_saturation"": false, ""disturb_interval_sec"": 30.0, ""disturb_jitter_sec"": 3.0, ""disturb_mode"": ""mixed"", ""disturb_seed"": -1.0, ""disturbance_placement"": ""mid_move"", ""duration"": 22.0, ""dxl_id"": 6.0, ""enable_disturbance"": false, ""frequency_hz"": 0.05, ""fric_coulomb"": 0.01761177693156123, ""fric_vel_scale"": 0.7480217062928859, ""gamma_adapt"": 8.7187500403, ""gamma_link"": 1.2704726128724606, ""integral_limit"": 1.6504936083, ""k_delta"": 0.14489422242350194, ""max_abs_e_dot"": 1.0, ""max_control"": 0.1082000498031127, ""max_current_raw"": 45.0, ""max_current_slew"": 25.609738762959985, ""mid_disturbance_offset_sec"": 0.0, ""no_set_current_mode"": false, ""predict_horizon_sec"": 0.004998956491398262, ""pulse_current_raw_max"": 12.0, ""pulse_current_raw_min"": 4.0, ""pulse_duration_max"": 0.6, ""pulse_duration_min"": 0.15, ""q_abs_guard_deg"": 55.0, ""qd_lpf_alpha"": 0.1505356369393522, ""rate"": 24.0, ""rbf_center_max"": 3.2, ""rbf_center_min"": -3.2, ""rbf_nodes"": 11.0, ""rbf_width"": 1.4631904539, ""ref_jump_deg_max"": 8.0, ""ref_jump_deg_min"": 2.0, ""ref_jump_duration_max"": 0.6, ""ref_jump_duration_min"": 0.15, ""reference_shape"": ""sine"", ""reset_zeta_after_motion"": false, ""reset_zeta_on_segment"": false, ""restore_mode"": false, ""sigma_mod"": 0.2460708825, ""sine_center_mode"": ""lock"", ""soft_start_sec"": 0.0, ""step_absolute_target_deg"": 100.0, ""step_absolute_target_rad"": null, ""step_delta_deg"": -40.0, ""step_ramp_sec"": 1.0, ""step_segment_sec"": 1.5, ""step_sequence_deg"": """", ""step_shape"": ""smoothstep"", ""step_start_sec"": 0.5, ""tail_err_full_deg"": 4.0, ""tail_err_thresh_deg"": 1.5, ""tail_kd"": 0.05675449323383107, ""tail_kp"": 0.0, ""tail_max_control_boost"": 0.0, ""tail_u_max"": 0.0, ""torque_to_current"": 210.0, ""zeta0"": 0.885692967, ""zeta_leak"": 0.0237735451, ""zeta_reset_delay_sec"": 0.0, ""zeta_reset_value"": null, ""zeta_soft"": 0.989185316}"
18,1,1.0,1000026.5149577657,528.0,21.95852,3.8734938217105648,4.584964494204409,9.14450583135694,12.73208453626044,1.3765149577657207,0.0,0.10098425925925925,0.8490096412527135,1.0011765912,0.8856930484,1.0011765912,0.11548354279999995,0.0052492556481060606,0.03747813283999999,0.0689558023,0.0,0.0,0.0,1.0,13.253906249246299,4.14407826310136,2.6075307083303954,1.0,3.7036343881171963,6.362176029142768,9.760640899437206,0.0,0.0,0.0,0.0,0.0,3.8734938217105648,9.14450583135694,12.73208453626044,0.0,0,23.330529318999652,/tmp/nussbaum_step_settle120_runs/optuna_t0018_r01.csv,,"{""alpha"": 7.1072835468, ""amplitude_deg"": 10.0, ""baudrate"": 1000000.0, ""command_sign"": -1.0, ""control_output_scale"": 1.0, ""current_bias_raw"": -1.3722918250257585, ""current_limit_raw"": 0.0, ""default_mode"": 3.0, ""device"": ""/dev/ttyAMA0"", ""disable_anti_windup"": false, ""disable_freeze_nn_on_saturation"": false, ""disable_freeze_zeta_on_saturation"": false, ""disturb_interval_sec"": 30.0, ""disturb_jitter_sec"": 3.0, ""disturb_mode"": ""mixed"", ""disturb_seed"": -1.0, ""disturbance_placement"": ""mid_move"", ""duration"": 22.0, ""dxl_id"": 6.0, ""enable_disturbance"": false, ""frequency_hz"": 0.05, ""fric_coulomb"": 0.010598990247856353, ""fric_vel_scale"": 2.191971676524129, ""gamma_adapt"": 8.7187500403, ""gamma_link"": 1.0752098419354408, ""integral_limit"": 1.6504936083, ""k_delta"": 0.17168215811540888, ""max_abs_e_dot"": 1.0, ""max_control"": 0.11919751895818423, ""max_current_raw"": 45.0, ""max_current_slew"": 37.23807573515156, ""mid_disturbance_offset_sec"": 0.0, ""no_set_current_mode"": false, ""predict_horizon_sec"": 0.012451598656740455, ""pulse_current_raw_max"": 12.0, ""pulse_current_raw_min"": 4.0, ""pulse_duration_max"": 0.6, ""pulse_duration_min"": 0.15, ""q_abs_guard_deg"": 55.0, ""qd_lpf_alpha"": 0.2505666540894994, ""rate"": 24.0, ""rbf_center_max"": 3.2, ""rbf_center_min"": -3.2, ""rbf_nodes"": 11.0, ""rbf_width"": 1.4631904539, ""ref_jump_deg_max"": 8.0, ""ref_jump_deg_min"": 2.0, ""ref_jump_duration_max"": 0.6, ""ref_jump_duration_min"": 0.15, ""reference_shape"": ""sine"", ""reset_zeta_after_motion"": false, ""reset_zeta_on_segment"": false, ""restore_mode"": false, ""sigma_mod"": 0.2460708825, ""sine_center_mode"": ""lock"", ""soft_start_sec"": 0.0, ""step_absolute_target_deg"": 100.0, ""step_absolute_target_rad"": null, ""step_delta_deg"": -40.0, ""step_ramp_sec"": 1.0, ""step_segment_sec"": 1.5, ""step_sequence_deg"": """", ""step_shape"": ""smoothstep"", ""step_start_sec"": 0.5, ""tail_err_full_deg"": 4.0, ""tail_err_thresh_deg"": 1.5, ""tail_kd"": 0.09721192166636673, ""tail_kp"": 0.0, ""tail_max_control_boost"": 0.0, ""tail_u_max"": 0.0, ""torque_to_current"": 210.0, ""zeta0"": 0.885692967, ""zeta_leak"": 0.0237735451, ""zeta_reset_delay_sec"": 0.0, ""zeta_reset_value"": null, ""zeta_soft"": 0.989185316}"
19,1,1.0,73.33137679777381,528.0,21.958452,3.4827607100370717,4.239414605661357,8.438000292593415,11.981681425498701,1.1356236214410649,0.0,0.09570361952861954,0.821131755660402,1.0355473393,0.885692967,1.0355473393,0.1498543723000001,0.006811562378409091,0.036715140524999995,0.0741530883,0.0,0.0,0.0,1.0,12.832031248206434,4.098438558370465,2.0753949476585394,1.0,3.4161026485725654,7.954175491035146,9.647758949068887,0.0,0.0,0.0,0.0,0.0,3.4827607100370717,8.438000292593415,11.981681425498701,0.0,0,23.379330690000188,/tmp/nussbaum_step_settle120_runs/optuna_t0019_r01.csv,,"{""alpha"": 7.1072835468, ""amplitude_deg"": 10.0, ""baudrate"": 1000000.0, ""command_sign"": -1.0, ""control_output_scale"": 1.0, ""current_bias_raw"": -0.8825601911894364, ""current_limit_raw"": 0.0, ""default_mode"": 3.0, ""device"": ""/dev/ttyAMA0"", ""disable_anti_windup"": false, ""disable_freeze_nn_on_saturation"": false, ""disable_freeze_zeta_on_saturation"": false, ""disturb_interval_sec"": 30.0, ""disturb_jitter_sec"": 3.0, ""disturb_mode"": ""mixed"", ""disturb_seed"": -1.0, ""disturbance_placement"": ""mid_move"", ""duration"": 22.0, ""dxl_id"": 6.0, ""enable_disturbance"": false, ""frequency_hz"": 0.05, ""fric_coulomb"": 0.006633071396022257, ""fric_vel_scale"": 0.3179248037872952, ""gamma_adapt"": 8.7187500403, ""gamma_link"": 1.2900476130396843, ""integral_limit"": 1.6504936083, ""k_delta"": 0.07676419398039297, ""max_abs_e_dot"": 1.0, ""max_control"": 0.10685715663822867, ""max_current_raw"": 45.0, ""max_current_slew"": 26.585329131987425, ""mid_disturbance_offset_sec"": 0.0, ""no_set_current_mode"": false, ""predict_horizon_sec"": 0.014899034885724794, ""pulse_current_raw_max"": 12.0, ""pulse_current_raw_min"": 4.0, ""pulse_duration_max"": 0.6, ""pulse_duration_min"": 0.15, ""q_abs_guard_deg"": 55.0, ""qd_lpf_alpha"": 0.2085540899028404, ""rate"": 24.0, ""rbf_center_max"": 3.2, ""rbf_center_min"": -3.2, ""rbf_nodes"": 11.0, ""rbf_width"": 1.4631904539, ""ref_jump_deg_max"": 8.0, ""ref_jump_deg_min"": 2.0, ""ref_jump_duration_max"": 0.6, ""ref_jump_duration_min"": 0.15, ""reference_shape"": ""sine"", ""reset_zeta_after_motion"": false, ""reset_zeta_on_segment"": false, ""restore_mode"": false, ""sigma_mod"": 0.2460708825, ""sine_center_mode"": ""lock"", ""soft_start_sec"": 0.0, ""step_absolute_target_deg"": 100.0, ""step_absolute_target_rad"": null, ""step_delta_deg"": -40.0, ""step_ramp_sec"": 1.0, ""step_segment_sec"": 1.5, ""step_sequence_deg"": """", ""step_shape"": ""smoothstep"", ""step_start_sec"": 0.5, ""tail_err_full_deg"": 4.0, ""tail_err_thresh_deg"": 1.5, ""tail_kd"": 0.1984215111619372, ""tail_kp"": 0.0, ""tail_max_control_boost"": 0.0, ""tail_u_max"": 0.0, ""torque_to_current"": 210.0, ""zeta0"": 0.885692967, ""zeta_leak"": 0.0237735451, ""zeta_reset_delay_sec"": 0.0, ""zeta_reset_value"": null, ""zeta_soft"": 0.989185316}"
20,1,1.0,1000758.9348169706,528.0,21.958433000000003,8.087798560096616,9.465309454346116,17.5016436515322,20.609359259233262,2.1089348169705846,0.0,0.13087752525252525,0.9196861944444956,0.9196522277,0.885692967,0.9196522277,0.033959260699999994,0.0015436027604166665,0.004723497649999992,0.0878645905,0.0,0.0,0.0,1.0,27.703125001056875,9.364794456357522,2.1333333333333333,1.0,8.274136082526631,16.820866599499006,18.61507500253915,0.0,0.0,0.0,0.0,0.0,8.087798560096616,17.5016436515322,20.609359259233262,0.0,0,23.365834707999966,/tmp/nussbaum_step_settle120_runs/optuna_t0020_r01.csv,,"{""alpha"": 7.1072835468, ""amplitude_deg"": 10.0, ""baudrate"": 1000000.0, ""command_sign"": -1.0, ""control_output_scale"": 1.0, ""current_bias_raw"": -0.0036123210819523077, ""current_limit_raw"": 0.0, ""default_mode"": 3.0, ""device"": ""/dev/ttyAMA0"", ""disable_anti_windup"": false, ""disable_freeze_nn_on_saturation"": false, ""disable_freeze_zeta_on_saturation"": false, ""disturb_interval_sec"": 30.0, ""disturb_jitter_sec"": 3.0, ""disturb_mode"": ""mixed"", ""disturb_seed"": -1.0, ""disturbance_placement"": ""mid_move"", ""duration"": 22.0, ""dxl_id"": 6.0, ""enable_disturbance"": false, ""frequency_hz"": 0.05, ""fric_coulomb"": 0.016004664327676246, ""fric_vel_scale"": 0.47488923816473355, ""gamma_adapt"": 8.7187500403, ""gamma_link"": 1.1196110051319053, ""integral_limit"": 1.6504936083, ""k_delta"": 0.09277584041762574, ""max_abs_e_dot"": 1.0, ""max_control"": 0.08399739118833471, ""max_current_raw"": 45.0, ""max_current_slew"": 44.243205843295236, ""mid_disturbance_offset_sec"": 0.0, ""no_set_current_mode"": false, ""predict_horizon_sec"": 0.006152107718074274, ""pulse_current_raw_max"": 12.0, ""pulse_current_raw_min"": 4.0, ""pulse_duration_max"": 0.6, ""pulse_duration_min"": 0.15, ""q_abs_guard_deg"": 55.0, ""qd_lpf_alpha"": 0.17508203407628264, ""rate"": 24.0, ""rbf_center_max"": 3.2, ""rbf_center_min"": -3.2, ""rbf_nodes"": 11.0, ""rbf_width"": 1.4631904539, ""ref_jump_deg_max"": 8.0, ""ref_jump_deg_min"": 2.0, ""ref_jump_duration_max"": 0.6, ""ref_jump_duration_min"": 0.15, ""reference_shape"": ""sine"", ""reset_zeta_after_motion"": false, ""reset_zeta_on_segment"": false, ""restore_mode"": false, ""sigma_mod"": 0.2460708825, ""sine_center_mode"": ""lock"", ""soft_start_sec"": 0.0, ""step_absolute_target_deg"": 100.0, ""step_absolute_target_rad"": null, ""step_delta_deg"": -40.0, ""step_ramp_sec"": 1.0, ""step_segment_sec"": 1.5, ""step_sequence_deg"": """", ""step_shape"": ""smoothstep"", ""step_start_sec"": 0.5, ""tail_err_full_deg"": 4.0, ""tail_err_thresh_deg"": 1.5, ""tail_kd"": 0.2562546291671203, ""tail_kp"": 0.0, ""tail_max_control_boost"": 0.0, ""tail_u_max"": 0.0, ""torque_to_current"": 210.0, ""zeta0"": 0.885692967, ""zeta_leak"": 0.0237735451, ""zeta_reset_delay_sec"": 0.0, ""zeta_reset_value"": null, ""zeta_soft"": 0.989185316}"
21,1,1.0,1000706.4137899914,528.0,21.95844,7.637288566981692,9.081748443773273,17.48160768756721,21.892130207718616,2.05641378999137,0.0,0.12125778619528621,0.8892121450935693,1.0300641899,0.8856930618,1.0300641899,0.14437112810000008,0.006562328316098484,0.051747011099999976,0.1269761112,0.0,0.0,0.0,1.0,26.49023437220785,8.70425932852256,2.235036906845152,1.0,7.663090847666159,16.973952127455803,18.903992001680606,0.0,0.0,0.0,0.0,0.0,7.637288566981692,17.48160768756721,21.892130207718616,0.0,0,23.380353431000003,/tmp/nussbaum_step_settle120_runs/optuna_t0021_r01.csv,,"{""alpha"": 7.1072835468, ""amplitude_deg"": 10.0, ""baudrate"": 1000000.0, ""command_sign"": -1.0, ""control_output_scale"": 1.0, ""current_bias_raw"": 0.7751226585219846, ""current_limit_raw"": 0.0, ""default_mode"": 3.0, ""device"": ""/dev/ttyAMA0"", ""disable_anti_windup"": false, ""disable_freeze_nn_on_saturation"": false, ""disable_freeze_zeta_on_saturation"": false, ""disturb_interval_sec"": 30.0, ""disturb_jitter_sec"": 3.0, ""disturb_mode"": ""mixed"", ""disturb_seed"": -1.0, ""disturbance_placement"": ""mid_move"", ""duration"": 22.0, ""dxl_id"": 6.0, ""enable_disturbance"": false, ""frequency_hz"": 0.05, ""fric_coulomb"": 0.015511483711100825, ""fric_vel_scale"": 1.2671470097732533, ""gamma_adapt"": 8.7187500403, ""gamma_link"": 1.1677918191791026, ""integral_limit"": 1.6504936083, ""k_delta"": 0.16894207081615667, ""max_abs_e_dot"": 1.0, ""max_control"": 0.20176633684025405, ""max_current_raw"": 45.0, ""max_current_slew"": 40.667309479700066, ""mid_disturbance_offset_sec"": 0.0, ""no_set_current_mode"": false, ""predict_horizon_sec"": 0.011760960780781336, ""pulse_current_raw_max"": 12.0, ""pulse_current_raw_min"": 4.0, ""pulse_duration_max"": 0.6, ""pulse_duration_min"": 0.15, ""q_abs_guard_deg"": 55.0, ""qd_lpf_alpha"": 0.20331988508790416, ""rate"": 24.0, ""rbf_center_max"": 3.2, ""rbf_center_min"": -3.2, ""rbf_nodes"": 11.0, ""rbf_width"": 1.4631904539, ""ref_jump_deg_max"": 8.0, ""ref_jump_deg_min"": 2.0, ""ref_jump_duration_max"": 0.6, ""ref_jump_duration_min"": 0.15, ""reference_shape"": ""sine"", ""reset_zeta_after_motion"": false, ""reset_zeta_on_segment"": false, ""restore_mode"": false, ""sigma_mod"": 0.2460708825, ""sine_center_mode"": ""lock"", ""soft_start_sec"": 0.0, ""step_absolute_target_deg"": 100.0, ""step_absolute_target_rad"": null, ""step_delta_deg"": -40.0, ""step_ramp_sec"": 1.0, ""step_segment_sec"": 1.5, ""step_sequence_deg"": """", ""step_shape"": ""smoothstep"", ""step_start_sec"": 0.5, ""tail_err_full_deg"": 4.0, ""tail_err_thresh_deg"": 1.5, ""tail_kd"": 0.20436373543395922, ""tail_kp"": 0.0, ""tail_max_control_boost"": 0.0, ""tail_u_max"": 0.0, ""torque_to_current"": 210.0, ""zeta0"": 0.885692967, ""zeta_leak"": 0.0237735451, ""zeta_reset_delay_sec"": 0.0, ""zeta_reset_value"": null, ""zeta_soft"": 0.989185316}"
22,1,1.0,1000224.7648234406,528.0,21.958451,4.660329257069201,5.403370593182908,8.938197858183083,14.29017206438309,1.5747648234405984,0.0,0.10515387205387206,0.88164199708178,0.97567412,0.885692967,0.97567412,0.08998115299999998,0.004090052410606061,0.030234399019999997,0.1259912692,0.0,0.0,0.0,1.0,15.152343749341995,5.224326771903852,2.554324767174628,1.0,4.599677248230864,8.825128592441676,12.238082800476318,0.0,0.0,0.0,0.0,0.0,4.660329257069201,8.938197858183083,14.29017206438309,0.0,0,23.413528764000148,/tmp/nussbaum_step_settle120_runs/optuna_t0022_r01.csv,,"{""alpha"": 7.1072835468, ""amplitude_deg"": 10.0, ""baudrate"": 1000000.0, ""command_sign"": -1.0, ""control_output_scale"": 1.0, ""current_bias_raw"": 1.208179990584096, ""current_limit_raw"": 0.0, ""default_mode"": 3.0, ""device"": ""/dev/ttyAMA0"", ""disable_anti_windup"": false, ""disable_freeze_nn_on_saturation"": false, ""disable_freeze_zeta_on_saturation"": false, ""disturb_interval_sec"": 30.0, ""disturb_jitter_sec"": 3.0, ""disturb_mode"": ""mixed"", ""disturb_seed"": -1.0, ""disturbance_placement"": ""mid_move"", ""duration"": 22.0, ""dxl_id"": 6.0, ""enable_disturbance"": false, ""frequency_hz"": 0.05, ""fric_coulomb"": 0.009929858352421883, ""fric_vel_scale"": 1.955371332052293, ""gamma_adapt"": 8.7187500403, ""gamma_link"": 1.2153116187169457, ""integral_limit"": 1.6504936083, ""k_delta"": 0.061778978104294335, ""max_abs_e_dot"": 1.0, ""max_control"": 0.1051730445222216, ""max_current_raw"": 45.0, ""max_current_slew"": 40.08913069547258, ""mid_disturbance_offset_sec"": 0.0, ""no_set_current_mode"": false, ""predict_horizon_sec"": 0.004645280851039747, ""pulse_current_raw_max"": 12.0, ""pulse_current_raw_min"": 4.0, ""pulse_duration_max"": 0.6, ""pulse_duration_min"": 0.15, ""q_abs_guard_deg"": 55.0, ""qd_lpf_alpha"": 0.2659684128870364, ""rate"": 24.0, ""rbf_center_max"": 3.2, ""rbf_center_min"": -3.2, ""rbf_nodes"": 11.0, ""rbf_width"": 1.4631904539, ""ref_jump_deg_max"": 8.0, ""ref_jump_deg_min"": 2.0, ""ref_jump_duration_max"": 0.6, ""ref_jump_duration_min"": 0.15, ""reference_shape"": ""sine"", ""reset_zeta_after_motion"": false, ""reset_zeta_on_segment"": false, ""restore_mode"": false, ""sigma_mod"": 0.2460708825, ""sine_center_mode"": ""lock"", ""soft_start_sec"": 0.0, ""step_absolute_target_deg"": 100.0, ""step_absolute_target_rad"": null, ""step_delta_deg"": -40.0, ""step_ramp_sec"": 1.0, ""step_segment_sec"": 1.5, ""step_sequence_deg"": """", ""step_shape"": ""smoothstep"", ""step_start_sec"": 0.5, ""tail_err_full_deg"": 4.0, ""tail_err_thresh_deg"": 1.5, ""tail_kd"": 0.08989842899499291, ""tail_kp"": 0.0, ""tail_max_control_boost"": 0.0, ""tail_u_max"": 0.0, ""torque_to_current"": 210.0, ""zeta0"": 0.885692967, ""zeta_leak"": 0.0237735451, ""zeta_reset_delay_sec"": 0.0, ""zeta_reset_value"": null, ""zeta_soft"": 0.989185316}"
23,1,1.0,1000851.0020705784,528.0,21.958451,8.051542309716492,9.234285856086503,15.39406650195037,22.500370251129894,2.201002070578426,0.0,0.12031014309764308,0.9016849241539803,1.0123679735,0.8856930076,1.0123679735,0.12667496589999994,0.005757954840530303,0.04528817140999991,0.1799476276,0.0,0.0,0.0,1.0,25.751953122106983,9.105443232644394,1.968958569918783,1.0,8.797023745730083,15.385957127754166,16.53351610134691,0.0,0.0,0.0,0.0,0.0,8.051542309716492,15.39406650195037,22.500370251129894,0.0,0,23.36494800499986,/tmp/nussbaum_step_settle120_runs/optuna_t0023_r01.csv,,"{""alpha"": 7.1072835468, ""amplitude_deg"": 10.0, ""baudrate"": 1000000.0, ""command_sign"": -1.0, ""control_output_scale"": 1.0, ""current_bias_raw"": 0.9278388594910147, ""current_limit_raw"": 0.0, ""default_mode"": 3.0, ""device"": ""/dev/ttyAMA0"", ""disable_anti_windup"": false, ""disable_freeze_nn_on_saturation"": false, ""disable_freeze_zeta_on_saturation"": false, ""disturb_interval_sec"": 30.0, ""disturb_jitter_sec"": 3.0, ""disturb_mode"": ""mixed"", ""disturb_seed"": -1.0, ""disturbance_placement"": ""mid_move"", ""duration"": 22.0, ""dxl_id"": 6.0, ""enable_disturbance"": false, ""frequency_hz"": 0.05, ""fric_coulomb"": 0.015881392657507473, ""fric_vel_scale"": 0.36592204238914233, ""gamma_adapt"": 8.7187500403, ""gamma_link"": 1.124671394651633, ""integral_limit"": 1.6504936083, ""k_delta"": 0.07813523303338168, ""max_abs_e_dot"": 1.0, ""max_control"": 0.16915889699700135, ""max_current_raw"": 45.0, ""max_current_slew"": 35.98770768256581, ""mid_disturbance_offset_sec"": 0.0, ""no_set_current_mode"": false, ""predict_horizon_sec"": 0.0015072365744667237, ""pulse_current_raw_max"": 12.0, ""pulse_current_raw_min"": 4.0, ""pulse_duration_max"": 0.6, ""pulse_duration_min"": 0.15, ""q_abs_guard_deg"": 55.0, ""qd_lpf_alpha"": 0.15003707281147075, ""rate"": 24.0, ""rbf_center_max"": 3.2, ""rbf_center_min"": -3.2, ""rbf_nodes"": 11.0, ""rbf_width"": 1.4631904539, ""ref_jump_deg_max"": 8.0, ""ref_jump_deg_min"": 2.0, ""ref_jump_duration_max"": 0.6, ""ref_jump_duration_min"": 0.15, ""reference_shape"": ""sine"", ""reset_zeta_after_motion"": false, ""reset_zeta_on_segment"": false, ""restore_mode"": false, ""sigma_mod"": 0.2460708825, ""sine_center_mode"": ""lock"", ""soft_start_sec"": 0.0, ""step_absolute_target_deg"": 100.0, ""step_absolute_target_rad"": null, ""step_delta_deg"": -40.0, ""step_ramp_sec"": 1.0, ""step_segment_sec"": 1.5, ""step_sequence_deg"": """", ""step_shape"": ""smoothstep"", ""step_start_sec"": 0.5, ""tail_err_full_deg"": 4.0, ""tail_err_thresh_deg"": 1.5, ""tail_kd"": 0.15551513910967574, ""tail_kp"": 0.0, ""tail_max_control_boost"": 0.0, ""tail_u_max"": 0.0, ""torque_to_current"": 210.0, ""zeta0"": 0.885692967, ""zeta_leak"": 0.0237735451, ""zeta_reset_delay_sec"": 0.0, ""zeta_reset_value"": null, ""zeta_soft"": 0.989185316}"
24,1,1.0,1000365.7213982083,528.0,21.958437,1.2712282333402711,2.5196567272514176,6.011079074914904,9.715175214432888,1.7157213982082355,0.0,0.09196325757575757,0.2716526350959045,1.0310028205,0.885693005,1.0310028205,0.14530981549999988,0.006604993341098485,0.02608805374999997,0.1353655906,0.0,0.0,0.0,1.0,4.904296877061569,2.2197264104920396,3.575754541784025,1.0,0.11452087197558045,0.4199218767247139,0.595703136707284,0.0,0.0,0.0,0.0,0.0,1.2712282333402711,6.011079074914904,9.715175214432888,0.0,0,23.385092633999648,/tmp/nussbaum_step_settle120_runs/optuna_t0024_r01.csv,,"{""alpha"": 7.1072835468, ""amplitude_deg"": 10.0, ""baudrate"": 1000000.0, ""command_sign"": -1.0, ""control_output_scale"": 1.0, ""current_bias_raw"": 0.643188730369527, ""current_limit_raw"": 0.0, ""default_mode"": 3.0, ""device"": ""/dev/ttyAMA0"", ""disable_anti_windup"": false, ""disable_freeze_nn_on_saturation"": false, ""disable_freeze_zeta_on_saturation"": false, ""disturb_interval_sec"": 30.0, ""disturb_jitter_sec"": 3.0, ""disturb_mode"": ""mixed"", ""disturb_seed"": -1.0, ""disturbance_placement"": ""mid_move"", ""duration"": 22.0, ""dxl_id"": 6.0, ""enable_disturbance"": false, ""frequency_hz"": 0.05, ""fric_coulomb"": 0.007464373629026735, ""fric_vel_scale"": 1.9373707170649261, ""gamma_adapt"": 8.7187500403, ""gamma_link"": 1.1080562084050332, ""integral_limit"": 1.6504936083, ""k_delta"": 0.07537672840038764, ""max_abs_e_dot"": 1.0, ""max_control"": 0.16115738281347305, ""max_current_raw"": 45.0, ""max_current_slew"": 9.812669021879852, ""mid_disturbance_offset_sec"": 0.0, ""no_set_current_mode"": false, ""predict_horizon_sec"": 0.00713320594426941, ""pulse_current_raw_max"": 12.0, ""pulse_current_raw_min"": 4.0, ""pulse_duration_max"": 0.6, ""pulse_duration_min"": 0.15, ""q_abs_guard_deg"": 55.0, ""qd_lpf_alpha"": 0.11822922765431323, ""rate"": 24.0, ""rbf_center_max"": 3.2, ""rbf_center_min"": -3.2, ""rbf_nodes"": 11.0, ""rbf_width"": 1.4631904539, ""ref_jump_deg_max"": 8.0, ""ref_jump_deg_min"": 2.0, ""ref_jump_duration_max"": 0.6, ""ref_jump_duration_min"": 0.15, ""reference_shape"": ""sine"", ""reset_zeta_after_motion"": false, ""reset_zeta_on_segment"": false, ""restore_mode"": false, ""sigma_mod"": 0.2460708825, ""sine_center_mode"": ""lock"", ""soft_start_sec"": 0.0, ""step_absolute_target_deg"": 100.0, ""step_absolute_target_rad"": null, ""step_delta_deg"": -40.0, ""step_ramp_sec"": 1.0, ""step_segment_sec"": 1.5, ""step_sequence_deg"": """", ""step_shape"": ""smoothstep"", ""step_start_sec"": 0.5, ""tail_err_full_deg"": 4.0, ""tail_err_thresh_deg"": 1.5, ""tail_kd"": 0.10457569179502453, ""tail_kp"": 0.0, ""tail_max_control_boost"": 0.0, ""tail_u_max"": 0.0, ""torque_to_current"": 210.0, ""zeta0"": 0.885692967, ""zeta_leak"": 0.0237735451, ""zeta_reset_delay_sec"": 0.0, ""zeta_reset_value"": null, ""zeta_soft"": 0.989185316}"
25,1,1.0,1000079.9999137078,528.0,21.958458,0.5963803674713524,1.434198777240599,3.913650991464726,6.834137121331393,0.9354899785553247,0.0,0.1531050925925926,0.281246493793775,1.117688608,0.885692967,1.117688608,0.23199564099999992,0.010545256406060605,0.023958103929999978,0.1377812657,0.0,0.0,0.0,1.0,0.8789062512114327,0.3167161007226713,4.799999137078807,1.0,0.0351706629316081,0.1074218745751069,0.1074218745751069,0.0,0.0,0.0,0.0,0.0,0.5963803674713524,3.913650991464726,6.834137121331393,0.0,0,23.366356430999986,/tmp/nussbaum_step_settle120_runs/optuna_t0025_r01.csv,,"{""alpha"": 7.1072835468, ""amplitude_deg"": 10.0, ""baudrate"": 1000000.0, ""command_sign"": -1.0, ""control_output_scale"": 1.0, ""current_bias_raw"": 1.354523467255115, ""current_limit_raw"": 0.0, ""default_mode"": 3.0, ""device"": ""/dev/ttyAMA0"", ""disable_anti_windup"": false, ""disable_freeze_nn_on_saturation"": false, ""disable_freeze_zeta_on_saturation"": false, ""disturb_interval_sec"": 30.0, ""disturb_jitter_sec"": 3.0, ""disturb_mode"": ""mixed"", ""disturb_seed"": -1.0, ""disturbance_placement"": ""mid_move"", ""duration"": 22.0, ""dxl_id"": 6.0, ""enable_disturbance"": false, ""frequency_hz"": 0.05, ""fric_coulomb"": 0.0009662850442667725, ""fric_vel_scale"": 0.5602333341734147, ""gamma_adapt"": 8.7187500403, ""gamma_link"": 1.071281649408537, ""integral_limit"": 1.6504936083, ""k_delta"": 0.06025605571641947, ""max_abs_e_dot"": 1.0, ""max_control"": 0.1767153322229636, ""max_current_raw"": 45.0, ""max_current_slew"": 17.87132017625075, ""mid_disturbance_offset_sec"": 0.0, ""no_set_current_mode"": false, ""predict_horizon_sec"": 0.012907425660901178, ""pulse_current_raw_max"": 12.0, ""pulse_current_raw_min"": 4.0, ""pulse_duration_max"": 0.6, ""pulse_duration_min"": 0.15, ""q_abs_guard_deg"": 55.0, ""qd_lpf_alpha"": 0.24851510601833326, ""rate"": 24.0, ""rbf_center_max"": 3.2, ""rbf_center_min"": -3.2, ""rbf_nodes"": 11.0, ""rbf_width"": 1.4631904539, ""ref_jump_deg_max"": 8.0, ""ref_jump_deg_min"": 2.0, ""ref_jump_duration_max"": 0.6, ""ref_jump_duration_min"": 0.15, ""reference_shape"": ""sine"", ""reset_zeta_after_motion"": false, ""reset_zeta_on_segment"": false, ""restore_mode"": false, ""sigma_mod"": 0.2460708825, ""sine_center_mode"": ""lock"", ""soft_start_sec"": 0.0, ""step_absolute_target_deg"": 100.0, ""step_absolute_target_rad"": null, ""step_delta_deg"": -40.0, ""step_ramp_sec"": 1.0, ""step_segment_sec"": 1.5, ""step_sequence_deg"": """", ""step_shape"": ""smoothstep"", ""step_start_sec"": 0.5, ""tail_err_full_deg"": 4.0, ""tail_err_thresh_deg"": 1.5, ""tail_kd"": 0.21530108570886267, ""tail_kp"": 0.0, ""tail_max_control_boost"": 0.0, ""tail_u_max"": 0.0, ""torque_to_current"": 210.0, ""zeta0"": 0.885692967, ""zeta_leak"": 0.0237735451, ""zeta_reset_delay_sec"": 0.0, ""zeta_reset_value"": null, ""zeta_soft"": 0.989185316}"
26,1,1.0,1000180.9817559271,528.0,21.958501000000002,6.11542981475178,6.93708217540412,11.835900355417358,14.632895071699043,1.5309817559271344,0.0,0.10551813973063974,0.8545743500332988,1.0184034063,0.8856929958,1.0184034063,0.1327104105,0.006032292697348485,0.04393498132,0.104946275,0.0,0.0,0.0,1.0,19.687500000780148,6.899993216544511,2.075381031975236,1.0,6.665559675658908,11.608058122471565,14.632895071699043,0.0,0.0,0.0,0.0,0.0,6.11542981475178,11.835900355417358,14.632895071699043,0.0,0,23.493103523000173,/tmp/nussbaum_step_settle120_runs/optuna_t0026_r01.csv,,"{""alpha"": 7.1072835468, ""amplitude_deg"": 10.0, ""baudrate"": 1000000.0, ""command_sign"": -1.0, ""control_output_scale"": 1.0, ""current_bias_raw"": -0.8828779565165514, ""current_limit_raw"": 0.0, ""default_mode"": 3.0, ""device"": ""/dev/ttyAMA0"", ""disable_anti_windup"": false, ""disable_freeze_nn_on_saturation"": false, ""disable_freeze_zeta_on_saturation"": false, ""disturb_interval_sec"": 30.0, ""disturb_jitter_sec"": 3.0, ""disturb_mode"": ""mixed"", ""disturb_seed"": -1.0, ""disturbance_placement"": ""mid_move"", ""duration"": 22.0, ""dxl_id"": 6.0, ""enable_disturbance"": false, ""frequency_hz"": 0.05, ""fric_coulomb"": 0.010728170391179093, ""fric_vel_scale"": 1.7214650019335271, ""gamma_adapt"": 8.7187500403, ""gamma_link"": 1.0415904529959594, ""integral_limit"": 1.6504936083, ""k_delta"": 0.06477883688188389, ""max_abs_e_dot"": 1.0, ""max_control"": 0.15172648852292175, ""max_current_raw"": 45.0, ""max_current_slew"": 33.62121543786259, ""mid_disturbance_offset_sec"": 0.0, ""no_set_current_mode"": false, ""predict_horizon_sec"": 0.009360919965881313, ""pulse_current_raw_max"": 12.0, ""pulse_current_raw_min"": 4.0, ""pulse_duration_max"": 0.6, ""pulse_duration_min"": 0.15, ""q_abs_guard_deg"": 55.0, ""qd_lpf_alpha"": 0.16269995290025263, ""rate"": 24.0, ""rbf_center_max"": 3.2, ""rbf_center_min"": -3.2, ""rbf_nodes"": 11.0, ""rbf_width"": 1.4631904539, ""ref_jump_deg_max"": 8.0, ""ref_jump_deg_min"": 2.0, ""ref_jump_duration_max"": 0.6, ""ref_jump_duration_min"": 0.15, ""reference_shape"": ""sine"", ""reset_zeta_after_motion"": false, ""reset_zeta_on_segment"": false, ""restore_mode"": false, ""sigma_mod"": 0.2460708825, ""sine_center_mode"": ""lock"", ""soft_start_sec"": 0.0, ""step_absolute_target_deg"": 100.0, ""step_absolute_target_rad"": null, ""step_delta_deg"": -40.0, ""step_ramp_sec"": 1.0, ""step_segment_sec"": 1.5, ""step_sequence_deg"": """", ""step_shape"": ""smoothstep"", ""step_start_sec"": 0.5, ""tail_err_full_deg"": 4.0, ""tail_err_thresh_deg"": 1.5, ""tail_kd"": 0.2666795927206738, ""tail_kp"": 0.0, ""tail_max_control_boost"": 0.0, ""tail_u_max"": 0.0, ""torque_to_current"": 210.0, ""zeta0"": 0.885692967, ""zeta_leak"": 0.0237735451, ""zeta_reset_delay_sec"": 0.0, ""zeta_reset_value"": null, ""zeta_soft"": 0.989185316}"
27,1,1.0,84.57669403766532,528.0,21.958460000000002,4.694989320474862,5.391483692907699,8.876892259896835,13.080364638313053,1.2957287935021027,0.0,0.097330765993266,0.8296492332114604,1.0901750858,0.885692967,1.0901536534,0.20446068640000004,0.00929366756496212,0.05850423610999998,0.1105672574,0.0,0.0,0.0,1.0,14.097656250180108,5.062364073597261,2.1818232517755383,1.0,5.0465878724622915,8.376107335217856,10.676750062320357,0.0,0.0,0.0,0.0,0.0,4.694989320474862,8.876892259896835,13.080364638313053,0.0,0,23.377500577999854,/tmp/nussbaum_step_settle120_runs/optuna_t0027_r01.csv,,"{""alpha"": 7.1072835468, ""amplitude_deg"": 10.0, ""baudrate"": 1000000.0, ""command_sign"": -1.0, ""control_output_scale"": 1.0, ""current_bias_raw"": -0.8658953823044886, ""current_limit_raw"": 0.0, ""default_mode"": 3.0, ""device"": ""/dev/ttyAMA0"", ""disable_anti_windup"": false, ""disable_freeze_nn_on_saturation"": false, ""disable_freeze_zeta_on_saturation"": false, ""disturb_interval_sec"": 30.0, ""disturb_jitter_sec"": 3.0, ""disturb_mode"": ""mixed"", ""disturb_seed"": -1.0, ""disturbance_placement"": ""mid_move"", ""duration"": 22.0, ""dxl_id"": 6.0, ""enable_disturbance"": false, ""frequency_hz"": 0.05, ""fric_coulomb"": 0.010300589923933727, ""fric_vel_scale"": 0.3859278521613321, ""gamma_adapt"": 8.7187500403, ""gamma_link"": 1.101120580564302, ""integral_limit"": 1.6504936083, ""k_delta"": 0.13167552644259065, ""max_abs_e_dot"": 1.0, ""max_control"": 0.17034170128806136, ""max_current_raw"": 45.0, ""max_current_slew"": 30.14839975113011, ""mid_disturbance_offset_sec"": 0.0, ""no_set_current_mode"": false, ""predict_horizon_sec"": 0.01273520922075074, ""pulse_current_raw_max"": 12.0, ""pulse_current_raw_min"": 4.0, ""pulse_duration_max"": 0.6, ""pulse_duration_min"": 0.15, ""q_abs_guard_deg"": 55.0, ""qd_lpf_alpha"": 0.19326653028654095, ""rate"": 24.0, ""rbf_center_max"": 3.2, ""rbf_center_min"": -3.2, ""rbf_nodes"": 11.0, ""rbf_width"": 1.4631904539, ""ref_jump_deg_max"": 8.0, ""ref_jump_deg_min"": 2.0, ""ref_jump_duration_max"": 0.6, ""ref_jump_duration_min"": 0.15, ""reference_shape"": ""sine"", ""reset_zeta_after_motion"": false, ""reset_zeta_on_segment"": false, ""restore_mode"": false, ""sigma_mod"": 0.2460708825, ""sine_center_mode"": ""lock"", ""soft_start_sec"": 0.0, ""step_absolute_target_deg"": 100.0, ""step_absolute_target_rad"": null, ""step_delta_deg"": -40.0, ""step_ramp_sec"": 1.0, ""step_segment_sec"": 1.5, ""step_sequence_deg"": """", ""step_shape"": ""smoothstep"", ""step_start_sec"": 0.5, ""tail_err_full_deg"": 4.0, ""tail_err_thresh_deg"": 1.5, ""tail_kd"": 0.10227725909073523, ""tail_kp"": 0.0, ""tail_max_control_boost"": 0.0, ""tail_u_max"": 0.0, ""torque_to_current"": 210.0, ""zeta0"": 0.885692967, ""zeta_leak"": 0.0237735451, ""zeta_reset_delay_sec"": 0.0, ""zeta_reset_value"": null, ""zeta_soft"": 0.989185316}"
28,1,1.0,1000094.6075019812,528.0,21.958437,0.9392010991958918,2.0077241198322078,5.378672727093271,10.037052028998431,0.8053924980187757,0.0,0.07029225589225588,0.2584472945809854,0.9490653906,0.885692967,0.9490653906,0.06337242359999995,0.0028805647107954546,0.014479228854999995,0.0842043511,0.0,0.0,0.0,1.0,3.9726562504336442,1.5957114765427844,5.024450633783668,1.0,0.042053447181411005,0.1074218745751069,0.1074218745751069,0.0,0.0,0.0,0.0,0.0,0.9392010991958918,5.378672727093271,10.037052028998431,0.0,0,23.43621026300025,/tmp/nussbaum_step_settle120_runs/optuna_t0028_r01.csv,,"{""alpha"": 7.1072835468, ""amplitude_deg"": 10.0, ""baudrate"": 1000000.0, ""command_sign"": -1.0, ""control_output_scale"": 1.0, ""current_bias_raw"": -0.9551513266345423, ""current_limit_raw"": 0.0, ""default_mode"": 3.0, ""device"": ""/dev/ttyAMA0"", ""disable_anti_windup"": false, ""disable_freeze_nn_on_saturation"": false, ""disable_freeze_zeta_on_saturation"": false, ""disturb_interval_sec"": 30.0, ""disturb_jitter_sec"": 3.0, ""disturb_mode"": ""mixed"", ""disturb_seed"": -1.0, ""disturbance_placement"": ""mid_move"", ""duration"": 22.0, ""dxl_id"": 6.0, ""enable_disturbance"": false, ""frequency_hz"": 0.05, ""fric_coulomb"": 0.005819909845455397, ""fric_vel_scale"": 0.3353506440200934, ""gamma_adapt"": 8.7187500403, ""gamma_link"": 1.294792918377067, ""integral_limit"": 1.6504936083, ""k_delta"": 0.08785331847310013, ""max_abs_e_dot"": 1.0, ""max_control"": 0.08879416170496539, ""max_current_raw"": 45.0, ""max_current_slew"": 22.23577901631444, ""mid_disturbance_offset_sec"": 0.0, ""no_set_current_mode"": false, ""predict_horizon_sec"": 0.01454706640398901, ""pulse_current_raw_max"": 12.0, ""pulse_current_raw_min"": 4.0, ""pulse_duration_max"": 0.6, ""pulse_duration_min"": 0.15, ""q_abs_guard_deg"": 55.0, ""qd_lpf_alpha"": 0.19179767695687958, ""rate"": 24.0, ""rbf_center_max"": 3.2, ""rbf_center_min"": -3.2, ""rbf_nodes"": 11.0, ""rbf_width"": 1.4631904539, ""ref_jump_deg_max"": 8.0, ""ref_jump_deg_min"": 2.0, ""ref_jump_duration_max"": 0.6, ""ref_jump_duration_min"": 0.15, ""reference_shape"": ""sine"", ""reset_zeta_after_motion"": false, ""reset_zeta_on_segment"": false, ""restore_mode"": false, ""sigma_mod"": 0.2460708825, ""sine_center_mode"": ""lock"", ""soft_start_sec"": 0.0, ""step_absolute_target_deg"": 100.0, ""step_absolute_target_rad"": null, ""step_delta_deg"": -40.0, ""step_ramp_sec"": 1.0, ""step_segment_sec"": 1.5, ""step_sequence_deg"": """", ""step_shape"": ""smoothstep"", ""step_start_sec"": 0.5, ""tail_err_full_deg"": 4.0, ""tail_err_thresh_deg"": 1.5, ""tail_kd"": 0.1665802935386222, ""tail_kp"": 0.0, ""tail_max_control_boost"": 0.0, ""tail_u_max"": 0.0, ""torque_to_current"": 210.0, ""zeta0"": 0.885692967, ""zeta_leak"": 0.0237735451, ""zeta_reset_delay_sec"": 0.0, ""zeta_reset_value"": null, ""zeta_soft"": 0.989185316}"
29,1,1.0,1000313.2985386777,528.0,21.958434,0.6442494220338169,1.2740344301283077,1.8931493620613042,6.472415755990951,0.5867014613222841,0.0,0.1695084595959596,0.2735224764755879,1.0613251611,0.885692967,1.0613251611,0.17563219410000008,0.007983281549242424,0.012833883589999998,0.1320168904,0.0,0.0,0.0,1.0,1.7578125024228797,0.583206711718099,3.862070457075487,1.0,0.06349458182155648,0.06835937681309637,0.06835938827225227,0.0,0.0,0.0,0.0,0.0,0.6442494220338169,1.8931493620613042,6.472415755990951,0.0,0,23.394951189000494,/tmp/nussbaum_step_settle120_runs/optuna_t0029_r01.csv,,"{""alpha"": 7.1072835468, ""amplitude_deg"": 10.0, ""baudrate"": 1000000.0, ""command_sign"": -1.0, ""control_output_scale"": 1.0, ""current_bias_raw"": -0.9744582080770252, ""current_limit_raw"": 0.0, ""default_mode"": 3.0, ""device"": ""/dev/ttyAMA0"", ""disable_anti_windup"": false, ""disable_freeze_nn_on_saturation"": false, ""disable_freeze_zeta_on_saturation"": false, ""disturb_interval_sec"": 30.0, ""disturb_jitter_sec"": 3.0, ""disturb_mode"": ""mixed"", ""disturb_seed"": -1.0, ""disturbance_placement"": ""mid_move"", ""duration"": 22.0, ""dxl_id"": 6.0, ""enable_disturbance"": false, ""frequency_hz"": 0.05, ""fric_coulomb"": 0.009496504566249682, ""fric_vel_scale"": 1.5290057231178324, ""gamma_adapt"": 8.7187500403, ""gamma_link"": 0.9713724322944886, ""integral_limit"": 1.6504936083, ""k_delta"": 0.05310869855014368, ""max_abs_e_dot"": 1.0, ""max_control"": 0.1329490799316953, ""max_current_raw"": 45.0, ""max_current_slew"": 23.86187359566248, ""mid_disturbance_offset_sec"": 0.0, ""no_set_current_mode"": false, ""predict_horizon_sec"": 0.004416406735580225, ""pulse_current_raw_max"": 12.0, ""pulse_current_raw_min"": 4.0, ""pulse_duration_max"": 0.6, ""pulse_duration_min"": 0.15, ""q_abs_guard_deg"": 55.0, ""qd_lpf_alpha"": 0.2525179958021863, ""rate"": 24.0, ""rbf_center_max"": 3.2, ""rbf_center_min"": -3.2, ""rbf_nodes"": 11.0, ""rbf_width"": 1.4631904539, ""ref_jump_deg_max"": 8.0, ""ref_jump_deg_min"": 2.0, ""ref_jump_duration_max"": 0.6, ""ref_jump_duration_min"": 0.15, ""reference_shape"": ""sine"", ""reset_zeta_after_motion"": false, ""reset_zeta_on_segment"": false, ""restore_mode"": false, ""sigma_mod"": 0.2460708825, ""sine_center_mode"": ""lock"", ""soft_start_sec"": 0.0, ""step_absolute_target_deg"": 100.0, ""step_absolute_target_rad"": null, ""step_delta_deg"": -40.0, ""step_ramp_sec"": 1.0, ""step_segment_sec"": 1.5, ""step_sequence_deg"": """", ""step_shape"": ""smoothstep"", ""step_start_sec"": 0.5, ""tail_err_full_deg"": 4.0, ""tail_err_thresh_deg"": 1.5, ""tail_kd"": 0.13154517123349171, ""tail_kp"": 0.0, ""tail_max_control_boost"": 0.0, ""tail_u_max"": 0.0, ""torque_to_current"": 210.0, ""zeta0"": 0.885692967, ""zeta_leak"": 0.0237735451, ""zeta_reset_delay_sec"": 0.0, ""zeta_reset_value"": null, ""zeta_soft"": 0.989185316}"
30,1,1.0,1000064.392039396,528.0,21.958432000000002,4.663467167494871,5.2801726448114445,8.513626829734859,12.05493826219808,1.4143920393959961,0.0,0.10270652356902359,0.8419158261461668,1.1228219192,0.885692967,1.1228219192,0.23712895219999996,0.010778588735227274,0.07912756401999979,0.1353199271,0.0,0.0,0.0,1.0,14.15039062215881,5.028415142753512,2.5011067397323314,1.0,4.661521883426356,7.986582258947488,8.811705993254026,0.0,0.0,0.0,0.0,0.0,4.663467167494871,8.513626829734859,12.05493826219808,0.0,0,23.383149875000527,/tmp/nussbaum_step_settle120_runs/optuna_t0030_r01.csv,,"{""alpha"": 7.1072835468, ""amplitude_deg"": 10.0, ""baudrate"": 1000000.0, ""command_sign"": -1.0, ""control_output_scale"": 1.0, ""current_bias_raw"": -0.8103212564435727, ""current_limit_raw"": 0.0, ""default_mode"": 3.0, ""device"": ""/dev/ttyAMA0"", ""disable_anti_windup"": false, ""disable_freeze_nn_on_saturation"": false, ""disable_freeze_zeta_on_saturation"": false, ""disturb_interval_sec"": 30.0, ""disturb_jitter_sec"": 3.0, ""disturb_mode"": ""mixed"", ""disturb_seed"": -1.0, ""disturbance_placement"": ""mid_move"", ""duration"": 22.0, ""dxl_id"": 6.0, ""enable_disturbance"": false, ""frequency_hz"": 0.05, ""fric_coulomb"": 0.0022039521933839607, ""fric_vel_scale"": 0.7670306512807287, ""gamma_adapt"": 8.7187500403, ""gamma_link"": 0.9493790654321228, ""integral_limit"": 1.6504936083, ""k_delta"": 0.05496005441342379, ""max_abs_e_dot"": 1.0, ""max_control"": 0.20364953705224922, ""max_current_raw"": 45.0, ""max_current_slew"": 37.18681128148752, ""mid_disturbance_offset_sec"": 0.0, ""no_set_current_mode"": false, ""predict_horizon_sec"": 0.006535152228736012, ""pulse_current_raw_max"": 12.0, ""pulse_current_raw_min"": 4.0, ""pulse_duration_max"": 0.6, ""pulse_duration_min"": 0.15, ""q_abs_guard_deg"": 55.0, ""qd_lpf_alpha"": 0.24369390061037546, ""rate"": 24.0, ""rbf_center_max"": 3.2, ""rbf_center_min"": -3.2, ""rbf_nodes"": 11.0, ""rbf_width"": 1.4631904539, ""ref_jump_deg_max"": 8.0, ""ref_jump_deg_min"": 2.0, ""ref_jump_duration_max"": 0.6, ""ref_jump_duration_min"": 0.15, ""reference_shape"": ""sine"", ""reset_zeta_after_motion"": false, ""reset_zeta_on_segment"": false, ""restore_mode"": false, ""sigma_mod"": 0.2460708825, ""sine_center_mode"": ""lock"", ""soft_start_sec"": 0.0, ""step_absolute_target_deg"": 100.0, ""step_absolute_target_rad"": null, ""step_delta_deg"": -40.0, ""step_ramp_sec"": 1.0, ""step_segment_sec"": 1.5, ""step_sequence_deg"": """", ""step_shape"": ""smoothstep"", ""step_start_sec"": 0.5, ""tail_err_full_deg"": 4.0, ""tail_err_thresh_deg"": 1.5, ""tail_kd"": 0.10910367746783156, ""tail_kp"": 0.0, ""tail_max_control_boost"": 0.0, ""tail_u_max"": 0.0, ""torque_to_current"": 210.0, ""zeta0"": 0.885692967, ""zeta_leak"": 0.0237735451, ""zeta_reset_delay_sec"": 0.0, ""zeta_reset_value"": null, ""zeta_soft"": 0.989185316}"
31,1,1.0,78.31189100141775,528.0,21.958442,4.632179685114513,5.200819487393785,7.922503616839009,12.181662758305203,1.241087294196394,0.0,0.09549810606060605,0.8691868969227524,0.9886154867,0.8856930732,0.9886154867,0.10292241349999998,0.004678296350757575,0.034890083919999995,0.1038396576,0.0,0.0,0.0,1.0,13.183593750982837,5.07162117334278,1.9689577316925777,1.0,4.627939184017977,7.254520887982652,7.69814110125489,0.0,0.0,0.0,0.0,0.0,4.632179685114513,7.922503616839009,12.181662758305203,0.0,0,23.335310542000116,/tmp/nussbaum_step_settle120_runs/optuna_t0031_r01.csv,,"{""alpha"": 7.1072835468, ""amplitude_deg"": 10.0, ""baudrate"": 1000000.0, ""command_sign"": -1.0, ""control_output_scale"": 1.0, ""current_bias_raw"": -0.6308750867261759, ""current_limit_raw"": 0.0, ""default_mode"": 3.0, ""device"": ""/dev/ttyAMA0"", ""disable_anti_windup"": false, ""disable_freeze_nn_on_saturation"": false, ""disable_freeze_zeta_on_saturation"": false, ""disturb_interval_sec"": 30.0, ""disturb_jitter_sec"": 3.0, ""disturb_mode"": ""mixed"", ""disturb_seed"": -1.0, ""disturbance_placement"": ""mid_move"", ""duration"": 22.0, ""dxl_id"": 6.0, ""enable_disturbance"": false, ""frequency_hz"": 0.05, ""fric_coulomb"": 0.016851194455090694, ""fric_vel_scale"": 0.8939072974181987, ""gamma_adapt"": 8.7187500403, ""gamma_link"": 1.2443237043536226, ""integral_limit"": 1.6504936083, ""k_delta"": 0.16608729574275394, ""max_abs_e_dot"": 1.0, ""max_control"": 0.10591831601464528, ""max_current_raw"": 45.0, ""max_current_slew"": 27.5199371743915, ""mid_disturbance_offset_sec"": 0.0, ""no_set_current_mode"": false, ""predict_horizon_sec"": 0.00474016080322031, ""pulse_current_raw_max"": 12.0, ""pulse_current_raw_min"": 4.0, ""pulse_duration_max"": 0.6, ""pulse_duration_min"": 0.15, ""q_abs_guard_deg"": 55.0, ""qd_lpf_alpha"": 0.14276044694139914, ""rate"": 24.0, ""rbf_center_max"": 3.2, ""rbf_center_min"": -3.2, ""rbf_nodes"": 11.0, ""rbf_width"": 1.4631904539, ""ref_jump_deg_max"": 8.0, ""ref_jump_deg_min"": 2.0, ""ref_jump_duration_max"": 0.6, ""ref_jump_duration_min"": 0.15, ""reference_shape"": ""sine"", ""reset_zeta_after_motion"": false, ""reset_zeta_on_segment"": false, ""restore_mode"": false, ""sigma_mod"": 0.2460708825, ""sine_center_mode"": ""lock"", ""soft_start_sec"": 0.0, ""step_absolute_target_deg"": 100.0, ""step_absolute_target_rad"": null, ""step_delta_deg"": -40.0, ""step_ramp_sec"": 1.0, ""step_segment_sec"": 1.5, ""step_sequence_deg"": """", ""step_shape"": ""smoothstep"", ""step_start_sec"": 0.5, ""tail_err_full_deg"": 4.0, ""tail_err_thresh_deg"": 1.5, ""tail_kd"": 0.03363950679941023, ""tail_kp"": 0.0, ""tail_max_control_boost"": 0.0, ""tail_u_max"": 0.0, ""torque_to_current"": 210.0, ""zeta0"": 0.885692967, ""zeta_leak"": 0.0237735451, ""zeta_reset_delay_sec"": 0.0, ""zeta_reset_value"": null, ""zeta_soft"": 0.989185316}"
32,1,1.0,78.45684867505511,528.0,21.958474000000002,3.8957950631357434,4.582310066159938,8.44273751967567,9.78608046045371,1.2225265709873445,0.0,0.09641776094276094,0.8031005368048383,1.1307335268,0.885693003,1.1307335268,0.24504052380000008,0.011138207260227271,0.06602838460499999,0.126422499,0.0,0.0,0.0,1.0,13.30664062695459,4.4308956991890005,2.501108336891204,1.0,3.663933405427834,7.492720611344275,9.159040961316528,0.0,0.0,0.0,0.0,0.0,3.8957950631357434,8.44273751967567,9.78608046045371,0.0,0,23.353314300999955,/tmp/nussbaum_step_settle120_runs/optuna_t0032_r01.csv,,"{""alpha"": 7.1072835468, ""amplitude_deg"": 10.0, ""baudrate"": 1000000.0, ""command_sign"": -1.0, ""control_output_scale"": 1.0, ""current_bias_raw"": -0.12637261853480908, ""current_limit_raw"": 0.0, ""default_mode"": 3.0, ""device"": ""/dev/ttyAMA0"", ""disable_anti_windup"": false, ""disable_freeze_nn_on_saturation"": false, ""disable_freeze_zeta_on_saturation"": false, ""disturb_interval_sec"": 30.0, ""disturb_jitter_sec"": 3.0, ""disturb_mode"": ""mixed"", ""disturb_seed"": -1.0, ""disturbance_placement"": ""mid_move"", ""duration"": 22.0, ""dxl_id"": 6.0, ""enable_disturbance"": false, ""frequency_hz"": 0.05, ""fric_coulomb"": 0.003416286257754338, ""fric_vel_scale"": 0.4729947519745897, ""gamma_adapt"": 8.7187500403, ""gamma_link"": 0.9414961709960497, ""integral_limit"": 1.6504936083, ""k_delta"": 0.09947855857271759, ""max_abs_e_dot"": 1.0, ""max_control"": 0.16422766555300744, ""max_current_raw"": 45.0, ""max_current_slew"": 34.46433093132289, ""mid_disturbance_offset_sec"": 0.0, ""no_set_current_mode"": false, ""predict_horizon_sec"": 0.00813281347091922, ""pulse_current_raw_max"": 12.0, ""pulse_current_raw_min"": 4.0, ""pulse_duration_max"": 0.6, ""pulse_duration_min"": 0.15, ""q_abs_guard_deg"": 55.0, ""qd_lpf_alpha"": 0.27328752025368236, ""rate"": 24.0, ""rbf_center_max"": 3.2, ""rbf_center_min"": -3.2, ""rbf_nodes"": 11.0, ""rbf_width"": 1.4631904539, ""ref_jump_deg_max"": 8.0, ""ref_jump_deg_min"": 2.0, ""ref_jump_duration_max"": 0.6, ""ref_jump_duration_min"": 0.15, ""reference_shape"": ""sine"", ""reset_zeta_after_motion"": false, ""reset_zeta_on_segment"": false, ""restore_mode"": false, ""sigma_mod"": 0.2460708825, ""sine_center_mode"": ""lock"", ""soft_start_sec"": 0.0, ""step_absolute_target_deg"": 100.0, ""step_absolute_target_rad"": null, ""step_delta_deg"": -40.0, ""step_ramp_sec"": 1.0, ""step_segment_sec"": 1.5, ""step_sequence_deg"": """", ""step_shape"": ""smoothstep"", ""step_start_sec"": 0.5, ""tail_err_full_deg"": 4.0, ""tail_err_thresh_deg"": 1.5, ""tail_kd"": 0.07695616755085352, ""tail_kp"": 0.0, ""tail_max_control_boost"": 0.0, ""tail_u_max"": 0.0, ""torque_to_current"": 210.0, ""zeta0"": 0.885692967, ""zeta_leak"": 0.0237735451, ""zeta_reset_delay_sec"": 0.0, ""zeta_reset_value"": null, ""zeta_soft"": 0.989185316}"
33,1,1.0,1000160.115597317,528.0,21.958452,0.4915645690842143,1.4337502089081022,1.8262236697505112,9.456116272125382,0.7398844026830016,0.0,0.1548820286195286,0.31366478683444127,1.0312561047,0.885692967,1.0312561047,0.14556313769999996,0.006616506259280302,0.009424548194999997,0.1245401339,0.0,0.0,0.0,1.0,0.9667968769055477,0.3060758430659045,2.240001553067744,1.0,0.024936576696365908,0.06835937681309637,0.06835937681309637,0.0,0.0,0.0,0.0,0.0,0.4915645690842143,1.8262236697505112,9.456116272125382,0.0,0,23.440889819000404,/tmp/nussbaum_step_settle120_runs/optuna_t0033_r01.csv,,"{""alpha"": 7.1072835468, ""amplitude_deg"": 10.0, ""baudrate"": 1000000.0, ""command_sign"": -1.0, ""control_output_scale"": 1.0, ""current_bias_raw"": -1.001608440744225, ""current_limit_raw"": 0.0, ""default_mode"": 3.0, ""device"": ""/dev/ttyAMA0"", ""disable_anti_windup"": false, ""disable_freeze_nn_on_saturation"": false, ""disable_freeze_zeta_on_saturation"": false, ""disturb_interval_sec"": 30.0, ""disturb_jitter_sec"": 3.0, ""disturb_mode"": ""mixed"", ""disturb_seed"": -1.0, ""disturbance_placement"": ""mid_move"", ""duration"": 22.0, ""dxl_id"": 6.0, ""enable_disturbance"": false, ""frequency_hz"": 0.05, ""fric_coulomb"": 0.010919697141750085, ""fric_vel_scale"": 0.30824104008643843, ""gamma_adapt"": 8.7187500403, ""gamma_link"": 1.2497239090927177, ""integral_limit"": 1.6504936083, ""k_delta"": 0.0920752439506055, ""max_abs_e_dot"": 1.0, ""max_control"": 0.10915010680666698, ""max_current_raw"": 45.0, ""max_current_slew"": 21.29188428670474, ""mid_disturbance_offset_sec"": 0.0, ""no_set_current_mode"": false, ""predict_horizon_sec"": 0.01482710830281396, ""pulse_current_raw_max"": 12.0, ""pulse_current_raw_min"": 4.0, ""pulse_duration_max"": 0.6, ""pulse_duration_min"": 0.15, ""q_abs_guard_deg"": 55.0, ""qd_lpf_alpha"": 0.272285369112674, ""rate"": 24.0, ""rbf_center_max"": 3.2, ""rbf_center_min"": -3.2, ""rbf_nodes"": 11.0, ""rbf_width"": 1.4631904539, ""ref_jump_deg_max"": 8.0, ""ref_jump_deg_min"": 2.0, ""ref_jump_duration_max"": 0.6, ""ref_jump_duration_min"": 0.15, ""reference_shape"": ""sine"", ""reset_zeta_after_motion"": false, ""reset_zeta_on_segment"": false, ""restore_mode"": false, ""sigma_mod"": 0.2460708825, ""sine_center_mode"": ""lock"", ""soft_start_sec"": 0.0, ""step_absolute_target_deg"": 100.0, ""step_absolute_target_rad"": null, ""step_delta_deg"": -40.0, ""step_ramp_sec"": 1.0, ""step_segment_sec"": 1.5, ""step_sequence_deg"": """", ""step_shape"": ""smoothstep"", ""step_start_sec"": 0.5, ""tail_err_full_deg"": 4.0, ""tail_err_thresh_deg"": 1.5, ""tail_kd"": 0.24137295300229372, ""tail_kp"": 0.0, ""tail_max_control_boost"": 0.0, ""tail_u_max"": 0.0, ""torque_to_current"": 210.0, ""zeta0"": 0.885692967, ""zeta_leak"": 0.0237735451, ""zeta_reset_delay_sec"": 0.0, ""zeta_reset_value"": null, ""zeta_soft"": 0.989185316}"
34,1,1.0,1000233.2919654454,528.0,21.958470000000002,5.931894757013047,6.9656539400652155,12.540786830043405,17.31653442206685,1.5832919654453574,0.0,0.10819945286195289,0.8844693970252573,0.9789694269,0.885692967,0.9789694269,0.0932764599,0.004239839088068182,0.032751877769999965,0.1139439927,0.0,0.0,0.0,1.0,19.51171875282968,6.622994580602948,2.2350455893424086,1.0,6.272398547463821,11.437941601671419,17.31653442206685,0.0,0.0,0.0,0.0,0.0,5.931894757013047,12.540786830043405,17.31653442206685,0.0,0,23.38467793000018,/tmp/nussbaum_step_settle120_runs/optuna_t0034_r01.csv,,"{""alpha"": 7.1072835468, ""amplitude_deg"": 10.0, ""baudrate"": 1000000.0, ""command_sign"": -1.0, ""control_output_scale"": 1.0, ""current_bias_raw"": -0.4029125864806446, ""current_limit_raw"": 0.0, ""default_mode"": 3.0, ""device"": ""/dev/ttyAMA0"", ""disable_anti_windup"": false, ""disable_freeze_nn_on_saturation"": false, ""disable_freeze_zeta_on_saturation"": false, ""disturb_interval_sec"": 30.0, ""disturb_jitter_sec"": 3.0, ""disturb_mode"": ""mixed"", ""disturb_seed"": -1.0, ""disturbance_placement"": ""mid_move"", ""duration"": 22.0, ""dxl_id"": 6.0, ""enable_disturbance"": false, ""frequency_hz"": 0.05, ""fric_coulomb"": 0.0027700887129359824, ""fric_vel_scale"": 0.32763408034450797, ""gamma_adapt"": 8.7187500403, ""gamma_link"": 1.2893596504520748, ""integral_limit"": 1.6504936083, ""k_delta"": 0.06845677650181997, ""max_abs_e_dot"": 1.0, ""max_control"": 0.12918601116268608, ""max_current_raw"": 45.0, ""max_current_slew"": 37.026644037029996, ""mid_disturbance_offset_sec"": 0.0, ""no_set_current_mode"": false, ""predict_horizon_sec"": 0.014126703446352213, ""pulse_current_raw_max"": 12.0, ""pulse_current_raw_min"": 4.0, ""pulse_duration_max"": 0.6, ""pulse_duration_min"": 0.15, ""q_abs_guard_deg"": 55.0, ""qd_lpf_alpha"": 0.21035734778011045, ""rate"": 24.0, ""rbf_center_max"": 3.2, ""rbf_center_min"": -3.2, ""rbf_nodes"": 11.0, ""rbf_width"": 1.4631904539, ""ref_jump_deg_max"": 8.0, ""ref_jump_deg_min"": 2.0, ""ref_jump_duration_max"": 0.6, ""ref_jump_duration_min"": 0.15, ""reference_shape"": ""sine"", ""reset_zeta_after_motion"": false, ""reset_zeta_on_segment"": false, ""restore_mode"": false, ""sigma_mod"": 0.2460708825, ""sine_center_mode"": ""lock"", ""soft_start_sec"": 0.0, ""step_absolute_target_deg"": 100.0, ""step_absolute_target_rad"": null, ""step_delta_deg"": -40.0, ""step_ramp_sec"": 1.0, ""step_segment_sec"": 1.5, ""step_sequence_deg"": """", ""step_shape"": ""smoothstep"", ""step_start_sec"": 0.5, ""tail_err_full_deg"": 4.0, ""tail_err_thresh_deg"": 1.5, ""tail_kd"": 0.21845750091812252, ""tail_kp"": 0.0, ""tail_max_control_boost"": 0.0, ""tail_u_max"": 0.0, ""torque_to_current"": 210.0, ""zeta0"": 0.885692967, ""zeta_leak"": 0.0237735451, ""zeta_reset_delay_sec"": 0.0, ""zeta_reset_value"": null, ""zeta_soft"": 0.989185316}"
35,1,1.0,19.360343151068417,528.0,21.958527,0.6645342409152382,1.7569450723476643,3.4441449380575273,12.11534090535526,0.9095004042425403,0.0,0.14712251683501681,0.25180076475875773,1.0745805631,0.8856930297,1.0745805631,0.18888753340000008,0.00858579982215909,0.015337374154999837,0.1231497397,0.0,0.0,0.0,1.0,0.7031249998232312,0.2976440516180178,3.1233075234889167,1.0,0.05174700222079369,0.1074218745751069,0.1074218745751069,0.0,0.0,0.0,0.0,0.0,0.6645342409152382,3.4441449380575273,12.11534090535526,0.0,0,23.378385042000446,/tmp/nussbaum_step_settle120_runs/optuna_t0035_r01.csv,,"{""alpha"": 7.1072835468, ""amplitude_deg"": 10.0, ""baudrate"": 1000000.0, ""command_sign"": -1.0, ""control_output_scale"": 1.0, ""current_bias_raw"": 0.34906133264680084, ""current_limit_raw"": 0.0, ""default_mode"": 3.0, ""device"": ""/dev/ttyAMA0"", ""disable_anti_windup"": false, ""disable_freeze_nn_on_saturation"": false, ""disable_freeze_zeta_on_saturation"": false, ""disturb_interval_sec"": 30.0, ""disturb_jitter_sec"": 3.0, ""disturb_mode"": ""mixed"", ""disturb_seed"": -1.0, ""disturbance_placement"": ""mid_move"", ""duration"": 22.0, ""dxl_id"": 6.0, ""enable_disturbance"": false, ""frequency_hz"": 0.05, ""fric_coulomb"": 0.0029287899321811563, ""fric_vel_scale"": 0.4108196956860424, ""gamma_adapt"": 8.7187500403, ""gamma_link"": 1.0268514723402244, ""integral_limit"": 1.6504936083, ""k_delta"": 0.14535765902279424, ""max_abs_e_dot"": 1.0, ""max_control"": 0.16846562071287446, ""max_current_raw"": 45.0, ""max_current_slew"": 24.926636453124676, ""mid_disturbance_offset_sec"": 0.0, ""no_set_current_mode"": false, ""predict_horizon_sec"": 0.00933024330192137, ""pulse_current_raw_max"": 12.0, ""pulse_current_raw_min"": 4.0, ""pulse_duration_max"": 0.6, ""pulse_duration_min"": 0.15, ""q_abs_guard_deg"": 55.0, ""qd_lpf_alpha"": 0.26532846163838475, ""rate"": 24.0, ""rbf_center_max"": 3.2, ""rbf_center_min"": -3.2, ""rbf_nodes"": 11.0, ""rbf_width"": 1.4631904539, ""ref_jump_deg_max"": 8.0, ""ref_jump_deg_min"": 2.0, ""ref_jump_duration_max"": 0.6, ""ref_jump_duration_min"": 0.15, ""reference_shape"": ""sine"", ""reset_zeta_after_motion"": false, ""reset_zeta_on_segment"": false, ""restore_mode"": false, ""sigma_mod"": 0.2460708825, ""sine_center_mode"": ""lock"", ""soft_start_sec"": 0.0, ""step_absolute_target_deg"": 100.0, ""step_absolute_target_rad"": null, ""step_delta_deg"": -40.0, ""step_ramp_sec"": 1.0, ""step_segment_sec"": 1.5, ""step_sequence_deg"": """", ""step_shape"": ""smoothstep"", ""step_start_sec"": 0.5, ""tail_err_full_deg"": 4.0, ""tail_err_thresh_deg"": 1.5, ""tail_kd"": 0.1026068580997644, ""tail_kp"": 0.0, ""tail_max_control_boost"": 0.0, ""tail_u_max"": 0.0, ""torque_to_current"": 210.0, ""zeta0"": 0.885692967, ""zeta_leak"": 0.0237735451, ""zeta_reset_delay_sec"": 0.0, ""zeta_reset_value"": null, ""zeta_soft"": 0.989185316}"
36,1,1.0,1000121.0231720806,528.0,21.958527,0.5716664055889323,1.5598359591685824,4.049200246844291,8.722685506247082,0.7789768279194178,0.0,0.15795050505050504,0.2885811079089138,1.1041431561,0.885692967,1.1041431561,0.21845018909999991,0.009929554048863636,0.018505110164999984,0.161209022,0.0,0.0,0.0,1.0,0.17578125138820155,0.9167034373964588,5.69127363992654,1.0,0.03232385745203953,0.1074218745751069,0.1074218745751069,0.0,0.0,0.0,0.0,0.0,0.5716664055889323,4.049200246844291,8.722685506247082,0.0,0,23.387721744999908,/tmp/nussbaum_step_settle120_runs/optuna_t0036_r01.csv,,"{""alpha"": 7.1072835468, ""amplitude_deg"": 10.0, ""baudrate"": 1000000.0, ""command_sign"": -1.0, ""control_output_scale"": 1.0, ""current_bias_raw"": 1.006819964227797, ""current_limit_raw"": 0.0, ""default_mode"": 3.0, ""device"": ""/dev/ttyAMA0"", ""disable_anti_windup"": false, ""disable_freeze_nn_on_saturation"": false, ""disable_freeze_zeta_on_saturation"": false, ""disturb_interval_sec"": 30.0, ""disturb_jitter_sec"": 3.0, ""disturb_mode"": ""mixed"", ""disturb_seed"": -1.0, ""disturbance_placement"": ""mid_move"", ""duration"": 22.0, ""dxl_id"": 6.0, ""enable_disturbance"": false, ""frequency_hz"": 0.05, ""fric_coulomb"": 0.0056671201175067035, ""fric_vel_scale"": 0.4849842953030975, ""gamma_adapt"": 8.7187500403, ""gamma_link"": 1.073345739177841, ""integral_limit"": 1.6504936083, ""k_delta"": 0.16089470445960927, ""max_abs_e_dot"": 1.0, ""max_control"": 0.17625595525617602, ""max_current_raw"": 45.0, ""max_current_slew"": 19.999638278950346, ""mid_disturbance_offset_sec"": 0.0, ""no_set_current_mode"": false, ""predict_horizon_sec"": 0.008326646627617843, ""pulse_current_raw_max"": 12.0, ""pulse_current_raw_min"": 4.0, ""pulse_duration_max"": 0.6, ""pulse_duration_min"": 0.15, ""q_abs_guard_deg"": 55.0, ""qd_lpf_alpha"": 0.231015386557524, ""rate"": 24.0, ""rbf_center_max"": 3.2, ""rbf_center_min"": -3.2, ""rbf_nodes"": 11.0, ""rbf_width"": 1.4631904539, ""ref_jump_deg_max"": 8.0, ""ref_jump_deg_min"": 2.0, ""ref_jump_duration_max"": 0.6, ""ref_jump_duration_min"": 0.15, ""reference_shape"": ""sine"", ""reset_zeta_after_motion"": false, ""reset_zeta_on_segment"": false, ""restore_mode"": false, ""sigma_mod"": 0.2460708825, ""sine_center_mode"": ""lock"", ""soft_start_sec"": 0.0, ""step_absolute_target_deg"": 100.0, ""step_absolute_target_rad"": null, ""step_delta_deg"": -40.0, ""step_ramp_sec"": 1.0, ""step_segment_sec"": 1.5, ""step_sequence_deg"": """", ""step_shape"": ""smoothstep"", ""step_start_sec"": 0.5, ""tail_err_full_deg"": 4.0, ""tail_err_thresh_deg"": 1.5, ""tail_kd"": 0.10012407599159483, ""tail_kp"": 0.0, ""tail_max_control_boost"": 0.0, ""tail_u_max"": 0.0, ""torque_to_current"": 210.0, ""zeta0"": 0.885692967, ""zeta_leak"": 0.0237735451, ""zeta_reset_delay_sec"": 0.0, ""zeta_reset_value"": null, ""zeta_soft"": 0.989185316}"
37,1,1.0,67.18327316184728,528.0,21.958427,2.984433607245111,3.7652766982326997,8.014207736458337,9.61719077980281,0.9840139271422436,0.0,0.09259330808080808,0.7162494507382138,1.3370773086,0.885692967,1.3370773086,0.45138434160000007,0.020517470070643938,0.08802653283499998,0.1294148378,0.0,0.0,0.0,1.0,11.373046873143508,3.4960320219805068,2.3946806161247154,1.0,2.9644815620858473,7.803745284413678,9.088625892148594,0.0,0.0,0.0,0.0,0.0,2.984433607245111,8.014207736458337,9.61719077980281,0.0,0,23.453997541000717,/tmp/nussbaum_step_settle120_runs/optuna_t0037_r01.csv,,"{""alpha"": 7.1072835468, ""amplitude_deg"": 10.0, ""baudrate"": 1000000.0, ""command_sign"": -1.0, ""control_output_scale"": 1.0, ""current_bias_raw"": -0.052990455889032506, ""current_limit_raw"": 0.0, ""default_mode"": 3.0, ""device"": ""/dev/ttyAMA0"", ""disable_anti_windup"": false, ""disable_freeze_nn_on_saturation"": false, ""disable_freeze_zeta_on_saturation"": false, ""disturb_interval_sec"": 30.0, ""disturb_jitter_sec"": 3.0, ""disturb_mode"": ""mixed"", ""disturb_seed"": -1.0, ""disturbance_placement"": ""mid_move"", ""duration"": 22.0, ""dxl_id"": 6.0, ""enable_disturbance"": false, ""frequency_hz"": 0.05, ""fric_coulomb"": 0.0008606254578386449, ""fric_vel_scale"": 0.6537751315431422, ""gamma_adapt"": 8.7187500403, ""gamma_link"": 1.0365163198812575, ""integral_limit"": 1.6504936083, ""k_delta"": 0.17693569758027342, ""max_abs_e_dot"": 1.0, ""max_control"": 0.18756487962751228, ""max_current_raw"": 45.0, ""max_current_slew"": 26.293121880434704, ""mid_disturbance_offset_sec"": 0.0, ""no_set_current_mode"": false, ""predict_horizon_sec"": 0.011154564934243397, ""pulse_current_raw_max"": 12.0, ""pulse_current_raw_min"": 4.0, ""pulse_duration_max"": 0.6, ""pulse_duration_min"": 0.15, ""q_abs_guard_deg"": 55.0, ""qd_lpf_alpha"": 0.26330809437068753, ""rate"": 24.0, ""rbf_center_max"": 3.2, ""rbf_center_min"": -3.2, ""rbf_nodes"": 11.0, ""rbf_width"": 1.4631904539, ""ref_jump_deg_max"": 8.0, ""ref_jump_deg_min"": 2.0, ""ref_jump_duration_max"": 0.6, ""ref_jump_duration_min"": 0.15, ""reference_shape"": ""sine"", ""reset_zeta_after_motion"": false, ""reset_zeta_on_segment"": false, ""restore_mode"": false, ""sigma_mod"": 0.2460708825, ""sine_center_mode"": ""lock"", ""soft_start_sec"": 0.0, ""step_absolute_target_deg"": 100.0, ""step_absolute_target_rad"": null, ""step_delta_deg"": -40.0, ""step_ramp_sec"": 1.0, ""step_segment_sec"": 1.5, ""step_sequence_deg"": """", ""step_shape"": ""smoothstep"", ""step_start_sec"": 0.5, ""tail_err_full_deg"": 4.0, ""tail_err_thresh_deg"": 1.5, ""tail_kd"": 0.09546379153584492, ""tail_kp"": 0.0, ""tail_max_control_boost"": 0.0, ""tail_u_max"": 0.0, ""torque_to_current"": 210.0, ""zeta0"": 0.885692967, ""zeta_leak"": 0.0237735451, ""zeta_reset_delay_sec"": 0.0, ""zeta_reset_value"": null, ""zeta_soft"": 0.989185316}"
38,1,1.0,73.52735180968777,528.0,21.958451,3.8544919330289913,4.538751986162903,8.32871926565706,12.633613333876353,1.181069848476861,0.0,0.09442474747474748,0.7710443128138917,1.2078428821,0.8856930474,1.207718968,0.3220259206,0.014637545500568182,0.07629496196499999,0.1270087137,0.0,0.0,0.0,1.0,12.515625001437243,4.141357804684151,2.341461005680917,1.0,3.389701566381021,5.931031129611544,7.941327273442748,0.0,0.0,0.0,0.0,0.0,3.8544919330289913,8.32871926565706,12.633613333876353,0.0,0,23.403573153000252,/tmp/nussbaum_step_settle120_runs/optuna_t0038_r01.csv,,"{""alpha"": 7.1072835468, ""amplitude_deg"": 10.0, ""baudrate"": 1000000.0, ""command_sign"": -1.0, ""control_output_scale"": 1.0, ""current_bias_raw"": 0.1966107452188001, ""current_limit_raw"": 0.0, ""default_mode"": 3.0, ""device"": ""/dev/ttyAMA0"", ""disable_anti_windup"": false, ""disable_freeze_nn_on_saturation"": false, ""disable_freeze_zeta_on_saturation"": false, ""disturb_interval_sec"": 30.0, ""disturb_jitter_sec"": 3.0, ""disturb_mode"": ""mixed"", ""disturb_seed"": -1.0, ""disturbance_placement"": ""mid_move"", ""duration"": 22.0, ""dxl_id"": 6.0, ""enable_disturbance"": false, ""frequency_hz"": 0.05, ""fric_coulomb"": 0.004206698971222603, ""fric_vel_scale"": 0.9929261061947823, ""gamma_adapt"": 8.7187500403, ""gamma_link"": 1.0771195520836634, ""integral_limit"": 1.6504936083, ""k_delta"": 0.16893123034526517, ""max_abs_e_dot"": 1.0, ""max_control"": 0.20084072606966025, ""max_current_raw"": 45.0, ""max_current_slew"": 29.661813766392065, ""mid_disturbance_offset_sec"": 0.0, ""no_set_current_mode"": false, ""predict_horizon_sec"": 0.012401482921190636, ""pulse_current_raw_max"": 12.0, ""pulse_current_raw_min"": 4.0, ""pulse_duration_max"": 0.6, ""pulse_duration_min"": 0.15, ""q_abs_guard_deg"": 55.0, ""qd_lpf_alpha"": 0.24732267669503705, ""rate"": 24.0, ""rbf_center_max"": 3.2, ""rbf_center_min"": -3.2, ""rbf_nodes"": 11.0, ""rbf_width"": 1.4631904539, ""ref_jump_deg_max"": 8.0, ""ref_jump_deg_min"": 2.0, ""ref_jump_duration_max"": 0.6, ""ref_jump_duration_min"": 0.15, ""reference_shape"": ""sine"", ""reset_zeta_after_motion"": false, ""reset_zeta_on_segment"": false, ""restore_mode"": false, ""sigma_mod"": 0.2460708825, ""sine_center_mode"": ""lock"", ""soft_start_sec"": 0.0, ""step_absolute_target_deg"": 100.0, ""step_absolute_target_rad"": null, ""step_delta_deg"": -40.0, ""step_ramp_sec"": 1.0, ""step_segment_sec"": 1.5, ""step_sequence_deg"": """", ""step_shape"": ""smoothstep"", ""step_start_sec"": 0.5, ""tail_err_full_deg"": 4.0, ""tail_err_thresh_deg"": 1.5, ""tail_kd"": 0.03486552324591143, ""tail_kp"": 0.0, ""tail_max_control_boost"": 0.0, ""tail_u_max"": 0.0, ""torque_to_current"": 210.0, ""zeta0"": 0.885692967, ""zeta_leak"": 0.0237735451, ""zeta_reset_delay_sec"": 0.0, ""zeta_reset_value"": null, ""zeta_soft"": 0.989185316}"
39,1,1.0,1000169.1727718987,528.0,21.958433000000003,5.531123725593407,6.42144227301181,12.552318343353576,17.222718862731615,1.51917277189865,0.0,0.10951207912457915,0.8720634202624384,1.0079233184,0.885692986,1.0079144317,0.12222144569999993,0.0055555211242424235,0.05259292792499994,0.1079017377,0.0,0.0,0.0,1.0,16.294921871906155,5.918485076979363,2.607544306834102,1.0,5.09971696770497,8.02190390667072,11.738354815625678,0.0,0.0,0.0,0.0,0.0,5.531123725593407,12.552318343353576,17.222718862731615,0.0,0,23.51056065299963,/tmp/nussbaum_step_settle120_runs/optuna_t0039_r01.csv,,"{""alpha"": 7.1072835468, ""amplitude_deg"": 10.0, ""baudrate"": 1000000.0, ""command_sign"": -1.0, ""control_output_scale"": 1.0, ""current_bias_raw"": -1.0650846140219068, ""current_limit_raw"": 0.0, ""default_mode"": 3.0, ""device"": ""/dev/ttyAMA0"", ""disable_anti_windup"": false, ""disable_freeze_nn_on_saturation"": false, ""disable_freeze_zeta_on_saturation"": false, ""disturb_interval_sec"": 30.0, ""disturb_jitter_sec"": 3.0, ""disturb_mode"": ""mixed"", ""disturb_seed"": -1.0, ""disturbance_placement"": ""mid_move"", ""duration"": 22.0, ""dxl_id"": 6.0, ""enable_disturbance"": false, ""frequency_hz"": 0.05, ""fric_coulomb"": 0.011662503813339407, ""fric_vel_scale"": 1.0889627417625711, ""gamma_adapt"": 8.7187500403, ""gamma_link"": 0.9395812807585403, ""integral_limit"": 1.6504936083, ""k_delta"": 0.05291209575925039, ""max_abs_e_dot"": 1.0, ""max_control"": 0.16336062176746582, ""max_current_raw"": 45.0, ""max_current_slew"": 42.93507919261502, ""mid_disturbance_offset_sec"": 0.0, ""no_set_current_mode"": false, ""predict_horizon_sec"": 0.0070260515107025455, ""pulse_current_raw_max"": 12.0, ""pulse_current_raw_min"": 4.0, ""pulse_duration_max"": 0.6, ""pulse_duration_min"": 0.15, ""q_abs_guard_deg"": 55.0, ""qd_lpf_alpha"": 0.2452080456279941, ""rate"": 24.0, ""rbf_center_max"": 3.2, ""rbf_center_min"": -3.2, ""rbf_nodes"": 11.0, ""rbf_width"": 1.4631904539, ""ref_jump_deg_max"": 8.0, ""ref_jump_deg_min"": 2.0, ""ref_jump_duration_max"": 0.6, ""ref_jump_duration_min"": 0.15, ""reference_shape"": ""sine"", ""reset_zeta_after_motion"": false, ""reset_zeta_on_segment"": false, ""restore_mode"": false, ""sigma_mod"": 0.2460708825, ""sine_center_mode"": ""lock"", ""soft_start_sec"": 0.0, ""step_absolute_target_deg"": 100.0, ""step_absolute_target_rad"": null, ""step_delta_deg"": -40.0, ""step_ramp_sec"": 1.0, ""step_segment_sec"": 1.5, ""step_sequence_deg"": """", ""step_shape"": ""smoothstep"", ""step_start_sec"": 0.5, ""tail_err_full_deg"": 4.0, ""tail_err_thresh_deg"": 1.5, ""tail_kd"": 0.1638909648930201, ""tail_kp"": 0.0, ""tail_max_control_boost"": 0.0, ""tail_u_max"": 0.0, ""torque_to_current"": 210.0, ""zeta0"": 0.885692967, ""zeta_leak"": 0.0237735451, ""zeta_reset_delay_sec"": 0.0, ""zeta_reset_value"": null, ""zeta_soft"": 0.989185316}"
40,1,1.0,71.20774369326595,528.0,21.958448,3.6746224194893493,4.193658524049881,7.74016249888871,10.390965366149105,1.248180004157092,0.0,0.09353080808080809,0.8327308895291321,1.0882542402,0.885692967,1.0882542402,0.20256127319999995,0.009207330599810607,0.05922005450999998,0.1295116677,0.0,0.0,0.0,1.0,11.566406249670521,3.9385196221249643,2.4000021760019727,1.0,3.7194258161797924,7.69991079313192,9.931179529704183,0.0,0.0,0.0,0.0,0.0,3.6746224194893493,7.74016249888871,10.390965366149105,0.0,0,23.380295171000398,/tmp/nussbaum_step_settle120_runs/optuna_t0040_r01.csv,,"{""alpha"": 7.1072835468, ""amplitude_deg"": 10.0, ""baudrate"": 1000000.0, ""command_sign"": -1.0, ""control_output_scale"": 1.0, ""current_bias_raw"": -0.9542293747805207, ""current_limit_raw"": 0.0, ""default_mode"": 3.0, ""device"": ""/dev/ttyAMA0"", ""disable_anti_windup"": false, ""disable_freeze_nn_on_saturation"": false, ""disable_freeze_zeta_on_saturation"": false, ""disturb_interval_sec"": 30.0, ""disturb_jitter_sec"": 3.0, ""disturb_mode"": ""mixed"", ""disturb_seed"": -1.0, ""disturbance_placement"": ""mid_move"", ""duration"": 22.0, ""dxl_id"": 6.0, ""enable_disturbance"": false, ""frequency_hz"": 0.05, ""fric_coulomb"": 0.003141432976878477, ""fric_vel_scale"": 0.6291338754142699, ""gamma_adapt"": 8.7187500403, ""gamma_link"": 1.0192538308070176, ""integral_limit"": 1.6504936083, ""k_delta"": 0.15700831532552892, ""max_abs_e_dot"": 1.0, ""max_control"": 0.16355872083081238, ""max_current_raw"": 45.0, ""max_current_slew"": 32.71101598812618, ""mid_disturbance_offset_sec"": 0.0, ""no_set_current_mode"": false, ""predict_horizon_sec"": 0.00964882405330445, ""pulse_current_raw_max"": 12.0, ""pulse_current_raw_min"": 4.0, ""pulse_duration_max"": 0.6, ""pulse_duration_min"": 0.15, ""q_abs_guard_deg"": 55.0, ""qd_lpf_alpha"": 0.25861668845022806, ""rate"": 24.0, ""rbf_center_max"": 3.2, ""rbf_center_min"": -3.2, ""rbf_nodes"": 11.0, ""rbf_width"": 1.4631904539, ""ref_jump_deg_max"": 8.0, ""ref_jump_deg_min"": 2.0, ""ref_jump_duration_max"": 0.6, ""ref_jump_duration_min"": 0.15, ""reference_shape"": ""sine"", ""reset_zeta_after_motion"": false, ""reset_zeta_on_segment"": false, ""restore_mode"": false, ""sigma_mod"": 0.2460708825, ""sine_center_mode"": ""lock"", ""soft_start_sec"": 0.0, ""step_absolute_target_deg"": 100.0, ""step_absolute_target_rad"": null, ""step_delta_deg"": -40.0, ""step_ramp_sec"": 1.0, ""step_segment_sec"": 1.5, ""step_sequence_deg"": """", ""step_shape"": ""smoothstep"", ""step_start_sec"": 0.5, ""tail_err_full_deg"": 4.0, ""tail_err_thresh_deg"": 1.5, ""tail_kd"": 0.14059192778717106, ""tail_kp"": 0.0, ""tail_max_control_boost"": 0.0, ""tail_u_max"": 0.0, ""torque_to_current"": 210.0, ""zeta0"": 0.885692967, ""zeta_leak"": 0.0237735451, ""zeta_reset_delay_sec"": 0.0, ""zeta_reset_value"": null, ""zeta_soft"": 0.989185316}"
41,1,1.0,1000017.6433983301,528.0,21.958442,0.7636109873745593,1.4906270204390395,2.782797268738941,8.505638069743547,0.8823566016699178,0.0,0.13555117845117845,0.2339674319845551,1.0789189383,0.885692967,1.0789189383,0.19322597129999997,0.008782998698674242,0.03982541066999999,0.1662964395,0.0,0.0,0.0,1.0,0.6152343741291304,0.6066956445561441,3.6746613325895203,1.0,0.17909651663284548,0.5468749973160372,0.6347656230101387,0.0,0.0,0.0,0.0,0.0,0.7636109873745593,2.782797268738941,8.505638069743547,0.0,0,23.34844778200022,/tmp/nussbaum_step_settle120_runs/optuna_t0041_r01.csv,,"{""alpha"": 7.1072835468, ""amplitude_deg"": 10.0, ""baudrate"": 1000000.0, ""command_sign"": -1.0, ""control_output_scale"": 1.0, ""current_bias_raw"": -0.7416431617908262, ""current_limit_raw"": 0.0, ""default_mode"": 3.0, ""device"": ""/dev/ttyAMA0"", ""disable_anti_windup"": false, ""disable_freeze_nn_on_saturation"": false, ""disable_freeze_zeta_on_saturation"": false, ""disturb_interval_sec"": 30.0, ""disturb_jitter_sec"": 3.0, ""disturb_mode"": ""mixed"", ""disturb_seed"": -1.0, ""disturbance_placement"": ""mid_move"", ""duration"": 22.0, ""dxl_id"": 6.0, ""enable_disturbance"": false, ""frequency_hz"": 0.05, ""fric_coulomb"": 0.005045122341015935, ""fric_vel_scale"": 0.7217530628172321, ""gamma_adapt"": 8.7187500403, ""gamma_link"": 0.9336920185613448, ""integral_limit"": 1.6504936083, ""k_delta"": 0.13504827811502676, ""max_abs_e_dot"": 1.0, ""max_control"": 0.17938412913288776, ""max_current_raw"": 45.0, ""max_current_slew"": 16.769146168886955, ""mid_disturbance_offset_sec"": 0.0, ""no_set_current_mode"": false, ""predict_horizon_sec"": 0.010080402623920477, ""pulse_current_raw_max"": 12.0, ""pulse_current_raw_min"": 4.0, ""pulse_duration_max"": 0.6, ""pulse_duration_min"": 0.15, ""q_abs_guard_deg"": 55.0, ""qd_lpf_alpha"": 0.26389788999844704, ""rate"": 24.0, ""rbf_center_max"": 3.2, ""rbf_center_min"": -3.2, ""rbf_nodes"": 11.0, ""rbf_width"": 1.4631904539, ""ref_jump_deg_max"": 8.0, ""ref_jump_deg_min"": 2.0, ""ref_jump_duration_max"": 0.6, ""ref_jump_duration_min"": 0.15, ""reference_shape"": ""sine"", ""reset_zeta_after_motion"": false, ""reset_zeta_on_segment"": false, ""restore_mode"": false, ""sigma_mod"": 0.2460708825, ""sine_center_mode"": ""lock"", ""soft_start_sec"": 0.0, ""step_absolute_target_deg"": 100.0, ""step_absolute_target_rad"": null, ""step_delta_deg"": -40.0, ""step_ramp_sec"": 1.0, ""step_segment_sec"": 1.5, ""step_sequence_deg"": """", ""step_shape"": ""smoothstep"", ""step_start_sec"": 0.5, ""tail_err_full_deg"": 4.0, ""tail_err_thresh_deg"": 1.5, ""tail_kd"": 0.15446723546433325, ""tail_kp"": 0.0, ""tail_max_control_boost"": 0.0, ""tail_u_max"": 0.0, ""torque_to_current"": 210.0, ""zeta0"": 0.885692967, ""zeta_leak"": 0.0237735451, ""zeta_reset_delay_sec"": 0.0, ""zeta_reset_value"": null, ""zeta_soft"": 0.989185316}"
42,1,1.0,80.43476169232738,528.0,21.958464000000003,4.152520798104699,4.912982783858762,8.986480370725463,10.531185184112022,1.1628063525265575,0.0,0.09183228114478115,0.7907632446671633,1.1559410492,0.885692967,1.1559410492,0.27024808219999996,0.01228400373465909,0.06518307272,0.1303014598,0.0,0.0,0.0,1.0,13.798828125111982,4.74152124973193,2.235033933402694,1.0,4.171593144940762,8.397046627880396,9.144294574655907,0.0,0.0,0.0,0.0,0.0,4.152520798104699,8.986480370725463,10.531185184112022,0.0,0,23.373866152999653,/tmp/nussbaum_step_settle120_runs/optuna_t0042_r01.csv,,"{""alpha"": 7.1072835468, ""amplitude_deg"": 10.0, ""baudrate"": 1000000.0, ""command_sign"": -1.0, ""control_output_scale"": 1.0, ""current_bias_raw"": -1.2401192260917542, ""current_limit_raw"": 0.0, ""default_mode"": 3.0, ""device"": ""/dev/ttyAMA0"", ""disable_anti_windup"": false, ""disable_freeze_nn_on_saturation"": false, ""disable_freeze_zeta_on_saturation"": false, ""disturb_interval_sec"": 30.0, ""disturb_jitter_sec"": 3.0, ""disturb_mode"": ""mixed"", ""disturb_seed"": -1.0, ""disturbance_placement"": ""mid_move"", ""duration"": 22.0, ""dxl_id"": 6.0, ""enable_disturbance"": false, ""frequency_hz"": 0.05, ""fric_coulomb"": 0.001675055706930877, ""fric_vel_scale"": 0.7112427564761158, ""gamma_adapt"": 8.7187500403, ""gamma_link"": 1.04422020800524, ""integral_limit"": 1.6504936083, ""k_delta"": 0.15150733685182602, ""max_abs_e_dot"": 1.0, ""max_control"": 0.17538064181721355, ""max_current_raw"": 45.0, ""max_current_slew"": 29.65930629705263, ""mid_disturbance_offset_sec"": 0.0, ""no_set_current_mode"": false, ""predict_horizon_sec"": 0.010608044628802622, ""pulse_current_raw_max"": 12.0, ""pulse_current_raw_min"": 4.0, ""pulse_duration_max"": 0.6, ""pulse_duration_min"": 0.15, ""q_abs_guard_deg"": 55.0, ""qd_lpf_alpha"": 0.22204792838892812, ""rate"": 24.0, ""rbf_center_max"": 3.2, ""rbf_center_min"": -3.2, ""rbf_nodes"": 11.0, ""rbf_width"": 1.4631904539, ""ref_jump_deg_max"": 8.0, ""ref_jump_deg_min"": 2.0, ""ref_jump_duration_max"": 0.6, ""ref_jump_duration_min"": 0.15, ""reference_shape"": ""sine"", ""reset_zeta_after_motion"": false, ""reset_zeta_on_segment"": false, ""restore_mode"": false, ""sigma_mod"": 0.2460708825, ""sine_center_mode"": ""lock"", ""soft_start_sec"": 0.0, ""step_absolute_target_deg"": 100.0, ""step_absolute_target_rad"": null, ""step_delta_deg"": -40.0, ""step_ramp_sec"": 1.0, ""step_segment_sec"": 1.5, ""step_sequence_deg"": """", ""step_shape"": ""smoothstep"", ""step_start_sec"": 0.5, ""tail_err_full_deg"": 4.0, ""tail_err_thresh_deg"": 1.5, ""tail_kd"": 0.17804634699971722, ""tail_kp"": 0.0, ""tail_max_control_boost"": 0.0, ""tail_u_max"": 0.0, ""torque_to_current"": 210.0, ""zeta0"": 0.885692967, ""zeta_leak"": 0.0237735451, ""zeta_reset_delay_sec"": 0.0, ""zeta_reset_value"": null, ""zeta_soft"": 0.989185316}"
43,1,1.0,28.770786124387232,528.0,21.958460000000002,0.8288272321089489,1.9024684719221527,4.088425429383199,9.482570833605537,0.9015430574852781,0.0,0.11219187710437711,0.263987237118329,1.0884972259,0.8856930311,1.0884972259,0.20280419480000011,0.009218375401136365,0.05013712855999998,0.2146810177,0.0,0.0,0.0,1.0,2.7421875021753976,1.3113890276568907,3.3272989221896965,1.0,0.11488122657128529,0.19531250026920854,0.28320312596331015,0.0,0.0,0.0,0.0,0.0,0.8288272321089489,4.088425429383199,9.482570833605537,0.0,0,23.446458024000094,/tmp/nussbaum_step_settle120_runs/optuna_t0043_r01.csv,,"{""alpha"": 7.1072835468, ""amplitude_deg"": 10.0, ""baudrate"": 1000000.0, ""command_sign"": -1.0, ""control_output_scale"": 1.0, ""current_bias_raw"": 0.32714353608147817, ""current_limit_raw"": 0.0, ""default_mode"": 3.0, ""device"": ""/dev/ttyAMA0"", ""disable_anti_windup"": false, ""disable_freeze_nn_on_saturation"": false, ""disable_freeze_zeta_on_saturation"": false, ""disturb_interval_sec"": 30.0, ""disturb_jitter_sec"": 3.0, ""disturb_mode"": ""mixed"", ""disturb_seed"": -1.0, ""disturbance_placement"": ""mid_move"", ""duration"": 22.0, ""dxl_id"": 6.0, ""enable_disturbance"": false, ""frequency_hz"": 0.05, ""fric_coulomb"": 0.0013449728051055253, ""fric_vel_scale"": 0.40483210536509456, ""gamma_adapt"": 8.7187500403, ""gamma_link"": 1.1276500091635047, ""integral_limit"": 1.6504936083, ""k_delta"": 0.12261784049222949, ""max_abs_e_dot"": 1.0, ""max_control"": 0.20061475506784351, ""max_current_raw"": 45.0, ""max_current_slew"": 21.81580861252792, ""mid_disturbance_offset_sec"": 0.0, ""no_set_current_mode"": false, ""predict_horizon_sec"": 0.01043809402520752, ""pulse_current_raw_max"": 12.0, ""pulse_current_raw_min"": 4.0, ""pulse_duration_max"": 0.6, ""pulse_duration_min"": 0.15, ""q_abs_guard_deg"": 55.0, ""qd_lpf_alpha"": 0.2724662133719502, ""rate"": 24.0, ""rbf_center_max"": 3.2, ""rbf_center_min"": -3.2, ""rbf_nodes"": 11.0, ""rbf_width"": 1.4631904539, ""ref_jump_deg_max"": 8.0, ""ref_jump_deg_min"": 2.0, ""ref_jump_duration_max"": 0.6, ""ref_jump_duration_min"": 0.15, ""reference_shape"": ""sine"", ""reset_zeta_after_motion"": false, ""reset_zeta_on_segment"": false, ""restore_mode"": false, ""sigma_mod"": 0.2460708825, ""sine_center_mode"": ""lock"", ""soft_start_sec"": 0.0, ""step_absolute_target_deg"": 100.0, ""step_absolute_target_rad"": null, ""step_delta_deg"": -40.0, ""step_ramp_sec"": 1.0, ""step_segment_sec"": 1.5, ""step_sequence_deg"": """", ""step_shape"": ""smoothstep"", ""step_start_sec"": 0.5, ""tail_err_full_deg"": 4.0, ""tail_err_thresh_deg"": 1.5, ""tail_kd"": 0.058655887900168284, ""tail_kp"": 0.0, ""tail_max_control_boost"": 0.0, ""tail_u_max"": 0.0, ""torque_to_current"": 210.0, ""zeta0"": 0.885692967, ""zeta_leak"": 0.0237735451, ""zeta_reset_delay_sec"": 0.0, ""zeta_reset_value"": null, ""zeta_soft"": 0.989185316}"
44,1,1.0,1000129.3951177051,528.0,21.958474000000002,0.91061018783497,1.8037760030798253,3.9058864430366764,8.636795901275008,0.7706048822948969,0.0,0.15023531144781144,0.3159385096446451,1.1566264253,0.885692967,1.1566264253,0.27093345830000004,0.012315157195833332,0.06732517761499997,0.1920809354,0.0,0.0,0.0,1.0,4.306640624633502,1.4192980647140145,2.388625909391116,1.0,0.08316997267615478,0.28320312596331015,0.37109375165741176,0.0,0.0,0.0,0.0,0.0,0.91061018783497,3.9058864430366764,8.636795901275008,0.0,0,23.387501690000136,/tmp/nussbaum_step_settle120_runs/optuna_t0044_r01.csv,,"{""alpha"": 7.1072835468, ""amplitude_deg"": 10.0, ""baudrate"": 1000000.0, ""command_sign"": -1.0, ""control_output_scale"": 1.0, ""current_bias_raw"": -0.23645776761011136, ""current_limit_raw"": 0.0, ""default_mode"": 3.0, ""device"": ""/dev/ttyAMA0"", ""disable_anti_windup"": false, ""disable_freeze_nn_on_saturation"": false, ""disable_freeze_zeta_on_saturation"": false, ""disturb_interval_sec"": 30.0, ""disturb_jitter_sec"": 3.0, ""disturb_mode"": ""mixed"", ""disturb_seed"": -1.0, ""disturbance_placement"": ""mid_move"", ""duration"": 22.0, ""dxl_id"": 6.0, ""enable_disturbance"": false, ""frequency_hz"": 0.05, ""fric_coulomb"": 0.00018285590124264952, ""fric_vel_scale"": 0.4482726316993043, ""gamma_adapt"": 8.7187500403, ""gamma_link"": 1.0491152931029413, ""integral_limit"": 1.6504936083, ""k_delta"": 0.11354562548819488, ""max_abs_e_dot"": 1.0, ""max_control"": 0.19330137194624583, ""max_current_raw"": 45.0, ""max_current_slew"": 19.865562723347427, ""mid_disturbance_offset_sec"": 0.0, ""no_set_current_mode"": false, ""predict_horizon_sec"": 0.014039833344681505, ""pulse_current_raw_max"": 12.0, ""pulse_current_raw_min"": 4.0, ""pulse_duration_max"": 0.6, ""pulse_duration_min"": 0.15, ""q_abs_guard_deg"": 55.0, ""qd_lpf_alpha"": 0.2527477191588726, ""rate"": 24.0, ""rbf_center_max"": 3.2, ""rbf_center_min"": -3.2, ""rbf_nodes"": 11.0, ""rbf_width"": 1.4631904539, ""ref_jump_deg_max"": 8.0, ""ref_jump_deg_min"": 2.0, ""ref_jump_duration_max"": 0.6, ""ref_jump_duration_min"": 0.15, ""reference_shape"": ""sine"", ""reset_zeta_after_motion"": false, ""reset_zeta_on_segment"": false, ""restore_mode"": false, ""sigma_mod"": 0.2460708825, ""sine_center_mode"": ""lock"", ""soft_start_sec"": 0.0, ""step_absolute_target_deg"": 100.0, ""step_absolute_target_rad"": null, ""step_delta_deg"": -40.0, ""step_ramp_sec"": 1.0, ""step_segment_sec"": 1.5, ""step_sequence_deg"": """", ""step_shape"": ""smoothstep"", ""step_start_sec"": 0.5, ""tail_err_full_deg"": 4.0, ""tail_err_thresh_deg"": 1.5, ""tail_kd"": 0.10177191390587666, ""tail_kp"": 0.0, ""tail_max_control_boost"": 0.0, ""tail_u_max"": 0.0, ""torque_to_current"": 210.0, ""zeta0"": 0.885692967, ""zeta_leak"": 0.0237735451, ""zeta_reset_delay_sec"": 0.0, ""zeta_reset_value"": null, ""zeta_soft"": 0.989185316}"
45,1,1.0,23.700007026347503,528.0,21.958445,0.5824943411699918,1.2943286769939444,3.2985482271735287,6.763517196833387,1.016392650344022,0.0,0.14266527777777777,0.24607671644092766,1.1012567475,0.8856930508,1.1012567475,0.21556369669999986,0.009798353655303032,0.025309314754999996,0.1691560368,0.0,0.0,0.0,1.0,1.3183593739523758,0.45862071125131376,3.5732045391608334,1.0,0.05401724029226448,0.06835937681309637,0.1074218745751069,0.0,0.0,0.0,0.0,0.0,0.5824943411699918,3.2985482271735287,6.763517196833387,0.0,0,23.44595691199993,/tmp/nussbaum_step_settle120_runs/optuna_t0045_r01.csv,,"{""alpha"": 7.1072835468, ""amplitude_deg"": 10.0, ""baudrate"": 1000000.0, ""command_sign"": -1.0, ""control_output_scale"": 1.0, ""current_bias_raw"": 0.9391241961332197, ""current_limit_raw"": 0.0, ""default_mode"": 3.0, ""device"": ""/dev/ttyAMA0"", ""disable_anti_windup"": false, ""disable_freeze_nn_on_saturation"": false, ""disable_freeze_zeta_on_saturation"": false, ""disturb_interval_sec"": 30.0, ""disturb_jitter_sec"": 3.0, ""disturb_mode"": ""mixed"", ""disturb_seed"": -1.0, ""disturbance_placement"": ""mid_move"", ""duration"": 22.0, ""dxl_id"": 6.0, ""enable_disturbance"": false, ""frequency_hz"": 0.05, ""fric_coulomb"": 0.001058056566496638, ""fric_vel_scale"": 0.6426721260907508, ""gamma_adapt"": 8.7187500403, ""gamma_link"": 1.2029708737069498, ""integral_limit"": 1.6504936083, ""k_delta"": 0.14050415809422512, ""max_abs_e_dot"": 1.0, ""max_control"": 0.1942832034483901, ""max_current_raw"": 45.0, ""max_current_slew"": 16.17989100614029, ""mid_disturbance_offset_sec"": 0.0, ""no_set_current_mode"": false, ""predict_horizon_sec"": 0.011072803091132084, ""pulse_current_raw_max"": 12.0, ""pulse_current_raw_min"": 4.0, ""pulse_duration_max"": 0.6, ""pulse_duration_min"": 0.15, ""q_abs_guard_deg"": 55.0, ""qd_lpf_alpha"": 0.27990455571546186, ""rate"": 24.0, ""rbf_center_max"": 3.2, ""rbf_center_min"": -3.2, ""rbf_nodes"": 11.0, ""rbf_width"": 1.4631904539, ""ref_jump_deg_max"": 8.0, ""ref_jump_deg_min"": 2.0, ""ref_jump_duration_max"": 0.6, ""ref_jump_duration_min"": 0.15, ""reference_shape"": ""sine"", ""reset_zeta_after_motion"": false, ""reset_zeta_on_segment"": false, ""restore_mode"": false, ""sigma_mod"": 0.2460708825, ""sine_center_mode"": ""lock"", ""soft_start_sec"": 0.0, ""step_absolute_target_deg"": 100.0, ""step_absolute_target_rad"": null, ""step_delta_deg"": -40.0, ""step_ramp_sec"": 1.0, ""step_segment_sec"": 1.5, ""step_sequence_deg"": """", ""step_shape"": ""smoothstep"", ""step_start_sec"": 0.5, ""tail_err_full_deg"": 4.0, ""tail_err_thresh_deg"": 1.5, ""tail_kd"": 0.04505330922946655, ""tail_kp"": 0.0, ""tail_max_control_boost"": 0.0, ""tail_u_max"": 0.0, ""torque_to_current"": 210.0, ""zeta0"": 0.885692967, ""zeta_leak"": 0.0237735451, ""zeta_reset_delay_sec"": 0.0, ""zeta_reset_value"": null, ""zeta_soft"": 0.989185316}"
46,1,1.0,52.909823252241516,528.0,21.958436000000003,1.819593345791386,3.090832808794242,6.7685650716054,11.283106799188616,1.3013031308515655,0.0,0.10568080808080806,0.39850384023121854,1.1640510474,0.885692967,1.1640510474,0.2783580804000001,0.01265264001875,0.068159277265,0.1712767832,0.0,0.0,0.0,1.0,9.808593748393548,2.795020279735182,2.160020390592487,1.0,0.33845712001235645,1.1621093771747484,2.2695245699192976,0.0,0.0,0.0,0.0,0.0,1.819593345791386,6.7685650716054,11.283106799188616,0.0,0,23.389069097000174,/tmp/nussbaum_step_settle120_runs/optuna_t0046_r01.csv,,"{""alpha"": 7.1072835468, ""amplitude_deg"": 10.0, ""baudrate"": 1000000.0, ""command_sign"": -1.0, ""control_output_scale"": 1.0, ""current_bias_raw"": 0.7806462404914714, ""current_limit_raw"": 0.0, ""default_mode"": 3.0, ""device"": ""/dev/ttyAMA0"", ""disable_anti_windup"": false, ""disable_freeze_nn_on_saturation"": false, ""disable_freeze_zeta_on_saturation"": false, ""disturb_interval_sec"": 30.0, ""disturb_jitter_sec"": 3.0, ""disturb_mode"": ""mixed"", ""disturb_seed"": -1.0, ""disturbance_placement"": ""mid_move"", ""duration"": 22.0, ""dxl_id"": 6.0, ""enable_disturbance"": false, ""frequency_hz"": 0.05, ""fric_coulomb"": 0.0017417802548513146, ""fric_vel_scale"": 0.9517990755958606, ""gamma_adapt"": 8.7187500403, ""gamma_link"": 1.2742552383469818, ""integral_limit"": 1.6504936083, ""k_delta"": 0.1368197262320181, ""max_abs_e_dot"": 1.0, ""max_control"": 0.1885973350352965, ""max_current_raw"": 45.0, ""max_current_slew"": 15.148332390570458, ""mid_disturbance_offset_sec"": 0.0, ""no_set_current_mode"": false, ""predict_horizon_sec"": 0.014037134377005711, ""pulse_current_raw_max"": 12.0, ""pulse_current_raw_min"": 4.0, ""pulse_duration_max"": 0.6, ""pulse_duration_min"": 0.15, ""q_abs_guard_deg"": 55.0, ""qd_lpf_alpha"": 0.2787789245173171, ""rate"": 24.0, ""rbf_center_max"": 3.2, ""rbf_center_min"": -3.2, ""rbf_nodes"": 11.0, ""rbf_width"": 1.4631904539, ""ref_jump_deg_max"": 8.0, ""ref_jump_deg_min"": 2.0, ""ref_jump_duration_max"": 0.6, ""ref_jump_duration_min"": 0.15, ""reference_shape"": ""sine"", ""reset_zeta_after_motion"": false, ""reset_zeta_on_segment"": false, ""restore_mode"": false, ""sigma_mod"": 0.2460708825, ""sine_center_mode"": ""lock"", ""soft_start_sec"": 0.0, ""step_absolute_target_deg"": 100.0, ""step_absolute_target_rad"": null, ""step_delta_deg"": -40.0, ""step_ramp_sec"": 1.0, ""step_segment_sec"": 1.5, ""step_sequence_deg"": """", ""step_shape"": ""smoothstep"", ""step_start_sec"": 0.5, ""tail_err_full_deg"": 4.0, ""tail_err_thresh_deg"": 1.5, ""tail_kd"": 0.03694029100721186, ""tail_kp"": 0.0, ""tail_max_control_boost"": 0.0, ""tail_u_max"": 0.0, ""torque_to_current"": 210.0, ""zeta0"": 0.885692967, ""zeta_leak"": 0.0237735451, ""zeta_reset_delay_sec"": 0.0, ""zeta_reset_value"": null, ""zeta_soft"": 0.989185316}"
47,1,1.0,1000021.9923230804,528.0,21.958434,1.7006248237685255,3.2032614316764554,7.632853059259491,11.073355441625745,1.3719923230804822,0.0,0.08296157407407406,0.3349927330917145,1.0773488778,0.885692967,1.074257146,0.1885641790000001,0.008571099043371212,0.05552638058499994,0.175007904,0.0,0.0,0.0,1.0,13.587890623446128,3.0767598171178707,1.5926785118011986,1.0,0.13413446835942555,0.7567914125605288,1.2012440275118998,0.0,0.0,0.0,0.0,0.0,1.7006248237685255,7.632853059259491,11.073355441625745,0.0,0,23.400487171999885,/tmp/nussbaum_step_settle120_runs/optuna_t0047_r01.csv,,"{""alpha"": 7.1072835468, ""amplitude_deg"": 10.0, ""baudrate"": 1000000.0, ""command_sign"": -1.0, ""control_output_scale"": 1.0, ""current_bias_raw"": 0.16598646907169734, ""current_limit_raw"": 0.0, ""default_mode"": 3.0, ""device"": ""/dev/ttyAMA0"", ""disable_anti_windup"": false, ""disable_freeze_nn_on_saturation"": false, ""disable_freeze_zeta_on_saturation"": false, ""disturb_interval_sec"": 30.0, ""disturb_jitter_sec"": 3.0, ""disturb_mode"": ""mixed"", ""disturb_seed"": -1.0, ""disturbance_placement"": ""mid_move"", ""duration"": 22.0, ""dxl_id"": 6.0, ""enable_disturbance"": false, ""frequency_hz"": 0.05, ""fric_coulomb"": 0.0047887768810395024, ""fric_vel_scale"": 1.0597901390355267, ""gamma_adapt"": 8.7187500403, ""gamma_link"": 1.2733200579105661, ""integral_limit"": 1.6504936083, ""k_delta"": 0.1614293974495864, ""max_abs_e_dot"": 1.0, ""max_control"": 0.1750225054849474, ""max_current_raw"": 45.0, ""max_current_slew"": 13.942090281307145, ""mid_disturbance_offset_sec"": 0.0, ""no_set_current_mode"": false, ""predict_horizon_sec"": 0.0112319915415949, ""pulse_current_raw_max"": 12.0, ""pulse_current_raw_min"": 4.0, ""pulse_duration_max"": 0.6, ""pulse_duration_min"": 0.15, ""q_abs_guard_deg"": 55.0, ""qd_lpf_alpha"": 0.27175163090730975, ""rate"": 24.0, ""rbf_center_max"": 3.2, ""rbf_center_min"": -3.2, ""rbf_nodes"": 11.0, ""rbf_width"": 1.4631904539, ""ref_jump_deg_max"": 8.0, ""ref_jump_deg_min"": 2.0, ""ref_jump_duration_max"": 0.6, ""ref_jump_duration_min"": 0.15, ""reference_shape"": ""sine"", ""reset_zeta_after_motion"": false, ""reset_zeta_on_segment"": false, ""restore_mode"": false, ""sigma_mod"": 0.2460708825, ""sine_center_mode"": ""lock"", ""soft_start_sec"": 0.0, ""step_absolute_target_deg"": 100.0, ""step_absolute_target_rad"": null, ""step_delta_deg"": -40.0, ""step_ramp_sec"": 1.0, ""step_segment_sec"": 1.5, ""step_sequence_deg"": """", ""step_shape"": ""smoothstep"", ""step_start_sec"": 0.5, ""tail_err_full_deg"": 4.0, ""tail_err_thresh_deg"": 1.5, ""tail_kd"": 0.09088795862097618, ""tail_kp"": 0.0, ""tail_max_control_boost"": 0.0, ""tail_u_max"": 0.0, ""torque_to_current"": 210.0, ""zeta0"": 0.885692967, ""zeta_leak"": 0.0237735451, ""zeta_reset_delay_sec"": 0.0, ""zeta_reset_value"": null, ""zeta_soft"": 0.989185316}"
48,1,1.0,1000282.6710721706,528.0,21.958429000000002,0.8806716999778983,1.9679675947437132,3.9831211366315795,11.007289225255256,1.0169271248362104,0.0,0.0838455808080808,0.2838153506912712,1.068357704,0.8856930713,1.068357704,0.1826646327000001,0.008302942587878788,0.05317139595499999,0.1918725824,0.0,0.0,0.0,1.0,3.9726562504336727,1.607218406003805,6.826710721706524,1.0,0.056503689209889345,0.1074218745751069,0.1074218745751069,0.0,0.0,0.0,0.0,0.0,0.8806716999778983,3.9831211366315795,11.007289225255256,0.0,0,23.3887000600007,/tmp/nussbaum_step_settle120_runs/optuna_t0048_r01.csv,,"{""alpha"": 7.1072835468, ""amplitude_deg"": 10.0, ""baudrate"": 1000000.0, ""command_sign"": -1.0, ""control_output_scale"": 1.0, ""current_bias_raw"": 1.3353638043431983, ""current_limit_raw"": 0.0, ""default_mode"": 3.0, ""device"": ""/dev/ttyAMA0"", ""disable_anti_windup"": false, ""disable_freeze_nn_on_saturation"": false, ""disable_freeze_zeta_on_saturation"": false, ""disturb_interval_sec"": 30.0, ""disturb_jitter_sec"": 3.0, ""disturb_mode"": ""mixed"", ""disturb_seed"": -1.0, ""disturbance_placement"": ""mid_move"", ""duration"": 22.0, ""dxl_id"": 6.0, ""enable_disturbance"": false, ""frequency_hz"": 0.05, ""fric_coulomb"": 0.004639525017385048, ""fric_vel_scale"": 1.4072095329775163, ""gamma_adapt"": 8.7187500403, ""gamma_link"": 1.2767743911600797, ""integral_limit"": 1.6504936083, ""k_delta"": 0.15486930006341484, ""max_abs_e_dot"": 1.0, ""max_control"": 0.18631877885392267, ""max_current_raw"": 45.0, ""max_current_slew"": 20.852139442404905, ""mid_disturbance_offset_sec"": 0.0, ""no_set_current_mode"": false, ""predict_horizon_sec"": 0.014906934555029746, ""pulse_current_raw_max"": 12.0, ""pulse_current_raw_min"": 4.0, ""pulse_duration_max"": 0.6, ""pulse_duration_min"": 0.15, ""q_abs_guard_deg"": 55.0, ""qd_lpf_alpha"": 0.24123419607775, ""rate"": 24.0, ""rbf_center_max"": 3.2, ""rbf_center_min"": -3.2, ""rbf_nodes"": 11.0, ""rbf_width"": 1.4631904539, ""ref_jump_deg_max"": 8.0, ""ref_jump_deg_min"": 2.0, ""ref_jump_duration_max"": 0.6, ""ref_jump_duration_min"": 0.15, ""reference_shape"": ""sine"", ""reset_zeta_after_motion"": false, ""reset_zeta_on_segment"": false, ""restore_mode"": false, ""sigma_mod"": 0.2460708825, ""sine_center_mode"": ""lock"", ""soft_start_sec"": 0.0, ""step_absolute_target_deg"": 100.0, ""step_absolute_target_rad"": null, ""step_delta_deg"": -40.0, ""step_ramp_sec"": 1.0, ""step_segment_sec"": 1.5, ""step_sequence_deg"": """", ""step_shape"": ""smoothstep"", ""step_start_sec"": 0.5, ""tail_err_full_deg"": 4.0, ""tail_err_thresh_deg"": 1.5, ""tail_kd"": 0.02062945568537671, ""tail_kp"": 0.0, ""tail_max_control_boost"": 0.0, ""tail_u_max"": 0.0, ""torque_to_current"": 210.0, ""zeta0"": 0.885692967, ""zeta_leak"": 0.0237735451, ""zeta_reset_delay_sec"": 0.0, ""zeta_reset_value"": null, ""zeta_soft"": 0.989185316}"
49,1,1.0,1000158.4340272619,528.0,21.958437,0.4054008925722216,1.3464818794206739,1.4622766335255848,9.551611617665229,0.7415659727381382,0.0,0.1450101851851852,0.25984187090932115,1.061637838,0.885692967,1.061637838,0.175944871,0.00799749413409091,0.010465262204999999,0.1615534607,0.0,0.0,0.0,1.0,0.4394531284705181,0.17377846990527535,3.196261383526973,1.0,0.053764991711622634,0.06835937681309637,0.06835937681309637,0.0,0.0,0.0,0.0,0.0,0.4054008925722216,1.4622766335255848,9.551611617665229,0.0,0,23.389203151999936,/tmp/nussbaum_step_settle120_runs/optuna_t0049_r01.csv,,"{""alpha"": 7.1072835468, ""amplitude_deg"": 10.0, ""baudrate"": 1000000.0, ""command_sign"": -1.0, ""control_output_scale"": 1.0, ""current_bias_raw"": 0.7081115108447288, ""current_limit_raw"": 0.0, ""default_mode"": 3.0, ""device"": ""/dev/ttyAMA0"", ""disable_anti_windup"": false, ""disable_freeze_nn_on_saturation"": false, ""disable_freeze_zeta_on_saturation"": false, ""disturb_interval_sec"": 30.0, ""disturb_jitter_sec"": 3.0, ""disturb_mode"": ""mixed"", ""disturb_seed"": -1.0, ""disturbance_placement"": ""mid_move"", ""duration"": 22.0, ""dxl_id"": 6.0, ""enable_disturbance"": false, ""frequency_hz"": 0.05, ""fric_coulomb"": 0.0009702840561887571, ""fric_vel_scale"": 0.48606859147626513, ""gamma_adapt"": 8.7187500403, ""gamma_link"": 1.2194227997208023, ""integral_limit"": 1.6504936083, ""k_delta"": 0.15334588661328777, ""max_abs_e_dot"": 1.0, ""max_control"": 0.16086001931345106, ""max_current_raw"": 45.0, ""max_current_slew"": 22.21388482936814, ""mid_disturbance_offset_sec"": 0.0, ""no_set_current_mode"": false, ""predict_horizon_sec"": 0.013278895053474689, ""pulse_current_raw_max"": 12.0, ""pulse_current_raw_min"": 4.0, ""pulse_duration_max"": 0.6, ""pulse_duration_min"": 0.15, ""q_abs_guard_deg"": 55.0, ""qd_lpf_alpha"": 0.2710974827539663, ""rate"": 24.0, ""rbf_center_max"": 3.2, ""rbf_center_min"": -3.2, ""rbf_nodes"": 11.0, ""rbf_width"": 1.4631904539, ""ref_jump_deg_max"": 8.0, ""ref_jump_deg_min"": 2.0, ""ref_jump_duration_max"": 0.6, ""ref_jump_duration_min"": 0.15, ""reference_shape"": ""sine"", ""reset_zeta_after_motion"": false, ""reset_zeta_on_segment"": false, ""restore_mode"": false, ""sigma_mod"": 0.2460708825, ""sine_center_mode"": ""lock"", ""soft_start_sec"": 0.0, ""step_absolute_target_deg"": 100.0, ""step_absolute_target_rad"": null, ""step_delta_deg"": -40.0, ""step_ramp_sec"": 1.0, ""step_segment_sec"": 1.5, ""step_sequence_deg"": """", ""step_shape"": ""smoothstep"", ""step_start_sec"": 0.5, ""tail_err_full_deg"": 4.0, ""tail_err_thresh_deg"": 1.5, ""tail_kd"": 0.05101004459465661, ""tail_kp"": 0.0, ""tail_max_control_boost"": 0.0, ""tail_u_max"": 0.0, ""torque_to_current"": 210.0, ""zeta0"": 0.885692967, ""zeta_leak"": 0.0237735451, ""zeta_reset_delay_sec"": 0.0, ""zeta_reset_value"": null, ""zeta_soft"": 0.989185316}"
50,1,1.0,1000006.4974326903,528.0,21.958433000000003,0.5963289392245718,1.354923667455258,3.5549147084484636,6.593496245393467,1.0245451646941124,0.0,0.14411553030303031,0.21570262095721504,1.1071374963,0.8856930337,1.1071374963,0.22144446260000006,0.010065660423674242,0.04107392513999989,0.2793762303,0.0,0.0,0.0,1.0,1.0546875025996343,0.3957584187087321,4.064974326902896,1.0,0.03488237835015151,0.1074218745751069,0.1074218745751069,0.0,0.0,0.0,0.0,0.0,0.5963289392245718,3.5549147084484636,6.593496245393467,0.0,0,23.41329807800048,/tmp/nussbaum_step_settle120_runs/optuna_t0050_r01.csv,,"{""alpha"": 7.1072835468, ""amplitude_deg"": 10.0, ""baudrate"": 1000000.0, ""command_sign"": -1.0, ""control_output_scale"": 1.0, ""current_bias_raw"": 0.18967941452166326, ""current_limit_raw"": 0.0, ""default_mode"": 3.0, ""device"": ""/dev/ttyAMA0"", ""disable_anti_windup"": false, ""disable_freeze_nn_on_saturation"": false, ""disable_freeze_zeta_on_saturation"": false, ""disturb_interval_sec"": 30.0, ""disturb_jitter_sec"": 3.0, ""disturb_mode"": ""mixed"", ""disturb_seed"": -1.0, ""disturbance_placement"": ""mid_move"", ""duration"": 22.0, ""dxl_id"": 6.0, ""enable_disturbance"": false, ""frequency_hz"": 0.05, ""fric_coulomb"": 0.0005030092562571763, ""fric_vel_scale"": 0.7592687687218362, ""gamma_adapt"": 8.7187500403, ""gamma_link"": 1.2490054276121185, ""integral_limit"": 1.6504936083, ""k_delta"": 0.10353170993310067, ""max_abs_e_dot"": 1.0, ""max_control"": 0.2172424361557782, ""max_current_raw"": 45.0, ""max_current_slew"": 13.60083767806112, ""mid_disturbance_offset_sec"": 0.0, ""no_set_current_mode"": false, ""predict_horizon_sec"": 0.010987403724512653, ""pulse_current_raw_max"": 12.0, ""pulse_current_raw_min"": 4.0, ""pulse_duration_max"": 0.6, ""pulse_duration_min"": 0.15, ""q_abs_guard_deg"": 55.0, ""qd_lpf_alpha"": 0.2565663857530817, ""rate"": 24.0, ""rbf_center_max"": 3.2, ""rbf_center_min"": -3.2, ""rbf_nodes"": 11.0, ""rbf_width"": 1.4631904539, ""ref_jump_deg_max"": 8.0, ""ref_jump_deg_min"": 2.0, ""ref_jump_duration_max"": 0.6, ""ref_jump_duration_min"": 0.15, ""reference_shape"": ""sine"", ""reset_zeta_after_motion"": false, ""reset_zeta_on_segment"": false, ""restore_mode"": false, ""sigma_mod"": 0.2460708825, ""sine_center_mode"": ""lock"", ""soft_start_sec"": 0.0, ""step_absolute_target_deg"": 100.0, ""step_absolute_target_rad"": null, ""step_delta_deg"": -40.0, ""step_ramp_sec"": 1.0, ""step_segment_sec"": 1.5, ""step_sequence_deg"": """", ""step_shape"": ""smoothstep"", ""step_start_sec"": 0.5, ""tail_err_full_deg"": 4.0, ""tail_err_thresh_deg"": 1.5, ""tail_kd"": 0.03533743896255808, ""tail_kp"": 0.0, ""tail_max_control_boost"": 0.0, ""tail_u_max"": 0.0, ""torque_to_current"": 210.0, ""zeta0"": 0.885692967, ""zeta_leak"": 0.0237735451, ""zeta_reset_delay_sec"": 0.0, ""zeta_reset_value"": null, ""zeta_soft"": 0.989185316}"
51,1,1.0,1000394.7271516126,528.0,21.958505000000002,5.575349228518539,6.515998296023925,12.08263187298514,17.21970157530921,1.7447271516125926,0.0,0.10787011784511785,0.8634607296333174,1.0598146303,0.885692967,1.0598146303,0.1741216633,0.007914621060416667,0.057628541429999985,0.1360651274,0.0,0.0,0.0,1.0,18.193359375439584,6.1581706723468725,2.39466952948522,1.0,5.368923515752937,10.117912995397027,12.97779278844837,0.0,0.0,0.0,0.0,0.0,5.575349228518539,12.08263187298514,17.21970157530921,0.0,0,23.398769690000336,/tmp/nussbaum_step_settle120_runs/optuna_t0051_r01.csv,,"{""alpha"": 7.1072835468, ""amplitude_deg"": 10.0, ""baudrate"": 1000000.0, ""command_sign"": -1.0, ""control_output_scale"": 1.0, ""current_bias_raw"": 0.8474041095344024, ""current_limit_raw"": 0.0, ""default_mode"": 3.0, ""device"": ""/dev/ttyAMA0"", ""disable_anti_windup"": false, ""disable_freeze_nn_on_saturation"": false, ""disable_freeze_zeta_on_saturation"": false, ""disturb_interval_sec"": 30.0, ""disturb_jitter_sec"": 3.0, ""disturb_mode"": ""mixed"", ""disturb_seed"": -1.0, ""disturbance_placement"": ""mid_move"", ""duration"": 22.0, ""dxl_id"": 6.0, ""enable_disturbance"": false, ""frequency_hz"": 0.05, ""fric_coulomb"": 0.0032459221135917983, ""fric_vel_scale"": 0.36861871220519377, ""gamma_adapt"": 8.7187500403, ""gamma_link"": 1.138435261734629, ""integral_limit"": 1.6504936083, ""k_delta"": 0.10953085596708761, ""max_abs_e_dot"": 1.0, ""max_control"": 0.1999828554796685, ""max_current_raw"": 45.0, ""max_current_slew"": 38.905512877195626, ""mid_disturbance_offset_sec"": 0.0, ""no_set_current_mode"": false, ""predict_horizon_sec"": 0.008293808593812674, ""pulse_current_raw_max"": 12.0, ""pulse_current_raw_min"": 4.0, ""pulse_duration_max"": 0.6, ""pulse_duration_min"": 0.15, ""q_abs_guard_deg"": 55.0, ""qd_lpf_alpha"": 0.24405568490651317, ""rate"": 24.0, ""rbf_center_max"": 3.2, ""rbf_center_min"": -3.2, ""rbf_nodes"": 11.0, ""rbf_width"": 1.4631904539, ""ref_jump_deg_max"": 8.0, ""ref_jump_deg_min"": 2.0, ""ref_jump_duration_max"": 0.6, ""ref_jump_duration_min"": 0.15, ""reference_shape"": ""sine"", ""reset_zeta_after_motion"": false, ""reset_zeta_on_segment"": false, ""restore_mode"": false, ""sigma_mod"": 0.2460708825, ""sine_center_mode"": ""lock"", ""soft_start_sec"": 0.0, ""step_absolute_target_deg"": 100.0, ""step_absolute_target_rad"": null, ""step_delta_deg"": -40.0, ""step_ramp_sec"": 1.0, ""step_segment_sec"": 1.5, ""step_sequence_deg"": """", ""step_shape"": ""smoothstep"", ""step_start_sec"": 0.5, ""tail_err_full_deg"": 4.0, ""tail_err_thresh_deg"": 1.5, ""tail_kd"": 0.13761107806494977, ""tail_kp"": 0.0, ""tail_max_control_boost"": 0.0, ""tail_u_max"": 0.0, ""torque_to_current"": 210.0, ""zeta0"": 0.885692967, ""zeta_leak"": 0.0237735451, ""zeta_reset_delay_sec"": 0.0, ""zeta_reset_value"": null, ""zeta_soft"": 0.989185316}"
52,1,1.0,1000217.4670618253,528.0,21.958438,0.5820651064521098,1.3247099766895227,1.6016447173539277,7.460765402929434,0.6825329381747103,0.0,0.16900728114478117,0.29162183805144426,1.0958646807,0.885692967,1.0958646807,0.2101717137000001,0.009553259713636363,0.011846127889999999,0.1358234044,0.0,0.0,0.0,1.0,1.4941406253405631,0.5033600294580534,2.703443652041202,1.0,0.027170778640167818,0.06835937681309637,0.1074218745751069,0.0,0.0,0.0,0.0,0.0,0.5820651064521098,1.6016447173539277,7.460765402929434,0.0,0,23.384064801000022,/tmp/nussbaum_step_settle120_runs/optuna_t0052_r01.csv,,"{""alpha"": 7.1072835468, ""amplitude_deg"": 10.0, ""baudrate"": 1000000.0, ""command_sign"": -1.0, ""control_output_scale"": 1.0, ""current_bias_raw"": 0.5000809112987344, ""current_limit_raw"": 0.0, ""default_mode"": 3.0, ""device"": ""/dev/ttyAMA0"", ""disable_anti_windup"": false, ""disable_freeze_nn_on_saturation"": false, ""disable_freeze_zeta_on_saturation"": false, ""disturb_interval_sec"": 30.0, ""disturb_jitter_sec"": 3.0, ""disturb_mode"": ""mixed"", ""disturb_seed"": -1.0, ""disturbance_placement"": ""mid_move"", ""duration"": 22.0, ""dxl_id"": 6.0, ""enable_disturbance"": false, ""frequency_hz"": 0.05, ""fric_coulomb"": 0.0049076017228880785, ""fric_vel_scale"": 0.5036175184947376, ""gamma_adapt"": 8.7187500403, ""gamma_link"": 0.9153901540743737, ""integral_limit"": 1.6504936083, ""k_delta"": 0.15222047247282938, ""max_abs_e_dot"": 1.0, ""max_control"": 0.15480543986121345, ""max_current_raw"": 45.0, ""max_current_slew"": 20.40541492060024, ""mid_disturbance_offset_sec"": 0.0, ""no_set_current_mode"": false, ""predict_horizon_sec"": 0.011548891609440977, ""pulse_current_raw_max"": 12.0, ""pulse_current_raw_min"": 4.0, ""pulse_duration_max"": 0.6, ""pulse_duration_min"": 0.15, ""q_abs_guard_deg"": 55.0, ""qd_lpf_alpha"": 0.24780670795596207, ""rate"": 24.0, ""rbf_center_max"": 3.2, ""rbf_center_min"": -3.2, ""rbf_nodes"": 11.0, ""rbf_width"": 1.4631904539, ""ref_jump_deg_max"": 8.0, ""ref_jump_deg_min"": 2.0, ""ref_jump_duration_max"": 0.6, ""ref_jump_duration_min"": 0.15, ""reference_shape"": ""sine"", ""reset_zeta_after_motion"": false, ""reset_zeta_on_segment"": false, ""restore_mode"": false, ""sigma_mod"": 0.2460708825, ""sine_center_mode"": ""lock"", ""soft_start_sec"": 0.0, ""step_absolute_target_deg"": 100.0, ""step_absolute_target_rad"": null, ""step_delta_deg"": -40.0, ""step_ramp_sec"": 1.0, ""step_segment_sec"": 1.5, ""step_sequence_deg"": """", ""step_shape"": ""smoothstep"", ""step_start_sec"": 0.5, ""tail_err_full_deg"": 4.0, ""tail_err_thresh_deg"": 1.5, ""tail_kd"": 0.07663139020486177, ""tail_kp"": 0.0, ""tail_max_control_boost"": 0.0, ""tail_u_max"": 0.0, ""torque_to_current"": 210.0, ""zeta0"": 0.885692967, ""zeta_leak"": 0.0237735451, ""zeta_reset_delay_sec"": 0.0, ""zeta_reset_value"": null, ""zeta_soft"": 0.989185316}"
53,1,1.0,66.33334836014863,528.0,21.958439000000002,3.591176846835882,4.067167636294859,7.117186225066693,10.75280549418132,1.2963809782003008,0.0,0.09147954545454542,0.7975042850858953,1.0767038723,0.8859230721,1.0767038723,0.1907808002,0.008682313876704545,0.04634085180499999,0.0999184243,0.0,0.0,0.0,1.0,10.230468750579334,3.714226532790104,2.5011079376012946,1.0,3.654834284925118,6.926806977070752,8.044327604064941,0.0,0.0,0.0,0.0,0.0,3.591176846835882,7.117186225066693,10.75280549418132,0.0,0,23.45638165300079,/tmp/nussbaum_step_settle120_runs/optuna_t0053_r01.csv,,"{""alpha"": 7.1072835468, ""amplitude_deg"": 10.0, ""baudrate"": 1000000.0, ""command_sign"": -1.0, ""control_output_scale"": 1.0, ""current_bias_raw"": 0.28007093858075427, ""current_limit_raw"": 0.0, ""default_mode"": 3.0, ""device"": ""/dev/ttyAMA0"", ""disable_anti_windup"": false, ""disable_freeze_nn_on_saturation"": false, ""disable_freeze_zeta_on_saturation"": false, ""disturb_interval_sec"": 30.0, ""disturb_jitter_sec"": 3.0, ""disturb_mode"": ""mixed"", ""disturb_seed"": -1.0, ""disturbance_placement"": ""mid_move"", ""duration"": 22.0, ""dxl_id"": 6.0, ""enable_disturbance"": false, ""frequency_hz"": 0.05, ""fric_coulomb"": 9.010421369290769e-05, ""fric_vel_scale"": 0.6370065161953588, ""gamma_adapt"": 8.7187500403, ""gamma_link"": 1.0374209190016515, ""integral_limit"": 1.6504936083, ""k_delta"": 0.17156925755587396, ""max_abs_e_dot"": 1.0, ""max_control"": 0.16751186756115882, ""max_current_raw"": 45.0, ""max_current_slew"": 30.95770163818704, ""mid_disturbance_offset_sec"": 0.0, ""no_set_current_mode"": false, ""predict_horizon_sec"": 0.013803386313246433, ""pulse_current_raw_max"": 12.0, ""pulse_current_raw_min"": 4.0, ""pulse_duration_max"": 0.6, ""pulse_duration_min"": 0.15, ""q_abs_guard_deg"": 55.0, ""qd_lpf_alpha"": 0.26875923272627583, ""rate"": 24.0, ""rbf_center_max"": 3.2, ""rbf_center_min"": -3.2, ""rbf_nodes"": 11.0, ""rbf_width"": 1.4631904539, ""ref_jump_deg_max"": 8.0, ""ref_jump_deg_min"": 2.0, ""ref_jump_duration_max"": 0.6, ""ref_jump_duration_min"": 0.15, ""reference_shape"": ""sine"", ""reset_zeta_after_motion"": false, ""reset_zeta_on_segment"": false, ""restore_mode"": false, ""sigma_mod"": 0.2460708825, ""sine_center_mode"": ""lock"", ""soft_start_sec"": 0.0, ""step_absolute_target_deg"": 100.0, ""step_absolute_target_rad"": null, ""step_delta_deg"": -40.0, ""step_ramp_sec"": 1.0, ""step_segment_sec"": 1.5, ""step_sequence_deg"": """", ""step_shape"": ""smoothstep"", ""step_start_sec"": 0.5, ""tail_err_full_deg"": 4.0, ""tail_err_thresh_deg"": 1.5, ""tail_kd"": 0.19011221106661497, ""tail_kp"": 0.0, ""tail_max_control_boost"": 0.0, ""tail_u_max"": 0.0, ""torque_to_current"": 210.0, ""zeta0"": 0.885692967, ""zeta_leak"": 0.0237735451, ""zeta_reset_delay_sec"": 0.0, ""zeta_reset_value"": null, ""zeta_soft"": 0.989185316}"
54,1,1.0,1000045.9098470592,528.0,21.958454000000003,3.7363172699880094,4.508677451198626,8.541703174323715,11.688995756352728,1.3959098470591158,0.0,0.09258560606060606,0.7933249441852074,1.1271891979,0.885692967,1.1271891979,0.24149623089999994,0.010977101402651516,0.06444651850999997,0.1062571398,0.0,0.0,0.0,1.0,12.48046875115962,4.074756934060635,2.394680106391912,1.0,3.723704931091498,7.707594191542093,8.609844493713226,0.0,0.0,0.0,0.0,0.0,3.7363172699880094,8.541703174323715,11.688995756352728,0.0,0,23.334314394000103,/tmp/nussbaum_step_settle120_runs/optuna_t0054_r01.csv,,"{""alpha"": 7.1072835468, ""amplitude_deg"": 10.0, ""baudrate"": 1000000.0, ""command_sign"": -1.0, ""control_output_scale"": 1.0, ""current_bias_raw"": 0.7271855239499143, ""current_limit_raw"": 0.0, ""default_mode"": 3.0, ""device"": ""/dev/ttyAMA0"", ""disable_anti_windup"": false, ""disable_freeze_nn_on_saturation"": false, ""disable_freeze_zeta_on_saturation"": false, ""disturb_interval_sec"": 30.0, ""disturb_jitter_sec"": 3.0, ""disturb_mode"": ""mixed"", ""disturb_seed"": -1.0, ""disturbance_placement"": ""mid_move"", ""duration"": 22.0, ""dxl_id"": 6.0, ""enable_disturbance"": false, ""frequency_hz"": 0.05, ""fric_coulomb"": 0.0005312127461948057, ""fric_vel_scale"": 0.8013789571033653, ""gamma_adapt"": 8.7187500403, ""gamma_link"": 0.9530912591827837, ""integral_limit"": 1.6504936083, ""k_delta"": 0.14922456052900554, ""max_abs_e_dot"": 1.0, ""max_control"": 0.16185863037452625, ""max_current_raw"": 45.0, ""max_current_slew"": 31.944206947028604, ""mid_disturbance_offset_sec"": 0.0, ""no_set_current_mode"": false, ""predict_horizon_sec"": 0.012042946678868896, ""pulse_current_raw_max"": 12.0, ""pulse_current_raw_min"": 4.0, ""pulse_duration_max"": 0.6, ""pulse_duration_min"": 0.15, ""q_abs_guard_deg"": 55.0, ""qd_lpf_alpha"": 0.2709479799059443, ""rate"": 24.0, ""rbf_center_max"": 3.2, ""rbf_center_min"": -3.2, ""rbf_nodes"": 11.0, ""rbf_width"": 1.4631904539, ""ref_jump_deg_max"": 8.0, ""ref_jump_deg_min"": 2.0, ""ref_jump_duration_max"": 0.6, ""ref_jump_duration_min"": 0.15, ""reference_shape"": ""sine"", ""reset_zeta_after_motion"": false, ""reset_zeta_on_segment"": false, ""restore_mode"": false, ""sigma_mod"": 0.2460708825, ""sine_center_mode"": ""lock"", ""soft_start_sec"": 0.0, ""step_absolute_target_deg"": 100.0, ""step_absolute_target_rad"": null, ""step_delta_deg"": -40.0, ""step_ramp_sec"": 1.0, ""step_segment_sec"": 1.5, ""step_sequence_deg"": """", ""step_shape"": ""smoothstep"", ""step_start_sec"": 0.5, ""tail_err_full_deg"": 4.0, ""tail_err_thresh_deg"": 1.5, ""tail_kd"": 0.17390922655370222, ""tail_kp"": 0.0, ""tail_max_control_boost"": 0.0, ""tail_u_max"": 0.0, ""torque_to_current"": 210.0, ""zeta0"": 0.885692967, ""zeta_leak"": 0.0237735451, ""zeta_reset_delay_sec"": 0.0, ""zeta_reset_value"": null, ""zeta_soft"": 0.989185316}"
55,1,1.0,1000193.7577189243,528.0,21.958448,0.4340618127780127,1.3117105442098096,1.1605256651061808,9.187113217565035,0.7062422810756858,0.0,0.16339061447811445,0.3145026402311139,1.0727349206,0.885692967,1.0727349206,0.1870419536000001,0.008501906982007576,0.01279596383,0.1501927279,0.0,0.0,0.0,1.0,0.9667968769055477,0.2803849695908365,3.0144976467208178,1.0,0.059530674714673985,0.06835937681309637,0.06835937681309637,0.0,0.0,0.0,0.0,0.0,0.4340618127780127,1.1605256651061808,9.187113217565035,0.0,0,23.39418859699981,/tmp/nussbaum_step_settle120_runs/optuna_t0055_r01.csv,,"{""alpha"": 7.1072835468, ""amplitude_deg"": 10.0, ""baudrate"": 1000000.0, ""command_sign"": -1.0, ""control_output_scale"": 1.0, ""current_bias_raw"": 0.5039791873906737, ""current_limit_raw"": 0.0, ""default_mode"": 3.0, ""device"": ""/dev/ttyAMA0"", ""disable_anti_windup"": false, ""disable_freeze_nn_on_saturation"": false, ""disable_freeze_zeta_on_saturation"": false, ""disturb_interval_sec"": 30.0, ""disturb_jitter_sec"": 3.0, ""disturb_mode"": ""mixed"", ""disturb_seed"": -1.0, ""disturbance_placement"": ""mid_move"", ""duration"": 22.0, ""dxl_id"": 6.0, ""enable_disturbance"": false, ""frequency_hz"": 0.05, ""fric_coulomb"": 0.0019505558128025556, ""fric_vel_scale"": 0.52329198361393, ""gamma_adapt"": 8.7187500403, ""gamma_link"": 1.158614710965216, ""integral_limit"": 1.6504936083, ""k_delta"": 0.16892162398271357, ""max_abs_e_dot"": 1.0, ""max_control"": 0.14026237095172667, ""max_current_raw"": 45.0, ""max_current_slew"": 23.744381244944062, ""mid_disturbance_offset_sec"": 0.0, ""no_set_current_mode"": false, ""predict_horizon_sec"": 0.01382155876758573, ""pulse_current_raw_max"": 12.0, ""pulse_current_raw_min"": 4.0, ""pulse_duration_max"": 0.6, ""pulse_duration_min"": 0.15, ""q_abs_guard_deg"": 55.0, ""qd_lpf_alpha"": 0.2556793171701478, ""rate"": 24.0, ""rbf_center_max"": 3.2, ""rbf_center_min"": -3.2, ""rbf_nodes"": 11.0, ""rbf_width"": 1.4631904539, ""ref_jump_deg_max"": 8.0, ""ref_jump_deg_min"": 2.0, ""ref_jump_duration_max"": 0.6, ""ref_jump_duration_min"": 0.15, ""reference_shape"": ""sine"", ""reset_zeta_after_motion"": false, ""reset_zeta_on_segment"": false, ""restore_mode"": false, ""sigma_mod"": 0.2460708825, ""sine_center_mode"": ""lock"", ""soft_start_sec"": 0.0, ""step_absolute_target_deg"": 100.0, ""step_absolute_target_rad"": null, ""step_delta_deg"": -40.0, ""step_ramp_sec"": 1.0, ""step_segment_sec"": 1.5, ""step_sequence_deg"": """", ""step_shape"": ""smoothstep"", ""step_start_sec"": 0.5, ""tail_err_full_deg"": 4.0, ""tail_err_thresh_deg"": 1.5, ""tail_kd"": 0.2619633410396188, ""tail_kp"": 0.0, ""tail_max_control_boost"": 0.0, ""tail_u_max"": 0.0, ""torque_to_current"": 210.0, ""zeta0"": 0.885692967, ""zeta_leak"": 0.0237735451, ""zeta_reset_delay_sec"": 0.0, ""zeta_reset_value"": null, ""zeta_soft"": 0.989185316}"
56,1,1.0,79.28025237879925,528.0,21.958447000000003,4.275303909975638,4.97616208262037,8.592040995339211,10.960795757098875,1.2026457328549636,0.0,0.09357104377104375,0.7963047351834708,1.2111977819,0.885692967,1.2111977819,0.32550481489999994,0.014795673406439395,0.08210386071,0.1573047436,0.0,0.0,0.0,1.0,13.482421872613202,4.727234537855342,2.1818195363846344,1.0,4.246527708727462,7.661600376960533,8.659583320871942,0.0,0.0,0.0,0.0,0.0,4.275303909975638,8.592040995339211,10.960795757098875,0.0,0,23.477511097000388,/tmp/nussbaum_step_settle120_runs/optuna_t0056_r01.csv,,"{""alpha"": 7.1072835468, ""amplitude_deg"": 10.0, ""baudrate"": 1000000.0, ""command_sign"": -1.0, ""control_output_scale"": 1.0, ""current_bias_raw"": 0.3619874910226531, ""current_limit_raw"": 0.0, ""default_mode"": 3.0, ""device"": ""/dev/ttyAMA0"", ""disable_anti_windup"": false, ""disable_freeze_nn_on_saturation"": false, ""disable_freeze_zeta_on_saturation"": false, ""disturb_interval_sec"": 30.0, ""disturb_jitter_sec"": 3.0, ""disturb_mode"": ""mixed"", ""disturb_seed"": -1.0, ""disturbance_placement"": ""mid_move"", ""duration"": 22.0, ""dxl_id"": 6.0, ""enable_disturbance"": false, ""frequency_hz"": 0.05, ""fric_coulomb"": 0.0044166418308100005, ""fric_vel_scale"": 1.1316268534904697, ""gamma_adapt"": 8.7187500403, ""gamma_link"": 1.127913385856137, ""integral_limit"": 1.6504936083, ""k_delta"": 0.17987964570335496, ""max_abs_e_dot"": 1.0, ""max_control"": 0.21499768626668495, ""max_current_raw"": 45.0, ""max_current_slew"": 28.774081577971057, ""mid_disturbance_offset_sec"": 0.0, ""no_set_current_mode"": false, ""predict_horizon_sec"": 0.012569414796403363, ""pulse_current_raw_max"": 12.0, ""pulse_current_raw_min"": 4.0, ""pulse_duration_max"": 0.6, ""pulse_duration_min"": 0.15, ""q_abs_guard_deg"": 55.0, ""qd_lpf_alpha"": 0.23213220577172647, ""rate"": 24.0, ""rbf_center_max"": 3.2, ""rbf_center_min"": -3.2, ""rbf_nodes"": 11.0, ""rbf_width"": 1.4631904539, ""ref_jump_deg_max"": 8.0, ""ref_jump_deg_min"": 2.0, ""ref_jump_duration_max"": 0.6, ""ref_jump_duration_min"": 0.15, ""reference_shape"": ""sine"", ""reset_zeta_after_motion"": false, ""reset_zeta_on_segment"": false, ""restore_mode"": false, ""sigma_mod"": 0.2460708825, ""sine_center_mode"": ""lock"", ""soft_start_sec"": 0.0, ""step_absolute_target_deg"": 100.0, ""step_absolute_target_rad"": null, ""step_delta_deg"": -40.0, ""step_ramp_sec"": 1.0, ""step_segment_sec"": 1.5, ""step_sequence_deg"": """", ""step_shape"": ""smoothstep"", ""step_start_sec"": 0.5, ""tail_err_full_deg"": 4.0, ""tail_err_thresh_deg"": 1.5, ""tail_kd"": 0.2058187849848517, ""tail_kp"": 0.0, ""tail_max_control_boost"": 0.0, ""tail_u_max"": 0.0, ""torque_to_current"": 210.0, ""zeta0"": 0.885692967, ""zeta_leak"": 0.0237735451, ""zeta_reset_delay_sec"": 0.0, ""zeta_reset_value"": null, ""zeta_soft"": 0.989185316}"
57,1,1.0,1000022.7783698173,528.0,21.958440000000003,0.6732181850730782,1.6616966585857573,4.69222002790715,7.151845415835932,0.8772216301826901,0.0,0.1271013047138047,0.2579529320378036,1.0828980777,0.8856930189,1.0828980777,0.19720505879999994,0.00896386866931818,0.023285051184999985,0.1856706204,0.0,0.0,0.0,1.0,0.7382812501008829,0.6228308546050426,4.800007936013121,1.0,0.050738007644518066,0.1074218745751069,0.19531250026920854,0.0,0.0,0.0,0.0,0.0,0.6732181850730782,4.69222002790715,7.151845415835932,0.0,0,23.386585486000513,/tmp/nussbaum_step_settle120_runs/optuna_t0057_r01.csv,,"{""alpha"": 7.1072835468, ""amplitude_deg"": 10.0, ""baudrate"": 1000000.0, ""command_sign"": -1.0, ""control_output_scale"": 1.0, ""current_bias_raw"": 0.8836483241593478, ""current_limit_raw"": 0.0, ""default_mode"": 3.0, ""device"": ""/dev/ttyAMA0"", ""disable_anti_windup"": false, ""disable_freeze_nn_on_saturation"": false, ""disable_freeze_zeta_on_saturation"": false, ""disturb_interval_sec"": 30.0, ""disturb_jitter_sec"": 3.0, ""disturb_mode"": ""mixed"", ""disturb_seed"": -1.0, ""disturbance_placement"": ""mid_move"", ""duration"": 22.0, ""dxl_id"": 6.0, ""enable_disturbance"": false, ""frequency_hz"": 0.05, ""fric_coulomb"": 0.006226745924518138, ""fric_vel_scale"": 0.5957026893120574, ""gamma_adapt"": 8.7187500403, ""gamma_link"": 1.141179288104232, ""integral_limit"": 1.6504936083, ""k_delta"": 0.09695401463369686, ""max_abs_e_dot"": 1.0, ""max_control"": 0.18641830462832912, ""max_current_raw"": 45.0, ""max_current_slew"": 17.738740150633816, ""mid_disturbance_offset_sec"": 0.0, ""no_set_current_mode"": false, ""predict_horizon_sec"": 0.005795149811846542, ""pulse_current_raw_max"": 12.0, ""pulse_current_raw_min"": 4.0, ""pulse_duration_max"": 0.6, ""pulse_duration_min"": 0.15, ""q_abs_guard_deg"": 55.0, ""qd_lpf_alpha"": 0.26193282172613086, ""rate"": 24.0, ""rbf_center_max"": 3.2, ""rbf_center_min"": -3.2, ""rbf_nodes"": 11.0, ""rbf_width"": 1.4631904539, ""ref_jump_deg_max"": 8.0, ""ref_jump_deg_min"": 2.0, ""ref_jump_duration_max"": 0.6, ""ref_jump_duration_min"": 0.15, ""reference_shape"": ""sine"", ""reset_zeta_after_motion"": false, ""reset_zeta_on_segment"": false, ""restore_mode"": false, ""sigma_mod"": 0.2460708825, ""sine_center_mode"": ""lock"", ""soft_start_sec"": 0.0, ""step_absolute_target_deg"": 100.0, ""step_absolute_target_rad"": null, ""step_delta_deg"": -40.0, ""step_ramp_sec"": 1.0, ""step_segment_sec"": 1.5, ""step_sequence_deg"": """", ""step_shape"": ""smoothstep"", ""step_start_sec"": 0.5, ""tail_err_full_deg"": 4.0, ""tail_err_thresh_deg"": 1.5, ""tail_kd"": 0.03132017159317713, ""tail_kp"": 0.0, ""tail_max_control_boost"": 0.0, ""tail_u_max"": 0.0, ""torque_to_current"": 210.0, ""zeta0"": 0.885692967, ""zeta_leak"": 0.0237735451, ""zeta_reset_delay_sec"": 0.0, ""zeta_reset_value"": null, ""zeta_soft"": 0.989185316}"
58,1,1.0,60.50008568570951,528.0,21.958444,2.337316902328322,3.220883835635616,7.248804264320612,9.20801132602126,0.9913839923441808,0.0,0.08304393939393938,0.5297987482649463,1.2843352861,0.8856930178,1.2664539137,0.38076089589999995,0.0173073157594697,0.09968362971,0.218282738,0.0,0.0,0.0,1.0,10.898437500124928,3.001299182469256,2.2882594992702847,1.0,1.584662591739478,5.329107593522542,7.423927608612668,0.0,0.0,0.0,0.0,0.0,2.337316902328322,7.248804264320612,9.20801132602126,0.0,0,23.389121448999504,/tmp/nussbaum_step_settle120_runs/optuna_t0058_r01.csv,,"{""alpha"": 7.1072835468, ""amplitude_deg"": 10.0, ""baudrate"": 1000000.0, ""command_sign"": -1.0, ""control_output_scale"": 1.0, ""current_bias_raw"": 0.41086063647379284, ""current_limit_raw"": 0.0, ""default_mode"": 3.0, ""device"": ""/dev/ttyAMA0"", ""disable_anti_windup"": false, ""disable_freeze_nn_on_saturation"": false, ""disable_freeze_zeta_on_saturation"": false, ""disturb_interval_sec"": 30.0, ""disturb_jitter_sec"": 3.0, ""disturb_mode"": ""mixed"", ""disturb_seed"": -1.0, ""disturbance_placement"": ""mid_move"", ""duration"": 22.0, ""dxl_id"": 6.0, ""enable_disturbance"": false, ""frequency_hz"": 0.05, ""fric_coulomb"": 0.007913897807630327, ""fric_vel_scale"": 0.3306534033528416, ""gamma_adapt"": 8.7187500403, ""gamma_link"": 1.1824144530624698, ""integral_limit"": 1.6504936083, ""k_delta"": 0.08823299133492069, ""max_abs_e_dot"": 1.0, ""max_control"": 0.21309210272102125, ""max_current_raw"": 45.0, ""max_current_slew"": 22.427683081208325, ""mid_disturbance_offset_sec"": 0.0, ""no_set_current_mode"": false, ""predict_horizon_sec"": 0.01231803670958135, ""pulse_current_raw_max"": 12.0, ""pulse_current_raw_min"": 4.0, ""pulse_duration_max"": 0.6, ""pulse_duration_min"": 0.15, ""q_abs_guard_deg"": 55.0, ""qd_lpf_alpha"": 0.25551228651650043, ""rate"": 24.0, ""rbf_center_max"": 3.2, ""rbf_center_min"": -3.2, ""rbf_nodes"": 11.0, ""rbf_width"": 1.4631904539, ""ref_jump_deg_max"": 8.0, ""ref_jump_deg_min"": 2.0, ""ref_jump_duration_max"": 0.6, ""ref_jump_duration_min"": 0.15, ""reference_shape"": ""sine"", ""reset_zeta_after_motion"": false, ""reset_zeta_on_segment"": false, ""restore_mode"": false, ""sigma_mod"": 0.2460708825, ""sine_center_mode"": ""lock"", ""soft_start_sec"": 0.0, ""step_absolute_target_deg"": 100.0, ""step_absolute_target_rad"": null, ""step_delta_deg"": -40.0, ""step_ramp_sec"": 1.0, ""step_segment_sec"": 1.5, ""step_sequence_deg"": """", ""step_shape"": ""smoothstep"", ""step_start_sec"": 0.5, ""tail_err_full_deg"": 4.0, ""tail_err_thresh_deg"": 1.5, ""tail_kd"": 0.08400668384156826, ""tail_kp"": 0.0, ""tail_max_control_boost"": 0.0, ""tail_u_max"": 0.0, ""torque_to_current"": 210.0, ""zeta0"": 0.885692967, ""zeta_leak"": 0.0237735451, ""zeta_reset_delay_sec"": 0.0, ""zeta_reset_value"": null, ""zeta_soft"": 0.989185316}"
59,1,1.0,70.32839397680604,528.0,21.958432000000002,3.402759443056194,4.116321935301824,8.213201816287768,10.732196660656701,1.052622833589278,0.0,0.09108026094276093,0.7412386293867366,1.384805716,0.885692967,1.384805716,0.499112749,0.022686943133901512,0.09753767248999998,0.1932569488,0.0,0.0,0.0,1.0,12.427734370013582,3.946939449366242,1.9157436773274608,1.0,3.339983189058559,7.887857101615075,10.732196660656701,0.0,0.0,0.0,0.0,0.0,3.402759443056194,8.213201816287768,10.732196660656701,0.0,0,23.37408670900004,/tmp/nussbaum_step_settle120_runs/optuna_t0059_r01.csv,,"{""alpha"": 7.1072835468, ""amplitude_deg"": 10.0, ""baudrate"": 1000000.0, ""command_sign"": -1.0, ""control_output_scale"": 1.0, ""current_bias_raw"": 0.058361591041565186, ""current_limit_raw"": 0.0, ""default_mode"": 3.0, ""device"": ""/dev/ttyAMA0"", ""disable_anti_windup"": false, ""disable_freeze_nn_on_saturation"": false, ""disable_freeze_zeta_on_saturation"": false, ""disturb_interval_sec"": 30.0, ""disturb_jitter_sec"": 3.0, ""disturb_mode"": ""mixed"", ""disturb_seed"": -1.0, ""disturbance_placement"": ""mid_move"", ""duration"": 22.0, ""dxl_id"": 6.0, ""enable_disturbance"": false, ""frequency_hz"": 0.05, ""fric_coulomb"": 0.010094937077797229, ""fric_vel_scale"": 0.31447966412985556, ""gamma_adapt"": 8.7187500403, ""gamma_link"": 1.159610840306246, ""integral_limit"": 1.6504936083, ""k_delta"": 0.09702718338653549, ""max_abs_e_dot"": 1.0, ""max_control"": 0.19834902630981813, ""max_current_raw"": 45.0, ""max_current_slew"": 23.84610286856273, ""mid_disturbance_offset_sec"": 0.0, ""no_set_current_mode"": false, ""predict_horizon_sec"": 0.01009505901548723, ""pulse_current_raw_max"": 12.0, ""pulse_current_raw_min"": 4.0, ""pulse_duration_max"": 0.6, ""pulse_duration_min"": 0.15, ""q_abs_guard_deg"": 55.0, ""qd_lpf_alpha"": 0.22381496737556175, ""rate"": 24.0, ""rbf_center_max"": 3.2, ""rbf_center_min"": -3.2, ""rbf_nodes"": 11.0, ""rbf_width"": 1.4631904539, ""ref_jump_deg_max"": 8.0, ""ref_jump_deg_min"": 2.0, ""ref_jump_duration_max"": 0.6, ""ref_jump_duration_min"": 0.15, ""reference_shape"": ""sine"", ""reset_zeta_after_motion"": false, ""reset_zeta_on_segment"": false, ""restore_mode"": false, ""sigma_mod"": 0.2460708825, ""sine_center_mode"": ""lock"", ""soft_start_sec"": 0.0, ""step_absolute_target_deg"": 100.0, ""step_absolute_target_rad"": null, ""step_delta_deg"": -40.0, ""step_ramp_sec"": 1.0, ""step_segment_sec"": 1.5, ""step_sequence_deg"": """", ""step_shape"": ""smoothstep"", ""step_start_sec"": 0.5, ""tail_err_full_deg"": 4.0, ""tail_err_thresh_deg"": 1.5, ""tail_kd"": 0.04329252781835274, ""tail_kp"": 0.0, ""tail_max_control_boost"": 0.0, ""tail_u_max"": 0.0, ""torque_to_current"": 210.0, ""zeta0"": 0.885692967, ""zeta_leak"": 0.0237735451, ""zeta_reset_delay_sec"": 0.0, ""zeta_reset_value"": null, ""zeta_soft"": 0.989185316}"
60,1,1.0,60.48054077905548,528.0,21.958444,3.5616249636943205,4.15067572149031,7.661503768827819,11.786819476321272,1.2751574097536258,0.0,0.09433135521885523,0.8293583369653547,1.0680743758,0.885692967,1.0680743758,0.18238140879999998,0.008290064036931817,0.05186300278,0.1341910515,0.0,0.0,0.0,1.0,8.824218750932872,3.5616501748222937,2.6607728065613383,1.0,3.327596954419064,4.807273364273653,5.080688443093148,0.0,0.0,0.0,0.0,0.0,3.5616249636943205,7.661503768827819,11.786819476321272,0.0,0,23.40824224500011,/tmp/nussbaum_step_settle120_runs/optuna_t0060_r01.csv,,"{""alpha"": 7.1072835468, ""amplitude_deg"": 10.0, ""baudrate"": 1000000.0, ""command_sign"": -1.0, ""control_output_scale"": 1.0, ""current_bias_raw"": 0.5479166163849354, ""current_limit_raw"": 0.0, ""default_mode"": 3.0, ""device"": ""/dev/ttyAMA0"", ""disable_anti_windup"": false, ""disable_freeze_nn_on_saturation"": false, ""disable_freeze_zeta_on_saturation"": false, ""disturb_interval_sec"": 30.0, ""disturb_jitter_sec"": 3.0, ""disturb_mode"": ""mixed"", ""disturb_seed"": -1.0, ""disturbance_placement"": ""mid_move"", ""duration"": 22.0, ""dxl_id"": 6.0, ""enable_disturbance"": false, ""frequency_hz"": 0.05, ""fric_coulomb"": 0.0032986059843539486, ""fric_vel_scale"": 0.6533035103743868, ""gamma_adapt"": 8.7187500403, ""gamma_link"": 1.127930712098132, ""integral_limit"": 1.6504936083, ""k_delta"": 0.17814826375837675, ""max_abs_e_dot"": 1.0, ""max_control"": 0.16824751975457133, ""max_current_raw"": 45.0, ""max_current_slew"": 35.48716031765991, ""mid_disturbance_offset_sec"": 0.0, ""no_set_current_mode"": false, ""predict_horizon_sec"": 0.014720040281344614, ""pulse_current_raw_max"": 12.0, ""pulse_current_raw_min"": 4.0, ""pulse_duration_max"": 0.6, ""pulse_duration_min"": 0.15, ""q_abs_guard_deg"": 55.0, ""qd_lpf_alpha"": 0.2771789925779069, ""rate"": 24.0, ""rbf_center_max"": 3.2, ""rbf_center_min"": -3.2, ""rbf_nodes"": 11.0, ""rbf_width"": 1.4631904539, ""ref_jump_deg_max"": 8.0, ""ref_jump_deg_min"": 2.0, ""ref_jump_duration_max"": 0.6, ""ref_jump_duration_min"": 0.15, ""reference_shape"": ""sine"", ""reset_zeta_after_motion"": false, ""reset_zeta_on_segment"": false, ""restore_mode"": false, ""sigma_mod"": 0.2460708825, ""sine_center_mode"": ""lock"", ""soft_start_sec"": 0.0, ""step_absolute_target_deg"": 100.0, ""step_absolute_target_rad"": null, ""step_delta_deg"": -40.0, ""step_ramp_sec"": 1.0, ""step_segment_sec"": 1.5, ""step_sequence_deg"": """", ""step_shape"": ""smoothstep"", ""step_start_sec"": 0.5, ""tail_err_full_deg"": 4.0, ""tail_err_thresh_deg"": 1.5, ""tail_kd"": 0.19093123407348306, ""tail_kp"": 0.0, ""tail_max_control_boost"": 0.0, ""tail_u_max"": 0.0, ""torque_to_current"": 210.0, ""zeta0"": 0.885692967, ""zeta_leak"": 0.0237735451, ""zeta_reset_delay_sec"": 0.0, ""zeta_reset_value"": null, ""zeta_soft"": 0.989185316}"
61,1,1.0,30.18214257307374,528.0,21.958474,1.3031005413273,2.424217840453487,5.2776046671278305,10.712652909836606,1.2430800633188066,0.0,0.11200909090909089,0.270288342865141,1.0603266329,0.885692967,1.0603266329,0.17463366590000007,0.007937893904924243,0.03497061481499999,0.1167348703,0.0,0.0,0.0,1.0,4.781250003381658,2.109732598897738,1.760004036275923,1.0,0.25112847324834026,1.1621093771747484,1.1621093771747484,0.0,0.0,0.0,0.0,0.0,1.3031005413273,5.2776046671278305,10.712652909836606,0.0,0,23.394694282000273,/tmp/nussbaum_step_settle120_runs/optuna_t0061_r01.csv,,"{""alpha"": 7.1072835468, ""amplitude_deg"": 10.0, ""baudrate"": 1000000.0, ""command_sign"": -1.0, ""control_output_scale"": 1.0, ""current_bias_raw"": -0.22216540080470215, ""current_limit_raw"": 0.0, ""default_mode"": 3.0, ""device"": ""/dev/ttyAMA0"", ""disable_anti_windup"": false, ""disable_freeze_nn_on_saturation"": false, ""disable_freeze_zeta_on_saturation"": false, ""disturb_interval_sec"": 30.0, ""disturb_jitter_sec"": 3.0, ""disturb_mode"": ""mixed"", ""disturb_seed"": -1.0, ""disturbance_placement"": ""mid_move"", ""duration"": 22.0, ""dxl_id"": 6.0, ""enable_disturbance"": false, ""frequency_hz"": 0.05, ""fric_coulomb"": 0.000930245841785045, ""fric_vel_scale"": 0.3092933512442591, ""gamma_adapt"": 8.7187500403, ""gamma_link"": 1.0628778879136367, ""integral_limit"": 1.6504936083, ""k_delta"": 0.1179702008970842, ""max_abs_e_dot"": 1.0, ""max_control"": 0.15093698396343008, ""max_current_raw"": 45.0, ""max_current_slew"": 12.14480368202061, ""mid_disturbance_offset_sec"": 0.0, ""no_set_current_mode"": false, ""predict_horizon_sec"": 0.006456691505640875, ""pulse_current_raw_max"": 12.0, ""pulse_current_raw_min"": 4.0, ""pulse_duration_max"": 0.6, ""pulse_duration_min"": 0.15, ""q_abs_guard_deg"": 55.0, ""qd_lpf_alpha"": 0.24835572395889466, ""rate"": 24.0, ""rbf_center_max"": 3.2, ""rbf_center_min"": -3.2, ""rbf_nodes"": 11.0, ""rbf_width"": 1.4631904539, ""ref_jump_deg_max"": 8.0, ""ref_jump_deg_min"": 2.0, ""ref_jump_duration_max"": 0.6, ""ref_jump_duration_min"": 0.15, ""reference_shape"": ""sine"", ""reset_zeta_after_motion"": false, ""reset_zeta_on_segment"": false, ""restore_mode"": false, ""sigma_mod"": 0.2460708825, ""sine_center_mode"": ""lock"", ""soft_start_sec"": 0.0, ""step_absolute_target_deg"": 100.0, ""step_absolute_target_rad"": null, ""step_delta_deg"": -40.0, ""step_ramp_sec"": 1.0, ""step_segment_sec"": 1.5, ""step_sequence_deg"": """", ""step_shape"": ""smoothstep"", ""step_start_sec"": 0.5, ""tail_err_full_deg"": 4.0, ""tail_err_thresh_deg"": 1.5, ""tail_kd"": 0.07859562698098055, ""tail_kp"": 0.0, ""tail_max_control_boost"": 0.0, ""tail_u_max"": 0.0, ""torque_to_current"": 210.0, ""zeta0"": 0.885692967, ""zeta_leak"": 0.0237735451, ""zeta_reset_delay_sec"": 0.0, ""zeta_reset_value"": null, ""zeta_soft"": 0.989185316}"
62,1,1.0,24.26121472662755,528.0,21.958465999999998,0.7495045004020138,1.4774890712803364,4.477988831373458,5.028698075146061,0.9413493984777909,0.0,0.14559229797979797,0.22849831147875396,1.1033285338,0.8856929995,1.1033285338,0.21763553430000004,0.00989252576496212,0.03735687994999997,0.2099374187,0.0,0.0,0.0,1.0,1.0546875025996343,0.7948377319914542,3.847328479226167,1.0,0.06129641340491392,0.19531250026920854,0.19531250026920854,0.0,0.0,0.0,0.0,0.0,0.7495045004020138,4.477988831373458,5.028698075146061,0.0,0,23.51070700499986,/tmp/nussbaum_step_settle120_runs/optuna_t0062_r01.csv,,"{""alpha"": 7.1072835468, ""amplitude_deg"": 10.0, ""baudrate"": 1000000.0, ""command_sign"": -1.0, ""control_output_scale"": 1.0, ""current_bias_raw"": -0.03661347810752408, ""current_limit_raw"": 0.0, ""default_mode"": 3.0, ""device"": ""/dev/ttyAMA0"", ""disable_anti_windup"": false, ""disable_freeze_nn_on_saturation"": false, ""disable_freeze_zeta_on_saturation"": false, ""disturb_interval_sec"": 30.0, ""disturb_jitter_sec"": 3.0, ""disturb_mode"": ""mixed"", ""disturb_seed"": -1.0, ""disturbance_placement"": ""mid_move"", ""duration"": 22.0, ""dxl_id"": 6.0, ""enable_disturbance"": false, ""frequency_hz"": 0.05, ""fric_coulomb"": 0.002426833204853502, ""fric_vel_scale"": 0.30301485788289406, ""gamma_adapt"": 8.7187500403, ""gamma_link"": 0.9762849885971149, ""integral_limit"": 1.6504936083, ""k_delta"": 0.08358215330214974, ""max_abs_e_dot"": 1.0, ""max_control"": 0.1944141782844677, ""max_current_raw"": 45.0, ""max_current_slew"": 12.362718214379205, ""mid_disturbance_offset_sec"": 0.0, ""no_set_current_mode"": false, ""predict_horizon_sec"": 0.003913746330324151, ""pulse_current_raw_max"": 12.0, ""pulse_current_raw_min"": 4.0, ""pulse_duration_max"": 0.6, ""pulse_duration_min"": 0.15, ""q_abs_guard_deg"": 55.0, ""qd_lpf_alpha"": 0.20835849042822754, ""rate"": 24.0, ""rbf_center_max"": 3.2, ""rbf_center_min"": -3.2, ""rbf_nodes"": 11.0, ""rbf_width"": 1.4631904539, ""ref_jump_deg_max"": 8.0, ""ref_jump_deg_min"": 2.0, ""ref_jump_duration_max"": 0.6, ""ref_jump_duration_min"": 0.15, ""reference_shape"": ""sine"", ""reset_zeta_after_motion"": false, ""reset_zeta_on_segment"": false, ""restore_mode"": false, ""sigma_mod"": 0.2460708825, ""sine_center_mode"": ""lock"", ""soft_start_sec"": 0.0, ""step_absolute_target_deg"": 100.0, ""step_absolute_target_rad"": null, ""step_delta_deg"": -40.0, ""step_ramp_sec"": 1.0, ""step_segment_sec"": 1.5, ""step_sequence_deg"": """", ""step_shape"": ""smoothstep"", ""step_start_sec"": 0.5, ""tail_err_full_deg"": 4.0, ""tail_err_thresh_deg"": 1.5, ""tail_kd"": 0.10878263723150614, ""tail_kp"": 0.0, ""tail_max_control_boost"": 0.0, ""tail_u_max"": 0.0, ""torque_to_current"": 210.0, ""zeta0"": 0.885692967, ""zeta_leak"": 0.0237735451, ""zeta_reset_delay_sec"": 0.0, ""zeta_reset_value"": null, ""zeta_soft"": 0.989185316}"
63,1,1.0,1000138.5624672755,528.0,21.95846,0.6758984857839632,1.432432903551196,2.6158965623724213,7.921660141891049,0.761437532724419,0.0,0.14575526094276092,0.20576474540902284,1.1010801273,0.885692967,1.1010801273,0.21538716029999994,0.009790325467234849,0.04120348844999991,0.1748875484,0.0,0.0,0.0,1.0,0.9667968769055477,0.43357590719017464,3.0684869296429373,1.0,0.0696206175597855,0.28320312596331015,0.37109375165741176,0.0,0.0,0.0,0.0,0.0,0.6758984857839632,2.6158965623724213,7.921660141891049,0.0,0,23.3800184669999,/tmp/nussbaum_step_settle120_runs/optuna_t0063_r01.csv,,"{""alpha"": 7.1072835468, ""amplitude_deg"": 10.0, ""baudrate"": 1000000.0, ""command_sign"": -1.0, ""control_output_scale"": 1.0, ""current_bias_raw"": -0.3940077466329276, ""current_limit_raw"": 0.0, ""default_mode"": 3.0, ""device"": ""/dev/ttyAMA0"", ""disable_anti_windup"": false, ""disable_freeze_nn_on_saturation"": false, ""disable_freeze_zeta_on_saturation"": false, ""disturb_interval_sec"": 30.0, ""disturb_jitter_sec"": 3.0, ""disturb_mode"": ""mixed"", ""disturb_seed"": -1.0, ""disturbance_placement"": ""mid_move"", ""duration"": 22.0, ""dxl_id"": 6.0, ""enable_disturbance"": false, ""frequency_hz"": 0.05, ""fric_coulomb"": 0.0030392676545450666, ""fric_vel_scale"": 0.4401272721411217, ""gamma_adapt"": 8.7187500403, ""gamma_link"": 0.9386548522051397, ""integral_limit"": 1.6504936083, ""k_delta"": 0.09163394477906144, ""max_abs_e_dot"": 1.0, ""max_control"": 0.2051706017553522, ""max_current_raw"": 45.0, ""max_current_slew"": 16.384732438282956, ""mid_disturbance_offset_sec"": 0.0, ""no_set_current_mode"": false, ""predict_horizon_sec"": 0.0035974391657034354, ""pulse_current_raw_max"": 12.0, ""pulse_current_raw_min"": 4.0, ""pulse_duration_max"": 0.6, ""pulse_duration_min"": 0.15, ""q_abs_guard_deg"": 55.0, ""qd_lpf_alpha"": 0.23932710349038688, ""rate"": 24.0, ""rbf_center_max"": 3.2, ""rbf_center_min"": -3.2, ""rbf_nodes"": 11.0, ""rbf_width"": 1.4631904539, ""ref_jump_deg_max"": 8.0, ""ref_jump_deg_min"": 2.0, ""ref_jump_duration_max"": 0.6, ""ref_jump_duration_min"": 0.15, ""reference_shape"": ""sine"", ""reset_zeta_after_motion"": false, ""reset_zeta_on_segment"": false, ""restore_mode"": false, ""sigma_mod"": 0.2460708825, ""sine_center_mode"": ""lock"", ""soft_start_sec"": 0.0, ""step_absolute_target_deg"": 100.0, ""step_absolute_target_rad"": null, ""step_delta_deg"": -40.0, ""step_ramp_sec"": 1.0, ""step_segment_sec"": 1.5, ""step_sequence_deg"": """", ""step_shape"": ""smoothstep"", ""step_start_sec"": 0.5, ""tail_err_full_deg"": 4.0, ""tail_err_thresh_deg"": 1.5, ""tail_kd"": 0.10597432921695263, ""tail_kp"": 0.0, ""tail_max_control_boost"": 0.0, ""tail_u_max"": 0.0, ""torque_to_current"": 210.0, ""zeta0"": 0.885692967, ""zeta_leak"": 0.0237735451, ""zeta_reset_delay_sec"": 0.0, ""zeta_reset_value"": null, ""zeta_soft"": 0.989185316}"
64,1,1.0,1000299.2541296658,528.0,21.958449,1.1139475098616203,2.0222199333502515,5.20454874151706,6.845366824825793,1.6492541296657866,0.0,0.13150488215488215,0.3341510337296579,1.034084773,0.885692967,1.034084773,0.14839180600000001,0.0067450820918560596,0.010290160869999999,0.1194628069,0.0,0.0,0.0,1.0,5.027343749595545,1.3134163283446763,1.865946900169975,1.0,0.11257495302755861,0.5468749887216702,0.6347655714439372,0.0,0.0,0.0,0.0,0.0,1.1139475098616203,5.20454874151706,6.845366824825793,0.0,0,23.387103263000427,/tmp/nussbaum_step_settle120_runs/optuna_t0064_r01.csv,,"{""alpha"": 7.1072835468, ""amplitude_deg"": 10.0, ""baudrate"": 1000000.0, ""command_sign"": -1.0, ""control_output_scale"": 1.0, ""current_bias_raw"": 0.10024039042698629, ""current_limit_raw"": 0.0, ""default_mode"": 3.0, ""device"": ""/dev/ttyAMA0"", ""disable_anti_windup"": false, ""disable_freeze_nn_on_saturation"": false, ""disable_freeze_zeta_on_saturation"": false, ""disturb_interval_sec"": 30.0, ""disturb_jitter_sec"": 3.0, ""disturb_mode"": ""mixed"", ""disturb_seed"": -1.0, ""disturbance_placement"": ""mid_move"", ""duration"": 22.0, ""dxl_id"": 6.0, ""enable_disturbance"": false, ""frequency_hz"": 0.05, ""fric_coulomb"": 0.0023898056657927404, ""fric_vel_scale"": 0.3601535596924198, ""gamma_adapt"": 8.7187500403, ""gamma_link"": 1.0516061824190193, ""integral_limit"": 1.6504936083, ""k_delta"": 0.11326433147746118, ""max_abs_e_dot"": 1.0, ""max_control"": 0.1125834865323741, ""max_current_raw"": 45.0, ""max_current_slew"": 9.064802213118345, ""mid_disturbance_offset_sec"": 0.0, ""no_set_current_mode"": false, ""predict_horizon_sec"": 0.006222450865794642, ""pulse_current_raw_max"": 12.0, ""pulse_current_raw_min"": 4.0, ""pulse_duration_max"": 0.6, ""pulse_duration_min"": 0.15, ""q_abs_guard_deg"": 55.0, ""qd_lpf_alpha"": 0.23298198671252213, ""rate"": 24.0, ""rbf_center_max"": 3.2, ""rbf_center_min"": -3.2, ""rbf_nodes"": 11.0, ""rbf_width"": 1.4631904539, ""ref_jump_deg_max"": 8.0, ""ref_jump_deg_min"": 2.0, ""ref_jump_duration_max"": 0.6, ""ref_jump_duration_min"": 0.15, ""reference_shape"": ""sine"", ""reset_zeta_after_motion"": false, ""reset_zeta_on_segment"": false, ""restore_mode"": false, ""sigma_mod"": 0.2460708825, ""sine_center_mode"": ""lock"", ""soft_start_sec"": 0.0, ""step_absolute_target_deg"": 100.0, ""step_absolute_target_rad"": null, ""step_delta_deg"": -40.0, ""step_ramp_sec"": 1.0, ""step_segment_sec"": 1.5, ""step_sequence_deg"": """", ""step_shape"": ""smoothstep"", ""step_start_sec"": 0.5, ""tail_err_full_deg"": 4.0, ""tail_err_thresh_deg"": 1.5, ""tail_kd"": 0.07188982402703319, ""tail_kp"": 0.0, ""tail_max_control_boost"": 0.0, ""tail_u_max"": 0.0, ""torque_to_current"": 210.0, ""zeta0"": 0.885692967, ""zeta_leak"": 0.0237735451, ""zeta_reset_delay_sec"": 0.0, ""zeta_reset_value"": null, ""zeta_soft"": 0.989185316}"
65,1,1.0,1000321.9098562778,528.0,21.958468,1.1209776050174058,2.0353127514056624,5.104344216038466,6.8141278995985335,1.6719098562777286,0.0,0.1205726430976431,0.24738447997298926,1.0395106191,0.885692967,1.0395106191,0.1538176521000001,0.006991711460984848,0.010356742699999994,0.1068419747,0.0,0.0,0.0,1.0,5.308593746087112,1.3427087890209437,1.8715592896221487,1.0,0.09150732405590449,0.28320214620548045,0.28320304574921884,0.0,0.0,0.0,0.0,0.0,1.1209776050174058,5.104344216038466,6.8141278995985335,0.0,0,23.386562523000066,/tmp/nussbaum_step_settle120_runs/optuna_t0065_r01.csv,,"{""alpha"": 7.1072835468, ""amplitude_deg"": 10.0, ""baudrate"": 1000000.0, ""command_sign"": -1.0, ""control_output_scale"": 1.0, ""current_bias_raw"": 0.1560500168264739, ""current_limit_raw"": 0.0, ""default_mode"": 3.0, ""device"": ""/dev/ttyAMA0"", ""disable_anti_windup"": false, ""disable_freeze_nn_on_saturation"": false, ""disable_freeze_zeta_on_saturation"": false, ""disturb_interval_sec"": 30.0, ""disturb_jitter_sec"": 3.0, ""disturb_mode"": ""mixed"", ""disturb_seed"": -1.0, ""disturbance_placement"": ""mid_move"", ""duration"": 22.0, ""dxl_id"": 6.0, ""enable_disturbance"": false, ""frequency_hz"": 0.05, ""fric_coulomb"": 0.003720613527439501, ""fric_vel_scale"": 0.4240375575725353, ""gamma_adapt"": 8.7187500403, ""gamma_link"": 1.0654145894664526, ""integral_limit"": 1.6504936083, ""k_delta"": 0.08235853828701752, ""max_abs_e_dot"": 1.0, ""max_control"": 0.16393855720999462, ""max_current_raw"": 45.0, ""max_current_slew"": 8.656810207253464, ""mid_disturbance_offset_sec"": 0.0, ""no_set_current_mode"": false, ""predict_horizon_sec"": 0.006679353983736872, ""pulse_current_raw_max"": 12.0, ""pulse_current_raw_min"": 4.0, ""pulse_duration_max"": 0.6, ""pulse_duration_min"": 0.15, ""q_abs_guard_deg"": 55.0, ""qd_lpf_alpha"": 0.16089837607272064, ""rate"": 24.0, ""rbf_center_max"": 3.2, ""rbf_center_min"": -3.2, ""rbf_nodes"": 11.0, ""rbf_width"": 1.4631904539, ""ref_jump_deg_max"": 8.0, ""ref_jump_deg_min"": 2.0, ""ref_jump_duration_max"": 0.6, ""ref_jump_duration_min"": 0.15, ""reference_shape"": ""sine"", ""reset_zeta_after_motion"": false, ""reset_zeta_on_segment"": false, ""restore_mode"": false, ""sigma_mod"": 0.2460708825, ""sine_center_mode"": ""lock"", ""soft_start_sec"": 0.0, ""step_absolute_target_deg"": 100.0, ""step_absolute_target_rad"": null, ""step_delta_deg"": -40.0, ""step_ramp_sec"": 1.0, ""step_segment_sec"": 1.5, ""step_sequence_deg"": """", ""step_shape"": ""smoothstep"", ""step_start_sec"": 0.5, ""tail_err_full_deg"": 4.0, ""tail_err_thresh_deg"": 1.5, ""tail_kd"": 0.1298690581075253, ""tail_kp"": 0.0, ""tail_max_control_boost"": 0.0, ""tail_u_max"": 0.0, ""torque_to_current"": 210.0, ""zeta0"": 0.885692967, ""zeta_leak"": 0.0237735451, ""zeta_reset_delay_sec"": 0.0, ""zeta_reset_value"": null, ""zeta_soft"": 0.989185316}"
66,1,1.0,1000225.3905350083,528.0,21.958542,0.838159238682734,1.5924928218552246,4.8627085318155014,5.467252169810652,1.0557163627450428,0.0,0.1203843855218855,0.22474596640425537,1.0876467718,0.885692967,1.0876467718,0.20195380480000003,0.009179718398863638,0.03978768640999995,0.1473925569,0.0,0.0,0.0,1.0,2.496093750231907,0.8214126415508964,6.2539053500823965,1.0,0.0698481225457687,0.08906586526431808,0.4589840908726158,0.0,0.0,0.0,0.0,0.0,0.838159238682734,4.8627085318155014,5.467252169810652,0.0,0,23.46609135700055,/tmp/nussbaum_step_settle120_runs/optuna_t0066_r01.csv,,"{""alpha"": 7.1072835468, ""amplitude_deg"": 10.0, ""baudrate"": 1000000.0, ""command_sign"": -1.0, ""control_output_scale"": 1.0, ""current_bias_raw"": 0.4483290598781814, ""current_limit_raw"": 0.0, ""default_mode"": 3.0, ""device"": ""/dev/ttyAMA0"", ""disable_anti_windup"": false, ""disable_freeze_nn_on_saturation"": false, ""disable_freeze_zeta_on_saturation"": false, ""disturb_interval_sec"": 30.0, ""disturb_jitter_sec"": 3.0, ""disturb_mode"": ""mixed"", ""disturb_seed"": -1.0, ""disturbance_placement"": ""mid_move"", ""duration"": 22.0, ""dxl_id"": 6.0, ""enable_disturbance"": false, ""frequency_hz"": 0.05, ""fric_coulomb"": 0.001032013727842269, ""fric_vel_scale"": 0.3274015465512023, ""gamma_adapt"": 8.7187500403, ""gamma_link"": 1.0385799486450462, ""integral_limit"": 1.6504936083, ""k_delta"": 0.06461957496349374, ""max_abs_e_dot"": 1.0, ""max_control"": 0.18995295336340096, ""max_current_raw"": 45.0, ""max_current_slew"": 13.487418685711638, ""mid_disturbance_offset_sec"": 0.0, ""no_set_current_mode"": false, ""predict_horizon_sec"": 0.004355626441760654, ""pulse_current_raw_max"": 12.0, ""pulse_current_raw_min"": 4.0, ""pulse_duration_max"": 0.6, ""pulse_duration_min"": 0.15, ""q_abs_guard_deg"": 55.0, ""qd_lpf_alpha"": 0.22292126985086028, ""rate"": 24.0, ""rbf_center_max"": 3.2, ""rbf_center_min"": -3.2, ""rbf_nodes"": 11.0, ""rbf_width"": 1.4631904539, ""ref_jump_deg_max"": 8.0, ""ref_jump_deg_min"": 2.0, ""ref_jump_duration_max"": 0.6, ""ref_jump_duration_min"": 0.15, ""reference_shape"": ""sine"", ""reset_zeta_after_motion"": false, ""reset_zeta_on_segment"": false, ""restore_mode"": false, ""sigma_mod"": 0.2460708825, ""sine_center_mode"": ""lock"", ""soft_start_sec"": 0.0, ""step_absolute_target_deg"": 100.0, ""step_absolute_target_rad"": null, ""step_delta_deg"": -40.0, ""step_ramp_sec"": 1.0, ""step_segment_sec"": 1.5, ""step_sequence_deg"": """", ""step_shape"": ""smoothstep"", ""step_start_sec"": 0.5, ""tail_err_full_deg"": 4.0, ""tail_err_thresh_deg"": 1.5, ""tail_kd"": 0.1112379258119093, ""tail_kp"": 0.0, ""tail_max_control_boost"": 0.0, ""tail_u_max"": 0.0, ""torque_to_current"": 210.0, ""zeta0"": 0.885692967, ""zeta_leak"": 0.0237735451, ""zeta_reset_delay_sec"": 0.0, ""zeta_reset_value"": null, ""zeta_soft"": 0.989185316}"
67,1,1.0,1000197.3343209261,528.0,21.958473,0.8568122297608981,1.6432584775144097,4.662224060991352,5.81953512690739,1.2259227937729795,0.0,0.12950391414141413,0.23190583075224028,1.047668397,0.885692967,1.047668397,0.16197543000000003,0.0073625195446969695,0.030968522639999975,0.1168981085,0.0,0.0,0.0,1.0,1.5292968756182148,0.9649891490233197,5.973343209260773,1.0,0.11650282508503232,0.5468749973160372,0.5468749973160372,0.0,0.0,0.0,0.0,0.0,0.8568122297608981,4.662224060991352,5.81953512690739,0.0,0,23.394818837999992,/tmp/nussbaum_step_settle120_runs/optuna_t0067_r01.csv,,"{""alpha"": 7.1072835468, ""amplitude_deg"": 10.0, ""baudrate"": 1000000.0, ""command_sign"": -1.0, ""control_output_scale"": 1.0, ""current_bias_raw"": -1.1022067633533266, ""current_limit_raw"": 0.0, ""default_mode"": 3.0, ""device"": ""/dev/ttyAMA0"", ""disable_anti_windup"": false, ""disable_freeze_nn_on_saturation"": false, ""disable_freeze_zeta_on_saturation"": false, ""disturb_interval_sec"": 30.0, ""disturb_jitter_sec"": 3.0, ""disturb_mode"": ""mixed"", ""disturb_seed"": -1.0, ""disturbance_placement"": ""mid_move"", ""duration"": 22.0, ""dxl_id"": 6.0, ""enable_disturbance"": false, ""frequency_hz"": 0.05, ""fric_coulomb"": 0.0011305260287542559, ""fric_vel_scale"": 0.3536060547890641, ""gamma_adapt"": 8.7187500403, ""gamma_link"": 1.0541000788154757, ""integral_limit"": 1.6504936083, ""k_delta"": 0.1329037285467311, ""max_abs_e_dot"": 1.0, ""max_control"": 0.16878990679528832, ""max_current_raw"": 45.0, ""max_current_slew"": 11.826106251491563, ""mid_disturbance_offset_sec"": 0.0, ""no_set_current_mode"": false, ""predict_horizon_sec"": 0.005450999887552408, ""pulse_current_raw_max"": 12.0, ""pulse_current_raw_min"": 4.0, ""pulse_duration_max"": 0.6, ""pulse_duration_min"": 0.15, ""q_abs_guard_deg"": 55.0, ""qd_lpf_alpha"": 0.24221245105685418, ""rate"": 24.0, ""rbf_center_max"": 3.2, ""rbf_center_min"": -3.2, ""rbf_nodes"": 11.0, ""rbf_width"": 1.4631904539, ""ref_jump_deg_max"": 8.0, ""ref_jump_deg_min"": 2.0, ""ref_jump_duration_max"": 0.6, ""ref_jump_duration_min"": 0.15, ""reference_shape"": ""sine"", ""reset_zeta_after_motion"": false, ""reset_zeta_on_segment"": false, ""restore_mode"": false, ""sigma_mod"": 0.2460708825, ""sine_center_mode"": ""lock"", ""soft_start_sec"": 0.0, ""step_absolute_target_deg"": 100.0, ""step_absolute_target_rad"": null, ""step_delta_deg"": -40.0, ""step_ramp_sec"": 1.0, ""step_segment_sec"": 1.5, ""step_sequence_deg"": """", ""step_shape"": ""smoothstep"", ""step_start_sec"": 0.5, ""tail_err_full_deg"": 4.0, ""tail_err_thresh_deg"": 1.5, ""tail_kd"": 0.08623841136192671, ""tail_kp"": 0.0, ""tail_max_control_boost"": 0.0, ""tail_u_max"": 0.0, ""torque_to_current"": 210.0, ""zeta0"": 0.885692967, ""zeta_leak"": 0.0237735451, ""zeta_reset_delay_sec"": 0.0, ""zeta_reset_value"": null, ""zeta_soft"": 0.989185316}"
68,1,1.0,1000166.8476652858,528.0,21.958586,4.853127464182019,5.668536106327609,10.041025836514732,16.869013801469052,1.516847665285804,0.0,0.102113468013468,0.8593696864519592,1.0350806734,0.885692967,1.0350806734,0.1493877064,0.006790350292803031,0.05004480090499994,0.1321994803,0.0,0.0,0.0,1.0,14.589843750629313,5.371518391677862,2.607521688992906,1.0,5.0883939991977964,8.378570569587584,13.437468181548702,0.0,0.0,0.0,0.0,0.0,4.853127464182019,10.041025836514732,16.869013801469052,0.0,0,23.44917357900067,/tmp/nussbaum_step_settle120_runs/optuna_t0068_r01.csv,,"{""alpha"": 7.1072835468, ""amplitude_deg"": 10.0, ""baudrate"": 1000000.0, ""command_sign"": -1.0, ""control_output_scale"": 1.0, ""current_bias_raw"": 1.2360155515530957, ""current_limit_raw"": 0.0, ""default_mode"": 3.0, ""device"": ""/dev/ttyAMA0"", ""disable_anti_windup"": false, ""disable_freeze_nn_on_saturation"": false, ""disable_freeze_zeta_on_saturation"": false, ""disturb_interval_sec"": 30.0, ""disturb_jitter_sec"": 3.0, ""disturb_mode"": ""mixed"", ""disturb_seed"": -1.0, ""disturbance_placement"": ""mid_move"", ""duration"": 22.0, ""dxl_id"": 6.0, ""enable_disturbance"": false, ""frequency_hz"": 0.05, ""fric_coulomb"": 0.0017686784261948876, ""fric_vel_scale"": 0.7397578349337455, ""gamma_adapt"": 8.7187500403, ""gamma_link"": 1.1520662748007515, ""integral_limit"": 1.6504936083, ""k_delta"": 0.14930164969524998, ""max_abs_e_dot"": 1.0, ""max_control"": 0.1815920404003528, ""max_current_raw"": 45.0, ""max_current_slew"": 40.26686051628063, ""mid_disturbance_offset_sec"": 0.0, ""no_set_current_mode"": false, ""predict_horizon_sec"": 0.011851289616295217, ""pulse_current_raw_max"": 12.0, ""pulse_current_raw_min"": 4.0, ""pulse_duration_max"": 0.6, ""pulse_duration_min"": 0.15, ""q_abs_guard_deg"": 55.0, ""qd_lpf_alpha"": 0.275391356244152, ""rate"": 24.0, ""rbf_center_max"": 3.2, ""rbf_center_min"": -3.2, ""rbf_nodes"": 11.0, ""rbf_width"": 1.4631904539, ""ref_jump_deg_max"": 8.0, ""ref_jump_deg_min"": 2.0, ""ref_jump_duration_max"": 0.6, ""ref_jump_duration_min"": 0.15, ""reference_shape"": ""sine"", ""reset_zeta_after_motion"": false, ""reset_zeta_on_segment"": false, ""restore_mode"": false, ""sigma_mod"": 0.2460708825, ""sine_center_mode"": ""lock"", ""soft_start_sec"": 0.0, ""step_absolute_target_deg"": 100.0, ""step_absolute_target_rad"": null, ""step_delta_deg"": -40.0, ""step_ramp_sec"": 1.0, ""step_segment_sec"": 1.5, ""step_sequence_deg"": """", ""step_shape"": ""smoothstep"", ""step_start_sec"": 0.5, ""tail_err_full_deg"": 4.0, ""tail_err_thresh_deg"": 1.5, ""tail_kd"": 0.1775289514201028, ""tail_kp"": 0.0, ""tail_max_control_boost"": 0.0, ""tail_u_max"": 0.0, ""torque_to_current"": 210.0, ""zeta0"": 0.885692967, ""zeta_leak"": 0.0237735451, ""zeta_reset_delay_sec"": 0.0, ""zeta_reset_value"": null, ""zeta_soft"": 0.989185316}"
69,1,1.0,1000822.9544925895,528.0,21.958554000000003,1.2133629338005314,2.5975753072666485,6.40711306432417,12.213667882803158,2.1729544925895095,0.0,0.12570723905723907,0.2411598524144343,1.0539374443,0.885692967,1.0539374443,0.16824447730000003,0.007647476241287879,0.010627550984999998,0.1810220855,0.0,0.0,0.0,1.0,5.695312499141153,1.469656177242074,4.5842631522375,1.0,0.04774705972622472,0.10742187171031792,0.1953124945396306,0.0,0.0,0.0,0.0,0.0,1.2133629338005314,6.40711306432417,12.213667882803158,0.0,0,23.34982341200066,/tmp/nussbaum_step_settle120_runs/optuna_t0069_r01.csv,,"{""alpha"": 7.1072835468, ""amplitude_deg"": 10.0, ""baudrate"": 1000000.0, ""command_sign"": -1.0, ""control_output_scale"": 1.0, ""current_bias_raw"": 1.2276830061282102, ""current_limit_raw"": 0.0, ""default_mode"": 3.0, ""device"": ""/dev/ttyAMA0"", ""disable_anti_windup"": false, ""disable_freeze_nn_on_saturation"": false, ""disable_freeze_zeta_on_saturation"": false, ""disturb_interval_sec"": 30.0, ""disturb_jitter_sec"": 3.0, ""disturb_mode"": ""mixed"", ""disturb_seed"": -1.0, ""disturbance_placement"": ""mid_move"", ""duration"": 22.0, ""dxl_id"": 6.0, ""enable_disturbance"": false, ""frequency_hz"": 0.05, ""fric_coulomb"": 0.0007056431908862276, ""fric_vel_scale"": 0.6148615290270774, ""gamma_adapt"": 8.7187500403, ""gamma_link"": 1.2272964743817598, ""integral_limit"": 1.6504936083, ""k_delta"": 0.14371668482166525, ""max_abs_e_dot"": 1.0, ""max_control"": 0.20192042794332937, ""max_current_raw"": 45.0, ""max_current_slew"": 8.721679019251344, ""mid_disturbance_offset_sec"": 0.0, ""no_set_current_mode"": false, ""predict_horizon_sec"": 0.013548643149075086, ""pulse_current_raw_max"": 12.0, ""pulse_current_raw_min"": 4.0, ""pulse_duration_max"": 0.6, ""pulse_duration_min"": 0.15, ""q_abs_guard_deg"": 55.0, ""qd_lpf_alpha"": 0.27383571632608716, ""rate"": 24.0, ""rbf_center_max"": 3.2, ""rbf_center_min"": -3.2, ""rbf_nodes"": 11.0, ""rbf_width"": 1.4631904539, ""ref_jump_deg_max"": 8.0, ""ref_jump_deg_min"": 2.0, ""ref_jump_duration_max"": 0.6, ""ref_jump_duration_min"": 0.15, ""reference_shape"": ""sine"", ""reset_zeta_after_motion"": false, ""reset_zeta_on_segment"": false, ""restore_mode"": false, ""sigma_mod"": 0.2460708825, ""sine_center_mode"": ""lock"", ""soft_start_sec"": 0.0, ""step_absolute_target_deg"": 100.0, ""step_absolute_target_rad"": null, ""step_delta_deg"": -40.0, ""step_ramp_sec"": 1.0, ""step_segment_sec"": 1.5, ""step_sequence_deg"": """", ""step_shape"": ""smoothstep"", ""step_start_sec"": 0.5, ""tail_err_full_deg"": 4.0, ""tail_err_thresh_deg"": 1.5, ""tail_kd"": 0.0821357188568088, ""tail_kp"": 0.0, ""tail_max_control_boost"": 0.0, ""tail_u_max"": 0.0, ""torque_to_current"": 210.0, ""zeta0"": 0.885692967, ""zeta_leak"": 0.0237735451, ""zeta_reset_delay_sec"": 0.0, ""zeta_reset_value"": null, ""zeta_soft"": 0.989185316}"
70,1,1.0,1000400.6423813023,528.0,21.958457000000003,4.074815181719138,5.107592640756478,8.205929766051117,22.113556124667184,1.750642381302347,0.0,0.0855773569023569,0.7512506648442553,1.2070623953,0.8856930103,1.2070623953,0.3213693849999999,0.014607701287310607,0.06771192019,0.2179559935,0.0,0.0,0.0,1.0,12.16406249866084,4.2773603126805275,1.9199980544019715,1.0,3.8740856123828427,7.287029020723319,7.949849590926973,0.0,0.0,0.0,0.0,0.0,4.074815181719138,8.205929766051117,22.113556124667184,0.0,0,23.421075893000307,/tmp/nussbaum_step_settle120_runs/optuna_t0070_r01.csv,,"{""alpha"": 7.1072835468, ""amplitude_deg"": 10.0, ""baudrate"": 1000000.0, ""command_sign"": -1.0, ""control_output_scale"": 1.0, ""current_bias_raw"": 0.011349474866051076, ""current_limit_raw"": 0.0, ""default_mode"": 3.0, ""device"": ""/dev/ttyAMA0"", ""disable_anti_windup"": false, ""disable_freeze_nn_on_saturation"": false, ""disable_freeze_zeta_on_saturation"": false, ""disturb_interval_sec"": 30.0, ""disturb_jitter_sec"": 3.0, ""disturb_mode"": ""mixed"", ""disturb_seed"": -1.0, ""disturbance_placement"": ""mid_move"", ""duration"": 22.0, ""dxl_id"": 6.0, ""enable_disturbance"": false, ""frequency_hz"": 0.05, ""fric_coulomb"": 0.0013499858359758779, ""fric_vel_scale"": 0.4854350641800644, ""gamma_adapt"": 8.7187500403, ""gamma_link"": 0.9362179798717432, ""integral_limit"": 1.6504936083, ""k_delta"": 0.1210807355266145, ""max_abs_e_dot"": 1.0, ""max_control"": 0.16554995529726566, ""max_current_raw"": 45.0, ""max_current_slew"": 22.005499797148698, ""mid_disturbance_offset_sec"": 0.0, ""no_set_current_mode"": false, ""predict_horizon_sec"": 0.0008131552825635974, ""pulse_current_raw_max"": 12.0, ""pulse_current_raw_min"": 4.0, ""pulse_duration_max"": 0.6, ""pulse_duration_min"": 0.15, ""q_abs_guard_deg"": 55.0, ""qd_lpf_alpha"": 0.13755566742284392, ""rate"": 24.0, ""rbf_center_max"": 3.2, ""rbf_center_min"": -3.2, ""rbf_nodes"": 11.0, ""rbf_width"": 1.4631904539, ""ref_jump_deg_max"": 8.0, ""ref_jump_deg_min"": 2.0, ""ref_jump_duration_max"": 0.6, ""ref_jump_duration_min"": 0.15, ""reference_shape"": ""sine"", ""reset_zeta_after_motion"": false, ""reset_zeta_on_segment"": false, ""restore_mode"": false, ""sigma_mod"": 0.2460708825, ""sine_center_mode"": ""lock"", ""soft_start_sec"": 0.0, ""step_absolute_target_deg"": 100.0, ""step_absolute_target_rad"": null, ""step_delta_deg"": -40.0, ""step_ramp_sec"": 1.0, ""step_segment_sec"": 1.5, ""step_sequence_deg"": """", ""step_shape"": ""smoothstep"", ""step_start_sec"": 0.5, ""tail_err_full_deg"": 4.0, ""tail_err_thresh_deg"": 1.5, ""tail_kd"": 0.08730032349212032, ""tail_kp"": 0.0, ""tail_max_control_boost"": 0.0, ""tail_u_max"": 0.0, ""torque_to_current"": 210.0, ""zeta0"": 0.885692967, ""zeta_leak"": 0.0237735451, ""zeta_reset_delay_sec"": 0.0, ""zeta_reset_value"": null, ""zeta_soft"": 0.989185316}"
71,1,1.0,1000011.986246968,528.0,21.958461,4.62633849576602,5.343588102758654,8.653792352498238,12.027770419829189,1.3619862469680954,0.0,0.09850871212121212,0.8447156280361666,1.0363929359,0.8856930324,1.0363929359,0.15069990349999995,0.006849998586363636,0.042363114049999984,0.1091899142,0.0,0.0,0.0,1.0,13.921874998791893,4.918772340897847,2.554324223460159,1.0,4.893430787108759,7.888304375388266,8.49738055043392,0.0,0.0,0.0,0.0,0.0,4.62633849576602,8.653792352498238,12.027770419829189,0.0,0,23.385109596999428,/tmp/nussbaum_step_settle120_runs/optuna_t0071_r01.csv,,"{""alpha"": 7.1072835468, ""amplitude_deg"": 10.0, ""baudrate"": 1000000.0, ""command_sign"": -1.0, ""control_output_scale"": 1.0, ""current_bias_raw"": 0.8218279461444612, ""current_limit_raw"": 0.0, ""default_mode"": 3.0, ""device"": ""/dev/ttyAMA0"", ""disable_anti_windup"": false, ""disable_freeze_nn_on_saturation"": false, ""disable_freeze_zeta_on_saturation"": false, ""disturb_interval_sec"": 30.0, ""disturb_jitter_sec"": 3.0, ""disturb_mode"": ""mixed"", ""disturb_seed"": -1.0, ""disturbance_placement"": ""mid_move"", ""duration"": 22.0, ""dxl_id"": 6.0, ""enable_disturbance"": false, ""frequency_hz"": 0.05, ""fric_coulomb"": 0.009650383041021802, ""fric_vel_scale"": 0.6968597045107375, ""gamma_adapt"": 8.7187500403, ""gamma_link"": 1.09107022331145, ""integral_limit"": 1.6504936083, ""k_delta"": 0.13400877973747896, ""max_abs_e_dot"": 1.0, ""max_control"": 0.1730658781236755, ""max_current_raw"": 45.0, ""max_current_slew"": 37.675708200159114, ""mid_disturbance_offset_sec"": 0.0, ""no_set_current_mode"": false, ""predict_horizon_sec"": 0.014931669856336585, ""pulse_current_raw_max"": 12.0, ""pulse_current_raw_min"": 4.0, ""pulse_duration_max"": 0.6, ""pulse_duration_min"": 0.15, ""q_abs_guard_deg"": 55.0, ""qd_lpf_alpha"": 0.27953276281601375, ""rate"": 24.0, ""rbf_center_max"": 3.2, ""rbf_center_min"": -3.2, ""rbf_nodes"": 11.0, ""rbf_width"": 1.4631904539, ""ref_jump_deg_max"": 8.0, ""ref_jump_deg_min"": 2.0, ""ref_jump_duration_max"": 0.6, ""ref_jump_duration_min"": 0.15, ""reference_shape"": ""sine"", ""reset_zeta_after_motion"": false, ""reset_zeta_on_segment"": false, ""restore_mode"": false, ""sigma_mod"": 0.2460708825, ""sine_center_mode"": ""lock"", ""soft_start_sec"": 0.0, ""step_absolute_target_deg"": 100.0, ""step_absolute_target_rad"": null, ""step_delta_deg"": -40.0, ""step_ramp_sec"": 1.0, ""step_segment_sec"": 1.5, ""step_sequence_deg"": """", ""step_shape"": ""smoothstep"", ""step_start_sec"": 0.5, ""tail_err_full_deg"": 4.0, ""tail_err_thresh_deg"": 1.5, ""tail_kd"": 0.27371728445911525, ""tail_kp"": 0.0, ""tail_max_control_boost"": 0.0, ""tail_u_max"": 0.0, ""torque_to_current"": 210.0, ""zeta0"": 0.885692967, ""zeta_leak"": 0.0237735451, ""zeta_reset_delay_sec"": 0.0, ""zeta_reset_value"": null, ""zeta_soft"": 0.989185316}"
72,1,1.0,1000031.850795004,528.0,21.95843,0.7542369045816444,1.9167499411568794,4.696924577773951,9.99780417366012,0.8681492049958952,0.0,0.12238051346801346,0.2814192279821677,1.0754103048,0.885692967,1.0754103048,0.1897173378000001,0.008623515353977273,0.0224345932799999,0.2098092538,0.0,0.0,0.0,1.0,0.7382812501008686,1.2194571266403686,3.8933333333333335,1.0,0.06987286652098974,0.19531250026920854,0.19531250026920854,0.0,0.0,0.0,0.0,0.0,0.7542369045816444,4.696924577773951,9.99780417366012,0.0,0,23.386316226999952,/tmp/nussbaum_step_settle120_runs/optuna_t0072_r01.csv,,"{""alpha"": 7.1072835468, ""amplitude_deg"": 10.0, ""baudrate"": 1000000.0, ""command_sign"": -1.0, ""control_output_scale"": 1.0, ""current_bias_raw"": 0.8989328637173137, ""current_limit_raw"": 0.0, ""default_mode"": 3.0, ""device"": ""/dev/ttyAMA0"", ""disable_anti_windup"": false, ""disable_freeze_nn_on_saturation"": false, ""disable_freeze_zeta_on_saturation"": false, ""disturb_interval_sec"": 30.0, ""disturb_jitter_sec"": 3.0, ""disturb_mode"": ""mixed"", ""disturb_seed"": -1.0, ""disturbance_placement"": ""mid_move"", ""duration"": 22.0, ""dxl_id"": 6.0, ""enable_disturbance"": false, ""frequency_hz"": 0.05, ""fric_coulomb"": 0.008545625347905464, ""fric_vel_scale"": 0.30865994306242817, ""gamma_adapt"": 8.7187500403, ""gamma_link"": 1.1786841251689089, ""integral_limit"": 1.6504936083, ""k_delta"": 0.08208788107250171, ""max_abs_e_dot"": 1.0, ""max_control"": 0.17756615392391284, ""max_current_raw"": 45.0, ""max_current_slew"": 23.12462279559809, ""mid_disturbance_offset_sec"": 0.0, ""no_set_current_mode"": false, ""predict_horizon_sec"": 0.01282322071214747, ""pulse_current_raw_max"": 12.0, ""pulse_current_raw_min"": 4.0, ""pulse_duration_max"": 0.6, ""pulse_duration_min"": 0.15, ""q_abs_guard_deg"": 55.0, ""qd_lpf_alpha"": 0.25974775295043806, ""rate"": 24.0, ""rbf_center_max"": 3.2, ""rbf_center_min"": -3.2, ""rbf_nodes"": 11.0, ""rbf_width"": 1.4631904539, ""ref_jump_deg_max"": 8.0, ""ref_jump_deg_min"": 2.0, ""ref_jump_duration_max"": 0.6, ""ref_jump_duration_min"": 0.15, ""reference_shape"": ""sine"", ""reset_zeta_after_motion"": false, ""reset_zeta_on_segment"": false, ""restore_mode"": false, ""sigma_mod"": 0.2460708825, ""sine_center_mode"": ""lock"", ""soft_start_sec"": 0.0, ""step_absolute_target_deg"": 100.0, ""step_absolute_target_rad"": null, ""step_delta_deg"": -40.0, ""step_ramp_sec"": 1.0, ""step_segment_sec"": 1.5, ""step_sequence_deg"": """", ""step_shape"": ""smoothstep"", ""step_start_sec"": 0.5, ""tail_err_full_deg"": 4.0, ""tail_err_thresh_deg"": 1.5, ""tail_kd"": 0.10461464241723979, ""tail_kp"": 0.0, ""tail_max_control_boost"": 0.0, ""tail_u_max"": 0.0, ""torque_to_current"": 210.0, ""zeta0"": 0.885692967, ""zeta_leak"": 0.0237735451, ""zeta_reset_delay_sec"": 0.0, ""zeta_reset_value"": null, ""zeta_soft"": 0.989185316}"
73,1,1.0,1000385.5557002062,528.0,21.958427,0.6426122032511326,1.4670632133579278,3.4409054060359656,6.431763414939012,1.2720172088677573,0.0,0.12270643939393941,0.20348592622230274,1.0429544266,0.885692967,1.0429544266,0.15726145959999993,0.007148248163636364,0.008694175504999999,0.12848017,0.0,0.0,0.0,1.0,0.9140625014890844,0.40473673863273446,7.855557002061569,1.0,0.0846474286243229,0.28320312596331015,0.37109375165741176,0.0,0.0,0.0,0.0,0.0,0.6426122032511326,3.4409054060359656,6.431763414939012,0.0,0,23.399779466999462,/tmp/nussbaum_step_settle120_runs/optuna_t0073_r01.csv,,"{""alpha"": 7.1072835468, ""amplitude_deg"": 10.0, ""baudrate"": 1000000.0, ""command_sign"": -1.0, ""control_output_scale"": 1.0, ""current_bias_raw"": 0.3123167094224525, ""current_limit_raw"": 0.0, ""default_mode"": 3.0, ""device"": ""/dev/ttyAMA0"", ""disable_anti_windup"": false, ""disable_freeze_nn_on_saturation"": false, ""disable_freeze_zeta_on_saturation"": false, ""disturb_interval_sec"": 30.0, ""disturb_jitter_sec"": 3.0, ""disturb_mode"": ""mixed"", ""disturb_seed"": -1.0, ""disturbance_placement"": ""mid_move"", ""duration"": 22.0, ""dxl_id"": 6.0, ""enable_disturbance"": false, ""frequency_hz"": 0.05, ""fric_coulomb"": 0.0014911677504869114, ""fric_vel_scale"": 0.37314445410522834, ""gamma_adapt"": 8.7187500403, ""gamma_link"": 1.0450230517309294, ""integral_limit"": 1.6504936083, ""k_delta"": 0.09201513948607501, ""max_abs_e_dot"": 1.0, ""max_control"": 0.17602569612985472, ""max_current_raw"": 45.0, ""max_current_slew"": 10.479280251302072, ""mid_disturbance_offset_sec"": 0.0, ""no_set_current_mode"": false, ""predict_horizon_sec"": 0.0076185835719366456, ""pulse_current_raw_max"": 12.0, ""pulse_current_raw_min"": 4.0, ""pulse_duration_max"": 0.6, ""pulse_duration_min"": 0.15, ""q_abs_guard_deg"": 55.0, ""qd_lpf_alpha"": 0.27817406983726856, ""rate"": 24.0, ""rbf_center_max"": 3.2, ""rbf_center_min"": -3.2, ""rbf_nodes"": 11.0, ""rbf_width"": 1.4631904539, ""ref_jump_deg_max"": 8.0, ""ref_jump_deg_min"": 2.0, ""ref_jump_duration_max"": 0.6, ""ref_jump_duration_min"": 0.15, ""reference_shape"": ""sine"", ""reset_zeta_after_motion"": false, ""reset_zeta_on_segment"": false, ""restore_mode"": false, ""sigma_mod"": 0.2460708825, ""sine_center_mode"": ""lock"", ""soft_start_sec"": 0.0, ""step_absolute_target_deg"": 100.0, ""step_absolute_target_rad"": null, ""step_delta_deg"": -40.0, ""step_ramp_sec"": 1.0, ""step_segment_sec"": 1.5, ""step_sequence_deg"": """", ""step_shape"": ""smoothstep"", ""step_start_sec"": 0.5, ""tail_err_full_deg"": 4.0, ""tail_err_thresh_deg"": 1.5, ""tail_kd"": 0.07371974118134998, ""tail_kp"": 0.0, ""tail_max_control_boost"": 0.0, ""tail_u_max"": 0.0, ""torque_to_current"": 210.0, ""zeta0"": 0.885692967, ""zeta_leak"": 0.0237735451, ""zeta_reset_delay_sec"": 0.0, ""zeta_reset_value"": null, ""zeta_soft"": 0.989185316}"
74,1,1.0,1000119.9958941706,528.0,21.958467000000002,0.5241916588231382,1.5429920145509843,3.646667535496434,9.152519125974003,0.7800041058293832,0.0,0.09263598484848486,0.2021454633139494,1.0549232343,0.8856930386,1.0549232343,0.16923019569999986,0.007692284875946968,0.03059039833499999,0.2195733563,0.0,0.0,0.0,1.0,0.17578125138820155,0.10826088587571919,3.6116556750003874,1.0,0.02580142904534031,0.06835937681309637,0.156250002507198,0.0,0.0,0.0,0.0,0.0,0.5241916588231382,3.646667535496434,9.152519125974003,0.0,0,23.412242911999783,/tmp/nussbaum_step_settle120_runs/optuna_t0074_r01.csv,,"{""alpha"": 7.1072835468, ""amplitude_deg"": 10.0, ""baudrate"": 1000000.0, ""command_sign"": -1.0, ""control_output_scale"": 1.0, ""current_bias_raw"": 1.1758623926937335, ""current_limit_raw"": 0.0, ""default_mode"": 3.0, ""device"": ""/dev/ttyAMA0"", ""disable_anti_windup"": false, ""disable_freeze_nn_on_saturation"": false, ""disable_freeze_zeta_on_saturation"": false, ""disturb_interval_sec"": 30.0, ""disturb_jitter_sec"": 3.0, ""disturb_mode"": ""mixed"", ""disturb_seed"": -1.0, ""disturbance_placement"": ""mid_move"", ""duration"": 22.0, ""dxl_id"": 6.0, ""enable_disturbance"": false, ""frequency_hz"": 0.05, ""fric_coulomb"": 0.006021145572039288, ""fric_vel_scale"": 0.4649407118346378, ""gamma_adapt"": 8.7187500403, ""gamma_link"": 1.2925780614890023, ""integral_limit"": 1.6504936083, ""k_delta"": 0.10360150447929432, ""max_abs_e_dot"": 1.0, ""max_control"": 0.20329506775041556, ""max_current_raw"": 45.0, ""max_current_slew"": 20.60608278138201, ""mid_disturbance_offset_sec"": 0.0, ""no_set_current_mode"": false, ""predict_horizon_sec"": 0.010470033049801045, ""pulse_current_raw_max"": 12.0, ""pulse_current_raw_min"": 4.0, ""pulse_duration_max"": 0.6, ""pulse_duration_min"": 0.15, ""q_abs_guard_deg"": 55.0, ""qd_lpf_alpha"": 0.2513186208321503, ""rate"": 24.0, ""rbf_center_max"": 3.2, ""rbf_center_min"": -3.2, ""rbf_nodes"": 11.0, ""rbf_width"": 1.4631904539, ""ref_jump_deg_max"": 8.0, ""ref_jump_deg_min"": 2.0, ""ref_jump_duration_max"": 0.6, ""ref_jump_duration_min"": 0.15, ""reference_shape"": ""sine"", ""reset_zeta_after_motion"": false, ""reset_zeta_on_segment"": false, ""restore_mode"": false, ""sigma_mod"": 0.2460708825, ""sine_center_mode"": ""lock"", ""soft_start_sec"": 0.0, ""step_absolute_target_deg"": 100.0, ""step_absolute_target_rad"": null, ""step_delta_deg"": -40.0, ""step_ramp_sec"": 1.0, ""step_segment_sec"": 1.5, ""step_sequence_deg"": """", ""step_shape"": ""smoothstep"", ""step_start_sec"": 0.5, ""tail_err_full_deg"": 4.0, ""tail_err_thresh_deg"": 1.5, ""tail_kd"": 0.022263291650162303, ""tail_kp"": 0.0, ""tail_max_control_boost"": 0.0, ""tail_u_max"": 0.0, ""torque_to_current"": 210.0, ""zeta0"": 0.885692967, ""zeta_leak"": 0.0237735451, ""zeta_reset_delay_sec"": 0.0, ""zeta_reset_value"": null, ""zeta_soft"": 0.989185316}"
75,1,1.0,1000195.9735010144,528.0,21.958451,0.5523393987561278,1.4177185773572962,2.9487326512285525,8.785740766378801,0.7040264989855406,0.0,0.1429635101010101,0.25970968816337786,1.070845916,0.885692967,1.070845916,0.1851529489999999,0.008416043135795455,0.00948140395,0.1807257208,0.0,0.0,0.0,1.0,0.6152343741291304,0.27582193211965794,2.3946792143600293,1.0,0.02497261197834061,0.08789062569410164,0.1074218745751069,0.0,0.0,0.0,0.0,0.0,0.5523393987561278,2.9487326512285525,8.785740766378801,0.0,0,23.375293207999675,/tmp/nussbaum_step_settle120_runs/optuna_t0075_r01.csv,,"{""alpha"": 7.1072835468, ""amplitude_deg"": 10.0, ""baudrate"": 1000000.0, ""command_sign"": -1.0, ""control_output_scale"": 1.0, ""current_bias_raw"": 0.24524610334013253, ""current_limit_raw"": 0.0, ""default_mode"": 3.0, ""device"": ""/dev/ttyAMA0"", ""disable_anti_windup"": false, ""disable_freeze_nn_on_saturation"": false, ""disable_freeze_zeta_on_saturation"": false, ""disturb_interval_sec"": 30.0, ""disturb_jitter_sec"": 3.0, ""disturb_mode"": ""mixed"", ""disturb_seed"": -1.0, ""disturbance_placement"": ""mid_move"", ""duration"": 22.0, ""dxl_id"": 6.0, ""enable_disturbance"": false, ""frequency_hz"": 0.05, ""fric_coulomb"": 0.0008044522879154137, ""fric_vel_scale"": 0.3390515234440536, ""gamma_adapt"": 8.7187500403, ""gamma_link"": 1.1417035311070054, ""integral_limit"": 1.6504936083, ""k_delta"": 0.16153121597589967, ""max_abs_e_dot"": 1.0, ""max_control"": 0.17575795557662413, ""max_current_raw"": 45.0, ""max_current_slew"": 22.947208240756197, ""mid_disturbance_offset_sec"": 0.0, ""no_set_current_mode"": false, ""predict_horizon_sec"": 0.009235288181793085, ""pulse_current_raw_max"": 12.0, ""pulse_current_raw_min"": 4.0, ""pulse_duration_max"": 0.6, ""pulse_duration_min"": 0.15, ""q_abs_guard_deg"": 55.0, ""qd_lpf_alpha"": 0.27622219910246715, ""rate"": 24.0, ""rbf_center_max"": 3.2, ""rbf_center_min"": -3.2, ""rbf_nodes"": 11.0, ""rbf_width"": 1.4631904539, ""ref_jump_deg_max"": 8.0, ""ref_jump_deg_min"": 2.0, ""ref_jump_duration_max"": 0.6, ""ref_jump_duration_min"": 0.15, ""reference_shape"": ""sine"", ""reset_zeta_after_motion"": false, ""reset_zeta_on_segment"": false, ""restore_mode"": false, ""sigma_mod"": 0.2460708825, ""sine_center_mode"": ""lock"", ""soft_start_sec"": 0.0, ""step_absolute_target_deg"": 100.0, ""step_absolute_target_rad"": null, ""step_delta_deg"": -40.0, ""step_ramp_sec"": 1.0, ""step_segment_sec"": 1.5, ""step_sequence_deg"": """", ""step_shape"": ""smoothstep"", ""step_start_sec"": 0.5, ""tail_err_full_deg"": 4.0, ""tail_err_thresh_deg"": 1.5, ""tail_kd"": 0.1237354521669726, ""tail_kp"": 0.0, ""tail_max_control_boost"": 0.0, ""tail_u_max"": 0.0, ""torque_to_current"": 210.0, ""zeta0"": 0.885692967, ""zeta_leak"": 0.0237735451, ""zeta_reset_delay_sec"": 0.0, ""zeta_reset_value"": null, ""zeta_soft"": 0.989185316}"
76,1,1.0,60.032123225179895,528.0,21.958465999999998,1.8754136973456377,2.7570284789016344,6.799266991279733,10.060702747023601,0.9708999923700568,0.0,0.08324360269360269,0.4853558008735777,1.3458575168,0.885692967,1.3268074274,0.4411144603999999,0.020050657288446967,0.10203852421499998,0.2284085262,0.0,0.0,0.0,1.0,9.123046876000998,2.601497506064115,3.7782680302276344,1.0,1.3006816607907725,4.4470974150757066,10.060702747023601,0.0,0.0,0.0,0.0,0.0,1.8754136973456377,6.799266991279733,10.060702747023601,0.0,0,23.403977560000385,/tmp/nussbaum_step_settle120_runs/optuna_t0076_r01.csv,,"{""alpha"": 7.1072835468, ""amplitude_deg"": 10.0, ""baudrate"": 1000000.0, ""command_sign"": -1.0, ""control_output_scale"": 1.0, ""current_bias_raw"": 1.0017365057101972, ""current_limit_raw"": 0.0, ""default_mode"": 3.0, ""device"": ""/dev/ttyAMA0"", ""disable_anti_windup"": false, ""disable_freeze_nn_on_saturation"": false, ""disable_freeze_zeta_on_saturation"": false, ""disturb_interval_sec"": 30.0, ""disturb_jitter_sec"": 3.0, ""disturb_mode"": ""mixed"", ""disturb_seed"": -1.0, ""disturbance_placement"": ""mid_move"", ""duration"": 22.0, ""dxl_id"": 6.0, ""enable_disturbance"": false, ""frequency_hz"": 0.05, ""fric_coulomb"": 0.0006375822893906174, ""fric_vel_scale"": 0.7207259358994343, ""gamma_adapt"": 8.7187500403, ""gamma_link"": 1.136555298735099, ""integral_limit"": 1.6504936083, ""k_delta"": 0.1235153568913721, ""max_abs_e_dot"": 1.0, ""max_control"": 0.21100179261875182, ""max_current_raw"": 45.0, ""max_current_slew"": 20.984925154653716, ""mid_disturbance_offset_sec"": 0.0, ""no_set_current_mode"": false, ""predict_horizon_sec"": 0.008674366920157514, ""pulse_current_raw_max"": 12.0, ""pulse_current_raw_min"": 4.0, ""pulse_duration_max"": 0.6, ""pulse_duration_min"": 0.15, ""q_abs_guard_deg"": 55.0, ""qd_lpf_alpha"": 0.2581305099088976, ""rate"": 24.0, ""rbf_center_max"": 3.2, ""rbf_center_min"": -3.2, ""rbf_nodes"": 11.0, ""rbf_width"": 1.4631904539, ""ref_jump_deg_max"": 8.0, ""ref_jump_deg_min"": 2.0, ""ref_jump_duration_max"": 0.6, ""ref_jump_duration_min"": 0.15, ""reference_shape"": ""sine"", ""reset_zeta_after_motion"": false, ""reset_zeta_on_segment"": false, ""restore_mode"": false, ""sigma_mod"": 0.2460708825, ""sine_center_mode"": ""lock"", ""soft_start_sec"": 0.0, ""step_absolute_target_deg"": 100.0, ""step_absolute_target_rad"": null, ""step_delta_deg"": -40.0, ""step_ramp_sec"": 1.0, ""step_segment_sec"": 1.5, ""step_sequence_deg"": """", ""step_shape"": ""smoothstep"", ""step_start_sec"": 0.5, ""tail_err_full_deg"": 4.0, ""tail_err_thresh_deg"": 1.5, ""tail_kd"": 0.0803619925007102, ""tail_kp"": 0.0, ""tail_max_control_boost"": 0.0, ""tail_u_max"": 0.0, ""torque_to_current"": 210.0, ""zeta0"": 0.885692967, ""zeta_leak"": 0.0237735451, ""zeta_reset_delay_sec"": 0.0, ""zeta_reset_value"": null, ""zeta_soft"": 0.989185316}"
77,1,1.0,71.24086162591165,528.0,21.958471000000003,3.4773184052677752,4.15907132507446,7.726557169136252,10.933882474148781,1.0628909560591453,0.0,0.08962373737373738,0.7907834551795688,1.1708484254,0.885692967,1.1708484254,0.2851554584,0.012961611744128788,0.06555712596499996,0.1800708831,0.0,0.0,0.0,1.0,11.88281249987746,3.966553453541166,2.3414587628668477,1.0,3.6542670198779574,7.420470229443033,8.536893232594721,0.0,0.0,0.0,0.0,0.0,3.4773184052677752,7.726557169136252,10.933882474148781,0.0,0,23.379237041000124,/tmp/nussbaum_step_settle120_runs/optuna_t0077_r01.csv,,"{""alpha"": 7.1072835468, ""amplitude_deg"": 10.0, ""baudrate"": 1000000.0, ""command_sign"": -1.0, ""control_output_scale"": 1.0, ""current_bias_raw"": 1.4165064881587646, ""current_limit_raw"": 0.0, ""default_mode"": 3.0, ""device"": ""/dev/ttyAMA0"", ""disable_anti_windup"": false, ""disable_freeze_nn_on_saturation"": false, ""disable_freeze_zeta_on_saturation"": false, ""disturb_interval_sec"": 30.0, ""disturb_jitter_sec"": 3.0, ""disturb_mode"": ""mixed"", ""disturb_seed"": -1.0, ""disturbance_placement"": ""mid_move"", ""duration"": 22.0, ""dxl_id"": 6.0, ""enable_disturbance"": false, ""frequency_hz"": 0.05, ""fric_coulomb"": 0.00011309051928218316, ""fric_vel_scale"": 0.8379518768366359, ""gamma_adapt"": 8.7187500403, ""gamma_link"": 1.1619793072338505, ""integral_limit"": 1.6504936083, ""k_delta"": 0.1069011697882284, ""max_abs_e_dot"": 1.0, ""max_control"": 0.16320558463486376, ""max_current_raw"": 45.0, ""max_current_slew"": 29.07881531850937, ""mid_disturbance_offset_sec"": 0.0, ""no_set_current_mode"": false, ""predict_horizon_sec"": 0.008605480795036926, ""pulse_current_raw_max"": 12.0, ""pulse_current_raw_min"": 4.0, ""pulse_duration_max"": 0.6, ""pulse_duration_min"": 0.15, ""q_abs_guard_deg"": 55.0, ""qd_lpf_alpha"": 0.2583500481132067, ""rate"": 24.0, ""rbf_center_max"": 3.2, ""rbf_center_min"": -3.2, ""rbf_nodes"": 11.0, ""rbf_width"": 1.4631904539, ""ref_jump_deg_max"": 8.0, ""ref_jump_deg_min"": 2.0, ""ref_jump_duration_max"": 0.6, ""ref_jump_duration_min"": 0.15, ""reference_shape"": ""sine"", ""reset_zeta_after_motion"": false, ""reset_zeta_on_segment"": false, ""restore_mode"": false, ""sigma_mod"": 0.2460708825, ""sine_center_mode"": ""lock"", ""soft_start_sec"": 0.0, ""step_absolute_target_deg"": 100.0, ""step_absolute_target_rad"": null, ""step_delta_deg"": -40.0, ""step_ramp_sec"": 1.0, ""step_segment_sec"": 1.5, ""step_sequence_deg"": """", ""step_shape"": ""smoothstep"", ""step_start_sec"": 0.5, ""tail_err_full_deg"": 4.0, ""tail_err_thresh_deg"": 1.5, ""tail_kd"": 0.0949873354562573, ""tail_kp"": 0.0, ""tail_max_control_boost"": 0.0, ""tail_u_max"": 0.0, ""torque_to_current"": 210.0, ""zeta0"": 0.885692967, ""zeta_leak"": 0.0237735451, ""zeta_reset_delay_sec"": 0.0, ""zeta_reset_value"": null, ""zeta_soft"": 0.989185316}"
78,1,1.0,1000229.2910052749,528.0,21.958586,5.349605697419001,6.265708272649513,11.528436886626691,17.394561946010764,1.5792910052748217,0.0,0.10090795454545455,0.8859022287406032,0.9374213725,0.885692967,0.9374213725,0.05172840550000002,0.0023512911604166666,0.016930363825,0.0669567062,0.0,0.0,0.0,1.0,15.996093750275762,5.56683784287106,2.394662138449254,1.0,5.69158541577921,11.447958425133251,12.598559838995605,0.0,0.0,0.0,0.0,0.0,5.349605697419001,11.528436886626691,17.394561946010764,0.0,0,23.358570059999693,/tmp/nussbaum_step_settle120_runs/optuna_t0078_r01.csv,,"{""alpha"": 7.1072835468, ""amplitude_deg"": 10.0, ""baudrate"": 1000000.0, ""command_sign"": -1.0, ""control_output_scale"": 1.0, ""current_bias_raw"": -0.0009003468202037901, ""current_limit_raw"": 0.0, ""default_mode"": 3.0, ""device"": ""/dev/ttyAMA0"", ""disable_anti_windup"": false, ""disable_freeze_nn_on_saturation"": false, ""disable_freeze_zeta_on_saturation"": false, ""disturb_interval_sec"": 30.0, ""disturb_jitter_sec"": 3.0, ""disturb_mode"": ""mixed"", ""disturb_seed"": -1.0, ""disturbance_placement"": ""mid_move"", ""duration"": 22.0, ""dxl_id"": 6.0, ""enable_disturbance"": false, ""frequency_hz"": 0.05, ""fric_coulomb"": 0.0036762324887563407, ""fric_vel_scale"": 0.6790279519894699, ""gamma_adapt"": 8.7187500403, ""gamma_link"": 1.15172597882864, ""integral_limit"": 1.6504936083, ""k_delta"": 0.1625168786036325, ""max_abs_e_dot"": 1.0, ""max_control"": 0.09975392851125317, ""max_current_raw"": 45.0, ""max_current_slew"": 37.95373193262365, ""mid_disturbance_offset_sec"": 0.0, ""no_set_current_mode"": false, ""predict_horizon_sec"": 0.013458042475491377, ""pulse_current_raw_max"": 12.0, ""pulse_current_raw_min"": 4.0, ""pulse_duration_max"": 0.6, ""pulse_duration_min"": 0.15, ""q_abs_guard_deg"": 55.0, ""qd_lpf_alpha"": 0.22608873834921492, ""rate"": 24.0, ""rbf_center_max"": 3.2, ""rbf_center_min"": -3.2, ""rbf_nodes"": 11.0, ""rbf_width"": 1.4631904539, ""ref_jump_deg_max"": 8.0, ""ref_jump_deg_min"": 2.0, ""ref_jump_duration_max"": 0.6, ""ref_jump_duration_min"": 0.15, ""reference_shape"": ""sine"", ""reset_zeta_after_motion"": false, ""reset_zeta_on_segment"": false, ""restore_mode"": false, ""sigma_mod"": 0.2460708825, ""sine_center_mode"": ""lock"", ""soft_start_sec"": 0.0, ""step_absolute_target_deg"": 100.0, ""step_absolute_target_rad"": null, ""step_delta_deg"": -40.0, ""step_ramp_sec"": 1.0, ""step_segment_sec"": 1.5, ""step_sequence_deg"": """", ""step_shape"": ""smoothstep"", ""step_start_sec"": 0.5, ""tail_err_full_deg"": 4.0, ""tail_err_thresh_deg"": 1.5, ""tail_kd"": 0.15438132184116346, ""tail_kp"": 0.0, ""tail_max_control_boost"": 0.0, ""tail_u_max"": 0.0, ""torque_to_current"": 210.0, ""zeta0"": 0.885692967, ""zeta_leak"": 0.0237735451, ""zeta_reset_delay_sec"": 0.0, ""zeta_reset_value"": null, ""zeta_soft"": 0.989185316}"
79,1,1.0,1000137.4019333792,528.0,21.958449,0.747744790426406,1.7631489838281018,3.8788366405732946,8.888491207188224,0.7625980666207469,0.0,0.11200256734006732,0.2294369358700828,1.0621156712,0.8856930391,1.0621156712,0.17642263209999998,0.008019213825378787,0.03585930789,0.1879140126,0.0,0.0,0.0,1.0,0.8261718757949836,1.178244769454639,3.848547675701703,1.0,0.14796183124521517,0.37109375165741176,0.37109375165741176,0.0,0.0,0.0,0.0,0.0,0.747744790426406,3.8788366405732946,8.888491207188224,0.0,0,23.43324652299998,/tmp/nussbaum_step_settle120_runs/optuna_t0079_r01.csv,,"{""alpha"": 7.1072835468, ""amplitude_deg"": 10.0, ""baudrate"": 1000000.0, ""command_sign"": -1.0, ""control_output_scale"": 1.0, ""current_bias_raw"": -0.3132903784820871, ""current_limit_raw"": 0.0, ""default_mode"": 3.0, ""device"": ""/dev/ttyAMA0"", ""disable_anti_windup"": false, ""disable_freeze_nn_on_saturation"": false, ""disable_freeze_zeta_on_saturation"": false, ""disturb_interval_sec"": 30.0, ""disturb_jitter_sec"": 3.0, ""disturb_mode"": ""mixed"", ""disturb_seed"": -1.0, ""disturbance_placement"": ""mid_move"", ""duration"": 22.0, ""dxl_id"": 6.0, ""enable_disturbance"": false, ""frequency_hz"": 0.05, ""fric_coulomb"": 0.00012807442902005098, ""fric_vel_scale"": 0.34746828041647027, ""gamma_adapt"": 8.7187500403, ""gamma_link"": 1.1979736747776997, ""integral_limit"": 1.6504936083, ""k_delta"": 0.12201274447133001, ""max_abs_e_dot"": 1.0, ""max_control"": 0.1906813772167498, ""max_current_raw"": 45.0, ""max_current_slew"": 21.249600891861675, ""mid_disturbance_offset_sec"": 0.0, ""no_set_current_mode"": false, ""predict_horizon_sec"": 0.0040514763853008355, ""pulse_current_raw_max"": 12.0, ""pulse_current_raw_min"": 4.0, ""pulse_duration_max"": 0.6, ""pulse_duration_min"": 0.15, ""q_abs_guard_deg"": 55.0, ""qd_lpf_alpha"": 0.274839398547326, ""rate"": 24.0, ""rbf_center_max"": 3.2, ""rbf_center_min"": -3.2, ""rbf_nodes"": 11.0, ""rbf_width"": 1.4631904539, ""ref_jump_deg_max"": 8.0, ""ref_jump_deg_min"": 2.0, ""ref_jump_duration_max"": 0.6, ""ref_jump_duration_min"": 0.15, ""reference_shape"": ""sine"", ""reset_zeta_after_motion"": false, ""reset_zeta_on_segment"": false, ""restore_mode"": false, ""sigma_mod"": 0.2460708825, ""sine_center_mode"": ""lock"", ""soft_start_sec"": 0.0, ""step_absolute_target_deg"": 100.0, ""step_absolute_target_rad"": null, ""step_delta_deg"": -40.0, ""step_ramp_sec"": 1.0, ""step_segment_sec"": 1.5, ""step_sequence_deg"": """", ""step_shape"": ""smoothstep"", ""step_start_sec"": 0.5, ""tail_err_full_deg"": 4.0, ""tail_err_thresh_deg"": 1.5, ""tail_kd"": 0.026843037733766437, ""tail_kp"": 0.0, ""tail_max_control_boost"": 0.0, ""tail_u_max"": 0.0, ""torque_to_current"": 210.0, ""zeta0"": 0.885692967, ""zeta_leak"": 0.0237735451, ""zeta_reset_delay_sec"": 0.0, ""zeta_reset_value"": null, ""zeta_soft"": 0.989185316}"
80,1,1.0,27.92444371051468,528.0,21.958437999999997,0.7569307277258798,2.1039776843447853,3.46932746132629,13.651568861734411,1.0588359552114166,0.0,0.11906418350168352,0.22518093712520657,1.0818638726,0.885692967,1.0818638726,0.19617090560000006,0.008916859346969697,0.028708615899999998,0.1893147692,0.0,0.0,0.0,1.0,2.0566406240532444,0.7002019465173807,3.7500013392861926,1.0,0.08933204547231621,0.28320312596331015,0.28320312596331015,0.0,0.0,0.0,0.0,0.0,0.7569307277258798,3.46932746132629,13.651568861734411,0.0,0,23.377140079000128,/tmp/nussbaum_step_settle120_runs/optuna_t0080_r01.csv,,"{""alpha"": 7.1072835468, ""amplitude_deg"": 10.0, ""baudrate"": 1000000.0, ""command_sign"": -1.0, ""control_output_scale"": 1.0, ""current_bias_raw"": 1.2110691861834284, ""current_limit_raw"": 0.0, ""default_mode"": 3.0, ""device"": ""/dev/ttyAMA0"", ""disable_anti_windup"": false, ""disable_freeze_nn_on_saturation"": false, ""disable_freeze_zeta_on_saturation"": false, ""disturb_interval_sec"": 30.0, ""disturb_jitter_sec"": 3.0, ""disturb_mode"": ""mixed"", ""disturb_seed"": -1.0, ""disturbance_placement"": ""mid_move"", ""duration"": 22.0, ""dxl_id"": 6.0, ""enable_disturbance"": false, ""frequency_hz"": 0.05, ""fric_coulomb"": 0.001160939628322434, ""fric_vel_scale"": 0.9980818560916856, ""gamma_adapt"": 8.7187500403, ""gamma_link"": 1.0055117962100857, ""integral_limit"": 1.6504936083, ""k_delta"": 0.09398215445309693, ""max_abs_e_dot"": 1.0, ""max_control"": 0.19651684387297555, ""max_current_raw"": 45.0, ""max_current_slew"": 17.432797190281626, ""mid_disturbance_offset_sec"": 0.0, ""no_set_current_mode"": false, ""predict_horizon_sec"": 0.009825522086170659, ""pulse_current_raw_max"": 12.0, ""pulse_current_raw_min"": 4.0, ""pulse_duration_max"": 0.6, ""pulse_duration_min"": 0.15, ""q_abs_guard_deg"": 55.0, ""qd_lpf_alpha"": 0.1967046243051241, ""rate"": 24.0, ""rbf_center_max"": 3.2, ""rbf_center_min"": -3.2, ""rbf_nodes"": 11.0, ""rbf_width"": 1.4631904539, ""ref_jump_deg_max"": 8.0, ""ref_jump_deg_min"": 2.0, ""ref_jump_duration_max"": 0.6, ""ref_jump_duration_min"": 0.15, ""reference_shape"": ""sine"", ""reset_zeta_after_motion"": false, ""reset_zeta_on_segment"": false, ""restore_mode"": false, ""sigma_mod"": 0.2460708825, ""sine_center_mode"": ""lock"", ""soft_start_sec"": 0.0, ""step_absolute_target_deg"": 100.0, ""step_absolute_target_rad"": null, ""step_delta_deg"": -40.0, ""step_ramp_sec"": 1.0, ""step_segment_sec"": 1.5, ""step_sequence_deg"": """", ""step_shape"": ""smoothstep"", ""step_start_sec"": 0.5, ""tail_err_full_deg"": 4.0, ""tail_err_thresh_deg"": 1.5, ""tail_kd"": 0.08008912850882428, ""tail_kp"": 0.0, ""tail_max_control_boost"": 0.0, ""tail_u_max"": 0.0, ""torque_to_current"": 210.0, ""zeta0"": 0.885692967, ""zeta_leak"": 0.0237735451, ""zeta_reset_delay_sec"": 0.0, ""zeta_reset_value"": null, ""zeta_soft"": 0.989185316}"
81,1,1.0,1000496.9745082643,528.0,21.958439000000002,5.683312833484429,6.78407513253512,12.490474468694014,22.13064507219151,1.8469745082642788,0.0,0.10675008417508416,0.8746825340241882,1.0108306555,0.885692967,1.0108306555,0.12513768849999996,0.005688076749431819,0.054661687929999966,0.1399456451,0.0,0.0,0.0,1.0,15.416015626424283,5.734370283926631,2.5543227282465626,1.0,5.207530581241568,8.42339825462787,9.257697630138898,0.0,0.0,0.0,0.0,0.0,5.683312833484429,12.490474468694014,22.13064507219151,0.0,0,23.38817513399954,/tmp/nussbaum_step_settle120_runs/optuna_t0081_r01.csv,,"{""alpha"": 7.1072835468, ""amplitude_deg"": 10.0, ""baudrate"": 1000000.0, ""command_sign"": -1.0, ""control_output_scale"": 1.0, ""current_bias_raw"": 0.07926463950845714, ""current_limit_raw"": 0.0, ""default_mode"": 3.0, ""device"": ""/dev/ttyAMA0"", ""disable_anti_windup"": false, ""disable_freeze_nn_on_saturation"": false, ""disable_freeze_zeta_on_saturation"": false, ""disturb_interval_sec"": 30.0, ""disturb_jitter_sec"": 3.0, ""disturb_mode"": ""mixed"", ""disturb_seed"": -1.0, ""disturbance_placement"": ""mid_move"", ""duration"": 22.0, ""dxl_id"": 6.0, ""enable_disturbance"": false, ""frequency_hz"": 0.05, ""fric_coulomb"": 0.001403946533057555, ""fric_vel_scale"": 0.44635932277485285, ""gamma_adapt"": 8.7187500403, ""gamma_link"": 1.1882504788939061, ""integral_limit"": 1.6504936083, ""k_delta"": 0.15267059176873085, ""max_abs_e_dot"": 1.0, ""max_control"": 0.17867715541480406, ""max_current_raw"": 45.0, ""max_current_slew"": 41.56923630187302, ""mid_disturbance_offset_sec"": 0.0, ""no_set_current_mode"": false, ""predict_horizon_sec"": 0.014760559760382028, ""pulse_current_raw_max"": 12.0, ""pulse_current_raw_min"": 4.0, ""pulse_duration_max"": 0.6, ""pulse_duration_min"": 0.15, ""q_abs_guard_deg"": 55.0, ""qd_lpf_alpha"": 0.2660245972645821, ""rate"": 24.0, ""rbf_center_max"": 3.2, ""rbf_center_min"": -3.2, ""rbf_nodes"": 11.0, ""rbf_width"": 1.4631904539, ""ref_jump_deg_max"": 8.0, ""ref_jump_deg_min"": 2.0, ""ref_jump_duration_max"": 0.6, ""ref_jump_duration_min"": 0.15, ""reference_shape"": ""sine"", ""reset_zeta_after_motion"": false, ""reset_zeta_on_segment"": false, ""restore_mode"": false, ""sigma_mod"": 0.2460708825, ""sine_center_mode"": ""lock"", ""soft_start_sec"": 0.0, ""step_absolute_target_deg"": 100.0, ""step_absolute_target_rad"": null, ""step_delta_deg"": -40.0, ""step_ramp_sec"": 1.0, ""step_segment_sec"": 1.5, ""step_sequence_deg"": """", ""step_shape"": ""smoothstep"", ""step_start_sec"": 0.5, ""tail_err_full_deg"": 4.0, ""tail_err_thresh_deg"": 1.5, ""tail_kd"": 0.17630151683392817, ""tail_kp"": 0.0, ""tail_max_control_boost"": 0.0, ""tail_u_max"": 0.0, ""torque_to_current"": 210.0, ""zeta0"": 0.885692967, ""zeta_leak"": 0.0237735451, ""zeta_reset_delay_sec"": 0.0, ""zeta_reset_value"": null, ""zeta_soft"": 0.989185316}"
82,1,1.0,87.66288177773903,528.0,21.958579,4.464891098550302,5.18724792320959,9.683685949620989,12.20022206450086,1.2090787208706666,0.0,0.09213762626262627,0.8323255561786183,1.2149851273,0.885692967,1.2149851273,0.3292921603000001,0.01496782546969697,0.09212512954499999,0.2390814196,0.0,0.0,0.0,1.0,15.205078124758472,5.159406471898202,2.2350174012069095,1.0,4.619657252160671,10.087363464448025,12.20022206450086,0.0,0.0,0.0,0.0,0.0,4.464891098550302,9.683685949620989,12.20022206450086,0.0,0,23.381314152000414,/tmp/nussbaum_step_settle120_runs/optuna_t0082_r01.csv,,"{""alpha"": 7.1072835468, ""amplitude_deg"": 10.0, ""baudrate"": 1000000.0, ""command_sign"": -1.0, ""control_output_scale"": 1.0, ""current_bias_raw"": 1.0953457508666284, ""current_limit_raw"": 0.0, ""default_mode"": 3.0, ""device"": ""/dev/ttyAMA0"", ""disable_anti_windup"": false, ""disable_freeze_nn_on_saturation"": false, ""disable_freeze_zeta_on_saturation"": false, ""disturb_interval_sec"": 30.0, ""disturb_jitter_sec"": 3.0, ""disturb_mode"": ""mixed"", ""disturb_seed"": -1.0, ""disturbance_placement"": ""mid_move"", ""duration"": 22.0, ""dxl_id"": 6.0, ""enable_disturbance"": false, ""frequency_hz"": 0.05, ""fric_coulomb"": 0.0006413283724387458, ""fric_vel_scale"": 0.6988376031351412, ""gamma_adapt"": 8.7187500403, ""gamma_link"": 1.1533754846947535, ""integral_limit"": 1.6504936083, ""k_delta"": 0.15138751037281367, ""max_abs_e_dot"": 1.0, ""max_control"": 0.2150364151113973, ""max_current_raw"": 45.0, ""max_current_slew"": 31.163959809912114, ""mid_disturbance_offset_sec"": 0.0, ""no_set_current_mode"": false, ""predict_horizon_sec"": 0.0029806025250388784, ""pulse_current_raw_max"": 12.0, ""pulse_current_raw_min"": 4.0, ""pulse_duration_max"": 0.6, ""pulse_duration_min"": 0.15, ""q_abs_guard_deg"": 55.0, ""qd_lpf_alpha"": 0.21514558853434823, ""rate"": 24.0, ""rbf_center_max"": 3.2, ""rbf_center_min"": -3.2, ""rbf_nodes"": 11.0, ""rbf_width"": 1.4631904539, ""ref_jump_deg_max"": 8.0, ""ref_jump_deg_min"": 2.0, ""ref_jump_duration_max"": 0.6, ""ref_jump_duration_min"": 0.15, ""reference_shape"": ""sine"", ""reset_zeta_after_motion"": false, ""reset_zeta_on_segment"": false, ""restore_mode"": false, ""sigma_mod"": 0.2460708825, ""sine_center_mode"": ""lock"", ""soft_start_sec"": 0.0, ""step_absolute_target_deg"": 100.0, ""step_absolute_target_rad"": null, ""step_delta_deg"": -40.0, ""step_ramp_sec"": 1.0, ""step_segment_sec"": 1.5, ""step_sequence_deg"": """", ""step_shape"": ""smoothstep"", ""step_start_sec"": 0.5, ""tail_err_full_deg"": 4.0, ""tail_err_thresh_deg"": 1.5, ""tail_kd"": 0.09393368875190908, ""tail_kp"": 0.0, ""tail_max_control_boost"": 0.0, ""tail_u_max"": 0.0, ""torque_to_current"": 210.0, ""zeta0"": 0.885692967, ""zeta_leak"": 0.0237735451, ""zeta_reset_delay_sec"": 0.0, ""zeta_reset_value"": null, ""zeta_soft"": 0.989185316}"
83,1,1.0,70.70969969958894,528.0,21.958437,4.031342389889451,4.683631815110057,7.64538355341984,14.218529135201035,1.3108534131564589,0.0,0.08310892255892256,0.732621054416732,1.2497033341,0.885692967,1.2497033341,0.3640103670999999,0.016545925777272725,0.079698938185,0.2262868541,0.0,0.0,0.0,1.0,11.7773437456068,4.367323686758361,1.862526989346452,1.0,4.063248464054543,7.1523591383894125,7.7505640867147685,0.0,0.0,0.0,0.0,0.0,4.031342389889451,7.64538355341984,14.218529135201035,0.0,0,23.46008739300032,/tmp/nussbaum_step_settle120_runs/optuna_t0083_r01.csv,,"{""alpha"": 7.1072835468, ""amplitude_deg"": 10.0, ""baudrate"": 1000000.0, ""command_sign"": -1.0, ""control_output_scale"": 1.0, ""current_bias_raw"": 0.7522728326149193, ""current_limit_raw"": 0.0, ""default_mode"": 3.0, ""device"": ""/dev/ttyAMA0"", ""disable_anti_windup"": false, ""disable_freeze_nn_on_saturation"": false, ""disable_freeze_zeta_on_saturation"": false, ""disturb_interval_sec"": 30.0, ""disturb_jitter_sec"": 3.0, ""disturb_mode"": ""mixed"", ""disturb_seed"": -1.0, ""disturbance_placement"": ""mid_move"", ""duration"": 22.0, ""dxl_id"": 6.0, ""enable_disturbance"": false, ""frequency_hz"": 0.05, ""fric_coulomb"": 0.0005537836022216382, ""fric_vel_scale"": 0.8665288997720756, ""gamma_adapt"": 8.7187500403, ""gamma_link"": 0.9143285245355457, ""integral_limit"": 1.6504936083, ""k_delta"": 0.08671292822861318, ""max_abs_e_dot"": 1.0, ""max_control"": 0.18648747864179302, ""max_current_raw"": 45.0, ""max_current_slew"": 20.872567198249996, ""mid_disturbance_offset_sec"": 0.0, ""no_set_current_mode"": false, ""predict_horizon_sec"": 0.012504966758403272, ""pulse_current_raw_max"": 12.0, ""pulse_current_raw_min"": 4.0, ""pulse_duration_max"": 0.6, ""pulse_duration_min"": 0.15, ""q_abs_guard_deg"": 55.0, ""qd_lpf_alpha"": 0.15992588741980424, ""rate"": 24.0, ""rbf_center_max"": 3.2, ""rbf_center_min"": -3.2, ""rbf_nodes"": 11.0, ""rbf_width"": 1.4631904539, ""ref_jump_deg_max"": 8.0, ""ref_jump_deg_min"": 2.0, ""ref_jump_duration_max"": 0.6, ""ref_jump_duration_min"": 0.15, ""reference_shape"": ""sine"", ""reset_zeta_after_motion"": false, ""reset_zeta_on_segment"": false, ""restore_mode"": false, ""sigma_mod"": 0.2460708825, ""sine_center_mode"": ""lock"", ""soft_start_sec"": 0.0, ""step_absolute_target_deg"": 100.0, ""step_absolute_target_rad"": null, ""step_delta_deg"": -40.0, ""step_ramp_sec"": 1.0, ""step_segment_sec"": 1.5, ""step_sequence_deg"": """", ""step_shape"": ""smoothstep"", ""step_start_sec"": 0.5, ""tail_err_full_deg"": 4.0, ""tail_err_thresh_deg"": 1.5, ""tail_kd"": 0.10886216385221326, ""tail_kp"": 0.0, ""tail_max_control_boost"": 0.0, ""tail_u_max"": 0.0, ""torque_to_current"": 210.0, ""zeta0"": 0.885692967, ""zeta_leak"": 0.0237735451, ""zeta_reset_delay_sec"": 0.0, ""zeta_reset_value"": null, ""zeta_soft"": 0.989185316}"
84,1,1.0,1000125.8637552876,528.0,21.958443000000003,1.290318994536338,2.0783220034048995,4.7630320236144215,6.042460715048088,1.4758637552876002,0.0,0.1144496212121212,0.282479261585075,1.0568115388,0.885692967,1.0568115388,0.1711185717999999,0.007778116903219698,0.03341415082999997,0.08792847,0.0,0.0,0.0,1.0,6.6445312509078605,1.7336160885843508,1.825506394131448,1.0,0.36408491514928826,1.4697265613745263,1.5136718742215771,0.0,0.0,0.0,0.0,0.0,1.290318994536338,4.7630320236144215,6.042460715048088,0.0,0,23.375755504999688,/tmp/nussbaum_step_settle120_runs/optuna_t0084_r01.csv,,"{""alpha"": 7.1072835468, ""amplitude_deg"": 10.0, ""baudrate"": 1000000.0, ""command_sign"": -1.0, ""control_output_scale"": 1.0, ""current_bias_raw"": -0.506622683055362, ""current_limit_raw"": 0.0, ""default_mode"": 3.0, ""device"": ""/dev/ttyAMA0"", ""disable_anti_windup"": false, ""disable_freeze_nn_on_saturation"": false, ""disable_freeze_zeta_on_saturation"": false, ""disturb_interval_sec"": 30.0, ""disturb_jitter_sec"": 3.0, ""disturb_mode"": ""mixed"", ""disturb_seed"": -1.0, ""disturbance_placement"": ""mid_move"", ""duration"": 22.0, ""dxl_id"": 6.0, ""enable_disturbance"": false, ""frequency_hz"": 0.05, ""fric_coulomb"": 0.0027991284665752664, ""fric_vel_scale"": 0.4364686574171147, ""gamma_adapt"": 8.7187500403, ""gamma_link"": 0.9085923655273953, ""integral_limit"": 1.6504936083, ""k_delta"": 0.06987134072680701, ""max_abs_e_dot"": 1.0, ""max_control"": 0.13889008895169647, ""max_current_raw"": 45.0, ""max_current_slew"": 8.332961647949105, ""mid_disturbance_offset_sec"": 0.0, ""no_set_current_mode"": false, ""predict_horizon_sec"": 0.00390764594974365, ""pulse_current_raw_max"": 12.0, ""pulse_current_raw_min"": 4.0, ""pulse_duration_max"": 0.6, ""pulse_duration_min"": 0.15, ""q_abs_guard_deg"": 55.0, ""qd_lpf_alpha"": 0.19957680592603835, ""rate"": 24.0, ""rbf_center_max"": 3.2, ""rbf_center_min"": -3.2, ""rbf_nodes"": 11.0, ""rbf_width"": 1.4631904539, ""ref_jump_deg_max"": 8.0, ""ref_jump_deg_min"": 2.0, ""ref_jump_duration_max"": 0.6, ""ref_jump_duration_min"": 0.15, ""reference_shape"": ""sine"", ""reset_zeta_after_motion"": false, ""reset_zeta_on_segment"": false, ""restore_mode"": false, ""sigma_mod"": 0.2460708825, ""sine_center_mode"": ""lock"", ""soft_start_sec"": 0.0, ""step_absolute_target_deg"": 100.0, ""step_absolute_target_rad"": null, ""step_delta_deg"": -40.0, ""step_ramp_sec"": 1.0, ""step_segment_sec"": 1.5, ""step_sequence_deg"": """", ""step_shape"": ""smoothstep"", ""step_start_sec"": 0.5, ""tail_err_full_deg"": 4.0, ""tail_err_thresh_deg"": 1.5, ""tail_kd"": 0.07809364276669564, ""tail_kp"": 0.0, ""tail_max_control_boost"": 0.0, ""tail_u_max"": 0.0, ""torque_to_current"": 210.0, ""zeta0"": 0.885692967, ""zeta_leak"": 0.0237735451, ""zeta_reset_delay_sec"": 0.0, ""zeta_reset_value"": null, ""zeta_soft"": 0.989185316}"
85,1,1.0,43.82929370557695,528.0,21.958444,1.9609629367720698,2.443165891756007,4.441397906808923,9.322098241010208,0.9326428294879215,0.0,0.0752659090909091,0.5122522982443992,1.456418108,0.885692967,1.4369848856,0.5512919186,0.0250587235717803,0.11204376615999996,0.2292235359,0.0,0.0,0.0,1.0,7.0664062519477255,2.091354547626813,2.037734195800558,1.0,1.5374032471772905,3.106758936059829,4.624633902615771,0.0,0.0,0.0,0.0,0.0,1.9609629367720698,4.441397906808923,9.322098241010208,0.0,0,23.504092318999938,/tmp/nussbaum_step_settle120_runs/optuna_t0085_r01.csv,,"{""alpha"": 7.1072835468, ""amplitude_deg"": 10.0, ""baudrate"": 1000000.0, ""command_sign"": -1.0, ""control_output_scale"": 1.0, ""current_bias_raw"": 0.8568490342643191, ""current_limit_raw"": 0.0, ""default_mode"": 3.0, ""device"": ""/dev/ttyAMA0"", ""disable_anti_windup"": false, ""disable_freeze_nn_on_saturation"": false, ""disable_freeze_zeta_on_saturation"": false, ""disturb_interval_sec"": 30.0, ""disturb_jitter_sec"": 3.0, ""disturb_mode"": ""mixed"", ""disturb_seed"": -1.0, ""disturbance_placement"": ""mid_move"", ""duration"": 22.0, ""dxl_id"": 6.0, ""enable_disturbance"": false, ""frequency_hz"": 0.05, ""fric_coulomb"": 0.0038053469539957247, ""fric_vel_scale"": 0.8018510180936622, ""gamma_adapt"": 8.7187500403, ""gamma_link"": 1.0665058387274027, ""integral_limit"": 1.6504936083, ""k_delta"": 0.13562864983129694, ""max_abs_e_dot"": 1.0, ""max_control"": 0.20446014630981899, ""max_current_raw"": 45.0, ""max_current_slew"": 21.705595787352703, ""mid_disturbance_offset_sec"": 0.0, ""no_set_current_mode"": false, ""predict_horizon_sec"": 0.007603562982754346, ""pulse_current_raw_max"": 12.0, ""pulse_current_raw_min"": 4.0, ""pulse_duration_max"": 0.6, ""pulse_duration_min"": 0.15, ""q_abs_guard_deg"": 55.0, ""qd_lpf_alpha"": 0.2784284384369036, ""rate"": 24.0, ""rbf_center_max"": 3.2, ""rbf_center_min"": -3.2, ""rbf_nodes"": 11.0, ""rbf_width"": 1.4631904539, ""ref_jump_deg_max"": 8.0, ""ref_jump_deg_min"": 2.0, ""ref_jump_duration_max"": 0.6, ""ref_jump_duration_min"": 0.15, ""reference_shape"": ""sine"", ""reset_zeta_after_motion"": false, ""reset_zeta_on_segment"": false, ""restore_mode"": false, ""sigma_mod"": 0.2460708825, ""sine_center_mode"": ""lock"", ""soft_start_sec"": 0.0, ""step_absolute_target_deg"": 100.0, ""step_absolute_target_rad"": null, ""step_delta_deg"": -40.0, ""step_ramp_sec"": 1.0, ""step_segment_sec"": 1.5, ""step_sequence_deg"": """", ""step_shape"": ""smoothstep"", ""step_start_sec"": 0.5, ""tail_err_full_deg"": 4.0, ""tail_err_thresh_deg"": 1.5, ""tail_kd"": 0.12723414100373664, ""tail_kp"": 0.0, ""tail_max_control_boost"": 0.0, ""tail_u_max"": 0.0, ""torque_to_current"": 210.0, ""zeta0"": 0.885692967, ""zeta_leak"": 0.0237735451, ""zeta_reset_delay_sec"": 0.0, ""zeta_reset_value"": null, ""zeta_soft"": 0.989185316}"
86,1,1.0,1000221.3910246743,528.0,21.958583,1.1573521408415048,1.8623090708309777,4.226871322456909,7.482636852088026,1.571391024674285,0.0,0.11343733164983164,0.29838200119959235,1.1354430502,0.885692967,1.1354430502,0.24975008319999992,0.01135227650965909,0.057605700844999996,0.1452709789,0.0,0.0,0.0,1.0,5.0097656244567474,1.2829868388381134,3.2036120236880503,1.0,0.22637884551326753,0.7225950596765094,0.8822472540585155,0.0,0.0,0.0,0.0,0.0,1.1573521408415048,4.226871322456909,7.482636852088026,0.0,0,23.38195302300028,/tmp/nussbaum_step_settle120_runs/optuna_t0086_r01.csv,,"{""alpha"": 7.1072835468, ""amplitude_deg"": 10.0, ""baudrate"": 1000000.0, ""command_sign"": -1.0, ""control_output_scale"": 1.0, ""current_bias_raw"": 1.3091884217986138, ""current_limit_raw"": 0.0, ""default_mode"": 3.0, ""device"": ""/dev/ttyAMA0"", ""disable_anti_windup"": false, ""disable_freeze_nn_on_saturation"": false, ""disable_freeze_zeta_on_saturation"": false, ""disturb_interval_sec"": 30.0, ""disturb_jitter_sec"": 3.0, ""disturb_mode"": ""mixed"", ""disturb_seed"": -1.0, ""disturbance_placement"": ""mid_move"", ""duration"": 22.0, ""dxl_id"": 6.0, ""enable_disturbance"": false, ""frequency_hz"": 0.05, ""fric_coulomb"": 0.0029203658594624637, ""fric_vel_scale"": 1.6500604170140512, ""gamma_adapt"": 8.7187500403, ""gamma_link"": 0.9711318487217064, ""integral_limit"": 1.6504936083, ""k_delta"": 0.09804762281915581, ""max_abs_e_dot"": 1.0, ""max_control"": 0.18388154368007767, ""max_current_raw"": 45.0, ""max_current_slew"": 12.528947836154778, ""mid_disturbance_offset_sec"": 0.0, ""no_set_current_mode"": false, ""predict_horizon_sec"": 0.010714294669816314, ""pulse_current_raw_max"": 12.0, ""pulse_current_raw_min"": 4.0, ""pulse_duration_max"": 0.6, ""pulse_duration_min"": 0.15, ""q_abs_guard_deg"": 55.0, ""qd_lpf_alpha"": 0.21155430058160335, ""rate"": 24.0, ""rbf_center_max"": 3.2, ""rbf_center_min"": -3.2, ""rbf_nodes"": 11.0, ""rbf_width"": 1.4631904539, ""ref_jump_deg_max"": 8.0, ""ref_jump_deg_min"": 2.0, ""ref_jump_duration_max"": 0.6, ""ref_jump_duration_min"": 0.15, ""reference_shape"": ""sine"", ""reset_zeta_after_motion"": false, ""reset_zeta_on_segment"": false, ""restore_mode"": false, ""sigma_mod"": 0.2460708825, ""sine_center_mode"": ""lock"", ""soft_start_sec"": 0.0, ""step_absolute_target_deg"": 100.0, ""step_absolute_target_rad"": null, ""step_delta_deg"": -40.0, ""step_ramp_sec"": 1.0, ""step_segment_sec"": 1.5, ""step_sequence_deg"": """", ""step_shape"": ""smoothstep"", ""step_start_sec"": 0.5, ""tail_err_full_deg"": 4.0, ""tail_err_thresh_deg"": 1.5, ""tail_kd"": 0.062396472882920315, ""tail_kp"": 0.0, ""tail_max_control_boost"": 0.0, ""tail_u_max"": 0.0, ""torque_to_current"": 210.0, ""zeta0"": 0.885692967, ""zeta_leak"": 0.0237735451, ""zeta_reset_delay_sec"": 0.0, ""zeta_reset_value"": null, ""zeta_soft"": 0.989185316}"
87,1,1.0,1000002.1300534144,528.0,21.958432000000002,0.5679752273340476,1.180496137014255,2.4669841919970232,5.719130472714056,0.8978699465855876,0.0,0.14615719696969695,0.23652645543244252,1.0925488226,0.885692967,1.0925488226,0.20685585559999997,0.009402538889393939,0.015680135699999948,0.1479360638,0.0,0.0,0.0,1.0,1.3535156242300133,0.44479777814744126,3.23684764197623,1.0,0.051963215519460836,0.1074218745751069,0.1074218745751069,0.0,0.0,0.0,0.0,0.0,0.5679752273340476,2.4669841919970232,5.719130472714056,0.0,0,23.391028801000175,/tmp/nussbaum_step_settle120_runs/optuna_t0087_r01.csv,,"{""alpha"": 7.1072835468, ""amplitude_deg"": 10.0, ""baudrate"": 1000000.0, ""command_sign"": -1.0, ""control_output_scale"": 1.0, ""current_bias_raw"": 0.9729117997949354, ""current_limit_raw"": 0.0, ""default_mode"": 3.0, ""device"": ""/dev/ttyAMA0"", ""disable_anti_windup"": false, ""disable_freeze_nn_on_saturation"": false, ""disable_freeze_zeta_on_saturation"": false, ""disturb_interval_sec"": 30.0, ""disturb_jitter_sec"": 3.0, ""disturb_mode"": ""mixed"", ""disturb_seed"": -1.0, ""disturbance_placement"": ""mid_move"", ""duration"": 22.0, ""dxl_id"": 6.0, ""enable_disturbance"": false, ""frequency_hz"": 0.05, ""fric_coulomb"": 0.008033138423091894, ""fric_vel_scale"": 1.4378722667370107, ""gamma_adapt"": 8.7187500403, ""gamma_link"": 0.9980100561379872, ""integral_limit"": 1.6504936083, ""k_delta"": 0.12250451236577521, ""max_abs_e_dot"": 1.0, ""max_control"": 0.18227821430774116, ""max_current_raw"": 45.0, ""max_current_slew"": 16.103536615289997, ""mid_disturbance_offset_sec"": 0.0, ""no_set_current_mode"": false, ""predict_horizon_sec"": 0.007101360294371593, ""pulse_current_raw_max"": 12.0, ""pulse_current_raw_min"": 4.0, ""pulse_duration_max"": 0.6, ""pulse_duration_min"": 0.15, ""q_abs_guard_deg"": 55.0, ""qd_lpf_alpha"": 0.26911110549384526, ""rate"": 24.0, ""rbf_center_max"": 3.2, ""rbf_center_min"": -3.2, ""rbf_nodes"": 11.0, ""rbf_width"": 1.4631904539, ""ref_jump_deg_max"": 8.0, ""ref_jump_deg_min"": 2.0, ""ref_jump_duration_max"": 0.6, ""ref_jump_duration_min"": 0.15, ""reference_shape"": ""sine"", ""reset_zeta_after_motion"": false, ""reset_zeta_on_segment"": false, ""restore_mode"": false, ""sigma_mod"": 0.2460708825, ""sine_center_mode"": ""lock"", ""soft_start_sec"": 0.0, ""step_absolute_target_deg"": 100.0, ""step_absolute_target_rad"": null, ""step_delta_deg"": -40.0, ""step_ramp_sec"": 1.0, ""step_segment_sec"": 1.5, ""step_sequence_deg"": """", ""step_shape"": ""smoothstep"", ""step_start_sec"": 0.5, ""tail_err_full_deg"": 4.0, ""tail_err_thresh_deg"": 1.5, ""tail_kd"": 0.12861154133248476, ""tail_kp"": 0.0, ""tail_max_control_boost"": 0.0, ""tail_u_max"": 0.0, ""torque_to_current"": 210.0, ""zeta0"": 0.885692967, ""zeta_leak"": 0.0237735451, ""zeta_reset_delay_sec"": 0.0, ""zeta_reset_value"": null, ""zeta_soft"": 0.989185316}"
88,1,1.0,63.38500122223095,528.0,21.958535,2.681464403597533,3.412308385514417,7.687844807315241,10.429152458884667,0.9843436140418703,0.0,0.08427550505050505,0.7103096655344955,1.2776591118,0.885692967,1.2773499266,0.3916569595999999,0.017802589071401514,0.06936896723999998,0.1256310801,0.0,0.0,0.0,1.0,10.757812499014378,3.04620225909223,2.4478844079182247,1.0,2.4418884444971587,6.920691053678189,8.447539301339745,0.0,0.0,0.0,0.0,0.0,2.681464403597533,7.687844807315241,10.429152458884667,0.0,0,23.389767374999792,/tmp/nussbaum_step_settle120_runs/optuna_t0088_r01.csv,,"{""alpha"": 7.1072835468, ""amplitude_deg"": 10.0, ""baudrate"": 1000000.0, ""command_sign"": -1.0, ""control_output_scale"": 1.0, ""current_bias_raw"": 0.9545498722857895, ""current_limit_raw"": 0.0, ""default_mode"": 3.0, ""device"": ""/dev/ttyAMA0"", ""disable_anti_windup"": false, ""disable_freeze_nn_on_saturation"": false, ""disable_freeze_zeta_on_saturation"": false, ""disturb_interval_sec"": 30.0, ""disturb_jitter_sec"": 3.0, ""disturb_mode"": ""mixed"", ""disturb_seed"": -1.0, ""disturbance_placement"": ""mid_move"", ""duration"": 22.0, ""dxl_id"": 6.0, ""enable_disturbance"": false, ""frequency_hz"": 0.05, ""fric_coulomb"": 0.0011179280233595441, ""fric_vel_scale"": 0.3580627726169772, ""gamma_adapt"": 8.7187500403, ""gamma_link"": 1.032836988888901, ""integral_limit"": 1.6504936083, ""k_delta"": 0.10464723989377935, ""max_abs_e_dot"": 1.0, ""max_control"": 0.15553902035263384, ""max_current_raw"": 45.0, ""max_current_slew"": 23.684921020828856, ""mid_disturbance_offset_sec"": 0.0, ""no_set_current_mode"": false, ""predict_horizon_sec"": 0.011674235312237598, ""pulse_current_raw_max"": 12.0, ""pulse_current_raw_min"": 4.0, ""pulse_duration_max"": 0.6, ""pulse_duration_min"": 0.15, ""q_abs_guard_deg"": 55.0, ""qd_lpf_alpha"": 0.2472266557713523, ""rate"": 24.0, ""rbf_center_max"": 3.2, ""rbf_center_min"": -3.2, ""rbf_nodes"": 11.0, ""rbf_width"": 1.4631904539, ""ref_jump_deg_max"": 8.0, ""ref_jump_deg_min"": 2.0, ""ref_jump_duration_max"": 0.6, ""ref_jump_duration_min"": 0.15, ""reference_shape"": ""sine"", ""reset_zeta_after_motion"": false, ""reset_zeta_on_segment"": false, ""restore_mode"": false, ""sigma_mod"": 0.2460708825, ""sine_center_mode"": ""lock"", ""soft_start_sec"": 0.0, ""step_absolute_target_deg"": 100.0, ""step_absolute_target_rad"": null, ""step_delta_deg"": -40.0, ""step_ramp_sec"": 1.0, ""step_segment_sec"": 1.5, ""step_sequence_deg"": """", ""step_shape"": ""smoothstep"", ""step_start_sec"": 0.5, ""tail_err_full_deg"": 4.0, ""tail_err_thresh_deg"": 1.5, ""tail_kd"": 0.05922937720777374, ""tail_kp"": 0.0, ""tail_max_control_boost"": 0.0, ""tail_u_max"": 0.0, ""torque_to_current"": 210.0, ""zeta0"": 0.885692967, ""zeta_leak"": 0.0237735451, ""zeta_reset_delay_sec"": 0.0, ""zeta_reset_value"": null, ""zeta_soft"": 0.989185316}"
89,1,1.0,1000398.2273817748,528.0,21.958444,0.6823579540302516,1.5038725976959857,3.319303812378217,7.7399661895106355,0.9877017234441415,0.0,0.11844945286195288,0.18520729236268935,1.0625281966,0.885692967,1.0625281966,0.17683522959999998,0.008037964984280303,0.012107492514999988,0.1785541539,0.0,0.0,0.0,1.0,1.4414062499240998,0.5036347861644802,7.982273817748086,1.0,0.039170470115111086,0.06835937681309637,0.06845656764388441,0.0,0.0,0.0,0.0,0.0,0.6823579540302516,3.319303812378217,7.7399661895106355,0.0,0,23.45838622699921,/tmp/nussbaum_step_settle120_runs/optuna_t0089_r01.csv,,"{""alpha"": 7.1072835468, ""amplitude_deg"": 10.0, ""baudrate"": 1000000.0, ""command_sign"": -1.0, ""control_output_scale"": 1.0, ""current_bias_raw"": 0.6085553683950314, ""current_limit_raw"": 0.0, ""default_mode"": 3.0, ""device"": ""/dev/ttyAMA0"", ""disable_anti_windup"": false, ""disable_freeze_nn_on_saturation"": false, ""disable_freeze_zeta_on_saturation"": false, ""disturb_interval_sec"": 30.0, ""disturb_jitter_sec"": 3.0, ""disturb_mode"": ""mixed"", ""disturb_seed"": -1.0, ""disturbance_placement"": ""mid_move"", ""duration"": 22.0, ""dxl_id"": 6.0, ""enable_disturbance"": false, ""frequency_hz"": 0.05, ""fric_coulomb"": 0.004755701678025618, ""fric_vel_scale"": 0.7108230920179174, ""gamma_adapt"": 8.7187500403, ""gamma_link"": 1.0441315339053596, ""integral_limit"": 1.6504936083, ""k_delta"": 0.1309171388236647, ""max_abs_e_dot"": 1.0, ""max_control"": 0.2130413983318987, ""max_current_raw"": 45.0, ""max_current_slew"": 15.226428551500053, ""mid_disturbance_offset_sec"": 0.0, ""no_set_current_mode"": false, ""predict_horizon_sec"": 0.009294735833892951, ""pulse_current_raw_max"": 12.0, ""pulse_current_raw_min"": 4.0, ""pulse_duration_max"": 0.6, ""pulse_duration_min"": 0.15, ""q_abs_guard_deg"": 55.0, ""qd_lpf_alpha"": 0.2675810325343994, ""rate"": 24.0, ""rbf_center_max"": 3.2, ""rbf_center_min"": -3.2, ""rbf_nodes"": 11.0, ""rbf_width"": 1.4631904539, ""ref_jump_deg_max"": 8.0, ""ref_jump_deg_min"": 2.0, ""ref_jump_duration_max"": 0.6, ""ref_jump_duration_min"": 0.15, ""reference_shape"": ""sine"", ""reset_zeta_after_motion"": false, ""reset_zeta_on_segment"": false, ""restore_mode"": false, ""sigma_mod"": 0.2460708825, ""sine_center_mode"": ""lock"", ""soft_start_sec"": 0.0, ""step_absolute_target_deg"": 100.0, ""step_absolute_target_rad"": null, ""step_delta_deg"": -40.0, ""step_ramp_sec"": 1.0, ""step_segment_sec"": 1.5, ""step_sequence_deg"": """", ""step_shape"": ""smoothstep"", ""step_start_sec"": 0.5, ""tail_err_full_deg"": 4.0, ""tail_err_thresh_deg"": 1.5, ""tail_kd"": 0.06408940510172367, ""tail_kp"": 0.0, ""tail_max_control_boost"": 0.0, ""tail_u_max"": 0.0, ""torque_to_current"": 210.0, ""zeta0"": 0.885692967, ""zeta_leak"": 0.0237735451, ""zeta_reset_delay_sec"": 0.0, ""zeta_reset_value"": null, ""zeta_soft"": 0.989185316}"
90,1,1.0,1000017.9758051864,528.0,21.958439000000002,0.7553759378202333,1.7661624861116796,4.163057250772302,10.943798230720342,0.8820241948135751,0.0,0.12897866161616164,0.23748568850005522,1.099559197,0.885692967,1.099559197,0.21386623000000005,0.009721192269696968,0.029811609219999997,0.2419736994,0.0,0.0,0.0,1.0,1.7578124966932904,0.87925250361848,4.629732857496131,1.0,0.04302640647571193,0.1074218745751069,0.19531250026920854,0.0,0.0,0.0,0.0,0.0,0.7553759378202333,4.163057250772302,10.943798230720342,0.0,0,23.387445485999706,/tmp/nussbaum_step_settle120_runs/optuna_t0090_r01.csv,,"{""alpha"": 7.1072835468, ""amplitude_deg"": 10.0, ""baudrate"": 1000000.0, ""command_sign"": -1.0, ""control_output_scale"": 1.0, ""current_bias_raw"": 1.1658197383004483, ""current_limit_raw"": 0.0, ""default_mode"": 3.0, ""device"": ""/dev/ttyAMA0"", ""disable_anti_windup"": false, ""disable_freeze_nn_on_saturation"": false, ""disable_freeze_zeta_on_saturation"": false, ""disturb_interval_sec"": 30.0, ""disturb_jitter_sec"": 3.0, ""disturb_mode"": ""mixed"", ""disturb_seed"": -1.0, ""disturbance_placement"": ""mid_move"", ""duration"": 22.0, ""dxl_id"": 6.0, ""enable_disturbance"": false, ""frequency_hz"": 0.05, ""fric_coulomb"": 0.000520325247814541, ""fric_vel_scale"": 1.5555310338823733, ""gamma_adapt"": 8.7187500403, ""gamma_link"": 1.1577977531693893, ""integral_limit"": 1.6504936083, ""k_delta"": 0.12149832575387502, ""max_abs_e_dot"": 1.0, ""max_control"": 0.20519126680427646, ""max_current_raw"": 45.0, ""max_current_slew"": 20.441828683652247, ""mid_disturbance_offset_sec"": 0.0, ""no_set_current_mode"": false, ""predict_horizon_sec"": 0.00724190129509374, ""pulse_current_raw_max"": 12.0, ""pulse_current_raw_min"": 4.0, ""pulse_duration_max"": 0.6, ""pulse_duration_min"": 0.15, ""q_abs_guard_deg"": 55.0, ""qd_lpf_alpha"": 0.22155118046294306, ""rate"": 24.0, ""rbf_center_max"": 3.2, ""rbf_center_min"": -3.2, ""rbf_nodes"": 11.0, ""rbf_width"": 1.4631904539, ""ref_jump_deg_max"": 8.0, ""ref_jump_deg_min"": 2.0, ""ref_jump_duration_max"": 0.6, ""ref_jump_duration_min"": 0.15, ""reference_shape"": ""sine"", ""reset_zeta_after_motion"": false, ""reset_zeta_on_segment"": false, ""restore_mode"": false, ""sigma_mod"": 0.2460708825, ""sine_center_mode"": ""lock"", ""soft_start_sec"": 0.0, ""step_absolute_target_deg"": 100.0, ""step_absolute_target_rad"": null, ""step_delta_deg"": -40.0, ""step_ramp_sec"": 1.0, ""step_segment_sec"": 1.5, ""step_sequence_deg"": """", ""step_shape"": ""smoothstep"", ""step_start_sec"": 0.5, ""tail_err_full_deg"": 4.0, ""tail_err_thresh_deg"": 1.5, ""tail_kd"": 0.04065375517077248, ""tail_kp"": 0.0, ""tail_max_control_boost"": 0.0, ""tail_u_max"": 0.0, ""torque_to_current"": 210.0, ""zeta0"": 0.885692967, ""zeta_leak"": 0.0237735451, ""zeta_reset_delay_sec"": 0.0, ""zeta_reset_value"": null, ""zeta_soft"": 0.989185316}"
91,1,1.0,79.1676181515643,528.0,21.958479,3.952598932370725,4.601868904743626,8.579153929775908,10.825486342138833,1.0669360688393221,0.0,0.09287272727272727,0.8175182885274389,1.1885228008,0.885692967,1.1884172305,0.30272426350000003,0.013760193794696968,0.08247268660999997,0.2271029316,0.0,0.0,0.0,1.0,13.53515624802968,4.498697756315491,2.4479005607448387,1.0,3.8852402999930913,6.898215509333087,7.653228967965179,0.0,0.0,0.0,0.0,0.0,3.952598932370725,8.579153929775908,10.825486342138833,0.0,0,23.499947374999465,/tmp/nussbaum_step_settle120_runs/optuna_t0091_r01.csv,,"{""alpha"": 7.1072835468, ""amplitude_deg"": 10.0, ""baudrate"": 1000000.0, ""command_sign"": -1.0, ""control_output_scale"": 1.0, ""current_bias_raw"": 1.3676639177664773, ""current_limit_raw"": 0.0, ""default_mode"": 3.0, ""device"": ""/dev/ttyAMA0"", ""disable_anti_windup"": false, ""disable_freeze_nn_on_saturation"": false, ""disable_freeze_zeta_on_saturation"": false, ""disturb_interval_sec"": 30.0, ""disturb_jitter_sec"": 3.0, ""disturb_mode"": ""mixed"", ""disturb_seed"": -1.0, ""disturbance_placement"": ""mid_move"", ""duration"": 22.0, ""dxl_id"": 6.0, ""enable_disturbance"": false, ""frequency_hz"": 0.05, ""fric_coulomb"": 0.011225531399099951, ""fric_vel_scale"": 0.987781597250428, ""gamma_adapt"": 8.7187500403, ""gamma_link"": 1.0185200000739767, ""integral_limit"": 1.6504936083, ""k_delta"": 0.16887660504296587, ""max_abs_e_dot"": 1.0, ""max_control"": 0.20457974445723626, ""max_current_raw"": 45.0, ""max_current_slew"": 33.441174344925166, ""mid_disturbance_offset_sec"": 0.0, ""no_set_current_mode"": false, ""predict_horizon_sec"": 0.006287180552831137, ""pulse_current_raw_max"": 12.0, ""pulse_current_raw_min"": 4.0, ""pulse_duration_max"": 0.6, ""pulse_duration_min"": 0.15, ""q_abs_guard_deg"": 55.0, ""qd_lpf_alpha"": 0.2443076725641444, ""rate"": 24.0, ""rbf_center_max"": 3.2, ""rbf_center_min"": -3.2, ""rbf_nodes"": 11.0, ""rbf_width"": 1.4631904539, ""ref_jump_deg_max"": 8.0, ""ref_jump_deg_min"": 2.0, ""ref_jump_duration_max"": 0.6, ""ref_jump_duration_min"": 0.15, ""reference_shape"": ""sine"", ""reset_zeta_after_motion"": false, ""reset_zeta_on_segment"": false, ""restore_mode"": false, ""sigma_mod"": 0.2460708825, ""sine_center_mode"": ""lock"", ""soft_start_sec"": 0.0, ""step_absolute_target_deg"": 100.0, ""step_absolute_target_rad"": null, ""step_delta_deg"": -40.0, ""step_ramp_sec"": 1.0, ""step_segment_sec"": 1.5, ""step_sequence_deg"": """", ""step_shape"": ""smoothstep"", ""step_start_sec"": 0.5, ""tail_err_full_deg"": 4.0, ""tail_err_thresh_deg"": 1.5, ""tail_kd"": 0.1454052695270203, ""tail_kp"": 0.0, ""tail_max_control_boost"": 0.0, ""tail_u_max"": 0.0, ""torque_to_current"": 210.0, ""zeta0"": 0.885692967, ""zeta_leak"": 0.0237735451, ""zeta_reset_delay_sec"": 0.0, ""zeta_reset_value"": null, ""zeta_soft"": 0.989185316}"
92,1,1.0,58.29358235677607,528.0,21.958475,2.3375352550899495,3.0628938711452527,6.983152898843178,9.383775090737556,1.015153580644546,0.0,0.07145820707070706,0.5510685657349386,1.5649657113,0.8856930269,1.5247372796,0.6390442527000001,0.029047468755681816,0.12839317258999997,0.3396870917,0.0,0.0,0.0,1.0,10.283203125995797,2.8809100945029136,2.181814543848034,1.0,1.8446722402736497,4.900327371025915,8.287148968295062,0.0,0.0,0.0,0.0,0.0,2.3375352550899495,6.983152898843178,9.383775090737556,0.0,0,23.342448116000014,/tmp/nussbaum_step_settle120_runs/optuna_t0092_r01.csv,,"{""alpha"": 7.1072835468, ""amplitude_deg"": 10.0, ""baudrate"": 1000000.0, ""command_sign"": -1.0, ""control_output_scale"": 1.0, ""current_bias_raw"": 0.5551986555412883, ""current_limit_raw"": 0.0, ""default_mode"": 3.0, ""device"": ""/dev/ttyAMA0"", ""disable_anti_windup"": false, ""disable_freeze_nn_on_saturation"": false, ""disable_freeze_zeta_on_saturation"": false, ""disturb_interval_sec"": 30.0, ""disturb_jitter_sec"": 3.0, ""disturb_mode"": ""mixed"", ""disturb_seed"": -1.0, ""disturbance_placement"": ""mid_move"", ""duration"": 22.0, ""dxl_id"": 6.0, ""enable_disturbance"": false, ""frequency_hz"": 0.05, ""fric_coulomb"": 0.0018432030406217016, ""fric_vel_scale"": 0.38088779294873304, ""gamma_adapt"": 8.7187500403, ""gamma_link"": 1.1050268588842245, ""integral_limit"": 1.6504936083, ""k_delta"": 0.11952121283981808, ""max_abs_e_dot"": 1.0, ""max_control"": 0.21420301489849283, ""max_current_raw"": 45.0, ""max_current_slew"": 25.465529885686987, ""mid_disturbance_offset_sec"": 0.0, ""no_set_current_mode"": false, ""predict_horizon_sec"": 0.009077830107764124, ""pulse_current_raw_max"": 12.0, ""pulse_current_raw_min"": 4.0, ""pulse_duration_max"": 0.6, ""pulse_duration_min"": 0.15, ""q_abs_guard_deg"": 55.0, ""qd_lpf_alpha"": 0.27995236620891395, ""rate"": 24.0, ""rbf_center_max"": 3.2, ""rbf_center_min"": -3.2, ""rbf_nodes"": 11.0, ""rbf_width"": 1.4631904539, ""ref_jump_deg_max"": 8.0, ""ref_jump_deg_min"": 2.0, ""ref_jump_duration_max"": 0.6, ""ref_jump_duration_min"": 0.15, ""reference_shape"": ""sine"", ""reset_zeta_after_motion"": false, ""reset_zeta_on_segment"": false, ""restore_mode"": false, ""sigma_mod"": 0.2460708825, ""sine_center_mode"": ""lock"", ""soft_start_sec"": 0.0, ""step_absolute_target_deg"": 100.0, ""step_absolute_target_rad"": null, ""step_delta_deg"": -40.0, ""step_ramp_sec"": 1.0, ""step_segment_sec"": 1.5, ""step_sequence_deg"": """", ""step_shape"": ""smoothstep"", ""step_start_sec"": 0.5, ""tail_err_full_deg"": 4.0, ""tail_err_thresh_deg"": 1.5, ""tail_kd"": 0.06015772333474231, ""tail_kp"": 0.0, ""tail_max_control_boost"": 0.0, ""tail_u_max"": 0.0, ""torque_to_current"": 210.0, ""zeta0"": 0.885692967, ""zeta_leak"": 0.0237735451, ""zeta_reset_delay_sec"": 0.0, ""zeta_reset_value"": null, ""zeta_soft"": 0.989185316}"
93,1,1.0,1000130.0065830705,528.0,21.958447000000003,1.053879364576282,3.077609218044504,6.481150804396616,21.143671062541667,1.4800065830705516,0.0,0.0644570707070707,0.18324196941986495,1.016857252,0.885692967,1.016857252,0.1311642850000001,0.005962012952083333,0.013055246319999995,0.2332683398,0.0,0.0,0.0,1.0,1.669921876728779,0.5359597487082413,6.079988002157008,1.0,0.03808954104707679,0.06835937681309637,0.06835937681309637,0.0,0.0,0.0,0.0,0.0,1.053879364576282,6.481150804396616,21.143671062541667,0.0,0,23.389570708000065,/tmp/nussbaum_step_settle120_runs/optuna_t0093_r01.csv,,"{""alpha"": 7.1072835468, ""amplitude_deg"": 10.0, ""baudrate"": 1000000.0, ""command_sign"": -1.0, ""control_output_scale"": 1.0, ""current_bias_raw"": 1.1336630232297231, ""current_limit_raw"": 0.0, ""default_mode"": 3.0, ""device"": ""/dev/ttyAMA0"", ""disable_anti_windup"": false, ""disable_freeze_nn_on_saturation"": false, ""disable_freeze_zeta_on_saturation"": false, ""disturb_interval_sec"": 30.0, ""disturb_jitter_sec"": 3.0, ""disturb_mode"": ""mixed"", ""disturb_seed"": -1.0, ""disturbance_placement"": ""mid_move"", ""duration"": 22.0, ""dxl_id"": 6.0, ""enable_disturbance"": false, ""frequency_hz"": 0.05, ""fric_coulomb"": 0.004790494099498303, ""fric_vel_scale"": 1.200297814367059, ""gamma_adapt"": 8.7187500403, ""gamma_link"": 1.0570607628469622, ""integral_limit"": 1.6504936083, ""k_delta"": 0.06841246481295804, ""max_abs_e_dot"": 1.0, ""max_control"": 0.19433222398055605, ""max_current_raw"": 45.0, ""max_current_slew"": 22.670528317762056, ""mid_disturbance_offset_sec"": 0.0, ""no_set_current_mode"": false, ""predict_horizon_sec"": 0.008899704535524498, ""pulse_current_raw_max"": 12.0, ""pulse_current_raw_min"": 4.0, ""pulse_duration_max"": 0.6, ""pulse_duration_min"": 0.15, ""q_abs_guard_deg"": 55.0, ""qd_lpf_alpha"": 0.14563946486439214, ""rate"": 24.0, ""rbf_center_max"": 3.2, ""rbf_center_min"": -3.2, ""rbf_nodes"": 11.0, ""rbf_width"": 1.4631904539, ""ref_jump_deg_max"": 8.0, ""ref_jump_deg_min"": 2.0, ""ref_jump_duration_max"": 0.6, ""ref_jump_duration_min"": 0.15, ""reference_shape"": ""sine"", ""reset_zeta_after_motion"": false, ""reset_zeta_on_segment"": false, ""restore_mode"": false, ""sigma_mod"": 0.2460708825, ""sine_center_mode"": ""lock"", ""soft_start_sec"": 0.0, ""step_absolute_target_deg"": 100.0, ""step_absolute_target_rad"": null, ""step_delta_deg"": -40.0, ""step_ramp_sec"": 1.0, ""step_segment_sec"": 1.5, ""step_sequence_deg"": """", ""step_shape"": ""smoothstep"", ""step_start_sec"": 0.5, ""tail_err_full_deg"": 4.0, ""tail_err_thresh_deg"": 1.5, ""tail_kd"": 0.049285525937375126, ""tail_kp"": 0.0, ""tail_max_control_boost"": 0.0, ""tail_u_max"": 0.0, ""torque_to_current"": 210.0, ""zeta0"": 0.885692967, ""zeta_leak"": 0.0237735451, ""zeta_reset_delay_sec"": 0.0, ""zeta_reset_value"": null, ""zeta_soft"": 0.989185316}"
94,1,1.0,1000179.0333053302,528.0,21.958476,0.6035746986786003,1.5109838182072535,4.3777102382082935,7.788042344714086,0.720966694669821,0.0,0.15129953703703705,0.27591081162664205,1.1164799998,0.885692967,1.1164799998,0.2307870327999999,0.010490319674999998,0.02791902612499987,0.1876407064,0.0,0.0,0.0,1.0,0.6503906244067679,0.3158312941671055,3.289344242423209,1.0,0.050846114674414,0.06835937681309637,0.1074218745751069,0.0,0.0,0.0,0.0,0.0,0.6035746986786003,4.3777102382082935,7.788042344714086,0.0,0,23.37572615299996,/tmp/nussbaum_step_settle120_runs/optuna_t0094_r01.csv,,"{""alpha"": 7.1072835468, ""amplitude_deg"": 10.0, ""baudrate"": 1000000.0, ""command_sign"": -1.0, ""control_output_scale"": 1.0, ""current_bias_raw"": 1.3247584090803983, ""current_limit_raw"": 0.0, ""default_mode"": 3.0, ""device"": ""/dev/ttyAMA0"", ""disable_anti_windup"": false, ""disable_freeze_nn_on_saturation"": false, ""disable_freeze_zeta_on_saturation"": false, ""disturb_interval_sec"": 30.0, ""disturb_jitter_sec"": 3.0, ""disturb_mode"": ""mixed"", ""disturb_seed"": -1.0, ""disturbance_placement"": ""mid_move"", ""duration"": 22.0, ""dxl_id"": 6.0, ""enable_disturbance"": false, ""frequency_hz"": 0.05, ""fric_coulomb"": 0.0001831939857928715, ""fric_vel_scale"": 0.33631883295832987, ""gamma_adapt"": 8.7187500403, ""gamma_link"": 1.151173456699472, ""integral_limit"": 1.6504936083, ""k_delta"": 0.11035104591831846, ""max_abs_e_dot"": 1.0, ""max_control"": 0.19310071754456934, ""max_current_raw"": 45.0, ""max_current_slew"": 20.7484957411648, ""mid_disturbance_offset_sec"": 0.0, ""no_set_current_mode"": false, ""predict_horizon_sec"": 0.006393850929825777, ""pulse_current_raw_max"": 12.0, ""pulse_current_raw_min"": 4.0, ""pulse_duration_max"": 0.6, ""pulse_duration_min"": 0.15, ""q_abs_guard_deg"": 55.0, ""qd_lpf_alpha"": 0.26946443134563497, ""rate"": 24.0, ""rbf_center_max"": 3.2, ""rbf_center_min"": -3.2, ""rbf_nodes"": 11.0, ""rbf_width"": 1.4631904539, ""ref_jump_deg_max"": 8.0, ""ref_jump_deg_min"": 2.0, ""ref_jump_duration_max"": 0.6, ""ref_jump_duration_min"": 0.15, ""reference_shape"": ""sine"", ""reset_zeta_after_motion"": false, ""reset_zeta_on_segment"": false, ""restore_mode"": false, ""sigma_mod"": 0.2460708825, ""sine_center_mode"": ""lock"", ""soft_start_sec"": 0.0, ""step_absolute_target_deg"": 100.0, ""step_absolute_target_rad"": null, ""step_delta_deg"": -40.0, ""step_ramp_sec"": 1.0, ""step_segment_sec"": 1.5, ""step_sequence_deg"": """", ""step_shape"": ""smoothstep"", ""step_start_sec"": 0.5, ""tail_err_full_deg"": 4.0, ""tail_err_thresh_deg"": 1.5, ""tail_kd"": 0.024665479642991178, ""tail_kp"": 0.0, ""tail_max_control_boost"": 0.0, ""tail_u_max"": 0.0, ""torque_to_current"": 210.0, ""zeta0"": 0.885692967, ""zeta_leak"": 0.0237735451, ""zeta_reset_delay_sec"": 0.0, ""zeta_reset_value"": null, ""zeta_soft"": 0.989185316}"
95,1,1.0,1000031.5613409982,528.0,21.958441,3.048117855875854,3.924715392444364,8.279354119853455,11.878495301852281,1.3815613409981848,0.0,0.08639537037037036,0.6989170427577862,1.4214496289,0.885692967,1.4214496289,0.5357566619,0.024352575539393937,0.09921938289499999,0.1835085066,0.0,0.0,0.0,1.0,11.63671875022581,3.5132017323069857,2.400021760197292,1.0,2.9375165822744425,7.589995151266186,9.06521888172158,0.0,0.0,0.0,0.0,0.0,3.048117855875854,8.279354119853455,11.878495301852281,0.0,0,23.498073559999284,/tmp/nussbaum_step_settle120_runs/optuna_t0095_r01.csv,,"{""alpha"": 7.1072835468, ""amplitude_deg"": 10.0, ""baudrate"": 1000000.0, ""command_sign"": -1.0, ""control_output_scale"": 1.0, ""current_bias_raw"": 0.24182565801663747, ""current_limit_raw"": 0.0, ""default_mode"": 3.0, ""device"": ""/dev/ttyAMA0"", ""disable_anti_windup"": false, ""disable_freeze_nn_on_saturation"": false, ""disable_freeze_zeta_on_saturation"": false, ""disturb_interval_sec"": 30.0, ""disturb_jitter_sec"": 3.0, ""disturb_mode"": ""mixed"", ""disturb_seed"": -1.0, ""disturbance_placement"": ""mid_move"", ""duration"": 22.0, ""dxl_id"": 6.0, ""enable_disturbance"": false, ""frequency_hz"": 0.05, ""fric_coulomb"": 0.0008613565599236825, ""fric_vel_scale"": 0.31305541766613, ""gamma_adapt"": 8.7187500403, ""gamma_link"": 1.067481380619807, ""integral_limit"": 1.6504936083, ""k_delta"": 0.12069103415813484, ""max_abs_e_dot"": 1.0, ""max_control"": 0.2051095484536228, ""max_current_raw"": 45.0, ""max_current_slew"": 27.511584256288327, ""mid_disturbance_offset_sec"": 0.0, ""no_set_current_mode"": false, ""predict_horizon_sec"": 0.008575951434356294, ""pulse_current_raw_max"": 12.0, ""pulse_current_raw_min"": 4.0, ""pulse_duration_max"": 0.6, ""pulse_duration_min"": 0.15, ""q_abs_guard_deg"": 55.0, ""qd_lpf_alpha"": 0.27685593467711606, ""rate"": 24.0, ""rbf_center_max"": 3.2, ""rbf_center_min"": -3.2, ""rbf_nodes"": 11.0, ""rbf_width"": 1.4631904539, ""ref_jump_deg_max"": 8.0, ""ref_jump_deg_min"": 2.0, ""ref_jump_duration_max"": 0.6, ""ref_jump_duration_min"": 0.15, ""reference_shape"": ""sine"", ""reset_zeta_after_motion"": false, ""reset_zeta_on_segment"": false, ""restore_mode"": false, ""sigma_mod"": 0.2460708825, ""sine_center_mode"": ""lock"", ""soft_start_sec"": 0.0, ""step_absolute_target_deg"": 100.0, ""step_absolute_target_rad"": null, ""step_delta_deg"": -40.0, ""step_ramp_sec"": 1.0, ""step_segment_sec"": 1.5, ""step_sequence_deg"": """", ""step_shape"": ""smoothstep"", ""step_start_sec"": 0.5, ""tail_err_full_deg"": 4.0, ""tail_err_thresh_deg"": 1.5, ""tail_kd"": 0.09197671174053873, ""tail_kp"": 0.0, ""tail_max_control_boost"": 0.0, ""tail_u_max"": 0.0, ""torque_to_current"": 210.0, ""zeta0"": 0.885692967, ""zeta_leak"": 0.0237735451, ""zeta_reset_delay_sec"": 0.0, ""zeta_reset_value"": null, ""zeta_soft"": 0.989185316}"
96,1,1.0,69.00650641316284,528.0,21.958456,3.190967882390537,3.9383357025898564,7.794919364042263,11.26998528645752,1.1801870778777144,0.0,0.08381952861952863,0.7299080542225338,1.3588880952,0.885692967,1.3588880952,0.4731951282,0.021508869461363635,0.09326682117499996,0.1882983965,0.0,0.0,0.0,1.0,11.68945312564226,3.6923509343731684,2.2350341712777992,1.0,3.191593246666467,7.381382323867597,8.987536879976021,0.0,0.0,0.0,0.0,0.0,3.190967882390537,7.794919364042263,11.26998528645752,0.0,0,23.34105167100006,/tmp/nussbaum_step_settle120_runs/optuna_t0096_r01.csv,,"{""alpha"": 7.1072835468, ""amplitude_deg"": 10.0, ""baudrate"": 1000000.0, ""command_sign"": -1.0, ""control_output_scale"": 1.0, ""current_bias_raw"": 0.42325238790024644, ""current_limit_raw"": 0.0, ""default_mode"": 3.0, ""device"": ""/dev/ttyAMA0"", ""disable_anti_windup"": false, ""disable_freeze_nn_on_saturation"": false, ""disable_freeze_zeta_on_saturation"": false, ""disturb_interval_sec"": 30.0, ""disturb_jitter_sec"": 3.0, ""disturb_mode"": ""mixed"", ""disturb_seed"": -1.0, ""disturbance_placement"": ""mid_move"", ""duration"": 22.0, ""dxl_id"": 6.0, ""enable_disturbance"": false, ""frequency_hz"": 0.05, ""fric_coulomb"": 0.0003513329493114901, ""fric_vel_scale"": 0.7937517106688193, ""gamma_adapt"": 8.7187500403, ""gamma_link"": 1.135658038866906, ""integral_limit"": 1.6504936083, ""k_delta"": 0.10735356171236914, ""max_abs_e_dot"": 1.0, ""max_control"": 0.19427575519242146, ""max_current_raw"": 45.0, ""max_current_slew"": 24.365234180920297, ""mid_disturbance_offset_sec"": 0.0, ""no_set_current_mode"": false, ""predict_horizon_sec"": 0.009399828429703237, ""pulse_current_raw_max"": 12.0, ""pulse_current_raw_min"": 4.0, ""pulse_duration_max"": 0.6, ""pulse_duration_min"": 0.15, ""q_abs_guard_deg"": 55.0, ""qd_lpf_alpha"": 0.2506841817658771, ""rate"": 24.0, ""rbf_center_max"": 3.2, ""rbf_center_min"": -3.2, ""rbf_nodes"": 11.0, ""rbf_width"": 1.4631904539, ""ref_jump_deg_max"": 8.0, ""ref_jump_deg_min"": 2.0, ""ref_jump_duration_max"": 0.6, ""ref_jump_duration_min"": 0.15, ""reference_shape"": ""sine"", ""reset_zeta_after_motion"": false, ""reset_zeta_on_segment"": false, ""restore_mode"": false, ""sigma_mod"": 0.2460708825, ""sine_center_mode"": ""lock"", ""soft_start_sec"": 0.0, ""step_absolute_target_deg"": 100.0, ""step_absolute_target_rad"": null, ""step_delta_deg"": -40.0, ""step_ramp_sec"": 1.0, ""step_segment_sec"": 1.5, ""step_sequence_deg"": """", ""step_shape"": ""smoothstep"", ""step_start_sec"": 0.5, ""tail_err_full_deg"": 4.0, ""tail_err_thresh_deg"": 1.5, ""tail_kd"": 0.0788741130641307, ""tail_kp"": 0.0, ""tail_max_control_boost"": 0.0, ""tail_u_max"": 0.0, ""torque_to_current"": 210.0, ""zeta0"": 0.885692967, ""zeta_leak"": 0.0237735451, ""zeta_reset_delay_sec"": 0.0, ""zeta_reset_value"": null, ""zeta_soft"": 0.989185316}"
97,1,1.0,1000060.6383462788,528.0,21.958439000000002,0.7371108359030794,1.6231119534993608,3.4816924082125804,9.232061275308501,0.8393616537212317,0.0,0.13996830808080807,0.28660189122189916,1.1014934737,0.885692967,1.1014934737,0.21580050669999995,0.009809113941287879,0.028022234779999978,0.219886412,0.0,0.0,0.0,1.0,1.582031251034664,0.831630335441662,2.1818184259377262,1.0,0.03607155113340076,0.1074218745751069,0.19531250026920854,0.0,0.0,0.0,0.0,0.0,0.7371108359030794,3.4816924082125804,9.232061275308501,0.0,0,23.446710912000526,/tmp/nussbaum_step_settle120_runs/optuna_t0097_r01.csv,,"{""alpha"": 7.1072835468, ""amplitude_deg"": 10.0, ""baudrate"": 1000000.0, ""command_sign"": -1.0, ""control_output_scale"": 1.0, ""current_bias_raw"": 0.8797264677169381, ""current_limit_raw"": 0.0, ""default_mode"": 3.0, ""device"": ""/dev/ttyAMA0"", ""disable_anti_windup"": false, ""disable_freeze_nn_on_saturation"": false, ""disable_freeze_zeta_on_saturation"": false, ""disturb_interval_sec"": 30.0, ""disturb_jitter_sec"": 3.0, ""disturb_mode"": ""mixed"", ""disturb_seed"": -1.0, ""disturbance_placement"": ""mid_move"", ""duration"": 22.0, ""dxl_id"": 6.0, ""enable_disturbance"": false, ""frequency_hz"": 0.05, ""fric_coulomb"": 0.005436920498265378, ""fric_vel_scale"": 0.7624239560575157, ""gamma_adapt"": 8.7187500403, ""gamma_link"": 1.0632471504216074, ""integral_limit"": 1.6504936083, ""k_delta"": 0.13497935107618123, ""max_abs_e_dot"": 1.0, ""max_control"": 0.18615231884053002, ""max_current_raw"": 45.0, ""max_current_slew"": 21.79948934974322, ""mid_disturbance_offset_sec"": 0.0, ""no_set_current_mode"": false, ""predict_horizon_sec"": 0.006011114198008063, ""pulse_current_raw_max"": 12.0, ""pulse_current_raw_min"": 4.0, ""pulse_duration_max"": 0.6, ""pulse_duration_min"": 0.15, ""q_abs_guard_deg"": 55.0, ""qd_lpf_alpha"": 0.27348590283887225, ""rate"": 24.0, ""rbf_center_max"": 3.2, ""rbf_center_min"": -3.2, ""rbf_nodes"": 11.0, ""rbf_width"": 1.4631904539, ""ref_jump_deg_max"": 8.0, ""ref_jump_deg_min"": 2.0, ""ref_jump_duration_max"": 0.6, ""ref_jump_duration_min"": 0.15, ""reference_shape"": ""sine"", ""reset_zeta_after_motion"": false, ""reset_zeta_on_segment"": false, ""restore_mode"": false, ""sigma_mod"": 0.2460708825, ""sine_center_mode"": ""lock"", ""soft_start_sec"": 0.0, ""step_absolute_target_deg"": 100.0, ""step_absolute_target_rad"": null, ""step_delta_deg"": -40.0, ""step_ramp_sec"": 1.0, ""step_segment_sec"": 1.5, ""step_sequence_deg"": """", ""step_shape"": ""smoothstep"", ""step_start_sec"": 0.5, ""tail_err_full_deg"": 4.0, ""tail_err_thresh_deg"": 1.5, ""tail_kd"": 0.16365721543296294, ""tail_kp"": 0.0, ""tail_max_control_boost"": 0.0, ""tail_u_max"": 0.0, ""torque_to_current"": 210.0, ""zeta0"": 0.885692967, ""zeta_leak"": 0.0237735451, ""zeta_reset_delay_sec"": 0.0, ""zeta_reset_value"": null, ""zeta_soft"": 0.989185316}"
98,1,1.0,40.63123529239914,528.0,21.958497,1.7360525586642763,2.3236768970721577,3.9175878486463422,7.4422953520991015,0.925773787380332,0.0,0.09416283670033668,0.4846048331528415,1.3369583075,0.8856930313,1.3369583075,0.4512652762,0.020512060931628787,0.09766923312,0.2300345384,0.0,0.0,0.0,1.0,5.88867187566818,1.978710403536233,2.6666646755570422,1.0,1.0022766931060376,3.102296422759774,6.869675739577277,0.0,0.0,0.0,0.0,0.0,1.7360525586642763,3.9175878486463422,7.4422953520991015,0.0,0,23.38981274499929,/tmp/nussbaum_step_settle120_runs/optuna_t0098_r01.csv,,"{""alpha"": 7.1072835468, ""amplitude_deg"": 10.0, ""baudrate"": 1000000.0, ""command_sign"": -1.0, ""control_output_scale"": 1.0, ""current_bias_raw"": 0.5232565619008046, ""current_limit_raw"": 0.0, ""default_mode"": 3.0, ""device"": ""/dev/ttyAMA0"", ""disable_anti_windup"": false, ""disable_freeze_nn_on_saturation"": false, ""disable_freeze_zeta_on_saturation"": false, ""disturb_interval_sec"": 30.0, ""disturb_jitter_sec"": 3.0, ""disturb_mode"": ""mixed"", ""disturb_seed"": -1.0, ""disturbance_placement"": ""mid_move"", ""duration"": 22.0, ""dxl_id"": 6.0, ""enable_disturbance"": false, ""frequency_hz"": 0.05, ""fric_coulomb"": 0.0012281546490534602, ""fric_vel_scale"": 0.30042185708680164, ""gamma_adapt"": 8.7187500403, ""gamma_link"": 1.1403914948628706, ""integral_limit"": 1.6504936083, ""k_delta"": 0.12025150679760459, ""max_abs_e_dot"": 1.0, ""max_control"": 0.20068116086487417, ""max_current_raw"": 45.0, ""max_current_slew"": 17.826967792057136, ""mid_disturbance_offset_sec"": 0.0, ""no_set_current_mode"": false, ""predict_horizon_sec"": 0.011800995604070488, ""pulse_current_raw_max"": 12.0, ""pulse_current_raw_min"": 4.0, ""pulse_duration_max"": 0.6, ""pulse_duration_min"": 0.15, ""q_abs_guard_deg"": 55.0, ""qd_lpf_alpha"": 0.24355945366081017, ""rate"": 24.0, ""rbf_center_max"": 3.2, ""rbf_center_min"": -3.2, ""rbf_nodes"": 11.0, ""rbf_width"": 1.4631904539, ""ref_jump_deg_max"": 8.0, ""ref_jump_deg_min"": 2.0, ""ref_jump_duration_max"": 0.6, ""ref_jump_duration_min"": 0.15, ""reference_shape"": ""sine"", ""reset_zeta_after_motion"": false, ""reset_zeta_on_segment"": false, ""restore_mode"": false, ""sigma_mod"": 0.2460708825, ""sine_center_mode"": ""lock"", ""soft_start_sec"": 0.0, ""step_absolute_target_deg"": 100.0, ""step_absolute_target_rad"": null, ""step_delta_deg"": -40.0, ""step_ramp_sec"": 1.0, ""step_segment_sec"": 1.5, ""step_sequence_deg"": """", ""step_shape"": ""smoothstep"", ""step_start_sec"": 0.5, ""tail_err_full_deg"": 4.0, ""tail_err_thresh_deg"": 1.5, ""tail_kd"": 0.04676878853734817, ""tail_kp"": 0.0, ""tail_max_control_boost"": 0.0, ""tail_u_max"": 0.0, ""torque_to_current"": 210.0, ""zeta0"": 0.885692967, ""zeta_leak"": 0.0237735451, ""zeta_reset_delay_sec"": 0.0, ""zeta_reset_value"": null, ""zeta_soft"": 0.989185316}"
99,1,1.0,19.989996728327103,528.0,21.958455,0.9364357097924747,2.5772959163047626,5.12014678049356,16.500480850299507,1.1855665299343916,0.0,0.06948964646464646,0.2374064513543735,1.0285336697,0.885692967,1.0285336697,0.14284070270000004,0.006492759213257576,0.03281154676999998,0.1477658685,0.0,0.0,0.0,1.0,1.582031251034664,1.42841587072331,2.453307426406911,1.0,0.027459063010200867,0.06835937681309637,0.06835937681309637,0.0,0.0,0.0,0.0,0.0,0.9364357097924747,5.12014678049356,16.500480850299507,0.0,0,23.389163040999847,/tmp/nussbaum_step_settle120_runs/optuna_t0099_r01.csv,,"{""alpha"": 7.1072835468, ""amplitude_deg"": 10.0, ""baudrate"": 1000000.0, ""command_sign"": -1.0, ""control_output_scale"": 1.0, ""current_bias_raw"": 1.3873696680134358, ""current_limit_raw"": 0.0, ""default_mode"": 3.0, ""device"": ""/dev/ttyAMA0"", ""disable_anti_windup"": false, ""disable_freeze_nn_on_saturation"": false, ""disable_freeze_zeta_on_saturation"": false, ""disturb_interval_sec"": 30.0, ""disturb_jitter_sec"": 3.0, ""disturb_mode"": ""mixed"", ""disturb_seed"": -1.0, ""disturbance_placement"": ""mid_move"", ""duration"": 22.0, ""dxl_id"": 6.0, ""enable_disturbance"": false, ""frequency_hz"": 0.05, ""fric_coulomb"": 0.0010016458437605742, ""fric_vel_scale"": 0.6105709536803483, ""gamma_adapt"": 8.7187500403, ""gamma_link"": 0.9960370027534843, ""integral_limit"": 1.6504936083, ""k_delta"": 0.10990901558535414, ""max_abs_e_dot"": 1.0, ""max_control"": 0.16141561884779762, ""max_current_raw"": 45.0, ""max_current_slew"": 20.587791737379685, ""mid_disturbance_offset_sec"": 0.0, ""no_set_current_mode"": false, ""predict_horizon_sec"": 0.01081712298325885, ""pulse_current_raw_max"": 12.0, ""pulse_current_raw_min"": 4.0, ""pulse_duration_max"": 0.6, ""pulse_duration_min"": 0.15, ""q_abs_guard_deg"": 55.0, ""qd_lpf_alpha"": 0.17512335745241778, ""rate"": 24.0, ""rbf_center_max"": 3.2, ""rbf_center_min"": -3.2, ""rbf_nodes"": 11.0, ""rbf_width"": 1.4631904539, ""ref_jump_deg_max"": 8.0, ""ref_jump_deg_min"": 2.0, ""ref_jump_duration_max"": 0.6, ""ref_jump_duration_min"": 0.15, ""reference_shape"": ""sine"", ""reset_zeta_after_motion"": false, ""reset_zeta_on_segment"": false, ""restore_mode"": false, ""sigma_mod"": 0.2460708825, ""sine_center_mode"": ""lock"", ""soft_start_sec"": 0.0, ""step_absolute_target_deg"": 100.0, ""step_absolute_target_rad"": null, ""step_delta_deg"": -40.0, ""step_ramp_sec"": 1.0, ""step_segment_sec"": 1.5, ""step_sequence_deg"": """", ""step_shape"": ""smoothstep"", ""step_start_sec"": 0.5, ""tail_err_full_deg"": 4.0, ""tail_err_thresh_deg"": 1.5, ""tail_kd"": 0.04644440104453819, ""tail_kp"": 0.0, ""tail_max_control_boost"": 0.0, ""tail_u_max"": 0.0, ""torque_to_current"": 210.0, ""zeta0"": 0.885692967, ""zeta_leak"": 0.0237735451, ""zeta_reset_delay_sec"": 0.0, ""zeta_reset_value"": null, ""zeta_soft"": 0.989185316}"
100,1,1.0,30.493187238943868,528.0,21.958627,0.9850887132287416,2.2437953095602907,4.524202383577338,13.341502300149184,1.1212539688284204,0.0,0.12052213804713804,0.2478278763801912,1.1024191505,0.885692967,1.1024191505,0.21672618350000006,0.009851190160795456,0.03949593758999999,0.1779606401,0.0,0.0,0.0,1.0,3.955078127586688,1.1462582143526159,2.6726076953996936,1.0,0.10608421398624449,0.5467883718269912,0.5468710381776728,0.0,0.0,0.0,0.0,0.0,0.9850887132287416,4.524202383577338,13.341502300149184,0.0,0,23.381225523000467,/tmp/nussbaum_step_settle120_runs/optuna_t0100_r01.csv,,"{""alpha"": 7.1072835468, ""amplitude_deg"": 10.0, ""baudrate"": 1000000.0, ""command_sign"": -1.0, ""control_output_scale"": 1.0, ""current_bias_raw"": 1.063885231053484, ""current_limit_raw"": 0.0, ""default_mode"": 3.0, ""device"": ""/dev/ttyAMA0"", ""disable_anti_windup"": false, ""disable_freeze_nn_on_saturation"": false, ""disable_freeze_zeta_on_saturation"": false, ""disturb_interval_sec"": 30.0, ""disturb_jitter_sec"": 3.0, ""disturb_mode"": ""mixed"", ""disturb_seed"": -1.0, ""disturbance_placement"": ""mid_move"", ""duration"": 22.0, ""dxl_id"": 6.0, ""enable_disturbance"": false, ""frequency_hz"": 0.05, ""fric_coulomb"": 0.0012100744094411318, ""fric_vel_scale"": 0.8505676107229558, ""gamma_adapt"": 8.7187500403, ""gamma_link"": 1.0151285910968588, ""integral_limit"": 1.6504936083, ""k_delta"": 0.10391873956222512, ""max_abs_e_dot"": 1.0, ""max_control"": 0.19119595319056654, ""max_current_raw"": 45.0, ""max_current_slew"": 16.215659411417352, ""mid_disturbance_offset_sec"": 0.0, ""no_set_current_mode"": false, ""predict_horizon_sec"": 0.008592313630244286, ""pulse_current_raw_max"": 12.0, ""pulse_current_raw_min"": 4.0, ""pulse_duration_max"": 0.6, ""pulse_duration_min"": 0.15, ""q_abs_guard_deg"": 55.0, ""qd_lpf_alpha"": 0.20391833569307494, ""rate"": 24.0, ""rbf_center_max"": 3.2, ""rbf_center_min"": -3.2, ""rbf_nodes"": 11.0, ""rbf_width"": 1.4631904539, ""ref_jump_deg_max"": 8.0, ""ref_jump_deg_min"": 2.0, ""ref_jump_duration_max"": 0.6, ""ref_jump_duration_min"": 0.15, ""reference_shape"": ""sine"", ""reset_zeta_after_motion"": false, ""reset_zeta_on_segment"": false, ""restore_mode"": false, ""sigma_mod"": 0.2460708825, ""sine_center_mode"": ""lock"", ""soft_start_sec"": 0.0, ""step_absolute_target_deg"": 100.0, ""step_absolute_target_rad"": null, ""step_delta_deg"": -40.0, ""step_ramp_sec"": 1.0, ""step_segment_sec"": 1.5, ""step_sequence_deg"": """", ""step_shape"": ""smoothstep"", ""step_start_sec"": 0.5, ""tail_err_full_deg"": 4.0, ""tail_err_thresh_deg"": 1.5, ""tail_kd"": 0.07842340233860048, ""tail_kp"": 0.0, ""tail_max_control_boost"": 0.0, ""tail_u_max"": 0.0, ""torque_to_current"": 210.0, ""zeta0"": 0.885692967, ""zeta_leak"": 0.0237735451, ""zeta_reset_delay_sec"": 0.0, ""zeta_reset_value"": null, ""zeta_soft"": 0.989185316}"
101,1,1.0,1000292.9964615551,528.0,21.958438,1.2129753926354219,2.1158927322793675,5.58757758219919,6.889222166110274,1.6429964615551564,0.0,0.11248947811447813,0.22555316747092943,1.0245666712,0.885692967,1.0245666712,0.1388737041999999,0.0063124410982954545,0.009470618055,0.119424674,0.0,0.0,0.0,1.0,5.097656250150848,1.3415986883775217,1.6283196215841838,1.0,0.18554422468321807,0.6347648237340144,0.6347655886326711,0.0,0.0,0.0,0.0,0.0,1.2129753926354219,5.58757758219919,6.889222166110274,0.0,0,23.38609752299999,/tmp/nussbaum_step_settle120_runs/optuna_t0101_r01.csv,,"{""alpha"": 7.1072835468, ""amplitude_deg"": 10.0, ""baudrate"": 1000000.0, ""command_sign"": -1.0, ""control_output_scale"": 1.0, ""current_bias_raw"": 0.009880047002406002, ""current_limit_raw"": 0.0, ""default_mode"": 3.0, ""device"": ""/dev/ttyAMA0"", ""disable_anti_windup"": false, ""disable_freeze_nn_on_saturation"": false, ""disable_freeze_zeta_on_saturation"": false, ""disturb_interval_sec"": 30.0, ""disturb_jitter_sec"": 3.0, ""disturb_mode"": ""mixed"", ""disturb_seed"": -1.0, ""disturbance_placement"": ""mid_move"", ""duration"": 22.0, ""dxl_id"": 6.0, ""enable_disturbance"": false, ""frequency_hz"": 0.05, ""fric_coulomb"": 0.005171710345705157, ""fric_vel_scale"": 0.3096466902171665, ""gamma_adapt"": 8.7187500403, ""gamma_link"": 1.0037183821083602, ""integral_limit"": 1.6504936083, ""k_delta"": 0.11332689468522969, ""max_abs_e_dot"": 1.0, ""max_control"": 0.16338306848183193, ""max_current_raw"": 45.0, ""max_current_slew"": 8.003948633022624, ""mid_disturbance_offset_sec"": 0.0, ""no_set_current_mode"": false, ""predict_horizon_sec"": 0.0029779121699344087, ""pulse_current_raw_max"": 12.0, ""pulse_current_raw_min"": 4.0, ""pulse_duration_max"": 0.6, ""pulse_duration_min"": 0.15, ""q_abs_guard_deg"": 55.0, ""qd_lpf_alpha"": 0.20757328502093236, ""rate"": 24.0, ""rbf_center_max"": 3.2, ""rbf_center_min"": -3.2, ""rbf_nodes"": 11.0, ""rbf_width"": 1.4631904539, ""ref_jump_deg_max"": 8.0, ""ref_jump_deg_min"": 2.0, ""ref_jump_duration_max"": 0.6, ""ref_jump_duration_min"": 0.15, ""reference_shape"": ""sine"", ""reset_zeta_after_motion"": false, ""reset_zeta_on_segment"": false, ""restore_mode"": false, ""sigma_mod"": 0.2460708825, ""sine_center_mode"": ""lock"", ""soft_start_sec"": 0.0, ""step_absolute_target_deg"": 100.0, ""step_absolute_target_rad"": null, ""step_delta_deg"": -40.0, ""step_ramp_sec"": 1.0, ""step_segment_sec"": 1.5, ""step_sequence_deg"": """", ""step_shape"": ""smoothstep"", ""step_start_sec"": 0.5, ""tail_err_full_deg"": 4.0, ""tail_err_thresh_deg"": 1.5, ""tail_kd"": 0.10978071803018297, ""tail_kp"": 0.0, ""tail_max_control_boost"": 0.0, ""tail_u_max"": 0.0, ""torque_to_current"": 210.0, ""zeta0"": 0.885692967, ""zeta_leak"": 0.0237735451, ""zeta_reset_delay_sec"": 0.0, ""zeta_reset_value"": null, ""zeta_soft"": 0.989185316}"
102,1,1.0,1000043.2387291252,528.0,21.958438,0.618770489354302,1.270884388693146,3.1143590358603905,7.514096921835473,1.393238729125244,0.0,0.1357898148148148,0.2703980935338433,1.0773680593,0.885692967,1.0773680593,0.1916750922999999,0.008712504193371213,0.01627704771999998,0.1471674753,0.0,0.0,0.0,1.0,1.6523437515899388,0.5529480004424108,2.703450065732457,1.0,0.05715232035295621,0.2832028165661008,0.28320309731542037,0.0,0.0,0.0,0.0,0.0,0.618770489354302,3.1143590358603905,7.514096921835473,0.0,0,23.41144746699956,/tmp/nussbaum_step_settle120_runs/optuna_t0102_r01.csv,,"{""alpha"": 7.1072835468, ""amplitude_deg"": 10.0, ""baudrate"": 1000000.0, ""command_sign"": -1.0, ""control_output_scale"": 1.0, ""current_bias_raw"": 1.160146760622745, ""current_limit_raw"": 0.0, ""default_mode"": 3.0, ""device"": ""/dev/ttyAMA0"", ""disable_anti_windup"": false, ""disable_freeze_nn_on_saturation"": false, ""disable_freeze_zeta_on_saturation"": false, ""disturb_interval_sec"": 30.0, ""disturb_jitter_sec"": 3.0, ""disturb_mode"": ""mixed"", ""disturb_seed"": -1.0, ""disturbance_placement"": ""mid_move"", ""duration"": 22.0, ""dxl_id"": 6.0, ""enable_disturbance"": false, ""frequency_hz"": 0.05, ""fric_coulomb"": 0.0031584447375187833, ""fric_vel_scale"": 0.6143391872876017, ""gamma_adapt"": 8.7187500403, ""gamma_link"": 0.9261170717877198, ""integral_limit"": 1.6504936083, ""k_delta"": 0.11317776800326597, ""max_abs_e_dot"": 1.0, ""max_control"": 0.1571760563463733, ""max_current_raw"": 45.0, ""max_current_slew"": 12.042992807102882, ""mid_disturbance_offset_sec"": 0.0, ""no_set_current_mode"": false, ""predict_horizon_sec"": 0.011650038079789765, ""pulse_current_raw_max"": 12.0, ""pulse_current_raw_min"": 4.0, ""pulse_duration_max"": 0.6, ""pulse_duration_min"": 0.15, ""q_abs_guard_deg"": 55.0, ""qd_lpf_alpha"": 0.1515247767202322, ""rate"": 24.0, ""rbf_center_max"": 3.2, ""rbf_center_min"": -3.2, ""rbf_nodes"": 11.0, ""rbf_width"": 1.4631904539, ""ref_jump_deg_max"": 8.0, ""ref_jump_deg_min"": 2.0, ""ref_jump_duration_max"": 0.6, ""ref_jump_duration_min"": 0.15, ""reference_shape"": ""sine"", ""reset_zeta_after_motion"": false, ""reset_zeta_on_segment"": false, ""restore_mode"": false, ""sigma_mod"": 0.2460708825, ""sine_center_mode"": ""lock"", ""soft_start_sec"": 0.0, ""step_absolute_target_deg"": 100.0, ""step_absolute_target_rad"": null, ""step_delta_deg"": -40.0, ""step_ramp_sec"": 1.0, ""step_segment_sec"": 1.5, ""step_sequence_deg"": """", ""step_shape"": ""smoothstep"", ""step_start_sec"": 0.5, ""tail_err_full_deg"": 4.0, ""tail_err_thresh_deg"": 1.5, ""tail_kd"": 0.0513933225606955, ""tail_kp"": 0.0, ""tail_max_control_boost"": 0.0, ""tail_u_max"": 0.0, ""torque_to_current"": 210.0, ""zeta0"": 0.885692967, ""zeta_leak"": 0.0237735451, ""zeta_reset_delay_sec"": 0.0, ""zeta_reset_value"": null, ""zeta_soft"": 0.989185316}"
103,1,1.0,1000116.5891169277,528.0,21.958598000000002,0.6528934500234147,1.6639160875892778,4.56779153182147,8.275723296045992,0.7834108830722558,0.0,0.118554797979798,0.23212413224953649,1.0749005791,0.885692967,1.0749005791,0.18920761209999992,0.008600346008522728,0.023442676744999974,0.2166302244,0.0,0.0,0.0,1.0,0.17578125138820155,0.7243915926283745,2.554304785819947,1.0,0.09116985652360564,0.19531250026920854,0.28320312596331015,0.0,0.0,0.0,0.0,0.0,0.6528934500234147,4.56779153182147,8.275723296045992,0.0,0,23.39221811599964,/tmp/nussbaum_step_settle120_runs/optuna_t0103_r01.csv,,"{""alpha"": 7.1072835468, ""amplitude_deg"": 10.0, ""baudrate"": 1000000.0, ""command_sign"": -1.0, ""control_output_scale"": 1.0, ""current_bias_raw"": 0.9300670647814773, ""current_limit_raw"": 0.0, ""default_mode"": 3.0, ""device"": ""/dev/ttyAMA0"", ""disable_anti_windup"": false, ""disable_freeze_nn_on_saturation"": false, ""disable_freeze_zeta_on_saturation"": false, ""disturb_interval_sec"": 30.0, ""disturb_jitter_sec"": 3.0, ""disturb_mode"": ""mixed"", ""disturb_seed"": -1.0, ""disturbance_placement"": ""mid_move"", ""duration"": 22.0, ""dxl_id"": 6.0, ""enable_disturbance"": false, ""frequency_hz"": 0.05, ""fric_coulomb"": 0.0008437310272365999, ""fric_vel_scale"": 0.40038525278135423, ""gamma_adapt"": 8.7187500403, ""gamma_link"": 1.063009019690245, ""integral_limit"": 1.6504936083, ""k_delta"": 0.12874840303113189, ""max_abs_e_dot"": 1.0, ""max_control"": 0.194810484644156, ""max_current_raw"": 45.0, ""max_current_slew"": 18.811532295741344, ""mid_disturbance_offset_sec"": 0.0, ""no_set_current_mode"": false, ""predict_horizon_sec"": 0.01433190463811367, ""pulse_current_raw_max"": 12.0, ""pulse_current_raw_min"": 4.0, ""pulse_duration_max"": 0.6, ""pulse_duration_min"": 0.15, ""q_abs_guard_deg"": 55.0, ""qd_lpf_alpha"": 0.21746277412815992, ""rate"": 24.0, ""rbf_center_max"": 3.2, ""rbf_center_min"": -3.2, ""rbf_nodes"": 11.0, ""rbf_width"": 1.4631904539, ""ref_jump_deg_max"": 8.0, ""ref_jump_deg_min"": 2.0, ""ref_jump_duration_max"": 0.6, ""ref_jump_duration_min"": 0.15, ""reference_shape"": ""sine"", ""reset_zeta_after_motion"": false, ""reset_zeta_on_segment"": false, ""restore_mode"": false, ""sigma_mod"": 0.2460708825, ""sine_center_mode"": ""lock"", ""soft_start_sec"": 0.0, ""step_absolute_target_deg"": 100.0, ""step_absolute_target_rad"": null, ""step_delta_deg"": -40.0, ""step_ramp_sec"": 1.0, ""step_segment_sec"": 1.5, ""step_sequence_deg"": """", ""step_shape"": ""smoothstep"", ""step_start_sec"": 0.5, ""tail_err_full_deg"": 4.0, ""tail_err_thresh_deg"": 1.5, ""tail_kd"": 0.020813021392566494, ""tail_kp"": 0.0, ""tail_max_control_boost"": 0.0, ""tail_u_max"": 0.0, ""torque_to_current"": 210.0, ""zeta0"": 0.885692967, ""zeta_leak"": 0.0237735451, ""zeta_reset_delay_sec"": 0.0, ""zeta_reset_value"": null, ""zeta_soft"": 0.989185316}"
104,1,1.0,76.82923645642599,528.0,21.958437,3.642442007115787,4.3922772471416565,8.45403103433915,10.72193864201664,1.048788858444632,0.0,0.08616679292929294,0.748442459407058,1.2151609867,0.885692967,1.2151609867,0.32946801969999995,0.014975819077083334,0.07482430284499998,0.2100381184,0.0,0.0,0.0,1.0,12.726562503103096,4.350478125325782,2.6075400052512667,1.0,3.9512523496524676,7.665953664451313,9.41242898509179,0.0,0.0,0.0,0.0,0.0,3.642442007115787,8.45403103433915,10.72193864201664,0.0,0,23.379514875000496,/tmp/nussbaum_step_settle120_runs/optuna_t0104_r01.csv,,"{""alpha"": 7.1072835468, ""amplitude_deg"": 10.0, ""baudrate"": 1000000.0, ""command_sign"": -1.0, ""control_output_scale"": 1.0, ""current_bias_raw"": 1.4735333728369713, ""current_limit_raw"": 0.0, ""default_mode"": 3.0, ""device"": ""/dev/ttyAMA0"", ""disable_anti_windup"": false, ""disable_freeze_nn_on_saturation"": false, ""disable_freeze_zeta_on_saturation"": false, ""disturb_interval_sec"": 30.0, ""disturb_jitter_sec"": 3.0, ""disturb_mode"": ""mixed"", ""disturb_seed"": -1.0, ""disturbance_placement"": ""mid_move"", ""duration"": 22.0, ""dxl_id"": 6.0, ""enable_disturbance"": false, ""frequency_hz"": 0.05, ""fric_coulomb"": 0.004134541180682561, ""fric_vel_scale"": 0.9635760925358131, ""gamma_adapt"": 8.7187500403, ""gamma_link"": 0.9828284645409848, ""integral_limit"": 1.6504936083, ""k_delta"": 0.08385691087447235, ""max_abs_e_dot"": 1.0, ""max_control"": 0.17127255691338528, ""max_current_raw"": 45.0, ""max_current_slew"": 27.210975156354714, ""mid_disturbance_offset_sec"": 0.0, ""no_set_current_mode"": false, ""predict_horizon_sec"": 0.010332301895189565, ""pulse_current_raw_max"": 12.0, ""pulse_current_raw_min"": 4.0, ""pulse_duration_max"": 0.6, ""pulse_duration_min"": 0.15, ""q_abs_guard_deg"": 55.0, ""qd_lpf_alpha"": 0.22339576142432285, ""rate"": 24.0, ""rbf_center_max"": 3.2, ""rbf_center_min"": -3.2, ""rbf_nodes"": 11.0, ""rbf_width"": 1.4631904539, ""ref_jump_deg_max"": 8.0, ""ref_jump_deg_min"": 2.0, ""ref_jump_duration_max"": 0.6, ""ref_jump_duration_min"": 0.15, ""reference_shape"": ""sine"", ""reset_zeta_after_motion"": false, ""reset_zeta_on_segment"": false, ""restore_mode"": false, ""sigma_mod"": 0.2460708825, ""sine_center_mode"": ""lock"", ""soft_start_sec"": 0.0, ""step_absolute_target_deg"": 100.0, ""step_absolute_target_rad"": null, ""step_delta_deg"": -40.0, ""step_ramp_sec"": 1.0, ""step_segment_sec"": 1.5, ""step_sequence_deg"": """", ""step_shape"": ""smoothstep"", ""step_start_sec"": 0.5, ""tail_err_full_deg"": 4.0, ""tail_err_thresh_deg"": 1.5, ""tail_kd"": 0.10516370475693877, ""tail_kp"": 0.0, ""tail_max_control_boost"": 0.0, ""tail_u_max"": 0.0, ""torque_to_current"": 210.0, ""zeta0"": 0.885692967, ""zeta_leak"": 0.0237735451, ""zeta_reset_delay_sec"": 0.0, ""zeta_reset_value"": null, ""zeta_soft"": 0.989185316}"
105,1,1.0,16.032789727219438,528.0,21.958474000000002,0.5911775084600002,1.1693914689749627,2.9919362819554447,4.500836997388228,0.9599708363143749,0.0,0.13594545454545454,0.22553732945274807,1.0914633216,0.885692967,1.0914633216,0.20577035460000004,0.009353197938257576,0.03360995429999999,0.1998100579,0.0,0.0,0.0,1.0,1.23046875398785,0.47209748441499794,2.1033684799015324,1.0,0.04839569786741078,0.19531250026920854,0.28320312596331015,0.0,0.0,0.0,0.0,0.0,0.5911775084600002,2.9919362819554447,4.500836997388228,0.0,0,23.381797782999456,/tmp/nussbaum_step_settle120_runs/optuna_t0105_r01.csv,,"{""alpha"": 7.1072835468, ""amplitude_deg"": 10.0, ""baudrate"": 1000000.0, ""command_sign"": -1.0, ""control_output_scale"": 1.0, ""current_bias_raw"": 0.4472745430233438, ""current_limit_raw"": 0.0, ""default_mode"": 3.0, ""device"": ""/dev/ttyAMA0"", ""disable_anti_windup"": false, ""disable_freeze_nn_on_saturation"": false, ""disable_freeze_zeta_on_saturation"": false, ""disturb_interval_sec"": 30.0, ""disturb_jitter_sec"": 3.0, ""disturb_mode"": ""mixed"", ""disturb_seed"": -1.0, ""disturbance_placement"": ""mid_move"", ""duration"": 22.0, ""dxl_id"": 6.0, ""enable_disturbance"": false, ""frequency_hz"": 0.05, ""fric_coulomb"": 0.006037038185578523, ""fric_vel_scale"": 0.8624227083537381, ""gamma_adapt"": 8.7187500403, ""gamma_link"": 0.993372742631996, ""integral_limit"": 1.6504936083, ""k_delta"": 0.09899369315569158, ""max_abs_e_dot"": 1.0, ""max_control"": 0.18521154298741552, ""max_current_raw"": 45.0, ""max_current_slew"": 12.357605181270314, ""mid_disturbance_offset_sec"": 0.0, ""no_set_current_mode"": false, ""predict_horizon_sec"": 0.008025242259194014, ""pulse_current_raw_max"": 12.0, ""pulse_current_raw_min"": 4.0, ""pulse_duration_max"": 0.6, ""pulse_duration_min"": 0.15, ""q_abs_guard_deg"": 55.0, ""qd_lpf_alpha"": 0.1886611191504141, ""rate"": 24.0, ""rbf_center_max"": 3.2, ""rbf_center_min"": -3.2, ""rbf_nodes"": 11.0, ""rbf_width"": 1.4631904539, ""ref_jump_deg_max"": 8.0, ""ref_jump_deg_min"": 2.0, ""ref_jump_duration_max"": 0.6, ""ref_jump_duration_min"": 0.15, ""reference_shape"": ""sine"", ""reset_zeta_after_motion"": false, ""reset_zeta_on_segment"": false, ""restore_mode"": false, ""sigma_mod"": 0.2460708825, ""sine_center_mode"": ""lock"", ""soft_start_sec"": 0.0, ""step_absolute_target_deg"": 100.0, ""step_absolute_target_rad"": null, ""step_delta_deg"": -40.0, ""step_ramp_sec"": 1.0, ""step_segment_sec"": 1.5, ""step_sequence_deg"": """", ""step_shape"": ""smoothstep"", ""step_start_sec"": 0.5, ""tail_err_full_deg"": 4.0, ""tail_err_thresh_deg"": 1.5, ""tail_kd"": 0.039223442920649346, ""tail_kp"": 0.0, ""tail_max_control_boost"": 0.0, ""tail_u_max"": 0.0, ""torque_to_current"": 210.0, ""zeta0"": 0.885692967, ""zeta_leak"": 0.0237735451, ""zeta_reset_delay_sec"": 0.0, ""zeta_reset_value"": null, ""zeta_soft"": 0.989185316}"
106,1,1.0,33.51683983300767,528.0,21.958445,0.9100417404547549,2.1308172712159994,4.380937415540915,13.468214689658092,1.2121319881163992,0.0,0.11740311447811448,0.21730367754320215,1.0851057043,0.885692967,1.0851057043,0.1994127373000001,0.009064215330113637,0.028874341744999955,0.2036781701,0.0,0.0,0.0,1.0,3.5156249991161843,1.0649586498780834,3.5654152591258663,1.0,0.09470031374321713,0.4589787881482219,0.5468676519971035,0.0,0.0,0.0,0.0,0.0,0.9100417404547549,4.380937415540915,13.468214689658092,0.0,0,23.38299415199981,/tmp/nussbaum_step_settle120_runs/optuna_t0106_r01.csv,,"{""alpha"": 7.1072835468, ""amplitude_deg"": 10.0, ""baudrate"": 1000000.0, ""command_sign"": -1.0, ""control_output_scale"": 1.0, ""current_bias_raw"": 1.1279451009711239, ""current_limit_raw"": 0.0, ""default_mode"": 3.0, ""device"": ""/dev/ttyAMA0"", ""disable_anti_windup"": false, ""disable_freeze_nn_on_saturation"": false, ""disable_freeze_zeta_on_saturation"": false, ""disturb_interval_sec"": 30.0, ""disturb_jitter_sec"": 3.0, ""disturb_mode"": ""mixed"", ""disturb_seed"": -1.0, ""disturbance_placement"": ""mid_move"", ""duration"": 22.0, ""dxl_id"": 6.0, ""enable_disturbance"": false, ""frequency_hz"": 0.05, ""fric_coulomb"": 0.0036599354402278616, ""fric_vel_scale"": 0.5457183439574589, ""gamma_adapt"": 8.7187500403, ""gamma_link"": 1.044877888645674, ""integral_limit"": 1.6504936083, ""k_delta"": 0.10196468567868898, ""max_abs_e_dot"": 1.0, ""max_control"": 0.2152243862145562, ""max_current_raw"": 45.0, ""max_current_slew"": 15.044368159598669, ""mid_disturbance_offset_sec"": 0.0, ""no_set_current_mode"": false, ""predict_horizon_sec"": 0.009462877120551223, ""pulse_current_raw_max"": 12.0, ""pulse_current_raw_min"": 4.0, ""pulse_duration_max"": 0.6, ""pulse_duration_min"": 0.15, ""q_abs_guard_deg"": 55.0, ""qd_lpf_alpha"": 0.16931753157705637, ""rate"": 24.0, ""rbf_center_max"": 3.2, ""rbf_center_min"": -3.2, ""rbf_nodes"": 11.0, ""rbf_width"": 1.4631904539, ""ref_jump_deg_max"": 8.0, ""ref_jump_deg_min"": 2.0, ""ref_jump_duration_max"": 0.6, ""ref_jump_duration_min"": 0.15, ""reference_shape"": ""sine"", ""reset_zeta_after_motion"": false, ""reset_zeta_on_segment"": false, ""restore_mode"": false, ""sigma_mod"": 0.2460708825, ""sine_center_mode"": ""lock"", ""soft_start_sec"": 0.0, ""step_absolute_target_deg"": 100.0, ""step_absolute_target_rad"": null, ""step_delta_deg"": -40.0, ""step_ramp_sec"": 1.0, ""step_segment_sec"": 1.5, ""step_sequence_deg"": """", ""step_shape"": ""smoothstep"", ""step_start_sec"": 0.5, ""tail_err_full_deg"": 4.0, ""tail_err_thresh_deg"": 1.5, ""tail_kd"": 0.08906790538780132, ""tail_kp"": 0.0, ""tail_max_control_boost"": 0.0, ""tail_u_max"": 0.0, ""torque_to_current"": 210.0, ""zeta0"": 0.885692967, ""zeta_leak"": 0.0237735451, ""zeta_reset_delay_sec"": 0.0, ""zeta_reset_value"": null, ""zeta_soft"": 0.989185316}"
107,1,1.0,1000410.5896142363,528.0,21.958546000000002,2.2248728465443053,2.577574358347533,3.89914893492091,9.598133407125424,1.7605896142362114,0.0,0.06904532828282828,0.38202289913296467,1.4672559729,0.885692967,1.4503251269,0.5646321598999999,0.02566509818087121,0.096043182605,0.1408433811,0.0,0.0,0.0,1.0,6.328124998409123,2.3571405319870364,1.1918800678266441,1.0,1.9073684664245252,3.2015583699264982,3.3927372575883683,0.0,0.0,0.0,0.0,0.0,2.2248728465443053,3.89914893492091,9.598133407125424,0.0,0,23.399615115000415,/tmp/nussbaum_step_settle120_runs/optuna_t0107_r01.csv,,"{""alpha"": 7.1072835468, ""amplitude_deg"": 10.0, ""baudrate"": 1000000.0, ""command_sign"": -1.0, ""control_output_scale"": 1.0, ""current_bias_raw"": 1.201258421544291, ""current_limit_raw"": 0.0, ""default_mode"": 3.0, ""device"": ""/dev/ttyAMA0"", ""disable_anti_windup"": false, ""disable_freeze_nn_on_saturation"": false, ""disable_freeze_zeta_on_saturation"": false, ""disturb_interval_sec"": 30.0, ""disturb_jitter_sec"": 3.0, ""disturb_mode"": ""mixed"", ""disturb_seed"": -1.0, ""disturbance_placement"": ""mid_move"", ""duration"": 22.0, ""dxl_id"": 6.0, ""enable_disturbance"": false, ""frequency_hz"": 0.05, ""fric_coulomb"": 0.005843962362975474, ""fric_vel_scale"": 0.6443026345578267, ""gamma_adapt"": 8.7187500403, ""gamma_link"": 0.964232918509862, ""integral_limit"": 1.6504936083, ""k_delta"": 0.09840894978874233, ""max_abs_e_dot"": 1.0, ""max_control"": 0.21778945463494054, ""max_current_raw"": 45.0, ""max_current_slew"": 10.7692360515658, ""mid_disturbance_offset_sec"": 0.0, ""no_set_current_mode"": false, ""predict_horizon_sec"": 0.005699525392534459, ""pulse_current_raw_max"": 12.0, ""pulse_current_raw_min"": 4.0, ""pulse_duration_max"": 0.6, ""pulse_duration_min"": 0.15, ""q_abs_guard_deg"": 55.0, ""qd_lpf_alpha"": 0.13691215508928423, ""rate"": 24.0, ""rbf_center_max"": 3.2, ""rbf_center_min"": -3.2, ""rbf_nodes"": 11.0, ""rbf_width"": 1.4631904539, ""ref_jump_deg_max"": 8.0, ""ref_jump_deg_min"": 2.0, ""ref_jump_duration_max"": 0.6, ""ref_jump_duration_min"": 0.15, ""reference_shape"": ""sine"", ""reset_zeta_after_motion"": false, ""reset_zeta_on_segment"": false, ""restore_mode"": false, ""sigma_mod"": 0.2460708825, ""sine_center_mode"": ""lock"", ""soft_start_sec"": 0.0, ""step_absolute_target_deg"": 100.0, ""step_absolute_target_rad"": null, ""step_delta_deg"": -40.0, ""step_ramp_sec"": 1.0, ""step_segment_sec"": 1.5, ""step_sequence_deg"": """", ""step_shape"": ""smoothstep"", ""step_start_sec"": 0.5, ""tail_err_full_deg"": 4.0, ""tail_err_thresh_deg"": 1.5, ""tail_kd"": 0.13901578078715585, ""tail_kp"": 0.0, ""tail_max_control_boost"": 0.0, ""tail_u_max"": 0.0, ""torque_to_current"": 210.0, ""zeta0"": 0.885692967, ""zeta_leak"": 0.0237735451, ""zeta_reset_delay_sec"": 0.0, ""zeta_reset_value"": null, ""zeta_soft"": 0.989185316}"
108,1,1.0,31.91307320048632,528.0,21.958445,1.172210657415264,2.526937010237934,4.707717864185945,15.609228223769273,1.283613096204448,0.0,0.11485088383838385,0.21834351393684492,1.066846391,0.885692967,1.066846391,0.1811534239999999,0.008234246545454545,0.02618272207999992,0.1534115922,0.0,0.0,0.0,1.0,4.341796874911154,1.2916447702464025,2.458799079767718,1.0,0.1877643490539936,0.8104691498086436,0.9856419515310966,0.0,0.0,0.0,0.0,0.0,1.172210657415264,4.707717864185945,15.609228223769273,0.0,0,23.48210435599958,/tmp/nussbaum_step_settle120_runs/optuna_t0108_r01.csv,,"{""alpha"": 7.1072835468, ""amplitude_deg"": 10.0, ""baudrate"": 1000000.0, ""command_sign"": -1.0, ""control_output_scale"": 1.0, ""current_bias_raw"": 0.49999533479264, ""current_limit_raw"": 0.0, ""default_mode"": 3.0, ""device"": ""/dev/ttyAMA0"", ""disable_anti_windup"": false, ""disable_freeze_nn_on_saturation"": false, ""disable_freeze_zeta_on_saturation"": false, ""disturb_interval_sec"": 30.0, ""disturb_jitter_sec"": 3.0, ""disturb_mode"": ""mixed"", ""disturb_seed"": -1.0, ""disturbance_placement"": ""mid_move"", ""duration"": 22.0, ""dxl_id"": 6.0, ""enable_disturbance"": false, ""frequency_hz"": 0.05, ""fric_coulomb"": 0.0037781392733690212, ""fric_vel_scale"": 0.7211621864303409, ""gamma_adapt"": 8.7187500403, ""gamma_link"": 0.9403377966225432, ""integral_limit"": 1.6504936083, ""k_delta"": 0.10138305346609322, ""max_abs_e_dot"": 1.0, ""max_control"": 0.1839052373724042, ""max_current_raw"": 45.0, ""max_current_slew"": 16.296154797365155, ""mid_disturbance_offset_sec"": 0.0, ""no_set_current_mode"": false, ""predict_horizon_sec"": 0.007746705633044925, ""pulse_current_raw_max"": 12.0, ""pulse_current_raw_min"": 4.0, ""pulse_duration_max"": 0.6, ""pulse_duration_min"": 0.15, ""q_abs_guard_deg"": 55.0, ""qd_lpf_alpha"": 0.18774325687575816, ""rate"": 24.0, ""rbf_center_max"": 3.2, ""rbf_center_min"": -3.2, ""rbf_nodes"": 11.0, ""rbf_width"": 1.4631904539, ""ref_jump_deg_max"": 8.0, ""ref_jump_deg_min"": 2.0, ""ref_jump_duration_max"": 0.6, ""ref_jump_duration_min"": 0.15, ""reference_shape"": ""sine"", ""reset_zeta_after_motion"": false, ""reset_zeta_on_segment"": false, ""restore_mode"": false, ""sigma_mod"": 0.2460708825, ""sine_center_mode"": ""lock"", ""soft_start_sec"": 0.0, ""step_absolute_target_deg"": 100.0, ""step_absolute_target_rad"": null, ""step_delta_deg"": -40.0, ""step_ramp_sec"": 1.0, ""step_segment_sec"": 1.5, ""step_sequence_deg"": """", ""step_shape"": ""smoothstep"", ""step_start_sec"": 0.5, ""tail_err_full_deg"": 4.0, ""tail_err_thresh_deg"": 1.5, ""tail_kd"": 0.05625247376312214, ""tail_kp"": 0.0, ""tail_max_control_boost"": 0.0, ""tail_u_max"": 0.0, ""torque_to_current"": 210.0, ""zeta0"": 0.885692967, ""zeta_leak"": 0.0237735451, ""zeta_reset_delay_sec"": 0.0, ""zeta_reset_value"": null, ""zeta_soft"": 0.989185316}"
109,1,1.0,1000432.6475442995,528.0,21.958527,6.5535999092172466,7.803609481015841,15.402853366653673,19.709055160047107,1.7826475442994918,0.0,0.10173728956228957,0.8570444444840091,1.087228478,0.885692967,1.0872200452,0.20152707820000004,0.009160321735227272,0.06573622536,0.1641210222,0.0,0.0,0.0,1.0,22.83398437541885,7.6009666045034665,2.075390750845509,1.0,6.728437340143344,14.99525470629368,16.320446132127593,0.0,0.0,0.0,0.0,0.0,6.5535999092172466,15.402853366653673,19.709055160047107,0.0,0,23.386323671000355,/tmp/nussbaum_step_settle120_runs/optuna_t0109_r01.csv,,"{""alpha"": 7.1072835468, ""amplitude_deg"": 10.0, ""baudrate"": 1000000.0, ""command_sign"": -1.0, ""control_output_scale"": 1.0, ""current_bias_raw"": 0.9294847679420576, ""current_limit_raw"": 0.0, ""default_mode"": 3.0, ""device"": ""/dev/ttyAMA0"", ""disable_anti_windup"": false, ""disable_freeze_nn_on_saturation"": false, ""disable_freeze_zeta_on_saturation"": false, ""disturb_interval_sec"": 30.0, ""disturb_jitter_sec"": 3.0, ""disturb_mode"": ""mixed"", ""disturb_seed"": -1.0, ""disturbance_placement"": ""mid_move"", ""duration"": 22.0, ""dxl_id"": 6.0, ""enable_disturbance"": false, ""frequency_hz"": 0.05, ""fric_coulomb"": 0.0029500537806147415, ""fric_vel_scale"": 0.8442200557310288, ""gamma_adapt"": 8.7187500403, ""gamma_link"": 0.917516752437373, ""integral_limit"": 1.6504936083, ""k_delta"": 0.11547754830824422, ""max_abs_e_dot"": 1.0, ""max_control"": 0.17692335630740613, ""max_current_raw"": 45.0, ""max_current_slew"": 32.31498853132349, ""mid_disturbance_offset_sec"": 0.0, ""no_set_current_mode"": false, ""predict_horizon_sec"": 0.006096867550247679, ""pulse_current_raw_max"": 12.0, ""pulse_current_raw_min"": 4.0, ""pulse_duration_max"": 0.6, ""pulse_duration_min"": 0.15, ""q_abs_guard_deg"": 55.0, ""qd_lpf_alpha"": 0.15147849389269386, ""rate"": 24.0, ""rbf_center_max"": 3.2, ""rbf_center_min"": -3.2, ""rbf_nodes"": 11.0, ""rbf_width"": 1.4631904539, ""ref_jump_deg_max"": 8.0, ""ref_jump_deg_min"": 2.0, ""ref_jump_duration_max"": 0.6, ""ref_jump_duration_min"": 0.15, ""reference_shape"": ""sine"", ""reset_zeta_after_motion"": false, ""reset_zeta_on_segment"": false, ""restore_mode"": false, ""sigma_mod"": 0.2460708825, ""sine_center_mode"": ""lock"", ""soft_start_sec"": 0.0, ""step_absolute_target_deg"": 100.0, ""step_absolute_target_rad"": null, ""step_delta_deg"": -40.0, ""step_ramp_sec"": 1.0, ""step_segment_sec"": 1.5, ""step_sequence_deg"": """", ""step_shape"": ""smoothstep"", ""step_start_sec"": 0.5, ""tail_err_full_deg"": 4.0, ""tail_err_thresh_deg"": 1.5, ""tail_kd"": 0.023809573658327234, ""tail_kp"": 0.0, ""tail_max_control_boost"": 0.0, ""tail_u_max"": 0.0, ""torque_to_current"": 210.0, ""zeta0"": 0.885692967, ""zeta_leak"": 0.0237735451, ""zeta_reset_delay_sec"": 0.0, ""zeta_reset_value"": null, ""zeta_soft"": 0.989185316}"
110,1,1.0,1000091.5690983934,528.0,21.958458,0.9255235330189547,1.5342411774183098,4.305316399707264,5.17869191138118,1.300946341425854,0.0,0.08615938552188553,0.16536081330481753,1.0602729099,0.885692967,1.0602729099,0.1745799428999999,0.007935451951515151,0.044393859524999905,0.2156563721,0.0,0.0,0.0,1.0,2.9003906249870255,0.9808950650419257,4.915690983934539,1.0,0.5043813360471654,1.3378906228333738,1.3378906342925296,0.0,0.0,0.0,0.0,0.0,0.9255235330189547,4.305316399707264,5.17869191138118,0.0,0,23.38364159699995,/tmp/nussbaum_step_settle120_runs/optuna_t0110_r01.csv,,"{""alpha"": 7.1072835468, ""amplitude_deg"": 10.0, ""baudrate"": 1000000.0, ""command_sign"": -1.0, ""control_output_scale"": 1.0, ""current_bias_raw"": 0.4126985748072546, ""current_limit_raw"": 0.0, ""default_mode"": 3.0, ""device"": ""/dev/ttyAMA0"", ""disable_anti_windup"": false, ""disable_freeze_nn_on_saturation"": false, ""disable_freeze_zeta_on_saturation"": false, ""disturb_interval_sec"": 30.0, ""disturb_jitter_sec"": 3.0, ""disturb_mode"": ""mixed"", ""disturb_seed"": -1.0, ""disturbance_placement"": ""mid_move"", ""duration"": 22.0, ""dxl_id"": 6.0, ""enable_disturbance"": false, ""frequency_hz"": 0.05, ""fric_coulomb"": 0.0009911400082614251, ""fric_vel_scale"": 0.669566625622632, ""gamma_adapt"": 8.7187500403, ""gamma_link"": 0.9850395874386746, ""integral_limit"": 1.6504936083, ""k_delta"": 0.1066931297151941, ""max_abs_e_dot"": 1.0, ""max_control"": 0.2057014053541767, ""max_current_raw"": 45.0, ""max_current_slew"": 10.097295322953292, ""mid_disturbance_offset_sec"": 0.0, ""no_set_current_mode"": false, ""predict_horizon_sec"": 0.00818814631312051, ""pulse_current_raw_max"": 12.0, ""pulse_current_raw_min"": 4.0, ""pulse_duration_max"": 0.6, ""pulse_duration_min"": 0.15, ""q_abs_guard_deg"": 55.0, ""qd_lpf_alpha"": 0.18430024591563032, ""rate"": 24.0, ""rbf_center_max"": 3.2, ""rbf_center_min"": -3.2, ""rbf_nodes"": 11.0, ""rbf_width"": 1.4631904539, ""ref_jump_deg_max"": 8.0, ""ref_jump_deg_min"": 2.0, ""ref_jump_duration_max"": 0.6, ""ref_jump_duration_min"": 0.15, ""reference_shape"": ""sine"", ""reset_zeta_after_motion"": false, ""reset_zeta_on_segment"": false, ""restore_mode"": false, ""sigma_mod"": 0.2460708825, ""sine_center_mode"": ""lock"", ""soft_start_sec"": 0.0, ""step_absolute_target_deg"": 100.0, ""step_absolute_target_rad"": null, ""step_delta_deg"": -40.0, ""step_ramp_sec"": 1.0, ""step_segment_sec"": 1.5, ""step_sequence_deg"": """", ""step_shape"": ""smoothstep"", ""step_start_sec"": 0.5, ""tail_err_full_deg"": 4.0, ""tail_err_thresh_deg"": 1.5, ""tail_kd"": 0.025168555357441197, ""tail_kp"": 0.0, ""tail_max_control_boost"": 0.0, ""tail_u_max"": 0.0, ""torque_to_current"": 210.0, ""zeta0"": 0.885692967, ""zeta_leak"": 0.0237735451, ""zeta_reset_delay_sec"": 0.0, ""zeta_reset_value"": null, ""zeta_soft"": 0.989185316}"
111,1,1.0,1000009.1159944634,528.0,21.958438,0.5339235654027431,1.378998105629441,3.2740187944312025,7.525559240465118,1.3591159944634321,0.0,0.11175004208754209,0.21479018530738575,1.0676268543,0.885692967,1.0676268543,0.18193388730000004,0.008269722148863637,0.013704228349999997,0.14697141,0.0,0.0,0.0,1.0,0.8261718757949836,0.4338456619693213,3.196382085546128,1.0,0.07336831111429264,0.19531250026920854,0.19531250026920854,0.0,0.0,0.0,0.0,0.0,0.5339235654027431,3.2740187944312025,7.525559240465118,0.0,0,23.383709392999663,/tmp/nussbaum_step_settle120_runs/optuna_t0111_r01.csv,,"{""alpha"": 7.1072835468, ""amplitude_deg"": 10.0, ""baudrate"": 1000000.0, ""command_sign"": -1.0, ""control_output_scale"": 1.0, ""current_bias_raw"": 1.072136573789676, ""current_limit_raw"": 0.0, ""default_mode"": 3.0, ""device"": ""/dev/ttyAMA0"", ""disable_anti_windup"": false, ""disable_freeze_nn_on_saturation"": false, ""disable_freeze_zeta_on_saturation"": false, ""disturb_interval_sec"": 30.0, ""disturb_jitter_sec"": 3.0, ""disturb_mode"": ""mixed"", ""disturb_seed"": -1.0, ""disturbance_placement"": ""mid_move"", ""duration"": 22.0, ""dxl_id"": 6.0, ""enable_disturbance"": false, ""frequency_hz"": 0.05, ""fric_coulomb"": 0.0011989683950271255, ""fric_vel_scale"": 0.6030583309708764, ""gamma_adapt"": 8.7187500403, ""gamma_link"": 1.0390205787756628, ""integral_limit"": 1.6504936083, ""k_delta"": 0.095417312038501, ""max_abs_e_dot"": 1.0, ""max_control"": 0.21514264690748566, ""max_current_raw"": 45.0, ""max_current_slew"": 12.0493320448183, ""mid_disturbance_offset_sec"": 0.0, ""no_set_current_mode"": false, ""predict_horizon_sec"": 0.012294172914538838, ""pulse_current_raw_max"": 12.0, ""pulse_current_raw_min"": 4.0, ""pulse_duration_max"": 0.6, ""pulse_duration_min"": 0.15, ""q_abs_guard_deg"": 55.0, ""qd_lpf_alpha"": 0.12214716486473326, ""rate"": 24.0, ""rbf_center_max"": 3.2, ""rbf_center_min"": -3.2, ""rbf_nodes"": 11.0, ""rbf_width"": 1.4631904539, ""ref_jump_deg_max"": 8.0, ""ref_jump_deg_min"": 2.0, ""ref_jump_duration_max"": 0.6, ""ref_jump_duration_min"": 0.15, ""reference_shape"": ""sine"", ""reset_zeta_after_motion"": false, ""reset_zeta_on_segment"": false, ""restore_mode"": false, ""sigma_mod"": 0.2460708825, ""sine_center_mode"": ""lock"", ""soft_start_sec"": 0.0, ""step_absolute_target_deg"": 100.0, ""step_absolute_target_rad"": null, ""step_delta_deg"": -40.0, ""step_ramp_sec"": 1.0, ""step_segment_sec"": 1.5, ""step_sequence_deg"": """", ""step_shape"": ""smoothstep"", ""step_start_sec"": 0.5, ""tail_err_full_deg"": 4.0, ""tail_err_thresh_deg"": 1.5, ""tail_kd"": 0.08155633200870664, ""tail_kp"": 0.0, ""tail_max_control_boost"": 0.0, ""tail_u_max"": 0.0, ""torque_to_current"": 210.0, ""zeta0"": 0.885692967, ""zeta_leak"": 0.0237735451, ""zeta_reset_delay_sec"": 0.0, ""zeta_reset_value"": null, ""zeta_soft"": 0.989185316}"
112,1,1.0,1000043.601248203,528.0,21.958432000000002,1.2191399148073376,2.5485156278758088,4.516712358709502,13.001238370394152,1.1609256033399005,0.0,0.09684907407407409,0.2950300723303655,1.1306422375,0.885692967,1.1306422375,0.24494927050000004,0.011134057746969699,0.06287335586999998,0.2211168162,0.0,0.0,0.0,1.0,5.396484377510788,1.798206748859537,4.436012482029173,1.0,0.20208717799653203,0.37109375165741176,0.37109375165741176,0.0,0.0,0.0,0.0,0.0,1.2191399148073376,4.516712358709502,13.001238370394152,0.0,0,23.444942337999237,/tmp/nussbaum_step_settle120_runs/optuna_t0112_r01.csv,,"{""alpha"": 7.1072835468, ""amplitude_deg"": 10.0, ""baudrate"": 1000000.0, ""command_sign"": -1.0, ""control_output_scale"": 1.0, ""current_bias_raw"": 1.024405318495077, ""current_limit_raw"": 0.0, ""default_mode"": 3.0, ""device"": ""/dev/ttyAMA0"", ""disable_anti_windup"": false, ""disable_freeze_nn_on_saturation"": false, ""disable_freeze_zeta_on_saturation"": false, ""disturb_interval_sec"": 30.0, ""disturb_jitter_sec"": 3.0, ""disturb_mode"": ""mixed"", ""disturb_seed"": -1.0, ""disturbance_placement"": ""mid_move"", ""duration"": 22.0, ""dxl_id"": 6.0, ""enable_disturbance"": false, ""frequency_hz"": 0.05, ""fric_coulomb"": 0.009955691743581564, ""fric_vel_scale"": 0.5561644050949353, ""gamma_adapt"": 8.7187500403, ""gamma_link"": 1.0683906505068808, ""integral_limit"": 1.6504936083, ""k_delta"": 0.1026983765377253, ""max_abs_e_dot"": 1.0, ""max_control"": 0.19495894237985542, ""max_current_raw"": 45.0, ""max_current_slew"": 16.536803978278055, ""mid_disturbance_offset_sec"": 0.0, ""no_set_current_mode"": false, ""predict_horizon_sec"": 0.010856990398852887, ""pulse_current_raw_max"": 12.0, ""pulse_current_raw_min"": 4.0, ""pulse_duration_max"": 0.6, ""pulse_duration_min"": 0.15, ""q_abs_guard_deg"": 55.0, ""qd_lpf_alpha"": 0.17137273040346013, ""rate"": 24.0, ""rbf_center_max"": 3.2, ""rbf_center_min"": -3.2, ""rbf_nodes"": 11.0, ""rbf_width"": 1.4631904539, ""ref_jump_deg_max"": 8.0, ""ref_jump_deg_min"": 2.0, ""ref_jump_duration_max"": 0.6, ""ref_jump_duration_min"": 0.15, ""reference_shape"": ""sine"", ""reset_zeta_after_motion"": false, ""reset_zeta_on_segment"": false, ""restore_mode"": false, ""sigma_mod"": 0.2460708825, ""sine_center_mode"": ""lock"", ""soft_start_sec"": 0.0, ""step_absolute_target_deg"": 100.0, ""step_absolute_target_rad"": null, ""step_delta_deg"": -40.0, ""step_ramp_sec"": 1.0, ""step_segment_sec"": 1.5, ""step_sequence_deg"": """", ""step_shape"": ""smoothstep"", ""step_start_sec"": 0.5, ""tail_err_full_deg"": 4.0, ""tail_err_thresh_deg"": 1.5, ""tail_kd"": 0.09455887752907455, ""tail_kp"": 0.0, ""tail_max_control_boost"": 0.0, ""tail_u_max"": 0.0, ""torque_to_current"": 210.0, ""zeta0"": 0.885692967, ""zeta_leak"": 0.0237735451, ""zeta_reset_delay_sec"": 0.0, ""zeta_reset_value"": null, ""zeta_soft"": 0.989185316}"
113,1,1.0,1000139.3884524968,528.0,21.958455,1.4707913901545735,2.6424577957830446,5.629046457723565,10.220002821598245,1.4893884524968135,0.0,0.03952272727272727,0.21102579816254874,1.0962732253,0.8856930312,1.0671750224,0.18148199120000008,0.00824918433901515,0.06455775379499992,0.1616094226,0.0,0.0,0.0,1.0,6.714843751463164,2.3549641340008334,7.450129366174924,1.0,0.10376097366109685,0.33203124816582336,0.33203124816582336,0.0,0.0,0.0,0.0,0.0,1.4707913901545735,5.629046457723565,10.220002821598245,0.0,0,23.381466264000665,/tmp/nussbaum_step_settle120_runs/optuna_t0113_r01.csv,,"{""alpha"": 7.1072835468, ""amplitude_deg"": 10.0, ""baudrate"": 1000000.0, ""command_sign"": -1.0, ""control_output_scale"": 1.0, ""current_bias_raw"": 0.3200487181856875, ""current_limit_raw"": 0.0, ""default_mode"": 3.0, ""device"": ""/dev/ttyAMA0"", ""disable_anti_windup"": false, ""disable_freeze_nn_on_saturation"": false, ""disable_freeze_zeta_on_saturation"": false, ""disturb_interval_sec"": 30.0, ""disturb_jitter_sec"": 3.0, ""disturb_mode"": ""mixed"", ""disturb_seed"": -1.0, ""disturbance_placement"": ""mid_move"", ""duration"": 22.0, ""dxl_id"": 6.0, ""enable_disturbance"": false, ""frequency_hz"": 0.05, ""fric_coulomb"": 0.0036203624223381465, ""fric_vel_scale"": 0.31783803113330655, ""gamma_adapt"": 8.7187500403, ""gamma_link"": 1.148507749859561, ""integral_limit"": 1.6504936083, ""k_delta"": 0.11829062985122238, ""max_abs_e_dot"": 1.0, ""max_control"": 0.2186296131163571, ""max_current_raw"": 45.0, ""max_current_slew"": 10.269321911147129, ""mid_disturbance_offset_sec"": 0.0, ""no_set_current_mode"": false, ""predict_horizon_sec"": 0.010444988450107646, ""pulse_current_raw_max"": 12.0, ""pulse_current_raw_min"": 4.0, ""pulse_duration_max"": 0.6, ""pulse_duration_min"": 0.15, ""q_abs_guard_deg"": 55.0, ""qd_lpf_alpha"": 0.23296375601414065, ""rate"": 24.0, ""rbf_center_max"": 3.2, ""rbf_center_min"": -3.2, ""rbf_nodes"": 11.0, ""rbf_width"": 1.4631904539, ""ref_jump_deg_max"": 8.0, ""ref_jump_deg_min"": 2.0, ""ref_jump_duration_max"": 0.6, ""ref_jump_duration_min"": 0.15, ""reference_shape"": ""sine"", ""reset_zeta_after_motion"": false, ""reset_zeta_on_segment"": false, ""restore_mode"": false, ""sigma_mod"": 0.2460708825, ""sine_center_mode"": ""lock"", ""soft_start_sec"": 0.0, ""step_absolute_target_deg"": 100.0, ""step_absolute_target_rad"": null, ""step_delta_deg"": -40.0, ""step_ramp_sec"": 1.0, ""step_segment_sec"": 1.5, ""step_sequence_deg"": """", ""step_shape"": ""smoothstep"", ""step_start_sec"": 0.5, ""tail_err_full_deg"": 4.0, ""tail_err_thresh_deg"": 1.5, ""tail_kd"": 0.07833155998132785, ""tail_kp"": 0.0, ""tail_max_control_boost"": 0.0, ""tail_u_max"": 0.0, ""torque_to_current"": 210.0, ""zeta0"": 0.885692967, ""zeta_leak"": 0.0237735451, ""zeta_reset_delay_sec"": 0.0, ""zeta_reset_value"": null, ""zeta_soft"": 0.989185316}"
114,1,1.0,65.27919452726405,528.0,21.958442,2.995331918895751,3.824133326792504,7.611867824549109,12.685828387222799,1.1792764885450617,0.0,0.07507853535353536,0.5845116574077904,1.5682297267,0.8856930254,1.5615981991,0.6759051737000001,0.03072296509791667,0.111382923345,0.5686225359,0.0,0.0,0.0,1.0,11.54882812453171,3.5086357870316394,1.8173715814505587,1.0,2.836038716627721,7.199508391119789,8.028756662382191,0.0,0.0,0.0,0.0,0.0,2.995331918895751,7.611867824549109,12.685828387222799,0.0,0,23.593142263999653,/tmp/nussbaum_step_settle120_runs/optuna_t0114_r01.csv,,"{""alpha"": 7.1072835468, ""amplitude_deg"": 10.0, ""baudrate"": 1000000.0, ""command_sign"": -1.0, ""control_output_scale"": 1.0, ""current_bias_raw"": 0.6653821301562204, ""current_limit_raw"": 0.0, ""default_mode"": 3.0, ""device"": ""/dev/ttyAMA0"", ""disable_anti_windup"": false, ""disable_freeze_nn_on_saturation"": false, ""disable_freeze_zeta_on_saturation"": false, ""disturb_interval_sec"": 30.0, ""disturb_jitter_sec"": 3.0, ""disturb_mode"": ""mixed"", ""disturb_seed"": -1.0, ""disturbance_placement"": ""mid_move"", ""duration"": 22.0, ""dxl_id"": 6.0, ""enable_disturbance"": false, ""frequency_hz"": 0.05, ""fric_coulomb"": 0.005843321311066865, ""fric_vel_scale"": 0.9086875896508513, ""gamma_adapt"": 8.7187500403, ""gamma_link"": 1.0098092153434721, ""integral_limit"": 1.6504936083, ""k_delta"": 0.14010688358862178, ""max_abs_e_dot"": 1.0, ""max_control"": 0.20526543559437987, ""max_current_raw"": 45.0, ""max_current_slew"": 20.769557159292116, ""mid_disturbance_offset_sec"": 0.0, ""no_set_current_mode"": false, ""predict_horizon_sec"": 0.009592107095428438, ""pulse_current_raw_max"": 12.0, ""pulse_current_raw_min"": 4.0, ""pulse_duration_max"": 0.6, ""pulse_duration_min"": 0.15, ""q_abs_guard_deg"": 55.0, ""qd_lpf_alpha"": 0.17879639678312823, ""rate"": 24.0, ""rbf_center_max"": 3.2, ""rbf_center_min"": -3.2, ""rbf_nodes"": 11.0, ""rbf_width"": 1.4631904539, ""ref_jump_deg_max"": 8.0, ""ref_jump_deg_min"": 2.0, ""ref_jump_duration_max"": 0.6, ""ref_jump_duration_min"": 0.15, ""reference_shape"": ""sine"", ""reset_zeta_after_motion"": false, ""reset_zeta_on_segment"": false, ""restore_mode"": false, ""sigma_mod"": 0.2460708825, ""sine_center_mode"": ""lock"", ""soft_start_sec"": 0.0, ""step_absolute_target_deg"": 100.0, ""step_absolute_target_rad"": null, ""step_delta_deg"": -40.0, ""step_ramp_sec"": 1.0, ""step_segment_sec"": 1.5, ""step_sequence_deg"": """", ""step_shape"": ""smoothstep"", ""step_start_sec"": 0.5, ""tail_err_full_deg"": 4.0, ""tail_err_thresh_deg"": 1.5, ""tail_kd"": 0.11224892509522082, ""tail_kp"": 0.0, ""tail_max_control_boost"": 0.0, ""tail_u_max"": 0.0, ""torque_to_current"": 210.0, ""zeta0"": 0.885692967, ""zeta_leak"": 0.0237735451, ""zeta_reset_delay_sec"": 0.0, ""zeta_reset_value"": null, ""zeta_soft"": 0.989185316}"
115,1,1.0,1000236.0766875435,528.0,21.958555,0.7398419280854345,1.9092932726388412,3.035598455675922,12.64941701674506,0.9527213419364668,0.0,0.13088101851851852,0.27704660798973907,1.069554911,0.885692967,1.069554911,0.183861944,0.008357361086742425,0.01718279865499998,0.1319464293,0.0,0.0,0.0,1.0,1.7050781212768271,0.6084074525336428,6.360766875435232,1.0,0.04461196920006775,0.1074218745751069,0.19531250026920854,0.0,0.0,0.0,0.0,0.0,0.7398419280854345,3.035598455675922,12.64941701674506,0.0,0,23.382701671000177,/tmp/nussbaum_step_settle120_runs/optuna_t0115_r01.csv,,"{""alpha"": 7.1072835468, ""amplitude_deg"": 10.0, ""baudrate"": 1000000.0, ""command_sign"": -1.0, ""control_output_scale"": 1.0, ""current_bias_raw"": 0.863388798289908, ""current_limit_raw"": 0.0, ""default_mode"": 3.0, ""device"": ""/dev/ttyAMA0"", ""disable_anti_windup"": false, ""disable_freeze_nn_on_saturation"": false, ""disable_freeze_zeta_on_saturation"": false, ""disturb_interval_sec"": 30.0, ""disturb_jitter_sec"": 3.0, ""disturb_mode"": ""mixed"", ""disturb_seed"": -1.0, ""disturbance_placement"": ""mid_move"", ""duration"": 22.0, ""dxl_id"": 6.0, ""enable_disturbance"": false, ""frequency_hz"": 0.05, ""fric_coulomb"": 0.00021619871524540383, ""fric_vel_scale"": 0.6357506030572304, ""gamma_adapt"": 8.7187500403, ""gamma_link"": 0.9494136816971976, ""integral_limit"": 1.6504936083, ""k_delta"": 0.10857286087140383, ""max_abs_e_dot"": 1.0, ""max_control"": 0.14798915646058072, ""max_current_raw"": 45.0, ""max_current_slew"": 19.08928883104882, ""mid_disturbance_offset_sec"": 0.0, ""no_set_current_mode"": false, ""predict_horizon_sec"": 0.005743457026003667, ""pulse_current_raw_max"": 12.0, ""pulse_current_raw_min"": 4.0, ""pulse_duration_max"": 0.6, ""pulse_duration_min"": 0.15, ""q_abs_guard_deg"": 55.0, ""qd_lpf_alpha"": 0.19785680781166554, ""rate"": 24.0, ""rbf_center_max"": 3.2, ""rbf_center_min"": -3.2, ""rbf_nodes"": 11.0, ""rbf_width"": 1.4631904539, ""ref_jump_deg_max"": 8.0, ""ref_jump_deg_min"": 2.0, ""ref_jump_duration_max"": 0.6, ""ref_jump_duration_min"": 0.15, ""reference_shape"": ""sine"", ""reset_zeta_after_motion"": false, ""reset_zeta_on_segment"": false, ""restore_mode"": false, ""sigma_mod"": 0.2460708825, ""sine_center_mode"": ""lock"", ""soft_start_sec"": 0.0, ""step_absolute_target_deg"": 100.0, ""step_absolute_target_rad"": null, ""step_delta_deg"": -40.0, ""step_ramp_sec"": 1.0, ""step_segment_sec"": 1.5, ""step_sequence_deg"": """", ""step_shape"": ""smoothstep"", ""step_start_sec"": 0.5, ""tail_err_full_deg"": 4.0, ""tail_err_thresh_deg"": 1.5, ""tail_kd"": 0.0995144951722444, ""tail_kp"": 0.0, ""tail_max_control_boost"": 0.0, ""tail_u_max"": 0.0, ""torque_to_current"": 210.0, ""zeta0"": 0.885692967, ""zeta_leak"": 0.0237735451, ""zeta_reset_delay_sec"": 0.0, ""zeta_reset_value"": null, ""zeta_soft"": 0.989185316}"
116,1,1.0,1000016.6021762411,528.0,21.958583,2.9867599903090745,3.7928992062186837,7.30756677396331,15.730034358061168,1.3666021762410823,0.0,0.07923110269360269,0.6623404008193787,1.3854159951,0.885692967,1.3854159951,0.4997230281,0.022714683093560607,0.08608213316999999,0.1561391931,0.0,0.0,0.0,1.0,10.705078123597886,3.2774000680973496,1.9777395260384643,1.0,2.803340366899238,6.756046001937008,7.806623010776346,0.0,0.0,0.0,0.0,0.0,2.9867599903090745,7.30756677396331,15.730034358061168,0.0,0,23.386873153000124,/tmp/nussbaum_step_settle120_runs/optuna_t0116_r01.csv,,"{""alpha"": 7.1072835468, ""amplitude_deg"": 10.0, ""baudrate"": 1000000.0, ""command_sign"": -1.0, ""control_output_scale"": 1.0, ""current_bias_raw"": 1.3726322075694148, ""current_limit_raw"": 0.0, ""default_mode"": 3.0, ""device"": ""/dev/ttyAMA0"", ""disable_anti_windup"": false, ""disable_freeze_nn_on_saturation"": false, ""disable_freeze_zeta_on_saturation"": false, ""disturb_interval_sec"": 30.0, ""disturb_jitter_sec"": 3.0, ""disturb_mode"": ""mixed"", ""disturb_seed"": -1.0, ""disturbance_placement"": ""mid_move"", ""duration"": 22.0, ""dxl_id"": 6.0, ""enable_disturbance"": false, ""frequency_hz"": 0.05, ""fric_coulomb"": 0.00028316878758492684, ""fric_vel_scale"": 0.3997725784176213, ""gamma_adapt"": 8.7187500403, ""gamma_link"": 0.985433727260011, ""integral_limit"": 1.6504936083, ""k_delta"": 0.05293137121510914, ""max_abs_e_dot"": 1.0, ""max_control"": 0.17337443501996136, ""max_current_raw"": 45.0, ""max_current_slew"": 20.2409370843578, ""mid_disturbance_offset_sec"": 0.0, ""no_set_current_mode"": false, ""predict_horizon_sec"": 0.013466754064986486, ""pulse_current_raw_max"": 12.0, ""pulse_current_raw_min"": 4.0, ""pulse_duration_max"": 0.6, ""pulse_duration_min"": 0.15, ""q_abs_guard_deg"": 55.0, ""qd_lpf_alpha"": 0.19489626806894536, ""rate"": 24.0, ""rbf_center_max"": 3.2, ""rbf_center_min"": -3.2, ""rbf_nodes"": 11.0, ""rbf_width"": 1.4631904539, ""ref_jump_deg_max"": 8.0, ""ref_jump_deg_min"": 2.0, ""ref_jump_duration_max"": 0.6, ""ref_jump_duration_min"": 0.15, ""reference_shape"": ""sine"", ""reset_zeta_after_motion"": false, ""reset_zeta_on_segment"": false, ""restore_mode"": false, ""sigma_mod"": 0.2460708825, ""sine_center_mode"": ""lock"", ""soft_start_sec"": 0.0, ""step_absolute_target_deg"": 100.0, ""step_absolute_target_rad"": null, ""step_delta_deg"": -40.0, ""step_ramp_sec"": 1.0, ""step_segment_sec"": 1.5, ""step_sequence_deg"": """", ""step_shape"": ""smoothstep"", ""step_start_sec"": 0.5, ""tail_err_full_deg"": 4.0, ""tail_err_thresh_deg"": 1.5, ""tail_kd"": 0.029424347313518194, ""tail_kp"": 0.0, ""tail_max_control_boost"": 0.0, ""tail_u_max"": 0.0, ""torque_to_current"": 210.0, ""zeta0"": 0.885692967, ""zeta_leak"": 0.0237735451, ""zeta_reset_delay_sec"": 0.0, ""zeta_reset_value"": null, ""zeta_soft"": 0.989185316}"
117,1,1.0,1000412.8380376954,528.0,21.958451,1.2746839148402997,2.041504301751527,4.499766852315105,8.755665340816535,1.7628380376953492,0.0,0.0271635101010101,0.12145729111153497,0.9353352822,0.885692967,0.9353352822,0.04964231519999995,0.002256468873674242,0.009482699914999998,0.1051823452,0.0,0.0,0.0,1.0,5.1328125004285,1.311462252238562,7.150116133959921,1.0,0.6992805030618593,1.6015624999156788,1.6015624999156788,0.0,0.0,0.0,0.0,0.0,1.2746839148402997,4.499766852315105,8.755665340816535,0.0,0,23.395392708000145,/tmp/nussbaum_step_settle120_runs/optuna_t0117_r01.csv,,"{""alpha"": 7.1072835468, ""amplitude_deg"": 10.0, ""baudrate"": 1000000.0, ""command_sign"": -1.0, ""control_output_scale"": 1.0, ""current_bias_raw"": -0.02946772547038673, ""current_limit_raw"": 0.0, ""default_mode"": 3.0, ""device"": ""/dev/ttyAMA0"", ""disable_anti_windup"": false, ""disable_freeze_nn_on_saturation"": false, ""disable_freeze_zeta_on_saturation"": false, ""disturb_interval_sec"": 30.0, ""disturb_jitter_sec"": 3.0, ""disturb_mode"": ""mixed"", ""disturb_seed"": -1.0, ""disturbance_placement"": ""mid_move"", ""duration"": 22.0, ""dxl_id"": 6.0, ""enable_disturbance"": false, ""frequency_hz"": 0.05, ""fric_coulomb"": 0.009016817709798486, ""fric_vel_scale"": 1.1239474640264906, ""gamma_adapt"": 8.7187500403, ""gamma_link"": 0.950573104732628, ""integral_limit"": 1.6504936083, ""k_delta"": 0.09022850807118817, ""max_abs_e_dot"": 1.0, ""max_control"": 0.13007684581306658, ""max_current_raw"": 45.0, ""max_current_slew"": 8.101709048478963, ""mid_disturbance_offset_sec"": 0.0, ""no_set_current_mode"": false, ""predict_horizon_sec"": 0.007850644533539047, ""pulse_current_raw_max"": 12.0, ""pulse_current_raw_min"": 4.0, ""pulse_duration_max"": 0.6, ""pulse_duration_min"": 0.15, ""q_abs_guard_deg"": 55.0, ""qd_lpf_alpha"": 0.19208737144903673, ""rate"": 24.0, ""rbf_center_max"": 3.2, ""rbf_center_min"": -3.2, ""rbf_nodes"": 11.0, ""rbf_width"": 1.4631904539, ""ref_jump_deg_max"": 8.0, ""ref_jump_deg_min"": 2.0, ""ref_jump_duration_max"": 0.6, ""ref_jump_duration_min"": 0.15, ""reference_shape"": ""sine"", ""reset_zeta_after_motion"": false, ""reset_zeta_on_segment"": false, ""restore_mode"": false, ""sigma_mod"": 0.2460708825, ""sine_center_mode"": ""lock"", ""soft_start_sec"": 0.0, ""step_absolute_target_deg"": 100.0, ""step_absolute_target_rad"": null, ""step_delta_deg"": -40.0, ""step_ramp_sec"": 1.0, ""step_segment_sec"": 1.5, ""step_sequence_deg"": """", ""step_shape"": ""smoothstep"", ""step_start_sec"": 0.5, ""tail_err_full_deg"": 4.0, ""tail_err_thresh_deg"": 1.5, ""tail_kd"": 0.020149925889907147, ""tail_kp"": 0.0, ""tail_max_control_boost"": 0.0, ""tail_u_max"": 0.0, ""torque_to_current"": 210.0, ""zeta0"": 0.885692967, ""zeta_leak"": 0.0237735451, ""zeta_reset_delay_sec"": 0.0, ""zeta_reset_value"": null, ""zeta_soft"": 0.989185316}"
118,1,1.0,1000357.1727095039,528.0,21.958424,0.8540831113747411,1.92604802291787,4.901536068180099,9.83983487377876,1.7071727095039344,0.0,0.10484549663299664,0.3377924774631892,1.0505049705,0.885692967,1.0505049705,0.16481200350000003,0.007491454701136364,0.025145386244999998,0.0889359675,0.0,0.0,0.0,1.0,2.1972656251638085,1.3879153600019543,1.8123556191015033,1.0,0.06655759842212977,0.1074218745751069,0.1074218745751069,0.0,0.0,0.0,0.0,0.0,0.8540831113747411,4.901536068180099,9.83983487377876,0.0,0,23.458117078000214,/tmp/nussbaum_step_settle120_runs/optuna_t0118_r01.csv,,"{""alpha"": 7.1072835468, ""amplitude_deg"": 10.0, ""baudrate"": 1000000.0, ""command_sign"": -1.0, ""control_output_scale"": 1.0, ""current_bias_raw"": 1.4751762378858426, ""current_limit_raw"": 0.0, ""default_mode"": 3.0, ""device"": ""/dev/ttyAMA0"", ""disable_anti_windup"": false, ""disable_freeze_nn_on_saturation"": false, ""disable_freeze_zeta_on_saturation"": false, ""disturb_interval_sec"": 30.0, ""disturb_jitter_sec"": 3.0, ""disturb_mode"": ""mixed"", ""disturb_seed"": -1.0, ""disturbance_placement"": ""mid_move"", ""duration"": 22.0, ""dxl_id"": 6.0, ""enable_disturbance"": false, ""frequency_hz"": 0.05, ""fric_coulomb"": 0.00046141363414660755, ""fric_vel_scale"": 0.4952798997374963, ""gamma_adapt"": 8.7187500403, ""gamma_link"": 1.1432796243917582, ""integral_limit"": 1.6504936083, ""k_delta"": 0.11313884037121145, ""max_abs_e_dot"": 1.0, ""max_control"": 0.12778199760899542, ""max_current_raw"": 45.0, ""max_current_slew"": 10.96225494989566, ""mid_disturbance_offset_sec"": 0.0, ""no_set_current_mode"": false, ""predict_horizon_sec"": 0.006669646826069744, ""pulse_current_raw_max"": 12.0, ""pulse_current_raw_min"": 4.0, ""pulse_duration_max"": 0.6, ""pulse_duration_min"": 0.15, ""q_abs_guard_deg"": 55.0, ""qd_lpf_alpha"": 0.1640449320559805, ""rate"": 24.0, ""rbf_center_max"": 3.2, ""rbf_center_min"": -3.2, ""rbf_nodes"": 11.0, ""rbf_width"": 1.4631904539, ""ref_jump_deg_max"": 8.0, ""ref_jump_deg_min"": 2.0, ""ref_jump_duration_max"": 0.6, ""ref_jump_duration_min"": 0.15, ""reference_shape"": ""sine"", ""reset_zeta_after_motion"": false, ""reset_zeta_on_segment"": false, ""restore_mode"": false, ""sigma_mod"": 0.2460708825, ""sine_center_mode"": ""lock"", ""soft_start_sec"": 0.0, ""step_absolute_target_deg"": 100.0, ""step_absolute_target_rad"": null, ""step_delta_deg"": -40.0, ""step_ramp_sec"": 1.0, ""step_segment_sec"": 1.5, ""step_sequence_deg"": """", ""step_shape"": ""smoothstep"", ""step_start_sec"": 0.5, ""tail_err_full_deg"": 4.0, ""tail_err_thresh_deg"": 1.5, ""tail_kd"": 0.0796018580953194, ""tail_kp"": 0.0, ""tail_max_control_boost"": 0.0, ""tail_u_max"": 0.0, ""torque_to_current"": 210.0, ""zeta0"": 0.885692967, ""zeta_leak"": 0.0237735451, ""zeta_reset_delay_sec"": 0.0, ""zeta_reset_value"": null, ""zeta_soft"": 0.989185316}"
119,1,1.0,1000411.2633605195,528.0,21.958461,0.6033364340926834,1.3273477226121664,2.7457229915353323,7.864146277452407,0.48873663948042173,0.0,0.1722481902356902,0.20390111366766542,1.0948137823,0.885692967,1.0948137823,0.20912081529999993,0.009505491603409091,0.012867554184999998,0.2344726013,0.0,0.0,0.0,1.0,1.669921876728779,0.5173780273551384,2.6666672850242974,1.0,0.054053275595381534,0.06835937681309637,0.1074218745751069,0.0,0.0,0.0,0.0,0.0,0.6033364340926834,2.7457229915353323,7.864146277452407,0.0,0,23.385617356000694,/tmp/nussbaum_step_settle120_runs/optuna_t0119_r01.csv,,"{""alpha"": 7.1072835468, ""amplitude_deg"": 10.0, ""baudrate"": 1000000.0, ""command_sign"": -1.0, ""control_output_scale"": 1.0, ""current_bias_raw"": 0.20773251520923025, ""current_limit_raw"": 0.0, ""default_mode"": 3.0, ""device"": ""/dev/ttyAMA0"", ""disable_anti_windup"": false, ""disable_freeze_nn_on_saturation"": false, ""disable_freeze_zeta_on_saturation"": false, ""disturb_interval_sec"": 30.0, ""disturb_jitter_sec"": 3.0, ""disturb_mode"": ""mixed"", ""disturb_seed"": -1.0, ""disturbance_placement"": ""mid_move"", ""duration"": 22.0, ""dxl_id"": 6.0, ""enable_disturbance"": false, ""frequency_hz"": 0.05, ""fric_coulomb"": 0.011184233707032448, ""fric_vel_scale"": 0.5800337015168412, ""gamma_adapt"": 8.7187500403, ""gamma_link"": 1.0053795398284584, ""integral_limit"": 1.6504936083, ""k_delta"": 0.07574407381145634, ""max_abs_e_dot"": 1.0, ""max_control"": 0.2091243569980254, ""max_current_raw"": 45.0, ""max_current_slew"": 23.365824532820596, ""mid_disturbance_offset_sec"": 0.0, ""no_set_current_mode"": false, ""predict_horizon_sec"": 0.006510315790826964, ""pulse_current_raw_max"": 12.0, ""pulse_current_raw_min"": 4.0, ""pulse_duration_max"": 0.6, ""pulse_duration_min"": 0.15, ""q_abs_guard_deg"": 55.0, ""qd_lpf_alpha"": 0.19422099906883508, ""rate"": 24.0, ""rbf_center_max"": 3.2, ""rbf_center_min"": -3.2, ""rbf_nodes"": 11.0, ""rbf_width"": 1.4631904539, ""ref_jump_deg_max"": 8.0, ""ref_jump_deg_min"": 2.0, ""ref_jump_duration_max"": 0.6, ""ref_jump_duration_min"": 0.15, ""reference_shape"": ""sine"", ""reset_zeta_after_motion"": false, ""reset_zeta_on_segment"": false, ""restore_mode"": false, ""sigma_mod"": 0.2460708825, ""sine_center_mode"": ""lock"", ""soft_start_sec"": 0.0, ""step_absolute_target_deg"": 100.0, ""step_absolute_target_rad"": null, ""step_delta_deg"": -40.0, ""step_ramp_sec"": 1.0, ""step_segment_sec"": 1.5, ""step_sequence_deg"": """", ""step_shape"": ""smoothstep"", ""step_start_sec"": 0.5, ""tail_err_full_deg"": 4.0, ""tail_err_thresh_deg"": 1.5, ""tail_kd"": 0.038935436981372626, ""tail_kp"": 0.0, ""tail_max_control_boost"": 0.0, ""tail_u_max"": 0.0, ""torque_to_current"": 210.0, ""zeta0"": 0.885692967, ""zeta_leak"": 0.0237735451, ""zeta_reset_delay_sec"": 0.0, ""zeta_reset_value"": null, ""zeta_soft"": 0.989185316}"
