trial_number,repeat,ok,score,samples,duration_s,mean_abs_e_deg,rms_e_deg,p95_abs_e_deg,max_abs_e_deg,span_ratio,sat_ratio,effort_ratio,u_activity_ratio,zeta_abs_max,zeta_start,zeta_end,zeta_growth,zeta_dot_mean,zeta_dot_p95,zeta_dot_abs_max,low_speed_frac,low_speed_qd_rms_deg_s,low_speed_sign_rate_hz,step_settle_segments,step_settle_pp_deg,step_settle_std_deg,step_settle_extrema_rate_hz,hold_segments,hold_mean_abs_e_deg,hold_p95_abs_e_deg,hold_max_abs_e_deg,upstep_segments,upstep_hold_mean_abs_e_deg,upstep_hold_p95_abs_e_deg,upstep_peak_shortfall_deg,upstep_peak_overshoot_deg,tail_mean_abs_e_deg,tail_p95_abs_e_deg,tail_max_abs_e_deg,tail_sat_ratio,returncode,elapsed_s,csv_path,error,params_json
0,1,1.0,1000503.3957156491,432.0,17.958534,0.5576239326142147,0.8625639005902721,2.0176848806470575,4.449253057053117,1.533395715649165,0.0,0.01387334656084656,0.08554571298752252,0.9017081482,0.885692967,0.9017081482,0.016015181200000006,0.0008897322907407407,0.001895333064999994,0.0370729388,0.0,0.0,0.0,1.0,0.3515624970468423,0.14067633765441206,0.9295741130848879,1.0,0.3199084048011198,0.4199218738599249,0.4199218738599249,0.0,0.0,0.0,0.0,0.0,0.28396606435811167,0.4199218738599249,0.4199218738599249,0.0,0,19.285900489001506,/tmp/nussbaum_step15_tailclean_runs/optuna_t0000_r01.csv,,"{""alpha"": 7.1072835468, ""amplitude_deg"": 10.0, ""baudrate"": 1000000.0, ""command_sign"": -1.0, ""control_output_scale"": 1.0, ""current_bias_raw"": -0.010841735401985245, ""current_limit_raw"": 0.0, ""default_mode"": 3.0, ""device"": ""/dev/ttyAMA0"", ""disable_anti_windup"": false, ""disable_freeze_nn_on_saturation"": false, ""disable_freeze_zeta_on_saturation"": false, ""disturb_interval_sec"": 30.0, ""disturb_jitter_sec"": 3.0, ""disturb_mode"": ""mixed"", ""disturb_seed"": -1.0, ""disturbance_placement"": ""mid_move"", ""duration"": 18.0, ""dxl_id"": 6.0, ""enable_disturbance"": false, ""frequency_hz"": 0.05, ""fric_coulomb"": 0.0007070613897604912, ""fric_vel_scale"": 0.860119996986068, ""gamma_adapt"": 8.7187500403, ""gamma_link"": 0.9431361432565311, ""integral_limit"": 1.6504936083, ""k_delta"": 0.08844755614236795, ""max_abs_e_dot"": 1.0, ""max_control"": 0.10995517263061227, ""max_current_raw"": 35.0, ""max_current_slew"": 8.914186208121947, ""mid_disturbance_offset_sec"": 0.0, ""no_set_current_mode"": false, ""predict_horizon_sec"": 0.005886625501751407, ""pulse_current_raw_max"": 12.0, ""pulse_current_raw_min"": 4.0, ""pulse_duration_max"": 0.6, ""pulse_duration_min"": 0.15, ""q_abs_guard_deg"": 35.0, ""qd_lpf_alpha"": 0.3901837124610209, ""rate"": 24.0, ""rbf_center_max"": 3.2, ""rbf_center_min"": -3.2, ""rbf_nodes"": 11.0, ""rbf_width"": 1.4631904539, ""ref_jump_deg_max"": 8.0, ""ref_jump_deg_min"": 2.0, ""ref_jump_duration_max"": 0.6, ""ref_jump_duration_min"": 0.15, ""reference_shape"": ""sine"", ""reset_zeta_after_motion"": false, ""reset_zeta_on_segment"": false, ""restore_mode"": false, ""sigma_mod"": 0.2460708825, ""sine_center_mode"": ""lock"", ""soft_start_sec"": 0.0, ""step_absolute_target_deg"": 125.0, ""step_absolute_target_rad"": null, ""step_delta_deg"": -15.0, ""step_ramp_sec"": 0.8, ""step_segment_sec"": 1.5, ""step_sequence_deg"": """", ""step_shape"": ""smoothstep"", ""step_start_sec"": 0.5, ""tail_err_full_deg"": 0.8, ""tail_err_thresh_deg"": 0.2, ""tail_kd"": 0.21312655712275427, ""tail_kp"": 0.0, ""tail_max_control_boost"": 0.0, ""tail_u_max"": 0.0, ""torque_to_current"": 210.0, ""zeta0"": 0.885692967, ""zeta_leak"": 0.0237735451, ""zeta_reset_delay_sec"": 0.0, ""zeta_reset_value"": null, ""zeta_soft"": 0.989185316}"
1,1,1.0,1000167.6100564508,432.0,17.958442,0.6066290748889189,1.0171600928763778,1.8257956467862795,5.289357231279587,1.1976100564508667,0.0,0.0207156746031746,0.13875571921994237,0.9284056663,0.885692967,0.9284056663,0.04271269929999999,0.002372927740740741,0.01722592198999999,0.0507198325,0.0,0.0,0.0,1.0,0.3515624970468423,0.3103162123783203,5.877565277359507,1.0,0.30206088251573293,0.4199218738599249,0.4199218738599249,0.0,0.0,0.0,0.0,0.0,0.2650886485547792,0.33203124816582336,0.4199218738599249,0.0,0,19.280654969999887,/tmp/nussbaum_step15_tailclean_runs/optuna_t0001_r01.csv,,"{""alpha"": 7.1072835468, ""amplitude_deg"": 10.0, ""baudrate"": 1000000.0, ""command_sign"": -1.0, ""control_output_scale"": 1.0, ""current_bias_raw"": 0.027989766560535565, ""current_limit_raw"": 0.0, ""default_mode"": 3.0, ""device"": ""/dev/ttyAMA0"", ""disable_anti_windup"": false, ""disable_freeze_nn_on_saturation"": false, ""disable_freeze_zeta_on_saturation"": false, ""disturb_interval_sec"": 30.0, ""disturb_jitter_sec"": 3.0, ""disturb_mode"": ""mixed"", ""disturb_seed"": -1.0, ""disturbance_placement"": ""mid_move"", ""duration"": 18.0, ""dxl_id"": 6.0, ""enable_disturbance"": false, ""frequency_hz"": 0.05, ""fric_coulomb"": 0.0003682033811893933, ""fric_vel_scale"": 0.8249217934094291, ""gamma_adapt"": 8.7187500403, ""gamma_link"": 0.9403875536354317, ""integral_limit"": 1.6504936083, ""k_delta"": 0.0896629985588998, ""max_abs_e_dot"": 1.0, ""max_control"": 0.11042104217714649, ""max_current_raw"": 35.0, ""max_current_slew"": 10.184837764507716, ""mid_disturbance_offset_sec"": 0.0, ""no_set_current_mode"": false, ""predict_horizon_sec"": 0.006893442712017074, ""pulse_current_raw_max"": 12.0, ""pulse_current_raw_min"": 4.0, ""pulse_duration_max"": 0.6, ""pulse_duration_min"": 0.15, ""q_abs_guard_deg"": 35.0, ""qd_lpf_alpha"": 0.390897651805284, ""rate"": 24.0, ""rbf_center_max"": 3.2, ""rbf_center_min"": -3.2, ""rbf_nodes"": 11.0, ""rbf_width"": 1.4631904539, ""ref_jump_deg_max"": 8.0, ""ref_jump_deg_min"": 2.0, ""ref_jump_duration_max"": 0.6, ""ref_jump_duration_min"": 0.15, ""reference_shape"": ""sine"", ""reset_zeta_after_motion"": false, ""reset_zeta_on_segment"": false, ""restore_mode"": false, ""sigma_mod"": 0.2460708825, ""sine_center_mode"": ""lock"", ""soft_start_sec"": 0.0, ""step_absolute_target_deg"": 125.0, ""step_absolute_target_rad"": null, ""step_delta_deg"": -15.0, ""step_ramp_sec"": 0.8, ""step_segment_sec"": 1.5, ""step_sequence_deg"": """", ""step_shape"": ""smoothstep"", ""step_start_sec"": 0.5, ""tail_err_full_deg"": 0.8, ""tail_err_thresh_deg"": 0.2, ""tail_kd"": 0.16457803919266634, ""tail_kp"": 0.0, ""tail_max_control_boost"": 0.0, ""tail_u_max"": 0.0, ""torque_to_current"": 210.0, ""zeta0"": 0.885692967, ""zeta_leak"": 0.0237735451, ""zeta_reset_delay_sec"": 0.0, ""zeta_reset_value"": null, ""zeta_soft"": 0.989185316}"
2,1,1.0,1000072.3077685266,432.0,17.958426,0.46652378624218177,1.0882147218280462,2.1888747290144015,6.43009004013213,1.1023077685266247,0.0,0.017766203703703704,0.10131905173083926,0.904647482,0.885692967,0.904647482,0.018954515000000005,0.0010530286113425926,0.0024874636299999997,0.0459880867,0.0,0.0,0.0,1.0,0.3515624970468423,0.13830358375429652,8.626092957282056,1.0,0.13638200554106591,0.33203124816582336,0.4199218738599249,0.0,0.0,0.0,0.0,0.0,0.08748583421803038,0.156250002507198,0.156250002507198,0.0,0,19.300420820996806,/tmp/nussbaum_step15_tailclean_runs/optuna_t0002_r01.csv,,"{""alpha"": 7.1072835468, ""amplitude_deg"": 10.0, ""baudrate"": 1000000.0, ""command_sign"": -1.0, ""control_output_scale"": 1.0, ""current_bias_raw"": 0.03141205530465539, ""current_limit_raw"": 0.0, ""default_mode"": 3.0, ""device"": ""/dev/ttyAMA0"", ""disable_anti_windup"": false, ""disable_freeze_nn_on_saturation"": false, ""disable_freeze_zeta_on_saturation"": false, ""disturb_interval_sec"": 30.0, ""disturb_jitter_sec"": 3.0, ""disturb_mode"": ""mixed"", ""disturb_seed"": -1.0, ""disturbance_placement"": ""mid_move"", ""duration"": 18.0, ""dxl_id"": 6.0, ""enable_disturbance"": false, ""frequency_hz"": 0.05, ""fric_coulomb"": 0.00019352483731326767, ""fric_vel_scale"": 0.9082138273711927, ""gamma_adapt"": 8.7187500403, ""gamma_link"": 0.9416117557728744, ""integral_limit"": 1.6504936083, ""k_delta"": 0.08714633366552098, ""max_abs_e_dot"": 1.0, ""max_control"": 0.1107851676732009, ""max_current_raw"": 35.0, ""max_current_slew"": 9.85923563338716, ""mid_disturbance_offset_sec"": 0.0, ""no_set_current_mode"": false, ""predict_horizon_sec"": 0.006381106657619942, ""pulse_current_raw_max"": 12.0, ""pulse_current_raw_min"": 4.0, ""pulse_duration_max"": 0.6, ""pulse_duration_min"": 0.15, ""q_abs_guard_deg"": 35.0, ""qd_lpf_alpha"": 0.37105233810221755, ""rate"": 24.0, ""rbf_center_max"": 3.2, ""rbf_center_min"": -3.2, ""rbf_nodes"": 11.0, ""rbf_width"": 1.4631904539, ""ref_jump_deg_max"": 8.0, ""ref_jump_deg_min"": 2.0, ""ref_jump_duration_max"": 0.6, ""ref_jump_duration_min"": 0.15, ""reference_shape"": ""sine"", ""reset_zeta_after_motion"": false, ""reset_zeta_on_segment"": false, ""restore_mode"": false, ""sigma_mod"": 0.2460708825, ""sine_center_mode"": ""lock"", ""soft_start_sec"": 0.0, ""step_absolute_target_deg"": 125.0, ""step_absolute_target_rad"": null, ""step_delta_deg"": -15.0, ""step_ramp_sec"": 0.8, ""step_segment_sec"": 1.5, ""step_sequence_deg"": """", ""step_shape"": ""smoothstep"", ""step_start_sec"": 0.5, ""tail_err_full_deg"": 0.8, ""tail_err_thresh_deg"": 0.2, ""tail_kd"": 0.20627664133577372, ""tail_kp"": 0.0, ""tail_max_control_boost"": 0.0, ""tail_u_max"": 0.0, ""torque_to_current"": 210.0, ""zeta0"": 0.885692967, ""zeta_leak"": 0.0237735451, ""zeta_reset_delay_sec"": 0.0, ""zeta_reset_value"": null, ""zeta_soft"": 0.989185316}"
3,1,1.0,1000232.5585061314,432.0,17.958465,0.7595542859787027,1.2028630664863247,2.428578123673006,6.155030804488518,1.262558506131457,0.0,0.014833068783068785,0.1416372016206954,0.9316943,0.885692967,0.9316943,0.04600133299999998,0.0025556296115740737,0.021002322739999996,0.0739757663,0.0,0.0,0.0,1.0,1.3535156242300133,0.5979951198638425,2.1257166665169525,1.0,0.41502627733776243,0.4222528953536352,0.5468749973160372,0.0,0.0,0.0,0.0,0.0,0.41536795543017885,0.4199218738599249,0.5078124995540266,0.0,0,19.288712302997737,/tmp/nussbaum_step15_tailclean_runs/optuna_t0003_r01.csv,,"{""alpha"": 7.1072835468, ""amplitude_deg"": 10.0, ""baudrate"": 1000000.0, ""command_sign"": -1.0, ""control_output_scale"": 1.0, ""current_bias_raw"": -0.007787815693084465, ""current_limit_raw"": 0.0, ""default_mode"": 3.0, ""device"": ""/dev/ttyAMA0"", ""disable_anti_windup"": false, ""disable_freeze_nn_on_saturation"": false, ""disable_freeze_zeta_on_saturation"": false, ""disturb_interval_sec"": 30.0, ""disturb_jitter_sec"": 3.0, ""disturb_mode"": ""mixed"", ""disturb_seed"": -1.0, ""disturbance_placement"": ""mid_move"", ""duration"": 18.0, ""dxl_id"": 6.0, ""enable_disturbance"": false, ""frequency_hz"": 0.05, ""fric_coulomb"": 0.001196741801653987, ""fric_vel_scale"": 0.9335199108564854, ""gamma_adapt"": 8.7187500403, ""gamma_link"": 0.942583711962117, ""integral_limit"": 1.6504936083, ""k_delta"": 0.08762392188041263, ""max_abs_e_dot"": 1.0, ""max_control"": 0.11136017454918601, ""max_current_raw"": 35.0, ""max_current_slew"": 9.841421683253687, ""mid_disturbance_offset_sec"": 0.0, ""no_set_current_mode"": false, ""predict_horizon_sec"": 0.006244138136599523, ""pulse_current_raw_max"": 12.0, ""pulse_current_raw_min"": 4.0, ""pulse_duration_max"": 0.6, ""pulse_duration_min"": 0.15, ""q_abs_guard_deg"": 35.0, ""qd_lpf_alpha"": 0.36553730330503764, ""rate"": 24.0, ""rbf_center_max"": 3.2, ""rbf_center_min"": -3.2, ""rbf_nodes"": 11.0, ""rbf_width"": 1.4631904539, ""ref_jump_deg_max"": 8.0, ""ref_jump_deg_min"": 2.0, ""ref_jump_duration_max"": 0.6, ""ref_jump_duration_min"": 0.15, ""reference_shape"": ""sine"", ""reset_zeta_after_motion"": false, ""reset_zeta_on_segment"": false, ""restore_mode"": false, ""sigma_mod"": 0.2460708825, ""sine_center_mode"": ""lock"", ""soft_start_sec"": 0.0, ""step_absolute_target_deg"": 125.0, ""step_absolute_target_rad"": null, ""step_delta_deg"": -15.0, ""step_ramp_sec"": 0.8, ""step_segment_sec"": 1.5, ""step_sequence_deg"": """", ""step_shape"": ""smoothstep"", ""step_start_sec"": 0.5, ""tail_err_full_deg"": 0.8, ""tail_err_thresh_deg"": 0.2, ""tail_kd"": 0.18379443735592996, ""tail_kp"": 0.0, ""tail_max_control_boost"": 0.0, ""tail_u_max"": 0.0, ""torque_to_current"": 210.0, ""zeta0"": 0.885692967, ""zeta_leak"": 0.0237735451, ""zeta_reset_delay_sec"": 0.0, ""zeta_reset_value"": null, ""zeta_soft"": 0.989185316}"
4,1,1.0,1000003.3268453216,432.0,17.958445,0.5270334996406123,1.103713147350623,2.3030932847810077,6.014718534055777,0.9666731546784645,0.0,0.010870304232804232,0.11207899729861155,0.922599854,0.885692967,0.922599854,0.036906887,0.0020503826125,0.01786092098499998,0.0550001893,0.0,0.0,0.0,1.0,0.08789062569410078,0.21141807086110764,4.717948072759238,1.0,0.20495084422100143,0.28320312596331015,0.28320312596331015,0.0,0.0,0.0,0.0,0.0,0.20521027835024622,0.28320312596331015,0.28320312596331015,0.0,0,19.28188643300018,/tmp/nussbaum_step15_tailclean_runs/optuna_t0004_r01.csv,,"{""alpha"": 7.1072835468, ""amplitude_deg"": 10.0, ""baudrate"": 1000000.0, ""command_sign"": -1.0, ""control_output_scale"": 1.0, ""current_bias_raw"": 0.03692688279879339, ""current_limit_raw"": 0.0, ""default_mode"": 3.0, ""device"": ""/dev/ttyAMA0"", ""disable_anti_windup"": false, ""disable_freeze_nn_on_saturation"": false, ""disable_freeze_zeta_on_saturation"": false, ""disturb_interval_sec"": 30.0, ""disturb_jitter_sec"": 3.0, ""disturb_mode"": ""mixed"", ""disturb_seed"": -1.0, ""disturbance_placement"": ""mid_move"", ""duration"": 18.0, ""dxl_id"": 6.0, ""enable_disturbance"": false, ""frequency_hz"": 0.05, ""fric_coulomb"": 0.0002981230967766304, ""fric_vel_scale"": 0.8683589961707052, ""gamma_adapt"": 8.7187500403, ""gamma_link"": 0.9425949634173603, ""integral_limit"": 1.6504936083, ""k_delta"": 0.08935412382973554, ""max_abs_e_dot"": 1.0, ""max_control"": 0.11353611985983084, ""max_current_raw"": 35.0, ""max_current_slew"": 9.964884416191637, ""mid_disturbance_offset_sec"": 0.0, ""no_set_current_mode"": false, ""predict_horizon_sec"": 0.006912001991205332, ""pulse_current_raw_max"": 12.0, ""pulse_current_raw_min"": 4.0, ""pulse_duration_max"": 0.6, ""pulse_duration_min"": 0.15, ""q_abs_guard_deg"": 35.0, ""qd_lpf_alpha"": 0.37963622490152066, ""rate"": 24.0, ""rbf_center_max"": 3.2, ""rbf_center_min"": -3.2, ""rbf_nodes"": 11.0, ""rbf_width"": 1.4631904539, ""ref_jump_deg_max"": 8.0, ""ref_jump_deg_min"": 2.0, ""ref_jump_duration_max"": 0.6, ""ref_jump_duration_min"": 0.15, ""reference_shape"": ""sine"", ""reset_zeta_after_motion"": false, ""reset_zeta_on_segment"": false, ""restore_mode"": false, ""sigma_mod"": 0.2460708825, ""sine_center_mode"": ""lock"", ""soft_start_sec"": 0.0, ""step_absolute_target_deg"": 125.0, ""step_absolute_target_rad"": null, ""step_delta_deg"": -15.0, ""step_ramp_sec"": 0.8, ""step_segment_sec"": 1.5, ""step_sequence_deg"": """", ""step_shape"": ""smoothstep"", ""step_start_sec"": 0.5, ""tail_err_full_deg"": 0.8, ""tail_err_thresh_deg"": 0.2, ""tail_kd"": 0.18446988000821204, ""tail_kp"": 0.0, ""tail_max_control_boost"": 0.0, ""tail_u_max"": 0.0, ""torque_to_current"": 210.0, ""zeta0"": 0.885692967, ""zeta_leak"": 0.0237735451, ""zeta_reset_delay_sec"": 0.0, ""zeta_reset_value"": null, ""zeta_soft"": 0.989185316}"
5,1,1.0,1000056.3653808401,432.0,17.958443000000003,0.5206619793114377,1.0718150913593643,2.0809704511912894,6.407924973021844,1.086365380840149,0.0,0.0334364417989418,0.12042847389620014,0.9132334624,0.8856929995,0.9132334624,0.027540462900000007,0.001530027521759259,0.001501362579999999,0.046288104,0.0,0.0,0.0,1.0,0.43945312274095727,0.16887364095404564,9.391323947110845,1.0,0.20541487143378878,0.4199218738599249,0.5078124995540266,0.0,0.0,0.0,0.0,0.0,0.13803432789760522,0.33203124816582336,0.4199218738599249,0.0,0,19.297174672999972,/tmp/nussbaum_step15_tailclean_runs/optuna_t0005_r01.csv,,"{""alpha"": 7.1072835468, ""amplitude_deg"": 10.0, ""baudrate"": 1000000.0, ""command_sign"": -1.0, ""control_output_scale"": 1.0, ""current_bias_raw"": 0.030882549282952126, ""current_limit_raw"": 0.0, ""default_mode"": 3.0, ""device"": ""/dev/ttyAMA0"", ""disable_anti_windup"": false, ""disable_freeze_nn_on_saturation"": false, ""disable_freeze_zeta_on_saturation"": false, ""disturb_interval_sec"": 30.0, ""disturb_jitter_sec"": 3.0, ""disturb_mode"": ""mixed"", ""disturb_seed"": -1.0, ""disturbance_placement"": ""mid_move"", ""duration"": 18.0, ""dxl_id"": 6.0, ""enable_disturbance"": false, ""frequency_hz"": 0.05, ""fric_coulomb"": 0.0002604257880619422, ""fric_vel_scale"": 0.8393599471034738, ""gamma_adapt"": 8.7187500403, ""gamma_link"": 0.9418062404561114, ""integral_limit"": 1.6504936083, ""k_delta"": 0.08996803197822471, ""max_abs_e_dot"": 1.0, ""max_control"": 0.1143588309335387, ""max_current_raw"": 35.0, ""max_current_slew"": 9.099162704311377, ""mid_disturbance_offset_sec"": 0.0, ""no_set_current_mode"": false, ""predict_horizon_sec"": 0.006057948949997678, ""pulse_current_raw_max"": 12.0, ""pulse_current_raw_min"": 4.0, ""pulse_duration_max"": 0.6, ""pulse_duration_min"": 0.15, ""q_abs_guard_deg"": 35.0, ""qd_lpf_alpha"": 0.36279937372359694, ""rate"": 24.0, ""rbf_center_max"": 3.2, ""rbf_center_min"": -3.2, ""rbf_nodes"": 11.0, ""rbf_width"": 1.4631904539, ""ref_jump_deg_max"": 8.0, ""ref_jump_deg_min"": 2.0, ""ref_jump_duration_max"": 0.6, ""ref_jump_duration_min"": 0.15, ""reference_shape"": ""sine"", ""reset_zeta_after_motion"": false, ""reset_zeta_on_segment"": false, ""restore_mode"": false, ""sigma_mod"": 0.2460708825, ""sine_center_mode"": ""lock"", ""soft_start_sec"": 0.0, ""step_absolute_target_deg"": 125.0, ""step_absolute_target_rad"": null, ""step_delta_deg"": -15.0, ""step_ramp_sec"": 0.8, ""step_segment_sec"": 1.5, ""step_sequence_deg"": """", ""step_shape"": ""smoothstep"", ""step_start_sec"": 0.5, ""tail_err_full_deg"": 0.8, ""tail_err_thresh_deg"": 0.2, ""tail_kd"": 0.21264915794259812, ""tail_kp"": 0.0, ""tail_max_control_boost"": 0.0, ""tail_u_max"": 0.0, ""torque_to_current"": 210.0, ""zeta0"": 0.885692967, ""zeta_leak"": 0.0237735451, ""zeta_reset_delay_sec"": 0.0, ""zeta_reset_value"": null, ""zeta_soft"": 0.989185316}"
6,1,1.0,1000199.2897706256,432.0,17.958431,0.4130306194165472,0.8823120395948194,2.1285213321526735,4.5581971200617035,1.2292897706256218,0.0,0.009462499999999999,0.11551634171551946,0.9167129168,0.885692967,0.9167129168,0.031019949800000002,0.0017233305421296295,0.01521391199499999,0.038726829,0.0,0.0,0.0,1.0,0.08789061996453995,0.26005993804461636,11.755110814310115,1.0,0.10472791158306943,0.156250002507198,0.156250002507198,0.0,0.0,0.0,0.0,0.0,0.10452270717681526,0.156250002507198,0.156250002507198,0.0,0,19.2893326370031,/tmp/nussbaum_step15_tailclean_runs/optuna_t0006_r01.csv,,"{""alpha"": 7.1072835468, ""amplitude_deg"": 10.0, ""baudrate"": 1000000.0, ""command_sign"": -1.0, ""control_output_scale"": 1.0, ""current_bias_raw"": 0.031159705597880265, ""current_limit_raw"": 0.0, ""default_mode"": 3.0, ""device"": ""/dev/ttyAMA0"", ""disable_anti_windup"": false, ""disable_freeze_nn_on_saturation"": false, ""disable_freeze_zeta_on_saturation"": false, ""disturb_interval_sec"": 30.0, ""disturb_jitter_sec"": 3.0, ""disturb_mode"": ""mixed"", ""disturb_seed"": -1.0, ""disturbance_placement"": ""mid_move"", ""duration"": 18.0, ""dxl_id"": 6.0, ""enable_disturbance"": false, ""frequency_hz"": 0.05, ""fric_coulomb"": 0.00049236241751107, ""fric_vel_scale"": 0.9216644369298785, ""gamma_adapt"": 8.7187500403, ""gamma_link"": 0.942844408577473, ""integral_limit"": 1.6504936083, ""k_delta"": 0.08850091914582077, ""max_abs_e_dot"": 1.0, ""max_control"": 0.1090660036263233, ""max_current_raw"": 35.0, ""max_current_slew"": 8.80491019204842, ""mid_disturbance_offset_sec"": 0.0, ""no_set_current_mode"": false, ""predict_horizon_sec"": 0.006544838972548761, ""pulse_current_raw_max"": 12.0, ""pulse_current_raw_min"": 4.0, ""pulse_duration_max"": 0.6, ""pulse_duration_min"": 0.15, ""q_abs_guard_deg"": 35.0, ""qd_lpf_alpha"": 0.36268493938489577, ""rate"": 24.0, ""rbf_center_max"": 3.2, ""rbf_center_min"": -3.2, ""rbf_nodes"": 11.0, ""rbf_width"": 1.4631904539, ""ref_jump_deg_max"": 8.0, ""ref_jump_deg_min"": 2.0, ""ref_jump_duration_max"": 0.6, ""ref_jump_duration_min"": 0.15, ""reference_shape"": ""sine"", ""reset_zeta_after_motion"": false, ""reset_zeta_on_segment"": false, ""restore_mode"": false, ""sigma_mod"": 0.2460708825, ""sine_center_mode"": ""lock"", ""soft_start_sec"": 0.0, ""step_absolute_target_deg"": 125.0, ""step_absolute_target_rad"": null, ""step_delta_deg"": -15.0, ""step_ramp_sec"": 0.8, ""step_segment_sec"": 1.5, ""step_sequence_deg"": """", ""step_shape"": ""smoothstep"", ""step_start_sec"": 0.5, ""tail_err_full_deg"": 0.8, ""tail_err_thresh_deg"": 0.2, ""tail_kd"": 0.18697566985132813, ""tail_kp"": 0.0, ""tail_max_control_boost"": 0.0, ""tail_u_max"": 0.0, ""torque_to_current"": 210.0, ""zeta0"": 0.885692967, ""zeta_leak"": 0.0237735451, ""zeta_reset_delay_sec"": 0.0, ""zeta_reset_value"": null, ""zeta_soft"": 0.989185316}"
7,1,1.0,1000056.3367166292,432.0,17.958484000000002,0.4517249518472956,0.7172840198016932,1.2602182324548266,4.799368933070065,1.086336716629245,0.0,0.016169973544973546,0.07511467532246767,0.907939445,0.885692967,0.907939445,0.022246478000000014,0.0012359154439814815,0.0030570666249999847,0.039263213,0.0,0.0,0.0,1.0,0.3515624970468423,0.1389546769002268,4.814847983767592,1.0,0.2832031249534996,0.4199218738599249,0.4199218738599249,0.0,0.0,0.0,0.0,0.0,0.23406982456525283,0.4199218738599249,0.4199218738599249,0.0,0,19.312379507002333,/tmp/nussbaum_step15_tailclean_runs/optuna_t0007_r01.csv,,"{""alpha"": 7.1072835468, ""amplitude_deg"": 10.0, ""baudrate"": 1000000.0, ""command_sign"": -1.0, ""control_output_scale"": 1.0, ""current_bias_raw"": 0.033805527610097696, ""current_limit_raw"": 0.0, ""default_mode"": 3.0, ""device"": ""/dev/ttyAMA0"", ""disable_anti_windup"": false, ""disable_freeze_nn_on_saturation"": false, ""disable_freeze_zeta_on_saturation"": false, ""disturb_interval_sec"": 30.0, ""disturb_jitter_sec"": 3.0, ""disturb_mode"": ""mixed"", ""disturb_seed"": -1.0, ""disturbance_placement"": ""mid_move"", ""duration"": 18.0, ""dxl_id"": 6.0, ""enable_disturbance"": false, ""frequency_hz"": 0.05, ""fric_coulomb"": 0.0009240216208948612, ""fric_vel_scale"": 0.843519936455193, ""gamma_adapt"": 8.7187500403, ""gamma_link"": 0.9396343267207765, ""integral_limit"": 1.6504936083, ""k_delta"": 0.08826779825019226, ""max_abs_e_dot"": 1.0, ""max_control"": 0.11795438246428133, ""max_current_raw"": 35.0, ""max_current_slew"": 8.935225642029947, ""mid_disturbance_offset_sec"": 0.0, ""no_set_current_mode"": false, ""predict_horizon_sec"": 0.005850313738576736, ""pulse_current_raw_max"": 12.0, ""pulse_current_raw_min"": 4.0, ""pulse_duration_max"": 0.6, ""pulse_duration_min"": 0.15, ""q_abs_guard_deg"": 35.0, ""qd_lpf_alpha"": 0.3678101309097141, ""rate"": 24.0, ""rbf_center_max"": 3.2, ""rbf_center_min"": -3.2, ""rbf_nodes"": 11.0, ""rbf_width"": 1.4631904539, ""ref_jump_deg_max"": 8.0, ""ref_jump_deg_min"": 2.0, ""ref_jump_duration_max"": 0.6, ""ref_jump_duration_min"": 0.15, ""reference_shape"": ""sine"", ""reset_zeta_after_motion"": false, ""reset_zeta_on_segment"": false, ""restore_mode"": false, ""sigma_mod"": 0.2460708825, ""sine_center_mode"": ""lock"", ""soft_start_sec"": 0.0, ""step_absolute_target_deg"": 125.0, ""step_absolute_target_rad"": null, ""step_delta_deg"": -15.0, ""step_ramp_sec"": 0.8, ""step_segment_sec"": 1.5, ""step_sequence_deg"": """", ""step_shape"": ""smoothstep"", ""step_start_sec"": 0.5, ""tail_err_full_deg"": 0.8, ""tail_err_thresh_deg"": 0.2, ""tail_kd"": 0.18275722094789965, ""tail_kp"": 0.0, ""tail_max_control_boost"": 0.0, ""tail_u_max"": 0.0, ""torque_to_current"": 210.0, ""zeta0"": 0.885692967, ""zeta_leak"": 0.0237735451, ""zeta_reset_delay_sec"": 0.0, ""zeta_reset_value"": null, ""zeta_soft"": 0.989185316}"
8,1,1.0,1000038.0333803289,432.0,17.958479,0.5386409632811744,1.0780117743791529,2.1104283608901357,6.330608632941137,1.0680333803288806,0.0,0.031226058201058202,0.11722165810755701,0.9111066281,0.885692967,0.9111066281,0.025413661099999985,0.0014118700583333334,0.0016757042599999962,0.0446760878,0.0,0.0,0.0,1.0,0.3515624970468423,0.12018840741786971,10.0644894478051,1.0,0.2636718744260638,0.4199218738599249,0.4199218738599249,0.0,0.0,0.0,0.0,0.0,0.22820191040193843,0.4199218738599249,0.4199218738599249,0.0,0,19.29537089599762,/tmp/nussbaum_step15_tailclean_runs/optuna_t0008_r01.csv,,"{""alpha"": 7.1072835468, ""amplitude_deg"": 10.0, ""baudrate"": 1000000.0, ""command_sign"": -1.0, ""control_output_scale"": 1.0, ""current_bias_raw"": -0.012008860498898332, ""current_limit_raw"": 0.0, ""default_mode"": 3.0, ""device"": ""/dev/ttyAMA0"", ""disable_anti_windup"": false, ""disable_freeze_nn_on_saturation"": false, ""disable_freeze_zeta_on_saturation"": false, ""disturb_interval_sec"": 30.0, ""disturb_jitter_sec"": 3.0, ""disturb_mode"": ""mixed"", ""disturb_seed"": -1.0, ""disturbance_placement"": ""mid_move"", ""duration"": 18.0, ""dxl_id"": 6.0, ""enable_disturbance"": false, ""frequency_hz"": 0.05, ""fric_coulomb"": 0.0008027069422887561, ""fric_vel_scale"": 0.8566494461569171, ""gamma_adapt"": 8.7187500403, ""gamma_link"": 0.9388920738569041, ""integral_limit"": 1.6504936083, ""k_delta"": 0.08812795597000604, ""max_abs_e_dot"": 1.0, ""max_control"": 0.1092706433370156, ""max_current_raw"": 35.0, ""max_current_slew"": 9.366884649162397, ""mid_disturbance_offset_sec"": 0.0, ""no_set_current_mode"": false, ""predict_horizon_sec"": 0.006402103220538016, ""pulse_current_raw_max"": 12.0, ""pulse_current_raw_min"": 4.0, ""pulse_duration_max"": 0.6, ""pulse_duration_min"": 0.15, ""q_abs_guard_deg"": 35.0, ""qd_lpf_alpha"": 0.36282811119670805, ""rate"": 24.0, ""rbf_center_max"": 3.2, ""rbf_center_min"": -3.2, ""rbf_nodes"": 11.0, ""rbf_width"": 1.4631904539, ""ref_jump_deg_max"": 8.0, ""ref_jump_deg_min"": 2.0, ""ref_jump_duration_max"": 0.6, ""ref_jump_duration_min"": 0.15, ""reference_shape"": ""sine"", ""reset_zeta_after_motion"": false, ""reset_zeta_on_segment"": false, ""restore_mode"": false, ""sigma_mod"": 0.2460708825, ""sine_center_mode"": ""lock"", ""soft_start_sec"": 0.0, ""step_absolute_target_deg"": 125.0, ""step_absolute_target_rad"": null, ""step_delta_deg"": -15.0, ""step_ramp_sec"": 0.8, ""step_segment_sec"": 1.5, ""step_sequence_deg"": """", ""step_shape"": ""smoothstep"", ""step_start_sec"": 0.5, ""tail_err_full_deg"": 0.8, ""tail_err_thresh_deg"": 0.2, ""tail_kd"": 0.18920187316588613, ""tail_kp"": 0.0, ""tail_max_control_boost"": 0.0, ""tail_u_max"": 0.0, ""torque_to_current"": 210.0, ""zeta0"": 0.885692967, ""zeta_leak"": 0.0237735451, ""zeta_reset_delay_sec"": 0.0, ""zeta_reset_value"": null, ""zeta_soft"": 0.989185316}"
9,1,1.0,1000109.3011770318,432.0,17.958467000000002,0.37265571898558414,0.970963135686171,1.8505285669219291,5.998290315731219,1.1393011770318802,0.0,0.006481349206349206,0.08109325135032737,0.9077515494,0.885692967,0.9077515494,0.022058582400000026,0.0012254768025462962,0.004804968495,0.0732865851,0.0,0.0,0.0,1.0,0.0,0.0065968469279498775,0.14769106072532112,1.0,0.10708512888279234,0.1074218745751069,0.1074218745751069,0.0,0.0,0.0,0.0,0.0,0.10696411089961681,0.1074218745751069,0.1074218745751069,0.0,0,19.28732313599903,/tmp/nussbaum_step15_tailclean_runs/optuna_t0009_r01.csv,,"{""alpha"": 7.1072835468, ""amplitude_deg"": 10.0, ""baudrate"": 1000000.0, ""command_sign"": -1.0, ""control_output_scale"": 1.0, ""current_bias_raw"": 0.032276338600776416, ""current_limit_raw"": 0.0, ""default_mode"": 3.0, ""device"": ""/dev/ttyAMA0"", ""disable_anti_windup"": false, ""disable_freeze_nn_on_saturation"": false, ""disable_freeze_zeta_on_saturation"": false, ""disturb_interval_sec"": 30.0, ""disturb_jitter_sec"": 3.0, ""disturb_mode"": ""mixed"", ""disturb_seed"": -1.0, ""disturbance_placement"": ""mid_move"", ""duration"": 18.0, ""dxl_id"": 6.0, ""enable_disturbance"": false, ""frequency_hz"": 0.05, ""fric_coulomb"": 0.0011863209771356402, ""fric_vel_scale"": 0.8178152359240933, ""gamma_adapt"": 8.7187500403, ""gamma_link"": 0.9382284987195054, ""integral_limit"": 1.6504936083, ""k_delta"": 0.08735953962946855, ""max_abs_e_dot"": 1.0, ""max_control"": 0.1152582476142603, ""max_current_raw"": 35.0, ""max_current_slew"": 9.495729833427712, ""mid_disturbance_offset_sec"": 0.0, ""no_set_current_mode"": false, ""predict_horizon_sec"": 0.006588052112950952, ""pulse_current_raw_max"": 12.0, ""pulse_current_raw_min"": 4.0, ""pulse_duration_max"": 0.6, ""pulse_duration_min"": 0.15, ""q_abs_guard_deg"": 35.0, ""qd_lpf_alpha"": 0.37232413508266987, ""rate"": 24.0, ""rbf_center_max"": 3.2, ""rbf_center_min"": -3.2, ""rbf_nodes"": 11.0, ""rbf_width"": 1.4631904539, ""ref_jump_deg_max"": 8.0, ""ref_jump_deg_min"": 2.0, ""ref_jump_duration_max"": 0.6, ""ref_jump_duration_min"": 0.15, ""reference_shape"": ""sine"", ""reset_zeta_after_motion"": false, ""reset_zeta_on_segment"": false, ""restore_mode"": false, ""sigma_mod"": 0.2460708825, ""sine_center_mode"": ""lock"", ""soft_start_sec"": 0.0, ""step_absolute_target_deg"": 125.0, ""step_absolute_target_rad"": null, ""step_delta_deg"": -15.0, ""step_ramp_sec"": 0.8, ""step_segment_sec"": 1.5, ""step_sequence_deg"": """", ""step_shape"": ""smoothstep"", ""step_start_sec"": 0.5, ""tail_err_full_deg"": 0.8, ""tail_err_thresh_deg"": 0.2, ""tail_kd"": 0.2067608056480561, ""tail_kp"": 0.0, ""tail_max_control_boost"": 0.0, ""tail_u_max"": 0.0, ""torque_to_current"": 210.0, ""zeta0"": 0.885692967, ""zeta_leak"": 0.0237735451, ""zeta_reset_delay_sec"": 0.0, ""zeta_reset_value"": null, ""zeta_soft"": 0.989185316}"
10,1,1.0,1000209.9426454285,432.0,17.958534,0.5471558013584259,0.8144762576906232,1.7085891341662374,4.648231845498432,1.2399426454285019,0.0,0.018697222222222223,0.1134719756588133,0.9202128301,0.885692967,0.9202128301,0.03451986309999999,0.0019177701726851852,0.013728989644999986,0.039512576,0.0,0.0,0.0,1.0,0.43945312274095727,0.2283583850301763,4.855492564402734,1.0,0.30643857732806135,0.5078124995540266,0.5078124995540266,0.0,0.0,0.0,0.0,0.0,0.2363586424055554,0.5078124995540266,0.5078124995540266,0.0,0,19.29764352500206,/tmp/nussbaum_step15_tailclean_runs/optuna_t0010_r01.csv,,"{""alpha"": 7.1072835468, ""amplitude_deg"": 10.0, ""baudrate"": 1000000.0, ""command_sign"": -1.0, ""control_output_scale"": 1.0, ""current_bias_raw"": -0.0133868523048229, ""current_limit_raw"": 0.0, ""default_mode"": 3.0, ""device"": ""/dev/ttyAMA0"", ""disable_anti_windup"": false, ""disable_freeze_nn_on_saturation"": false, ""disable_freeze_zeta_on_saturation"": false, ""disturb_interval_sec"": 30.0, ""disturb_jitter_sec"": 3.0, ""disturb_mode"": ""mixed"", ""disturb_seed"": -1.0, ""disturbance_placement"": ""mid_move"", ""duration"": 18.0, ""dxl_id"": 6.0, ""enable_disturbance"": false, ""frequency_hz"": 0.05, ""fric_coulomb"": 0.0009504621603764063, ""fric_vel_scale"": 0.8954566633300562, ""gamma_adapt"": 8.7187500403, ""gamma_link"": 0.9385717717830488, ""integral_limit"": 1.6504936083, ""k_delta"": 0.08902567180097105, ""max_abs_e_dot"": 1.0, ""max_control"": 0.11701272269800295, ""max_current_raw"": 35.0, ""max_current_slew"": 8.627342921020562, ""mid_disturbance_offset_sec"": 0.0, ""no_set_current_mode"": false, ""predict_horizon_sec"": 0.006489586445891588, ""pulse_current_raw_max"": 12.0, ""pulse_current_raw_min"": 4.0, ""pulse_duration_max"": 0.6, ""pulse_duration_min"": 0.15, ""q_abs_guard_deg"": 35.0, ""qd_lpf_alpha"": 0.36376255699052973, ""rate"": 24.0, ""rbf_center_max"": 3.2, ""rbf_center_min"": -3.2, ""rbf_nodes"": 11.0, ""rbf_width"": 1.4631904539, ""ref_jump_deg_max"": 8.0, ""ref_jump_deg_min"": 2.0, ""ref_jump_duration_max"": 0.6, ""ref_jump_duration_min"": 0.15, ""reference_shape"": ""sine"", ""reset_zeta_after_motion"": false, ""reset_zeta_on_segment"": false, ""restore_mode"": false, ""sigma_mod"": 0.2460708825, ""sine_center_mode"": ""lock"", ""soft_start_sec"": 0.0, ""step_absolute_target_deg"": 125.0, ""step_absolute_target_rad"": null, ""step_delta_deg"": -15.0, ""step_ramp_sec"": 0.8, ""step_segment_sec"": 1.5, ""step_sequence_deg"": """", ""step_shape"": ""smoothstep"", ""step_start_sec"": 0.5, ""tail_err_full_deg"": 0.8, ""tail_err_thresh_deg"": 0.2, ""tail_kd"": 0.216813862327235, ""tail_kp"": 0.0, ""tail_max_control_boost"": 0.0, ""tail_u_max"": 0.0, ""torque_to_current"": 210.0, ""zeta0"": 0.885692967, ""zeta_leak"": 0.0237735451, ""zeta_reset_delay_sec"": 0.0, ""zeta_reset_value"": null, ""zeta_soft"": 0.989185316}"
11,1,1.0,1000073.5124632448,432.0,17.958474000000002,0.34835797596943924,0.9959141763529434,1.9498288784831836,5.912068779119692,1.1035124632448927,0.0,0.009659126984126984,0.08678934861712911,0.9093160148,0.885692967,0.9093160148,0.02362304780000002,0.0013123915407407408,0.004704795979999999,0.0749341002,0.0,0.0,0.0,1.0,1.4210854715202004e-14,0.008067936512923517,0.9374954883029626,1.0,0.06869612250541092,0.06835937681309637,0.156250002507198,0.0,0.0,0.0,0.0,0.0,0.06835937681309635,0.06835937681309637,0.06835937681309637,0.0,0,19.352677193001,/tmp/nussbaum_step15_tailclean_runs/optuna_t0011_r01.csv,,"{""alpha"": 7.1072835468, ""amplitude_deg"": 10.0, ""baudrate"": 1000000.0, ""command_sign"": -1.0, ""control_output_scale"": 1.0, ""current_bias_raw"": 0.00935008468206092, ""current_limit_raw"": 0.0, ""default_mode"": 3.0, ""device"": ""/dev/ttyAMA0"", ""disable_anti_windup"": false, ""disable_freeze_nn_on_saturation"": false, ""disable_freeze_zeta_on_saturation"": false, ""disturb_interval_sec"": 30.0, ""disturb_jitter_sec"": 3.0, ""disturb_mode"": ""mixed"", ""disturb_seed"": -1.0, ""disturbance_placement"": ""mid_move"", ""duration"": 18.0, ""dxl_id"": 6.0, ""enable_disturbance"": false, ""frequency_hz"": 0.05, ""fric_coulomb"": 0.0010706458709896624, ""fric_vel_scale"": 0.8407143773595482, ""gamma_adapt"": 8.7187500403, ""gamma_link"": 0.9434192362283718, ""integral_limit"": 1.6504936083, ""k_delta"": 0.0888551632588837, ""max_abs_e_dot"": 1.0, ""max_control"": 0.11758643472955776, ""max_current_raw"": 35.0, ""max_current_slew"": 9.737445143590888, ""mid_disturbance_offset_sec"": 0.0, ""no_set_current_mode"": false, ""predict_horizon_sec"": 0.006088413175865731, ""pulse_current_raw_max"": 12.0, ""pulse_current_raw_min"": 4.0, ""pulse_duration_max"": 0.6, ""pulse_duration_min"": 0.15, ""q_abs_guard_deg"": 35.0, ""qd_lpf_alpha"": 0.39246023183722967, ""rate"": 24.0, ""rbf_center_max"": 3.2, ""rbf_center_min"": -3.2, ""rbf_nodes"": 11.0, ""rbf_width"": 1.4631904539, ""ref_jump_deg_max"": 8.0, ""ref_jump_deg_min"": 2.0, ""ref_jump_duration_max"": 0.6, ""ref_jump_duration_min"": 0.15, ""reference_shape"": ""sine"", ""reset_zeta_after_motion"": false, ""reset_zeta_on_segment"": false, ""restore_mode"": false, ""sigma_mod"": 0.2460708825, ""sine_center_mode"": ""lock"", ""soft_start_sec"": 0.0, ""step_absolute_target_deg"": 125.0, ""step_absolute_target_rad"": null, ""step_delta_deg"": -15.0, ""step_ramp_sec"": 0.8, ""step_segment_sec"": 1.5, ""step_sequence_deg"": """", ""step_shape"": ""smoothstep"", ""step_start_sec"": 0.5, ""tail_err_full_deg"": 0.8, ""tail_err_thresh_deg"": 0.2, ""tail_kd"": 0.21239517691622456, ""tail_kp"": 0.0, ""tail_max_control_boost"": 0.0, ""tail_u_max"": 0.0, ""torque_to_current"": 210.0, ""zeta0"": 0.885692967, ""zeta_leak"": 0.0237735451, ""zeta_reset_delay_sec"": 0.0, ""zeta_reset_value"": null, ""zeta_soft"": 0.989185316}"
12,1,1.0,1000190.1931099768,432.0,17.958442,0.5238573124800657,0.8037227146309807,1.129945632176001,5.77122628781376,0.7798068900231517,0.0,0.018773214285714285,0.07654917812321993,0.9030501355,0.885692967,0.9030501355,0.01735716850000002,0.0009642871412037037,0.0024118063699999893,0.0348221311,0.0,0.0,0.0,1.0,0.17578125138821576,0.06566612574342995,9.821331988410273,1.0,0.3798491364744917,0.5078124995540266,0.5078124995540266,0.0,0.0,0.0,0.0,0.0,0.3549194319403289,0.4199218738599249,0.5078124995540266,0.0,0,19.288052451000112,/tmp/nussbaum_step15_tailclean_runs/optuna_t0012_r01.csv,,"{""alpha"": 7.1072835468, ""amplitude_deg"": 10.0, ""baudrate"": 1000000.0, ""command_sign"": -1.0, ""control_output_scale"": 1.0, ""current_bias_raw"": 0.02613681636956962, ""current_limit_raw"": 0.0, ""default_mode"": 3.0, ""device"": ""/dev/ttyAMA0"", ""disable_anti_windup"": false, ""disable_freeze_nn_on_saturation"": false, ""disable_freeze_zeta_on_saturation"": false, ""disturb_interval_sec"": 30.0, ""disturb_jitter_sec"": 3.0, ""disturb_mode"": ""mixed"", ""disturb_seed"": -1.0, ""disturbance_placement"": ""mid_move"", ""duration"": 18.0, ""dxl_id"": 6.0, ""enable_disturbance"": false, ""frequency_hz"": 0.05, ""fric_coulomb"": 8.552509999072603e-05, ""fric_vel_scale"": 0.854360038813365, ""gamma_adapt"": 8.7187500403, ""gamma_link"": 0.9380023348984264, ""integral_limit"": 1.6504936083, ""k_delta"": 0.08976207854207988, ""max_abs_e_dot"": 1.0, ""max_control"": 0.1085200419335081, ""max_current_raw"": 35.0, ""max_current_slew"": 8.588649259114867, ""mid_disturbance_offset_sec"": 0.0, ""no_set_current_mode"": false, ""predict_horizon_sec"": 0.006574176112124539, ""pulse_current_raw_max"": 12.0, ""pulse_current_raw_min"": 4.0, ""pulse_duration_max"": 0.6, ""pulse_duration_min"": 0.15, ""q_abs_guard_deg"": 35.0, ""qd_lpf_alpha"": 0.3805391668833221, ""rate"": 24.0, ""rbf_center_max"": 3.2, ""rbf_center_min"": -3.2, ""rbf_nodes"": 11.0, ""rbf_width"": 1.4631904539, ""ref_jump_deg_max"": 8.0, ""ref_jump_deg_min"": 2.0, ""ref_jump_duration_max"": 0.6, ""ref_jump_duration_min"": 0.15, ""reference_shape"": ""sine"", ""reset_zeta_after_motion"": false, ""reset_zeta_on_segment"": false, ""restore_mode"": false, ""sigma_mod"": 0.2460708825, ""sine_center_mode"": ""lock"", ""soft_start_sec"": 0.0, ""step_absolute_target_deg"": 125.0, ""step_absolute_target_rad"": null, ""step_delta_deg"": -15.0, ""step_ramp_sec"": 0.8, ""step_segment_sec"": 1.5, ""step_sequence_deg"": """", ""step_shape"": ""smoothstep"", ""step_start_sec"": 0.5, ""tail_err_full_deg"": 0.8, ""tail_err_thresh_deg"": 0.2, ""tail_kd"": 0.23033514979613096, ""tail_kp"": 0.0, ""tail_max_control_boost"": 0.0, ""tail_u_max"": 0.0, ""torque_to_current"": 210.0, ""zeta0"": 0.885692967, ""zeta_leak"": 0.0237735451, ""zeta_reset_delay_sec"": 0.0, ""zeta_reset_value"": null, ""zeta_soft"": 0.989185316}"
13,1,1.0,1000227.3645622632,432.0,17.958579,0.7128852086189118,1.1177792864970109,2.146445949220916,5.284566387379821,1.2573645622632617,0.0,0.01425767195767196,0.13137451925131463,0.9268852369,0.885692967,0.9268852369,0.04119226990000002,0.0022884594365740747,0.01629047821999999,0.0716835462,0.0,0.0,0.0,1.0,1.0546875025996485,0.497948070946581,8.777140650318922,1.0,0.40680829099642685,0.5078125110131825,0.5227477273743443,0.0,0.0,0.0,0.0,0.0,0.3924560536886168,0.5078124995540266,0.5078124995540266,0.0,0,19.285221451002144,/tmp/nussbaum_step15_tailclean_runs/optuna_t0013_r01.csv,,"{""alpha"": 7.1072835468, ""amplitude_deg"": 10.0, ""baudrate"": 1000000.0, ""command_sign"": -1.0, ""control_output_scale"": 1.0, ""current_bias_raw"": 0.02899855254449835, ""current_limit_raw"": 0.0, ""default_mode"": 3.0, ""device"": ""/dev/ttyAMA0"", ""disable_anti_windup"": false, ""disable_freeze_nn_on_saturation"": false, ""disable_freeze_zeta_on_saturation"": false, ""disturb_interval_sec"": 30.0, ""disturb_jitter_sec"": 3.0, ""disturb_mode"": ""mixed"", ""disturb_seed"": -1.0, ""disturbance_placement"": ""mid_move"", ""duration"": 18.0, ""dxl_id"": 6.0, ""enable_disturbance"": false, ""frequency_hz"": 0.05, ""fric_coulomb"": 0.0010154092747501344, ""fric_vel_scale"": 0.8078522392701043, ""gamma_adapt"": 8.7187500403, ""gamma_link"": 0.9437409934804518, ""integral_limit"": 1.6504936083, ""k_delta"": 0.08853340328925086, ""max_abs_e_dot"": 1.0, ""max_control"": 0.11485651823300391, ""max_current_raw"": 35.0, ""max_current_slew"": 9.75481655375261, ""mid_disturbance_offset_sec"": 0.0, ""no_set_current_mode"": false, ""predict_horizon_sec"": 0.006123742771219891, ""pulse_current_raw_max"": 12.0, ""pulse_current_raw_min"": 4.0, ""pulse_duration_max"": 0.6, ""pulse_duration_min"": 0.15, ""q_abs_guard_deg"": 35.0, ""qd_lpf_alpha"": 0.3707135798307122, ""rate"": 24.0, ""rbf_center_max"": 3.2, ""rbf_center_min"": -3.2, ""rbf_nodes"": 11.0, ""rbf_width"": 1.4631904539, ""ref_jump_deg_max"": 8.0, ""ref_jump_deg_min"": 2.0, ""ref_jump_duration_max"": 0.6, ""ref_jump_duration_min"": 0.15, ""reference_shape"": ""sine"", ""reset_zeta_after_motion"": false, ""reset_zeta_on_segment"": false, ""restore_mode"": false, ""sigma_mod"": 0.2460708825, ""sine_center_mode"": ""lock"", ""soft_start_sec"": 0.0, ""step_absolute_target_deg"": 125.0, ""step_absolute_target_rad"": null, ""step_delta_deg"": -15.0, ""step_ramp_sec"": 0.8, ""step_segment_sec"": 1.5, ""step_sequence_deg"": """", ""step_shape"": ""smoothstep"", ""step_start_sec"": 0.5, ""tail_err_full_deg"": 0.8, ""tail_err_thresh_deg"": 0.2, ""tail_kd"": 0.188404996083827, ""tail_kp"": 0.0, ""tail_max_control_boost"": 0.0, ""tail_u_max"": 0.0, ""torque_to_current"": 210.0, ""zeta0"": 0.885692967, ""zeta_leak"": 0.0237735451, ""zeta_reset_delay_sec"": 0.0, ""zeta_reset_value"": null, ""zeta_soft"": 0.989185316}"
14,1,1.0,1000264.0672331988,432.0,17.958439000000002,0.7169031218692423,1.2032830297388575,2.3696086235730123,6.129841310901698,1.2940672331987813,0.0,0.017039616402116403,0.21199120467441354,0.9500134948,0.885692967,0.9500134948,0.06432052779999997,0.003573362657638889,0.021261218855,0.0717405935,0.0,0.0,0.0,1.0,2.460937496516536,0.6018957011435364,5.754352448333108,1.0,0.2601902693605396,0.33300927566295574,1.2356781492865319,0.0,0.0,0.0,0.0,0.0,0.22592494994021417,0.2441406224717217,0.2441406224717217,0.0,0,19.43559165500119,/tmp/nussbaum_step15_tailclean_runs/optuna_t0014_r01.csv,,"{""alpha"": 7.1072835468, ""amplitude_deg"": 10.0, ""baudrate"": 1000000.0, ""command_sign"": -1.0, ""control_output_scale"": 1.0, ""current_bias_raw"": -0.009566085132954863, ""current_limit_raw"": 0.0, ""default_mode"": 3.0, ""device"": ""/dev/ttyAMA0"", ""disable_anti_windup"": false, ""disable_freeze_nn_on_saturation"": false, ""disable_freeze_zeta_on_saturation"": false, ""disturb_interval_sec"": 30.0, ""disturb_jitter_sec"": 3.0, ""disturb_mode"": ""mixed"", ""disturb_seed"": -1.0, ""disturbance_placement"": ""mid_move"", ""duration"": 18.0, ""dxl_id"": 6.0, ""enable_disturbance"": false, ""frequency_hz"": 0.05, ""fric_coulomb"": 0.00020135447392556613, ""fric_vel_scale"": 0.9150720377878728, ""gamma_adapt"": 8.7187500403, ""gamma_link"": 0.9393272125278938, ""integral_limit"": 1.6504936083, ""k_delta"": 0.08767010781383826, ""max_abs_e_dot"": 1.0, ""max_control"": 0.1095008569110046, ""max_current_raw"": 35.0, ""max_current_slew"": 9.907852562932458, ""mid_disturbance_offset_sec"": 0.0, ""no_set_current_mode"": false, ""predict_horizon_sec"": 0.006979158378629905, ""pulse_current_raw_max"": 12.0, ""pulse_current_raw_min"": 4.0, ""pulse_duration_max"": 0.6, ""pulse_duration_min"": 0.15, ""q_abs_guard_deg"": 35.0, ""qd_lpf_alpha"": 0.39057986232788716, ""rate"": 24.0, ""rbf_center_max"": 3.2, ""rbf_center_min"": -3.2, ""rbf_nodes"": 11.0, ""rbf_width"": 1.4631904539, ""ref_jump_deg_max"": 8.0, ""ref_jump_deg_min"": 2.0, ""ref_jump_duration_max"": 0.6, ""ref_jump_duration_min"": 0.15, ""reference_shape"": ""sine"", ""reset_zeta_after_motion"": false, ""reset_zeta_on_segment"": false, ""restore_mode"": false, ""sigma_mod"": 0.2460708825, ""sine_center_mode"": ""lock"", ""soft_start_sec"": 0.0, ""step_absolute_target_deg"": 125.0, ""step_absolute_target_rad"": null, ""step_delta_deg"": -15.0, ""step_ramp_sec"": 0.8, ""step_segment_sec"": 1.5, ""step_sequence_deg"": """", ""step_shape"": ""smoothstep"", ""step_start_sec"": 0.5, ""tail_err_full_deg"": 0.8, ""tail_err_thresh_deg"": 0.2, ""tail_kd"": 0.21810103407384057, ""tail_kp"": 0.0, ""tail_max_control_boost"": 0.0, ""tail_u_max"": 0.0, ""torque_to_current"": 210.0, ""zeta0"": 0.885692967, ""zeta_leak"": 0.0237735451, ""zeta_reset_delay_sec"": 0.0, ""zeta_reset_value"": null, ""zeta_soft"": 0.989185316}"
15,1,1.0,1000270.6062664627,432.0,17.958454000000003,0.6882718535918122,1.1139214722759692,2.390518198347113,5.572847351802478,1.300606266462727,0.0,0.013582671957671958,0.12967039146898005,0.9210007302,0.885692967,0.9210007302,0.03530776319999995,0.0019615424025462964,0.014365417444999999,0.0757224415,0.0,0.0,0.0,1.0,1.0546874968700592,0.5179661009103295,4.344828485136928,1.0,0.3431667031543092,0.4199235870037324,0.42219288948375117,0.0,0.0,0.0,0.0,0.0,0.3192802781656283,0.4199218738599249,0.4199218738599249,0.0,0,19.372970543998235,/tmp/nussbaum_step15_tailclean_runs/optuna_t0015_r01.csv,,"{""alpha"": 7.1072835468, ""amplitude_deg"": 10.0, ""baudrate"": 1000000.0, ""command_sign"": -1.0, ""control_output_scale"": 1.0, ""current_bias_raw"": 0.005169996904962719, ""current_limit_raw"": 0.0, ""default_mode"": 3.0, ""device"": ""/dev/ttyAMA0"", ""disable_anti_windup"": false, ""disable_freeze_nn_on_saturation"": false, ""disable_freeze_zeta_on_saturation"": false, ""disturb_interval_sec"": 30.0, ""disturb_jitter_sec"": 3.0, ""disturb_mode"": ""mixed"", ""disturb_seed"": -1.0, ""disturbance_placement"": ""mid_move"", ""duration"": 18.0, ""dxl_id"": 6.0, ""enable_disturbance"": false, ""frequency_hz"": 0.05, ""fric_coulomb"": 0.00034320194093310824, ""fric_vel_scale"": 0.9272082383090196, ""gamma_adapt"": 8.7187500403, ""gamma_link"": 0.9404748421716844, ""integral_limit"": 1.6504936083, ""k_delta"": 0.08986764072393444, ""max_abs_e_dot"": 1.0, ""max_control"": 0.11399394435304022, ""max_current_raw"": 35.0, ""max_current_slew"": 9.528772062463807, ""mid_disturbance_offset_sec"": 0.0, ""no_set_current_mode"": false, ""predict_horizon_sec"": 0.007105415893261569, ""pulse_current_raw_max"": 12.0, ""pulse_current_raw_min"": 4.0, ""pulse_duration_max"": 0.6, ""pulse_duration_min"": 0.15, ""q_abs_guard_deg"": 35.0, ""qd_lpf_alpha"": 0.3808673479704082, ""rate"": 24.0, ""rbf_center_max"": 3.2, ""rbf_center_min"": -3.2, ""rbf_nodes"": 11.0, ""rbf_width"": 1.4631904539, ""ref_jump_deg_max"": 8.0, ""ref_jump_deg_min"": 2.0, ""ref_jump_duration_max"": 0.6, ""ref_jump_duration_min"": 0.15, ""reference_shape"": ""sine"", ""reset_zeta_after_motion"": false, ""reset_zeta_on_segment"": false, ""restore_mode"": false, ""sigma_mod"": 0.2460708825, ""sine_center_mode"": ""lock"", ""soft_start_sec"": 0.0, ""step_absolute_target_deg"": 125.0, ""step_absolute_target_rad"": null, ""step_delta_deg"": -15.0, ""step_ramp_sec"": 0.8, ""step_segment_sec"": 1.5, ""step_sequence_deg"": """", ""step_shape"": ""smoothstep"", ""step_start_sec"": 0.5, ""tail_err_full_deg"": 0.8, ""tail_err_thresh_deg"": 0.2, ""tail_kd"": 0.23266398447356249, ""tail_kp"": 0.0, ""tail_max_control_boost"": 0.0, ""tail_u_max"": 0.0, ""torque_to_current"": 210.0, ""zeta0"": 0.885692967, ""zeta_leak"": 0.0237735451, ""zeta_reset_delay_sec"": 0.0, ""zeta_reset_value"": null, ""zeta_soft"": 0.989185316}"
16,1,1.0,1000340.8527386294,432.0,17.958431,0.5932787752560001,1.002920676337602,2.138582190858809,4.296717648793733,1.3708527386294473,0.0,0.012770833333333332,0.18420873377245284,0.9473610365,0.885692967,0.9473610365,0.06166806950000003,0.0034260038597222226,0.022857716224999984,0.0514760538,0.0,0.0,0.0,1.0,2.46093749651655,0.6478261294943883,8.571429942857364,1.0,0.13011819956828952,0.1579679419713844,0.5454347991430403,0.0,0.0,0.0,0.0,0.0,0.11890787138327918,0.156250002507198,0.156250002507198,0.0,0,19.289634452001337,/tmp/nussbaum_step15_tailclean_runs/optuna_t0016_r01.csv,,"{""alpha"": 7.1072835468, ""amplitude_deg"": 10.0, ""baudrate"": 1000000.0, ""command_sign"": -1.0, ""control_output_scale"": 1.0, ""current_bias_raw"": -0.0010066055525737808, ""current_limit_raw"": 0.0, ""default_mode"": 3.0, ""device"": ""/dev/ttyAMA0"", ""disable_anti_windup"": false, ""disable_freeze_nn_on_saturation"": false, ""disable_freeze_zeta_on_saturation"": false, ""disturb_interval_sec"": 30.0, ""disturb_jitter_sec"": 3.0, ""disturb_mode"": ""mixed"", ""disturb_seed"": -1.0, ""disturbance_placement"": ""mid_move"", ""duration"": 18.0, ""dxl_id"": 6.0, ""enable_disturbance"": false, ""frequency_hz"": 0.05, ""fric_coulomb"": 0.0008774553868776851, ""fric_vel_scale"": 0.852518743453085, ""gamma_adapt"": 8.7187500403, ""gamma_link"": 0.9382900696065335, ""integral_limit"": 1.6504936083, ""k_delta"": 0.08797675027638246, ""max_abs_e_dot"": 1.0, ""max_control"": 0.11026814864090687, ""max_current_raw"": 35.0, ""max_current_slew"": 10.020366411027782, ""mid_disturbance_offset_sec"": 0.0, ""no_set_current_mode"": false, ""predict_horizon_sec"": 0.0065869909281166756, ""pulse_current_raw_max"": 12.0, ""pulse_current_raw_min"": 4.0, ""pulse_duration_max"": 0.6, ""pulse_duration_min"": 0.15, ""q_abs_guard_deg"": 35.0, ""qd_lpf_alpha"": 0.36499332764847836, ""rate"": 24.0, ""rbf_center_max"": 3.2, ""rbf_center_min"": -3.2, ""rbf_nodes"": 11.0, ""rbf_width"": 1.4631904539, ""ref_jump_deg_max"": 8.0, ""ref_jump_deg_min"": 2.0, ""ref_jump_duration_max"": 0.6, ""ref_jump_duration_min"": 0.15, ""reference_shape"": ""sine"", ""reset_zeta_after_motion"": false, ""reset_zeta_on_segment"": false, ""restore_mode"": false, ""sigma_mod"": 0.2460708825, ""sine_center_mode"": ""lock"", ""soft_start_sec"": 0.0, ""step_absolute_target_deg"": 125.0, ""step_absolute_target_rad"": null, ""step_delta_deg"": -15.0, ""step_ramp_sec"": 0.8, ""step_segment_sec"": 1.5, ""step_sequence_deg"": """", ""step_shape"": ""smoothstep"", ""step_start_sec"": 0.5, ""tail_err_full_deg"": 0.8, ""tail_err_thresh_deg"": 0.2, ""tail_kd"": 0.1904941567513798, ""tail_kp"": 0.0, ""tail_max_control_boost"": 0.0, ""tail_u_max"": 0.0, ""torque_to_current"": 210.0, ""zeta0"": 0.885692967, ""zeta_leak"": 0.0237735451, ""zeta_reset_delay_sec"": 0.0, ""zeta_reset_value"": null, ""zeta_soft"": 0.989185316}"
17,1,1.0,1000043.2056864304,432.0,17.958520999999998,0.34550448690190433,1.0535821192870065,2.14560192709826,6.453096776513886,1.0732056864304949,0.0,0.00925595238095238,0.08317214921726408,0.9012726233,0.885692967,0.9012726233,0.015579656300000022,0.0008655364627314815,0.0016259599849999988,0.0497858677,0.0,0.0,0.0,1.0,1.4210854715202004e-14,0.006596846497903611,14.4000921605898,1.0,0.06903286819772549,0.06835937681309637,0.156250002507198,0.0,0.0,0.0,0.0,0.0,0.06927490416407657,0.06835937681309637,0.156250002507198,0.0,0,19.428754970002046,/tmp/nussbaum_step15_tailclean_runs/optuna_t0017_r01.csv,,"{""alpha"": 7.1072835468, ""amplitude_deg"": 10.0, ""baudrate"": 1000000.0, ""command_sign"": -1.0, ""control_output_scale"": 1.0, ""current_bias_raw"": 0.022664497299197818, ""current_limit_raw"": 0.0, ""default_mode"": 3.0, ""device"": ""/dev/ttyAMA0"", ""disable_anti_windup"": false, ""disable_freeze_nn_on_saturation"": false, ""disable_freeze_zeta_on_saturation"": false, ""disturb_interval_sec"": 30.0, ""disturb_jitter_sec"": 3.0, ""disturb_mode"": ""mixed"", ""disturb_seed"": -1.0, ""disturbance_placement"": ""mid_move"", ""duration"": 18.0, ""dxl_id"": 6.0, ""enable_disturbance"": false, ""frequency_hz"": 0.05, ""fric_coulomb"": 0.0003853419582274863, ""fric_vel_scale"": 0.8815083950319132, ""gamma_adapt"": 8.7187500403, ""gamma_link"": 0.9408613362646995, ""integral_limit"": 1.6504936083, ""k_delta"": 0.08869659882020321, ""max_abs_e_dot"": 1.0, ""max_control"": 0.1138415560932011, ""max_current_raw"": 35.0, ""max_current_slew"": 9.576828775832475, ""mid_disturbance_offset_sec"": 0.0, ""no_set_current_mode"": false, ""predict_horizon_sec"": 0.007184849461695036, ""pulse_current_raw_max"": 12.0, ""pulse_current_raw_min"": 4.0, ""pulse_duration_max"": 0.6, ""pulse_duration_min"": 0.15, ""q_abs_guard_deg"": 35.0, ""qd_lpf_alpha"": 0.3776556887417588, ""rate"": 24.0, ""rbf_center_max"": 3.2, ""rbf_center_min"": -3.2, ""rbf_nodes"": 11.0, ""rbf_width"": 1.4631904539, ""ref_jump_deg_max"": 8.0, ""ref_jump_deg_min"": 2.0, ""ref_jump_duration_max"": 0.6, ""ref_jump_duration_min"": 0.15, ""reference_shape"": ""sine"", ""reset_zeta_after_motion"": false, ""reset_zeta_on_segment"": false, ""restore_mode"": false, ""sigma_mod"": 0.2460708825, ""sine_center_mode"": ""lock"", ""soft_start_sec"": 0.0, ""step_absolute_target_deg"": 125.0, ""step_absolute_target_rad"": null, ""step_delta_deg"": -15.0, ""step_ramp_sec"": 0.8, ""step_segment_sec"": 1.5, ""step_sequence_deg"": """", ""step_shape"": ""smoothstep"", ""step_start_sec"": 0.5, ""tail_err_full_deg"": 0.8, ""tail_err_thresh_deg"": 0.2, ""tail_kd"": 0.17917621719018467, ""tail_kp"": 0.0, ""tail_max_control_boost"": 0.0, ""tail_u_max"": 0.0, ""torque_to_current"": 210.0, ""zeta0"": 0.885692967, ""zeta_leak"": 0.0237735451, ""zeta_reset_delay_sec"": 0.0, ""zeta_reset_value"": null, ""zeta_soft"": 0.989185316}"
18,1,1.0,1000048.0854576881,432.0,17.958465,0.6338235834695832,1.2355352106837254,2.281498550459714,6.230129637473885,1.078085457688108,0.0,0.012675925925925927,0.17716834405056683,0.9523598894,0.8856929993,0.9523598894,0.06666689010000004,0.003703717915046296,0.024275174129999997,0.0559874329,0.0,0.0,0.0,1.0,2.2675781257190692,0.6027492301855619,9.299126859851015,1.0,0.12265692201155846,0.15625013428749088,0.16433181857937018,0.0,0.0,0.0,0.0,0.0,0.12346178981302537,0.156250002507198,0.156250002507198,0.0,0,19.38176013699922,/tmp/nussbaum_step15_tailclean_runs/optuna_t0018_r01.csv,,"{""alpha"": 7.1072835468, ""amplitude_deg"": 10.0, ""baudrate"": 1000000.0, ""command_sign"": -1.0, ""control_output_scale"": 1.0, ""current_bias_raw"": 0.02085216873349177, ""current_limit_raw"": 0.0, ""default_mode"": 3.0, ""device"": ""/dev/ttyAMA0"", ""disable_anti_windup"": false, ""disable_freeze_nn_on_saturation"": false, ""disable_freeze_zeta_on_saturation"": false, ""disturb_interval_sec"": 30.0, ""disturb_jitter_sec"": 3.0, ""disturb_mode"": ""mixed"", ""disturb_seed"": -1.0, ""disturbance_placement"": ""mid_move"", ""duration"": 18.0, ""dxl_id"": 6.0, ""enable_disturbance"": false, ""frequency_hz"": 0.05, ""fric_coulomb"": 7.329521098226231e-05, ""fric_vel_scale"": 0.8467156620160723, ""gamma_adapt"": 8.7187500403, ""gamma_link"": 0.9432393644550437, ""integral_limit"": 1.6504936083, ""k_delta"": 0.08893524865307954, ""max_abs_e_dot"": 1.0, ""max_control"": 0.11360266771475537, ""max_current_raw"": 35.0, ""max_current_slew"": 10.305626651397025, ""mid_disturbance_offset_sec"": 0.0, ""no_set_current_mode"": false, ""predict_horizon_sec"": 0.006490671798979618, ""pulse_current_raw_max"": 12.0, ""pulse_current_raw_min"": 4.0, ""pulse_duration_max"": 0.6, ""pulse_duration_min"": 0.15, ""q_abs_guard_deg"": 35.0, ""qd_lpf_alpha"": 0.3799875944673906, ""rate"": 24.0, ""rbf_center_max"": 3.2, ""rbf_center_min"": -3.2, ""rbf_nodes"": 11.0, ""rbf_width"": 1.4631904539, ""ref_jump_deg_max"": 8.0, ""ref_jump_deg_min"": 2.0, ""ref_jump_duration_max"": 0.6, ""ref_jump_duration_min"": 0.15, ""reference_shape"": ""sine"", ""reset_zeta_after_motion"": false, ""reset_zeta_on_segment"": false, ""restore_mode"": false, ""sigma_mod"": 0.2460708825, ""sine_center_mode"": ""lock"", ""soft_start_sec"": 0.0, ""step_absolute_target_deg"": 125.0, ""step_absolute_target_rad"": null, ""step_delta_deg"": -15.0, ""step_ramp_sec"": 0.8, ""step_segment_sec"": 1.5, ""step_sequence_deg"": """", ""step_shape"": ""smoothstep"", ""step_start_sec"": 0.5, ""tail_err_full_deg"": 0.8, ""tail_err_thresh_deg"": 0.2, ""tail_kd"": 0.17949451469612543, ""tail_kp"": 0.0, ""tail_max_control_boost"": 0.0, ""tail_u_max"": 0.0, ""torque_to_current"": 210.0, ""zeta0"": 0.885692967, ""zeta_leak"": 0.0237735451, ""zeta_reset_delay_sec"": 0.0, ""zeta_reset_value"": null, ""zeta_soft"": 0.989185316}"
19,1,1.0,1000433.2117687068,432.0,17.95858,0.431548102677315,0.707688240807445,1.6224065277450572,3.752351536259748,1.4632117687068011,0.0,0.011106150793650795,0.07438365836078428,0.9030358237,0.885692967,0.9030358237,0.01734285670000002,0.0009634920351851851,0.002821788574999992,0.0392039456,0.0,0.0,0.0,1.0,0.2636718713527415,0.09750051330444484,5.592234312753626,1.0,0.24279364172208479,0.33203124816582336,0.33203124816582336,0.0,0.0,0.0,0.0,0.0,0.2134704589593069,0.33203124816582336,0.33203124816582336,0.0,0,19.294608211002924,/tmp/nussbaum_step15_tailclean_runs/optuna_t0019_r01.csv,,"{""alpha"": 7.1072835468, ""amplitude_deg"": 10.0, ""baudrate"": 1000000.0, ""command_sign"": -1.0, ""control_output_scale"": 1.0, ""current_bias_raw"": -0.008730623320466799, ""current_limit_raw"": 0.0, ""default_mode"": 3.0, ""device"": ""/dev/ttyAMA0"", ""disable_anti_windup"": false, ""disable_freeze_nn_on_saturation"": false, ""disable_freeze_zeta_on_saturation"": false, ""disturb_interval_sec"": 30.0, ""disturb_jitter_sec"": 3.0, ""disturb_mode"": ""mixed"", ""disturb_seed"": -1.0, ""disturbance_placement"": ""mid_move"", ""duration"": 18.0, ""dxl_id"": 6.0, ""enable_disturbance"": false, ""frequency_hz"": 0.05, ""fric_coulomb"": 0.000769547979638708, ""fric_vel_scale"": 0.8767837286213438, ""gamma_adapt"": 8.7187500403, ""gamma_link"": 0.9402094852610987, ""integral_limit"": 1.6504936083, ""k_delta"": 0.08826296315940002, ""max_abs_e_dot"": 1.0, ""max_control"": 0.10992944900670099, ""max_current_raw"": 35.0, ""max_current_slew"": 9.079391391157655, ""mid_disturbance_offset_sec"": 0.0, ""no_set_current_mode"": false, ""predict_horizon_sec"": 0.006165567891654639, ""pulse_current_raw_max"": 12.0, ""pulse_current_raw_min"": 4.0, ""pulse_duration_max"": 0.6, ""pulse_duration_min"": 0.15, ""q_abs_guard_deg"": 35.0, ""qd_lpf_alpha"": 0.36857518078828916, ""rate"": 24.0, ""rbf_center_max"": 3.2, ""rbf_center_min"": -3.2, ""rbf_nodes"": 11.0, ""rbf_width"": 1.4631904539, ""ref_jump_deg_max"": 8.0, ""ref_jump_deg_min"": 2.0, ""ref_jump_duration_max"": 0.6, ""ref_jump_duration_min"": 0.15, ""reference_shape"": ""sine"", ""reset_zeta_after_motion"": false, ""reset_zeta_on_segment"": false, ""restore_mode"": false, ""sigma_mod"": 0.2460708825, ""sine_center_mode"": ""lock"", ""soft_start_sec"": 0.0, ""step_absolute_target_deg"": 125.0, ""step_absolute_target_rad"": null, ""step_delta_deg"": -15.0, ""step_ramp_sec"": 0.8, ""step_segment_sec"": 1.5, ""step_sequence_deg"": """", ""step_shape"": ""smoothstep"", ""step_start_sec"": 0.5, ""tail_err_full_deg"": 0.8, ""tail_err_thresh_deg"": 0.2, ""tail_kd"": 0.17905155968001685, ""tail_kp"": 0.0, ""tail_max_control_boost"": 0.0, ""tail_u_max"": 0.0, ""torque_to_current"": 210.0, ""zeta0"": 0.885692967, ""zeta_leak"": 0.0237735451, ""zeta_reset_delay_sec"": 0.0, ""zeta_reset_value"": null, ""zeta_soft"": 0.989185316}"
20,1,1.0,1000151.6130784252,432.0,17.958443,0.4116788948928472,0.6980841939534744,1.638692628758674,4.3755159270228114,1.1816130784251273,0.0,0.00827010582010582,0.07055249651504439,0.9006661144,0.885692967,0.9006661144,0.014973147399999998,0.0008318415215277777,0.002497880704999999,0.0335679719,0.0,0.0,0.0,1.0,0.0,0.012253352300453699,1.1063809072017057,1.0,0.24515085954866536,0.2441406224717217,0.33203124816582336,0.0,0.0,0.0,0.0,0.0,0.24505140615767088,0.2441406224717217,0.33203124816582336,0.0,0,19.42686759999924,/tmp/nussbaum_step15_tailclean_runs/optuna_t0020_r01.csv,,"{""alpha"": 7.1072835468, ""amplitude_deg"": 10.0, ""baudrate"": 1000000.0, ""command_sign"": -1.0, ""control_output_scale"": 1.0, ""current_bias_raw"": -0.015074616332139006, ""current_limit_raw"": 0.0, ""default_mode"": 3.0, ""device"": ""/dev/ttyAMA0"", ""disable_anti_windup"": false, ""disable_freeze_nn_on_saturation"": false, ""disable_freeze_zeta_on_saturation"": false, ""disturb_interval_sec"": 30.0, ""disturb_jitter_sec"": 3.0, ""disturb_mode"": ""mixed"", ""disturb_seed"": -1.0, ""disturbance_placement"": ""mid_move"", ""duration"": 18.0, ""dxl_id"": 6.0, ""enable_disturbance"": false, ""frequency_hz"": 0.05, ""fric_coulomb"": 0.0006243309396743485, ""fric_vel_scale"": 0.8427718138775204, ""gamma_adapt"": 8.7187500403, ""gamma_link"": 0.9380253481678239, ""integral_limit"": 1.6504936083, ""k_delta"": 0.08878376697206236, ""max_abs_e_dot"": 1.0, ""max_control"": 0.10926479858373933, ""max_current_raw"": 35.0, ""max_current_slew"": 9.135337267385275, ""mid_disturbance_offset_sec"": 0.0, ""no_set_current_mode"": false, ""predict_horizon_sec"": 0.006589284585931438, ""pulse_current_raw_max"": 12.0, ""pulse_current_raw_min"": 4.0, ""pulse_duration_max"": 0.6, ""pulse_duration_min"": 0.15, ""q_abs_guard_deg"": 35.0, ""qd_lpf_alpha"": 0.37304972792753843, ""rate"": 24.0, ""rbf_center_max"": 3.2, ""rbf_center_min"": -3.2, ""rbf_nodes"": 11.0, ""rbf_width"": 1.4631904539, ""ref_jump_deg_max"": 8.0, ""ref_jump_deg_min"": 2.0, ""ref_jump_duration_max"": 0.6, ""ref_jump_duration_min"": 0.15, ""reference_shape"": ""sine"", ""reset_zeta_after_motion"": false, ""reset_zeta_on_segment"": false, ""restore_mode"": false, ""sigma_mod"": 0.2460708825, ""sine_center_mode"": ""lock"", ""soft_start_sec"": 0.0, ""step_absolute_target_deg"": 125.0, ""step_absolute_target_rad"": null, ""step_delta_deg"": -15.0, ""step_ramp_sec"": 0.8, ""step_segment_sec"": 1.5, ""step_sequence_deg"": """", ""step_shape"": ""smoothstep"", ""step_start_sec"": 0.5, ""tail_err_full_deg"": 0.8, ""tail_err_thresh_deg"": 0.2, ""tail_kd"": 0.2070354863649664, ""tail_kp"": 0.0, ""tail_max_control_boost"": 0.0, ""tail_u_max"": 0.0, ""torque_to_current"": 210.0, ""zeta0"": 0.885692967, ""zeta_leak"": 0.0237735451, ""zeta_reset_delay_sec"": 0.0, ""zeta_reset_value"": null, ""zeta_soft"": 0.989185316}"
21,1,1.0,1000080.1244884446,432.0,17.958443000000003,0.4606614776307766,0.9835386060578496,2.274185166474764,5.656682226988811,1.110124488444628,0.0,0.024344510582010582,0.1196718642557268,0.9234649452,0.885692967,0.9234649452,0.0377719782,0.0020984432354166664,0.01279086829,0.0760889939,0.0,0.0,0.0,1.0,0.2636718713527415,0.07975665295665363,6.1621563330953615,1.0,0.17342403070780987,0.2441406224717217,0.2441406224717217,0.0,0.0,0.0,0.0,0.0,0.14941912397197074,0.2441406224717217,0.2441406224717217,0.0,0,19.362647229001595,/tmp/nussbaum_step15_tailclean_runs/optuna_t0021_r01.csv,,"{""alpha"": 7.1072835468, ""amplitude_deg"": 10.0, ""baudrate"": 1000000.0, ""command_sign"": -1.0, ""control_output_scale"": 1.0, ""current_bias_raw"": 0.030154124546084193, ""current_limit_raw"": 0.0, ""default_mode"": 3.0, ""device"": ""/dev/ttyAMA0"", ""disable_anti_windup"": false, ""disable_freeze_nn_on_saturation"": false, ""disable_freeze_zeta_on_saturation"": false, ""disturb_interval_sec"": 30.0, ""disturb_jitter_sec"": 3.0, ""disturb_mode"": ""mixed"", ""disturb_seed"": -1.0, ""disturbance_placement"": ""mid_move"", ""duration"": 18.0, ""dxl_id"": 6.0, ""enable_disturbance"": false, ""frequency_hz"": 0.05, ""fric_coulomb"": 0.00028766821850659957, ""fric_vel_scale"": 0.9115249125960999, ""gamma_adapt"": 8.7187500403, ""gamma_link"": 0.9414702977795463, ""integral_limit"": 1.6504936083, ""k_delta"": 0.08952965602585078, ""max_abs_e_dot"": 1.0, ""max_control"": 0.11480944988836274, ""max_current_raw"": 35.0, ""max_current_slew"": 9.648866565108845, ""mid_disturbance_offset_sec"": 0.0, ""no_set_current_mode"": false, ""predict_horizon_sec"": 0.007106255288780089, ""pulse_current_raw_max"": 12.0, ""pulse_current_raw_min"": 4.0, ""pulse_duration_max"": 0.6, ""pulse_duration_min"": 0.15, ""q_abs_guard_deg"": 35.0, ""qd_lpf_alpha"": 0.36994125060729316, ""rate"": 24.0, ""rbf_center_max"": 3.2, ""rbf_center_min"": -3.2, ""rbf_nodes"": 11.0, ""rbf_width"": 1.4631904539, ""ref_jump_deg_max"": 8.0, ""ref_jump_deg_min"": 2.0, ""ref_jump_duration_max"": 0.6, ""ref_jump_duration_min"": 0.15, ""reference_shape"": ""sine"", ""reset_zeta_after_motion"": false, ""reset_zeta_on_segment"": false, ""restore_mode"": false, ""sigma_mod"": 0.2460708825, ""sine_center_mode"": ""lock"", ""soft_start_sec"": 0.0, ""step_absolute_target_deg"": 125.0, ""step_absolute_target_rad"": null, ""step_delta_deg"": -15.0, ""step_ramp_sec"": 0.8, ""step_segment_sec"": 1.5, ""step_sequence_deg"": """", ""step_shape"": ""smoothstep"", ""step_start_sec"": 0.5, ""tail_err_full_deg"": 0.8, ""tail_err_thresh_deg"": 0.2, ""tail_kd"": 0.19655899908683297, ""tail_kp"": 0.0, ""tail_max_control_boost"": 0.0, ""tail_u_max"": 0.0, ""torque_to_current"": 210.0, ""zeta0"": 0.885692967, ""zeta_leak"": 0.0237735451, ""zeta_reset_delay_sec"": 0.0, ""zeta_reset_value"": null, ""zeta_soft"": 0.989185316}"
22,1,1.0,1000069.9723839848,432.0,17.958440000000003,0.670404231224372,1.0147579857965716,1.5879278776959407,5.695788097655913,0.9000276160151915,0.0,0.03673968253968254,0.13406793361312977,0.9275100023,0.885692967,0.9275100023,0.04181703530000003,0.002323168629861111,0.012966248249999993,0.0424198821,0.0,0.0,0.0,1.0,0.9667968769055335,0.4090019298632402,4.756753671294916,1.0,0.3484953771580249,0.6835937509422298,0.6835937509422298,0.0,0.0,0.0,0.0,0.0,0.24636834338583638,0.5957031252481282,0.5957031252481282,0.0,0,19.303167137000855,/tmp/nussbaum_step15_tailclean_runs/optuna_t0022_r01.csv,,"{""alpha"": 7.1072835468, ""amplitude_deg"": 10.0, ""baudrate"": 1000000.0, ""command_sign"": -1.0, ""control_output_scale"": 1.0, ""current_bias_raw"": 0.006707218307894166, ""current_limit_raw"": 0.0, ""default_mode"": 3.0, ""device"": ""/dev/ttyAMA0"", ""disable_anti_windup"": false, ""disable_freeze_nn_on_saturation"": false, ""disable_freeze_zeta_on_saturation"": false, ""disturb_interval_sec"": 30.0, ""disturb_jitter_sec"": 3.0, ""disturb_mode"": ""mixed"", ""disturb_seed"": -1.0, ""disturbance_placement"": ""mid_move"", ""duration"": 18.0, ""dxl_id"": 6.0, ""enable_disturbance"": false, ""frequency_hz"": 0.05, ""fric_coulomb"": 0.00024439368684216905, ""fric_vel_scale"": 0.8619352949048545, ""gamma_adapt"": 8.7187500403, ""gamma_link"": 0.9411724621722859, ""integral_limit"": 1.6504936083, ""k_delta"": 0.0880883002633072, ""max_abs_e_dot"": 1.0, ""max_control"": 0.11174046994841813, ""max_current_raw"": 35.0, ""max_current_slew"": 9.202121728203442, ""mid_disturbance_offset_sec"": 0.0, ""no_set_current_mode"": false, ""predict_horizon_sec"": 0.00687811920823295, ""pulse_current_raw_max"": 12.0, ""pulse_current_raw_min"": 4.0, ""pulse_duration_max"": 0.6, ""pulse_duration_min"": 0.15, ""q_abs_guard_deg"": 35.0, ""qd_lpf_alpha"": 0.38610501650183726, ""rate"": 24.0, ""rbf_center_max"": 3.2, ""rbf_center_min"": -3.2, ""rbf_nodes"": 11.0, ""rbf_width"": 1.4631904539, ""ref_jump_deg_max"": 8.0, ""ref_jump_deg_min"": 2.0, ""ref_jump_duration_max"": 0.6, ""ref_jump_duration_min"": 0.15, ""reference_shape"": ""sine"", ""reset_zeta_after_motion"": false, ""reset_zeta_on_segment"": false, ""restore_mode"": false, ""sigma_mod"": 0.2460708825, ""sine_center_mode"": ""lock"", ""soft_start_sec"": 0.0, ""step_absolute_target_deg"": 125.0, ""step_absolute_target_rad"": null, ""step_delta_deg"": -15.0, ""step_ramp_sec"": 0.8, ""step_segment_sec"": 1.5, ""step_sequence_deg"": """", ""step_shape"": ""smoothstep"", ""step_start_sec"": 0.5, ""tail_err_full_deg"": 0.8, ""tail_err_thresh_deg"": 0.2, ""tail_kd"": 0.17336678453575555, ""tail_kp"": 0.0, ""tail_max_control_boost"": 0.0, ""tail_u_max"": 0.0, ""torque_to_current"": 210.0, ""zeta0"": 0.885692967, ""zeta_leak"": 0.0237735451, ""zeta_reset_delay_sec"": 0.0, ""zeta_reset_value"": null, ""zeta_soft"": 0.989185316}"
23,1,1.0,1000270.7950526306,432.0,17.958522000000002,0.6472367497824884,0.8589511916732648,1.714330617034613,4.490306222189796,1.300795052630563,0.0,0.02385839947089947,0.14620690103381329,0.93857684,0.885692967,0.93857684,0.05288387299999997,0.002937992942592593,0.019615756459999995,0.0419533791,0.0,0.0,0.0,1.0,1.5292968733263876,0.41995718284793326,3.713465942119032,1.0,0.4064520462771044,0.5078124995540266,0.5078124995540266,0.0,0.0,0.0,0.0,0.0,0.3746032701356115,0.5078124995540266,0.5078124995540266,0.0,0,19.44431722900117,/tmp/nussbaum_step15_tailclean_runs/optuna_t0023_r01.csv,,"{""alpha"": 7.1072835468, ""amplitude_deg"": 10.0, ""baudrate"": 1000000.0, ""command_sign"": -1.0, ""control_output_scale"": 1.0, ""current_bias_raw"": 0.013590562666609312, ""current_limit_raw"": 0.0, ""default_mode"": 3.0, ""device"": ""/dev/ttyAMA0"", ""disable_anti_windup"": false, ""disable_freeze_nn_on_saturation"": false, ""disable_freeze_zeta_on_saturation"": false, ""disturb_interval_sec"": 30.0, ""disturb_jitter_sec"": 3.0, ""disturb_mode"": ""mixed"", ""disturb_seed"": -1.0, ""disturbance_placement"": ""mid_move"", ""duration"": 18.0, ""dxl_id"": 6.0, ""enable_disturbance"": false, ""frequency_hz"": 0.05, ""fric_coulomb"": 0.0003442843619101274, ""fric_vel_scale"": 0.9437131915029358, ""gamma_adapt"": 8.7187500403, ""gamma_link"": 0.9392478001698794, ""integral_limit"": 1.6504936083, ""k_delta"": 0.08882907692430143, ""max_abs_e_dot"": 1.0, ""max_control"": 0.1148957945530965, ""max_current_raw"": 35.0, ""max_current_slew"": 10.023116621316824, ""mid_disturbance_offset_sec"": 0.0, ""no_set_current_mode"": false, ""predict_horizon_sec"": 0.006931504848633906, ""pulse_current_raw_max"": 12.0, ""pulse_current_raw_min"": 4.0, ""pulse_duration_max"": 0.6, ""pulse_duration_min"": 0.15, ""q_abs_guard_deg"": 35.0, ""qd_lpf_alpha"": 0.3801885133840013, ""rate"": 24.0, ""rbf_center_max"": 3.2, ""rbf_center_min"": -3.2, ""rbf_nodes"": 11.0, ""rbf_width"": 1.4631904539, ""ref_jump_deg_max"": 8.0, ""ref_jump_deg_min"": 2.0, ""ref_jump_duration_max"": 0.6, ""ref_jump_duration_min"": 0.15, ""reference_shape"": ""sine"", ""reset_zeta_after_motion"": false, ""reset_zeta_on_segment"": false, ""restore_mode"": false, ""sigma_mod"": 0.2460708825, ""sine_center_mode"": ""lock"", ""soft_start_sec"": 0.0, ""step_absolute_target_deg"": 125.0, ""step_absolute_target_rad"": null, ""step_delta_deg"": -15.0, ""step_ramp_sec"": 0.8, ""step_segment_sec"": 1.5, ""step_sequence_deg"": """", ""step_shape"": ""smoothstep"", ""step_start_sec"": 0.5, ""tail_err_full_deg"": 0.8, ""tail_err_thresh_deg"": 0.2, ""tail_kd"": 0.17308450042174697, ""tail_kp"": 0.0, ""tail_max_control_boost"": 0.0, ""tail_u_max"": 0.0, ""torque_to_current"": 210.0, ""zeta0"": 0.885692967, ""zeta_leak"": 0.0237735451, ""zeta_reset_delay_sec"": 0.0, ""zeta_reset_value"": null, ""zeta_soft"": 0.989185316}"
24,1,1.0,1000089.0697028864,432.0,17.958578000000003,0.8107037980156576,1.266959177658646,2.4013224362743992,5.74748747179801,1.1190697028863823,0.0,0.018570039682539684,0.22438653257654273,0.9733333299,0.885692967,0.9733333299,0.08764036289999999,0.004868909049305555,0.028878303224999995,0.0802344196,0.0,0.0,0.0,1.0,2.6718749981823606,0.7362658260267574,5.264942505118447,1.0,0.38019547088991285,1.1082116728347162,1.4653902907302614,0.0,0.0,0.0,0.0,0.0,0.28625488166126634,0.33203124816582336,0.3320312710841351,0.0,0,19.34776422899813,/tmp/nussbaum_step15_tailclean_runs/optuna_t0024_r01.csv,,"{""alpha"": 7.1072835468, ""amplitude_deg"": 10.0, ""baudrate"": 1000000.0, ""command_sign"": -1.0, ""control_output_scale"": 1.0, ""current_bias_raw"": 0.02625286189172353, ""current_limit_raw"": 0.0, ""default_mode"": 3.0, ""device"": ""/dev/ttyAMA0"", ""disable_anti_windup"": false, ""disable_freeze_nn_on_saturation"": false, ""disable_freeze_zeta_on_saturation"": false, ""disturb_interval_sec"": 30.0, ""disturb_jitter_sec"": 3.0, ""disturb_mode"": ""mixed"", ""disturb_seed"": -1.0, ""disturbance_placement"": ""mid_move"", ""duration"": 18.0, ""dxl_id"": 6.0, ""enable_disturbance"": false, ""frequency_hz"": 0.05, ""fric_coulomb"": 0.0005420054108041718, ""fric_vel_scale"": 0.8397279202312774, ""gamma_adapt"": 8.7187500403, ""gamma_link"": 0.9420105029689521, ""integral_limit"": 1.6504936083, ""k_delta"": 0.08825410233775685, ""max_abs_e_dot"": 1.0, ""max_control"": 0.11180349611898534, ""max_current_raw"": 35.0, ""max_current_slew"": 9.760525923118582, ""mid_disturbance_offset_sec"": 0.0, ""no_set_current_mode"": false, ""predict_horizon_sec"": 0.007132121318295687, ""pulse_current_raw_max"": 12.0, ""pulse_current_raw_min"": 4.0, ""pulse_duration_max"": 0.6, ""pulse_duration_min"": 0.15, ""q_abs_guard_deg"": 35.0, ""qd_lpf_alpha"": 0.3709363168473819, ""rate"": 24.0, ""rbf_center_max"": 3.2, ""rbf_center_min"": -3.2, ""rbf_nodes"": 11.0, ""rbf_width"": 1.4631904539, ""ref_jump_deg_max"": 8.0, ""ref_jump_deg_min"": 2.0, ""ref_jump_duration_max"": 0.6, ""ref_jump_duration_min"": 0.15, ""reference_shape"": ""sine"", ""reset_zeta_after_motion"": false, ""reset_zeta_on_segment"": false, ""restore_mode"": false, ""sigma_mod"": 0.2460708825, ""sine_center_mode"": ""lock"", ""soft_start_sec"": 0.0, ""step_absolute_target_deg"": 125.0, ""step_absolute_target_rad"": null, ""step_delta_deg"": -15.0, ""step_ramp_sec"": 0.8, ""step_segment_sec"": 1.5, ""step_sequence_deg"": """", ""step_shape"": ""smoothstep"", ""step_start_sec"": 0.5, ""tail_err_full_deg"": 0.8, ""tail_err_thresh_deg"": 0.2, ""tail_kd"": 0.17249880411345775, ""tail_kp"": 0.0, ""tail_max_control_boost"": 0.0, ""tail_u_max"": 0.0, ""torque_to_current"": 210.0, ""zeta0"": 0.885692967, ""zeta_leak"": 0.0237735451, ""zeta_reset_delay_sec"": 0.0, ""zeta_reset_value"": null, ""zeta_soft"": 0.989185316}"
25,1,1.0,1000422.3815797875,432.0,17.958434,0.4197564497107842,0.72852804317367,1.5396027448285299,4.2893758478210176,1.4523815797874768,0.0,0.008352645502645504,0.06982989749895574,0.9002627379,0.885692967,0.9002627379,0.0145697709,0.0008094317150462963,0.001082399854999994,0.0361494419,0.0,0.0,0.0,1.0,0.0,0.0,0.0,1.0,0.2441406224717217,0.2441406224717217,0.2441406224717217,0.0,0.0,0.0,0.0,0.0,0.24414062247172166,0.2441406224717217,0.2441406224717217,0.0,0,19.29342193300181,/tmp/nussbaum_step15_tailclean_runs/optuna_t0025_r01.csv,,"{""alpha"": 7.1072835468, ""amplitude_deg"": 10.0, ""baudrate"": 1000000.0, ""command_sign"": -1.0, ""control_output_scale"": 1.0, ""current_bias_raw"": 0.03520579041059763, ""current_limit_raw"": 0.0, ""default_mode"": 3.0, ""device"": ""/dev/ttyAMA0"", ""disable_anti_windup"": false, ""disable_freeze_nn_on_saturation"": false, ""disable_freeze_zeta_on_saturation"": false, ""disturb_interval_sec"": 30.0, ""disturb_jitter_sec"": 3.0, ""disturb_mode"": ""mixed"", ""disturb_seed"": -1.0, ""disturbance_placement"": ""mid_move"", ""duration"": 18.0, ""dxl_id"": 6.0, ""enable_disturbance"": false, ""frequency_hz"": 0.05, ""fric_coulomb"": 0.0003425731053278482, ""fric_vel_scale"": 0.8946951383647566, ""gamma_adapt"": 8.7187500403, ""gamma_link"": 0.9430864787862534, ""integral_limit"": 1.6504936083, ""k_delta"": 0.08840266834338724, ""max_abs_e_dot"": 1.0, ""max_control"": 0.11345979606063646, ""max_current_raw"": 35.0, ""max_current_slew"": 9.648858347196075, ""mid_disturbance_offset_sec"": 0.0, ""no_set_current_mode"": false, ""predict_horizon_sec"": 0.0065073181228155995, ""pulse_current_raw_max"": 12.0, ""pulse_current_raw_min"": 4.0, ""pulse_duration_max"": 0.6, ""pulse_duration_min"": 0.15, ""q_abs_guard_deg"": 35.0, ""qd_lpf_alpha"": 0.3871116047564898, ""rate"": 24.0, ""rbf_center_max"": 3.2, ""rbf_center_min"": -3.2, ""rbf_nodes"": 11.0, ""rbf_width"": 1.4631904539, ""ref_jump_deg_max"": 8.0, ""ref_jump_deg_min"": 2.0, ""ref_jump_duration_max"": 0.6, ""ref_jump_duration_min"": 0.15, ""reference_shape"": ""sine"", ""reset_zeta_after_motion"": false, ""reset_zeta_on_segment"": false, ""restore_mode"": false, ""sigma_mod"": 0.2460708825, ""sine_center_mode"": ""lock"", ""soft_start_sec"": 0.0, ""step_absolute_target_deg"": 125.0, ""step_absolute_target_rad"": null, ""step_delta_deg"": -15.0, ""step_ramp_sec"": 0.8, ""step_segment_sec"": 1.5, ""step_sequence_deg"": """", ""step_shape"": ""smoothstep"", ""step_start_sec"": 0.5, ""tail_err_full_deg"": 0.8, ""tail_err_thresh_deg"": 0.2, ""tail_kd"": 0.20570146324137206, ""tail_kp"": 0.0, ""tail_max_control_boost"": 0.0, ""tail_u_max"": 0.0, ""torque_to_current"": 210.0, ""zeta0"": 0.885692967, ""zeta_leak"": 0.0237735451, ""zeta_reset_delay_sec"": 0.0, ""zeta_reset_value"": null, ""zeta_soft"": 0.989185316}"
26,1,1.0,50.101889995748245,432.0,17.958463000000002,0.7260593833068282,1.206307596134425,2.116700471431738,6.222085562131679,1.0102700331611965,0.0,0.03582863756613757,0.16211564543728768,0.9347776013,0.885692967,0.9347776013,0.049084634299999985,0.00272692412962963,0.017351152269999993,0.0510828032,0.0,0.0,0.0,1.0,0.4394531284705181,0.3372024480761347,1.7879687718875745,1.0,0.39129849014490137,0.5957031252481282,0.5957031252481282,0.0,0.0,0.0,0.0,0.0,0.33248901202036274,0.5078124995540266,0.5078124995540266,0.0,0,19.44533741399937,/tmp/nussbaum_step15_tailclean_runs/optuna_t0026_r01.csv,,"{""alpha"": 7.1072835468, ""amplitude_deg"": 10.0, ""baudrate"": 1000000.0, ""command_sign"": -1.0, ""control_output_scale"": 1.0, ""current_bias_raw"": 0.0369270903693305, ""current_limit_raw"": 0.0, ""default_mode"": 3.0, ""device"": ""/dev/ttyAMA0"", ""disable_anti_windup"": false, ""disable_freeze_nn_on_saturation"": false, ""disable_freeze_zeta_on_saturation"": false, ""disturb_interval_sec"": 30.0, ""disturb_jitter_sec"": 3.0, ""disturb_mode"": ""mixed"", ""disturb_seed"": -1.0, ""disturbance_placement"": ""mid_move"", ""duration"": 18.0, ""dxl_id"": 6.0, ""enable_disturbance"": false, ""frequency_hz"": 0.05, ""fric_coulomb"": 0.00039757544745390634, ""fric_vel_scale"": 0.9235398372445606, ""gamma_adapt"": 8.7187500403, ""gamma_link"": 0.9408852692914331, ""integral_limit"": 1.6504936083, ""k_delta"": 0.08908192657364102, ""max_abs_e_dot"": 1.0, ""max_control"": 0.10989794446580736, ""max_current_raw"": 35.0, ""max_current_slew"": 10.161420827790172, ""mid_disturbance_offset_sec"": 0.0, ""no_set_current_mode"": false, ""predict_horizon_sec"": 0.007114572743184502, ""pulse_current_raw_max"": 12.0, ""pulse_current_raw_min"": 4.0, ""pulse_duration_max"": 0.6, ""pulse_duration_min"": 0.15, ""q_abs_guard_deg"": 35.0, ""qd_lpf_alpha"": 0.38590214544678797, ""rate"": 24.0, ""rbf_center_max"": 3.2, ""rbf_center_min"": -3.2, ""rbf_nodes"": 11.0, ""rbf_width"": 1.4631904539, ""ref_jump_deg_max"": 8.0, ""ref_jump_deg_min"": 2.0, ""ref_jump_duration_max"": 0.6, ""ref_jump_duration_min"": 0.15, ""reference_shape"": ""sine"", ""reset_zeta_after_motion"": false, ""reset_zeta_on_segment"": false, ""restore_mode"": false, ""sigma_mod"": 0.2460708825, ""sine_center_mode"": ""lock"", ""soft_start_sec"": 0.0, ""step_absolute_target_deg"": 125.0, ""step_absolute_target_rad"": null, ""step_delta_deg"": -15.0, ""step_ramp_sec"": 0.8, ""step_segment_sec"": 1.5, ""step_sequence_deg"": """", ""step_shape"": ""smoothstep"", ""step_start_sec"": 0.5, ""tail_err_full_deg"": 0.8, ""tail_err_thresh_deg"": 0.2, ""tail_kd"": 0.18054866595031877, ""tail_kp"": 0.0, ""tail_max_control_boost"": 0.0, ""tail_u_max"": 0.0, ""torque_to_current"": 210.0, ""zeta0"": 0.885692967, ""zeta_leak"": 0.0237735451, ""zeta_reset_delay_sec"": 0.0, ""zeta_reset_value"": null, ""zeta_soft"": 0.989185316}"
27,1,1.0,1000168.809011924,432.0,17.95843,0.4122198535654252,1.0197844000291056,2.3112650944746242,5.675462935535663,1.1988090119239774,0.0,0.010876521164021165,0.10425785361719035,0.9125245922,0.885692967,0.9125245922,0.026831625200000042,0.0014906458453703706,0.008114954674999977,0.0702144976,0.0,0.0,0.0,1.0,0.08789062569408657,0.11266811100197274,10.068964128418742,1.0,0.0828394390361436,0.1074218745751069,0.1074218745751069,0.0,0.0,0.0,0.0,0.0,0.08055375583960432,0.1074218745751069,0.1074218745751069,0.0,0,19.327288192002015,/tmp/nussbaum_step15_tailclean_runs/optuna_t0027_r01.csv,,"{""alpha"": 7.1072835468, ""amplitude_deg"": 10.0, ""baudrate"": 1000000.0, ""command_sign"": -1.0, ""control_output_scale"": 1.0, ""current_bias_raw"": 0.03270993103061057, ""current_limit_raw"": 0.0, ""default_mode"": 3.0, ""device"": ""/dev/ttyAMA0"", ""disable_anti_windup"": false, ""disable_freeze_nn_on_saturation"": false, ""disable_freeze_zeta_on_saturation"": false, ""disturb_interval_sec"": 30.0, ""disturb_jitter_sec"": 3.0, ""disturb_mode"": ""mixed"", ""disturb_seed"": -1.0, ""disturbance_placement"": ""mid_move"", ""duration"": 18.0, ""dxl_id"": 6.0, ""enable_disturbance"": false, ""frequency_hz"": 0.05, ""fric_coulomb"": 0.00033542913124599155, ""fric_vel_scale"": 0.937101637048403, ""gamma_adapt"": 8.7187500403, ""gamma_link"": 0.9419228647564868, ""integral_limit"": 1.6504936083, ""k_delta"": 0.08879757828835723, ""max_abs_e_dot"": 1.0, ""max_control"": 0.10954732598646838, ""max_current_raw"": 35.0, ""max_current_slew"": 10.060449181174215, ""mid_disturbance_offset_sec"": 0.0, ""no_set_current_mode"": false, ""predict_horizon_sec"": 0.006929544840788498, ""pulse_current_raw_max"": 12.0, ""pulse_current_raw_min"": 4.0, ""pulse_duration_max"": 0.6, ""pulse_duration_min"": 0.15, ""q_abs_guard_deg"": 35.0, ""qd_lpf_alpha"": 0.38583345640203776, ""rate"": 24.0, ""rbf_center_max"": 3.2, ""rbf_center_min"": -3.2, ""rbf_nodes"": 11.0, ""rbf_width"": 1.4631904539, ""ref_jump_deg_max"": 8.0, ""ref_jump_deg_min"": 2.0, ""ref_jump_duration_max"": 0.6, ""ref_jump_duration_min"": 0.15, ""reference_shape"": ""sine"", ""reset_zeta_after_motion"": false, ""reset_zeta_on_segment"": false, ""restore_mode"": false, ""sigma_mod"": 0.2460708825, ""sine_center_mode"": ""lock"", ""soft_start_sec"": 0.0, ""step_absolute_target_deg"": 125.0, ""step_absolute_target_rad"": null, ""step_delta_deg"": -15.0, ""step_ramp_sec"": 0.8, ""step_segment_sec"": 1.5, ""step_sequence_deg"": """", ""step_shape"": ""smoothstep"", ""step_start_sec"": 0.5, ""tail_err_full_deg"": 0.8, ""tail_err_thresh_deg"": 0.2, ""tail_kd"": 0.18493009112445746, ""tail_kp"": 0.0, ""tail_max_control_boost"": 0.0, ""tail_u_max"": 0.0, ""torque_to_current"": 210.0, ""zeta0"": 0.885692967, ""zeta_leak"": 0.0237735451, ""zeta_reset_delay_sec"": 0.0, ""zeta_reset_value"": null, ""zeta_soft"": 0.989185316}"
28,1,1.0,1000061.7515218518,432.0,17.958435,0.4150747288327257,1.0506771897929776,2.3380571507279457,6.464384285720238,1.0917515218517717,0.0,0.018663425925925927,0.11009755552693018,0.9188462334,0.8856929994,0.9188462334,0.03315323400000003,0.0018418481275462963,0.011658632029999986,0.0620124653,0.0,0.0,0.0,1.0,0.08789061996453995,0.04269731523199308,8.65687402953275,1.0,0.11382004527556272,0.156250002507198,0.156250002507198,0.0,0.0,0.0,0.0,0.0,0.10524611609404057,0.156250002507198,0.156250002507198,0.0,0,19.300649729000725,/tmp/nussbaum_step15_tailclean_runs/optuna_t0028_r01.csv,,"{""alpha"": 7.1072835468, ""amplitude_deg"": 10.0, ""baudrate"": 1000000.0, ""command_sign"": -1.0, ""control_output_scale"": 1.0, ""current_bias_raw"": 0.03619520262673928, ""current_limit_raw"": 0.0, ""default_mode"": 3.0, ""device"": ""/dev/ttyAMA0"", ""disable_anti_windup"": false, ""disable_freeze_nn_on_saturation"": false, ""disable_freeze_zeta_on_saturation"": false, ""disturb_interval_sec"": 30.0, ""disturb_jitter_sec"": 3.0, ""disturb_mode"": ""mixed"", ""disturb_seed"": -1.0, ""disturbance_placement"": ""mid_move"", ""duration"": 18.0, ""dxl_id"": 6.0, ""enable_disturbance"": false, ""frequency_hz"": 0.05, ""fric_coulomb"": 0.0009741908463086512, ""fric_vel_scale"": 0.9070125030391873, ""gamma_adapt"": 8.7187500403, ""gamma_link"": 0.9417435348027853, ""integral_limit"": 1.6504936083, ""k_delta"": 0.08966998273801449, ""max_abs_e_dot"": 1.0, ""max_control"": 0.11180336094568358, ""max_current_raw"": 35.0, ""max_current_slew"": 9.657039047899818, ""mid_disturbance_offset_sec"": 0.0, ""no_set_current_mode"": false, ""predict_horizon_sec"": 0.006856521326945125, ""pulse_current_raw_max"": 12.0, ""pulse_current_raw_min"": 4.0, ""pulse_duration_max"": 0.6, ""pulse_duration_min"": 0.15, ""q_abs_guard_deg"": 35.0, ""qd_lpf_alpha"": 0.3870802107241421, ""rate"": 24.0, ""rbf_center_max"": 3.2, ""rbf_center_min"": -3.2, ""rbf_nodes"": 11.0, ""rbf_width"": 1.4631904539, ""ref_jump_deg_max"": 8.0, ""ref_jump_deg_min"": 2.0, ""ref_jump_duration_max"": 0.6, ""ref_jump_duration_min"": 0.15, ""reference_shape"": ""sine"", ""reset_zeta_after_motion"": false, ""reset_zeta_on_segment"": false, ""restore_mode"": false, ""sigma_mod"": 0.2460708825, ""sine_center_mode"": ""lock"", ""soft_start_sec"": 0.0, ""step_absolute_target_deg"": 125.0, ""step_absolute_target_rad"": null, ""step_delta_deg"": -15.0, ""step_ramp_sec"": 0.8, ""step_segment_sec"": 1.5, ""step_sequence_deg"": """", ""step_shape"": ""smoothstep"", ""step_start_sec"": 0.5, ""tail_err_full_deg"": 0.8, ""tail_err_thresh_deg"": 0.2, ""tail_kd"": 0.16634747025387145, ""tail_kp"": 0.0, ""tail_max_control_boost"": 0.0, ""tail_u_max"": 0.0, ""torque_to_current"": 210.0, ""zeta0"": 0.885692967, ""zeta_leak"": 0.0237735451, ""zeta_reset_delay_sec"": 0.0, ""zeta_reset_value"": null, ""zeta_soft"": 0.989185316}"
29,1,1.0,1000105.8996390005,432.0,17.958439000000002,0.42633986512473576,0.9611802432745392,1.3491520409741287,5.787990712042922,0.8641003609994196,0.0,0.015960714285714286,0.08735611076363238,0.9092881802,0.885692967,0.9092881802,0.02359521320000002,0.0013108451770833334,0.0045519788199999914,0.0663786179,0.0,0.0,0.0,1.0,0.17578124565866915,0.06338632190062522,4.532496064901777,1.0,0.17174030224623707,0.2441406224717217,0.2441406224717217,0.0,0.0,0.0,0.0,0.0,0.14623138113052225,0.2441406224717217,0.2441406224717217,0.0,0,19.418939746999968,/tmp/nussbaum_step15_tailclean_runs/optuna_t0029_r01.csv,,"{""alpha"": 7.1072835468, ""amplitude_deg"": 10.0, ""baudrate"": 1000000.0, ""command_sign"": -1.0, ""control_output_scale"": 1.0, ""current_bias_raw"": -0.012749370351164146, ""current_limit_raw"": 0.0, ""default_mode"": 3.0, ""device"": ""/dev/ttyAMA0"", ""disable_anti_windup"": false, ""disable_freeze_nn_on_saturation"": false, ""disable_freeze_zeta_on_saturation"": false, ""disturb_interval_sec"": 30.0, ""disturb_jitter_sec"": 3.0, ""disturb_mode"": ""mixed"", ""disturb_seed"": -1.0, ""disturbance_placement"": ""mid_move"", ""duration"": 18.0, ""dxl_id"": 6.0, ""enable_disturbance"": false, ""frequency_hz"": 0.05, ""fric_coulomb"": 0.0005339064388962665, ""fric_vel_scale"": 0.8868767101851037, ""gamma_adapt"": 8.7187500403, ""gamma_link"": 0.9397542012434424, ""integral_limit"": 1.6504936083, ""k_delta"": 0.08718639185779267, ""max_abs_e_dot"": 1.0, ""max_control"": 0.10827163247956807, ""max_current_raw"": 35.0, ""max_current_slew"": 10.045768781447055, ""mid_disturbance_offset_sec"": 0.0, ""no_set_current_mode"": false, ""predict_horizon_sec"": 0.005925718415089222, ""pulse_current_raw_max"": 12.0, ""pulse_current_raw_min"": 4.0, ""pulse_duration_max"": 0.6, ""pulse_duration_min"": 0.15, ""q_abs_guard_deg"": 35.0, ""qd_lpf_alpha"": 0.3660486228212526, ""rate"": 24.0, ""rbf_center_max"": 3.2, ""rbf_center_min"": -3.2, ""rbf_nodes"": 11.0, ""rbf_width"": 1.4631904539, ""ref_jump_deg_max"": 8.0, ""ref_jump_deg_min"": 2.0, ""ref_jump_duration_max"": 0.6, ""ref_jump_duration_min"": 0.15, ""reference_shape"": ""sine"", ""reset_zeta_after_motion"": false, ""reset_zeta_on_segment"": false, ""restore_mode"": false, ""sigma_mod"": 0.2460708825, ""sine_center_mode"": ""lock"", ""soft_start_sec"": 0.0, ""step_absolute_target_deg"": 125.0, ""step_absolute_target_rad"": null, ""step_delta_deg"": -15.0, ""step_ramp_sec"": 0.8, ""step_segment_sec"": 1.5, ""step_sequence_deg"": """", ""step_shape"": ""smoothstep"", ""step_start_sec"": 0.5, ""tail_err_full_deg"": 0.8, ""tail_err_thresh_deg"": 0.2, ""tail_kd"": 0.1739168282062271, ""tail_kp"": 0.0, ""tail_max_control_boost"": 0.0, ""tail_u_max"": 0.0, ""torque_to_current"": 210.0, ""zeta0"": 0.885692967, ""zeta_leak"": 0.0237735451, ""zeta_reset_delay_sec"": 0.0, ""zeta_reset_value"": null, ""zeta_soft"": 0.989185316}"
30,1,1.0,1000323.8511319829,432.0,17.958549,0.845915008508505,1.2703718078375936,2.303583425824036,5.304529955835565,1.353851131982894,0.0,0.0190130291005291,0.2817839100654349,0.9791304025,0.885692967,0.9791304025,0.09343743550000005,0.005190968636574074,0.026138278549999998,0.0681640106,0.0,0.0,0.0,1.0,3.023437500958778,0.858494857383437,5.638972617699112,1.0,0.47820025605887206,1.5337546236282855,2.1284394710941736,0.0,0.0,0.0,0.0,0.0,0.2623849707235571,1.0647191659548465,1.4588994524044525,0.0,0,19.30406696999853,/tmp/nussbaum_step15_tailclean_runs/optuna_t0030_r01.csv,,"{""alpha"": 7.1072835468, ""amplitude_deg"": 10.0, ""baudrate"": 1000000.0, ""command_sign"": -1.0, ""control_output_scale"": 1.0, ""current_bias_raw"": 0.028856592397499554, ""current_limit_raw"": 0.0, ""default_mode"": 3.0, ""device"": ""/dev/ttyAMA0"", ""disable_anti_windup"": false, ""disable_freeze_nn_on_saturation"": false, ""disable_freeze_zeta_on_saturation"": false, ""disturb_interval_sec"": 30.0, ""disturb_jitter_sec"": 3.0, ""disturb_mode"": ""mixed"", ""disturb_seed"": -1.0, ""disturbance_placement"": ""mid_move"", ""duration"": 18.0, ""dxl_id"": 6.0, ""enable_disturbance"": false, ""frequency_hz"": 0.05, ""fric_coulomb"": 0.000495470477118052, ""fric_vel_scale"": 0.8521826570460868, ""gamma_adapt"": 8.7187500403, ""gamma_link"": 0.9431119543639862, ""integral_limit"": 1.6504936083, ""k_delta"": 0.08959852958832684, ""max_abs_e_dot"": 1.0, ""max_control"": 0.10949689998091708, ""max_current_raw"": 35.0, ""max_current_slew"": 9.897752793641882, ""mid_disturbance_offset_sec"": 0.0, ""no_set_current_mode"": false, ""predict_horizon_sec"": 0.006835805871932196, ""pulse_current_raw_max"": 12.0, ""pulse_current_raw_min"": 4.0, ""pulse_duration_max"": 0.6, ""pulse_duration_min"": 0.15, ""q_abs_guard_deg"": 35.0, ""qd_lpf_alpha"": 0.3837900585152411, ""rate"": 24.0, ""rbf_center_max"": 3.2, ""rbf_center_min"": -3.2, ""rbf_nodes"": 11.0, ""rbf_width"": 1.4631904539, ""ref_jump_deg_max"": 8.0, ""ref_jump_deg_min"": 2.0, ""ref_jump_duration_max"": 0.6, ""ref_jump_duration_min"": 0.15, ""reference_shape"": ""sine"", ""reset_zeta_after_motion"": false, ""reset_zeta_on_segment"": false, ""restore_mode"": false, ""sigma_mod"": 0.2460708825, ""sine_center_mode"": ""lock"", ""soft_start_sec"": 0.0, ""step_absolute_target_deg"": 125.0, ""step_absolute_target_rad"": null, ""step_delta_deg"": -15.0, ""step_ramp_sec"": 0.8, ""step_segment_sec"": 1.5, ""step_sequence_deg"": """", ""step_shape"": ""smoothstep"", ""step_start_sec"": 0.5, ""tail_err_full_deg"": 0.8, ""tail_err_thresh_deg"": 0.2, ""tail_kd"": 0.21027967293751398, ""tail_kp"": 0.0, ""tail_max_control_boost"": 0.0, ""tail_u_max"": 0.0, ""torque_to_current"": 210.0, ""zeta0"": 0.885692967, ""zeta_leak"": 0.0237735451, ""zeta_reset_delay_sec"": 0.0, ""zeta_reset_value"": null, ""zeta_soft"": 0.989185316}"
31,1,1.0,102.97911053535391,432.0,17.958441,0.9979760689616478,1.3152969855707637,2.001972552174558,6.034010481384068,1.0226722639172159,0.0,0.03093571428571428,0.26568366937968124,0.9776282407,0.885692967,0.9776282407,0.09193527369999999,0.00510751520787037,0.025654821624999997,0.0641743218,0.0,0.0,0.0,1.0,2.7597656238764756,0.8357399189830942,2.497106824287749,1.0,0.7551554534562908,1.515384932085349,2.0310719573108473,0.0,0.0,0.0,0.0,0.0,0.6457737157101054,0.7716910190217656,0.9551553771846232,0.0,0,19.316747526001564,/tmp/nussbaum_step15_tailclean_runs/optuna_t0031_r01.csv,,"{""alpha"": 7.1072835468, ""amplitude_deg"": 10.0, ""baudrate"": 1000000.0, ""command_sign"": -1.0, ""control_output_scale"": 1.0, ""current_bias_raw"": 0.025031299537699725, ""current_limit_raw"": 0.0, ""default_mode"": 3.0, ""device"": ""/dev/ttyAMA0"", ""disable_anti_windup"": false, ""disable_freeze_nn_on_saturation"": false, ""disable_freeze_zeta_on_saturation"": false, ""disturb_interval_sec"": 30.0, ""disturb_jitter_sec"": 3.0, ""disturb_mode"": ""mixed"", ""disturb_seed"": -1.0, ""disturbance_placement"": ""mid_move"", ""duration"": 18.0, ""dxl_id"": 6.0, ""enable_disturbance"": false, ""frequency_hz"": 0.05, ""fric_coulomb"": 0.000588183533156306, ""fric_vel_scale"": 0.9200237892766828, ""gamma_adapt"": 8.7187500403, ""gamma_link"": 0.9386164073040095, ""integral_limit"": 1.6504936083, ""k_delta"": 0.0896856982710543, ""max_abs_e_dot"": 1.0, ""max_control"": 0.10816601754142437, ""max_current_raw"": 35.0, ""max_current_slew"": 10.077583175905744, ""mid_disturbance_offset_sec"": 0.0, ""no_set_current_mode"": false, ""predict_horizon_sec"": 0.006636425171749856, ""pulse_current_raw_max"": 12.0, ""pulse_current_raw_min"": 4.0, ""pulse_duration_max"": 0.6, ""pulse_duration_min"": 0.15, ""q_abs_guard_deg"": 35.0, ""qd_lpf_alpha"": 0.3851200503131961, ""rate"": 24.0, ""rbf_center_max"": 3.2, ""rbf_center_min"": -3.2, ""rbf_nodes"": 11.0, ""rbf_width"": 1.4631904539, ""ref_jump_deg_max"": 8.0, ""ref_jump_deg_min"": 2.0, ""ref_jump_duration_max"": 0.6, ""ref_jump_duration_min"": 0.15, ""reference_shape"": ""sine"", ""reset_zeta_after_motion"": false, ""reset_zeta_on_segment"": false, ""restore_mode"": false, ""sigma_mod"": 0.2460708825, ""sine_center_mode"": ""lock"", ""soft_start_sec"": 0.0, ""step_absolute_target_deg"": 125.0, ""step_absolute_target_rad"": null, ""step_delta_deg"": -15.0, ""step_ramp_sec"": 0.8, ""step_segment_sec"": 1.5, ""step_sequence_deg"": """", ""step_shape"": ""smoothstep"", ""step_start_sec"": 0.5, ""tail_err_full_deg"": 0.8, ""tail_err_thresh_deg"": 0.2, ""tail_kd"": 0.18442351596121706, ""tail_kp"": 0.0, ""tail_max_control_boost"": 0.0, ""tail_u_max"": 0.0, ""torque_to_current"": 210.0, ""zeta0"": 0.885692967, ""zeta_leak"": 0.0237735451, ""zeta_reset_delay_sec"": 0.0, ""zeta_reset_value"": null, ""zeta_soft"": 0.989185316}"
32,1,1.0,1000091.9744074412,432.0,17.958463000000002,0.35320201870869894,1.0818490319554714,2.5360501036937744,6.53008152300024,1.1219744074412636,0.0,0.012402843915343917,0.10348188509995106,0.9101687595,0.885692967,0.9101687595,0.024475792499999982,0.0013597662516203703,0.009640818134999998,0.0451910153,0.0,0.0,0.0,1.0,0.0,0.009302733077982935,0.6363557108425104,1.0,0.02009249173079942,0.019531248881005263,0.06835937681309637,0.0,0.0,0.0,0.0,0.0,0.02003987521363122,0.019531248881005263,0.06835937681309637,0.0,0,19.41051887699723,/tmp/nussbaum_step15_tailclean_runs/optuna_t0032_r01.csv,,"{""alpha"": 7.1072835468, ""amplitude_deg"": 10.0, ""baudrate"": 1000000.0, ""command_sign"": -1.0, ""control_output_scale"": 1.0, ""current_bias_raw"": 0.026741437102104682, ""current_limit_raw"": 0.0, ""default_mode"": 3.0, ""device"": ""/dev/ttyAMA0"", ""disable_anti_windup"": false, ""disable_freeze_nn_on_saturation"": false, ""disable_freeze_zeta_on_saturation"": false, ""disturb_interval_sec"": 30.0, ""disturb_jitter_sec"": 3.0, ""disturb_mode"": ""mixed"", ""disturb_seed"": -1.0, ""disturbance_placement"": ""mid_move"", ""duration"": 18.0, ""dxl_id"": 6.0, ""enable_disturbance"": false, ""frequency_hz"": 0.05, ""fric_coulomb"": 0.0007077590406658704, ""fric_vel_scale"": 0.9388254266831281, ""gamma_adapt"": 8.7187500403, ""gamma_link"": 0.9383136751478072, ""integral_limit"": 1.6504936083, ""k_delta"": 0.08928931810348058, ""max_abs_e_dot"": 1.0, ""max_control"": 0.10905564693340032, ""max_current_raw"": 35.0, ""max_current_slew"": 9.635047219261146, ""mid_disturbance_offset_sec"": 0.0, ""no_set_current_mode"": false, ""predict_horizon_sec"": 0.006246761190851421, ""pulse_current_raw_max"": 12.0, ""pulse_current_raw_min"": 4.0, ""pulse_duration_max"": 0.6, ""pulse_duration_min"": 0.15, ""q_abs_guard_deg"": 35.0, ""qd_lpf_alpha"": 0.3772833578389746, ""rate"": 24.0, ""rbf_center_max"": 3.2, ""rbf_center_min"": -3.2, ""rbf_nodes"": 11.0, ""rbf_width"": 1.4631904539, ""ref_jump_deg_max"": 8.0, ""ref_jump_deg_min"": 2.0, ""ref_jump_duration_max"": 0.6, ""ref_jump_duration_min"": 0.15, ""reference_shape"": ""sine"", ""reset_zeta_after_motion"": false, ""reset_zeta_on_segment"": false, ""restore_mode"": false, ""sigma_mod"": 0.2460708825, ""sine_center_mode"": ""lock"", ""soft_start_sec"": 0.0, ""step_absolute_target_deg"": 125.0, ""step_absolute_target_rad"": null, ""step_delta_deg"": -15.0, ""step_ramp_sec"": 0.8, ""step_segment_sec"": 1.5, ""step_sequence_deg"": """", ""step_shape"": ""smoothstep"", ""step_start_sec"": 0.5, ""tail_err_full_deg"": 0.8, ""tail_err_thresh_deg"": 0.2, ""tail_kd"": 0.18855325906968123, ""tail_kp"": 0.0, ""tail_max_control_boost"": 0.0, ""tail_u_max"": 0.0, ""torque_to_current"": 210.0, ""zeta0"": 0.885692967, ""zeta_leak"": 0.0237735451, ""zeta_reset_delay_sec"": 0.0, ""zeta_reset_value"": null, ""zeta_soft"": 0.989185316}"
33,1,1.0,1000323.6002999693,432.0,17.958486,0.5689758904476346,1.1343157326151105,2.336532012421258,5.9353269523002625,1.353600299969365,0.0,0.012442923280423282,0.1555990205609915,0.9313994666,0.8856929992,0.9313994666,0.04570646739999995,0.0025392499780092594,0.020721369934999997,0.0760304583,0.0,0.0,0.0,1.0,1.1777343762795454,0.4850081282794263,0.8235380346923633,1.0,0.1555765111225689,0.156250002507198,0.156250002507198,0.0,0.0,0.0,0.0,0.0,0.1557946106642234,0.156250002507198,0.156250002507198,0.0,0,19.28416972999912,/tmp/nussbaum_step15_tailclean_runs/optuna_t0033_r01.csv,,"{""alpha"": 7.1072835468, ""amplitude_deg"": 10.0, ""baudrate"": 1000000.0, ""command_sign"": -1.0, ""control_output_scale"": 1.0, ""current_bias_raw"": 0.018554109366538316, ""current_limit_raw"": 0.0, ""default_mode"": 3.0, ""device"": ""/dev/ttyAMA0"", ""disable_anti_windup"": false, ""disable_freeze_nn_on_saturation"": false, ""disable_freeze_zeta_on_saturation"": false, ""disturb_interval_sec"": 30.0, ""disturb_jitter_sec"": 3.0, ""disturb_mode"": ""mixed"", ""disturb_seed"": -1.0, ""disturbance_placement"": ""mid_move"", ""duration"": 18.0, ""dxl_id"": 6.0, ""enable_disturbance"": false, ""frequency_hz"": 0.05, ""fric_coulomb"": 0.0006252929173105912, ""fric_vel_scale"": 0.8855396245181087, ""gamma_adapt"": 8.7187500403, ""gamma_link"": 0.9388211841884684, ""integral_limit"": 1.6504936083, ""k_delta"": 0.08953500938778437, ""max_abs_e_dot"": 1.0, ""max_control"": 0.1093469423530995, ""max_current_raw"": 35.0, ""max_current_slew"": 10.42120034410888, ""mid_disturbance_offset_sec"": 0.0, ""no_set_current_mode"": false, ""predict_horizon_sec"": 0.006606630950359568, ""pulse_current_raw_max"": 12.0, ""pulse_current_raw_min"": 4.0, ""pulse_duration_max"": 0.6, ""pulse_duration_min"": 0.15, ""q_abs_guard_deg"": 35.0, ""qd_lpf_alpha"": 0.38624119995351236, ""rate"": 24.0, ""rbf_center_max"": 3.2, ""rbf_center_min"": -3.2, ""rbf_nodes"": 11.0, ""rbf_width"": 1.4631904539, ""ref_jump_deg_max"": 8.0, ""ref_jump_deg_min"": 2.0, ""ref_jump_duration_max"": 0.6, ""ref_jump_duration_min"": 0.15, ""reference_shape"": ""sine"", ""reset_zeta_after_motion"": false, ""reset_zeta_on_segment"": false, ""restore_mode"": false, ""sigma_mod"": 0.2460708825, ""sine_center_mode"": ""lock"", ""soft_start_sec"": 0.0, ""step_absolute_target_deg"": 125.0, ""step_absolute_target_rad"": null, ""step_delta_deg"": -15.0, ""step_ramp_sec"": 0.8, ""step_segment_sec"": 1.5, ""step_sequence_deg"": """", ""step_shape"": ""smoothstep"", ""step_start_sec"": 0.5, ""tail_err_full_deg"": 0.8, ""tail_err_thresh_deg"": 0.2, ""tail_kd"": 0.17616832616861958, ""tail_kp"": 0.0, ""tail_max_control_boost"": 0.0, ""tail_u_max"": 0.0, ""torque_to_current"": 210.0, ""zeta0"": 0.885692967, ""zeta_leak"": 0.0237735451, ""zeta_reset_delay_sec"": 0.0, ""zeta_reset_value"": null, ""zeta_soft"": 0.989185316}"
34,1,1.0,1000305.0618224046,432.0,17.958441,0.6131421697337538,1.1606868435406281,2.266233938943258,5.670490303586658,1.3350618224045925,0.0,0.018140608465608467,0.2017447255005488,0.9444328052,0.885692967,0.9444328052,0.05873983819999995,0.003263324345370371,0.022050369709999983,0.0688825489,0.0,0.0,0.0,1.0,2.2851562508579093,0.5724349854477818,2.758689181248638,1.0,0.10737355939315098,0.1074218745751069,0.1074218745751069,0.0,0.0,0.0,0.0,0.0,0.10742187457510692,0.1074218745751069,0.1074218745751069,0.0,0,19.31226978400082,/tmp/nussbaum_step15_tailclean_runs/optuna_t0034_r01.csv,,"{""alpha"": 7.1072835468, ""amplitude_deg"": 10.0, ""baudrate"": 1000000.0, ""command_sign"": -1.0, ""control_output_scale"": 1.0, ""current_bias_raw"": 0.035832385281429555, ""current_limit_raw"": 0.0, ""default_mode"": 3.0, ""device"": ""/dev/ttyAMA0"", ""disable_anti_windup"": false, ""disable_freeze_nn_on_saturation"": false, ""disable_freeze_zeta_on_saturation"": false, ""disturb_interval_sec"": 30.0, ""disturb_jitter_sec"": 3.0, ""disturb_mode"": ""mixed"", ""disturb_seed"": -1.0, ""disturbance_placement"": ""mid_move"", ""duration"": 18.0, ""dxl_id"": 6.0, ""enable_disturbance"": false, ""frequency_hz"": 0.05, ""fric_coulomb"": 0.0006135922926861582, ""fric_vel_scale"": 0.9322645554835267, ""gamma_adapt"": 8.7187500403, ""gamma_link"": 0.9397647836212775, ""integral_limit"": 1.6504936083, ""k_delta"": 0.08909874771321179, ""max_abs_e_dot"": 1.0, ""max_control"": 0.10864120222795193, ""max_current_raw"": 35.0, ""max_current_slew"": 10.445499721264655, ""mid_disturbance_offset_sec"": 0.0, ""no_set_current_mode"": false, ""predict_horizon_sec"": 0.006652240282535303, ""pulse_current_raw_max"": 12.0, ""pulse_current_raw_min"": 4.0, ""pulse_duration_max"": 0.6, ""pulse_duration_min"": 0.15, ""q_abs_guard_deg"": 35.0, ""qd_lpf_alpha"": 0.3925461140224459, ""rate"": 24.0, ""rbf_center_max"": 3.2, ""rbf_center_min"": -3.2, ""rbf_nodes"": 11.0, ""rbf_width"": 1.4631904539, ""ref_jump_deg_max"": 8.0, ""ref_jump_deg_min"": 2.0, ""ref_jump_duration_max"": 0.6, ""ref_jump_duration_min"": 0.15, ""reference_shape"": ""sine"", ""reset_zeta_after_motion"": false, ""reset_zeta_on_segment"": false, ""restore_mode"": false, ""sigma_mod"": 0.2460708825, ""sine_center_mode"": ""lock"", ""soft_start_sec"": 0.0, ""step_absolute_target_deg"": 125.0, ""step_absolute_target_rad"": null, ""step_delta_deg"": -15.0, ""step_ramp_sec"": 0.8, ""step_segment_sec"": 1.5, ""step_sequence_deg"": """", ""step_shape"": ""smoothstep"", ""step_start_sec"": 0.5, ""tail_err_full_deg"": 0.8, ""tail_err_thresh_deg"": 0.2, ""tail_kd"": 0.19970480279334016, ""tail_kp"": 0.0, ""tail_max_control_boost"": 0.0, ""tail_u_max"": 0.0, ""torque_to_current"": 210.0, ""zeta0"": 0.885692967, ""zeta_leak"": 0.0237735451, ""zeta_reset_delay_sec"": 0.0, ""zeta_reset_value"": null, ""zeta_soft"": 0.989185316}"
35,1,1.0,1000055.0748720829,432.0,17.958472,0.5977485080232176,1.1034981451523223,1.9921223239265893,6.045758791897153,1.0850748720828622,0.0,0.06336904761904762,0.16028669988391428,0.9380154109,0.885692967,0.9380154109,0.05232244389999996,0.0029068024379629628,0.00324317558,0.076793033,0.0,0.0,0.0,1.0,0.8789062454818861,0.30921311612284735,6.019524993810443,1.0,0.2046665481828734,0.5078124995540266,0.5957031252481282,0.0,0.0,0.0,0.0,0.0,0.10670980012062793,0.156250002507198,0.33203124816582336,0.0,0,19.39585952500056,/tmp/nussbaum_step15_tailclean_runs/optuna_t0035_r01.csv,,"{""alpha"": 7.1072835468, ""amplitude_deg"": 10.0, ""baudrate"": 1000000.0, ""command_sign"": -1.0, ""control_output_scale"": 1.0, ""current_bias_raw"": 0.03465056686360604, ""current_limit_raw"": 0.0, ""default_mode"": 3.0, ""device"": ""/dev/ttyAMA0"", ""disable_anti_windup"": false, ""disable_freeze_nn_on_saturation"": false, ""disable_freeze_zeta_on_saturation"": false, ""disturb_interval_sec"": 30.0, ""disturb_jitter_sec"": 3.0, ""disturb_mode"": ""mixed"", ""disturb_seed"": -1.0, ""disturbance_placement"": ""mid_move"", ""duration"": 18.0, ""dxl_id"": 6.0, ""enable_disturbance"": false, ""frequency_hz"": 0.05, ""fric_coulomb"": 0.0004528384858852835, ""fric_vel_scale"": 0.9183054915321814, ""gamma_adapt"": 8.7187500403, ""gamma_link"": 0.940132498986485, ""integral_limit"": 1.6504936083, ""k_delta"": 0.0895554205682145, ""max_abs_e_dot"": 1.0, ""max_control"": 0.11273636411917617, ""max_current_raw"": 35.0, ""max_current_slew"": 10.039488305440909, ""mid_disturbance_offset_sec"": 0.0, ""no_set_current_mode"": false, ""predict_horizon_sec"": 0.007199542561686747, ""pulse_current_raw_max"": 12.0, ""pulse_current_raw_min"": 4.0, ""pulse_duration_max"": 0.6, ""pulse_duration_min"": 0.15, ""q_abs_guard_deg"": 35.0, ""qd_lpf_alpha"": 0.38754993174919916, ""rate"": 24.0, ""rbf_center_max"": 3.2, ""rbf_center_min"": -3.2, ""rbf_nodes"": 11.0, ""rbf_width"": 1.4631904539, ""ref_jump_deg_max"": 8.0, ""ref_jump_deg_min"": 2.0, ""ref_jump_duration_max"": 0.6, ""ref_jump_duration_min"": 0.15, ""reference_shape"": ""sine"", ""reset_zeta_after_motion"": false, ""reset_zeta_on_segment"": false, ""restore_mode"": false, ""sigma_mod"": 0.2460708825, ""sine_center_mode"": ""lock"", ""soft_start_sec"": 0.0, ""step_absolute_target_deg"": 125.0, ""step_absolute_target_rad"": null, ""step_delta_deg"": -15.0, ""step_ramp_sec"": 0.8, ""step_segment_sec"": 1.5, ""step_sequence_deg"": """", ""step_shape"": ""smoothstep"", ""step_start_sec"": 0.5, ""tail_err_full_deg"": 0.8, ""tail_err_thresh_deg"": 0.2, ""tail_kd"": 0.2069973562020308, ""tail_kp"": 0.0, ""tail_max_control_boost"": 0.0, ""tail_u_max"": 0.0, ""torque_to_current"": 210.0, ""zeta0"": 0.885692967, ""zeta_leak"": 0.0237735451, ""zeta_reset_delay_sec"": 0.0, ""zeta_reset_value"": null, ""zeta_soft"": 0.989185316}"
36,1,1.0,1000098.6111316833,432.0,17.958427,0.38772245096495567,1.0193476603544083,1.8803173734984544,6.456579122319444,1.128611131683332,0.0,0.007187367724867726,0.08286446921605424,0.905595321,0.885692967,0.905595321,0.019902353999999955,0.0011056863303240741,0.0052425905599999935,0.0576216771,0.0,0.0,0.0,1.0,0.03515625027763747,0.019334213361437928,2.4705860844309377,1.0,0.102707434882703,0.1074218745751069,0.1074218745751069,0.0,0.0,0.0,0.0,0.0,0.10241256430238609,0.1074218745751069,0.1074218745751069,0.0,0,19.300177600001916,/tmp/nussbaum_step15_tailclean_runs/optuna_t0036_r01.csv,,"{""alpha"": 7.1072835468, ""amplitude_deg"": 10.0, ""baudrate"": 1000000.0, ""command_sign"": -1.0, ""control_output_scale"": 1.0, ""current_bias_raw"": 0.014372908339220957, ""current_limit_raw"": 0.0, ""default_mode"": 3.0, ""device"": ""/dev/ttyAMA0"", ""disable_anti_windup"": false, ""disable_freeze_nn_on_saturation"": false, ""disable_freeze_zeta_on_saturation"": false, ""disturb_interval_sec"": 30.0, ""disturb_jitter_sec"": 3.0, ""disturb_mode"": ""mixed"", ""disturb_seed"": -1.0, ""disturbance_placement"": ""mid_move"", ""duration"": 18.0, ""dxl_id"": 6.0, ""enable_disturbance"": false, ""frequency_hz"": 0.05, ""fric_coulomb"": 0.0005423839672772481, ""fric_vel_scale"": 0.9183069618832934, ""gamma_adapt"": 8.7187500403, ""gamma_link"": 0.9382239069031888, ""integral_limit"": 1.6504936083, ""k_delta"": 0.08990232868670037, ""max_abs_e_dot"": 1.0, ""max_control"": 0.10838932581741786, ""max_current_raw"": 35.0, ""max_current_slew"": 9.72772837662389, ""mid_disturbance_offset_sec"": 0.0, ""no_set_current_mode"": false, ""predict_horizon_sec"": 0.006753118464187942, ""pulse_current_raw_max"": 12.0, ""pulse_current_raw_min"": 4.0, ""pulse_duration_max"": 0.6, ""pulse_duration_min"": 0.15, ""q_abs_guard_deg"": 35.0, ""qd_lpf_alpha"": 0.3895453222363458, ""rate"": 24.0, ""rbf_center_max"": 3.2, ""rbf_center_min"": -3.2, ""rbf_nodes"": 11.0, ""rbf_width"": 1.4631904539, ""ref_jump_deg_max"": 8.0, ""ref_jump_deg_min"": 2.0, ""ref_jump_duration_max"": 0.6, ""ref_jump_duration_min"": 0.15, ""reference_shape"": ""sine"", ""reset_zeta_after_motion"": false, ""reset_zeta_on_segment"": false, ""restore_mode"": false, ""sigma_mod"": 0.2460708825, ""sine_center_mode"": ""lock"", ""soft_start_sec"": 0.0, ""step_absolute_target_deg"": 125.0, ""step_absolute_target_rad"": null, ""step_delta_deg"": -15.0, ""step_ramp_sec"": 0.8, ""step_segment_sec"": 1.5, ""step_sequence_deg"": """", ""step_shape"": ""smoothstep"", ""step_start_sec"": 0.5, ""tail_err_full_deg"": 0.8, ""tail_err_thresh_deg"": 0.2, ""tail_kd"": 0.1839098788916469, ""tail_kp"": 0.0, ""tail_max_control_boost"": 0.0, ""tail_u_max"": 0.0, ""torque_to_current"": 210.0, ""zeta0"": 0.885692967, ""zeta_leak"": 0.0237735451, ""zeta_reset_delay_sec"": 0.0, ""zeta_reset_value"": null, ""zeta_soft"": 0.989185316}"
37,1,1.0,1000287.9369907755,432.0,17.958467,0.5060058548568385,1.0975007100943301,2.4525776641334294,5.494066938397451,1.3179369907755232,0.0,0.012956150793650792,0.13087619446127166,0.9222430144,0.885692967,0.9222430144,0.03655004740000001,0.002030558187037037,0.01369534574,0.0834854319,0.0,0.0,0.0,1.0,0.7910156255173462,0.4202170527902834,1.8056488369627754,1.0,0.10506465472890496,0.1074218745751069,0.1074218745751069,0.0,0.0,0.0,0.0,0.0,0.10467529252216623,0.1074218745751069,0.1074218745751069,0.0,0,19.31260117400234,/tmp/nussbaum_step15_tailclean_runs/optuna_t0037_r01.csv,,"{""alpha"": 7.1072835468, ""amplitude_deg"": 10.0, ""baudrate"": 1000000.0, ""command_sign"": -1.0, ""control_output_scale"": 1.0, ""current_bias_raw"": 0.031100035575088256, ""current_limit_raw"": 0.0, ""default_mode"": 3.0, ""device"": ""/dev/ttyAMA0"", ""disable_anti_windup"": false, ""disable_freeze_nn_on_saturation"": false, ""disable_freeze_zeta_on_saturation"": false, ""disturb_interval_sec"": 30.0, ""disturb_jitter_sec"": 3.0, ""disturb_mode"": ""mixed"", ""disturb_seed"": -1.0, ""disturbance_placement"": ""mid_move"", ""duration"": 18.0, ""dxl_id"": 6.0, ""enable_disturbance"": false, ""frequency_hz"": 0.05, ""fric_coulomb"": 0.0002995248004983381, ""fric_vel_scale"": 0.8331402832141235, ""gamma_adapt"": 8.7187500403, ""gamma_link"": 0.9419877776566429, ""integral_limit"": 1.6504936083, ""k_delta"": 0.0895862738637504, ""max_abs_e_dot"": 1.0, ""max_control"": 0.11402650881871573, ""max_current_raw"": 35.0, ""max_current_slew"": 9.747438506854008, ""mid_disturbance_offset_sec"": 0.0, ""no_set_current_mode"": false, ""predict_horizon_sec"": 0.006997603768173667, ""pulse_current_raw_max"": 12.0, ""pulse_current_raw_min"": 4.0, ""pulse_duration_max"": 0.6, ""pulse_duration_min"": 0.15, ""q_abs_guard_deg"": 35.0, ""qd_lpf_alpha"": 0.3858712359276906, ""rate"": 24.0, ""rbf_center_max"": 3.2, ""rbf_center_min"": -3.2, ""rbf_nodes"": 11.0, ""rbf_width"": 1.4631904539, ""ref_jump_deg_max"": 8.0, ""ref_jump_deg_min"": 2.0, ""ref_jump_duration_max"": 0.6, ""ref_jump_duration_min"": 0.15, ""reference_shape"": ""sine"", ""reset_zeta_after_motion"": false, ""reset_zeta_on_segment"": false, ""restore_mode"": false, ""sigma_mod"": 0.2460708825, ""sine_center_mode"": ""lock"", ""soft_start_sec"": 0.0, ""step_absolute_target_deg"": 125.0, ""step_absolute_target_rad"": null, ""step_delta_deg"": -15.0, ""step_ramp_sec"": 0.8, ""step_segment_sec"": 1.5, ""step_sequence_deg"": """", ""step_shape"": ""smoothstep"", ""step_start_sec"": 0.5, ""tail_err_full_deg"": 0.8, ""tail_err_thresh_deg"": 0.2, ""tail_kd"": 0.19251820571997394, ""tail_kp"": 0.0, ""tail_max_control_boost"": 0.0, ""tail_u_max"": 0.0, ""torque_to_current"": 210.0, ""zeta0"": 0.885692967, ""zeta_leak"": 0.0237735451, ""zeta_reset_delay_sec"": 0.0, ""zeta_reset_value"": null, ""zeta_soft"": 0.989185316}"
38,1,1.0,82.4717720259594,432.0,17.958436000000003,0.6266632255114537,1.2582026485879674,2.1737702901414053,7.21669084249149,1.0061187594434553,0.0,0.06107989417989418,0.15828510812149663,0.9354600984,0.8858031217,0.9354600984,0.04965697670000002,0.002764840629629629,0.0033452047549999983,0.054650158,0.0,0.0,0.0,1.0,0.8789062454818861,0.3081696453053138,4.465123636881475,1.0,0.19251894320674232,0.5078124995540266,0.5078124995540266,0.0,0.0,0.0,0.0,0.0,0.11111557631769522,0.24414040703959072,0.2441406224717217,0.0,0,19.48102284000197,/tmp/nussbaum_step15_tailclean_runs/optuna_t0038_r01.csv,,"{""alpha"": 7.1072835468, ""amplitude_deg"": 10.0, ""baudrate"": 1000000.0, ""command_sign"": -1.0, ""control_output_scale"": 1.0, ""current_bias_raw"": -0.007986268584260981, ""current_limit_raw"": 0.0, ""default_mode"": 3.0, ""device"": ""/dev/ttyAMA0"", ""disable_anti_windup"": false, ""disable_freeze_nn_on_saturation"": false, ""disable_freeze_zeta_on_saturation"": false, ""disturb_interval_sec"": 30.0, ""disturb_jitter_sec"": 3.0, ""disturb_mode"": ""mixed"", ""disturb_seed"": -1.0, ""disturbance_placement"": ""mid_move"", ""duration"": 18.0, ""dxl_id"": 6.0, ""enable_disturbance"": false, ""frequency_hz"": 0.05, ""fric_coulomb"": 0.0009134484467790121, ""fric_vel_scale"": 0.8753910302973847, ""gamma_adapt"": 8.7187500403, ""gamma_link"": 0.9384746754520593, ""integral_limit"": 1.6504936083, ""k_delta"": 0.08864172932968578, ""max_abs_e_dot"": 1.0, ""max_control"": 0.11153732309161694, ""max_current_raw"": 35.0, ""max_current_slew"": 9.431784586713215, ""mid_disturbance_offset_sec"": 0.0, ""no_set_current_mode"": false, ""predict_horizon_sec"": 0.005905386588669272, ""pulse_current_raw_max"": 12.0, ""pulse_current_raw_min"": 4.0, ""pulse_duration_max"": 0.6, ""pulse_duration_min"": 0.15, ""q_abs_guard_deg"": 35.0, ""qd_lpf_alpha"": 0.360812030852573, ""rate"": 24.0, ""rbf_center_max"": 3.2, ""rbf_center_min"": -3.2, ""rbf_nodes"": 11.0, ""rbf_width"": 1.4631904539, ""ref_jump_deg_max"": 8.0, ""ref_jump_deg_min"": 2.0, ""ref_jump_duration_max"": 0.6, ""ref_jump_duration_min"": 0.15, ""reference_shape"": ""sine"", ""reset_zeta_after_motion"": false, ""reset_zeta_on_segment"": false, ""restore_mode"": false, ""sigma_mod"": 0.2460708825, ""sine_center_mode"": ""lock"", ""soft_start_sec"": 0.0, ""step_absolute_target_deg"": 125.0, ""step_absolute_target_rad"": null, ""step_delta_deg"": -15.0, ""step_ramp_sec"": 0.8, ""step_segment_sec"": 1.5, ""step_sequence_deg"": """", ""step_shape"": ""smoothstep"", ""step_start_sec"": 0.5, ""tail_err_full_deg"": 0.8, ""tail_err_thresh_deg"": 0.2, ""tail_kd"": 0.21075458177595413, ""tail_kp"": 0.0, ""tail_max_control_boost"": 0.0, ""tail_u_max"": 0.0, ""torque_to_current"": 210.0, ""zeta0"": 0.885692967, ""zeta_leak"": 0.0237735451, ""zeta_reset_delay_sec"": 0.0, ""zeta_reset_value"": null, ""zeta_soft"": 0.989185316}"
39,1,1.0,1000012.2405475953,432.0,17.958441,0.6269479565163825,1.280600618533031,2.4454936620828835,7.30362768253277,0.9577594524046963,0.0,0.05316091269841269,0.14438236270118623,0.9288707716,0.885692967,0.9288707716,0.04317780459999998,0.0023987669224537042,0.0029901589999999966,0.0540243294,0.0,0.0,0.0,1.0,0.8261718757949836,0.33256140410555346,3.346620372388967,1.0,0.20406788714981458,0.5957031252481282,0.5957031252481282,0.0,0.0,0.0,0.0,0.0,0.08429808837820177,0.4199218738599249,0.5078124995540266,0.0,0,19.293648487997416,/tmp/nussbaum_step15_tailclean_runs/optuna_t0039_r01.csv,,"{""alpha"": 7.1072835468, ""amplitude_deg"": 10.0, ""baudrate"": 1000000.0, ""command_sign"": -1.0, ""control_output_scale"": 1.0, ""current_bias_raw"": -0.003619068426259868, ""current_limit_raw"": 0.0, ""default_mode"": 3.0, ""device"": ""/dev/ttyAMA0"", ""disable_anti_windup"": false, ""disable_freeze_nn_on_saturation"": false, ""disable_freeze_zeta_on_saturation"": false, ""disturb_interval_sec"": 30.0, ""disturb_jitter_sec"": 3.0, ""disturb_mode"": ""mixed"", ""disturb_seed"": -1.0, ""disturbance_placement"": ""mid_move"", ""duration"": 18.0, ""dxl_id"": 6.0, ""enable_disturbance"": false, ""frequency_hz"": 0.05, ""fric_coulomb"": 0.0011019569937723438, ""fric_vel_scale"": 0.8923095281801934, ""gamma_adapt"": 8.7187500403, ""gamma_link"": 0.938758121620844, ""integral_limit"": 1.6504936083, ""k_delta"": 0.08897628136882967, ""max_abs_e_dot"": 1.0, ""max_control"": 0.11236739309288764, ""max_current_raw"": 35.0, ""max_current_slew"": 9.784714524600627, ""mid_disturbance_offset_sec"": 0.0, ""no_set_current_mode"": false, ""predict_horizon_sec"": 0.005681945208976701, ""pulse_current_raw_max"": 12.0, ""pulse_current_raw_min"": 4.0, ""pulse_duration_max"": 0.6, ""pulse_duration_min"": 0.15, ""q_abs_guard_deg"": 35.0, ""qd_lpf_alpha"": 0.36337124306012386, ""rate"": 24.0, ""rbf_center_max"": 3.2, ""rbf_center_min"": -3.2, ""rbf_nodes"": 11.0, ""rbf_width"": 1.4631904539, ""ref_jump_deg_max"": 8.0, ""ref_jump_deg_min"": 2.0, ""ref_jump_duration_max"": 0.6, ""ref_jump_duration_min"": 0.15, ""reference_shape"": ""sine"", ""reset_zeta_after_motion"": false, ""reset_zeta_on_segment"": false, ""restore_mode"": false, ""sigma_mod"": 0.2460708825, ""sine_center_mode"": ""lock"", ""soft_start_sec"": 0.0, ""step_absolute_target_deg"": 125.0, ""step_absolute_target_rad"": null, ""step_delta_deg"": -15.0, ""step_ramp_sec"": 0.8, ""step_segment_sec"": 1.5, ""step_sequence_deg"": """", ""step_shape"": ""smoothstep"", ""step_start_sec"": 0.5, ""tail_err_full_deg"": 0.8, ""tail_err_thresh_deg"": 0.2, ""tail_kd"": 0.21814518816597664, ""tail_kp"": 0.0, ""tail_max_control_boost"": 0.0, ""tail_u_max"": 0.0, ""torque_to_current"": 210.0, ""zeta0"": 0.885692967, ""zeta_leak"": 0.0237735451, ""zeta_reset_delay_sec"": 0.0, ""zeta_reset_value"": null, ""zeta_soft"": 0.989185316}"
40,1,1.0,95.24330465389271,432.0,17.958464000000003,0.6818004468245783,1.1328159868784156,2.061076622871893,5.825162237086617,0.9764629913753754,0.0,0.012589351851851852,0.11935206401760567,0.9178584556,0.885692967,0.9178584556,0.032165488600000014,0.001786971586574074,0.014730839964999989,0.0546755035,0.0,0.0,0.0,1.0,0.8789062512114185,0.4654807775913171,4.868570538318529,1.0,0.37963570139779595,0.4199218738599249,0.4589843773515135,0.0,0.0,0.0,0.0,0.0,0.3862228775985508,0.4199218738599249,0.4199218738599249,0.0,0,19.30856660000063,/tmp/nussbaum_step15_tailclean_runs/optuna_t0040_r01.csv,,"{""alpha"": 7.1072835468, ""amplitude_deg"": 10.0, ""baudrate"": 1000000.0, ""command_sign"": -1.0, ""control_output_scale"": 1.0, ""current_bias_raw"": -0.015252519055055279, ""current_limit_raw"": 0.0, ""default_mode"": 3.0, ""device"": ""/dev/ttyAMA0"", ""disable_anti_windup"": false, ""disable_freeze_nn_on_saturation"": false, ""disable_freeze_zeta_on_saturation"": false, ""disturb_interval_sec"": 30.0, ""disturb_jitter_sec"": 3.0, ""disturb_mode"": ""mixed"", ""disturb_seed"": -1.0, ""disturbance_placement"": ""mid_move"", ""duration"": 18.0, ""dxl_id"": 6.0, ""enable_disturbance"": false, ""frequency_hz"": 0.05, ""fric_coulomb"": 0.0007672039289589649, ""fric_vel_scale"": 0.8302737904417992, ""gamma_adapt"": 8.7187500403, ""gamma_link"": 0.9405111749190477, ""integral_limit"": 1.6504936083, ""k_delta"": 0.08888524839298065, ""max_abs_e_dot"": 1.0, ""max_control"": 0.11280375337865912, ""max_current_raw"": 35.0, ""max_current_slew"": 9.919864270485393, ""mid_disturbance_offset_sec"": 0.0, ""no_set_current_mode"": false, ""predict_horizon_sec"": 0.0059313872350660254, ""pulse_current_raw_max"": 12.0, ""pulse_current_raw_min"": 4.0, ""pulse_duration_max"": 0.6, ""pulse_duration_min"": 0.15, ""q_abs_guard_deg"": 35.0, ""qd_lpf_alpha"": 0.3640218351622329, ""rate"": 24.0, ""rbf_center_max"": 3.2, ""rbf_center_min"": -3.2, ""rbf_nodes"": 11.0, ""rbf_width"": 1.4631904539, ""ref_jump_deg_max"": 8.0, ""ref_jump_deg_min"": 2.0, ""ref_jump_duration_max"": 0.6, ""ref_jump_duration_min"": 0.15, ""reference_shape"": ""sine"", ""reset_zeta_after_motion"": false, ""reset_zeta_on_segment"": false, ""restore_mode"": false, ""sigma_mod"": 0.2460708825, ""sine_center_mode"": ""lock"", ""soft_start_sec"": 0.0, ""step_absolute_target_deg"": 125.0, ""step_absolute_target_rad"": null, ""step_delta_deg"": -15.0, ""step_ramp_sec"": 0.8, ""step_segment_sec"": 1.5, ""step_sequence_deg"": """", ""step_shape"": ""smoothstep"", ""step_start_sec"": 0.5, ""tail_err_full_deg"": 0.8, ""tail_err_thresh_deg"": 0.2, ""tail_kd"": 0.22198848365118928, ""tail_kp"": 0.0, ""tail_max_control_boost"": 0.0, ""tail_u_max"": 0.0, ""torque_to_current"": 210.0, ""zeta0"": 0.885692967, ""zeta_leak"": 0.0237735451, ""zeta_reset_delay_sec"": 0.0, ""zeta_reset_value"": null, ""zeta_soft"": 0.989185316}"
41,1,1.0,1000250.910381622,432.0,17.958452,0.4351633871850063,1.0423851616513018,2.189236123289598,5.357860729896471,1.2809103816219984,0.0,0.008052380952380953,0.12485637831321726,0.91661185,0.885692967,0.91661185,0.030918883000000008,0.0017177157238425925,0.011078190889999985,0.0644676793,0.0,0.0,0.0,1.0,0.7031249998232312,0.37112961089190843,10.413894369593525,1.0,0.045348419971536186,0.06835937681309637,0.06835937681309637,0.0,0.0,0.0,0.0,0.0,0.0468547608844552,0.06835937681309637,0.06835937681309637,0.0,0,19.351986284000304,/tmp/nussbaum_step15_tailclean_runs/optuna_t0041_r01.csv,,"{""alpha"": 7.1072835468, ""amplitude_deg"": 10.0, ""baudrate"": 1000000.0, ""command_sign"": -1.0, ""control_output_scale"": 1.0, ""current_bias_raw"": -0.013369133841358134, ""current_limit_raw"": 0.0, ""default_mode"": 3.0, ""device"": ""/dev/ttyAMA0"", ""disable_anti_windup"": false, ""disable_freeze_nn_on_saturation"": false, ""disable_freeze_zeta_on_saturation"": false, ""disturb_interval_sec"": 30.0, ""disturb_jitter_sec"": 3.0, ""disturb_mode"": ""mixed"", ""disturb_seed"": -1.0, ""disturbance_placement"": ""mid_move"", ""duration"": 18.0, ""dxl_id"": 6.0, ""enable_disturbance"": false, ""frequency_hz"": 0.05, ""fric_coulomb"": 0.0002938380176139274, ""fric_vel_scale"": 0.8318413239029894, ""gamma_adapt"": 8.7187500403, ""gamma_link"": 0.9413364855977989, ""integral_limit"": 1.6504936083, ""k_delta"": 0.08879993297046489, ""max_abs_e_dot"": 1.0, ""max_control"": 0.11303598603147756, ""max_current_raw"": 35.0, ""max_current_slew"": 9.799762716941265, ""mid_disturbance_offset_sec"": 0.0, ""no_set_current_mode"": false, ""predict_horizon_sec"": 0.005616407585270243, ""pulse_current_raw_max"": 12.0, ""pulse_current_raw_min"": 4.0, ""pulse_duration_max"": 0.6, ""pulse_duration_min"": 0.15, ""q_abs_guard_deg"": 35.0, ""qd_lpf_alpha"": 0.37455788290969705, ""rate"": 24.0, ""rbf_center_max"": 3.2, ""rbf_center_min"": -3.2, ""rbf_nodes"": 11.0, ""rbf_width"": 1.4631904539, ""ref_jump_deg_max"": 8.0, ""ref_jump_deg_min"": 2.0, ""ref_jump_duration_max"": 0.6, ""ref_jump_duration_min"": 0.15, ""reference_shape"": ""sine"", ""reset_zeta_after_motion"": false, ""reset_zeta_on_segment"": false, ""restore_mode"": false, ""sigma_mod"": 0.2460708825, ""sine_center_mode"": ""lock"", ""soft_start_sec"": 0.0, ""step_absolute_target_deg"": 125.0, ""step_absolute_target_rad"": null, ""step_delta_deg"": -15.0, ""step_ramp_sec"": 0.8, ""step_segment_sec"": 1.5, ""step_sequence_deg"": """", ""step_shape"": ""smoothstep"", ""step_start_sec"": 0.5, ""tail_err_full_deg"": 0.8, ""tail_err_thresh_deg"": 0.2, ""tail_kd"": 0.23422103248685316, ""tail_kp"": 0.0, ""tail_max_control_boost"": 0.0, ""tail_u_max"": 0.0, ""torque_to_current"": 210.0, ""zeta0"": 0.885692967, ""zeta_leak"": 0.0237735451, ""zeta_reset_delay_sec"": 0.0, ""zeta_reset_value"": null, ""zeta_soft"": 0.989185316}"
42,1,1.0,1000092.0434307999,432.0,17.958449,0.2077367368918017,0.6347529544510809,1.5832247811365832,4.487970869135155,1.1220434307998994,0.0,0.007606084656084657,0.06600573957091656,0.9003361299,0.885692967,0.9003361299,0.014643162900000006,0.0008135090481481482,0.0007930337999999981,0.0416473957,0.0,0.0,0.0,1.0,0.08789062569410078,0.038306015477562426,9.9025785695684,1.0,0.03243983442627073,0.06835937681309637,0.06835937681309637,0.0,0.0,0.0,0.0,0.0,0.03326415986190589,0.06835937681309637,0.06835937681309637,0.0,0,19.3131118780002,/tmp/nussbaum_step15_tailclean_runs/optuna_t0042_r01.csv,,"{""alpha"": 7.1072835468, ""amplitude_deg"": 10.0, ""baudrate"": 1000000.0, ""command_sign"": -1.0, ""control_output_scale"": 1.0, ""current_bias_raw"": 0.021087366257704635, ""current_limit_raw"": 0.0, ""default_mode"": 3.0, ""device"": ""/dev/ttyAMA0"", ""disable_anti_windup"": false, ""disable_freeze_nn_on_saturation"": false, ""disable_freeze_zeta_on_saturation"": false, ""disturb_interval_sec"": 30.0, ""disturb_jitter_sec"": 3.0, ""disturb_mode"": ""mixed"", ""disturb_seed"": -1.0, ""disturbance_placement"": ""mid_move"", ""duration"": 18.0, ""dxl_id"": 6.0, ""enable_disturbance"": false, ""frequency_hz"": 0.05, ""fric_coulomb"": 0.0004606488675350628, ""fric_vel_scale"": 0.9396691581317459, ""gamma_adapt"": 8.7187500403, ""gamma_link"": 0.9389029032100105, ""integral_limit"": 1.6504936083, ""k_delta"": 0.08898466915181241, ""max_abs_e_dot"": 1.0, ""max_control"": 0.10829687563754793, ""max_current_raw"": 35.0, ""max_current_slew"": 10.234394268055885, ""mid_disturbance_offset_sec"": 0.0, ""no_set_current_mode"": false, ""predict_horizon_sec"": 0.0069630710652272545, ""pulse_current_raw_max"": 12.0, ""pulse_current_raw_min"": 4.0, ""pulse_duration_max"": 0.6, ""pulse_duration_min"": 0.15, ""q_abs_guard_deg"": 35.0, ""qd_lpf_alpha"": 0.37737659966987747, ""rate"": 24.0, ""rbf_center_max"": 3.2, ""rbf_center_min"": -3.2, ""rbf_nodes"": 11.0, ""rbf_width"": 1.4631904539, ""ref_jump_deg_max"": 8.0, ""ref_jump_deg_min"": 2.0, ""ref_jump_duration_max"": 0.6, ""ref_jump_duration_min"": 0.15, ""reference_shape"": ""sine"", ""reset_zeta_after_motion"": false, ""reset_zeta_on_segment"": false, ""restore_mode"": false, ""sigma_mod"": 0.2460708825, ""sine_center_mode"": ""lock"", ""soft_start_sec"": 0.0, ""step_absolute_target_deg"": 125.0, ""step_absolute_target_rad"": null, ""step_delta_deg"": -15.0, ""step_ramp_sec"": 0.8, ""step_segment_sec"": 1.5, ""step_sequence_deg"": """", ""step_shape"": ""smoothstep"", ""step_start_sec"": 0.5, ""tail_err_full_deg"": 0.8, ""tail_err_thresh_deg"": 0.2, ""tail_kd"": 0.17375792663201695, ""tail_kp"": 0.0, ""tail_max_control_boost"": 0.0, ""tail_u_max"": 0.0, ""torque_to_current"": 210.0, ""zeta0"": 0.885692967, ""zeta_leak"": 0.0237735451, ""zeta_reset_delay_sec"": 0.0, ""zeta_reset_value"": null, ""zeta_soft"": 0.989185316}"
43,1,1.0,1000055.2542381712,432.0,17.958452,0.620881104001341,1.152422200638496,2.376224032377287,6.172650053100125,0.9147457618288753,0.0,0.009314880952380953,0.09747287372410736,0.9164107875,0.8856929987,0.9164107875,0.03071778880000009,0.0017065455847222225,0.009816862094999981,0.0780804571,0.0,0.0,0.0,1.0,0.7910156255173462,0.363697253774178,5.1847042527620255,1.0,0.3723761878991882,0.5078561360197038,0.5209041153473739,0.0,0.0,0.0,0.0,0.0,0.40880398631512,0.5080289595712802,0.5209041153473739,0.0,0,19.2999189880029,/tmp/nussbaum_step15_tailclean_runs/optuna_t0043_r01.csv,,"{""alpha"": 7.1072835468, ""amplitude_deg"": 10.0, ""baudrate"": 1000000.0, ""command_sign"": -1.0, ""control_output_scale"": 1.0, ""current_bias_raw"": -0.014462119178495032, ""current_limit_raw"": 0.0, ""default_mode"": 3.0, ""device"": ""/dev/ttyAMA0"", ""disable_anti_windup"": false, ""disable_freeze_nn_on_saturation"": false, ""disable_freeze_zeta_on_saturation"": false, ""disturb_interval_sec"": 30.0, ""disturb_jitter_sec"": 3.0, ""disturb_mode"": ""mixed"", ""disturb_seed"": -1.0, ""disturbance_placement"": ""mid_move"", ""duration"": 18.0, ""dxl_id"": 6.0, ""enable_disturbance"": false, ""frequency_hz"": 0.05, ""fric_coulomb"": 0.0008231142652552659, ""fric_vel_scale"": 0.8245050003333664, ""gamma_adapt"": 8.7187500403, ""gamma_link"": 0.9381756388539793, ""integral_limit"": 1.6504936083, ""k_delta"": 0.08821237823818437, ""max_abs_e_dot"": 1.0, ""max_control"": 0.11534557314584389, ""max_current_raw"": 35.0, ""max_current_slew"": 9.50675435863316, ""mid_disturbance_offset_sec"": 0.0, ""no_set_current_mode"": false, ""predict_horizon_sec"": 0.006071031363089858, ""pulse_current_raw_max"": 12.0, ""pulse_current_raw_min"": 4.0, ""pulse_duration_max"": 0.6, ""pulse_duration_min"": 0.15, ""q_abs_guard_deg"": 35.0, ""qd_lpf_alpha"": 0.37078116847718845, ""rate"": 24.0, ""rbf_center_max"": 3.2, ""rbf_center_min"": -3.2, ""rbf_nodes"": 11.0, ""rbf_width"": 1.4631904539, ""ref_jump_deg_max"": 8.0, ""ref_jump_deg_min"": 2.0, ""ref_jump_duration_max"": 0.6, ""ref_jump_duration_min"": 0.15, ""reference_shape"": ""sine"", ""reset_zeta_after_motion"": false, ""reset_zeta_on_segment"": false, ""restore_mode"": false, ""sigma_mod"": 0.2460708825, ""sine_center_mode"": ""lock"", ""soft_start_sec"": 0.0, ""step_absolute_target_deg"": 125.0, ""step_absolute_target_rad"": null, ""step_delta_deg"": -15.0, ""step_ramp_sec"": 0.8, ""step_segment_sec"": 1.5, ""step_sequence_deg"": """", ""step_shape"": ""smoothstep"", ""step_start_sec"": 0.5, ""tail_err_full_deg"": 0.8, ""tail_err_thresh_deg"": 0.2, ""tail_kd"": 0.20630065715755586, ""tail_kp"": 0.0, ""tail_max_control_boost"": 0.0, ""tail_u_max"": 0.0, ""torque_to_current"": 210.0, ""zeta0"": 0.885692967, ""zeta_leak"": 0.0237735451, ""zeta_reset_delay_sec"": 0.0, ""zeta_reset_value"": null, ""zeta_soft"": 0.989185316}"
44,1,1.0,1000337.9741516077,432.0,17.958432000000002,0.8355149514028629,1.2337070535284793,2.3984322417771518,5.355194453608096,1.3679741516077146,0.0,0.026198148148148147,0.20730153075209573,0.9533203089,0.8856929993,0.9533203089,0.06762730959999996,0.0037570745488425925,0.024580551659999995,0.0643165345,0.0,0.0,0.0,1.0,2.6718750016201227,0.7566087198068963,4.251431583871522,1.0,0.4482090731837017,0.5957031252481282,0.5957031252481282,0.0,0.0,0.0,0.0,0.0,0.4240204007138789,0.5957031252481282,0.5957031252481282,0.0,0,19.36702798799888,/tmp/nussbaum_step15_tailclean_runs/optuna_t0044_r01.csv,,"{""alpha"": 7.1072835468, ""amplitude_deg"": 10.0, ""baudrate"": 1000000.0, ""command_sign"": -1.0, ""control_output_scale"": 1.0, ""current_bias_raw"": -0.019887885624339074, ""current_limit_raw"": 0.0, ""default_mode"": 3.0, ""device"": ""/dev/ttyAMA0"", ""disable_anti_windup"": false, ""disable_freeze_nn_on_saturation"": false, ""disable_freeze_zeta_on_saturation"": false, ""disturb_interval_sec"": 30.0, ""disturb_jitter_sec"": 3.0, ""disturb_mode"": ""mixed"", ""disturb_seed"": -1.0, ""disturbance_placement"": ""mid_move"", ""duration"": 18.0, ""dxl_id"": 6.0, ""enable_disturbance"": false, ""frequency_hz"": 0.05, ""fric_coulomb"": 0.000915603279905772, ""fric_vel_scale"": 0.8223418608933292, ""gamma_adapt"": 8.7187500403, ""gamma_link"": 0.9421478594838587, ""integral_limit"": 1.6504936083, ""k_delta"": 0.08910858991933047, ""max_abs_e_dot"": 1.0, ""max_control"": 0.11281190710466901, ""max_current_raw"": 35.0, ""max_current_slew"": 9.94166045977924, ""mid_disturbance_offset_sec"": 0.0, ""no_set_current_mode"": false, ""predict_horizon_sec"": 0.005645367420104087, ""pulse_current_raw_max"": 12.0, ""pulse_current_raw_min"": 4.0, ""pulse_duration_max"": 0.6, ""pulse_duration_min"": 0.15, ""q_abs_guard_deg"": 35.0, ""qd_lpf_alpha"": 0.3674180484465178, ""rate"": 24.0, ""rbf_center_max"": 3.2, ""rbf_center_min"": -3.2, ""rbf_nodes"": 11.0, ""rbf_width"": 1.4631904539, ""ref_jump_deg_max"": 8.0, ""ref_jump_deg_min"": 2.0, ""ref_jump_duration_max"": 0.6, ""ref_jump_duration_min"": 0.15, ""reference_shape"": ""sine"", ""reset_zeta_after_motion"": false, ""reset_zeta_on_segment"": false, ""restore_mode"": false, ""sigma_mod"": 0.2460708825, ""sine_center_mode"": ""lock"", ""soft_start_sec"": 0.0, ""step_absolute_target_deg"": 125.0, ""step_absolute_target_rad"": null, ""step_delta_deg"": -15.0, ""step_ramp_sec"": 0.8, ""step_segment_sec"": 1.5, ""step_sequence_deg"": """", ""step_shape"": ""smoothstep"", ""step_start_sec"": 0.5, ""tail_err_full_deg"": 0.8, ""tail_err_thresh_deg"": 0.2, ""tail_kd"": 0.2101211736704227, ""tail_kp"": 0.0, ""tail_max_control_boost"": 0.0, ""tail_u_max"": 0.0, ""torque_to_current"": 210.0, ""zeta0"": 0.885692967, ""zeta_leak"": 0.0237735451, ""zeta_reset_delay_sec"": 0.0, ""zeta_reset_value"": null, ""zeta_soft"": 0.989185316}"
45,1,1.0,1000073.76322488,432.0,17.958466,0.6107124652653494,0.8711430889479738,1.1292296423428094,4.927459131377661,1.1037632248799858,0.0,0.03572017195767196,0.09562057761272412,0.914474802,0.885692967,0.914474802,0.028781834999999978,0.0015989908305555555,0.00245627675,0.044897114,0.0,0.0,0.0,1.0,1.1425781225641742,0.48885091560807126,2.156257412134854,1.0,0.2982449485860741,0.5957031252481282,0.5957031252481282,0.0,0.0,0.0,0.0,0.0,0.21011422704324303,0.4199218738599249,0.5078124995540266,0.0,0,19.295324450999033,/tmp/nussbaum_step15_tailclean_runs/optuna_t0045_r01.csv,,"{""alpha"": 7.1072835468, ""amplitude_deg"": 10.0, ""baudrate"": 1000000.0, ""command_sign"": -1.0, ""control_output_scale"": 1.0, ""current_bias_raw"": 0.03923702546623413, ""current_limit_raw"": 0.0, ""default_mode"": 3.0, ""device"": ""/dev/ttyAMA0"", ""disable_anti_windup"": false, ""disable_freeze_nn_on_saturation"": false, ""disable_freeze_zeta_on_saturation"": false, ""disturb_interval_sec"": 30.0, ""disturb_jitter_sec"": 3.0, ""disturb_mode"": ""mixed"", ""disturb_seed"": -1.0, ""disturbance_placement"": ""mid_move"", ""duration"": 18.0, ""dxl_id"": 6.0, ""enable_disturbance"": false, ""frequency_hz"": 0.05, ""fric_coulomb"": 0.000327614225449608, ""fric_vel_scale"": 0.8771339960070275, ""gamma_adapt"": 8.7187500403, ""gamma_link"": 0.9428286254921708, ""integral_limit"": 1.6504936083, ""k_delta"": 0.0889476743643241, ""max_abs_e_dot"": 1.0, ""max_control"": 0.1134863796991459, ""max_current_raw"": 35.0, ""max_current_slew"": 9.757454460460147, ""mid_disturbance_offset_sec"": 0.0, ""no_set_current_mode"": false, ""predict_horizon_sec"": 0.006837457648494822, ""pulse_current_raw_max"": 12.0, ""pulse_current_raw_min"": 4.0, ""pulse_duration_max"": 0.6, ""pulse_duration_min"": 0.15, ""q_abs_guard_deg"": 35.0, ""qd_lpf_alpha"": 0.3857251019068699, ""rate"": 24.0, ""rbf_center_max"": 3.2, ""rbf_center_min"": -3.2, ""rbf_nodes"": 11.0, ""rbf_width"": 1.4631904539, ""ref_jump_deg_max"": 8.0, ""ref_jump_deg_min"": 2.0, ""ref_jump_duration_max"": 0.6, ""ref_jump_duration_min"": 0.15, ""reference_shape"": ""sine"", ""reset_zeta_after_motion"": false, ""reset_zeta_on_segment"": false, ""restore_mode"": false, ""sigma_mod"": 0.2460708825, ""sine_center_mode"": ""lock"", ""soft_start_sec"": 0.0, ""step_absolute_target_deg"": 125.0, ""step_absolute_target_rad"": null, ""step_delta_deg"": -15.0, ""step_ramp_sec"": 0.8, ""step_segment_sec"": 1.5, ""step_sequence_deg"": """", ""step_shape"": ""smoothstep"", ""step_start_sec"": 0.5, ""tail_err_full_deg"": 0.8, ""tail_err_thresh_deg"": 0.2, ""tail_kd"": 0.16269212219509502, ""tail_kp"": 0.0, ""tail_max_control_boost"": 0.0, ""tail_u_max"": 0.0, ""torque_to_current"": 210.0, ""zeta0"": 0.885692967, ""zeta_leak"": 0.0237735451, ""zeta_reset_delay_sec"": 0.0, ""zeta_reset_value"": null, ""zeta_soft"": 0.989185316}"
46,1,1.0,1000041.4532001187,432.0,17.958421,0.6569800833530228,1.281796427543465,2.345963307393929,7.114224995548485,0.9285467998812479,0.0,0.06404417989417989,0.16125720878754513,0.9364205681,0.885692967,0.9364205681,0.050727601099999964,0.0028182000613425928,0.003258669615,0.0516376789,0.0,0.0,0.0,1.0,0.9667968711759727,0.33538394111380887,6.516547142331164,1.0,0.20979256580706906,0.5078124995540266,0.5957031252481282,0.0,0.0,0.0,0.0,0.0,0.10772705269635519,0.156250002507198,0.33203124816582336,0.0,0,19.318948322001233,/tmp/nussbaum_step15_tailclean_runs/optuna_t0046_r01.csv,,"{""alpha"": 7.1072835468, ""amplitude_deg"": 10.0, ""baudrate"": 1000000.0, ""command_sign"": -1.0, ""control_output_scale"": 1.0, ""current_bias_raw"": -0.016083140863415238, ""current_limit_raw"": 0.0, ""default_mode"": 3.0, ""device"": ""/dev/ttyAMA0"", ""disable_anti_windup"": false, ""disable_freeze_nn_on_saturation"": false, ""disable_freeze_zeta_on_saturation"": false, ""disturb_interval_sec"": 30.0, ""disturb_jitter_sec"": 3.0, ""disturb_mode"": ""mixed"", ""disturb_seed"": -1.0, ""disturbance_placement"": ""mid_move"", ""duration"": 18.0, ""dxl_id"": 6.0, ""enable_disturbance"": false, ""frequency_hz"": 0.05, ""fric_coulomb"": 0.0008219673784406701, ""fric_vel_scale"": 0.8278934951154674, ""gamma_adapt"": 8.7187500403, ""gamma_link"": 0.9395172760360739, ""integral_limit"": 1.6504936083, ""k_delta"": 0.08838701280722187, ""max_abs_e_dot"": 1.0, ""max_control"": 0.11052341330181067, ""max_current_raw"": 35.0, ""max_current_slew"": 9.641933990342856, ""mid_disturbance_offset_sec"": 0.0, ""no_set_current_mode"": false, ""predict_horizon_sec"": 0.0055333602736868095, ""pulse_current_raw_max"": 12.0, ""pulse_current_raw_min"": 4.0, ""pulse_duration_max"": 0.6, ""pulse_duration_min"": 0.15, ""q_abs_guard_deg"": 35.0, ""qd_lpf_alpha"": 0.3601249837542366, ""rate"": 24.0, ""rbf_center_max"": 3.2, ""rbf_center_min"": -3.2, ""rbf_nodes"": 11.0, ""rbf_width"": 1.4631904539, ""ref_jump_deg_max"": 8.0, ""ref_jump_deg_min"": 2.0, ""ref_jump_duration_max"": 0.6, ""ref_jump_duration_min"": 0.15, ""reference_shape"": ""sine"", ""reset_zeta_after_motion"": false, ""reset_zeta_on_segment"": false, ""restore_mode"": false, ""sigma_mod"": 0.2460708825, ""sine_center_mode"": ""lock"", ""soft_start_sec"": 0.0, ""step_absolute_target_deg"": 125.0, ""step_absolute_target_rad"": null, ""step_delta_deg"": -15.0, ""step_ramp_sec"": 0.8, ""step_segment_sec"": 1.5, ""step_sequence_deg"": """", ""step_shape"": ""smoothstep"", ""step_start_sec"": 0.5, ""tail_err_full_deg"": 0.8, ""tail_err_thresh_deg"": 0.2, ""tail_kd"": 0.2186299477632298, ""tail_kp"": 0.0, ""tail_max_control_boost"": 0.0, ""tail_u_max"": 0.0, ""torque_to_current"": 210.0, ""zeta0"": 0.885692967, ""zeta_leak"": 0.0237735451, ""zeta_reset_delay_sec"": 0.0, ""zeta_reset_value"": null, ""zeta_soft"": 0.989185316}"
47,1,1.0,1000158.7030487824,432.0,17.958434,0.368824968698916,0.6939642892108884,1.4622686298781473,5.038094726225656,0.8112969512176255,0.0,0.007953902116402116,0.059470955680909696,0.9050251224,0.885692967,0.9050251224,0.019332155399999995,0.0010740086298611112,0.0052155708849999805,0.0387120674,0.0,0.0,0.0,1.0,0.08789062569414341,0.038979791023276304,9.52943037512285,1.0,0.22292564523890562,0.2441406224717217,0.2441406224717217,0.0,0.0,0.0,0.0,0.0,0.2245587745003511,0.2441406224717217,0.2441406224717217,0.0,0,19.35172458099987,/tmp/nussbaum_step15_tailclean_runs/optuna_t0047_r01.csv,,"{""alpha"": 7.1072835468, ""amplitude_deg"": 10.0, ""baudrate"": 1000000.0, ""command_sign"": -1.0, ""control_output_scale"": 1.0, ""current_bias_raw"": -0.017230410924124986, ""current_limit_raw"": 0.0, ""default_mode"": 3.0, ""device"": ""/dev/ttyAMA0"", ""disable_anti_windup"": false, ""disable_freeze_nn_on_saturation"": false, ""disable_freeze_zeta_on_saturation"": false, ""disturb_interval_sec"": 30.0, ""disturb_jitter_sec"": 3.0, ""disturb_mode"": ""mixed"", ""disturb_seed"": -1.0, ""disturbance_placement"": ""mid_move"", ""duration"": 18.0, ""dxl_id"": 6.0, ""enable_disturbance"": false, ""frequency_hz"": 0.05, ""fric_coulomb"": 0.00062367452760467, ""fric_vel_scale"": 0.8943069700628955, ""gamma_adapt"": 8.7187500403, ""gamma_link"": 0.9383686891335209, ""integral_limit"": 1.6504936083, ""k_delta"": 0.08832455372239262, ""max_abs_e_dot"": 1.0, ""max_control"": 0.1134072646704766, ""max_current_raw"": 35.0, ""max_current_slew"": 8.8790760651207, ""mid_disturbance_offset_sec"": 0.0, ""no_set_current_mode"": false, ""predict_horizon_sec"": 0.005941703254544066, ""pulse_current_raw_max"": 12.0, ""pulse_current_raw_min"": 4.0, ""pulse_duration_max"": 0.6, ""pulse_duration_min"": 0.15, ""q_abs_guard_deg"": 35.0, ""qd_lpf_alpha"": 0.3629559530648803, ""rate"": 24.0, ""rbf_center_max"": 3.2, ""rbf_center_min"": -3.2, ""rbf_nodes"": 11.0, ""rbf_width"": 1.4631904539, ""ref_jump_deg_max"": 8.0, ""ref_jump_deg_min"": 2.0, ""ref_jump_duration_max"": 0.6, ""ref_jump_duration_min"": 0.15, ""reference_shape"": ""sine"", ""reset_zeta_after_motion"": false, ""reset_zeta_on_segment"": false, ""restore_mode"": false, ""sigma_mod"": 0.2460708825, ""sine_center_mode"": ""lock"", ""soft_start_sec"": 0.0, ""step_absolute_target_deg"": 125.0, ""step_absolute_target_rad"": null, ""step_delta_deg"": -15.0, ""step_ramp_sec"": 0.8, ""step_segment_sec"": 1.5, ""step_sequence_deg"": """", ""step_shape"": ""smoothstep"", ""step_start_sec"": 0.5, ""tail_err_full_deg"": 0.8, ""tail_err_thresh_deg"": 0.2, ""tail_kd"": 0.1970432617452836, ""tail_kp"": 0.0, ""tail_max_control_boost"": 0.0, ""tail_u_max"": 0.0, ""torque_to_current"": 210.0, ""zeta0"": 0.885692967, ""zeta_leak"": 0.0237735451, ""zeta_reset_delay_sec"": 0.0, ""zeta_reset_value"": null, ""zeta_soft"": 0.989185316}"
48,1,1.0,1000630.5813614446,432.0,17.958534,0.8782796229741915,1.269369847765476,2.6948707503902427,5.831509016633995,1.6605813614445766,0.0,0.023463227513227512,0.21745320488255976,0.9444639529,0.885692967,0.9444639529,0.05877098589999996,0.0032650547752314813,0.01890350891,0.0678608673,0.0,0.0,0.0,1.0,2.6718749981824033,0.7375146000457249,6.475104910775869,1.0,0.4800939909386659,0.5957031252481282,1.96897277466313,0.0,0.0,0.0,0.0,0.0,0.4431468578516306,0.5957031252481282,0.5957031252481282,0.0,0,19.30040817400004,/tmp/nussbaum_step15_tailclean_runs/optuna_t0048_r01.csv,,"{""alpha"": 7.1072835468, ""amplitude_deg"": 10.0, ""baudrate"": 1000000.0, ""command_sign"": -1.0, ""control_output_scale"": 1.0, ""current_bias_raw"": 0.0012970313856696565, ""current_limit_raw"": 0.0, ""default_mode"": 3.0, ""device"": ""/dev/ttyAMA0"", ""disable_anti_windup"": false, ""disable_freeze_nn_on_saturation"": false, ""disable_freeze_zeta_on_saturation"": false, ""disturb_interval_sec"": 30.0, ""disturb_jitter_sec"": 3.0, ""disturb_mode"": ""mixed"", ""disturb_seed"": -1.0, ""disturbance_placement"": ""mid_move"", ""duration"": 18.0, ""dxl_id"": 6.0, ""enable_disturbance"": false, ""frequency_hz"": 0.05, ""fric_coulomb"": 0.0008386960113397166, ""fric_vel_scale"": 0.8041314476795747, ""gamma_adapt"": 8.7187500403, ""gamma_link"": 0.9417765287607854, ""integral_limit"": 1.6504936083, ""k_delta"": 0.08857074308313724, ""max_abs_e_dot"": 1.0, ""max_control"": 0.11447208363820893, ""max_current_raw"": 35.0, ""max_current_slew"": 10.158631451377756, ""mid_disturbance_offset_sec"": 0.0, ""no_set_current_mode"": false, ""predict_horizon_sec"": 0.006280282095606107, ""pulse_current_raw_max"": 12.0, ""pulse_current_raw_min"": 4.0, ""pulse_duration_max"": 0.6, ""pulse_duration_min"": 0.15, ""q_abs_guard_deg"": 35.0, ""qd_lpf_alpha"": 0.3658031666574917, ""rate"": 24.0, ""rbf_center_max"": 3.2, ""rbf_center_min"": -3.2, ""rbf_nodes"": 11.0, ""rbf_width"": 1.4631904539, ""ref_jump_deg_max"": 8.0, ""ref_jump_deg_min"": 2.0, ""ref_jump_duration_max"": 0.6, ""ref_jump_duration_min"": 0.15, ""reference_shape"": ""sine"", ""reset_zeta_after_motion"": false, ""reset_zeta_on_segment"": false, ""restore_mode"": false, ""sigma_mod"": 0.2460708825, ""sine_center_mode"": ""lock"", ""soft_start_sec"": 0.0, ""step_absolute_target_deg"": 125.0, ""step_absolute_target_rad"": null, ""step_delta_deg"": -15.0, ""step_ramp_sec"": 0.8, ""step_segment_sec"": 1.5, ""step_sequence_deg"": """", ""step_shape"": ""smoothstep"", ""step_start_sec"": 0.5, ""tail_err_full_deg"": 0.8, ""tail_err_thresh_deg"": 0.2, ""tail_kd"": 0.23982166018467568, ""tail_kp"": 0.0, ""tail_max_control_boost"": 0.0, ""tail_u_max"": 0.0, ""torque_to_current"": 210.0, ""zeta0"": 0.885692967, ""zeta_leak"": 0.0237735451, ""zeta_reset_delay_sec"": 0.0, ""zeta_reset_value"": null, ""zeta_soft"": 0.989185316}"
49,1,1.0,1000018.4421159247,432.0,17.958452,0.7532321549297782,1.246255530918645,2.4217790833277855,6.022822099605852,1.0484421159247213,0.0,0.015646957671957673,0.23499054343122933,0.9603503678,0.885692967,0.9603503678,0.07465740080000005,0.004147633381944445,0.023405979569999992,0.0580685049,0.0,0.0,0.0,1.0,2.882812499848228,0.7724044226077021,2.2307620236919234,1.0,0.2655666787831703,1.0799173094969268,1.4881798130823045,0.0,0.0,0.0,0.0,0.0,0.15487671228644959,0.156250002507198,0.15625006553255547,0.0,0,19.29673352499958,/tmp/nussbaum_step15_tailclean_runs/optuna_t0049_r01.csv,,"{""alpha"": 7.1072835468, ""amplitude_deg"": 10.0, ""baudrate"": 1000000.0, ""command_sign"": -1.0, ""control_output_scale"": 1.0, ""current_bias_raw"": -0.005826493427965953, ""current_limit_raw"": 0.0, ""default_mode"": 3.0, ""device"": ""/dev/ttyAMA0"", ""disable_anti_windup"": false, ""disable_freeze_nn_on_saturation"": false, ""disable_freeze_zeta_on_saturation"": false, ""disturb_interval_sec"": 30.0, ""disturb_jitter_sec"": 3.0, ""disturb_mode"": ""mixed"", ""disturb_seed"": -1.0, ""disturbance_placement"": ""mid_move"", ""duration"": 18.0, ""dxl_id"": 6.0, ""enable_disturbance"": false, ""frequency_hz"": 0.05, ""fric_coulomb"": 0.0006479546859056623, ""fric_vel_scale"": 0.8142318797175899, ""gamma_adapt"": 8.7187500403, ""gamma_link"": 0.9391810732430641, ""integral_limit"": 1.6504936083, ""k_delta"": 0.08919037567325704, ""max_abs_e_dot"": 1.0, ""max_control"": 0.11360469665869485, ""max_current_raw"": 35.0, ""max_current_slew"": 9.99549556060038, ""mid_disturbance_offset_sec"": 0.0, ""no_set_current_mode"": false, ""predict_horizon_sec"": 0.0062080050844617, ""pulse_current_raw_max"": 12.0, ""pulse_current_raw_min"": 4.0, ""pulse_duration_max"": 0.6, ""pulse_duration_min"": 0.15, ""q_abs_guard_deg"": 35.0, ""qd_lpf_alpha"": 0.36280261786179235, ""rate"": 24.0, ""rbf_center_max"": 3.2, ""rbf_center_min"": -3.2, ""rbf_nodes"": 11.0, ""rbf_width"": 1.4631904539, ""ref_jump_deg_max"": 8.0, ""ref_jump_deg_min"": 2.0, ""ref_jump_duration_max"": 0.6, ""ref_jump_duration_min"": 0.15, ""reference_shape"": ""sine"", ""reset_zeta_after_motion"": false, ""reset_zeta_on_segment"": false, ""restore_mode"": false, ""sigma_mod"": 0.2460708825, ""sine_center_mode"": ""lock"", ""soft_start_sec"": 0.0, ""step_absolute_target_deg"": 125.0, ""step_absolute_target_rad"": null, ""step_delta_deg"": -15.0, ""step_ramp_sec"": 0.8, ""step_segment_sec"": 1.5, ""step_sequence_deg"": """", ""step_shape"": ""smoothstep"", ""step_start_sec"": 0.5, ""tail_err_full_deg"": 0.8, ""tail_err_thresh_deg"": 0.2, ""tail_kd"": 0.2221276584271921, ""tail_kp"": 0.0, ""tail_max_control_boost"": 0.0, ""tail_u_max"": 0.0, ""torque_to_current"": 210.0, ""zeta0"": 0.885692967, ""zeta_leak"": 0.0237735451, ""zeta_reset_delay_sec"": 0.0, ""zeta_reset_value"": null, ""zeta_soft"": 0.989185316}"
50,1,1.0,1000102.7513935417,432.0,17.958552,0.6828524130927778,1.1282241767217493,2.084841327126179,5.93580373912948,1.1327513935417446,0.0,0.05302268518518519,0.1436223187041944,0.9307114987,0.885692967,0.9307114987,0.04501853170000003,0.002501029539583333,0.0037271944599999995,0.0730907644,0.0,0.0,0.0,1.0,1.230468748258275,0.45600904765585654,2.6057395390529043,1.0,0.3282466992616563,0.5078124995540266,0.5078124995540266,0.0,0.0,0.0,0.0,0.0,0.29438540603942315,0.33203124816582336,0.4199218738599249,0.0,0,19.36079047000021,/tmp/nussbaum_step15_tailclean_runs/optuna_t0050_r01.csv,,"{""alpha"": 7.1072835468, ""amplitude_deg"": 10.0, ""baudrate"": 1000000.0, ""command_sign"": -1.0, ""control_output_scale"": 1.0, ""current_bias_raw"": 0.036575272407200356, ""current_limit_raw"": 0.0, ""default_mode"": 3.0, ""device"": ""/dev/ttyAMA0"", ""disable_anti_windup"": false, ""disable_freeze_nn_on_saturation"": false, ""disable_freeze_zeta_on_saturation"": false, ""disturb_interval_sec"": 30.0, ""disturb_jitter_sec"": 3.0, ""disturb_mode"": ""mixed"", ""disturb_seed"": -1.0, ""disturbance_placement"": ""mid_move"", ""duration"": 18.0, ""dxl_id"": 6.0, ""enable_disturbance"": false, ""frequency_hz"": 0.05, ""fric_coulomb"": 0.0001691511268098742, ""fric_vel_scale"": 0.8959452274971903, ""gamma_adapt"": 8.7187500403, ""gamma_link"": 0.9433117316907585, ""integral_limit"": 1.6504936083, ""k_delta"": 0.08973851164301036, ""max_abs_e_dot"": 1.0, ""max_control"": 0.11548398824724859, ""max_current_raw"": 35.0, ""max_current_slew"": 9.923945093387823, ""mid_disturbance_offset_sec"": 0.0, ""no_set_current_mode"": false, ""predict_horizon_sec"": 0.006587289600203987, ""pulse_current_raw_max"": 12.0, ""pulse_current_raw_min"": 4.0, ""pulse_duration_max"": 0.6, ""pulse_duration_min"": 0.15, ""q_abs_guard_deg"": 35.0, ""qd_lpf_alpha"": 0.38211674090140735, ""rate"": 24.0, ""rbf_center_max"": 3.2, ""rbf_center_min"": -3.2, ""rbf_nodes"": 11.0, ""rbf_width"": 1.4631904539, ""ref_jump_deg_max"": 8.0, ""ref_jump_deg_min"": 2.0, ""ref_jump_duration_max"": 0.6, ""ref_jump_duration_min"": 0.15, ""reference_shape"": ""sine"", ""reset_zeta_after_motion"": false, ""reset_zeta_on_segment"": false, ""restore_mode"": false, ""sigma_mod"": 0.2460708825, ""sine_center_mode"": ""lock"", ""soft_start_sec"": 0.0, ""step_absolute_target_deg"": 125.0, ""step_absolute_target_rad"": null, ""step_delta_deg"": -15.0, ""step_ramp_sec"": 0.8, ""step_segment_sec"": 1.5, ""step_sequence_deg"": """", ""step_shape"": ""smoothstep"", ""step_start_sec"": 0.5, ""tail_err_full_deg"": 0.8, ""tail_err_thresh_deg"": 0.2, ""tail_kd"": 0.20241123709136477, ""tail_kp"": 0.0, ""tail_max_control_boost"": 0.0, ""tail_u_max"": 0.0, ""torque_to_current"": 210.0, ""zeta0"": 0.885692967, ""zeta_leak"": 0.0237735451, ""zeta_reset_delay_sec"": 0.0, ""zeta_reset_value"": null, ""zeta_soft"": 0.989185316}"
51,1,1.0,1000097.4938997396,432.0,17.958448,0.4666580697372698,1.0897964445526096,2.633829140116271,6.252901535644151,1.1274938997395403,0.0,0.007538029100529101,0.10079740066027158,0.9127138278,0.885692967,0.9127138278,0.02702086079999999,0.0015011589319444446,0.008691297434999965,0.0752090634,0.0,0.0,0.0,1.0,0.08789062569411499,0.04377552902456825,12.27421277039268,1.0,0.15422952580683152,0.19531250026920854,0.19531250026920854,0.0,0.0,0.0,0.0,0.0,0.15432723440149276,0.19531250026920854,0.19531250026920854,0.0,0,19.2970961179999,/tmp/nussbaum_step15_tailclean_runs/optuna_t0051_r01.csv,,"{""alpha"": 7.1072835468, ""amplitude_deg"": 10.0, ""baudrate"": 1000000.0, ""command_sign"": -1.0, ""control_output_scale"": 1.0, ""current_bias_raw"": -0.006403420100737179, ""current_limit_raw"": 0.0, ""default_mode"": 3.0, ""device"": ""/dev/ttyAMA0"", ""disable_anti_windup"": false, ""disable_freeze_nn_on_saturation"": false, ""disable_freeze_zeta_on_saturation"": false, ""disturb_interval_sec"": 30.0, ""disturb_jitter_sec"": 3.0, ""disturb_mode"": ""mixed"", ""disturb_seed"": -1.0, ""disturbance_placement"": ""mid_move"", ""duration"": 18.0, ""dxl_id"": 6.0, ""enable_disturbance"": false, ""frequency_hz"": 0.05, ""fric_coulomb"": 0.0008481087281079521, ""fric_vel_scale"": 0.9322892278849675, ""gamma_adapt"": 8.7187500403, ""gamma_link"": 0.9398981176981741, ""integral_limit"": 1.6504936083, ""k_delta"": 0.08818892930911373, ""max_abs_e_dot"": 1.0, ""max_control"": 0.11101169172700501, ""max_current_raw"": 35.0, ""max_current_slew"": 9.79945955128979, ""mid_disturbance_offset_sec"": 0.0, ""no_set_current_mode"": false, ""predict_horizon_sec"": 0.005823507733350653, ""pulse_current_raw_max"": 12.0, ""pulse_current_raw_min"": 4.0, ""pulse_duration_max"": 0.6, ""pulse_duration_min"": 0.15, ""q_abs_guard_deg"": 35.0, ""qd_lpf_alpha"": 0.36226021257401086, ""rate"": 24.0, ""rbf_center_max"": 3.2, ""rbf_center_min"": -3.2, ""rbf_nodes"": 11.0, ""rbf_width"": 1.4631904539, ""ref_jump_deg_max"": 8.0, ""ref_jump_deg_min"": 2.0, ""ref_jump_duration_max"": 0.6, ""ref_jump_duration_min"": 0.15, ""reference_shape"": ""sine"", ""reset_zeta_after_motion"": false, ""reset_zeta_on_segment"": false, ""restore_mode"": false, ""sigma_mod"": 0.2460708825, ""sine_center_mode"": ""lock"", ""soft_start_sec"": 0.0, ""step_absolute_target_deg"": 125.0, ""step_absolute_target_rad"": null, ""step_delta_deg"": -15.0, ""step_ramp_sec"": 0.8, ""step_segment_sec"": 1.5, ""step_sequence_deg"": """", ""step_shape"": ""smoothstep"", ""step_start_sec"": 0.5, ""tail_err_full_deg"": 0.8, ""tail_err_thresh_deg"": 0.2, ""tail_kd"": 0.20694907649959268, ""tail_kp"": 0.0, ""tail_max_control_boost"": 0.0, ""tail_u_max"": 0.0, ""torque_to_current"": 210.0, ""zeta0"": 0.885692967, ""zeta_leak"": 0.0237735451, ""zeta_reset_delay_sec"": 0.0, ""zeta_reset_value"": null, ""zeta_soft"": 0.989185316}"
52,1,1.0,1000020.262521947,432.0,17.958440000000003,0.6885067474677439,1.1863936966881545,2.4933657386005565,6.332765400780614,1.050262521947037,0.0,0.010067460317460319,0.11473610613085244,0.9216374437,0.8856929993,0.9216374437,0.0359444444,0.0019969153752314815,0.015793196394999997,0.0659636167,0.0,0.0,0.0,1.0,0.791015625517332,0.4669729143451535,3.1952164343756158,1.0,0.3710969204872097,0.4199218738599249,0.4199219483444383,0.0,0.0,0.0,0.0,0.0,0.37109805928541845,0.4199218738599249,0.4199219483444383,0.0,0,19.311424506999174,/tmp/nussbaum_step15_tailclean_runs/optuna_t0052_r01.csv,,"{""alpha"": 7.1072835468, ""amplitude_deg"": 10.0, ""baudrate"": 1000000.0, ""command_sign"": -1.0, ""control_output_scale"": 1.0, ""current_bias_raw"": -0.01604513694849974, ""current_limit_raw"": 0.0, ""default_mode"": 3.0, ""device"": ""/dev/ttyAMA0"", ""disable_anti_windup"": false, ""disable_freeze_nn_on_saturation"": false, ""disable_freeze_zeta_on_saturation"": false, ""disturb_interval_sec"": 30.0, ""disturb_jitter_sec"": 3.0, ""disturb_mode"": ""mixed"", ""disturb_seed"": -1.0, ""disturbance_placement"": ""mid_move"", ""duration"": 18.0, ""dxl_id"": 6.0, ""enable_disturbance"": false, ""frequency_hz"": 0.05, ""fric_coulomb"": 0.000816522230261344, ""fric_vel_scale"": 0.880380076434639, ""gamma_adapt"": 8.7187500403, ""gamma_link"": 0.9391731138460043, ""integral_limit"": 1.6504936083, ""k_delta"": 0.08980411787723774, ""max_abs_e_dot"": 1.0, ""max_control"": 0.11333881155116916, ""max_current_raw"": 35.0, ""max_current_slew"": 9.23483911441177, ""mid_disturbance_offset_sec"": 0.0, ""no_set_current_mode"": false, ""predict_horizon_sec"": 0.0057451593341991975, ""pulse_current_raw_max"": 12.0, ""pulse_current_raw_min"": 4.0, ""pulse_duration_max"": 0.6, ""pulse_duration_min"": 0.15, ""q_abs_guard_deg"": 35.0, ""qd_lpf_alpha"": 0.36811461961697645, ""rate"": 24.0, ""rbf_center_max"": 3.2, ""rbf_center_min"": -3.2, ""rbf_nodes"": 11.0, ""rbf_width"": 1.4631904539, ""ref_jump_deg_max"": 8.0, ""ref_jump_deg_min"": 2.0, ""ref_jump_duration_max"": 0.6, ""ref_jump_duration_min"": 0.15, ""reference_shape"": ""sine"", ""reset_zeta_after_motion"": false, ""reset_zeta_on_segment"": false, ""restore_mode"": false, ""sigma_mod"": 0.2460708825, ""sine_center_mode"": ""lock"", ""soft_start_sec"": 0.0, ""step_absolute_target_deg"": 125.0, ""step_absolute_target_rad"": null, ""step_delta_deg"": -15.0, ""step_ramp_sec"": 0.8, ""step_segment_sec"": 1.5, ""step_sequence_deg"": """", ""step_shape"": ""smoothstep"", ""step_start_sec"": 0.5, ""tail_err_full_deg"": 0.8, ""tail_err_thresh_deg"": 0.2, ""tail_kd"": 0.20600433317576344, ""tail_kp"": 0.0, ""tail_max_control_boost"": 0.0, ""tail_u_max"": 0.0, ""torque_to_current"": 210.0, ""zeta0"": 0.885692967, ""zeta_leak"": 0.0237735451, ""zeta_reset_delay_sec"": 0.0, ""zeta_reset_value"": null, ""zeta_soft"": 0.989185316}"
53,1,1.0,1000086.6210913033,432.0,17.958458,0.5261665697342517,0.7545958871282532,1.5666671133114565,4.425990758576421,1.116621091303278,0.0,0.02419034391534392,0.09366818451255848,0.9095159295,0.885692967,0.9095159295,0.023822962500000044,0.001323497917824074,0.0029202847649999913,0.0341113889,0.0,0.0,0.0,1.0,0.5273437484350438,0.17096340893439776,7.164200832322524,1.0,0.3586341593733901,0.5078124995540266,0.5957031252481282,0.0,0.0,0.0,0.0,0.0,0.30060921304897287,0.5078124995540266,0.5078124995540266,0.0,0,19.333355413997197,/tmp/nussbaum_step15_tailclean_runs/optuna_t0053_r01.csv,,"{""alpha"": 7.1072835468, ""amplitude_deg"": 10.0, ""baudrate"": 1000000.0, ""command_sign"": -1.0, ""control_output_scale"": 1.0, ""current_bias_raw"": 0.0102630007122308, ""current_limit_raw"": 0.0, ""default_mode"": 3.0, ""device"": ""/dev/ttyAMA0"", ""disable_anti_windup"": false, ""disable_freeze_nn_on_saturation"": false, ""disable_freeze_zeta_on_saturation"": false, ""disturb_interval_sec"": 30.0, ""disturb_jitter_sec"": 3.0, ""disturb_mode"": ""mixed"", ""disturb_seed"": -1.0, ""disturbance_placement"": ""mid_move"", ""duration"": 18.0, ""dxl_id"": 6.0, ""enable_disturbance"": false, ""frequency_hz"": 0.05, ""fric_coulomb"": 0.00119478213256824, ""fric_vel_scale"": 0.8792958605272772, ""gamma_adapt"": 8.7187500403, ""gamma_link"": 0.9380478769119394, ""integral_limit"": 1.6504936083, ""k_delta"": 0.08823930445937157, ""max_abs_e_dot"": 1.0, ""max_control"": 0.11204874838571555, ""max_current_raw"": 35.0, ""max_current_slew"": 9.516600067194915, ""mid_disturbance_offset_sec"": 0.0, ""no_set_current_mode"": false, ""predict_horizon_sec"": 0.005591571592293128, ""pulse_current_raw_max"": 12.0, ""pulse_current_raw_min"": 4.0, ""pulse_duration_max"": 0.6, ""pulse_duration_min"": 0.15, ""q_abs_guard_deg"": 35.0, ""qd_lpf_alpha"": 0.3772414381563743, ""rate"": 24.0, ""rbf_center_max"": 3.2, ""rbf_center_min"": -3.2, ""rbf_nodes"": 11.0, ""rbf_width"": 1.4631904539, ""ref_jump_deg_max"": 8.0, ""ref_jump_deg_min"": 2.0, ""ref_jump_duration_max"": 0.6, ""ref_jump_duration_min"": 0.15, ""reference_shape"": ""sine"", ""reset_zeta_after_motion"": false, ""reset_zeta_on_segment"": false, ""restore_mode"": false, ""sigma_mod"": 0.2460708825, ""sine_center_mode"": ""lock"", ""soft_start_sec"": 0.0, ""step_absolute_target_deg"": 125.0, ""step_absolute_target_rad"": null, ""step_delta_deg"": -15.0, ""step_ramp_sec"": 0.8, ""step_segment_sec"": 1.5, ""step_sequence_deg"": """", ""step_shape"": ""smoothstep"", ""step_start_sec"": 0.5, ""tail_err_full_deg"": 0.8, ""tail_err_thresh_deg"": 0.2, ""tail_kd"": 0.2351282917976091, ""tail_kp"": 0.0, ""tail_max_control_boost"": 0.0, ""tail_u_max"": 0.0, ""torque_to_current"": 210.0, ""zeta0"": 0.885692967, ""zeta_leak"": 0.0237735451, ""zeta_reset_delay_sec"": 0.0, ""zeta_reset_value"": null, ""zeta_soft"": 0.989185316}"
54,1,1.0,1000062.227751487,432.0,17.958442,0.6258435326728365,1.2272687483645954,2.8560828046078006,6.364088121085412,1.0922277514870724,0.0,0.021057738095238095,0.1450320368222441,0.9260051099,0.8856929991,0.9260051099,0.04031211079999997,0.002239563493981481,0.016476192625,0.0678304219,0.0,0.0,0.0,1.0,0.6152343741291304,0.5138213946262173,3.9423730194503546,1.0,0.21383351270988987,0.33203124816582336,0.4199218738599249,0.0,0.0,0.0,0.0,0.0,0.170822539196492,0.2441406224717217,0.33203124816582336,0.0,0,19.306103859002178,/tmp/nussbaum_step15_tailclean_runs/optuna_t0054_r01.csv,,"{""alpha"": 7.1072835468, ""amplitude_deg"": 10.0, ""baudrate"": 1000000.0, ""command_sign"": -1.0, ""control_output_scale"": 1.0, ""current_bias_raw"": -0.011677777137503783, ""current_limit_raw"": 0.0, ""default_mode"": 3.0, ""device"": ""/dev/ttyAMA0"", ""disable_anti_windup"": false, ""disable_freeze_nn_on_saturation"": false, ""disable_freeze_zeta_on_saturation"": false, ""disturb_interval_sec"": 30.0, ""disturb_jitter_sec"": 3.0, ""disturb_mode"": ""mixed"", ""disturb_seed"": -1.0, ""disturbance_placement"": ""mid_move"", ""duration"": 18.0, ""dxl_id"": 6.0, ""enable_disturbance"": false, ""frequency_hz"": 0.05, ""fric_coulomb"": 0.0010711328659082566, ""fric_vel_scale"": 0.8527160157502035, ""gamma_adapt"": 8.7187500403, ""gamma_link"": 0.9405553070348021, ""integral_limit"": 1.6504936083, ""k_delta"": 0.08888626841829127, ""max_abs_e_dot"": 1.0, ""max_control"": 0.11118112471345024, ""max_current_raw"": 35.0, ""max_current_slew"": 9.734484033289233, ""mid_disturbance_offset_sec"": 0.0, ""no_set_current_mode"": false, ""predict_horizon_sec"": 0.00644114070129991, ""pulse_current_raw_max"": 12.0, ""pulse_current_raw_min"": 4.0, ""pulse_duration_max"": 0.6, ""pulse_duration_min"": 0.15, ""q_abs_guard_deg"": 35.0, ""qd_lpf_alpha"": 0.3697463087798589, ""rate"": 24.0, ""rbf_center_max"": 3.2, ""rbf_center_min"": -3.2, ""rbf_nodes"": 11.0, ""rbf_width"": 1.4631904539, ""ref_jump_deg_max"": 8.0, ""ref_jump_deg_min"": 2.0, ""ref_jump_duration_max"": 0.6, ""ref_jump_duration_min"": 0.15, ""reference_shape"": ""sine"", ""reset_zeta_after_motion"": false, ""reset_zeta_on_segment"": false, ""restore_mode"": false, ""sigma_mod"": 0.2460708825, ""sine_center_mode"": ""lock"", ""soft_start_sec"": 0.0, ""step_absolute_target_deg"": 125.0, ""step_absolute_target_rad"": null, ""step_delta_deg"": -15.0, ""step_ramp_sec"": 0.8, ""step_segment_sec"": 1.5, ""step_sequence_deg"": """", ""step_shape"": ""smoothstep"", ""step_start_sec"": 0.5, ""tail_err_full_deg"": 0.8, ""tail_err_thresh_deg"": 0.2, ""tail_kd"": 0.22972172761578283, ""tail_kp"": 0.0, ""tail_max_control_boost"": 0.0, ""tail_u_max"": 0.0, ""torque_to_current"": 210.0, ""zeta0"": 0.885692967, ""zeta_leak"": 0.0237735451, ""zeta_reset_delay_sec"": 0.0, ""zeta_reset_value"": null, ""zeta_soft"": 0.989185316}"
55,1,1.0,1000055.2802323072,432.0,17.958442,0.40406306071364706,0.9631231153650304,2.0304566619453595,5.40420953193916,1.0852802323071629,0.0,0.01271243386243386,0.0903802744087611,0.9084392114,0.885692967,0.9084392114,0.02274624439999995,0.0012636802453703704,0.003705090749999993,0.057926942,0.0,0.0,0.0,1.0,0.08789061996453995,0.020319121962186482,3.428562201473154,1.0,0.1495150886609067,0.156250002507198,0.156250002507198,0.0,0.0,0.0,0.0,0.0,0.1475975574906802,0.156250002507198,0.156250002507198,0.0,0,19.302102691999607,/tmp/nussbaum_step15_tailclean_runs/optuna_t0055_r01.csv,,"{""alpha"": 7.1072835468, ""amplitude_deg"": 10.0, ""baudrate"": 1000000.0, ""command_sign"": -1.0, ""control_output_scale"": 1.0, ""current_bias_raw"": 0.03874363042603784, ""current_limit_raw"": 0.0, ""default_mode"": 3.0, ""device"": ""/dev/ttyAMA0"", ""disable_anti_windup"": false, ""disable_freeze_nn_on_saturation"": false, ""disable_freeze_zeta_on_saturation"": false, ""disturb_interval_sec"": 30.0, ""disturb_jitter_sec"": 3.0, ""disturb_mode"": ""mixed"", ""disturb_seed"": -1.0, ""disturbance_placement"": ""mid_move"", ""duration"": 18.0, ""dxl_id"": 6.0, ""enable_disturbance"": false, ""frequency_hz"": 0.05, ""fric_coulomb"": 0.00017328653355830383, ""fric_vel_scale"": 0.9084074041153521, ""gamma_adapt"": 8.7187500403, ""gamma_link"": 0.9398955703924673, ""integral_limit"": 1.6504936083, ""k_delta"": 0.08897662314289884, ""max_abs_e_dot"": 1.0, ""max_control"": 0.1108167769308186, ""max_current_raw"": 35.0, ""max_current_slew"": 9.91859875067474, ""mid_disturbance_offset_sec"": 0.0, ""no_set_current_mode"": false, ""predict_horizon_sec"": 0.007160350396659203, ""pulse_current_raw_max"": 12.0, ""pulse_current_raw_min"": 4.0, ""pulse_duration_max"": 0.6, ""pulse_duration_min"": 0.15, ""q_abs_guard_deg"": 35.0, ""qd_lpf_alpha"": 0.37944221579027027, ""rate"": 24.0, ""rbf_center_max"": 3.2, ""rbf_center_min"": -3.2, ""rbf_nodes"": 11.0, ""rbf_width"": 1.4631904539, ""ref_jump_deg_max"": 8.0, ""ref_jump_deg_min"": 2.0, ""ref_jump_duration_max"": 0.6, ""ref_jump_duration_min"": 0.15, ""reference_shape"": ""sine"", ""reset_zeta_after_motion"": false, ""reset_zeta_on_segment"": false, ""restore_mode"": false, ""sigma_mod"": 0.2460708825, ""sine_center_mode"": ""lock"", ""soft_start_sec"": 0.0, ""step_absolute_target_deg"": 125.0, ""step_absolute_target_rad"": null, ""step_delta_deg"": -15.0, ""step_ramp_sec"": 0.8, ""step_segment_sec"": 1.5, ""step_sequence_deg"": """", ""step_shape"": ""smoothstep"", ""step_start_sec"": 0.5, ""tail_err_full_deg"": 0.8, ""tail_err_thresh_deg"": 0.2, ""tail_kd"": 0.17027643270865697, ""tail_kp"": 0.0, ""tail_max_control_boost"": 0.0, ""tail_u_max"": 0.0, ""torque_to_current"": 210.0, ""zeta0"": 0.885692967, ""zeta_leak"": 0.0237735451, ""zeta_reset_delay_sec"": 0.0, ""zeta_reset_value"": null, ""zeta_soft"": 0.989185316}"
56,1,1.0,1000083.1093765334,432.0,17.958449,0.6997447623383194,1.2555896847668622,2.2374939324701617,6.256672417265759,1.113109376533455,0.0,0.016115939153439153,0.1803659774280459,0.9371940768,0.885692967,0.9371940768,0.0515011098,0.0028611727685185183,0.021122445165,0.0345671462,0.0,0.0,0.0,1.0,2.4960937467941733,0.6048299717823162,2.051281209730786,1.0,0.2370692518706828,0.24414505716505597,0.3320313627573824,0.0,0.0,0.0,0.0,0.0,0.23321121910125187,0.2441406224717217,0.33203124816582336,0.0,0,19.346373988002597,/tmp/nussbaum_step15_tailclean_runs/optuna_t0056_r01.csv,,"{""alpha"": 7.1072835468, ""amplitude_deg"": 10.0, ""baudrate"": 1000000.0, ""command_sign"": -1.0, ""control_output_scale"": 1.0, ""current_bias_raw"": 0.011102922639533625, ""current_limit_raw"": 0.0, ""default_mode"": 3.0, ""device"": ""/dev/ttyAMA0"", ""disable_anti_windup"": false, ""disable_freeze_nn_on_saturation"": false, ""disable_freeze_zeta_on_saturation"": false, ""disturb_interval_sec"": 30.0, ""disturb_jitter_sec"": 3.0, ""disturb_mode"": ""mixed"", ""disturb_seed"": -1.0, ""disturbance_placement"": ""mid_move"", ""duration"": 18.0, ""dxl_id"": 6.0, ""enable_disturbance"": false, ""frequency_hz"": 0.05, ""fric_coulomb"": 0.0011509157990678553, ""fric_vel_scale"": 0.9094871270439975, ""gamma_adapt"": 8.7187500403, ""gamma_link"": 0.9385543735680144, ""integral_limit"": 1.6504936083, ""k_delta"": 0.0893082436249317, ""max_abs_e_dot"": 1.0, ""max_control"": 0.11111906433040049, ""max_current_raw"": 35.0, ""max_current_slew"": 10.00683996965293, ""mid_disturbance_offset_sec"": 0.0, ""no_set_current_mode"": false, ""predict_horizon_sec"": 0.005598621637985192, ""pulse_current_raw_max"": 12.0, ""pulse_current_raw_min"": 4.0, ""pulse_duration_max"": 0.6, ""pulse_duration_min"": 0.15, ""q_abs_guard_deg"": 35.0, ""qd_lpf_alpha"": 0.3668086926416734, ""rate"": 24.0, ""rbf_center_max"": 3.2, ""rbf_center_min"": -3.2, ""rbf_nodes"": 11.0, ""rbf_width"": 1.4631904539, ""ref_jump_deg_max"": 8.0, ""ref_jump_deg_min"": 2.0, ""ref_jump_duration_max"": 0.6, ""ref_jump_duration_min"": 0.15, ""reference_shape"": ""sine"", ""reset_zeta_after_motion"": false, ""reset_zeta_on_segment"": false, ""restore_mode"": false, ""sigma_mod"": 0.2460708825, ""sine_center_mode"": ""lock"", ""soft_start_sec"": 0.0, ""step_absolute_target_deg"": 125.0, ""step_absolute_target_rad"": null, ""step_delta_deg"": -15.0, ""step_ramp_sec"": 0.8, ""step_segment_sec"": 1.5, ""step_sequence_deg"": """", ""step_shape"": ""smoothstep"", ""step_start_sec"": 0.5, ""tail_err_full_deg"": 0.8, ""tail_err_thresh_deg"": 0.2, ""tail_kd"": 0.20635239105347175, ""tail_kp"": 0.0, ""tail_max_control_boost"": 0.0, ""tail_u_max"": 0.0, ""torque_to_current"": 210.0, ""zeta0"": 0.885692967, ""zeta_leak"": 0.0237735451, ""zeta_reset_delay_sec"": 0.0, ""zeta_reset_value"": null, ""zeta_soft"": 0.989185316}"
57,1,1.0,54.51875800635445,432.0,17.958492000000003,0.7160576709304332,1.1594299847203036,2.5794449908839474,5.987114160872352,1.0110509106667902,0.0,0.023040410052910056,0.14680378212241557,0.9275618502,0.885692967,0.9275618502,0.04186888320000004,0.0023260490629629627,0.01961622558,0.0605133466,0.0,0.0,0.0,1.0,0.5097656267339516,0.3784251935113895,2.0291527678448413,1.0,0.4034213350023685,0.5078124995540266,0.5957031252481282,0.0,0.0,0.0,0.0,0.0,0.3645324692151461,0.5078124995540266,0.5957031252481282,0.0,0,19.2929435440019,/tmp/nussbaum_step15_tailclean_runs/optuna_t0057_r01.csv,,"{""alpha"": 7.1072835468, ""amplitude_deg"": 10.0, ""baudrate"": 1000000.0, ""command_sign"": -1.0, ""control_output_scale"": 1.0, ""current_bias_raw"": -0.0032344183482669138, ""current_limit_raw"": 0.0, ""default_mode"": 3.0, ""device"": ""/dev/ttyAMA0"", ""disable_anti_windup"": false, ""disable_freeze_nn_on_saturation"": false, ""disable_freeze_zeta_on_saturation"": false, ""disturb_interval_sec"": 30.0, ""disturb_jitter_sec"": 3.0, ""disturb_mode"": ""mixed"", ""disturb_seed"": -1.0, ""disturbance_placement"": ""mid_move"", ""duration"": 18.0, ""dxl_id"": 6.0, ""enable_disturbance"": false, ""frequency_hz"": 0.05, ""fric_coulomb"": 0.0010269748639655594, ""fric_vel_scale"": 0.8520630303884134, ""gamma_adapt"": 8.7187500403, ""gamma_link"": 0.9394419102804519, ""integral_limit"": 1.6504936083, ""k_delta"": 0.08951587390854751, ""max_abs_e_dot"": 1.0, ""max_control"": 0.11334275374493422, ""max_current_raw"": 35.0, ""max_current_slew"": 10.106025020672472, ""mid_disturbance_offset_sec"": 0.0, ""no_set_current_mode"": false, ""predict_horizon_sec"": 0.005574846886286502, ""pulse_current_raw_max"": 12.0, ""pulse_current_raw_min"": 4.0, ""pulse_duration_max"": 0.6, ""pulse_duration_min"": 0.15, ""q_abs_guard_deg"": 35.0, ""qd_lpf_alpha"": 0.3630957166226943, ""rate"": 24.0, ""rbf_center_max"": 3.2, ""rbf_center_min"": -3.2, ""rbf_nodes"": 11.0, ""rbf_width"": 1.4631904539, ""ref_jump_deg_max"": 8.0, ""ref_jump_deg_min"": 2.0, ""ref_jump_duration_max"": 0.6, ""ref_jump_duration_min"": 0.15, ""reference_shape"": ""sine"", ""reset_zeta_after_motion"": false, ""reset_zeta_on_segment"": false, ""restore_mode"": false, ""sigma_mod"": 0.2460708825, ""sine_center_mode"": ""lock"", ""soft_start_sec"": 0.0, ""step_absolute_target_deg"": 125.0, ""step_absolute_target_rad"": null, ""step_delta_deg"": -15.0, ""step_ramp_sec"": 0.8, ""step_segment_sec"": 1.5, ""step_sequence_deg"": """", ""step_shape"": ""smoothstep"", ""step_start_sec"": 0.5, ""tail_err_full_deg"": 0.8, ""tail_err_thresh_deg"": 0.2, ""tail_kd"": 0.2243888069691118, ""tail_kp"": 0.0, ""tail_max_control_boost"": 0.0, ""tail_u_max"": 0.0, ""torque_to_current"": 210.0, ""zeta0"": 0.885692967, ""zeta_leak"": 0.0237735451, ""zeta_reset_delay_sec"": 0.0, ""zeta_reset_value"": null, ""zeta_soft"": 0.989185316}"
58,1,1.0,1000074.1089887355,432.0,17.958442,0.3261174327972276,1.0183899549160065,1.6555998128709448,6.008371519595703,0.8958910112644869,0.0,0.007330224867724867,0.09303858141466512,0.9091152461,0.885692967,0.9091152461,0.023422279100000054,0.001301237728240741,0.007911554939999992,0.0584725719,0.0,0.0,0.0,1.0,0.0,0.013853781280750757,1.351004471824802,1.0,0.020840815530524952,0.019531248881005263,0.06835937681309637,0.0,0.0,0.0,0.0,0.0,0.02104922177008582,0.019531248881005263,0.06835937681309637,0.0,0,19.31836202499835,/tmp/nussbaum_step15_tailclean_runs/optuna_t0058_r01.csv,,"{""alpha"": 7.1072835468, ""amplitude_deg"": 10.0, ""baudrate"": 1000000.0, ""command_sign"": -1.0, ""control_output_scale"": 1.0, ""current_bias_raw"": 0.011174216008999791, ""current_limit_raw"": 0.0, ""default_mode"": 3.0, ""device"": ""/dev/ttyAMA0"", ""disable_anti_windup"": false, ""disable_freeze_nn_on_saturation"": false, ""disable_freeze_zeta_on_saturation"": false, ""disturb_interval_sec"": 30.0, ""disturb_jitter_sec"": 3.0, ""disturb_mode"": ""mixed"", ""disturb_seed"": -1.0, ""disturbance_placement"": ""mid_move"", ""duration"": 18.0, ""dxl_id"": 6.0, ""enable_disturbance"": false, ""frequency_hz"": 0.05, ""fric_coulomb"": 0.0009432560974483114, ""fric_vel_scale"": 0.8221950526231638, ""gamma_adapt"": 8.7187500403, ""gamma_link"": 0.9405676128551472, ""integral_limit"": 1.6504936083, ""k_delta"": 0.08968102012916183, ""max_abs_e_dot"": 1.0, ""max_control"": 0.10964460606796596, ""max_current_raw"": 35.0, ""max_current_slew"": 9.963200175965499, ""mid_disturbance_offset_sec"": 0.0, ""no_set_current_mode"": false, ""predict_horizon_sec"": 0.005944265902523968, ""pulse_current_raw_max"": 12.0, ""pulse_current_raw_min"": 4.0, ""pulse_duration_max"": 0.6, ""pulse_duration_min"": 0.15, ""q_abs_guard_deg"": 35.0, ""qd_lpf_alpha"": 0.36173288651752944, ""rate"": 24.0, ""rbf_center_max"": 3.2, ""rbf_center_min"": -3.2, ""rbf_nodes"": 11.0, ""rbf_width"": 1.4631904539, ""ref_jump_deg_max"": 8.0, ""ref_jump_deg_min"": 2.0, ""ref_jump_duration_max"": 0.6, ""ref_jump_duration_min"": 0.15, ""reference_shape"": ""sine"", ""reset_zeta_after_motion"": false, ""reset_zeta_on_segment"": false, ""restore_mode"": false, ""sigma_mod"": 0.2460708825, ""sine_center_mode"": ""lock"", ""soft_start_sec"": 0.0, ""step_absolute_target_deg"": 125.0, ""step_absolute_target_rad"": null, ""step_delta_deg"": -15.0, ""step_ramp_sec"": 0.8, ""step_segment_sec"": 1.5, ""step_sequence_deg"": """", ""step_shape"": ""smoothstep"", ""step_start_sec"": 0.5, ""tail_err_full_deg"": 0.8, ""tail_err_thresh_deg"": 0.2, ""tail_kd"": 0.22386912627727448, ""tail_kp"": 0.0, ""tail_max_control_boost"": 0.0, ""tail_u_max"": 0.0, ""torque_to_current"": 210.0, ""zeta0"": 0.885692967, ""zeta_leak"": 0.0237735451, ""zeta_reset_delay_sec"": 0.0, ""zeta_reset_value"": null, ""zeta_soft"": 0.989185316}"
59,1,1.0,1000017.1943125337,432.0,17.958471000000003,0.745250731448173,1.2267737624627142,2.371800098903887,6.2713057593534,1.0471943125336896,0.0,0.018667460317460312,0.18419892529368184,0.948754683,0.8856929993,0.948754683,0.06306168369999998,0.003503428668981481,0.023194299834999994,0.0778601012,0.0,0.0,0.0,1.0,2.4082031268296475,0.6496363961133841,2.5664755312916485,1.0,0.33445215354419366,0.4199656936720966,0.5082222846986821,0.0,0.0,0.0,0.0,0.0,0.30379695532636963,0.4199218738599249,0.5078124995540266,0.0,0,19.330026006999105,/tmp/nussbaum_step15_tailclean_runs/optuna_t0059_r01.csv,,"{""alpha"": 7.1072835468, ""amplitude_deg"": 10.0, ""baudrate"": 1000000.0, ""command_sign"": -1.0, ""control_output_scale"": 1.0, ""current_bias_raw"": -0.00013156575063904804, ""current_limit_raw"": 0.0, ""default_mode"": 3.0, ""device"": ""/dev/ttyAMA0"", ""disable_anti_windup"": false, ""disable_freeze_nn_on_saturation"": false, ""disable_freeze_zeta_on_saturation"": false, ""disturb_interval_sec"": 30.0, ""disturb_jitter_sec"": 3.0, ""disturb_mode"": ""mixed"", ""disturb_seed"": -1.0, ""disturbance_placement"": ""mid_move"", ""duration"": 18.0, ""dxl_id"": 6.0, ""enable_disturbance"": false, ""frequency_hz"": 0.05, ""fric_coulomb"": 0.0011449422727162484, ""fric_vel_scale"": 0.8438716786702238, ""gamma_adapt"": 8.7187500403, ""gamma_link"": 0.9384740050421505, ""integral_limit"": 1.6504936083, ""k_delta"": 0.08992716579029629, ""max_abs_e_dot"": 1.0, ""max_control"": 0.11310502832601257, ""max_current_raw"": 35.0, ""max_current_slew"": 10.041226477144193, ""mid_disturbance_offset_sec"": 0.0, ""no_set_current_mode"": false, ""predict_horizon_sec"": 0.005558372410894893, ""pulse_current_raw_max"": 12.0, ""pulse_current_raw_min"": 4.0, ""pulse_duration_max"": 0.6, ""pulse_duration_min"": 0.15, ""q_abs_guard_deg"": 35.0, ""qd_lpf_alpha"": 0.3605223143652849, ""rate"": 24.0, ""rbf_center_max"": 3.2, ""rbf_center_min"": -3.2, ""rbf_nodes"": 11.0, ""rbf_width"": 1.4631904539, ""ref_jump_deg_max"": 8.0, ""ref_jump_deg_min"": 2.0, ""ref_jump_duration_max"": 0.6, ""ref_jump_duration_min"": 0.15, ""reference_shape"": ""sine"", ""reset_zeta_after_motion"": false, ""reset_zeta_on_segment"": false, ""restore_mode"": false, ""sigma_mod"": 0.2460708825, ""sine_center_mode"": ""lock"", ""soft_start_sec"": 0.0, ""step_absolute_target_deg"": 125.0, ""step_absolute_target_rad"": null, ""step_delta_deg"": -15.0, ""step_ramp_sec"": 0.8, ""step_segment_sec"": 1.5, ""step_sequence_deg"": """", ""step_shape"": ""smoothstep"", ""step_start_sec"": 0.5, ""tail_err_full_deg"": 0.8, ""tail_err_thresh_deg"": 0.2, ""tail_kd"": 0.20293408471083868, ""tail_kp"": 0.0, ""tail_max_control_boost"": 0.0, ""tail_u_max"": 0.0, ""torque_to_current"": 210.0, ""zeta0"": 0.885692967, ""zeta_leak"": 0.0237735451, ""zeta_reset_delay_sec"": 0.0, ""zeta_reset_value"": null, ""zeta_soft"": 0.989185316}"
